{
"type": "FeatureCollection",
"name": "URL_Eventos",
"crs": { "type": "name", "properties": { "name": "urn:ogc:def:crs:OGC:1.3:CRS84" } },
"features": [
{ "type": "Feature", "properties": { "FECHA": "7/07/2025 00:00:00 (UTC)", "DEPTO": "(CUNDINAMARCA)", "MUNICIPIO": "PARATEBUENO", "VEREDA": "SANTA CECILIA", "GASODUCTO": "(CUSIANA - APIAY - USME)", "TRAMO": "PK65 - Apiay", "TP_DUCTO": "(Troncal)", "DISTRITO": "4", "DIAMETRO": "10\"", "TRM_REG": "(CUSIANA - APIAY)", "PK": "111+009", "TP_EVENTO": "(SOCAVACIÓN LATERAL)", "LONG_EVENT": 0.0, "OBSERVACIO": " ", "PROFUNDIDA": 1.09, "COD_ID": "HALL-1", "ENTREGA": "E24_R1", "LATITUD": 4.3492408330000671, "LONGITUD": -73.310378582999988, "IMAGEN_1": "C001_IMG_20250707_085902.jpg", "IMAGEN_2": "C001_IMG_20250707_085946.jpg", "IMAGEN_3": "C001_IMG_20250707_090023.jpg", "VISUALIZAR_IMAGEN_1": "https://drive.google.com/uc?export=view&id=14b5eqBr6f1Lqg5zf9yFhSHhHeV9d7kkf", "VISUALIZAR_IMAGEN_2": "https://drive.google.com/uc?export=view&id=1PQgzSFqeEF0U4J6lMVlxcA9ZHGsJOqer", "VISUALIZAR_IMAGEN_3": "https://drive.google.com/uc?export=view&id=155BlrBHo5Di8ojdMo2ljCA4-uLa7e9Mr" }, "geometry": { "type": "Point", "coordinates": [ -73.310378582999988, 4.349240833000067, 317.372000000003027 ] } },
{ "type": "Feature", "properties": { "FECHA": "7/07/2025 00:00:00 (UTC)", "DEPTO": "(CUNDINAMARCA)", "MUNICIPIO": "PARATEBUENO", "VEREDA": "SANTA CECILIA", "GASODUCTO": "(CUSIANA - APIAY - USME)", "TRAMO": "PK65 - Apiay", "TP_DUCTO": "(Troncal)", "DISTRITO": "4", "DIAMETRO": "10\"", "TRM_REG": "(CUSIANA - APIAY)", "PK": "114+878", "TP_EVENTO": "OTRO", "LONG_EVENT": 0.0, "OBSERVACIO": " ", "PROFUNDIDA": 1.83, "COD_ID": "HALL-2", "ENTREGA": "E24_R1", "LATITUD": 4.340370000000064, "LONGITUD": -73.342152, "IMAGEN_1": "C001_IMG_20250707_121904.jpg", "IMAGEN_2": "C001_IMG_20250707_121942.jpg", "IMAGEN_3": "C001_IMG_20250707_121946.jpg", "VISUALIZAR_IMAGEN_1": "https://drive.google.com/uc?export=view&id=1355Kjtj7QsKYjX2WHsCE827Ol5he0UDP", "VISUALIZAR_IMAGEN_2": "https://drive.google.com/uc?export=view&id=1qeTzsJhcT3EKfHRlZZK5APUoyhIsPex6", "VISUALIZAR_IMAGEN_3": "https://drive.google.com/uc?export=view&id=143Pd0XQcJt55oIpAqa-nbvMGEX_NgRno" }, "geometry": { "type": "Point", "coordinates": [ -73.342152, 4.34037, 397.137900000001537 ] } },
{ "type": "Feature", "properties": { "FECHA": "2/06/2025 00:00:00 (UTC)", "DEPTO": "(TOLIMA)", "MUNICIPIO": "VENADILLO", "VEREDA": "LA CUBANA", "GASODUCTO": "(CENTRO - ORIENTE)", "TRAMO": "Mariquita - Gualanday", "TP_DUCTO": "(Troncal)", "DISTRITO": "2", "DIAMETRO": "6\"", "TRM_REG": "(MARIQUITA - GUALANDAY)", "PK": "357+136", "TP_EVENTO": "SOCAVACIÓN LATERAL", "LONG_EVENT": null, "OBSERVACIO": "", "PROFUNDIDA": 1.4, "COD_ID": "HALL-1", "ENTREGA": "E15_R1", "LATITUD": 4.7149598330000231, "LONGITUD": -74.935924166999939, "IMAGEN_1": "C001_IMG_20250602_074912.jpg", "IMAGEN_2": "C001_IMG_20250602_074844.jpg", "IMAGEN_3": "C001_IMG_20250602_074831.jpg", "VISUALIZAR_IMAGEN_1": "https://drive.google.com/uc?export=view&id=1z0Gax-viKKvrlh9BgfM-Luo58yweB5Vc", "VISUALIZAR_IMAGEN_2": "https://drive.google.com/uc?export=view&id=1PZhGZZmfnuBf1qmX_l7_UDb9Im_EJ6dY", "VISUALIZAR_IMAGEN_3": "https://drive.google.com/uc?export=view&id=1HO_haVu_J7SgDi9pMPU0KopP7X_hDmJO" }, "geometry": { "type": "Point", "coordinates": [ -74.935924166999939, 4.714959833000023, 356.25 ] } },
{ "type": "Feature", "properties": { "FECHA": "7/06/2025 00:00:00 (UTC)", "DEPTO": "(VALLE DEL CAUCA)", "MUNICIPIO": "PRADERA", "VEREDA": "BOLO HARTONAL", "GASODUCTO": "(MARIQUITA - CALI)", "TRAMO": "Pradera", "TP_DUCTO": "(Ramal)", "DISTRITO": "8", "DIAMETRO": "6\"", "TRM_REG": "(ARMENIA - CALI)", "PK": "034+932", "TP_EVENTO": "(SOCAVACIÓN LATERAL)", "LONG_EVENT": null, "OBSERVACIO": "", "PROFUNDIDA": 2.3, "COD_ID": "HALL-1", "ENTREGA": "E17_R1_P2", "LATITUD": 3.4310608330000605, "LONGITUD": -76.257971082999973, "IMAGEN_1": "C002_IMG_20250607_090917.jpg", "IMAGEN_2": "C002_IMG_20250607_090923.jpg", "IMAGEN_3": "C002_IMG_20250607_090928.jpg", "VISUALIZAR_IMAGEN_1": "https://drive.google.com/uc?export=view&id=15BZnmTGedtcsywo8w5mVeiS19P91je2O", "VISUALIZAR_IMAGEN_2": "https://drive.google.com/uc?export=view&id=1MhXiTrybIn4KADRSFFPxE_G2S1JlRd_H", "VISUALIZAR_IMAGEN_3": "https://drive.google.com/uc?export=view&id=198undXmUv71ZaANHfS2m9pH1Baz95aim" }, "geometry": { "type": "Point", "coordinates": [ -76.257971082999973, 3.43106083300006, 1055.80000000000291 ] } },
{ "type": "Feature", "properties": { "FECHA": "28/05/2025 00:00:00 (UTC)", "DEPTO": "(VALLE DEL CAUCA)", "MUNICIPIO": "GINEBRA", "VEREDA": "ZABALETAS", "GASODUCTO": "(MARIQUITA - CALI)", "TRAMO": "Ginebra", "TP_DUCTO": "(Ramal)", "DISTRITO": "8", "DIAMETRO": "2\"", "TRM_REG": "(ARMENIA - CALI)", "PK": "007+644", "TP_EVENTO": "(OTRO)", "LONG_EVENT": null, "OBSERVACIO": "", "PROFUNDIDA": 0.5, "COD_ID": "HALL-2", "ENTREGA": "E17_R1_P1", "LATITUD": 3.7119168330000321, "LONGITUD": -76.279115582999964, "IMAGEN_1": "C002_IMG_20250528_094210.jpg", "IMAGEN_2": "C002_IMG_20250528_094216.jpg", "IMAGEN_3": "C002_IMG_20250528_094220.jpg", "VISUALIZAR_IMAGEN_1": "https://drive.google.com/uc?export=view&id=1DYfnwXRtG3Ka4T2_1G0t4J6dbq_HdyIm", "VISUALIZAR_IMAGEN_2": "https://drive.google.com/uc?export=view&id=1p2yWctB_6mvq5B8Sfz8uKqhmD1pkhZXM", "VISUALIZAR_IMAGEN_3": "https://drive.google.com/uc?export=view&id=14H0dCrGrwnEohr4qJQfrlP-kEWoUJcTQ" }, "geometry": { "type": "Point", "coordinates": [ -76.279115582999964, 3.711916833000032, 1035.600000000005821 ] } },
{ "type": "Feature", "properties": { "FECHA": "2/06/2025 00:00:00 (UTC)", "DEPTO": "(TOLIMA)", "MUNICIPIO": "GUAMO", "VEREDA": "PRINGAMOSAL CENTRO", "GASODUCTO": "(CENTRO - ORIENTE)", "TRAMO": "Gualanday - Guasimal", "TP_DUCTO": "(Troncal)", "DISTRITO": "2", "DIAMETRO": "12\"", "TRM_REG": "(GUALANDAY - NEIVA)", "PK": "445+874", "TP_EVENTO": "(CARCAVAS)", "LONG_EVENT": null, "OBSERVACIO": "", "PROFUNDIDA": 3.2, "COD_ID": "HALL-1", "ENTREGA": "E18_R1", "LATITUD": 4.0316101670000535, "LONGITUD": -74.981908332999978, "IMAGEN_1": "C004_IMG_20250602_072054.jpg", "IMAGEN_2": "C004_IMG_20250602_072105.jpg", "IMAGEN_3": "C004_IMG_20250602_072110.jpg", "VISUALIZAR_IMAGEN_1": "https://drive.google.com/uc?export=view&id=1KHUcTxpdeUOxNcBS00pth4dPJac_1Yjx", "VISUALIZAR_IMAGEN_2": "https://drive.google.com/uc?export=view&id=1yxl6L6YC4XAv0ClsXQHpi34WvXHbDsAW", "VISUALIZAR_IMAGEN_3": "https://drive.google.com/uc?export=view&id=1g_mhbQzLyS1lDA9hTBj2HR_fpNgshsig" }, "geometry": { "type": "Point", "coordinates": [ -74.981908332999978, 4.031610167000053, 335.649999999994179 ] } },
{ "type": "Feature", "properties": { "FECHA": "7/06/2025 00:00:00 (UTC)", "DEPTO": "(TOLIMA)", "MUNICIPIO": "SAN LUIS", "VEREDA": "LOS CIRUELOS", "GASODUCTO": "(CENTRO - ORIENTE)", "TRAMO": "San Luis", "TP_DUCTO": "(Ramal)", "DISTRITO": "2", "DIAMETRO": "2\"", "TRM_REG": "MONTANUELO - GUALANDAY", "PK": "000+254", "TP_EVENTO": "OTRO", "LONG_EVENT": null, "OBSERVACIO": "Excavacion mecanica a un costado del DDV", "PROFUNDIDA": 1.71, "COD_ID": "HALL-1", "ENTREGA": "E19_R1", "LATITUD": 4.1234022630000595, "LONGITUD": -75.090649181999936, "IMAGEN_1": "C003_IMG_20250607_111103.jpg", "IMAGEN_2": "C003_IMG_20250607_111110.jpg", "IMAGEN_3": "C003_IMG_20250607_111116.jpg", "VISUALIZAR_IMAGEN_1": "https://drive.google.com/uc?export=view&id=1w1wGhlJFjwzC5QCaF3Cm-XvsnvrhUtIR", "VISUALIZAR_IMAGEN_2": "https://drive.google.com/uc?export=view&id=1LIhhzmtro9Bn6HxCxnAEqGsu4vDOJFjw", "VISUALIZAR_IMAGEN_3": "https://drive.google.com/uc?export=view&id=1HwctViE9OnHh-LILpf1cs0T5Ai8c4D4J" }, "geometry": { "type": "Point", "coordinates": [ -75.090649181999936, 4.12340226300006, 482.936600000000908 ] } },
{ "type": "Feature", "properties": { "FECHA": "4/06/2025 00:00:00 (UTC)", "DEPTO": "(TOLIMA)", "MUNICIPIO": "GUAMO", "VEREDA": "LAS MERCEDES", "GASODUCTO": "CENTRO - ORIENTE", "TRAMO": "Montañuelo - Gualanday", "TP_DUCTO": "Ramal Remitente", "DISTRITO": "2", "DIAMETRO": "6\"", "TRM_REG": "MONTANUELO - GUALANDAY", "PK": "025+069", "TP_EVENTO": "SOCAVACIÓN LATERAL", "LONG_EVENT": null, "OBSERVACIO": "Existe socavación lateral en la margen final del caño", "PROFUNDIDA": 0.7, "COD_ID": "HALL-2", "ENTREGA": "E19_R1", "LATITUD": 4.206272082000055, "LONGITUD": -75.016370830999961, "IMAGEN_1": "C003_IMG_20250604_085524.jpg", "IMAGEN_2": "C003_IMG_20250604_085550.jpg", "IMAGEN_3": "C003_IMG_20250604_085555.jpg", "VISUALIZAR_IMAGEN_1": "https://drive.google.com/uc?export=view&id=1UCo0B_6vQAPtH0WW2rZrilfqn-uUiaqh", "VISUALIZAR_IMAGEN_2": "https://drive.google.com/uc?export=view&id=1HjSzjUlymMPV46t8YzP-W2xwBwkqhn4j", "VISUALIZAR_IMAGEN_3": "https://drive.google.com/uc?export=view&id=1fBOzioj9nn3mtSV0Fsqp5sW7JOVU1uDp" }, "geometry": { "type": "Point", "coordinates": [ -75.016370830999961, 4.206272082000055, 407.966700000004494 ] } },
{ "type": "Feature", "properties": { "FECHA": "4/06/2025 00:00:00 (UTC)", "DEPTO": "(TOLIMA)", "MUNICIPIO": "GUAMO", "VEREDA": "LAS MERCEDES", "GASODUCTO": "CENTRO - ORIENTE", "TRAMO": "Montañuelo - Gualanday", "TP_DUCTO": "Ramal Remitente", "DISTRITO": "2", "DIAMETRO": "6\"", "TRM_REG": "MONTANUELO - GUALANDAY", "PK": "026+241", "TP_EVENTO": "SOCAVACIÓN LATERAL", "LONG_EVENT": null, "OBSERVACIO": "Socavación lateral en ambos margenes y muro ssc deteriorado", "PROFUNDIDA": 1.35, "COD_ID": "HALL-3", "ENTREGA": "E19_R1", "LATITUD": 4.2150526170000262, "LONGITUD": -75.010538289999943, "IMAGEN_1": "C003_IMG_20250604_075440.jpg", "IMAGEN_2": "C003_IMG_20250604_075445.jpg", "IMAGEN_3": "C003_IMG_20250604_075450.jpg", "VISUALIZAR_IMAGEN_1": "https://drive.google.com/uc?export=view&id=1B8yFYjb2UrHXLwuY2OzaSDVSFpl97Zqp", "VISUALIZAR_IMAGEN_2": "https://drive.google.com/uc?export=view&id=1jtXpNmy8GVLiqj7v-IP4Bh92bq_juNEO", "VISUALIZAR_IMAGEN_3": "https://drive.google.com/uc?export=view&id=1wJfZIuIJYdWza_Nd75i6Qm9GSfmTWO8x" }, "geometry": { "type": "Point", "coordinates": [ -75.010538289999943, 4.215052617000026, 418.80000000000291 ] } },
{ "type": "Feature", "properties": { "FECHA": "7/06/2025 00:00:00 (UTC)", "DEPTO": "(TOLIMA)", "MUNICIPIO": "PURIFICACIÓN", "VEREDA": "BAURA", "GASODUCTO": "(CENTRO - ORIENTE)", "TRAMO": "Purificacion", "TP_DUCTO": "(Ramal)", "DISTRITO": "2", "DIAMETRO": "2\"", "TRM_REG": "(GUALANDAY - NEIVA)", "PK": "001+351", "TP_EVENTO": "(SOCAVACIÓN LATERAL)", "LONG_EVENT": null, "OBSERVACIO": null, "PROFUNDIDA": 3.4, "COD_ID": "HALLAZ", "ENTREGA": "E20_R1", "LATITUD": 3.8779449170000362, "LONGITUD": -74.932346166999935, "IMAGEN_1": "C004_IMG_20250607_085157.jpg", "IMAGEN_2": "C004_IMG_20250607_085212.jpg", "IMAGEN_3": "C004_IMG_20250607_085227.jpg", "VISUALIZAR_IMAGEN_1": "https://drive.google.com/uc?export=view&id=1RE6xJF3Qyz0RK7eCJzIPYB84JUTeJ1TD", "VISUALIZAR_IMAGEN_2": "https://drive.google.com/uc?export=view&id=1a6ejbQ0pwljrTJRVXmvwPct1uO_NXBoL", "VISUALIZAR_IMAGEN_3": "https://drive.google.com/uc?export=view&id=1vX2Zn3a0WAH6AgXamBi6F8zsiDGZnVX2" }, "geometry": { "type": "Point", "coordinates": [ -74.932346166999935, 3.877944917000036, 310.94999999999709 ] } },
{ "type": "Feature", "properties": { "FECHA": "8/06/2025 00:00:00 (UTC)", "DEPTO": "(TOLIMA)", "MUNICIPIO": "SALDAÑA", "VEREDA": "JABALCÓN", "GASODUCTO": "(CENTRO - ORIENTE)", "TRAMO": "Gualanday - Guasimal", "TP_DUCTO": "(Troncal)", "DISTRITO": "2", "DIAMETRO": "12\"", "TRM_REG": "(GUALANDAY - NEIVA)", "PK": "469+820", "TP_EVENTO": "(OTRO)", "LONG_EVENT": null, "OBSERVACIO": null, "PROFUNDIDA": 1.8, "COD_ID": "HALLAZ", "ENTREGA": "E20_R1", "LATITUD": 3.8546758330000443, "LONGITUD": -75.054643582999972, "IMAGEN_1": "C004_IMG_20250608_084124.jpg", "IMAGEN_2": "C004_IMG_20250608_084137.jpg", "IMAGEN_3": "C004_IMG_20250608_084142.jpg", "VISUALIZAR_IMAGEN_1": "https://drive.google.com/uc?export=view&id=1LiNbPHN9GrAwmRpMO9z3yH9PjSLQS8Jd", "VISUALIZAR_IMAGEN_2": "https://drive.google.com/uc?export=view&id=1BRxS7sl6esLfpinO5JrvgyEp_rf-y4u9", "VISUALIZAR_IMAGEN_3": "https://drive.google.com/uc?export=view&id=1o5Pc2ttOEtb4Qc0GJqoXg5mqqhKd-QiC" }, "geometry": { "type": "Point", "coordinates": [ -75.054643582999972, 3.854675833000044, 346.399999999994179 ] } },
{ "type": "Feature", "properties": { "FECHA": "30/06/2025 00:00:00 (UTC)", "DEPTO": "(HUILA)", "MUNICIPIO": "AIPE", "VEREDA": "DINDAL", "GASODUCTO": "(CENTRO - ORIENTE)", "TRAMO": "Guasimal - Dina", "TP_DUCTO": "(Troncal)", "DISTRITO": "2", "DIAMETRO": "12\"", "TRM_REG": "(GUALANDAY - NEIVA)", "PK": "556+221", "TP_EVENTO": "(DESLIZAMIENTO TRASLACIONAL)", "LONG_EVENT": null, "OBSERVACIO": null, "PROFUNDIDA": 1.57, "COD_ID": "HALL-1", "ENTREGA": "E21_R1", "LATITUD": 3.1483179170000426, "LONGITUD": -75.278859749999981, "IMAGEN_1": "C002_IMG_20250630_080514.jpg", "IMAGEN_2": "C002_IMG_20250630_080526.jpg", "IMAGEN_3": "C002_IMG_20250630_080530.jpg", "VISUALIZAR_IMAGEN_1": "https://drive.google.com/uc?export=view&id=1zcYQdSheZ2QG9veNINu__D1iatkEbTUD", "VISUALIZAR_IMAGEN_2": "https://drive.google.com/uc?export=view&id=1oSY09m-vdWqtdGYLrr-8hgyMttajWw-M", "VISUALIZAR_IMAGEN_3": "https://drive.google.com/uc?export=view&id=1O_XY-vr_5mdQg8NJ5OITErWTDQNpkxHE" }, "geometry": { "type": "Point", "coordinates": [ -75.278859749999981, 3.148317917000043, 409.80000000000291 ] } },
{ "type": "Feature", "properties": { "FECHA": "2/07/2025 00:00:00 (UTC)", "DEPTO": "(HUILA)", "MUNICIPIO": "NEIVA", "VEREDA": "GUACIRCO - SAN JORGE", "GASODUCTO": "(CENTRO - ORIENTE)", "TRAMO": "Dina - Tello", "TP_DUCTO": "(Troncal)", "DISTRITO": "2", "DIAMETRO": "6\"", "TRM_REG": "(GUALANDAY - NEIVA)", "PK": "002+172", "TP_EVENTO": "(SURCOS)", "LONG_EVENT": null, "OBSERVACIO": null, "PROFUNDIDA": 1.46, "COD_ID": "HALL-2", "ENTREGA": "E21_R1", "LATITUD": 3.0624014170000464, "LONGITUD": -75.2826455, "IMAGEN_1": "C002_IMG_20250702_081050.jpg", "IMAGEN_2": "C002_IMG_20250702_081055.jpg", "IMAGEN_3": "C002_IMG_20250702_081100.jpg", "VISUALIZAR_IMAGEN_1": "https://drive.google.com/uc?export=view&id=1qQPByiqV_XQdS5mqe8ITxQu5hiLjBTx8", "VISUALIZAR_IMAGEN_2": "https://drive.google.com/uc?export=view&id=1yUp66cNg7RgKEhAcPC47DadlFC2w8Onn", "VISUALIZAR_IMAGEN_3": "https://drive.google.com/uc?export=view&id=1rnYeiQDlHW6rLaFZVBh4YGP--rYtGetE" }, "geometry": { "type": "Point", "coordinates": [ -75.282645499999944, 3.062401417000046, 458.100000000005821 ] } },
{ "type": "Feature", "properties": { "FECHA": "2/07/2025 00:00:00 (UTC)", "DEPTO": "(HUILA)", "MUNICIPIO": "NEIVA", "VEREDA": "SAN ANDRES DE BUSIRACO", "GASODUCTO": "(CENTRO - ORIENTE)", "TRAMO": "Dina - Tello", "TP_DUCTO": "(Troncal)", "DISTRITO": "2", "DIAMETRO": "6\"", "TRM_REG": "(GUALANDAY - NEIVA)", "PK": "003+956", "TP_EVENTO": "(SOCAVACIÓN DE FONDO)", "LONG_EVENT": null, "OBSERVACIO": null, "PROFUNDIDA": 0.0, "COD_ID": "HALL-3", "ENTREGA": "E21_R1", "LATITUD": 3.0481840830000237, "LONGITUD": -75.281095166999989, "IMAGEN_1": "C002_IMG_20250702_091201.jpg", "IMAGEN_2": "C002_IMG_20250702_091224.jpg", "IMAGEN_3": "C002_IMG_20250702_091228.jpg", "VISUALIZAR_IMAGEN_1": "https://drive.google.com/uc?export=view&id=1iMspBxcKSZwYQiQSRWwQnSUimXT6CdCX", "VISUALIZAR_IMAGEN_2": "https://drive.google.com/uc?export=view&id=1-0yURSK7bJQjaZZ-HK43dLFRvjE1hsDb", "VISUALIZAR_IMAGEN_3": "https://drive.google.com/uc?export=view&id=1MVxRBdK7DrIEtBLjXPMLac2rvERF30Gi" }, "geometry": { "type": "Point", "coordinates": [ -75.281095166999989, 3.048184083000024, 464.05000000000291 ] } },
{ "type": "Feature", "properties": { "FECHA": "5/07/2025 00:00:00 (UTC)", "DEPTO": "(HUILA)", "MUNICIPIO": "NEIVA", "VEREDA": "VENADO", "GASODUCTO": "(CENTRO - ORIENTE)", "TRAMO": "Dina - Tello", "TP_DUCTO": "(Troncal)", "DISTRITO": "2", "DIAMETRO": "6\"", "TRM_REG": "(GUALANDAY - NEIVA)", "PK": "014+036", "TP_EVENTO": "(CARCAVAS)", "LONG_EVENT": null, "OBSERVACIO": null, "PROFUNDIDA": 1.5, "COD_ID": "HALL-4", "ENTREGA": "E21_R1", "LATITUD": 2.9801624170000309, "LONGITUD": -75.259030166999935, "IMAGEN_1": "C002_IMG_20250705_091422.jpg", "IMAGEN_2": "C002_IMG_20250705_091432.jpg", "IMAGEN_3": "C002_IMG_20250705_091442.jpg", "VISUALIZAR_IMAGEN_1": "https://drive.google.com/uc?export=view&id=19BgVId4BlgSAH3mRR-YpqYOcBPRtFTog", "VISUALIZAR_IMAGEN_2": "https://drive.google.com/uc?export=view&id=1kBoxqPu1TXF9PSRQBHZZcSof9EYw8O5t", "VISUALIZAR_IMAGEN_3": "https://drive.google.com/uc?export=view&id=1mCb9g0ujjPM1IUzCGk00SbnK3bDdqWZf" }, "geometry": { "type": "Point", "coordinates": [ -75.259030166999935, 2.980162417000031, 473.600000000005821 ] } },
{ "type": "Feature", "properties": { "FECHA": "11/06/2025 00:00:00 (UTC)", "DEPTO": "(TOLIMA)", "MUNICIPIO": "NATAGAIMA", "VEREDA": "GUASIMAL MESAS", "GASODUCTO": "(CENTRO - ORIENTE)", "TRAMO": "Gualanday - Guasimal", "TP_DUCTO": "(Troncal)", "DISTRITO": "2", "DIAMETRO": "12\"", "TRM_REG": "(GUALANDAY - NEIVA)", "PK": "502+361", "TP_EVENTO": "(SURCOS)", "LONG_EVENT": null, "OBSERVACIO": null, "PROFUNDIDA": 1.1, "COD_ID": "HALL-5", "ENTREGA": "E21_R1", "LATITUD": 3.5748611670000514, "LONGITUD": -75.124167332999946, "IMAGEN_1": "C002_IMG_20250611_083216.jpg", "IMAGEN_2": "C002_IMG_20250611_083224.jpg", "IMAGEN_3": "C002_IMG_20250611_083227.jpg", "VISUALIZAR_IMAGEN_1": "https://drive.google.com/uc?export=view&id=1YiH7IK3Fwwe0X5DcesUxSxygxDV0cZzx", "VISUALIZAR_IMAGEN_2": "https://drive.google.com/uc?export=view&id=1Y8falaEVbkDqMBlS6UP_v4xjlqPiGalm", "VISUALIZAR_IMAGEN_3": "https://drive.google.com/uc?export=view&id=17H_zVKsYj-3LtlLJAO7Xyr7D1-0rc9u1" }, "geometry": { "type": "Point", "coordinates": [ -75.124167332999946, 3.574861167000051, 357.19999999999709 ] } },
{ "type": "Feature", "properties": { "FECHA": "11/06/2025 00:00:00 (UTC)", "DEPTO": "(TOLIMA)", "MUNICIPIO": "NATAGAIMA", "VEREDA": "GUASIMAL MESAS", "GASODUCTO": "(CENTRO - ORIENTE)", "TRAMO": "Gualanday - Guasimal", "TP_DUCTO": "(Troncal)", "DISTRITO": "2", "DIAMETRO": "12\"", "TRM_REG": "(GUALANDAY - NEIVA)", "PK": "502+899", "TP_EVENTO": "(SURCOS)", "LONG_EVENT": null, "OBSERVACIO": null, "PROFUNDIDA": 1.25, "COD_ID": "HALL-6", "ENTREGA": "E21_R1", "LATITUD": 3.5701291670000614, "LONGITUD": -75.12337708299998, "IMAGEN_1": "C002_IMG_20250611_084736.jpg", "IMAGEN_2": "C002_IMG_20250611_084739.jpg", "IMAGEN_3": "C002_IMG_20250611_084743.jpg", "VISUALIZAR_IMAGEN_1": "https://drive.google.com/uc?export=view&id=17LK9cWsSbOQR4Q3tjUR-HmsAVv6zOjEj", "VISUALIZAR_IMAGEN_2": "https://drive.google.com/uc?export=view&id=1hmX9zLq9s1TwFnT9RnBaWWZPXAFETnEo", "VISUALIZAR_IMAGEN_3": "https://drive.google.com/uc?export=view&id=1ZEPW1d3PUzyU3AH2BJ3uf4vROI12mO5X" }, "geometry": { "type": "Point", "coordinates": [ -75.12337708299998, 3.570129167000061, 357.899999999994179 ] } },
{ "type": "Feature", "properties": { "FECHA": "11/06/2025 00:00:00 (UTC)", "DEPTO": "(TOLIMA)", "MUNICIPIO": "NATAGAIMA", "VEREDA": "GUASIMAL MESAS", "GASODUCTO": "(CENTRO - ORIENTE)", "TRAMO": "Guasimal - Dina", "TP_DUCTO": "(Troncal)", "DISTRITO": "2", "DIAMETRO": "12\"", "TRM_REG": "(GUALANDAY - NEIVA)", "PK": "503+805", "TP_EVENTO": "(OTRO)", "LONG_EVENT": null, "OBSERVACIO": null, "PROFUNDIDA": 1.4, "COD_ID": "HALL-7", "ENTREGA": "E21_R1", "LATITUD": 3.5622401670000272, "LONGITUD": -75.124204, "IMAGEN_1": "C002_IMG_20250611_093603.jpg", "IMAGEN_2": "C002_IMG_20250611_093606.jpg", "IMAGEN_3": "C002_IMG_20250611_093609.jpg", "VISUALIZAR_IMAGEN_1": "https://drive.google.com/uc?export=view&id=17JDfYC0QlhtCN5W53R1PYz-bwP-vdLCW", "VISUALIZAR_IMAGEN_2": "https://drive.google.com/uc?export=view&id=1xhV652etv4iiCcxUYVVi6XbZkeHkYbMK", "VISUALIZAR_IMAGEN_3": "https://drive.google.com/uc?export=view&id=1v2gZfSt1erllSHhfzWajWBtGGvQk_f8Y" }, "geometry": { "type": "Point", "coordinates": [ -75.124204, 3.562240167000027, 363.05000000000291 ] } },
{ "type": "Feature", "properties": { "FECHA": "2/07/2025 00:00:00 (UTC)", "DEPTO": "(CUNDINAMARCA)", "MUNICIPIO": "UNE", "VEREDA": "ÁREA URBANA", "GASODUCTO": "( )", "TRAMO": " ", "TP_DUCTO": "( )", "DISTRITO": "( )", "DIAMETRO": "( )", "TRM_REG": "( )", "PK": "105+429", "TP_EVENTO": "SOCAVACIÓN LATERAL", "LONG_EVENT": null, "OBSERVACIO": "Socavacion de margen en el caño", "PROFUNDIDA": 2.05, "COD_ID": "HALL-1", "ENTREGA": "E22_R1", "LATITUD": 4.3989645910000377, "LONGITUD": -74.027149772999962, "IMAGEN_1": "C003_IMG_20250702_094204.jpg", "IMAGEN_2": "C003_IMG_20250702_094217.jpg", "IMAGEN_3": "C003_IMG_20250702_094223.jpg", "VISUALIZAR_IMAGEN_1": "https://drive.google.com/uc?export=view&id=18FykFWvNGAVb-Eyz0FGPoNd69Z3PFL9G", "VISUALIZAR_IMAGEN_2": "https://drive.google.com/uc?export=view&id=1iWexm1RnK_W5v0FDYKOBYr2AYpl8OjY3", "VISUALIZAR_IMAGEN_3": "https://drive.google.com/uc?export=view&id=1sthWZp6uW4bUfo1CDRQ1I4SHgazK3PJW" }, "geometry": { "type": "Point", "coordinates": [ -74.027149772999962, 4.398964591000038, 0.0 ] } },
{ "type": "Feature", "properties": { "FECHA": "1/07/2025 00:00:00 (UTC)", "DEPTO": "(CUNDINAMARCA)", "MUNICIPIO": "CÁQUEZA", "VEREDA": "MERCADILLO", "GASODUCTO": "(CUSIANA - APIAY - USME)", "TRAMO": "Villavicencio - Usme", "TP_DUCTO": "(Troncal)", "DISTRITO": "4", "DIAMETRO": "6\"", "TRM_REG": "(APIAY - USME)", "PK": "101+575", "TP_EVENTO": "REPTACION", "LONG_EVENT": null, "OBSERVACIO": "Se observa tuberia descubierta aledaña a un cruce subfluvial, obra geotecnica deteriorada pero estable, por la vegetacion se asume que el evento lleva bastante tiempo", "PROFUNDIDA": 0.0, "COD_ID": "HALL-1", "ENTREGA": "E22_R1", "LATITUD": 4.4051419190000729, "LONGITUD": -74.001240142999961, "IMAGEN_1": "C003_IMG_20250701_111831.jpg", "IMAGEN_2": "C003_IMG_20250701_111857.jpg", "IMAGEN_3": "C003_IMG_20250701_211913.jpg", "VISUALIZAR_IMAGEN_1": "https://drive.google.com/uc?export=view&id=1M_uuhga15O3kGMaRi7-6Yh6wnPnq1XTT", "VISUALIZAR_IMAGEN_2": "https://drive.google.com/uc?export=view&id=17Fx_rR36Pu2vZ5CUXSkZOGGjVhKIrW8K", "VISUALIZAR_IMAGEN_3": "https://drive.google.com/uc?export=view&id=1hzZs9FOVFTNkuc8m6CgAz2tFb-HOV_xd" }, "geometry": { "type": "Point", "coordinates": [ -74.001240142999961, 4.405141919000073, 2345.165099999998347 ] } },
{ "type": "Feature", "properties": { "FECHA": "2/07/2025 00:00:00 (UTC)", "DEPTO": "(CASANARE)", "MUNICIPIO": "SABANALARGA", "VEREDA": "NUEVA ZELANDIA", "GASODUCTO": "(CUSIANA - APIAY - USME)", "TRAMO": "Villanueva", "TP_DUCTO": "Ramal", "DISTRITO": "4", "DIAMETRO": "2\"", "TRM_REG": "(CUSIANA - APIAY)", "PK": "006+257", "TP_EVENTO": "(CAIDAS)", "LONG_EVENT": null, "OBSERVACIO": "", "PROFUNDIDA": 1.9, "COD_ID": "HALL-1", "ENTREGA": "E23_R1", "LATITUD": 4.6639225000001003, "LONGITUD": -72.98622041699997, "IMAGEN_1": "C004_IMG_20250702_080320.jpg", "IMAGEN_2": "C004_IMG_20250702_080330.jpg", "IMAGEN_3": "C004_IMG_20250702_080333.jpg", "VISUALIZAR_IMAGEN_1": "https://drive.google.com/uc?export=view&id=1f8XlxD796KaQILeoqzQZ4NE2N1gLqvjD", "VISUALIZAR_IMAGEN_2": "https://drive.google.com/uc?export=view&id=1TDpbP5ctbZdrvMiyYO69ov2sB-_GxGud", "VISUALIZAR_IMAGEN_3": "https://drive.google.com/uc?export=view&id=1jW8sSXV_ftiUMF2br-JiyNuiUJ0BJ7I2" }, "geometry": { "type": "Point", "coordinates": [ -72.98622041699997, 4.663922500000069, 336.80000000000291 ] } },
{ "type": "Feature", "properties": { "FECHA": "4/07/2025 00:00:00 (UTC)", "DEPTO": "(META)", "MUNICIPIO": "BARRANCA DE UPÍA", "VEREDA": "CARUTAL", "GASODUCTO": "(CUSIANA - APIAY - USME)", "TRAMO": "Cusiana - PK65", "TP_DUCTO": "(Troncal)", "DISTRITO": "4", "DIAMETRO": "12\"", "TRM_REG": "(CUSIANA - APIAY)", "PK": "059+873", "TP_EVENTO": "(EROSIÓN LAMINAR)", "LONG_EVENT": null, "OBSERVACIO": "", "PROFUNDIDA": 0.0, "COD_ID": "HALL-2", "ENTREGA": "E23_R1", "LATITUD": 4.6654929170000514, "LONGITUD": -73.0549565, "IMAGEN_1": "C004_IMG_20250704_085924.jpg", "IMAGEN_2": "C004_IMG_20250704_085934.jpg", "IMAGEN_3": "C004_IMG_20250704_085943.jpg", "VISUALIZAR_IMAGEN_1": "https://drive.google.com/uc?export=view&id=19kOeoEqFHlcj0W2t6jkMWie2VNiJJ9k5", "VISUALIZAR_IMAGEN_2": "https://drive.google.com/uc?export=view&id=1sadYlCtEp_nSGfXE59NKpMyQPoqKd5DW", "VISUALIZAR_IMAGEN_3": "https://drive.google.com/uc?export=view&id=1o9KdIkb_x1Ncbc2AKnKN4I3JTMdYak_v" }, "geometry": { "type": "Point", "coordinates": [ -73.054956499999946, 4.665492917000051, 465.350000000005821 ] } },
{ "type": "Feature", "properties": { "FECHA": "4/07/2025 00:00:00 (UTC)", "DEPTO": "(META)", "MUNICIPIO": "BARRANCA DE UPÍA", "VEREDA": "ALIANZA", "GASODUCTO": "(CUSIANA - APIAY - USME)", "TRAMO": "Cusiana - PK65", "TP_DUCTO": "(Troncal)", "DISTRITO": "4", "DIAMETRO": "12\"", "TRM_REG": "(CUSIANA - APIAY)", "PK": "061+331", "TP_EVENTO": "(OTRO)", "LONG_EVENT": null, "OBSERVACIO": "", "PROFUNDIDA": 2.75, "COD_ID": "HALL-3", "ENTREGA": "E23_R1", "LATITUD": 4.6550119170000244, "LONGITUD": -73.049129249999964, "IMAGEN_1": "C004_IMG_20250704_103958.jpg", "IMAGEN_2": "C004_IMG_20250704_104003.jpg", "IMAGEN_3": "C004_IMG_20250704_104008.jpg", "VISUALIZAR_IMAGEN_1": "https://drive.google.com/uc?export=view&id=1qvfKMu0tBZi-biWHjkebWJ8YnY9YJYlB", "VISUALIZAR_IMAGEN_2": "https://drive.google.com/uc?export=view&id=1AM_14vQ7uA260sIMW7AFzTpLhgDOnogl", "VISUALIZAR_IMAGEN_3": "https://drive.google.com/uc?export=view&id=11sXWgkTEC9UONFcfZ-TezamtVmsN3MhU" }, "geometry": { "type": "Point", "coordinates": [ -73.049129249999964, 4.655011917000024, 307.25 ] } },
{ "type": "Feature", "properties": { "FECHA": "27\/03\/2025 00:00:00 (UTC)", "DEPTO": "(TOLIMA)", "MUNICIPIO": "HERVEO", "VEREDA": "DELGADITAS", "GASODUCTO": "(MARIQUITA - CALI)", "TRAMO": "Herveo", "TP_DUCTO": "(Ramal)", "DISTRITO": "7", "DIAMETRO": "2\"", "TRM_REG": "(MARIQUITA - PEREIRA)", "PK": "000+132", "TP_EVENTO": "(DESLIZAMIENTO TRASLACIONAL)", "LONG_EVENT": 8.0, "OBSERVACIO": "", "PROFUNDIDA": 1.27, "COD_ID": "HALLAZ", "ENTREGA": "E09_R1", "LATITUD": 5.0924386670000672, "LONGITUD": -75.233017666999956, "IMAGEN_1": "C002_IMG_20250327_073113.jpg", "IMAGEN_2": "C002_IMG_20250327_073123.jpg", "IMAGEN_3": "C002_IMG_20250327_073128.jpg", "VISUALIZAR_IMAGEN_1": "https:\/\/drive.google.com\/uc?export=view&id=1SS5IJPIaZPYgVN8CJAis5SN-HAL9PXo6", "VISUALIZAR_IMAGEN_2": "https:\/\/drive.google.com\/uc?export=view&id=1NFqAhCNH1pWk-RjQzNDT0diXrIYaSPiG", "VISUALIZAR_IMAGEN_3": "https:\/\/drive.google.com\/uc?export=view&id=1KOlsLFTyzVeQhHpDanIEvF3Nb5j7MUnQ" }, "geometry": { "type": "Point", "coordinates": [ -75.233017666999956, 5.092438667000067, 2545.649999999994179 ] } },
{ "type": "Feature", "properties": { "FECHA": "27\/03\/2025 00:00:00 (UTC)", "DEPTO": "(TOLIMA)", "MUNICIPIO": "HERVEO", "VEREDA": "EL PLAN", "GASODUCTO": "(MARIQUITA - CALI)", "TRAMO": "Herveo", "TP_DUCTO": "(Ramal)", "DISTRITO": "7", "DIAMETRO": "2\"", "TRM_REG": "(MARIQUITA - PEREIRA)", "PK": "000+876", "TP_EVENTO": "(CARCAVAS)", "LONG_EVENT": 30.0, "OBSERVACIO": "", "PROFUNDIDA": 1.6, "COD_ID": "HALLAZ", "ENTREGA": "E09_R1", "LATITUD": 5.0882054170000401, "LONGITUD": -75.229685749999987, "IMAGEN_1": "C002_IMG_20250327_080328.jpg", "IMAGEN_2": "C002_IMG_20250327_080332.jpg", "IMAGEN_3": "C002_IMG_20250327_080339.jpg", "VISUALIZAR_IMAGEN_1": "https:\/\/drive.google.com\/uc?export=view&id=1Gmmg74Yriv3fqAiXSXAJ3hhFm3oOJIya", "VISUALIZAR_IMAGEN_2": "https:\/\/drive.google.com\/uc?export=view&id=1cdwDlEoXMkWo0SCdofoddeuno6TRDSmI", "VISUALIZAR_IMAGEN_3": "https:\/\/drive.google.com\/uc?export=view&id=1R49TjvCbmKautSI9bTLf2hgIVYsSdq7N" }, "geometry": { "type": "Point", "coordinates": [ -75.229685749999987, 5.08820541700004, 2381.100000000005821 ] } },
{ "type": "Feature", "properties": { "FECHA": "27\/03\/2025 00:00:00 (UTC)", "DEPTO": "(TOLIMA)", "MUNICIPIO": "HERVEO", "VEREDA": "EL PLAN", "GASODUCTO": "(MARIQUITA - CALI)", "TRAMO": "Herveo", "TP_DUCTO": "(Ramal)", "DISTRITO": "7", "DIAMETRO": "2\"", "TRM_REG": "(MARIQUITA - PEREIRA)", "PK": "002+556", "TP_EVENTO": "(DESLIZAMIENTO TRASLACIONAL)", "LONG_EVENT": 10.0, "OBSERVACIO": "", "PROFUNDIDA": 2.11, "COD_ID": "HALLAZ", "ENTREGA": "E09_R1", "LATITUD": 5.0803720000000681, "LONGITUD": -75.2190315, "IMAGEN_1": "C002_IMG_20250327_085905.jpg", "IMAGEN_2": "C002_IMG_20250327_085911.jpg", "IMAGEN_3": "C002_IMG_20250327_085921.jpg", "VISUALIZAR_IMAGEN_1": "https:\/\/drive.google.com\/uc?export=view&id=1nAjv5P0_-KGJLspSFhG0udbLVGou_obH", "VISUALIZAR_IMAGEN_2": "https:\/\/drive.google.com\/uc?export=view&id=17ZCyloUwzZlSfqpFlv4UGYOwTOOUiFno", "VISUALIZAR_IMAGEN_3": "https:\/\/drive.google.com\/uc?export=view&id=1MmnRPRVzuVm9pjS_JMSLb7m2QttY1AuK" }, "geometry": { "type": "Point", "coordinates": [ -75.219031499999971, 5.080372, 2109.19999999999709 ] } },
{ "type": "Feature", "properties": { "FECHA": "28\/03\/2025 00:00:00 (UTC)", "DEPTO": "(TOLIMA)", "MUNICIPIO": "HERVEO", "VEREDA": "LA CRISTALINA", "GASODUCTO": "(MARIQUITA - CALI)", "TRAMO": "Herveo", "TP_DUCTO": "(Ramal)", "DISTRITO": "7", "DIAMETRO": "2\"", "TRM_REG": "(MARIQUITA - PEREIRA)", "PK": "008+651", "TP_EVENTO": "(DESLIZAMIENTO TRASLACIONAL)", "LONG_EVENT": 4.0, "OBSERVACIO": "", "PROFUNDIDA": 1.48, "COD_ID": "HALLAZ", "ENTREGA": "E09_R1", "LATITUD": 5.0647968330000595, "LONGITUD": -75.2043975, "IMAGEN_1": "C002_IMG_20250328_092752.jpg", "IMAGEN_2": "C002_IMG_20250328_092808.jpg", "IMAGEN_3": "C002_IMG_20250328_092814.jpg", "VISUALIZAR_IMAGEN_1": "https:\/\/drive.google.com\/uc?export=view&id=1bu1PNnM-5NXx2txJcSY1eWn_v2-_ANOz", "VISUALIZAR_IMAGEN_2": "https:\/\/drive.google.com\/uc?export=view&id=153EaVVyTvSiulC8iMoYdu0DVkVuCc5sM", "VISUALIZAR_IMAGEN_3": "https:\/\/drive.google.com\/uc?export=view&id=11SefidlsPJdpJWtQfOnjUI2vtUm34M6V" }, "geometry": { "type": "Point", "coordinates": [ -75.20439749999997, 5.064796833000059, 2454.69999999999709 ] } },
{ "type": "Feature", "properties": { "FECHA": "28\/03\/2025 00:00:00 (UTC)", "DEPTO": "(TOLIMA)", "MUNICIPIO": "HERVEO", "VEREDA": "LA CRISTALINA", "GASODUCTO": "(MARIQUITA - CALI)", "TRAMO": "Herveo", "TP_DUCTO": "(Ramal)", "DISTRITO": "7", "DIAMETRO": "2\"", "TRM_REG": "(MARIQUITA - PEREIRA)", "PK": "008+576", "TP_EVENTO": "(DESLIZAMIENTO TRASLACIONAL)", "LONG_EVENT": 6.0, "OBSERVACIO": "", "PROFUNDIDA": 1.6, "COD_ID": "HALLAZ", "ENTREGA": "E09_R1", "LATITUD": 5.0645999170000664, "LONGITUD": -75.205081582999981, "IMAGEN_1": "C002_IMG_20250328_093130.jpg", "IMAGEN_2": "C002_IMG_20250328_093142.jpg", "IMAGEN_3": "C002_IMG_20250328_093147.jpg", "VISUALIZAR_IMAGEN_1": "https:\/\/drive.google.com\/uc?export=view&id=1zwMNmTRCfaToH0axFtouVcUydXs46nq0", "VISUALIZAR_IMAGEN_2": "https:\/\/drive.google.com\/uc?export=view&id=1OiH7NeRQ6H9IDJDrhkQsF9s3UCHVshoK", "VISUALIZAR_IMAGEN_3": "https:\/\/drive.google.com\/uc?export=view&id=10Njke3XZfQR_vNCdDQE7LyS-Mo2JmMIU" }, "geometry": { "type": "Point", "coordinates": [ -75.205081582999981, 5.064599917000066, 2449.5 ] } },
{ "type": "Feature", "properties": { "FECHA": "31\/03\/2025 00:00:00 (UTC)", "DEPTO": "(CALDAS)", "MUNICIPIO": "MANIZALES", "VEREDA": "ÁREA URBANA", "GASODUCTO": "(MARIQUITA - CALI)", "TRAMO": "Letras - Marsella", "TP_DUCTO": "(Troncal)", "DISTRITO": "7", "DIAMETRO": "20\"", "TRM_REG": "(MARIQUITA - PEREIRA)", "PK": "079+080", "TP_EVENTO": "(REPTACION)", "LONG_EVENT": 40.0, "OBSERVACIO": "", "PROFUNDIDA": 2.18, "COD_ID": "HALLAZ", "ENTREGA": "E09_R1", "LATITUD": 5.0336080830000469, "LONGITUD": -75.425842166999985, "IMAGEN_1": "C002_IMG_20250331_075925.jpg", "IMAGEN_2": "C002_IMG_20250331_075929.jpg", "IMAGEN_3": "C002_IMG_20250331_075934.jpg", "VISUALIZAR_IMAGEN_1": "https:\/\/drive.google.com\/uc?export=view&id=1aHDvHmi_7_w3bH0yjxyfFsYyeCrs0ZZn", "VISUALIZAR_IMAGEN_2": "https:\/\/drive.google.com\/uc?export=view&id=1NpgB5sMhAC6dWD7HV_Wet81ybmQXe215", "VISUALIZAR_IMAGEN_3": "https:\/\/drive.google.com\/uc?export=view&id=1be4dAGB8QL0Eyian-mk7oWF0GsWwlfAy" }, "geometry": { "type": "Point", "coordinates": [ -75.425842166999985, 5.033608083000047, 2377.69999999999709 ] } },
{ "type": "Feature", "properties": { "FECHA": "2\/04\/2025 00:00:00 (UTC)", "DEPTO": "(CALDAS)", "MUNICIPIO": "VILLAMARÍA", "VEREDA": "LA FLORIDA", "GASODUCTO": "(MARIQUITA - CALI)", "TRAMO": "Letras - Marsella", "TP_DUCTO": "(Troncal)", "DISTRITO": "7", "DIAMETRO": "20\"", "TRM_REG": "(MARIQUITA - PEREIRA)", "PK": "081+675", "TP_EVENTO": "(SOCAVACIÓN DE FONDO)", "LONG_EVENT": 3.0, "OBSERVACIO": "", "PROFUNDIDA": 1.55, "COD_ID": "HALLAZ", "ENTREGA": "E09_R1", "LATITUD": 5.0209270830000605, "LONGITUD": -75.441349416999969, "IMAGEN_1": "C002_IMG_20250402_081029.jpg", "IMAGEN_2": "C002_IMG_20250402_081034.jpg", "IMAGEN_3": "C002_IMG_20250402_081039.jpg", "VISUALIZAR_IMAGEN_1": "https:\/\/drive.google.com\/uc?export=view&id=1pKrUg6RCF2IQjT2Di26y74n28ZIuyx9X", "VISUALIZAR_IMAGEN_2": "https:\/\/drive.google.com\/uc?export=view&id=1ywEi34iEOXhZAbgBy_A25kZxt-vzDcPX", "VISUALIZAR_IMAGEN_3": "https:\/\/drive.google.com\/uc?export=view&id=1OohyOsIJKPO1IEKoV93PynALOd5uYZH9" }, "geometry": { "type": "Point", "coordinates": [ -75.441349416999969, 5.020927083000061, 2237.80000000000291 ] } },
{ "type": "Feature", "properties": { "FECHA": "3\/04\/2025 00:00:00 (UTC)", "DEPTO": "(CALDAS)", "MUNICIPIO": "NEIRA", "VEREDA": "BUENOS AIRES", "GASODUCTO": "(MARIQUITA - CALI)", "TRAMO": "Neira", "TP_DUCTO": "(Ramal)", "DISTRITO": "7", "DIAMETRO": "2\"", "TRM_REG": "(MARIQUITA - PEREIRA)", "PK": "021+856", "TP_EVENTO": "(DESLIZAMIENTO ROTACIONAL)", "LONG_EVENT": 8.0, "OBSERVACIO": "", "PROFUNDIDA": 1.78, "COD_ID": "HALLAZ", "ENTREGA": "E09_R1", "LATITUD": 5.1560873060000745, "LONGITUD": -75.512439023999946, "IMAGEN_1": "C002_IMG_20250403_060958.jpg", "IMAGEN_2": "C002_IMG_20250403_061006.jpg", "IMAGEN_3": "C002_IMG_20250403_061010.jpg", "VISUALIZAR_IMAGEN_1": "https:\/\/drive.google.com\/uc?export=view&id=1pTfMSu6h7y5uurXeGlXfREEeUyaUmJ8h", "VISUALIZAR_IMAGEN_2": "https:\/\/drive.google.com\/uc?export=view&id=16D-YvUOnLgPvAdPPQKuLeAQNw8tZ0XNg", "VISUALIZAR_IMAGEN_3": "https:\/\/drive.google.com\/uc?export=view&id=1gW33988h4iIG58Tes8ofdQhObdTLAV9Q" }, "geometry": { "type": "Point", "coordinates": [ -75.512439023999946, 5.156087306000074, 2069.80000000000291 ] } },
{ "type": "Feature", "properties": { "FECHA": "3\/04\/2025 00:00:00 (UTC)", "DEPTO": "(CALDAS)", "MUNICIPIO": "NEIRA", "VEREDA": "BUENOS AIRES", "GASODUCTO": "(MARIQUITA - CALI)", "TRAMO": "Neira", "TP_DUCTO": "(Ramal)", "DISTRITO": "7", "DIAMETRO": "2\"", "TRM_REG": "(MARIQUITA - PEREIRA)", "PK": "018+940", "TP_EVENTO": "(SURCOS)", "LONG_EVENT": 8.0, "OBSERVACIO": "", "PROFUNDIDA": 1.78, "COD_ID": "HALLAZ", "ENTREGA": "E09_R1", "LATITUD": 5.1440260830000284, "LONGITUD": -75.49979958299997, "IMAGEN_1": "C002_IMG_20250403_084333.jpg", "IMAGEN_2": "C002_IMG_20250403_084337.jpg", "IMAGEN_3": "C002_IMG_20250403_084343.jpg", "VISUALIZAR_IMAGEN_1": "https:\/\/drive.google.com\/uc?export=view&id=1J_EhnOoWystdwfrYmL4YL5UpHEUOstW6", "VISUALIZAR_IMAGEN_2": "https:\/\/drive.google.com\/uc?export=view&id=1zBQMFlWZyMLekh3anhktWQqi7FFhneaf", "VISUALIZAR_IMAGEN_3": "https:\/\/drive.google.com\/uc?export=view&id=1xHOC9FZSk1i_rRPM3RyRPqKgZnm-MfJH" }, "geometry": { "type": "Point", "coordinates": [ -75.49979958299997, 5.144026083000028, 1890.55000000000291 ] } },
{ "type": "Feature", "properties": { "FECHA": "8\/04\/2025 00:00:00 (UTC)", "DEPTO": "(CALDAS)", "MUNICIPIO": "MANIZALES", "VEREDA": "LA ENEA PARTE", "GASODUCTO": "(MARIQUITA - CALI)", "TRAMO": "Neira", "TP_DUCTO": "(Ramal)", "DISTRITO": "7", "DIAMETRO": "2\"", "TRM_REG": "(MARIQUITA - PEREIRA)", "PK": "000+328", "TP_EVENTO": "(SOCAVACIÓN LATERAL)", "LONG_EVENT": 8.0, "OBSERVACIO": "", "PROFUNDIDA": 2.32, "COD_ID": "HALLAZ", "ENTREGA": "E09_R1", "LATITUD": 5.0398528330000545, "LONGITUD": -75.448424332999934, "IMAGEN_1": "C002_IMG_20250408_095917.jpg", "IMAGEN_2": "C002_IMG_20250408_095924.jpg", "IMAGEN_3": "C002_IMG_20250408_095936.jpg", "VISUALIZAR_IMAGEN_1": "https:\/\/drive.google.com\/uc?export=view&id=1UbdX-h8uglyl3pAT4ra55GAQa-Rgb4JH", "VISUALIZAR_IMAGEN_2": "https:\/\/drive.google.com\/uc?export=view&id=1zn8c4tUVTogTjG5etC0dNTK0STLTzcUu", "VISUALIZAR_IMAGEN_3": "https:\/\/drive.google.com\/uc?export=view&id=1F3o6ko7AKSX1OuSZMZRVwkQs1sLuK3Gg" }, "geometry": { "type": "Point", "coordinates": [ -75.448424332999934, 5.039852833000054, 2177.100000000005821 ] } },
{ "type": "Feature", "properties": { "FECHA": "9\/07\/2025 00:00:00 (UTC)", "DEPTO": "(BOYACÁ)", "MUNICIPIO": "MOTAVITA", "VEREDA": "SALVIAL", "GASODUCTO": "BOYACA - SANTANDER", "TRAMO": "Teatinos - Belencito", "TP_DUCTO": "Troncal", "DISTRITO": "5", "DIAMETRO": "10\"", "TRM_REG": "GASODUCTO RAMALES BOYACA - SANTANDER", "PK": "017+316", "TP_EVENTO": "OTRO", "LONG_EVENT": 30.0, "OBSERVACIO": "Explanacion para obra civil", "PROFUNDIDA": 2.67, "COD_ID": "HALL-1", "ENTREGA": "E25_R1", "LATITUD": 5.5807867800000395, "LONGITUD": -73.353577204999965, "IMAGEN_1": "C003_IMG_20250709_081452.jpg", "IMAGEN_2": "C003_IMG_20250709_081504.jpg", "IMAGEN_3": "C003_IMG_20250709_081530.jpg", "VISUALIZAR_IMAGEN_1": "https:\/\/drive.google.com\/uc?export=view&id=1PSOxa4r6WKmjYpRR0mdJ0yu9opEx1re8", "VISUALIZAR_IMAGEN_2": "https:\/\/drive.google.com\/uc?export=view&id=18d6dIBwtH-bw7wPjNfYgyOJHqdqs8sYV", "VISUALIZAR_IMAGEN_3": "https:\/\/drive.google.com\/uc?export=view&id=1PyN1bPPO9FqY7dO19ePTFvImuOGIOzef" }, "geometry": { "type": "Point", "coordinates": [ -73.353577204999965, 5.580786780000039, 2963.885800000003655 ] } },
{ "type": "Feature", "properties": { "FECHA": "24\/08\/2025 00:00:00 (UTC)", "DEPTO": "(BOYACÁ)", "MUNICIPIO": "FLORESTA", "VEREDA": "CHORRERA ALTO", "GASODUCTO": "BOYACA - SANTANDER", "TRAMO": "Floresta", "TP_DUCTO": "Ramal", "DISTRITO": "5", "DIAMETRO": "2\"", "TRM_REG": "GASODUCTO RAMALES BOYACA - SANTANDER", "PK": "000+076", "TP_EVENTO": "OTRO", "LONG_EVENT": 0.0, "OBSERVACIO": "Construccion de carretera", "PROFUNDIDA": 0.79, "COD_ID": "HALL-1", "ENTREGA": "E30_R1", "LATITUD": 5.8620751760000758, "LONGITUD": -72.971583155999951, "IMAGEN_1": "C003_IMG_20250824_080354.jpg", "IMAGEN_2": "C003_IMG_20250824_080401.jpg", "IMAGEN_3": "C003_IMG_20250824_080409.jpg", "VISUALIZAR_IMAGEN_1": "https:\/\/drive.google.com\/uc?export=view&id=1VCDNyZ9MJCvrh8up5scAkY21_9Twvvhm", "VISUALIZAR_IMAGEN_2": "https:\/\/drive.google.com\/uc?export=view&id=17RemNQ_srUzEcQmXdT5m_xsiQ7MQx3Ol", "VISUALIZAR_IMAGEN_3": "https:\/\/drive.google.com\/uc?export=view&id=1yLh8RbljX5evRuTJ-MgkPyrcXwyTTwdX" }, "geometry": { "type": "Point", "coordinates": [ -72.971583155999951, 5.862075176000076, 2958.025899999993271 ] } },
{ "type": "Feature", "properties": { "FECHA": "29\/07\/2025 00:00:00 (UTC)", "DEPTO": "(BOYACÁ)", "MUNICIPIO": "PAIPA", "VEREDA": "LA ESPERANZA", "GASODUCTO": "(BOYACA - SANTANDER)", "TRAMO": "Teatinos - Belencito", "TP_DUCTO": "(Troncal)", "DISTRITO": "5", "DIAMETRO": "10\"", "TRM_REG": "(GASODUCTO RAMALES BOYACA - SANTANDER)", "PK": "055+010", "TP_EVENTO": "(OTRO)", "LONG_EVENT": 2.0, "OBSERVACIO": "", "PROFUNDIDA": 2.45, "COD_ID": "HALL-2", "ENTREGA": "E30_R1", "LATITUD": 5.7427981670000463, "LONGITUD": -73.110262, "IMAGEN_1": "C001_IMG_20250729_090348.jpg", "IMAGEN_2": "C001_IMG_20250729_090355.jpg", "IMAGEN_3": "C001_IMG_20250729_090359.jpg", "VISUALIZAR_IMAGEN_1": "https:\/\/drive.google.com\/uc?export=view&id=1dWI5OrpUGtniHiv14W3il64TqgzFmrNs", "VISUALIZAR_IMAGEN_2": "https:\/\/drive.google.com\/uc?export=view&id=1jj_AWtHbO4rXCYCbA7Cc-iWpAMZDBSuh", "VISUALIZAR_IMAGEN_3": "https:\/\/drive.google.com\/uc?export=view&id=1DhGwnFVs3747EKQ3_daNeiDGN9_lFRC8" }, "geometry": { "type": "Point", "coordinates": [ -73.110262, 5.742798167000046, 2544.850000000005821 ] } },
{ "type": "Feature", "properties": { "FECHA": "27\/07\/2025 00:00:00 (UTC)", "DEPTO": "(SANTANDER)", "MUNICIPIO": "FLORIÁN", "VEREDA": "TISQUEZOQUE", "GASODUCTO": "(CENTRO - ORIENTE)", "TRAMO": "PK7+200 - PK17+500", "TP_DUCTO": "(Troncal)", "DISTRITO": "3", "DIAMETRO": "22\"", "TRM_REG": "(LA BELLEZA - COGUA)", "PK": "010+685", "TP_EVENTO": "CARCAVAS", "LONG_EVENT": 30.0, "OBSERVACIO": "Se evidencia carcava que expone la tubería, está ocasionada por el transporte de material fino.", "PROFUNDIDA": 0.0, "COD_ID": "HALL-1", "ENTREGA": "E31_R1", "LATITUD": 5.7572007500000382, "LONGITUD": -73.967680332999976, "IMAGEN_1": "C004_IMG_20250727_080949.jpg", "IMAGEN_2": "C004_IMG_20250727_080955.jpg", "IMAGEN_3": "C004_IMG_20250727_081002.jpg", "VISUALIZAR_IMAGEN_1": "https:\/\/drive.google.com\/uc?export=view&id=1Qg8_VRVVc7QMG2n9LoaOX4nTFpOVc9s_", "VISUALIZAR_IMAGEN_2": "https:\/\/drive.google.com\/uc?export=view&id=14E48h29db7aom3yfRd6PV7CuUhP-GYiB", "VISUALIZAR_IMAGEN_3": "https:\/\/drive.google.com\/uc?export=view&id=1wCHWM8p21V-NfgLU4nt6MtUROCy1rWZI" }, "geometry": { "type": "Point", "coordinates": [ -73.967680332999976, 5.757200750000038, 939.399999999994179 ] } },
{ "type": "Feature", "properties": { "FECHA": "26\/07\/2025 00:00:00 (UTC)", "DEPTO": "(SANTANDER)", "MUNICIPIO": "FLORIÁN", "VEREDA": "LA VUELTIADA", "GASODUCTO": "(CENTRO - ORIENTE)", "TRAMO": "La Belleza - PK7+200", "TP_DUCTO": "(Troncal)", "DISTRITO": "3", "DIAMETRO": "22\"", "TRM_REG": "(LA BELLEZA - COGUA)", "PK": "004+100", "TP_EVENTO": "REPTACION", "LONG_EVENT": 20.0, "OBSERVACIO": "Reptación estable", "PROFUNDIDA": 2.85, "COD_ID": "HALL-2", "ENTREGA": "E31_R1", "LATITUD": 5.8063010000000759, "LONGITUD": -73.983842, "IMAGEN_1": "C004_IMG_20250726_064924.jpg", "IMAGEN_2": "C004_IMG_20250726_064930.jpg", "IMAGEN_3": "C004_IMG_20250726_064936.jpg", "VISUALIZAR_IMAGEN_1": "https:\/\/drive.google.com\/uc?export=view&id=1C238h41DnTXTgqWuXkehJw-GLvR8ort4", "VISUALIZAR_IMAGEN_2": "https:\/\/drive.google.com\/uc?export=view&id=16lD35UIWTAqAMLV-KKxtKXPSEZ25BNt8", "VISUALIZAR_IMAGEN_3": "https:\/\/drive.google.com\/uc?export=view&id=1IhXSH3OXpmrL6TBEX4fkpTuMbVcM7Lck" }, "geometry": { "type": "Point", "coordinates": [ -73.983842, 5.806301, 0.0 ] } },
{ "type": "Feature", "properties": { "FECHA": "31\/07\/2025 00:00:00 (UTC)", "DEPTO": "(BOYACÁ)", "MUNICIPIO": "BRICEÑO", "VEREDA": "TARPEYA", "GASODUCTO": "(CENTRO - ORIENTE)", "TRAMO": "PK17+500 - Sucre Oriental", "TP_DUCTO": "(Troncal)", "DISTRITO": "3", "DIAMETRO": "22\"", "TRM_REG": "(LA BELLEZA - COGUA)", "PK": "021+721", "TP_EVENTO": "OTRO", "LONG_EVENT": 20.0, "OBSERVACIO": "Evento geotécnico sobre el cruce subfluvial con la Quebrada Zapote donde se hizo obras de geotecnia.", "PROFUNDIDA": 0.0, "COD_ID": "HALL-3", "ENTREGA": "E31_R1", "LATITUD": 5.6912, "LONGITUD": -73.928, "IMAGEN_1": "C004_IMG_20250731_105022.jpg", "IMAGEN_2": "C004_IMG_20250731_105038.jpg", "IMAGEN_3": "C004_IMG_20250731_105050.jpg", "VISUALIZAR_IMAGEN_1": "https:\/\/drive.google.com\/uc?export=view&id=1ENkbG_TNajgm4my_dIIz3kEr6DZirc2T", "VISUALIZAR_IMAGEN_2": "https:\/\/drive.google.com\/uc?export=view&id=1oS56cDEyznhfWJt6cpPcHaR_6kLRU6Cf", "VISUALIZAR_IMAGEN_3": "https:\/\/drive.google.com\/uc?export=view&id=1f7lLKo1u8cX8zyOcfD3LZHigT9_7eiZ4" }, "geometry": { "type": "Point", "coordinates": [ -73.928, 5.6912, 0.0 ] } },
{ "type": "Feature", "properties": { "FECHA": "3\/08\/2025 00:00:00 (UTC)", "DEPTO": "(BOYACÁ)", "MUNICIPIO": "CALDAS", "VEREDA": "VUELTAS", "GASODUCTO": "(CENTRO - ORIENTE)", "TRAMO": "PK17+500 - Sucre Oriental", "TP_DUCTO": "Troncal", "DISTRITO": "3", "DIAMETRO": "22\"", "TRM_REG": "LA BELLEZA - COGUA", "PK": "031+358", "TP_EVENTO": "REPTACION", "LONG_EVENT": 10.0, "OBSERVACIO": "Se presenta reptación estable en la parte superior de la via", "PROFUNDIDA": 2.56, "COD_ID": "HALL-4", "ENTREGA": "E31_R1", "LATITUD": 5.6234870000000683, "LONGITUD": -73.883031, "IMAGEN_1": "C004_IMG_20250803_104833.jpg", "IMAGEN_2": "C004_IMG_20250803_104838.jpg", "IMAGEN_3": "C004_IMG_20250803_104842.jpg", "VISUALIZAR_IMAGEN_1": "https:\/\/drive.google.com\/uc?export=view&id=1WcRTwpXtSNVPDWCUZX7XPRWNut-cPoD1", "VISUALIZAR_IMAGEN_2": "https:\/\/drive.google.com\/uc?export=view&id=1N0s94Ld_PsB-GmorRJzwM9otav7fWOq7", "VISUALIZAR_IMAGEN_3": "https:\/\/drive.google.com\/uc?export=view&id=1BXvYxn6ndozUdmWvFFJnncJuzpP0DHw-" }, "geometry": { "type": "Point", "coordinates": [ -73.883031, 5.623487, 0.0 ] } },
{ "type": "Feature", "properties": { "FECHA": "3\/08\/2025 00:00:00 (UTC)", "DEPTO": "(BOYACÁ)", "MUNICIPIO": "CALDAS", "VEREDA": "VUELTAS", "GASODUCTO": "(CENTRO - ORIENTE)", "TRAMO": "PK17+500 - Sucre Oriental", "TP_DUCTO": "Troncal", "DISTRITO": "3", "DIAMETRO": "22\"", "TRM_REG": "LA BELLEZA - COGUA", "PK": "031+414", "TP_EVENTO": "REPTACION", "LONG_EVENT": 10.0, "OBSERVACIO": "Se presenta reptación estable", "PROFUNDIDA": 2.76, "COD_ID": "HALL-5", "ENTREGA": "E31_R1", "LATITUD": 5.6230352270000594, "LONGITUD": -73.882582339999942, "IMAGEN_1": "C004_IMG_20250803_104417.jpg", "IMAGEN_2": "C004_IMG_20250803_104429.jpg", "IMAGEN_3": "C004_IMG_20250803_104437.jpg", "VISUALIZAR_IMAGEN_1": "https:\/\/drive.google.com\/uc?export=view&id=1akCRI-4J1to14n4NuYGPgsacwFGEROkZ", "VISUALIZAR_IMAGEN_2": "https:\/\/drive.google.com\/uc?export=view&id=1k2LqoBLiK_60PRxwDVb8VrQAVLDAbk2d", "VISUALIZAR_IMAGEN_3": "https:\/\/drive.google.com\/uc?export=view&id=1_mHOcerj5y1PISjWU082jzeGL8D6fNTC" }, "geometry": { "type": "Point", "coordinates": [ -73.882582339999942, 5.623035227000059, 0.0 ] } },
{ "type": "Feature", "properties": { "FECHA": "3\/08\/2025 00:00:00 (UTC)", "DEPTO": "(BOYACÁ)", "MUNICIPIO": "CALDAS", "VEREDA": "VUELTAS", "GASODUCTO": "(CENTRO - ORIENTE)", "TRAMO": "PK17+500 - Sucre Oriental", "TP_DUCTO": "Troncal", "DISTRITO": "3", "DIAMETRO": "22\"", "TRM_REG": "LA BELLEZA - COGUA", "PK": "031+502", "TP_EVENTO": "REPTACION", "LONG_EVENT": 10.0, "OBSERVACIO": "Se presenta reptación estable", "PROFUNDIDA": 1.3, "COD_ID": "HALL-6", "ENTREGA": "E31_R1", "LATITUD": 5.6224360000000502, "LONGITUD": -73.88197, "IMAGEN_1": "C004_IMG_20250803_104046.jpg", "IMAGEN_2": "C004_IMG_20250803_104051.jpg", "IMAGEN_3": "C004_IMG_20250803_104055.jpg", "VISUALIZAR_IMAGEN_1": "https:\/\/drive.google.com\/uc?export=view&id=1_tLkN386MQ_rZLANykq79IMJWatyKA9V", "VISUALIZAR_IMAGEN_2": "https:\/\/drive.google.com\/uc?export=view&id=1m90HdwtF3sBoaMaY0tbqhcgIueh1z8YO", "VISUALIZAR_IMAGEN_3": "https:\/\/drive.google.com\/uc?export=view&id=1NLUVFgtKHd1dhDCr5GMaamjWnba9XLr1" }, "geometry": { "type": "Point", "coordinates": [ -73.88197, 5.622436, 0.0 ] } },
{ "type": "Feature", "properties": { "FECHA": "27\/07\/2025 00:00:00 (UTC)", "DEPTO": "(SANTANDER)", "MUNICIPIO": "FLORIÁN", "VEREDA": "MOPORA", "GASODUCTO": "CENTRO - ORIENTE", "TRAMO": "PK7+200 - PK17+500", "TP_DUCTO": "Troncal", "DISTRITO": "3", "DIAMETRO": "22\"", "TRM_REG": "LA BELLEZA - COGUA", "PK": "012+981", "TP_EVENTO": "SOCAVACIÓN DE FONDO", "LONG_EVENT": 40.0, "OBSERVACIO": "Se identifica colapso de infraestructura, por posible creciente subita y arrastre de material de bloques de grandes dimensiones, lo cual secciona en dos partes la tuberia. No es posible obtener profundidad tuberia seccionada y expuesta.", "PROFUNDIDA": 0.0, "COD_ID": "HALL-7", "ENTREGA": "E31_R1", "LATITUD": 5.7395608810000454, "LONGITUD": -73.962113810999938, "IMAGEN_1": "C004_IMG_20250727_115536.jpg", "IMAGEN_2": "C004_IMG_20250727_115550.jpg", "IMAGEN_3": "C004_IMG_20250727_115559.jpg", "VISUALIZAR_IMAGEN_1": "https:\/\/drive.google.com\/uc?export=view&id=1UlvPeUUd8GeJZkISeJbrWZVS5WLi-tFO", "VISUALIZAR_IMAGEN_2": "https:\/\/drive.google.com\/uc?export=view&id=1RVtOp0cCbp3AFzvfnCUmmZxPosXg00ls", "VISUALIZAR_IMAGEN_3": "https:\/\/drive.google.com\/uc?export=view&id=1xyBZhQfgctHfCHZeEMETdCLDRQZ_wuXq" }, "geometry": { "type": "Point", "coordinates": [ -73.962113810999938, 5.739560881000045, 767.816699999995762 ] } },
{ "type": "Feature", "properties": { "FECHA": "12\/08\/2025 00:00:00 (UTC)", "DEPTO": "(CUNDINAMARCA)", "MUNICIPIO": "SUSA", "VEREDA": "LLANO GRANDE", "GASODUCTO": "(CENTRO - ORIENTE)", "TRAMO": "Susa", "TP_DUCTO": "(Ramal)", "DISTRITO": "3", "DIAMETRO": "2\"", "TRM_REG": "(LA BELLEZA - COGUA)", "PK": "002+046", "TP_EVENTO": "CARCAVAS", "LONG_EVENT": 80.0, "OBSERVACIO": "Se presenta carcava que genera pérdida en la cota de tapada, por lo que se debe proyectar obras de protección en el fondo del canal ", "PROFUNDIDA": 0.75, "COD_ID": "HALL-8", "ENTREGA": "E31_R1", "LATITUD": 5.4675787, "LONGITUD": -73.797803, "IMAGEN_1": "C004_IMG_20250812_113759.jpg", "IMAGEN_2": "C004_IMG_20250812_113753.jpg", "IMAGEN_3": "C004_IMG_20250812_113745.jpg", "VISUALIZAR_IMAGEN_1": "https:\/\/drive.google.com\/uc?export=view&id=1k8RB8J30Rmy3bJzsTpZZ2n-fQm40z7xs", "VISUALIZAR_IMAGEN_2": "https:\/\/drive.google.com\/uc?export=view&id=1ujoNtkaylWlZvBmfeTma9sXZ5bJUd8gR", "VISUALIZAR_IMAGEN_3": "https:\/\/drive.google.com\/uc?export=view&id=18BjsVreWmdiuyyP1Gzsk1T_0rJdl-jUL" }, "geometry": { "type": "Point", "coordinates": [ -73.797803, 5.467578700000047, 0.0 ] } },
{ "type": "Feature", "properties": { "FECHA": "12\/08\/2025 00:00:00 (UTC)", "DEPTO": "(CUNDINAMARCA)", "MUNICIPIO": "SUSA", "VEREDA": "LLANO GRANDE", "GASODUCTO": "(CENTRO - ORIENTE)", "TRAMO": "Susa", "TP_DUCTO": "(Ramal)", "DISTRITO": "3", "DIAMETRO": "2\"", "TRM_REG": "(LA BELLEZA - COGUA)", "PK": "001+837", "TP_EVENTO": "CARCAVAS", "LONG_EVENT": 80.0, "OBSERVACIO": "Se presenta carcava que genera pérdida en la cota de tapada, por lo que se debe proyectar obras de protección en el fondo del canal", "PROFUNDIDA": 0.7, "COD_ID": "HALL-9", "ENTREGA": "E31_R1", "LATITUD": 5.468692, "LONGITUD": -73.796313, "IMAGEN_1": "C004_IMG_20250812_113302.jpg", "IMAGEN_2": "C004_IMG_20250812_113311.jpg", "IMAGEN_3": "C004_IMG_20250812_113316.jpg", "VISUALIZAR_IMAGEN_1": "https:\/\/drive.google.com\/uc?export=view&id=15xnUOdFXWknag8v5N5GFE_9yDXMk8a54", "VISUALIZAR_IMAGEN_2": "https:\/\/drive.google.com\/uc?export=view&id=1vm3yIHFzQVjujJ8WeUlERnmico79j-hT", "VISUALIZAR_IMAGEN_3": "https:\/\/drive.google.com\/uc?export=view&id=1c1S43peObDTjt-zNiWU3qIISRVYjxb1K" }, "geometry": { "type": "Point", "coordinates": [ -73.796313, 5.468692, 0.0 ] } },
{ "type": "Feature", "properties": { "FECHA": "12\/08\/2025 00:00:00 (UTC)", "DEPTO": "(CUNDINAMARCA)", "MUNICIPIO": "SUSA", "VEREDA": "PUNTA DE CRUZ", "GASODUCTO": "(CENTRO - ORIENTE)", "TRAMO": "Susa", "TP_DUCTO": "(Ramal)", "DISTRITO": "3", "DIAMETRO": "2\"", "TRM_REG": "(LA BELLEZA - COGUA)", "PK": "000+273", "TP_EVENTO": "CARCAVAS", "LONG_EVENT": 80.0, "OBSERVACIO": "Se presenta carcava que muestra cota de poca medida ", "PROFUNDIDA": 0.9, "COD_ID": "HALL-10", "ENTREGA": "E31_R1", "LATITUD": 5.4748680000000718, "LONGITUD": -73.783705, "IMAGEN_1": "C004_IMG_20250812_105115.jpg", "IMAGEN_2": "C004_IMG_20250812_105120.jpg", "IMAGEN_3": "C004_IMG_20250812_105124.jpg", "VISUALIZAR_IMAGEN_1": "https:\/\/drive.google.com\/uc?export=view&id=1mo7EHUo8gH2IzVw-5-zI69sXTElv_GJT", "VISUALIZAR_IMAGEN_2": "https:\/\/drive.google.com\/uc?export=view&id=1J6TpE-iBbEvt8pHf42SK8_8Bn4x2j9yr", "VISUALIZAR_IMAGEN_3": "https:\/\/drive.google.com\/uc?export=view&id=1dLji5eMOkf20G-x_muAXxGNpiFbZ84nI" }, "geometry": { "type": "Point", "coordinates": [ -73.783705, 5.474868, 0.0 ] } },
{ "type": "Feature", "properties": { "FECHA": "4\/08\/2025 00:00:00 (UTC)", "DEPTO": "(CUNDINAMARCA)", "MUNICIPIO": "VILLA DE SAN DIEGO DE UBATÉ", "VEREDA": "LA PATERA", "GASODUCTO": "(CENTRO - ORIENTE)", "TRAMO": "Sucre Oriental - Cogua", "TP_DUCTO": "(Troncal)", "DISTRITO": "3", "DIAMETRO": "22\"", "TRM_REG": "(LA BELLEZA - COGUA)", "PK": "076+394", "TP_EVENTO": "SOCAVACIÓN DE FONDO", "LONG_EVENT": 0.0, "OBSERVACIO": "Por las mediciones tomadas por la cuadrilla se presume que el tubo puede estar expuesto , por lo cual se requiere verificación en campo mediante visita del geotecnista. Hallazgo dobre el ducto, Paralelo al ducto, Margen derecha del cuerpo de agua, No existen grietas ni afloramientos, No se evidencias movimientos del terreno", "PROFUNDIDA": 1.37, "COD_ID": "HALLAZ", "ENTREGA": "E33_R1", "LATITUD": 5.293873000000076, "LONGITUD": -73.773818, "IMAGEN_1": "C003_IMG_20250804_122139.jpg", "IMAGEN_2": "C003_IMG_20250804_122149.jpg", "IMAGEN_3": "C003_IMG_20250804_122201.jpg", "VISUALIZAR_IMAGEN_1": "https:\/\/drive.google.com\/uc?export=view&id=1c7lAwVGqaJIMVjwN4pdTExStnantuXjh", "VISUALIZAR_IMAGEN_2": "https:\/\/drive.google.com\/uc?export=view&id=1PEIHnjqcxC8q4b7HnRvl_JVI7Sk_UJ7Y", "VISUALIZAR_IMAGEN_3": "https:\/\/drive.google.com\/uc?export=view&id=1nKz0TdRRgetm8rrb02mEJNfRsKNNdMK4" }, "geometry": { "type": "Point", "coordinates": [ -73.773818, 5.293873, 0.0 ] } },
{ "type": "Feature", "properties": { "FECHA": "3\/08\/2025 00:00:00 (UTC)", "DEPTO": "(CUNDINAMARCA)", "MUNICIPIO": "VILLA DE SAN DIEGO DE UBATÉ", "VEREDA": "TAUSAVITA", "GASODUCTO": "(CENTRO - ORIENTE)", "TRAMO": "Sutatausa", "TP_DUCTO": "(Ramal)", "DISTRITO": "3", "DIAMETRO": "2\"", "TRM_REG": "(LA BELLEZA - COGUA)", "PK": "004+654", "TP_EVENTO": "SOCAVACIÓN DE FONDO", "LONG_EVENT": 0.0, "OBSERVACIO": "Proceso de socavación de fondo sobre un canal de origen antrópico denotando en una tapada de 0,54m. Realizar FX2 con Registro Fotográfico. Hallazgo dobre el ducto, diagonal al ducto, Margen izquierda del cuerpo de agua, No existen grietas ni afloramientos, No se evidencias movimientos del terreno", "PROFUNDIDA": 3.14, "COD_ID": "HALLAZ", "ENTREGA": "E33_R1", "LATITUD": 5.272715000000062, "LONGITUD": -73.823705, "IMAGEN_1": "C003_IMG_20250803_101227.jpg", "IMAGEN_2": "C003_IMG_20250803_101232.jpg", "IMAGEN_3": "C003_IMG_20250803_101236.jpg", "VISUALIZAR_IMAGEN_1": "https:\/\/drive.google.com\/uc?export=view&id=1y27P_JfhXd55rJVG7bqsd-d93-2sSu8G", "VISUALIZAR_IMAGEN_2": "https:\/\/drive.google.com\/uc?export=view&id=1ZnlUnGVrTLYKQ-7CLYkAO3C7Mxm9N3uz", "VISUALIZAR_IMAGEN_3": "https:\/\/drive.google.com\/uc?export=view&id=1vjioR53y_yWzT6DTkpgNLe3gqngK6NMg" }, "geometry": { "type": "Point", "coordinates": [ -73.823705, 5.272715, 0.0 ] } },
{ "type": "Feature", "properties": { "FECHA": "4\/08\/2025 00:00:00 (UTC)", "DEPTO": "(CUNDINAMARCA)", "MUNICIPIO": "SUTATAUSA", "VEREDA": "OJO DE AGUA", "GASODUCTO": "(CENTRO - ORIENTE)", "TRAMO": "Sutatausa", "TP_DUCTO": "(Ramal)", "DISTRITO": "3", "DIAMETRO": "2\"", "TRM_REG": "(LA BELLEZA - COGUA)", "PK": "008+063", "TP_EVENTO": "OTRO", "LONG_EVENT": 0.0, "OBSERVACIO": "Proceso de socavación en canalización, se tiene una profundidad de ducto de 0,68m y una lámina de agua de 0,31m con lo cual se estima una tapada de 0,37. Realizar FX2 con registro Fotográfico.Hallazgo dobre el ducto, perpendicular al ducto, Margen derecha del cuerpo de agua, Sin grietas ni afloramientos, No se evidencias movimientos del terreno", "PROFUNDIDA": 1.67, "COD_ID": "HALLAZ", "ENTREGA": "E33_R1", "LATITUD": 5.2588568, "LONGITUD": -73.8487868, "IMAGEN_1": "C003_IMG_20250804_091418.jpg", "IMAGEN_2": "C003_IMG_20250804_091429.jpg", "IMAGEN_3": "C003_IMG_20250804_091433.jpg", "VISUALIZAR_IMAGEN_1": "https:\/\/drive.google.com\/uc?export=view&id=1t_26IvwnUhgKJMJ-qpqBiMa-zuhSDP7P", "VISUALIZAR_IMAGEN_2": "https:\/\/drive.google.com\/uc?export=view&id=1RlXF5McNcN59F8dthHkkdk8lJ3lYgVcf", "VISUALIZAR_IMAGEN_3": "https:\/\/drive.google.com\/uc?export=view&id=1D9TdcrqByu2T0jspoCCphCUrW6f2o8t0" }, "geometry": { "type": "Point", "coordinates": [ -73.848786799999971, 5.258856800000046, 0.0 ] } },
{ "type": "Feature", "properties": { "FECHA": "2\/08\/2025 00:00:00 (UTC)", "DEPTO": "(CUNDINAMARCA)", "MUNICIPIO": "VILLA DE SAN DIEGO DE UBATÉ", "VEREDA": "CENTRO DEL LLANO", "GASODUCTO": "(CENTRO - ORIENTE)", "TRAMO": "Ubate", "TP_DUCTO": "(Ramal)", "DISTRITO": "3", "DIAMETRO": "3\"", "TRM_REG": "(LA BELLEZA - COGUA)", "PK": "003+677", "TP_EVENTO": "OTRO", "LONG_EVENT": 5.0, "OBSERVACIO": "Hallazgo a 2m del eje del ducto, perpendicular al ducto, No existen grietas ni afloramientos, No se evidencias movimientos del terreno", "PROFUNDIDA": 2.55, "COD_ID": "HALLAZ", "ENTREGA": "E33_R1", "LATITUD": 5.3089227140000617, "LONGITUD": -73.799678802999949, "IMAGEN_1": "C003_IMG_20250802_102349.jpg", "IMAGEN_2": "C003_IMG_20250802_102354.jpg", "IMAGEN_3": "C003_IMG_20250802_102411.jpg", "VISUALIZAR_IMAGEN_1": "https:\/\/drive.google.com\/uc?export=view&id=1XZngjt4zKujmH5U-7lyqxHcUomhw5YA6", "VISUALIZAR_IMAGEN_2": "https:\/\/drive.google.com\/uc?export=view&id=1Yp-s7aTLd78MbjBrguO2fQGX2EhKMjo1", "VISUALIZAR_IMAGEN_3": "https:\/\/drive.google.com\/uc?export=view&id=1f1mVgTDZHNjBOPjNPsDcmW8lh0QERc3T" }, "geometry": { "type": "Point", "coordinates": [ -73.799678802999949, 5.308922714000062, 2572.619900000005146 ] } },
{ "type": "Feature", "properties": { "FECHA": "3\/09\/2025 00:00:00 (UTC)", "DEPTO": "(SANTANDER)", "MUNICIPIO": "JESÚS MARÍA", "VEREDA": "CRISTALES", "GASODUCTO": "(BOYACA - SANTANDER)", "TRAMO": "Bolivar", "TP_DUCTO": "(Ramal)", "DISTRITO": "5", "DIAMETRO": "2\"", "TRM_REG": "(GASODUCTO RAMALES BOYACA - SANTANDER)", "PK": "001+610", "TP_EVENTO": "DESLIZAMIENTO TRASLACIONAL", "LONG_EVENT": 3.0, "OBSERVACIO": "Deslizamiento traslacional a 1m del costado izquierdo del eje del ducto L=3m, An=3m, Al=3m, perpendicular al ducto, no existen grietas ni afloramientos de agua.", "PROFUNDIDA": 1.97, "COD_ID": "HALL-1", "ENTREGA": "E35_R1", "LATITUD": 5.8426213920000691, "LONGITUD": -73.805700328999933, "IMAGEN_1": "C003_IMG_20250903_092044.jpg", "IMAGEN_2": "C003_IMG_20250903_092051.jpg", "IMAGEN_3": "C003_IMG_20250903_092108.jpg", "VISUALIZAR_IMAGEN_1": "https:\/\/drive.google.com\/uc?export=view&id=1arnlOqAiVKpE-Gzhp_OPHe_tLrRp9Xp-", "VISUALIZAR_IMAGEN_2": "https:\/\/drive.google.com\/uc?export=view&id=1257ZCeOcEwW9S2zs0uppYCTlP4hb553X", "VISUALIZAR_IMAGEN_3": "https:\/\/drive.google.com\/uc?export=view&id=10FGkGTs185YUA2E9QZ8j52OiaO5zz5OJ" }, "geometry": { "type": "Point", "coordinates": [ -73.805700328999933, 5.842621392000069, 1977.32039999999688 ] } },
{ "type": "Feature", "properties": { "FECHA": "3\/09\/2025 00:00:00 (UTC)", "DEPTO": "(SANTANDER)", "MUNICIPIO": "JESÚS MARÍA", "VEREDA": "CRISTALES", "GASODUCTO": "(BOYACA - SANTANDER)", "TRAMO": "Bolivar", "TP_DUCTO": "(Ramal)", "DISTRITO": "5", "DIAMETRO": "2\"", "TRM_REG": "(GASODUCTO RAMALES BOYACA - SANTANDER)", "PK": "005+238", "TP_EVENTO": "DESLIZAMIENTO TRASLACIONAL", "LONG_EVENT": 3.0, "OBSERVACIO": "Deslizamiento traslacional a 1m del costado derecho del eje del ducto L=3m, An=2m, Al=1m, perpendicular al ducto, no existen grietas ni afloramientos de agua.", "PROFUNDIDA": 1.08, "COD_ID": "HALL-2", "ENTREGA": "E35_R1", "LATITUD": 5.8645975230000431, "LONGITUD": -73.787348140999939, "IMAGEN_1": "C003_IMG_20250903_121241.jpg", "IMAGEN_2": "C003_IMG_20250903_121247.jpg", "IMAGEN_3": "C003_IMG_20250903_121258.jpg", "VISUALIZAR_IMAGEN_1": "https:\/\/drive.google.com\/uc?export=view&id=1d4jrRPAwkEgEdTBnCrXqsp0L1k0BMGHy", "VISUALIZAR_IMAGEN_2": "https:\/\/drive.google.com\/uc?export=view&id=1XobqmEHUWVNq7eP7uP9os3ECJavJl2A6", "VISUALIZAR_IMAGEN_3": "https:\/\/drive.google.com\/uc?export=view&id=1yYvWMPTGU-g-By8b4nJj0P269G49-b3f" }, "geometry": { "type": "Point", "coordinates": [ -73.787348140999939, 5.864597523000043, 1885.228000000002794 ] } },
{ "type": "Feature", "properties": { "FECHA": "4\/09\/2025 00:00:00 (UTC)", "DEPTO": "(SANTANDER)", "MUNICIPIO": "JESÚS MARÍA", "VEREDA": "SANTA ROSA BUENOS AIRES", "GASODUCTO": "(BOYACA - SANTANDER)", "TRAMO": "Bolivar", "TP_DUCTO": "(Ramal)", "DISTRITO": "5", "DIAMETRO": "2\"", "TRM_REG": "(GASODUCTO RAMALES BOYACA - SANTANDER)", "PK": "009+668", "TP_EVENTO": "CARCAVAS", "LONG_EVENT": 30.0, "OBSERVACIO": "P=1.28m, Evento de gran envergadura a 7m del margen derecha del eje del ducto, perpendicular al ducto, se observan grietas y se perciben movimientos en el terreno, Medidas Aproximadas L=30m, An=2m, Al=3m", "PROFUNDIDA": 1.28, "COD_ID": "HALL-3", "ENTREGA": "E35_R1", "LATITUD": 5.8999400210000204, "LONGITUD": -73.784403472999941, "IMAGEN_1": "C003_IMG_20250904_132028.jpg", "IMAGEN_2": "C003_IMG_20250904_132035.jpg", "IMAGEN_3": "C003_IMG_20250904_132055.jpg", "VISUALIZAR_IMAGEN_1": "https:\/\/drive.google.com\/uc?export=view&id=1vbhhkl-OdnpGUJZGrrf7d1Ucgeoqrde8", "VISUALIZAR_IMAGEN_2": "https:\/\/drive.google.com\/uc?export=view&id=1CpSX3mmvZxkYiib2KEmREiK1p3yvmxfn", "VISUALIZAR_IMAGEN_3": "https:\/\/drive.google.com\/uc?export=view&id=1rdbm5UVIqWcn_5kdBS8sa26ByXq2gJ1N" }, "geometry": { "type": "Point", "coordinates": [ -73.784403472999941, 5.89994002100002, 1942.255600000004051 ] } },
{ "type": "Feature", "properties": { "FECHA": "5\/09\/2025 00:00:00 (UTC)", "DEPTO": "(SANTANDER)", "MUNICIPIO": "SUCRE", "VEREDA": "CUCHINA I", "GASODUCTO": "(BOYACA - SANTANDER)", "TRAMO": "Bolivar", "TP_DUCTO": "(Ramal)", "DISTRITO": "5", "DIAMETRO": "2\"", "TRM_REG": "(GASODUCTO RAMALES BOYACA - SANTANDER)", "PK": "012+450", "TP_EVENTO": "OTRO", "LONG_EVENT": 40.0, "OBSERVACIO": "Excavacion sobre el DDV, perpendicular al ducto L=40m, An=0.5m, Al=1m", "PROFUNDIDA": 0.24, "COD_ID": "HALL-4", "ENTREGA": "E35_R1", "LATITUD": 5.9193212820000554, "LONGITUD": -73.786578184999939, "IMAGEN_1": "C003_IMG_20250905_092957.jpg", "IMAGEN_2": "C003_IMG_20250905_093006.jpg", "IMAGEN_3": "C003_IMG_20250905_193015.jpg", "VISUALIZAR_IMAGEN_1": "https:\/\/drive.google.com\/uc?export=view&id=1Tdtey9D8ufsToL_kw86lyGNQLWeb3DEf", "VISUALIZAR_IMAGEN_2": "https:\/\/drive.google.com\/uc?export=view&id=1HENBKuiQOe0DCGp0aj3lblY52OV1XVbJ", "VISUALIZAR_IMAGEN_3": "https:\/\/drive.google.com\/uc?export=view&id=13dU-q3DCsm8nKaofdtzq4pfK_DFvV-Ha" }, "geometry": { "type": "Point", "coordinates": [ -73.786578184999939, 5.919321282000055, 2122.520799999998417 ] } },
{ "type": "Feature", "properties": { "FECHA": "5\/09\/2025 00:00:00 (UTC)", "DEPTO": "(SANTANDER)", "MUNICIPIO": "SUCRE", "VEREDA": "CLAVELLINOS", "GASODUCTO": "(BOYACA - SANTANDER)", "TRAMO": "Bolivar", "TP_DUCTO": "(Ramal)", "DISTRITO": "5", "DIAMETRO": "2\"", "TRM_REG": "(GASODUCTO RAMALES BOYACA - SANTANDER)", "PK": "014+218", "TP_EVENTO": "PROPAGACION LATERAL", "LONG_EVENT": 20.0, "OBSERVACIO": "Caida de material sobre el DDV, paralelo al ducto, evento generado por la pendiente del corte del terreno para la construccion de la via y el efecto de la erosion por agua lluvia, L=20m, An=1m, Al=3m", "PROFUNDIDA": 0.51, "COD_ID": "HALL-5", "ENTREGA": "E35_R1", "LATITUD": 5.9326957580000226, "LONGITUD": -73.787045011999965, "IMAGEN_1": "C003_IMG_20250905_110356.jpg", "IMAGEN_2": "C003_IMG_20250905_110401.jpg", "IMAGEN_3": "C003_IMG_20250905_110414.jpg", "VISUALIZAR_IMAGEN_1": "https:\/\/drive.google.com\/uc?export=view&id=1rcxuMVME6YDjLNuUDfG9V6TOd2JoPZ0t", "VISUALIZAR_IMAGEN_2": "https:\/\/drive.google.com\/uc?export=view&id=1DgwO0fI5s2LCDyJqcAZA5_pUNkHixlbP", "VISUALIZAR_IMAGEN_3": "https:\/\/drive.google.com\/uc?export=view&id=1LPl8cD59aPKVjrqGLGnXH5otW5fJBRVi" }, "geometry": { "type": "Point", "coordinates": [ -73.787045011999965, 5.932695758000023, 2221.27390000000014 ] } },
{ "type": "Feature", "properties": { "FECHA": "6\/09\/2025 00:00:00 (UTC)", "DEPTO": "(SANTANDER)", "MUNICIPIO": "BOLÍVAR", "VEREDA": "SAN ANTONIO", "GASODUCTO": "(BOYACA - SANTANDER)", "TRAMO": "Bolivar", "TP_DUCTO": "(Ramal)", "DISTRITO": "5", "DIAMETRO": "2\"", "TRM_REG": "(GASODUCTO RAMALES BOYACA - SANTANDER)", "PK": "020+390", "TP_EVENTO": "DESLIZAMIENTO ROTACIONAL", "LONG_EVENT": 40.0, "OBSERVACIO": "A 3m del costado derecho del eje del ducto, perpendicular al ducto, deslizamiento tralacional, L=40m, An=3m, Al=30m, se evidencian movimientos en el terreno y afloramiento de agua", "PROFUNDIDA": 2.1, "COD_ID": "HALL-6", "ENTREGA": "E35_R1", "LATITUD": 5.9799463750000541, "LONGITUD": -73.775558168999964, "IMAGEN_1": "C003_IMG_20250906_091317.jpg", "IMAGEN_2": "C003_IMG_20250906_091341.jpg", "IMAGEN_3": "C003_IMG_20250906_091410.jpg", "VISUALIZAR_IMAGEN_1": "https:\/\/drive.google.com\/uc?export=view&id=1K4k0FhyPR3pQLwWlS1DWCow5PHdUg7Ir", "VISUALIZAR_IMAGEN_2": "https:\/\/drive.google.com\/uc?export=view&id=1PZGUh2MDrM7fQzdw1AT7KpVDKzWzgkfE", "VISUALIZAR_IMAGEN_3": "https:\/\/drive.google.com\/uc?export=view&id=143pvfHw0BMBNF75sAFP8JeBSg2Y-NCp4" }, "geometry": { "type": "Point", "coordinates": [ -73.775558168999964, 5.979946375000054, 2129.677100000000792 ] } },
{ "type": "Feature", "properties": { "FECHA": "6\/09\/2025 00:00:00 (UTC)", "DEPTO": "(SANTANDER)", "MUNICIPIO": "BOLÍVAR", "VEREDA": "GUAMAL", "GASODUCTO": "(BOYACA - SANTANDER)", "TRAMO": "Bolivar", "TP_DUCTO": "(Ramal)", "DISTRITO": "5", "DIAMETRO": "2\"", "TRM_REG": "(GASODUCTO RAMALES BOYACA - SANTANDER)", "PK": "020+212", "TP_EVENTO": "OTRO", "LONG_EVENT": 10.0, "OBSERVACIO": "Corte sobre el terreno encima del DDV, perpendicular al ducto, L=10m, An=3m, Al. Max=3m", "PROFUNDIDA": 2.15, "COD_ID": "HALL-7", "ENTREGA": "E35_R1", "LATITUD": 5.9785723090000715, "LONGITUD": -73.77495993399998, "IMAGEN_1": "C003_IMG_20250906_092357.jpg", "IMAGEN_2": "C003_IMG_20250906_092411.jpg", "IMAGEN_3": "C003_IMG_20250906_092417.jpg", "VISUALIZAR_IMAGEN_1": "https:\/\/drive.google.com\/uc?export=view&id=1Y69G3PnuPp5hK-FciO1gWSNbMKeQYBoO", "VISUALIZAR_IMAGEN_2": "https:\/\/drive.google.com\/uc?export=view&id=1V-RNMZDELW4sL6KUB5dBSsb7RopoxuF7", "VISUALIZAR_IMAGEN_3": "https:\/\/drive.google.com\/uc?export=view&id=1ibBRz2Xw1UV6H2uhXsHv5xxn4jyN5P64" }, "geometry": { "type": "Point", "coordinates": [ -73.77495993399998, 5.978572309000072, 2144.161999999996624 ] } },
{ "type": "Feature", "properties": { "FECHA": "6\/09\/2025 00:00:00 (UTC)", "DEPTO": "(SANTANDER)", "MUNICIPIO": "BOLÍVAR", "VEREDA": "GUAMAL", "GASODUCTO": "(BOYACA - SANTANDER)", "TRAMO": "Bolivar", "TP_DUCTO": "(Ramal)", "DISTRITO": "5", "DIAMETRO": "2\"", "TRM_REG": "(GASODUCTO RAMALES BOYACA - SANTANDER)", "PK": "018+542", "TP_EVENTO": "EROSIÓN LAMINAR", "LONG_EVENT": 0.0, "OBSERVACIO": "Descubirimiento de la tuberia (3m) por accion del agua lluvia la cual genero erosion y posterior afloramiento de la tuberia", "PROFUNDIDA": 0.0, "COD_ID": "HALL-8", "ENTREGA": "E35_R1", "LATITUD": 5.9661199710000687, "LONGITUD": -73.778403167999954, "IMAGEN_1": "C003_IMG_20250906_110430.jpg", "IMAGEN_2": "C003_IMG_20250906_110436.jpg", "IMAGEN_3": "C003_IMG_20250906_110444.jpg", "VISUALIZAR_IMAGEN_1": "https:\/\/drive.google.com\/uc?export=view&id=1q6xc9wUEjWOalNLt0fDWJbxXY2QknWcZ", "VISUALIZAR_IMAGEN_2": "https:\/\/drive.google.com\/uc?export=view&id=1SjmCJiqRytYZTMLRBVt7RxWmNH82eev8", "VISUALIZAR_IMAGEN_3": "https:\/\/drive.google.com\/uc?export=view&id=1QxThnabEp9uIkH9G47PT_Axl7qa-X98I" }, "geometry": { "type": "Point", "coordinates": [ -73.778403167999954, 5.966119971000069, 2263.851500000004307 ] } },
{ "type": "Feature", "properties": { "FECHA": "2\/09\/2025 00:00:00 (UTC)", "DEPTO": "(SANTANDER)", "MUNICIPIO": "PUENTE NACIONAL", "VEREDA": "MONTES", "GASODUCTO": "(CENTRO - ORIENTE)", "TRAMO": "Puente Guillermo - Sucre Oriental", "TP_DUCTO": "(Troncal)", "DISTRITO": "3", "DIAMETRO": "20\"", "TRM_REG": "(LA BELLEZA - COGUA)", "PK": "000+577", "TP_EVENTO": "SOCAVACIÓN LATERAL", "LONG_EVENT": 0.0, "OBSERVACIO": "Socavacion margen izquierdo del cruce subfluvial, L=3m, An=0.4m, Al=0.5m, perpendicular al ducto", "PROFUNDIDA": 2.09, "COD_ID": "HALLAZ", "ENTREGA": "E36_R1", "LATITUD": 5.811525667000069, "LONGITUD": -73.694122345999972, "IMAGEN_1": "C003_IMG_20250902_131243.jpg", "IMAGEN_2": "C003_IMG_20250902_131250.jpg", "IMAGEN_3": "C003_IMG_20250902_131255.jpg", "VISUALIZAR_IMAGEN_1": "https:\/\/drive.google.com\/uc?export=view&id=1oWhnAJ0Z5AfmfAVNW1_2edCodpnX-kux", "VISUALIZAR_IMAGEN_2": "https:\/\/drive.google.com\/uc?export=view&id=1CdYH6CkS2QX4OIwpQjwnkl5Hcl-cJYwL", "VISUALIZAR_IMAGEN_3": "https:\/\/drive.google.com\/uc?export=view&id=1OTzioh0W3pdVX9zt85l5Qyvf21Wd-iXe" }, "geometry": { "type": "Point", "coordinates": [ -73.694122345999972, 5.811525667000069, 2155.985799999994924 ] } },
{ "type": "Feature", "properties": { "FECHA": "24\/10\/2025 00:00:00 (UTC)", "DEPTO": "(BOYACÁ)", "MUNICIPIO": "PUERTO BOYACÁ", "VEREDA": "LAS PAVAS", "GASODUCTO": "(CENTRO - ORIENTE)", "TRAMO": "La Belleza - Vasconia", "TP_DUCTO": "(Loop)", "DISTRITO": "1", "DIAMETRO": "16\"", "TRM_REG": "(LA BELLEZA - VASCONIA)", "PK": "065+904", "TP_EVENTO": "DESLIZAMIENTO ROTACIONAL", "LONG_EVENT": 5.0, "OBSERVACIO": "Deslizamiento rotacional a 3m del costado derecho del eje del ducto, evento paralelo al ducto, L=5m, An=3m, Al=3m", "PROFUNDIDA": 1.95, "COD_ID": "HALL-1", "ENTREGA": "E48_R1", "LATITUD": 5.8910185850000403, "LONGITUD": -74.384497021999948, "IMAGEN_1": "C003_IMG_20251024_113256.jpg", "IMAGEN_2": "C003_IMG_20251024_113306.jpg", "IMAGEN_3": "C003_IMG_20251024_113317.jpg", "VISUALIZAR_IMAGEN_1": "https:\/\/drive.google.com\/uc?export=view&id=11VK8618wZYI-b2ooZmZBkCyB_8HMfwGP", "VISUALIZAR_IMAGEN_2": "https:\/\/drive.google.com\/uc?export=view&id=19UMMShRFqO2BYXgLMmNoolSGJP46_4yu", "VISUALIZAR_IMAGEN_3": "https:\/\/drive.google.com\/uc?export=view&id=1pMGdVXTwn70SFhxqXcRXE68MeyhyfPsm" }, "geometry": { "type": "Point", "coordinates": [ -74.384497021999948, 5.89101858500004, 231.055099999997765 ] } },
{ "type": "Feature", "properties": { "FECHA": "27\/08\/2025 00:00:00 (UTC)", "DEPTO": "(CESAR)", "MUNICIPIO": "CURUMANÍ", "VEREDA": "SAN ROQUE", "GASODUCTO": "(BALLENA - BARRANCABERMEJA)", "TRAMO": "San Roque", "TP_DUCTO": "(Ramal)", "DISTRITO": "6", "DIAMETRO": "2\"", "TRM_REG": "(BALLENA - BARRANCABERMEJA)", "PK": "000+474", "TP_EVENTO": "(CARCAVAS)", "LONG_EVENT": 10.0, "OBSERVACIO": "Se identifica evento geotecnico de origen antropico, posible retiro mecanico de material con aristas definidas a 5 metros a la derecha de la tuberia. Dimensiones: ancho=20m, largo=12m y profundidad=10m", "PROFUNDIDA": 2.7, "COD_ID": "HALL-1", "ENTREGA": "E38_R1", "LATITUD": 9.2960465, "LONGITUD": -73.527926416999946, "IMAGEN_1": "C004_IMG_20250827_104847.jpg", "IMAGEN_2": "C004_IMG_20250827_104851.jpg", "IMAGEN_3": "C004_IMG_20250827_104856.jpg", "VISUALIZAR_IMAGEN_1": "https:\/\/drive.google.com\/uc?export=view&id=1C9hCZ8lSIXZloqH6lAWIR6dUBMV_3Y7v", "VISUALIZAR_IMAGEN_2": "https:\/\/drive.google.com\/uc?export=view&id=1UxaVyOwfrwlWdTv99zQH34_cf-DGmoqj", "VISUALIZAR_IMAGEN_3": "https:\/\/drive.google.com\/uc?export=view&id=1NFJ93zTrnWX8zf1D10BeuJK-w49XIShG" }, "geometry": { "type": "Point", "coordinates": [ -73.527926416999946, 9.296046500000045, 46.0 ] } },
{ "type": "Feature", "properties": { "FECHA": "27\/09\/2025 00:00:00 (UTC)", "DEPTO": "(SANTANDER)", "MUNICIPIO": "JESÚS MARÍA", "VEREDA": "CRISTALES", "GASODUCTO": "(PORVENIR - LA BELLEZA)", "TRAMO": "Sutamarchan - La Belleza", "TP_DUCTO": "(Troncal)", "DISTRITO": "5", "DIAMETRO": "20\"", "TRM_REG": "(EL PORVENIR - LA BELLEZA)", "PK": "201+179", "TP_EVENTO": "OTRO", "LONG_EVENT": 20.0, "OBSERVACIO": "Obras empresa petrogas, trabajos en la tuberia, L=20m, An=4m, Al=2m. Tubería expuesta.", "PROFUNDIDA": 0.0, "COD_ID": "HALL-1", "ENTREGA": "E40_R1", "LATITUD": 5.8324354130000415, "LONGITUD": -73.810681239999951, "IMAGEN_1": "C003_IMG_20250927_121958.jpg", "IMAGEN_2": "C003_IMG_20250927_122026.jpg", "IMAGEN_3": "C003_IMG_20250927_122032.jpg", "VISUALIZAR_IMAGEN_1": "https:\/\/drive.google.com\/uc?export=view&id=1s4ELCeRm3dWwhNx8gboLYsyXzwvhnupp", "VISUALIZAR_IMAGEN_2": "https:\/\/drive.google.com\/uc?export=view&id=1zZmAKeiO93rE9R94q39z7RMqc1VtunJZ", "VISUALIZAR_IMAGEN_3": "https:\/\/drive.google.com\/uc?export=view&id=1mBHLbNrom_b_MFrZ6F3HsN5gexptzjOf" }, "geometry": { "type": "Point", "coordinates": [ -73.810681239999951, 5.832435413000042, 2180.020900000003166 ] } },
{ "type": "Feature", "properties": { "FECHA": "27\/09\/2025 00:00:00 (UTC)", "DEPTO": "(SANTANDER)", "MUNICIPIO": "JESÚS MARÍA", "VEREDA": "LADERAS", "GASODUCTO": "(PORVENIR - LA BELLEZA)", "TRAMO": "Sutamarchan - La Belleza", "TP_DUCTO": "(Troncal)", "DISTRITO": "5", "DIAMETRO": "20\"", "TRM_REG": "(EL PORVENIR - LA BELLEZA)", "PK": "200+448", "TP_EVENTO": "OTRO", "LONG_EVENT": 10.0, "OBSERVACIO": "Obras empresa petrogas, trabajos en la tuberia, L=10m, An=4m, Al=2m. Tubería expuesta.", "PROFUNDIDA": 0.0, "COD_ID": "HALL-2", "ENTREGA": "E40_R1", "LATITUD": 5.8293042520000427, "LONGITUD": -73.805590418999941, "IMAGEN_1": "C003_IMG_20250927_130630.jpg", "IMAGEN_2": "C003_IMG_20250927_130642.jpg", "IMAGEN_3": "C003_IMG_20250927_130647.jpg", "VISUALIZAR_IMAGEN_1": "https:\/\/drive.google.com\/uc?export=view&id=15i34SWZ0ziqTZcqJfseYJctRASejC_d3", "VISUALIZAR_IMAGEN_2": "https:\/\/drive.google.com\/uc?export=view&id=1okc8DA-WHKGt9dfX5oL6ElQspyKgTjS6", "VISUALIZAR_IMAGEN_3": "https:\/\/drive.google.com\/uc?export=view&id=1QuS-IOczJJdmqJdFlWZl7wfAITGu-WRm" }, "geometry": { "type": "Point", "coordinates": [ -73.805590418999941, 5.829304252000043, 1968.769599999999627 ] } },
{ "type": "Feature", "properties": { "FECHA": "29\/09\/2025 00:00:00 (UTC)", "DEPTO": "(SANTANDER)", "MUNICIPIO": "FLORIÁN", "VEREDA": "LA VENTA", "GASODUCTO": "(PORVENIR - LA BELLEZA)", "TRAMO": "Sutamarchan - La Belleza", "TP_DUCTO": "(Troncal)", "DISTRITO": "5", "DIAMETRO": "20\"", "TRM_REG": "(EL PORVENIR - LA BELLEZA)", "PK": "211+555", "TP_EVENTO": "OTRO", "LONG_EVENT": 40.0, "OBSERVACIO": "Descapote sobre el DDV, se prevé que se va a construir una obra lineal tipo via", "PROFUNDIDA": 1.67, "COD_ID": "HALL-3", "ENTREGA": "E40_R1", "LATITUD": 5.8046324030000278, "LONGITUD": -73.890738148999958, "IMAGEN_1": "C003_IMG_20250929_105732.jpg", "IMAGEN_2": "C003_IMG_20250929_105738.jpg", "IMAGEN_3": "C003_IMG_20250929_105744.jpg", "VISUALIZAR_IMAGEN_1": "https:\/\/drive.google.com\/uc?export=view&id=1rVAPo1ac0ienn53UVZFrUvlXpzoyL-8U", "VISUALIZAR_IMAGEN_2": "https:\/\/drive.google.com\/uc?export=view&id=1ef4y4u8cx0IRW6R9nAfsJM30pFY4eyAB", "VISUALIZAR_IMAGEN_3": "https:\/\/drive.google.com\/uc?export=view&id=1dXCU9TzirochVEIVhmpCMqGwHp_S4ryt" }, "geometry": { "type": "Point", "coordinates": [ -73.890738148999958, 5.804632403000028, 2145.9146999999939 ] } },
{ "type": "Feature", "properties": { "FECHA": "25\/09\/2025 00:00:00 (UTC)", "DEPTO": "(SANTANDER)", "MUNICIPIO": "PUENTE NACIONAL", "VEREDA": "MEDIOS", "GASODUCTO": "(PORVENIR - LA BELLEZA)", "TRAMO": "Sutamarchan - La Belleza", "TP_DUCTO": "(Troncal)", "DISTRITO": "5", "DIAMETRO": "20\"", "TRM_REG": "(EL PORVENIR - LA BELLEZA)", "PK": "193+130", "TP_EVENTO": "SURCOS", "LONG_EVENT": 3.0, "OBSERVACIO": "Surcos en margen derecha del cruce subfluvial, evento paralelo al ducto, no se observan afloramientos de agua. L=3m  An=2m Al=1.50m", "PROFUNDIDA": 1.73, "COD_ID": "HALL-4", "ENTREGA": "E40_R1", "LATITUD": 5.8086326780000377, "LONGITUD": -73.750143003999938, "IMAGEN_1": "C003_IMG_20250925_175737.jpg", "IMAGEN_2": "C003_IMG_20250925_175745.jpg", "IMAGEN_3": "C003_IMG_20250925_175755.jpg", "VISUALIZAR_IMAGEN_1": "https:\/\/drive.google.com\/uc?export=view&id=10VTthZDRXLTi_J5FDYvuYpcokfSkPyVP", "VISUALIZAR_IMAGEN_2": "https:\/\/drive.google.com\/uc?export=view&id=1Y4czQf_5nTgYheNYnTS3hX09pMkqwHdJ", "VISUALIZAR_IMAGEN_3": "https:\/\/drive.google.com\/uc?export=view&id=1nhk5xbLvJUd2B0dNKEYOXtqU9qu8qYpl" }, "geometry": { "type": "Point", "coordinates": [ -73.750143003999938, 5.808632678000038, 2309.92960000000312 ] } },
{ "type": "Feature", "properties": { "FECHA": "25\/09\/2025 00:00:00 (UTC)", "DEPTO": "(SANTANDER)", "MUNICIPIO": "PUENTE NACIONAL", "VEREDA": "MEDIOS", "GASODUCTO": "(PORVENIR - LA BELLEZA)", "TRAMO": "Sutamarchan - La Belleza", "TP_DUCTO": "(Troncal)", "DISTRITO": "5", "DIAMETRO": "20\"", "TRM_REG": "(EL PORVENIR - LA BELLEZA)", "PK": "193+018", "TP_EVENTO": "SOCAVACIÓN DE FONDO", "LONG_EVENT": 4.0, "OBSERVACIO": "Socavación al costado izquierdo del eje del ducto sobre placa de concreto, evento paralelo al ducto. L=2m An=1m Al=0.50m ", "PROFUNDIDA": 0.58, "COD_ID": "HALL-5", "ENTREGA": "E40_R1", "LATITUD": 5.8086640180000586, "LONGITUD": -73.749134375999972, "IMAGEN_1": "C003_IMG_20250925_080325.jpg", "IMAGEN_2": "C003_IMG_20250925_080343.jpg", "IMAGEN_3": "C003_IMG_20250925_080352.jpg", "VISUALIZAR_IMAGEN_1": "https:\/\/drive.google.com\/uc?export=view&id=1L_N8JyddoHQ2c8r1rP-1AYEfn8t5XItD", "VISUALIZAR_IMAGEN_2": "https:\/\/drive.google.com\/uc?export=view&id=1paw7GI48kaB787_oBCykBDBhSabDeyOh", "VISUALIZAR_IMAGEN_3": "https:\/\/drive.google.com\/uc?export=view&id=1maryymjKbYZASQsAe2r_d147SjKgixQ4" }, "geometry": { "type": "Point", "coordinates": [ -73.749134375999972, 5.808664018000059, 2302.156199999997625 ] } },
{ "type": "Feature", "properties": { "FECHA": "26\/09\/2025 00:00:00 (UTC)", "DEPTO": "(SANTANDER)", "MUNICIPIO": "ALBANIA", "VEREDA": "EL HATILLO", "GASODUCTO": "(PORVENIR - LA BELLEZA)", "TRAMO": "Sutamarchan - La Belleza", "TP_DUCTO": "(Troncal)", "DISTRITO": "5", "DIAMETRO": "20\"", "TRM_REG": "(EL PORVENIR - LA BELLEZA)", "PK": "194+371", "TP_EVENTO": "SOCAVACIÓN DE FONDO", "LONG_EVENT": 2.0, "OBSERVACIO": "Socavación en el fondo del cauce por caida de agua a desnivel el cual esta socavando la placa generando inestabilidad en la estructura. la socavación afecta la base de las obras en las márgenes. L=4m An=1m Al=0.40m", "PROFUNDIDA": 1.94, "COD_ID": "HALL-6", "ENTREGA": "E40_R1", "LATITUD": 5.8089218080000364, "LONGITUD": -73.760984006999934, "IMAGEN_1": "C003_IMG_20250926_082609.jpg", "IMAGEN_2": "C003_IMG_20250926_082622.jpg", "IMAGEN_3": "C003_IMG_20250926_082633.jpg", "VISUALIZAR_IMAGEN_1": "https:\/\/drive.google.com\/uc?export=view&id=19vdE1ArtWdk2IteGe0N1osQwm5VKqcX9", "VISUALIZAR_IMAGEN_2": "https:\/\/drive.google.com\/uc?export=view&id=15mtt8fJO2oKW9vpXjcfNKrfAiJDYvNmK", "VISUALIZAR_IMAGEN_3": "https:\/\/drive.google.com\/uc?export=view&id=1pOow_546_RiE72zca8zKA2jXO2sf5Fg7" }, "geometry": { "type": "Point", "coordinates": [ -73.760984006999934, 5.808921808000036, 2255.786300000007031 ] } },
{ "type": "Feature", "properties": { "FECHA": "29\/09\/2025 00:00:00 (UTC)", "DEPTO": "(SANTANDER)", "MUNICIPIO": "FLORIÁN", "VEREDA": "VENTA DE COLES", "GASODUCTO": "(PORVENIR - LA BELLEZA)", "TRAMO": "Sutamarchan - La Belleza", "TP_DUCTO": "(Troncal)", "DISTRITO": "5", "DIAMETRO": "20\"", "TRM_REG": "(EL PORVENIR - LA BELLEZA)", "PK": "209+948", "TP_EVENTO": "SOCAVACIÓN LATERAL", "LONG_EVENT": 6.0, "OBSERVACIO": "Socavación en la base de la obra geotecnica, la cual ha generado el inicio del volcamiento de la misma. evento perpendicular al ducto. L=5m  An=0.30m Al=0.40m", "PROFUNDIDA": 1.79, "COD_ID": "HALL-7", "ENTREGA": "E40_R1", "LATITUD": 5.8121200980000367, "LONGITUD": -73.879244528999948, "IMAGEN_1": "C003_IMG_20250929_085450.jpg", "IMAGEN_2": "C003_IMG_20250929_085501.jpg", "IMAGEN_3": "C003_IMG_20250929_085519.jpg", "VISUALIZAR_IMAGEN_1": "https:\/\/drive.google.com\/uc?export=view&id=1fUi-_RjyJeC0Si3v_UDfBpdTxKN45xwy", "VISUALIZAR_IMAGEN_2": "https:\/\/drive.google.com\/uc?export=view&id=1koiVHiE6hOfnMFBh4zRq_RbV8p8gFjWp", "VISUALIZAR_IMAGEN_3": "https:\/\/drive.google.com\/uc?export=view&id=1-g7UB6hKibdD9i6x0BGONQJmCNsfAu5m" }, "geometry": { "type": "Point", "coordinates": [ -73.879244528999948, 5.812120098000037, 2108.877299999992829 ] } },
{ "type": "Feature", "properties": { "FECHA": "7\/09\/2025 00:00:00 (UTC)", "DEPTO": "(BOYACÁ)", "MUNICIPIO": "SANTA SOFÍA", "VEREDA": "HORNILLAS", "GASODUCTO": "(PORVENIR - LA BELLEZA)", "TRAMO": "Sutamarchan - La Belleza", "TP_DUCTO": "(Troncal)", "DISTRITO": "5", "DIAMETRO": "20\"", "TRM_REG": "(EL PORVENIR - LA BELLEZA)", "PK": "164+694", "TP_EVENTO": "OTRO", "LONG_EVENT": 40.0, "OBSERVACIO": "Reparación del ducto sobre linea troncal", "PROFUNDIDA": 0.0, "COD_ID": "HALL-8", "ENTREGA": "E40_R1", "LATITUD": 5.6847226140000657, "LONGITUD": -73.584266649999961, "IMAGEN_1": "C003_IMG_20250907_125741.jpg", "IMAGEN_2": "C003_IMG_20250907_125747.jpg", "IMAGEN_3": "C003_IMG_20250907_125753.jpg", "VISUALIZAR_IMAGEN_1": "https:\/\/drive.google.com\/uc?export=view&id=1tuMJ0W4ZRTt1pSeI0LP_TFslSIELfOFO", "VISUALIZAR_IMAGEN_2": "https:\/\/drive.google.com\/uc?export=view&id=1de2vEaOK-gkeFqUtkE_X_k-RJSAaagTA", "VISUALIZAR_IMAGEN_3": "https:\/\/drive.google.com\/uc?export=view&id=16fpTpbJLDxaIiyV50mN7cEL2Psqsi5ev" }, "geometry": { "type": "Point", "coordinates": [ -73.584266649999961, 5.684722614000066, 2194.716899999999441 ] } },
{ "type": "Feature", "properties": { "FECHA": "29\/09\/2025 00:00:00 (UTC)", "DEPTO": "(SANTANDER)", "MUNICIPIO": "FLORIÁN", "VEREDA": "LA VENTA", "GASODUCTO": "(PORVENIR - LA BELLEZA)", "TRAMO": "Puente Guillermo - La Belleza", "TP_DUCTO": "(Loop)", "DISTRITO": "5", "DIAMETRO": "30\"", "TRM_REG": "(EL PORVENIR - LA BELLEZA)", "PK": "011+440", "TP_EVENTO": "SOCAVACIÓN DE FONDO", "LONG_EVENT": 1.5, "OBSERVACIO": "Socavación en el fondo del cruce L=1.5m, An=2m, Al=0.4m, Evento perpendicular al ducto, evento sobre el DDV.", "PROFUNDIDA": 2.39, "COD_ID": "HALL-1", "ENTREGA": "E41_R1", "LATITUD": 5.8096100330000695, "LONGITUD": -73.90325441799996, "IMAGEN_1": "C003_IMG_20250929_125007.jpg", "IMAGEN_2": "C003_IMG_20250929_125012.jpg", "IMAGEN_3": "C003_IMG_20250929_125022.jpg", "VISUALIZAR_IMAGEN_1": "https:\/\/drive.google.com\/uc?export=view&id=16I04WiExjufXnjLaDYKbldJJ85lC2ISW", "VISUALIZAR_IMAGEN_2": "https:\/\/drive.google.com\/uc?export=view&id=1uEwwwaAlajEgGT9JOrOgmdvVcHBfje-d", "VISUALIZAR_IMAGEN_3": "https:\/\/drive.google.com\/uc?export=view&id=126G4cJA5EvN-eMQqEaaP4p0kYkJ0Dtzv" }, "geometry": { "type": "Point", "coordinates": [ -73.90325441799996, 5.80961003300007, 1958.171000000002095 ] } },
{ "type": "Feature", "properties": { "FECHA": "27\/09\/2025 00:00:00 (UTC)", "DEPTO": "(CESAR)", "MUNICIPIO": "PAILITAS", "VEREDA": "LA PAZ", "GASODUCTO": "(BALLENA - BARRANCABERMEJA)", "TRAMO": "Curumani - Norean", "TP_DUCTO": "(Troncal)", "DISTRITO": "6", "DIAMETRO": "18\"", "TRM_REG": "(BALLENA - BARRANCABERMEJA)", "PK": "344+284", "TP_EVENTO": "SURCOS", "LONG_EVENT": 30.0, "OBSERVACIO": "Surco en estado avanzado, parte de la formación viene de jaguey aguas atras (arriba)", "PROFUNDIDA": 2.19, "COD_ID": " ", "ENTREGA": "E42_R1", "LATITUD": 9.0147224480000432, "LONGITUD": -73.662153448999959, "IMAGEN_1": "C002_IMG_20250927_073640.jpg", "IMAGEN_2": "C002_IMG_20250927_073645.jpg", "IMAGEN_3": "C002_IMG_20250927_073650.jpg", "VISUALIZAR_IMAGEN_1": "https:\/\/drive.google.com\/uc?export=view&id=1ju9vty4drvRIim8JV2WYARltKlco9Qko", "VISUALIZAR_IMAGEN_2": "https:\/\/drive.google.com\/uc?export=view&id=1f3tmInK-YISFaTJBorlycwUF8M7L0XtC", "VISUALIZAR_IMAGEN_3": "https:\/\/drive.google.com\/uc?export=view&id=19Nq3MQuHYQl0x7cT_bCsRmV5BDIWmkBt" }, "geometry": { "type": "Point", "coordinates": [ -73.662153448999959, 9.014722448000043, 0.0 ] } },
{ "type": "Feature", "properties": { "FECHA": "3\/10\/2025 00:00:00 (UTC)", "DEPTO": "(SANTANDER)", "MUNICIPIO": "LA BELLEZA", "VEREDA": "LA PLAYA", "GASODUCTO": "(CENTRO - ORIENTE)", "TRAMO": "La Belleza - Vasconia", "TP_DUCTO": "(Loop)", "DISTRITO": "1", "DIAMETRO": "16\"", "TRM_REG": "(LA BELLEZA - VASCONIA)", "PK": "006+169", "TP_EVENTO": "VOLCAMIENTOS", "LONG_EVENT": 10.0, "OBSERVACIO": "Leve volcamiento de gavion a 4m del eje del ducto del LOOP debido a socavacion por flujos de agua ocasionales, L=10m, An=0.2m, Al=0.2m, evento paralelo al ducto", "PROFUNDIDA": 1.5, "COD_ID": " ", "ENTREGA": "E45_R1", "LATITUD": 5.8334909610000523, "LONGITUD": -74.008889005999947, "IMAGEN_1": "C003_IMG_20251003_114144.jpg", "IMAGEN_2": "C003_IMG_20251003_114150.jpg", "IMAGEN_3": "C003_IMG_20251003_114156.jpg", "VISUALIZAR_IMAGEN_1": "https:\/\/drive.google.com\/uc?export=view&id=1_TdsYNSrtPj7nujJPB1tZf3qLerHFDZ0", "VISUALIZAR_IMAGEN_2": "https:\/\/drive.google.com\/uc?export=view&id=1fHMB2pOpE3qdCdKr-CMg5VRI9g0JfjKy", "VISUALIZAR_IMAGEN_3": "https:\/\/drive.google.com\/uc?export=view&id=18xIOaiNgGCd7r6uoqN5Ol9jAaOvRO9us" }, "geometry": { "type": "Point", "coordinates": [ -74.008889005999947, 5.833490961000052, 1775.538199999995413 ] } },
{ "type": "Feature", "properties": { "FECHA": "4\/10\/2025 00:00:00 (UTC)", "DEPTO": "(SANTANDER)", "MUNICIPIO": "FLORIÁN", "VEREDA": "OTRO MUNDO", "GASODUCTO": "(CENTRO - ORIENTE)", "TRAMO": "La Belleza - Vasconia", "TP_DUCTO": "(Loop)", "DISTRITO": "1", "DIAMETRO": "16\"", "TRM_REG": "(LA BELLEZA - VASCONIA)", "PK": "010+903", "TP_EVENTO": "OTRO", "LONG_EVENT": 10.0, "OBSERVACIO": "Obra sobre el DDV no se encuentra personal en el sitio, L=10m, An=1m, Al=2m, paralelo al ducto", "PROFUNDIDA": 2.02, "COD_ID": " ", "ENTREGA": "E45_R1", "LATITUD": 5.8428286120000621, "LONGITUD": -74.044552084999964, "IMAGEN_1": "C003_IMG_20251004_125711.jpg", "IMAGEN_2": "C003_IMG_20251004_125716.jpg", "IMAGEN_3": "C003_IMG_20251004_125726.jpg", "VISUALIZAR_IMAGEN_1": "https:\/\/drive.google.com\/uc?export=view&id=1OA3NcpddYYRv9J4_LXCQPditOV64I-cT", "VISUALIZAR_IMAGEN_2": "https:\/\/drive.google.com\/uc?export=view&id=1Ye43StM-Ozp-wNUuFN6wWOMhE2w3_upF", "VISUALIZAR_IMAGEN_3": "https:\/\/drive.google.com\/uc?export=view&id=17vNdliZMOFIZf4gNg6w46Hk9BPxyKF8k" }, "geometry": { "type": "Point", "coordinates": [ -74.044552084999964, 5.842828612000062, 700.755399999994552 ] } },
{ "type": "Feature", "properties": { "FECHA": "1\/11\/2025 00:00:00 (UTC)", "DEPTO": "(BOYACÁ)", "MUNICIPIO": "PUERTO BOYACÁ", "VEREDA": "CALDERON", "GASODUCTO": "(CENTRO - ORIENTE)", "TRAMO": "La Belleza - Vasconia", "TP_DUCTO": "Troncal", "DISTRITO": "1", "DIAMETRO": "12\"", "TRM_REG": "(LA BELLEZA - VASCONIA)", "PK": "309+417", "TP_EVENTO": "EROSIÓN LAMINAR", "LONG_EVENT": 10.0, "OBSERVACIO": "Se observa ausencia de cobertura vegetal en talud debido a la accion del agua lluvia y el viento, se observa que el terreno es bastante gravoso y arenoso por lo que es facilmente erosionable L=10m, An=2m, Al=2m", "PROFUNDIDA": 1.75, "COD_ID": " ", "ENTREGA": "E46_R1", "LATITUD": 6.0175395120000417, "LONGITUD": -74.516726295999945, "IMAGEN_1": "C003_IMG_20251101_080130.jpg", "IMAGEN_2": "C003_IMG_20251101_080156.jpg", "IMAGEN_3": "C003_IMG_20251101_080203.jpg", "VISUALIZAR_IMAGEN_1": "https:\/\/drive.google.com\/uc?export=view&id=1eyqoejTaf2iT1JfyBoba4FbRFTNGCdWc", "VISUALIZAR_IMAGEN_2": "https:\/\/drive.google.com\/uc?export=view&id=1WCqfGNSRVcCO6Tge4Cs0tc2qP7VkZv-v", "VISUALIZAR_IMAGEN_3": "https:\/\/drive.google.com\/uc?export=view&id=1cyKIWa5qyH3Dxp9wzID8pnyLdD8OICm8" }, "geometry": { "type": "Point", "coordinates": [ -74.516726295999945, 6.017539512000042, 193.045299999997951 ] } },
{ "type": "Feature", "properties": { "FECHA": "5\/11\/2025 00:00:00 (UTC)", "DEPTO": "(BOYACÁ)", "MUNICIPIO": "PUERTO BOYACÁ", "VEREDA": "CALDERON", "GASODUCTO": "(CENTRO - ORIENTE)", "TRAMO": "La Belleza - Vasconia", "TP_DUCTO": "Troncal", "DISTRITO": "1", "DIAMETRO": "12\"", "TRM_REG": "(LA BELLEZA - VASCONIA)", "PK": "315+454", "TP_EVENTO": "EROSIÓN LAMINAR", "LONG_EVENT": 10.0, "OBSERVACIO": "Zona con indicios de erosion y perdida de covertura vegetal debido al agua lluvia, el viento y la composocion del suelo la cual es alta en concentracion de arenas y gravas, evento perpendicular al ducto L=10m, An=20m, Al=0.5m", "PROFUNDIDA": 1.78, "COD_ID": " ", "ENTREGA": "E46_R1", "LATITUD": 6.0535795990000452, "LONGITUD": -74.552793305999955, "IMAGEN_1": "C003_IMG_20251105_090930.jpg", "IMAGEN_2": "C003_IMG_20251105_090936.jpg", "IMAGEN_3": "C003_IMG_20251105_090944.jpg", "VISUALIZAR_IMAGEN_1": "https:\/\/drive.google.com\/uc?export=view&id=10-N79W1mYy-4wvlCSyGkTVWgyTRZz81d", "VISUALIZAR_IMAGEN_2": "https:\/\/drive.google.com\/uc?export=view&id=1VB0AOD0w20eIOJEOv0jQlXJ742S_Y8rE", "VISUALIZAR_IMAGEN_3": "https:\/\/drive.google.com\/uc?export=view&id=1LVoFczriGQcmEV5oaXauqdH2qNVRun4c" }, "geometry": { "type": "Point", "coordinates": [ -74.552793305999955, 6.053579599000045, 0.0 ] } },
{ "type": "Feature", "properties": { "FECHA": "28\/10\/2025 00:00:00 (UTC)", "DEPTO": "(BOYACÁ)", "MUNICIPIO": "PUERTO BOYACÁ", "VEREDA": "VELASQUEZ", "GASODUCTO": "CENTRO - ORIENTE", "TRAMO": "Puerto Romero - Vasconia", "TP_DUCTO": "Loop", "DISTRITO": "1", "DIAMETRO": "30\"", "TRM_REG": "LA BELLEZA - VASCONIA", "PK": "005+624", "TP_EVENTO": "SURCOS", "LONG_EVENT": 5.0, "OBSERVACIO": "Surcos sobre el DDV, producidos por erosion debido al agua lluvia, evento perpendicular al ducto L=5m, An=7m, Al=4m", "PROFUNDIDA": 2.26, "COD_ID": "HALL-1", "ENTREGA": "E47_R1", "LATITUD": 5.958351589000074, "LONGITUD": -74.455757159999962, "IMAGEN_1": "C003_IMG_20251028_072503.jpg", "IMAGEN_2": "C003_IMG_20251028_072418.jpg", "IMAGEN_3": "C003_IMG_20251028_072425.jpg", "VISUALIZAR_IMAGEN_1": "https:\/\/drive.google.com\/uc?export=view&id=1_OQqLJDv8BrPaOl_N9gNQGKKTVRUd_40", "VISUALIZAR_IMAGEN_2": "https:\/\/drive.google.com\/uc?export=view&id=1Yq1JWkorgMg2lBIPx7w799TnIV3I2Bh1", "VISUALIZAR_IMAGEN_3": "https:\/\/drive.google.com\/uc?export=view&id=13SPXlp--OiSFHVgjAM9jJoe-5xYK0lgB" }, "geometry": { "type": "Point", "coordinates": [ -74.455757159999962, 5.958351589000074, 191.535600000002887 ] } },
{ "type": "Feature", "properties": { "FECHA": "1\/11\/2025 00:00:00 (UTC)", "DEPTO": "(BOYACÁ)", "MUNICIPIO": "PUERTO BOYACÁ", "VEREDA": "CALDERON", "GASODUCTO": "CENTRO - ORIENTE", "TRAMO": "Puerto Romero - Vasconia", "TP_DUCTO": "Loop", "DISTRITO": "1", "DIAMETRO": "30\"", "TRM_REG": "LA BELLEZA - VASCONIA", "PK": "015+648", "TP_EVENTO": "SOCAVACIÓN DE FONDO", "LONG_EVENT": 70.0, "OBSERVACIO": "Socavación ddv", "PROFUNDIDA": 0.45, "COD_ID": "HALL-2", "ENTREGA": "E47_R1", "LATITUD": 6.0190946470000313, "LONGITUD": -74.518626035999944, "IMAGEN_1": "C003_IMG_20251101_074213.jpg", "IMAGEN_2": "C003_IMG_20251101_074227.jpg", "IMAGEN_3": "C003_IMG_20251101_074253.jpg", "VISUALIZAR_IMAGEN_1": "https:\/\/drive.google.com\/uc?export=view&id=1hvRK4Be_bzR8Ufn3YhBbTlcLVtme_nEJ", "VISUALIZAR_IMAGEN_2": "https:\/\/drive.google.com\/uc?export=view&id=19LchYkyZU5pctW9DdEUEWf1Fzus11ubZ", "VISUALIZAR_IMAGEN_3": "https:\/\/drive.google.com\/uc?export=view&id=1jSmpmi9nDN44eWSrUERFuecUIFEM6z4z" }, "geometry": { "type": "Point", "coordinates": [ -74.518626035999944, 6.019094647000031, 177.821400000000722 ] } },
{ "type": "Feature", "properties": { "FECHA": "5\/11\/2025 00:00:00 (UTC)", "DEPTO": "(BOYACÁ)", "MUNICIPIO": "PUERTO BOYACÁ", "VEREDA": "CALDERON", "GASODUCTO": "CENTRO - ORIENTE", "TRAMO": "Puerto Romero - Vasconia", "TP_DUCTO": "Loop", "DISTRITO": "1", "DIAMETRO": "30\"", "TRM_REG": "LA BELLEZA - VASCONIA", "PK": "021+213", "TP_EVENTO": "EROSIÓN LAMINAR", "LONG_EVENT": 20.0, "OBSERVACIO": "Zona con indicios de erosion y perdida de covertura vegetal debido al agua lluvia, el viento y la composocion del suelo la cual es alta en concentracion de arenas y gravas, evento perpendicular al ducto L=20m, An=20m, Al=0.5m", "PROFUNDIDA": 2.02, "COD_ID": "HALL-3", "ENTREGA": "E47_R1", "LATITUD": 6.0527902340000423, "LONGITUD": -74.552303998999946, "IMAGEN_1": "C003_IMG_20251105_090516.jpg", "IMAGEN_2": "C003_IMG_20251105_090529.jpg", "IMAGEN_3": "C003_IMG_20251105_090543.jpg", "VISUALIZAR_IMAGEN_1": "https:\/\/drive.google.com\/uc?export=view&id=1PYNb-qy5Xdu2rhTRsqebX-R14CKU0YsN", "VISUALIZAR_IMAGEN_2": "https:\/\/drive.google.com\/uc?export=view&id=1lQ7Yg9LZeVXo6_22aIvcDayxUbt0eVPI", "VISUALIZAR_IMAGEN_3": "https:\/\/drive.google.com\/uc?export=view&id=1tXlDQ6mbbNbhNGV2NoVnUOJ98mv3oNEa" }, "geometry": { "type": "Point", "coordinates": [ -74.552303998999946, 6.052790234000042, 157.281600000002072 ] } },
{ "type": "Feature", "properties": { "FECHA": "18\/02\/2026 00:00:00 (UTC)", "DEPTO": "(SANTANDER)", "MUNICIPIO": "SIMACOTA", "VEREDA": "PULPAPEL", "GASODUCTO": "(CENTRO - ORIENTE)", "TRAMO": "Barrancabermeja - Sebastopol", "TP_DUCTO": "(Troncal)", "DISTRITO": "1", "DIAMETRO": "20\"", "TRM_REG": "(BARRANCABERMEJA - SEBASTOPOL)", "PK": "045+674", "TP_EVENTO": "OTRO", "LONG_EVENT": 4.0, "OBSERVACIO": "Tubería expuesta por excavación mecánica de la firma 'Periotécnica' durante obras de perforación horizontal dirigida (PHD). La intervención busca el cambio de trazado del cruce subfluvial bajo el río Opón.", "PROFUNDIDA": 0.0, "COD_ID": "HALL-1", "ENTREGA": "E05_R2", "LATITUD": 6.7750794940000674, "LONGITUD": -73.926062333999937, "IMAGEN_1": "C001_IMG_20260218_095714.jpg", "IMAGEN_2": "C001_IMG_20260218_095721.jpg", "IMAGEN_3": "C001_IMG_20260218_095733.jpg", "VISUALIZAR_IMAGEN_1": "https:\/\/drive.google.com\/uc?export=view&id=1kush5-SMiQ3f29xtUHGZPsRIU7h15p8h", "VISUALIZAR_IMAGEN_2": "https:\/\/drive.google.com\/uc?export=view&id=1WGApBgDHCen3xN6p1eovNEY7PGSCi7VV", "VISUALIZAR_IMAGEN_3": "https:\/\/drive.google.com\/uc?export=view&id=17azTlCbJDQj4AovMV4Z72ujlGsy32ILg" }, "geometry": { "type": "Point", "coordinates": [ -73.926062333999937, 6.775079494000067, 96.414300000004005 ] } },
{ "type": "Feature", "properties": { "FECHA": "19\/02\/2026 00:00:00 (UTC)", "DEPTO": "(SANTANDER)", "MUNICIPIO": "PUERTO PARRA", "VEREDA": "PATIO BONITO", "GASODUCTO": "(CENTRO - ORIENTE)", "TRAMO": "Barrancabermeja - Sebastopol", "TP_DUCTO": "(Troncal)", "DISTRITO": "1", "DIAMETRO": "20\"", "TRM_REG": "(BARRANCABERMEJA - SEBASTOPOL)", "PK": "055+506", "TP_EVENTO": "SOCAVACIÓN DE FONDO", "LONG_EVENT": 50.0, "OBSERVACIO": "Se identifica tubería expuesta en lecho de cuerpo hídrico menor con obras geotécnicas recientes. Se recomienda el lastrado en concreto de la línea para mitigar riesgos de socavación o desplazamiento ante posibles crecientes súbitas.", "PROFUNDIDA": 0.0, "COD_ID": "HALL-2", "ENTREGA": "E05_R2", "LATITUD": 6.7090543190000744, "LONGITUD": -73.979789379999943, "IMAGEN_1": "C001_IMG_20260219_084441.jpg", "IMAGEN_2": "C001_IMG_20260219_084447.jpg", "IMAGEN_3": "C001_IMG_20260219_084503.jpg", "VISUALIZAR_IMAGEN_1": "https:\/\/drive.google.com\/uc?export=view&id=10wuf1alMVtWqkkRdPRhD8Z1nVppZlIFj", "VISUALIZAR_IMAGEN_2": "https:\/\/drive.google.com\/uc?export=view&id=1otDlX4CsIUY4_Q2UxubrUNHGNE8saRbF", "VISUALIZAR_IMAGEN_3": "https:\/\/drive.google.com\/uc?export=view&id=1vTxRzLg3c1RdOcb13QR6NFfQhxh-tiKD" }, "geometry": { "type": "Point", "coordinates": [ -73.979789379999943, 6.709054319000074, 118.985100000005332 ] } },
{ "type": "Feature", "properties": { "FECHA": "24\/02\/2026 00:00:00 (UTC)", "DEPTO": "(SANTANDER)", "MUNICIPIO": "CIMITARRA", "VEREDA": "LOS MORROS", "GASODUCTO": "(CENTRO - ORIENTE)", "TRAMO": "Barrancabermeja - Sebastopol", "TP_DUCTO": "(Troncal)", "DISTRITO": "1", "DIAMETRO": "20\"", "TRM_REG": "(BARRANCABERMEJA - SEBASTOPOL)", "PK": "091+016", "TP_EVENTO": "CARCAVAS", "LONG_EVENT": 30.0, "OBSERVACIO": "Cárcavas en el DDV por erosión hídrica superficial. La escorrentía degrada el suelo, compuesto por materiales altamente erosionables, generando inestabilidad geotécnica que compromete la cobertura y seguridad del gasoducto enterrado.", "PROFUNDIDA": 1.46, "COD_ID": "HALL-3", "ENTREGA": "E05_R2", "LATITUD": 6.5549571090000427, "LONGITUD": -74.241938296999933, "IMAGEN_1": "C001_IMG_20260224_094759.jpg", "IMAGEN_2": "C001_IMG_20260224_094807.jpg", "IMAGEN_3": "C001_IMG_20260224_094818.jpg", "VISUALIZAR_IMAGEN_1": "https:\/\/drive.google.com\/uc?export=view&id=1BjlEkiDGu182lq-7_vEuASztyjAPYozK", "VISUALIZAR_IMAGEN_2": "https:\/\/drive.google.com\/uc?export=view&id=1JrY8S9pyH4QWgiT7ZBN_AFF983ncWvq5", "VISUALIZAR_IMAGEN_3": "https:\/\/drive.google.com\/uc?export=view&id=1GBUD8Et_RVww-Mz92sNb8e2i3U_avi7K" }, "geometry": { "type": "Point", "coordinates": [ -74.241938296999933, 6.554957109000043, 124.605500000005122 ] } },
{ "type": "Feature", "properties": { "FECHA": "22\/01\/2026 00:00:00 (UTC)", "DEPTO": "(CUNDINAMARCA)", "MUNICIPIO": "GUADUAS", "VEREDA": "CEDRALES", "GASODUCTO": "(CENTRO - ORIENTE)", "TRAMO": "Puerto Salgar - Mariquita", "TP_DUCTO": "(Troncal)", "DISTRITO": "2", "DIAMETRO": "20\"", "TRM_REG": "(VASCONIA - MARIQUITA)", "PK": "256+490", "TP_EVENTO": "SOCAVACIÓN LATERAL", "LONG_EVENT": 10.0, "OBSERVACIO": "Se observa socavación en las márgenes del cauce por escorrentía de aguas lluvias ocasionales; la naturaleza arenosa del material facilita el arrastre de finos, generando este proceso erosivo que compromete la estabilidad del área del gasoducto.", "PROFUNDIDA": 0.95, "COD_ID": "HALL-1", "ENTREGA": "E01_R2", "LATITUD": 5.3858949950000579, "LONGITUD": -74.67229471099995, "IMAGEN_1": "C001_IMG_20260122_070834.jpg", "IMAGEN_2": "C001_IMG_20260122_070847.jpg", "IMAGEN_3": "C001_IMG_20260122_070857.jpg", "VISUALIZAR_IMAGEN_1": "https:\/\/drive.google.com\/uc?export=view&id=1ifXhisCjhHXuz6eo5Tox-tghwdsmRNvL", "VISUALIZAR_IMAGEN_2": "https:\/\/drive.google.com\/uc?export=view&id=1_neajD1la2cjbRysiG_8TZLblH5xlmai", "VISUALIZAR_IMAGEN_3": "https:\/\/drive.google.com\/uc?export=view&id=1HlS207u0UnPce68XSwJPC5p4uufof-mB" }, "geometry": { "type": "Point", "coordinates": [ -74.67229471099995, 5.385894995000058, 190.410000000003492 ] } },
{ "type": "Feature", "properties": { "FECHA": "24\/01\/2026 00:00:00 (UTC)", "DEPTO": "(CALDAS)", "MUNICIPIO": "LA DORADA", "VEREDA": "PURNIO", "GASODUCTO": "(CENTRO - ORIENTE)", "TRAMO": "Termodorada", "TP_DUCTO": "(Ramal)", "DISTRITO": "2", "DIAMETRO": "12\"", "TRM_REG": "(VASCONIA - MARIQUITA)", "PK": "006+075", "TP_EVENTO": "SURCOS", "LONG_EVENT": 20.0, "OBSERVACIO": "Surcos en pendiente pronunciada por flujo de agua lluvia. El suelo es altamente erosionable y arenoso, lo que genera surcos y desprendimiento de material, afectando la estabilidad de la ladera y la cobertura vegetal en esta zona montañosa.", "PROFUNDIDA": 3.47, "COD_ID": "HALL-2", "ENTREGA": "E01_R2", "LATITUD": 5.4164340690000472, "LONGITUD": -74.688262900999973, "IMAGEN_1": "C001_IMG_20260124_082815.jpg", "IMAGEN_2": "C001_IMG_20260124_082833.jpg", "IMAGEN_3": "C001_IMG_20260124_082857.jpg", "VISUALIZAR_IMAGEN_1": "https:\/\/drive.google.com\/uc?export=view&id=10IY3WVXyxNCZaC49jmKLUi03AoDZEsA9", "VISUALIZAR_IMAGEN_2": "https:\/\/drive.google.com\/uc?export=view&id=1bHpCKZaw2ayLv61atPEll3XwPFG8xJYs", "VISUALIZAR_IMAGEN_3": "https:\/\/drive.google.com\/uc?export=view&id=1XmjPlqCi-LSzTjB75Id1ARQ8Rp71CLdu" }, "geometry": { "type": "Point", "coordinates": [ -74.688262900999973, 5.416434069000047, 207.39100000000326 ] } },
{ "type": "Feature", "properties": { "FECHA": "26\/01\/2026 00:00:00 (UTC)", "DEPTO": "(CALDAS)", "MUNICIPIO": "LA DORADA", "VEREDA": "LAS CAMELIAS", "GASODUCTO": "(CENTRO - ORIENTE)", "TRAMO": "Puerto Salgar - Mariquita", "TP_DUCTO": "(Troncal)", "DISTRITO": "2", "DIAMETRO": "20\"", "TRM_REG": "(VASCONIA - MARIQUITA)", "PK": "270+693", "TP_EVENTO": "CARCAVAS", "LONG_EVENT": 5.0, "OBSERVACIO": "Erosión pronunciada en DDV. Litología arenosa friable vulnerable a flujos de escorrentía por topografía circundante. Riesgo de pérdida de cobertura. Sugerido: Reconformación y revegetalización. L=5m, An=5m, Al=0.5m. Evento perpendicular al ducto.", "PROFUNDIDA": 2.19, "COD_ID": "HALL-3", "ENTREGA": "E01_R2", "LATITUD": 5.3061143140000695, "LONGITUD": -74.744138201999988, "IMAGEN_1": "C001_IMG_20260126_080912.jpg", "IMAGEN_2": "C001_IMG_20260126_080918.jpg", "IMAGEN_3": "C001_IMG_20260126_080924.jpg", "VISUALIZAR_IMAGEN_1": "https:\/\/drive.google.com\/uc?export=view&id=1aJPXdffs8y4i6EXfKMDjOg8by7xihJIV", "VISUALIZAR_IMAGEN_2": "https:\/\/drive.google.com\/uc?export=view&id=18dYCKlzrB_9viWVovAMdSSCW9JsNMy5j", "VISUALIZAR_IMAGEN_3": "https:\/\/drive.google.com\/uc?export=view&id=12t97BVYG1VMJf_qUT0i0zRssNR0wx-Kd" }, "geometry": { "type": "Point", "coordinates": [ -74.744138201999988, 5.306114314000069, 216.059999999997672 ] } },
{ "type": "Feature", "properties": { "FECHA": "26\/01\/2026 00:00:00 (UTC)", "DEPTO": "(CALDAS)", "MUNICIPIO": "LA DORADA", "VEREDA": "HORIZONTES", "GASODUCTO": "(CENTRO - ORIENTE)", "TRAMO": "Puerto Salgar - Mariquita", "TP_DUCTO": "(Troncal)", "DISTRITO": "2", "DIAMETRO": "20\"", "TRM_REG": "(VASCONIA - MARIQUITA)", "PK": "272+299", "TP_EVENTO": "SOCAVACIÓN LATERAL", "LONG_EVENT": 10.0, "OBSERVACIO": "Socavación lateral en margen izquierda de cauce estacional. El flujo invernal genera erosión regresiva en el talud, incrementando la vulnerabilidad del sector y la exposición de la tubería. L=10m, An=1m, Al=2.5m. Evento Perpendicular al ducto.", "PROFUNDIDA": 0.89, "COD_ID": "HALL-4", "ENTREGA": "E01_R2", "LATITUD": 5.2968041490000246, "LONGITUD": -74.752293269999939, "IMAGEN_1": "C001_IMG_20260126_085736.jpg", "IMAGEN_2": "C001_IMG_20260126_085742.jpg", "IMAGEN_3": "C001_IMG_20260126_085755.jpg", "VISUALIZAR_IMAGEN_1": "https:\/\/drive.google.com\/uc?export=view&id=1ovyzuJxTf2vhrX14KDlFrnfcVoF7LGjY", "VISUALIZAR_IMAGEN_2": "https:\/\/drive.google.com\/uc?export=view&id=14DtiCYzbGzWFZ-jg7OdFuI9mEk4V3Q-m", "VISUALIZAR_IMAGEN_3": "https:\/\/drive.google.com\/uc?export=view&id=1yj77LhZreS2VcaTIuT9vnkbdO8rcUiJz" }, "geometry": { "type": "Point", "coordinates": [ -74.752293269999939, 5.296804149000025, 209.297999999995227 ] } },
{ "type": "Feature", "properties": { "FECHA": "19\/01\/2026 00:00:00 (UTC)", "DEPTO": "(CUNDINAMARCA)", "MUNICIPIO": "PUERTO SALGAR", "VEREDA": "YERBABUENA", "GASODUCTO": "(CENTRO - ORIENTE)", "TRAMO": "Vasconia - Puerto Salgar", "TP_DUCTO": "(Troncal)", "DISTRITO": "1", "DIAMETRO": "20\"", "TRM_REG": "(VASCONIA - MARIQUITA)", "PK": "238+184", "TP_EVENTO": "SOCAVACIÓN LATERAL", "LONG_EVENT": 4.0, "OBSERVACIO": "Socavación lateral en margen derecha por avenida torrencial. El evento provocó el volcamiento de un árbol y desprendimiento masivo de suelo en el talud, generando una pérdida severa de sección y material en el caño. L=4m, An=1m, Al=3m. Evento perpend", "PROFUNDIDA": 1.89, "COD_ID": "HALL-5", "ENTREGA": "E01_R2", "LATITUD": 5.5314501480000331, "LONGITUD": -74.623700982999935, "IMAGEN_1": "C001_IMG_20260119_100012.jpg", "IMAGEN_2": "C001_IMG_20260119_100027.jpg", "IMAGEN_3": "C001_IMG_20260119_100036.jpg", "VISUALIZAR_IMAGEN_1": "https:\/\/drive.google.com\/uc?export=view&id=1v9_7Op4Pp3GaPheJoMw7m2FPTQ0LHORy", "VISUALIZAR_IMAGEN_2": "https:\/\/drive.google.com\/uc?export=view&id=10uUIvsq5mz9mtIPVJC1MhIt_hBMyj25-", "VISUALIZAR_IMAGEN_3": "https:\/\/drive.google.com\/uc?export=view&id=1vdTIbVZRZUSgd_XaxPCixCrbTQXgDDhc" }, "geometry": { "type": "Point", "coordinates": [ -74.623700982999935, 5.531450148000033, 177.089000000007218 ] } },
{ "type": "Feature", "properties": { "FECHA": "21\/01\/2026 00:00:00 (UTC)", "DEPTO": "(CUNDINAMARCA)", "MUNICIPIO": "GUADUAS", "VEREDA": "CEDRALES", "GASODUCTO": "(CENTRO - ORIENTE)", "TRAMO": "Puerto Salgar - Mariquita", "TP_DUCTO": "(Troncal)", "DISTRITO": "2", "DIAMETRO": "20\"", "TRM_REG": "(VASCONIA - MARIQUITA)", "PK": "251+544", "TP_EVENTO": "CARCAVAS", "LONG_EVENT": 10.0, "OBSERVACIO": "Cárcavas por erosión hídrica localizadas sobre el derecho de vía. Los agujeros en el terreno evidencian una degradación progresiva por escorrentía, lo que podría derivar en la exposición del ducto si no se implementan obras de canalizacion.", "PROFUNDIDA": 2.57, "COD_ID": "HALL-6", "ENTREGA": "E01_R2", "LATITUD": 5.4219250780000721, "LONGITUD": -74.650239515999942, "IMAGEN_1": "C001_IMG_20260121_085436.jpg", "IMAGEN_2": "C001_IMG_20260121_085449.jpg", "IMAGEN_3": "C001_IMG_20260121_085505.jpg", "VISUALIZAR_IMAGEN_1": "https:\/\/drive.google.com\/uc?export=view&id=19-jpcxD5ebhrkrfWOrwOpQtQo4Mtqn2F", "VISUALIZAR_IMAGEN_2": "https:\/\/drive.google.com\/uc?export=view&id=1yHDAX64iWXuAYQBpR3J3DZRLyG9A9XAn", "VISUALIZAR_IMAGEN_3": "https:\/\/drive.google.com\/uc?export=view&id=14FEeITBGIEBZlS8NjQj70SLhwgScA-fP" }, "geometry": { "type": "Point", "coordinates": [ -74.650239515999942, 5.421925078000072, 186.505000000004657 ] } },
{ "type": "Feature", "properties": { "FECHA": "19\/01\/2026 00:00:00 (UTC)", "DEPTO": "(BOYACÁ)", "MUNICIPIO": "PUERTO BOYACÁ", "VEREDA": "EL PESCADO", "GASODUCTO": "(CENTRO - ORIENTE)", "TRAMO": "Vasconia - Puerto Salgar", "TP_DUCTO": "(Troncal)", "DISTRITO": "1", "DIAMETRO": "20\"", "TRM_REG": "(VASCONIA - MARIQUITA)", "PK": "189+377", "TP_EVENTO": "DESLIZAMIENTO ROTACIONAL", "LONG_EVENT": 10.0, "OBSERVACIO": "Deslizamiento cerca a la tubería", "PROFUNDIDA": 1.69, "COD_ID": "HALL-1", "ENTREGA": "E02_R2", "LATITUD": 5.9147311110000373, "LONGITUD": -74.566600555999969, "IMAGEN_1": "C002_IMG_20260119_084506.jpg", "IMAGEN_2": "C002_IMG_20260119_084517.jpg", "IMAGEN_3": "C002_IMG_20260119_084525.jpg", "VISUALIZAR_IMAGEN_1": "https:\/\/drive.google.com\/uc?export=view&id=1-PCr2DbDlmNAmjbei9vBbHivLbwl5XUq", "VISUALIZAR_IMAGEN_2": "https:\/\/drive.google.com\/uc?export=view&id=1QKaACKsy4oXkjAbzFP1AHf2CXL0joyfI", "VISUALIZAR_IMAGEN_3": "https:\/\/drive.google.com\/uc?export=view&id=1riufHARGbLe5EJAXxDwXoJ1gkyH-8h0A" }, "geometry": { "type": "Point", "coordinates": [ -74.566600555999969, 5.914731111000037, 155.861000000004424 ] } },
{ "type": "Feature", "properties": { "FECHA": "2\/02\/2026 00:00:00 (UTC)", "DEPTO": "(BOYACÁ)", "MUNICIPIO": "PUERTO BOYACÁ", "VEREDA": "PALAGUA", "GASODUCTO": "(CENTRO - ORIENTE)", "TRAMO": "Sebastopol - Vasconia", "TP_DUCTO": "(Troncal)", "DISTRITO": "1", "DIAMETRO": "20\"", "TRM_REG": "(SEBASTOPOL - VASCONIA)", "PK": "164+341", "TP_EVENTO": "CARCAVAS", "LONG_EVENT": 10.0, "OBSERVACIO": "Carvavas en suelo arenoso", "PROFUNDIDA": 1.24, "COD_ID": "HALL-2", "ENTREGA": "E02_R2", "LATITUD": 6.1178271940000286, "LONGITUD": -74.556451486999947, "IMAGEN_1": "C002_IMG_20260202_095937.jpg", "IMAGEN_2": "C002_IMG_20260202_095944.jpg", "IMAGEN_3": "C002_IMG_20260202_095949.jpg", "VISUALIZAR_IMAGEN_1": "https:\/\/drive.google.com\/uc?export=view&id=13YESNzpaxZcjIOPcz3FK-WELOTtdMW9s", "VISUALIZAR_IMAGEN_2": "https:\/\/drive.google.com\/uc?export=view&id=1mxCpBuqHqnneJGgGFvw4v43p1bQn3gNH", "VISUALIZAR_IMAGEN_3": "https:\/\/drive.google.com\/uc?export=view&id=1tJF3eSsRrX2sxMrZ0CcVX0dI7hMcYs0C" }, "geometry": { "type": "Point", "coordinates": [ -74.556451486999947, 6.117827194000029, 166.100300000005518 ] } },
{ "type": "Feature", "properties": { "FECHA": "25\/01\/2026 00:00:00 (UTC)", "DEPTO": "(SANTANDER)", "MUNICIPIO": "CIMITARRA", "VEREDA": "TIERRADENTRO", "GASODUCTO": "(CENTRO - ORIENTE)", "TRAMO": "Sebastopol - Vasconia", "TP_DUCTO": "(Troncal)", "DISTRITO": "1", "DIAMETRO": "20\"", "TRM_REG": "(SEBASTOPOL - VASCONIA)", "PK": "128+292", "TP_EVENTO": "DESLIZAMIENTO TRASLACIONAL", "LONG_EVENT": 4.0, "OBSERVACIO": "Deslizamiento cerca a cuerpo de agua", "PROFUNDIDA": 2.3, "COD_ID": "HALL-3", "ENTREGA": "E02_R2", "LATITUD": 6.3676571850000414, "LONGITUD": -74.417485764999981, "IMAGEN_1": "C002_IMG_20260125_090128.jpg", "IMAGEN_2": "C002_IMG_20260125_090134.jpg", "IMAGEN_3": "C002_IMG_20260125_090139.jpg", "VISUALIZAR_IMAGEN_1": "https:\/\/drive.google.com\/uc?export=view&id=1Z50-ZnwRCLr3678Y87qMcJC6EieYzD2Y", "VISUALIZAR_IMAGEN_2": "https:\/\/drive.google.com\/uc?export=view&id=1jcqk-KwEzrqLB3uCTx2od97VkRibFEYw", "VISUALIZAR_IMAGEN_3": "https:\/\/drive.google.com\/uc?export=view&id=1wFhK_4KnVw7M9gHomnI4soz7_p4yYmHA" }, "geometry": { "type": "Point", "coordinates": [ -74.417485764999981, 6.367657185000041, 143.763800000000629 ] } },
{ "type": "Feature", "properties": { "FECHA": "31\/01\/2026 00:00:00 (UTC)", "DEPTO": "(BOYACÁ)", "MUNICIPIO": "PUERTO BOYACÁ", "VEREDA": "ERMITANO", "GASODUCTO": "(CENTRO - ORIENTE)", "TRAMO": "Sebastopol - Vasconia", "TP_DUCTO": "(Troncal)", "DISTRITO": "1", "DIAMETRO": "20\"", "TRM_REG": "(SEBASTOPOL - VASCONIA)", "PK": "154+078", "TP_EVENTO": "OTRO", "LONG_EVENT": 4.0, "OBSERVACIO": "Excavación sobre la tuberia de Cenit (10 mts) al costado derecho de la tubería", "PROFUNDIDA": 1.6, "COD_ID": "HALL-4", "ENTREGA": "E02_R2", "LATITUD": 6.2056604850000667, "LONGITUD": -74.557929660999946, "IMAGEN_1": "C002_IMG_20260131_091830.jpg", "IMAGEN_2": "C002_IMG_20260131_091837.jpg", "IMAGEN_3": "C002_IMG_20260131_091843.jpg", "VISUALIZAR_IMAGEN_1": "https:\/\/drive.google.com\/uc?export=view&id=1nnQN5L-JAzQMoXsYJL7Zn0vIR_5enEVc", "VISUALIZAR_IMAGEN_2": "https:\/\/drive.google.com\/uc?export=view&id=1hyp0olWDIFdzOM_RPv1ec5XNq4UlnSL_", "VISUALIZAR_IMAGEN_3": "https:\/\/drive.google.com\/uc?export=view&id=1F3NiPF1SOrBsWxoM_1BWc7cLQFINqPEw" }, "geometry": { "type": "Point", "coordinates": [ -74.557929660999946, 6.205660485000067, 126.832099999999627 ] } },
{ "type": "Feature", "properties": { "FECHA": "31\/01\/2026 00:00:00 (UTC)", "DEPTO": "(BOYACÁ)", "MUNICIPIO": "PUERTO BOYACÁ", "VEREDA": "ERMITANO", "GASODUCTO": "(CENTRO - ORIENTE)", "TRAMO": "Sebastopol - Vasconia", "TP_DUCTO": "(Troncal)", "DISTRITO": "1", "DIAMETRO": "20\"", "TRM_REG": "(SEBASTOPOL - VASCONIA)", "PK": "154+949", "TP_EVENTO": "SOCAVACIÓN DE FONDO", "LONG_EVENT": 4.0, "OBSERVACIO": "Ciénaga cercana, con salida fluvial perpendicular la tuberia, se observa socavación de fondo", "PROFUNDIDA": 1.8, "COD_ID": "HALL-5", "ENTREGA": "E02_R2", "LATITUD": 6.1980525210000224, "LONGITUD": -74.55931783799997, "IMAGEN_1": "C002_IMG_20260131_094710.jpg", "IMAGEN_2": "C002_IMG_20260131_094717.jpg", "IMAGEN_3": "C002_IMG_20260131_094723.jpg", "VISUALIZAR_IMAGEN_1": "https:\/\/drive.google.com\/uc?export=view&id=1kBGxpG7m-hAuq3LnVyHmFvk59QWedD1h", "VISUALIZAR_IMAGEN_2": "https:\/\/drive.google.com\/uc?export=view&id=1bQJvVn9dcvHLDuqBnVmBOx_GUUOYdGLm", "VISUALIZAR_IMAGEN_3": "https:\/\/drive.google.com\/uc?export=view&id=1XJxnDCderFLZ3F2g7hxOmceA4v1xX57I" }, "geometry": { "type": "Point", "coordinates": [ -74.55931783799997, 6.198052521000022, 132.338799999997718 ] } },
{ "type": "Feature", "properties": { "FECHA": "3\/02\/2026 00:00:00 (UTC)", "DEPTO": "(BOYACÁ)", "MUNICIPIO": "PUERTO BOYACÁ", "VEREDA": "PALAGUA", "GASODUCTO": "(CENTRO - ORIENTE)", "TRAMO": "Sebastopol - Vasconia", "TP_DUCTO": "(Troncal)", "DISTRITO": "1", "DIAMETRO": "20\"", "TRM_REG": "(SEBASTOPOL - VASCONIA)", "PK": "165+510", "TP_EVENTO": "OTRO", "LONG_EVENT": 40.0, "OBSERVACIO": "Excavación", "PROFUNDIDA": 1.24, "COD_ID": "HALL-6", "ENTREGA": "E02_R2", "LATITUD": 6.1080353510000691, "LONGITUD": -74.553838278999933, "IMAGEN_1": "C002_IMG_20260203_072243.jpg", "IMAGEN_2": "C002_IMG_20260203_072255.jpg", "IMAGEN_3": "C002_IMG_20260203_072301.jpg", "VISUALIZAR_IMAGEN_1": "https:\/\/drive.google.com\/uc?export=view&id=1Mci_fsq5fzMA7Z4Xd26XmQeyyQt9cDrh", "VISUALIZAR_IMAGEN_2": "https:\/\/drive.google.com\/uc?export=view&id=1luyCiqK5_QnJgzh5Ohowq2KfdXCyNXe-", "VISUALIZAR_IMAGEN_3": "https:\/\/drive.google.com\/uc?export=view&id=1IgcIJgKO7xGxopqNZEfS4P_iknBs_5zQ" }, "geometry": { "type": "Point", "coordinates": [ -74.553838278999933, 6.108035351000069, 149.734299999996438 ] } },
{ "type": "Feature", "properties": { "FECHA": "3\/02\/2026 00:00:00 (UTC)", "DEPTO": "(BOYACÁ)", "MUNICIPIO": "PUERTO BOYACÁ", "VEREDA": "PALAGUA", "GASODUCTO": "(CENTRO - ORIENTE)", "TRAMO": "Sebastopol - Vasconia", "TP_DUCTO": "(Troncal)", "DISTRITO": "1", "DIAMETRO": "20\"", "TRM_REG": "(SEBASTOPOL - VASCONIA)", "PK": "165+595", "TP_EVENTO": "OTRO", "LONG_EVENT": 40.0, "OBSERVACIO": "Botadero de tierra de la excavación, altura aproximada de 3 mts", "PROFUNDIDA": 4.2, "COD_ID": "HALL-7", "ENTREGA": "E02_R2", "LATITUD": 6.1073994590000211, "LONGITUD": -74.553433977999987, "IMAGEN_1": "C002_IMG_20260203_072740.jpg", "IMAGEN_2": "C002_IMG_20260203_072746.jpg", "IMAGEN_3": "C002_IMG_20260203_072752.jpg", "VISUALIZAR_IMAGEN_1": "https:\/\/drive.google.com\/uc?export=view&id=1nBmYJSvlrmTD2RU6bMfQiw01tZX-IYIB", "VISUALIZAR_IMAGEN_2": "https:\/\/drive.google.com\/uc?export=view&id=1T1xgJkx5C0ypN2I1z3CGjMjtbvihvbhG", "VISUALIZAR_IMAGEN_3": "https:\/\/drive.google.com\/uc?export=view&id=1IMrClrX9WroSaACTSSZMIs4OKJW5FWnh" }, "geometry": { "type": "Point", "coordinates": [ -74.553433977999987, 6.107399459000021, 151.108900000006543 ] } },
{ "type": "Feature", "properties": { "FECHA": "3\/02\/2026 00:00:00 (UTC)", "DEPTO": "(BOYACÁ)", "MUNICIPIO": "PUERTO BOYACÁ", "VEREDA": "PALAGUA", "GASODUCTO": "(CENTRO - ORIENTE)", "TRAMO": "Sebastopol - Vasconia", "TP_DUCTO": "(Troncal)", "DISTRITO": "1", "DIAMETRO": "20\"", "TRM_REG": "(SEBASTOPOL - VASCONIA)", "PK": "168+262", "TP_EVENTO": "CARCAVAS", "LONG_EVENT": 10.0, "OBSERVACIO": "Carcava, paralela a Cenit y TGI", "PROFUNDIDA": 1.2, "COD_ID": "HALL-8", "ENTREGA": "E02_R2", "LATITUD": 6.0842396310000595, "LONGITUD": -74.551539177999985, "IMAGEN_1": "C002_IMG_20260203_090950.jpg", "IMAGEN_2": "C002_IMG_20260203_091035.jpg", "IMAGEN_3": "C002_IMG_20260203_091042.jpg", "VISUALIZAR_IMAGEN_1": "https:\/\/drive.google.com\/uc?export=view&id=1Ptgf9spsMxb03FzB84vixEEs25i_CiG-", "VISUALIZAR_IMAGEN_2": "https:\/\/drive.google.com\/uc?export=view&id=11uUD4cKY_YYhYPDoX5tMi0fsWbRzpqnu", "VISUALIZAR_IMAGEN_3": "https:\/\/drive.google.com\/uc?export=view&id=19Yr_DXppyHI8owFWSrn508Aiue9-XenB" }, "geometry": { "type": "Point", "coordinates": [ -74.551539177999985, 6.084239631000059, 149.877699999997276 ] } },
{ "type": "Feature", "properties": { "FECHA": "28\/01\/2026 00:00:00 (UTC)", "DEPTO": "(TOLIMA)", "MUNICIPIO": "SAN SEBASTIÁN DE MARIQUITA", "VEREDA": "SAN ANTONIO", "GASODUCTO": "(CENTRO - ORIENTE)", "TRAMO": "Puerto Salgar - Mariquita", "TP_DUCTO": "(Troncal)", "DISTRITO": "2", "DIAMETRO": "20\"", "TRM_REG": "(VASCONIA - MARIQUITA)", "PK": "290+332", "TP_EVENTO": "SOCAVACIÓN LATERAL", "LONG_EVENT": 100.0, "OBSERVACIO": "Se observa socavación lateral en margen izquierda del cauce por fuerza del agua y crecientes recientes. El proceso erosivo desestabiliza el talud, requiriendo evaluación técnica en la zona para mitigar riesgos de colapso de la banca", "PROFUNDIDA": 2.8, "COD_ID": "HALL-1", "ENTREGA": "E03_R2", "LATITUD": 5.2548093460000587, "LONGITUD": -74.854911525999967, "IMAGEN_1": "C001_IMG_20260128_073156.jpg", "IMAGEN_2": "C001_IMG_20260128_073207.jpg", "IMAGEN_3": "C001_IMG_20260128_073127.jpg", "VISUALIZAR_IMAGEN_1": "https:\/\/drive.google.com\/uc?export=view&id=1mWCc_jYs1gu3r96PjGhFwDXGVflYMC4O", "VISUALIZAR_IMAGEN_2": "https:\/\/drive.google.com\/uc?export=view&id=1TWU5uEIeJ2YEHRJgu5tXa15wV6rsrPkK", "VISUALIZAR_IMAGEN_3": "https:\/\/drive.google.com\/uc?export=view&id=15ad88e6hFmnn1aq5iUQFoCb2sC4j5u0Y" }, "geometry": { "type": "Point", "coordinates": [ -74.854911525999967, 5.254809346000059, 360.508400000006077 ] } }
]
}
