{
"type": "FeatureCollection",
"name": "URL_H_ProcesosMenores",
"crs": { "type": "name", "properties": { "name": "urn:ogc:def:crs:OGC:1.3:CRS84" } },
"features": [
{ "type": "Feature", "properties": { "FECHA": "10/07/2025 00:00:00 (UTC)", "DEPTO": "CUNDINAMARCA", "MUNICIPIO": "PARATEBUENO", "VEREDA": "BRASILIA", "GASODUCTO": "CUSIANA - APIAY - USME", "TRAMO": "Paratebueno", "TP_DUCTO": "Ramal", "DISTRITO": "4", "DIAMETRO": "2\"", "TRM_REG": "CUSIANA - APIAY", "PK": "001+959", "PK_PAT": " ", "ID_EVENTO": "0", "TP_EVENTO": "OTRO", "LONG_EVENT": 0.0, "AMENAZA": "Bajo", "ESTADO_EG": " ", "FX2": " ", "OBSERVACIO": " ", "PROFUNDIDA": 0.0, "COD_ID": "PROC-1", "ENTREGA": "E24_R1", "LATITUD": 4.385091, "LONGITUD": -73.23179, "IMAGEN_1": "C001_IMG_20250710_073806.jpg", "IMAGEN_2": "C001_IMG_20250710_073836.jpg", "IMAGEN_3": "C001_IMG_20250710_073846.jpg", "VISUALIZAR_IMAGEN_1": "https://drive.google.com/uc?export=view&id=1eQ9fIkl0iizpM8qN1nTojX4L6JDO0ezi", "VISUALIZAR_IMAGEN_2": "https://drive.google.com/uc?export=view&id=1GNa4X-0bA37WhA40UgJ5m_Wgoz6TtvsP", "VISUALIZAR_IMAGEN_3": "https://drive.google.com/uc?export=view&id=1tW9iM-BAYBtZJYspyPpjfViPMv3OP8_W" }, "geometry": { "type": "Point", "coordinates": [ -73.23179, 4.385091, 278.359500000005937 ] } },
{ "type": "Feature", "properties": { "FECHA": "2/06/2025 00:00:00 (UTC)", "DEPTO": "TOLIMA", "MUNICIPIO": "VENADILLO", "VEREDA": "LA CUBANA", "GASODUCTO": "CENTRO - ORIENTE", "TRAMO": "Mariquita - Gualanday", "TP_DUCTO": "Troncal", "DISTRITO": "2", "DIAMETRO": "6\"", "TRM_REG": "MARIQUITA - GUALANDAY", "PK": "359+312", "PK_PAT": null, "ID_EVENTO": "0", "TP_EVENTO": "SOCAVACIÓN LATERAL", "LONG_EVENT": null, "AMENAZA": "( )", "ESTADO_EG": " ", "FX2": " ", "OBSERVACIO": "No se observa socavación lateral. Prof. 1.36m en el caño", "PROFUNDIDA": null, "COD_ID": "PROC-1", "ENTREGA": "E15_R1", "LATITUD": 4.6954000000000633, "LONGITUD": -74.9362, "IMAGEN_1": "C001_IMG_20250602_094725.jpg", "IMAGEN_2": "C001_IMG_20250602_094732.jpg", "IMAGEN_3": "C001_IMG_20250602_094741.jpg", "VISUALIZAR_IMAGEN_1": "https://drive.google.com/uc?export=view&id=1OMdzeoi_34qk5Ch92i0B1WQf2o6yDLk7", "VISUALIZAR_IMAGEN_2": "https://drive.google.com/uc?export=view&id=13KliQcuxq6n61HMCSFyNiGyIXaXGVXfF", "VISUALIZAR_IMAGEN_3": "https://drive.google.com/uc?export=view&id=1UNRDUx4ylo7svtIHAxsLFfumFqDScZ0C" }, "geometry": { "type": "Point", "coordinates": [ -74.9362, 4.6954, 0.0 ] } },
{ "type": "Feature", "properties": { "FECHA": "30/05/2025 00:00:00 (UTC)", "DEPTO": "TOLIMA", "MUNICIPIO": "LÉRIDA", "VEREDA": "EL CENSO", "GASODUCTO": "CENTRO - ORIENTE", "TRAMO": "Ambalema", "TP_DUCTO": "Ramal", "DISTRITO": "2", "DIAMETRO": "2\"", "TRM_REG": "MARIQUITA - GUALANDAY", "PK": "006+631", "PK_PAT": null, "ID_EVENTO": "0", "TP_EVENTO": "SOCAVACIÓN DE FONDO", "LONG_EVENT": null, "AMENAZA": "( )", "ESTADO_EG": " ", "FX2": " ", "OBSERVACIO": "Tubería expuesta en cruce subfluvial", "PROFUNDIDA": null, "COD_ID": "PROC-2", "ENTREGA": "E15_R1", "LATITUD": 4.804, "LONGITUD": -74.8744, "IMAGEN_1": "C001_IMG_20250530_083945.jpg", "IMAGEN_2": "C001_IMG_20250530_083950.jpg", "IMAGEN_3": "C001_IMG_20250530_083958.jpg", "VISUALIZAR_IMAGEN_1": "https://drive.google.com/uc?export=view&id=189D9CTzNxb0sBOs2b0xVCdlTBOrbc83Z", "VISUALIZAR_IMAGEN_2": "https://drive.google.com/uc?export=view&id=18-MrARjIdbJQkEJk75UoAcBvsKCFpy6o", "VISUALIZAR_IMAGEN_3": "https://drive.google.com/uc?export=view&id=18ZWl-zG0kLoLO1QC2B2TW8BSEWZLMew6" }, "geometry": { "type": "Point", "coordinates": [ -74.8744, 4.804, 0.0 ] } },
{ "type": "Feature", "properties": { "FECHA": "31/05/2025 00:00:00 (UTC)", "DEPTO": "TOLIMA", "MUNICIPIO": "AMBALEMA", "VEREDA": "TAJO MEDIO", "GASODUCTO": "CENTRO - ORIENTE", "TRAMO": "Ambalema", "TP_DUCTO": "Ramal", "DISTRITO": "2", "DIAMETRO": "2\"", "TRM_REG": "MARIQUITA - GUALANDAY", "PK": "013+272", "PK_PAT": null, "ID_EVENTO": "0", "TP_EVENTO": "OTRO", "LONG_EVENT": null, "AMENAZA": "( )", "ESTADO_EG": " ", "FX2": " ", "OBSERVACIO": "Histórico de excavación sobre el DDV. actualmente (2025) no se observa afectación a la integridad del DDV. Prof. 1,7m", "PROFUNDIDA": null, "COD_ID": "PROC-3", "ENTREGA": "E15_R1", "LATITUD": 4.794755000000066, "LONGITUD": -74.81911, "IMAGEN_1": "C001_IMG_20250531_104259.jpg", "IMAGEN_2": "C001_IMG_20250531_104303.jpg", "IMAGEN_3": "C001_IMG_20250531_104316.jpg", "VISUALIZAR_IMAGEN_1": "https://drive.google.com/uc?export=view&id=1wsOxws1SGX1Zk--Drd6_z0pOTykBwjX6", "VISUALIZAR_IMAGEN_2": "https://drive.google.com/uc?export=view&id=1NPXBY621DeeetFa2u3P-jvfumkgXO-Hu", "VISUALIZAR_IMAGEN_3": "https://drive.google.com/uc?export=view&id=1PRqTxCR-95NkLaaMMJCEr9DauC5e5JOm" }, "geometry": { "type": "Point", "coordinates": [ -74.81911, 4.794755, 0.0 ] } },
{ "type": "Feature", "properties": { "FECHA": "1/06/2025 00:00:00 (UTC)", "DEPTO": "TOLIMA", "MUNICIPIO": "AMBALEMA", "VEREDA": "TAJO MEDIO", "GASODUCTO": "CENTRO - ORIENTE", "TRAMO": "Ambalema", "TP_DUCTO": "Ramal", "DISTRITO": "2", "DIAMETRO": "2\"", "TRM_REG": "MARIQUITA - GUALANDAY", "PK": "015+696", "PK_PAT": null, "ID_EVENTO": "0", "TP_EVENTO": "OTRO", "LONG_EVENT": null, "AMENAZA": "( )", "ESTADO_EG": " ", "FX2": " ", "OBSERVACIO": "No hay excavación. Prof. 1,48m", "PROFUNDIDA": null, "COD_ID": "PROC-4", "ENTREGA": "E15_R1", "LATITUD": 4.780315, "LONGITUD": -74.804485, "IMAGEN_1": "C001_IMG_20250601_092130.jpg", "IMAGEN_2": "C001_IMG_20250601_092143.jpg", "IMAGEN_3": "C001_IMG_20250601_092152.jpg", "VISUALIZAR_IMAGEN_1": "https://drive.google.com/uc?export=view&id=1cTUuWakIqfxsK39ILLaClmNgWkuNS5tI", "VISUALIZAR_IMAGEN_2": "https://drive.google.com/uc?export=view&id=1uAHGUPwmndiwJshvxeViQXqRuDGCix4N", "VISUALIZAR_IMAGEN_3": "https://drive.google.com/uc?export=view&id=1H45gLuLD9Zsm0Hvt2DZud7nXTlzZ65Hz" }, "geometry": { "type": "Point", "coordinates": [ -74.804485, 4.780315, 0.0 ] } },
{ "type": "Feature", "properties": { "FECHA": "5/06/2025 00:00:00 (UTC)", "DEPTO": "VALLE DEL CAUCA", "MUNICIPIO": "PALMIRA", "VEREDA": "GUAYABAL", "GASODUCTO": "MARIQUITA - CALI", "TRAMO": "Pradera", "TP_DUCTO": "Ramal", "DISTRITO": "8", "DIAMETRO": "6\"", "TRM_REG": "ARMENIA - CALI", "PK": "027+688", "PK_PAT": null, "ID_EVENTO": "0", "TP_EVENTO": "SOCAVACIÓN LATERAL", "LONG_EVENT": null, "AMENAZA": "Medio", "ESTADO_EG": " ", "FX2": " ", "OBSERVACIO": "Socavacion lateral", "PROFUNDIDA": null, "COD_ID": "PROC-1", "ENTREGA": "E17_R1_P2", "LATITUD": 3.4887222220000353, "LONGITUD": -76.28988888899994, "IMAGEN_1": "C002_IMG_20250605_100338.jpg", "IMAGEN_2": "C002_IMG_20250605_100343.jpg", "IMAGEN_3": "C002_IMG_20250605_100350.jpg", "VISUALIZAR_IMAGEN_1": "https://drive.google.com/uc?export=view&id=14PAS1_Qb9WeEGemz9NP0dIuEwl3j1i2W", "VISUALIZAR_IMAGEN_2": "https://drive.google.com/uc?export=view&id=1vI2MgjrIraEU-C9i657hNgaiL-O73i7g", "VISUALIZAR_IMAGEN_3": "https://drive.google.com/uc?export=view&id=1RwFBvhL2zSq1mM5fBpP1_QmO9O-H75Z7" }, "geometry": { "type": "Point", "coordinates": [ -76.28988888899994, 3.488722222000035, 0.0 ] } },
{ "type": "Feature", "properties": { "FECHA": "28/05/2025 00:00:00 (UTC)", "DEPTO": "VALLE DEL CAUCA", "MUNICIPIO": "GINEBRA", "VEREDA": "ZABALETAS", "GASODUCTO": "MARIQUITA - CALI", "TRAMO": "Ginebra", "TP_DUCTO": "Ramal", "DISTRITO": "8", "DIAMETRO": "2\"", "TRM_REG": "ARMENIA - CALI", "PK": "005+398", "PK_PAT": null, "ID_EVENTO": "0", "TP_EVENTO": "PROPAGACION LATERAL", "LONG_EVENT": null, "AMENAZA": "Medio", "ESTADO_EG": " ", "FX2": " ", "OBSERVACIO": "Socavación debajo de los sacos", "PROFUNDIDA": null, "COD_ID": "PROC-2", "ENTREGA": "E17_R1_P1", "LATITUD": 3.702000000000055, "LONGITUD": -76.295139, "IMAGEN_1": "C002_IMG_20250528_080643.jpg", "IMAGEN_2": "C002_IMG_20250528_080649.jpg", "IMAGEN_3": "C002_IMG_20250528_080655.jpg", "VISUALIZAR_IMAGEN_1": "https://drive.google.com/uc?export=view&id=1pJjZrtUwK22QzsCcB-iKsuCqTH-sQGSs", "VISUALIZAR_IMAGEN_2": "https://drive.google.com/uc?export=view&id=1CzbChzdvZoj4vnBbyMCvaJtalLxJSD3F", "VISUALIZAR_IMAGEN_3": "https://drive.google.com/uc?export=view&id=11YRsJiGFXLOlIGn45dZlCpw_AEaQAxIO" }, "geometry": { "type": "Point", "coordinates": [ -76.295139, 3.702, 0.0 ] } },
{ "type": "Feature", "properties": { "FECHA": "31/05/2025 00:00:00 (UTC)", "DEPTO": "VALLE DEL CAUCA", "MUNICIPIO": "EL CERRITO", "VEREDA": "SAN ANTONIO", "GASODUCTO": "MARIQUITA - CALI", "TRAMO": "Pradera", "TP_DUCTO": "Ramal", "DISTRITO": "8", "DIAMETRO": "6\"", "TRM_REG": "ARMENIA - CALI", "PK": "000+466", "PK_PAT": null, "ID_EVENTO": "0", "TP_EVENTO": "SOCAVACIÓN LATERAL", "LONG_EVENT": null, "AMENAZA": "Alto", "ESTADO_EG": " ", "FX2": " ", "OBSERVACIO": "Socavación sobre los sacos", "PROFUNDIDA": null, "COD_ID": "PROC-3", "ENTREGA": "E17_R1_P1", "LATITUD": 3.6870555560000753, "LONGITUD": -76.332611110999949, "IMAGEN_1": "C002_IMG_20250531_080327.jpg", "IMAGEN_2": "C002_IMG_20250531_080333.jpg", "IMAGEN_3": "C002_IMG_20250531_080340.jpg", "VISUALIZAR_IMAGEN_1": "https://drive.google.com/uc?export=view&id=1aFYrvKEYo3i3wEb4b-C7wvyzD0CyTK_s", "VISUALIZAR_IMAGEN_2": "https://drive.google.com/uc?export=view&id=1ZoGqW-ZQz-xKVBVLKtzpLDpDf17JVRri", "VISUALIZAR_IMAGEN_3": "https://drive.google.com/uc?export=view&id=1LN0G1TRovmleiyaIG4QCSqStJXl3Su74" }, "geometry": { "type": "Point", "coordinates": [ -76.332611110999949, 3.687055556000075, 0.0 ] } },
{ "type": "Feature", "properties": { "FECHA": "4/06/2025 00:00:00 (UTC)", "DEPTO": "VALLE DEL CAUCA", "MUNICIPIO": "PALMIRA", "VEREDA": "PALMASECA", "GASODUCTO": "MARIQUITA - CALI", "TRAMO": "Pradera", "TP_DUCTO": "Ramal", "DISTRITO": "8", "DIAMETRO": "6\"", "TRM_REG": "ARMENIA - CALI", "PK": "021+217", "PK_PAT": null, "ID_EVENTO": "0", "TP_EVENTO": "OTRO", "LONG_EVENT": null, "AMENAZA": "Medio", "ESTADO_EG": " ", "FX2": " ", "OBSERVACIO": "Se evidente canal de riego, prof de tubería a 1,80 mts", "PROFUNDIDA": null, "COD_ID": "PROC-4", "ENTREGA": "E17_R1_P1", "LATITUD": 3.515833, "LONGITUD": -76.333222, "IMAGEN_1": "C002_IMG_20250604_084148.jpg", "IMAGEN_2": "C002_IMG_20250604_084152.jpg", "IMAGEN_3": "C002_IMG_20250604_084156.jpg", "VISUALIZAR_IMAGEN_1": "https://drive.google.com/uc?export=view&id=1T_320JQa4EMh9MBTodCwPoncychHUQlA", "VISUALIZAR_IMAGEN_2": "https://drive.google.com/uc?export=view&id=1khZwn_9Rp-QUflm_x-coc4qlvJoSDx_1", "VISUALIZAR_IMAGEN_3": "https://drive.google.com/uc?export=view&id=1kD0upVhtFRDuUYXMH_vQZ03xukc5Xh6T" }, "geometry": { "type": "Point", "coordinates": [ -76.333222, 3.515833, 0.0 ] } },
{ "type": "Feature", "properties": { "FECHA": "2/06/2025 00:00:00 (UTC)", "DEPTO": "TOLIMA", "MUNICIPIO": "GUAMO", "VEREDA": "PRINGAMOSAL CENTRO", "GASODUCTO": "CENTRO - ORIENTE", "TRAMO": "Gualanday - Guasimal", "TP_DUCTO": "Troncal", "DISTRITO": "2", "DIAMETRO": "12\"", "TRM_REG": "GUALANDAY - NEIVA", "PK": "446+388", "PK_PAT": null, "ID_EVENTO": "0", "TP_EVENTO": "SOCAVACIÓN LATERAL", "LONG_EVENT": null, "AMENAZA": "Bajo", "ESTADO_EG": " ", "FX2": " ", "OBSERVACIO": "Se cambio respecto a linea base de tipo de evento otro a socavación lateral. Se observa socavación y deterioro parcial del gavión margen derecha", "PROFUNDIDA": null, "COD_ID": "PROC-1", "ENTREGA": "E18_R1", "LATITUD": 4.0271030000000678, "LONGITUD": -74.98129, "IMAGEN_1": "C004_IMG_20250602_080852.jpg", "IMAGEN_2": "C004_IMG_20250602_080924.jpg", "IMAGEN_3": "C004_IMG_20250602_080932.jpg", "VISUALIZAR_IMAGEN_1": "https://drive.google.com/uc?export=view&id=1WAdgM7eyBu5QlRDhw3t5CsG_L4QpfEbB", "VISUALIZAR_IMAGEN_2": "https://drive.google.com/uc?export=view&id=1i7wDLSsDvCLVJzVuFwfkJkTkL9nrhECL", "VISUALIZAR_IMAGEN_3": "https://drive.google.com/uc?export=view&id=1zVUebIyfruWjvqqIGMuZq955e4csRmiZ" }, "geometry": { "type": "Point", "coordinates": [ -74.98129, 4.027103, 0.0 ] } },
{ "type": "Feature", "properties": { "FECHA": "9/06/2025 00:00:00 (UTC)", "DEPTO": "TOLIMA", "MUNICIPIO": "SAN LUIS", "VEREDA": "LA CAÑADA", "GASODUCTO": "CENTRO - ORIENTE", "TRAMO": "Montañuelo - Gualanday", "TP_DUCTO": "Ramal Remitente", "DISTRITO": "2", "DIAMETRO": "6\"", "TRM_REG": "MONTANUELO - GUALANDAY", "PK": "000+673", "PK_PAT": null, "ID_EVENTO": "0", "TP_EVENTO": "SOCAVACIÓN LATERAL", "LONG_EVENT": null, "AMENAZA": "Medio", "ESTADO_EG": " ", "FX2": " ", "OBSERVACIO": "Se cambia respecto a linea base de tipo de evento otro a socavación lateral. Se presenta socavación lateral afectando los gaviones y se encuentran destruidos", "PROFUNDIDA": null, "COD_ID": "PROC-1", "ENTREGA": "E19_R1", "LATITUD": 4.059222, "LONGITUD": -75.154049, "IMAGEN_1": "C003_IMG_20250609_090922.jpg", "IMAGEN_2": "C003_IMG_20250609_090925.jpg", "IMAGEN_3": "C003_IMG_20250609_090934.jpg", "VISUALIZAR_IMAGEN_1": "https://drive.google.com/uc?export=view&id=170CpJH9oRtjYnKihtaEE8LpWexsoO47l", "VISUALIZAR_IMAGEN_2": "https://drive.google.com/uc?export=view&id=1NzTBkRiMt3lux90C49ozrTR1ev6af_3B", "VISUALIZAR_IMAGEN_3": "https://drive.google.com/uc?export=view&id=1MIXaJo-gskteNqBCrwT9QdaPQbjxliVJ" }, "geometry": { "type": "Point", "coordinates": [ -75.154049, 4.059222, 0.0 ] } },
{ "type": "Feature", "properties": { "FECHA": "10/06/2025 00:00:00 (UTC)", "DEPTO": "TOLIMA", "MUNICIPIO": "SAN LUIS", "VEREDA": "CAMPOALEGRE", "GASODUCTO": "CENTRO - ORIENTE", "TRAMO": "Montañuelo - Gualanday", "TP_DUCTO": "Ramal Remitente", "DISTRITO": "2", "DIAMETRO": "6\"", "TRM_REG": "MONTANUELO - GUALANDAY", "PK": "005+827", "PK_PAT": null, "ID_EVENTO": "0", "TP_EVENTO": "OTRO", "LONG_EVENT": null, "AMENAZA": "Bajo", "ESTADO_EG": " ", "FX2": " ", "OBSERVACIO": "No se evidencia proceso", "PROFUNDIDA": null, "COD_ID": "PROC-2", "ENTREGA": "E19_R1", "LATITUD": 4.0754870000000665, "LONGITUD": -75.121899, "IMAGEN_1": "C003_IMG_20250610_083113.jpg", "IMAGEN_2": "C003_IMG_20250610_083122.jpg", "IMAGEN_3": "C003_IMG_20250610_083127.jpg", "VISUALIZAR_IMAGEN_1": "https://drive.google.com/uc?export=view&id=1ko_t4C5sx9Lv5TRbudrlihvBH6VWwS5-", "VISUALIZAR_IMAGEN_2": "https://drive.google.com/uc?export=view&id=12EE8qGwJT5O2TZyctE5cVtK_UBt8rqGX", "VISUALIZAR_IMAGEN_3": "https://drive.google.com/uc?export=view&id=1c38w5YZD2asyQ0nzE4ZcL5vwkM7_9BUG" }, "geometry": { "type": "Point", "coordinates": [ -75.121899, 4.075487, 0.0 ] } },
{ "type": "Feature", "properties": { "FECHA": "10/06/2025 00:00:00 (UTC)", "DEPTO": "TOLIMA", "MUNICIPIO": "SAN LUIS", "VEREDA": "CAMPOALEGRE", "GASODUCTO": "CENTRO - ORIENTE", "TRAMO": "Montañuelo - Gualanday", "TP_DUCTO": "Ramal Remitente", "DISTRITO": "2", "DIAMETRO": "6\"", "TRM_REG": "MONTANUELO - GUALANDAY", "PK": "006+224", "PK_PAT": null, "ID_EVENTO": "0", "TP_EVENTO": "OTRO", "LONG_EVENT": null, "AMENAZA": "Medio", "ESTADO_EG": " ", "FX2": " ", "OBSERVACIO": "No se evidencia proceso", "PROFUNDIDA": null, "COD_ID": "PROC-3", "ENTREGA": "E19_R1", "LATITUD": 4.078894, "LONGITUD": -75.120865, "IMAGEN_1": "C003_IMG_20250610_085249.jpg", "IMAGEN_2": "C003_IMG_20250610_085254.jpg", "IMAGEN_3": "C003_IMG_20250610_085258.jpg", "VISUALIZAR_IMAGEN_1": "https://drive.google.com/uc?export=view&id=1DO8SJs8-aaAq8jQcvJrgSApCjwYYUIdS", "VISUALIZAR_IMAGEN_2": "https://drive.google.com/uc?export=view&id=1XClwPozGVuVAzdZwwPLjtXZDcZ6WKj5b", "VISUALIZAR_IMAGEN_3": "https://drive.google.com/uc?export=view&id=1MgsM0KDuVDB-K-EXrljqiQ4vvaH8UN7T" }, "geometry": { "type": "Point", "coordinates": [ -75.120865, 4.078894, 0.0 ] } },
{ "type": "Feature", "properties": { "FECHA": "5/06/2025 00:00:00 (UTC)", "DEPTO": "TOLIMA", "MUNICIPIO": "GUAMO", "VEREDA": "CERRO GORDO", "GASODUCTO": "CENTRO - ORIENTE", "TRAMO": "Montañuelo - Gualanday", "TP_DUCTO": "Ramal Remitente", "DISTRITO": "2", "DIAMETRO": "6\"", "TRM_REG": "MONTANUELO - GUALANDAY", "PK": "020+124", "PK_PAT": null, "ID_EVENTO": "0", "TP_EVENTO": "OTRO", "LONG_EVENT": null, "AMENAZA": "Bajo", "ESTADO_EG": " ", "FX2": " ", "OBSERVACIO": "No se evidencia proceso", "PROFUNDIDA": null, "COD_ID": "PROC-4", "ENTREGA": "E19_R1", "LATITUD": 4.1710410000000593, "LONGITUD": -75.043763, "IMAGEN_1": "C003_IMG_20250605_092446.jpg", "IMAGEN_2": "C003_IMG_20250605_092455.jpg", "IMAGEN_3": "C003_IMG_20250605_092500.jpg", "VISUALIZAR_IMAGEN_1": "https://drive.google.com/uc?export=view&id=18qFCvozWOd3p5JkemodaMfnfvNH3_FT4", "VISUALIZAR_IMAGEN_2": "https://drive.google.com/uc?export=view&id=1ZxkCQkP9riBCoiU2pTf-MykH2HUHcGYH", "VISUALIZAR_IMAGEN_3": "https://drive.google.com/uc?export=view&id=1pbqVKUPttgk24kZ2h1fynoSwMvAOh8yw" }, "geometry": { "type": "Point", "coordinates": [ -75.043763, 4.171041, 0.0 ] } },
{ "type": "Feature", "properties": { "FECHA": "6/06/2025 00:00:00 (UTC)", "DEPTO": "TOLIMA", "MUNICIPIO": "GUAMO", "VEREDA": "CERRO GORDO", "GASODUCTO": "CENTRO - ORIENTE", "TRAMO": "Montañuelo - Gualanday", "TP_DUCTO": "Ramal Remitente", "DISTRITO": "2", "DIAMETRO": "6\"", "TRM_REG": "MONTANUELO - GUALANDAY", "PK": "017+668", "PK_PAT": null, "ID_EVENTO": "0", "TP_EVENTO": "SURCOS", "LONG_EVENT": null, "AMENAZA": "( )", "ESTADO_EG": " ", "FX2": " ", "OBSERVACIO": "Surcos generados por agua lluvia", "PROFUNDIDA": null, "COD_ID": "PROC-5", "ENTREGA": "E19_R1", "LATITUD": 4.154708, "LONGITUD": -75.0575249, "IMAGEN_1": "C003_IMG_20250606_085915.jpg", "IMAGEN_2": "C003_IMG_20250606_085922.jpg", "IMAGEN_3": "C003_IMG_20250606_085927.jpg", "VISUALIZAR_IMAGEN_1": "https://drive.google.com/uc?export=view&id=1Fnjwu5-8AwJmcc_d9rRSMxiwvNSFolnF", "VISUALIZAR_IMAGEN_2": "https://drive.google.com/uc?export=view&id=1LwXELcrMbOqQSq9doSxK3RxJWas1LltW", "VISUALIZAR_IMAGEN_3": "https://drive.google.com/uc?export=view&id=1iKpmzQf5qRnxzHkzY8889N8orYXuRk_P" }, "geometry": { "type": "Point", "coordinates": [ -75.057524899999976, 4.154708, 0.0 ] } },
{ "type": "Feature", "properties": { "FECHA": "5/06/2025 00:00:00 (UTC)", "DEPTO": "TOLIMA", "MUNICIPIO": "SAN LUIS", "VEREDA": "MALNOMBRE", "GASODUCTO": "CENTRO - ORIENTE", "TRAMO": "Gualanday - Guasimal", "TP_DUCTO": "Troncal", "DISTRITO": "2", "DIAMETRO": "12\"", "TRM_REG": "GUALANDAY - NEIVA", "PK": "460+357", "PK_PAT": null, "ID_EVENTO": "0", "TP_EVENTO": "OTRO", "LONG_EVENT": null, "AMENAZA": "( )", "ESTADO_EG": " ", "FX2": " ", "OBSERVACIO": "No se evidencia evento menor", "PROFUNDIDA": null, "COD_ID": "P_MEN", "ENTREGA": "E20_R1", "LATITUD": 3.9329111100000205, "LONGITUD": -75.039486109999984, "IMAGEN_1": "C004_IMG_20250605_111030.jpg", "IMAGEN_2": "C004_IMG_20250605_111101.jpg", "IMAGEN_3": "C004_IMG_20250605_111106.jpg", "VISUALIZAR_IMAGEN_1": "https://drive.google.com/uc?export=view&id=12ek4z_okhtspcCSq_fzoNeV8zJBGSq7j", "VISUALIZAR_IMAGEN_2": "https://drive.google.com/uc?export=view&id=1GoQdi99lEvEE7iCF9gACcGWkl36kbHq9", "VISUALIZAR_IMAGEN_3": "https://drive.google.com/uc?export=view&id=1pfCzzuGNi8H5p8el4hSD6-cJeXxEfQ0E" }, "geometry": { "type": "Point", "coordinates": [ -75.039486109999984, 3.93291111000002, 0.0 ] } },
{ "type": "Feature", "properties": { "FECHA": "1/07/2025 00:00:00 (UTC)", "DEPTO": "HUILA", "MUNICIPIO": "AIPE", "VEREDA": "DINDAL", "GASODUCTO": "CENTRO - ORIENTE", "TRAMO": "Guasimal - Dina", "TP_DUCTO": "Troncal", "DISTRITO": "2", "DIAMETRO": "12\"", "TRM_REG": "GUALANDAY - NEIVA", "PK": "560+653", "PK_PAT": null, "ID_EVENTO": "0", "TP_EVENTO": "OTRO", "LONG_EVENT": null, "AMENAZA": "Alto", "ESTADO_EG": " ", "FX2": " ", "OBSERVACIO": "Deslizaminto traslaciinal pequeño", "PROFUNDIDA": null, "COD_ID": "PROC-1", "ENTREGA": "E21_R1", "LATITUD": 3.1095970000000648, "LONGITUD": -75.285704, "IMAGEN_1": "C002_IMG_20250701_070839.jpg", "IMAGEN_2": "C002_IMG_20250701_070846.jpg", "IMAGEN_3": "C002_IMG_20250701_070850.jpg", "VISUALIZAR_IMAGEN_1": "https://drive.google.com/uc?export=view&id=1ECJWegBJzloXLSPKSZfqPH_Fv36px7sV", "VISUALIZAR_IMAGEN_2": "https://drive.google.com/uc?export=view&id=1-IxzgWGK4f3W6EGmuwnHPAjjFsWxfSqX", "VISUALIZAR_IMAGEN_3": "https://drive.google.com/uc?export=view&id=16NmO6nfG5UGgAyA12SBG2RVubeHGWSDv" }, "geometry": { "type": "Point", "coordinates": [ -75.285704, 3.109597, 0.0 ] } },
{ "type": "Feature", "properties": { "FECHA": "11/06/2025 00:00:00 (UTC)", "DEPTO": "TOLIMA", "MUNICIPIO": "NATAGAIMA", "VEREDA": "YACO", "GASODUCTO": "CENTRO - ORIENTE", "TRAMO": "Guasimal - Dina", "TP_DUCTO": "Troncal", "DISTRITO": "2", "DIAMETRO": "12\"", "TRM_REG": "GUALANDAY - NEIVA", "PK": "513+912", "PK_PAT": null, "ID_EVENTO": "0", "TP_EVENTO": "OTRO", "LONG_EVENT": null, "AMENAZA": "Alto", "ESTADO_EG": " ", "FX2": " ", "OBSERVACIO": "Prof 0.67m, No se evidencia", "PROFUNDIDA": null, "COD_ID": "PROC-2", "ENTREGA": "E21_R1", "LATITUD": 3.4795120000000566, "LONGITUD": -75.14897, "IMAGEN_1": "C003_IMG_20250611_085244.jpg", "IMAGEN_2": "C003_IMG_20250611_085253.jpg", "IMAGEN_3": "C003_IMG_20250611_085257.jpg", "VISUALIZAR_IMAGEN_1": "https://drive.google.com/uc?export=view&id=1bamwoUcvyGDcHAEni-21Dqeyoe9OKhgY", "VISUALIZAR_IMAGEN_2": "https://drive.google.com/uc?export=view&id=1KxrBnaDX2hY2ri5Hp71bN7IvhnFvLUaM", "VISUALIZAR_IMAGEN_3": "https://drive.google.com/uc?export=view&id=1JbXQ8jQT_RHAVv3sftVLISCHd75Qu9H0" }, "geometry": { "type": "Point", "coordinates": [ -75.14897, 3.479512, 0.0 ] } },
{ "type": "Feature", "properties": { "FECHA": "12/06/2025 00:00:00 (UTC)", "DEPTO": "TOLIMA", "MUNICIPIO": "NATAGAIMA", "VEREDA": "LA PALMITA", "GASODUCTO": "CENTRO - ORIENTE", "TRAMO": "Guasimal - Dina", "TP_DUCTO": "Troncal", "DISTRITO": "2", "DIAMETRO": "12\"", "TRM_REG": "GUALANDAY - NEIVA", "PK": "522+973", "PK_PAT": null, "ID_EVENTO": "0", "TP_EVENTO": "OTRO", "LONG_EVENT": null, "AMENAZA": "Medio", "ESTADO_EG": " ", "FX2": " ", "OBSERVACIO": "Socavacion de fondo", "PROFUNDIDA": null, "COD_ID": "PROC-3", "ENTREGA": "E21_R1", "LATITUD": 3.414998, "LONGITUD": -75.193202, "IMAGEN_1": "C003_IMG_20250612_092342.jpg", "IMAGEN_2": "C003_IMG_20250612_092347.jpg", "IMAGEN_3": "C003_IMG_20250612_092354.jpg", "VISUALIZAR_IMAGEN_1": "https://drive.google.com/uc?export=view&id=1AhYfjv2HOLYhOcHN-lFw0HoyCaDtPLd8", "VISUALIZAR_IMAGEN_2": "https://drive.google.com/uc?export=view&id=11WMDWon0IHmXb7y-KuBLms2kZINU3uDZ", "VISUALIZAR_IMAGEN_3": "https://drive.google.com/uc?export=view&id=1cwU9-h_oIcVsF0V0RLjr0x_YeKkS0quE" }, "geometry": { "type": "Point", "coordinates": [ -75.193202, 3.414998, 0.0 ] } },
{ "type": "Feature", "properties": { "FECHA": "13/06/2025 00:00:00 (UTC)", "DEPTO": "HUILA", "MUNICIPIO": "AIPE", "VEREDA": "PATA", "GASODUCTO": "CENTRO - ORIENTE", "TRAMO": "Guasimal - Dina", "TP_DUCTO": "Troncal", "DISTRITO": "2", "DIAMETRO": "12\"", "TRM_REG": "GUALANDAY - NEIVA", "PK": "530+247", "PK_PAT": null, "ID_EVENTO": "0", "TP_EVENTO": "OTRO", "LONG_EVENT": null, "AMENAZA": "Medio", "ESTADO_EG": " ", "FX2": " ", "OBSERVACIO": "No se evidencia", "PROFUNDIDA": null, "COD_ID": "PROC-4", "ENTREGA": "E21_R1", "LATITUD": 3.3571200000000658, "LONGITUD": -75.214947, "IMAGEN_1": "C003_IMG_20250613_093519.jpg", "IMAGEN_2": "C003_IMG_20250613_093525.jpg", "IMAGEN_3": "C003_IMG_20250613_093530.jpg", "VISUALIZAR_IMAGEN_1": "https://drive.google.com/uc?export=view&id=1oDCjysTrBg6KkfuzVQ2PFkPyr0NrYOWu", "VISUALIZAR_IMAGEN_2": "https://drive.google.com/uc?export=view&id=1oFTnxqNOrZPj9m_0Ic4k92Yh6N4uX5W_", "VISUALIZAR_IMAGEN_3": "https://drive.google.com/uc?export=view&id=1qkg3IiOlcp1ZgdDftQdzFFSmQw82DY6S" }, "geometry": { "type": "Point", "coordinates": [ -75.214947, 3.35712, 0.0 ] } },
{ "type": "Feature", "properties": { "FECHA": "13/06/2025 00:00:00 (UTC)", "DEPTO": "HUILA", "MUNICIPIO": "AIPE", "VEREDA": "PATA", "GASODUCTO": "CENTRO - ORIENTE", "TRAMO": "Guasimal - Dina", "TP_DUCTO": "Troncal", "DISTRITO": "2", "DIAMETRO": "12\"", "TRM_REG": "GUALANDAY - NEIVA", "PK": "530+914", "PK_PAT": null, "ID_EVENTO": "0", "TP_EVENTO": "OTRO", "LONG_EVENT": null, "AMENAZA": "Medio", "ESTADO_EG": " ", "FX2": " ", "OBSERVACIO": "No se evidencia", "PROFUNDIDA": null, "COD_ID": "PROC-5", "ENTREGA": "E21_R1", "LATITUD": 3.354095, "LONGITUD": -75.21958, "IMAGEN_1": "C003_IMG_20250613_095136.jpg", "IMAGEN_2": "C003_IMG_20250613_095144.jpg", "IMAGEN_3": "C003_IMG_20250613_095150.jpg", "VISUALIZAR_IMAGEN_1": "https://drive.google.com/uc?export=view&id=1qXjOWbNNaFX6c0cilpQLDOa6mpbfTeLW", "VISUALIZAR_IMAGEN_2": "https://drive.google.com/uc?export=view&id=1wxwU4oQLTf7Q5C_vVtdShxaN2E3UB0pE", "VISUALIZAR_IMAGEN_3": "https://drive.google.com/uc?export=view&id=1X2xWlhg2iRLoG5QJ6uniaWBHTn54Y29I" }, "geometry": { "type": "Point", "coordinates": [ -75.21958, 3.354095, 0.0 ] } },
{ "type": "Feature", "properties": { "FECHA": "12/06/2025 00:00:00 (UTC)", "DEPTO": "TOLIMA", "MUNICIPIO": "NATAGAIMA", "VEREDA": "LA MOLANA", "GASODUCTO": "CENTRO - ORIENTE", "TRAMO": "Guasimal - Dina", "TP_DUCTO": "Troncal", "DISTRITO": "2", "DIAMETRO": "12\"", "TRM_REG": "GUALANDAY - NEIVA", "PK": "509+447", "PK_PAT": null, "ID_EVENTO": "0", "TP_EVENTO": "SOCAVACIÓN LATERAL", "LONG_EVENT": null, "AMENAZA": "Bajo", "ESTADO_EG": " ", "FX2": " ", "OBSERVACIO": "Socavacion en margen izquierdo", "PROFUNDIDA": null, "COD_ID": "PROC-6", "ENTREGA": "E21_R1", "LATITUD": 3.513114, "LONGITUD": -75.128081, "IMAGEN_1": "C002_IMG_20250612_090549.jpg", "IMAGEN_2": "C002_IMG_20250612_090554.jpg", "IMAGEN_3": "C002_IMG_20250612_090559.jpg", "VISUALIZAR_IMAGEN_1": "https://drive.google.com/uc?export=view&id=1gnKTPqu8-dtrHsosIXjRlmBNoerKy8A5", "VISUALIZAR_IMAGEN_2": "https://drive.google.com/uc?export=view&id=1mev1UgeP_mSSAH-JZnwxUb1cnc8ZTFSU", "VISUALIZAR_IMAGEN_3": "https://drive.google.com/uc?export=view&id=157HP_YBEFOpt8bxFaPS4jUs3jyCGH3pR" }, "geometry": { "type": "Point", "coordinates": [ -75.128081, 3.513114, 0.0 ] } },
{ "type": "Feature", "properties": { "FECHA": "12/06/2025 00:00:00 (UTC)", "DEPTO": "TOLIMA", "MUNICIPIO": "NATAGAIMA", "VEREDA": "VELU", "GASODUCTO": "CENTRO - ORIENTE", "TRAMO": "Guasimal - Dina", "TP_DUCTO": "Troncal", "DISTRITO": "2", "DIAMETRO": "12\"", "TRM_REG": "GUALANDAY - NEIVA", "PK": "508+326", "PK_PAT": null, "ID_EVENTO": "0", "TP_EVENTO": "CARCAVAS", "LONG_EVENT": null, "AMENAZA": "( )", "ESTADO_EG": " ", "FX2": " ", "OBSERVACIO": "Tubería de cenit expuesta", "PROFUNDIDA": null, "COD_ID": "PROC-7", "ENTREGA": "E21_R1", "LATITUD": 3.5228617, "LONGITUD": -75.1259883, "IMAGEN_1": "C002_IMG_20250612_083308.jpg", "IMAGEN_2": "C002_IMG_20250612_083344.jpg", "IMAGEN_3": "C002_IMG_20250612_083352.jpg", "VISUALIZAR_IMAGEN_1": "https://drive.google.com/uc?export=view&id=1tiQ7WqOUfeJSxEgdBoJybnsP8pihGqrP", "VISUALIZAR_IMAGEN_2": "https://drive.google.com/uc?export=view&id=1ol8FkDhiqczsq5UfVaJLYiruYrh1bxxm", "VISUALIZAR_IMAGEN_3": "https://drive.google.com/uc?export=view&id=1nU3Rck31R3UHul4fthPV6sTzJ3aRWA65" }, "geometry": { "type": "Point", "coordinates": [ -75.12598829999996, 3.522861700000021, 0.0 ] } },
{ "type": "Feature", "properties": { "FECHA": "2/07/2025 00:00:00 (UTC)", "DEPTO": "CUNDINAMARCA", "MUNICIPIO": "UNE", "VEREDA": "SAN ISIDRO", "GASODUCTO": "CUSIANA - APIAY - USME", "TRAMO": "Villavicencio - Usme", "TP_DUCTO": "Troncal", "DISTRITO": "4", "DIAMETRO": "6\"", "TRM_REG": "APIAY - USME", "PK": "104+595", "PK_PAT": null, "ID_EVENTO": "0", "TP_EVENTO": "OTRO", "LONG_EVENT": null, "AMENAZA": "Medio", "ESTADO_EG": " ", "FX2": " ", "OBSERVACIO": "Socavación lateral", "PROFUNDIDA": null, "COD_ID": "PROC-1", "ENTREGA": "E22_R1", "LATITUD": 4.39836, "LONGITUD": -74.021094, "IMAGEN_1": "C003_IMG_20250702_082849.jpg", "IMAGEN_2": "C003_IMG_20250702_082859.jpg", "IMAGEN_3": "C003_IMG_20250702_182909.jpg", "VISUALIZAR_IMAGEN_1": "https://drive.google.com/uc?export=view&id=144Kt65gr8k7On6r9xPa44q3USMpWjpIJ", "VISUALIZAR_IMAGEN_2": "https://drive.google.com/uc?export=view&id=1a7_boKAsonsCGjA-QjRu3TaxuTzYc2nt", "VISUALIZAR_IMAGEN_3": "https://drive.google.com/uc?export=view&id=1ocKI7pcl8Ei52yowWQoEb8NDd5FlVPI0" }, "geometry": { "type": "Point", "coordinates": [ -74.021094, 4.39836, 0.0 ] } },
{ "type": "Feature", "properties": { "FECHA": "26/06/2025 00:00:00 (UTC)", "DEPTO": "CUNDINAMARCA", "MUNICIPIO": "FOSCA", "VEREDA": "NOVILLEROS", "GASODUCTO": "CUSIANA - APIAY - USME", "TRAMO": "Villavicencio - Usme", "TP_DUCTO": "Troncal", "DISTRITO": "4", "DIAMETRO": "6\"", "TRM_REG": "APIAY - USME", "PK": "088+443", "PK_PAT": null, "ID_EVENTO": "0", "TP_EVENTO": "OTRO", "LONG_EVENT": null, "AMENAZA": "Bajo", "ESTADO_EG": " ", "FX2": " ", "OBSERVACIO": "Se observa obra geotécnica reciente", "PROFUNDIDA": null, "COD_ID": "PROC-1", "ENTREGA": "E22_R1", "LATITUD": 4.359038000000055, "LONGITUD": -73.921511, "IMAGEN_1": "C003_IMG_20250626_100036.jpg", "IMAGEN_2": "C003_IMG_20250626_100041.jpg", "IMAGEN_3": "C003_IMG_20250626_100049.jpg", "VISUALIZAR_IMAGEN_1": "https://drive.google.com/uc?export=view&id=1CSueQKo8pCaao4vtVeH_obgUPTDkGOw9", "VISUALIZAR_IMAGEN_2": "https://drive.google.com/uc?export=view&id=1Y4syPAfSLahiYzQ8ZOBiapOpmA_foFcW", "VISUALIZAR_IMAGEN_3": "https://drive.google.com/uc?export=view&id=1h1YO61dFx5r9tHWFOrlboZocg_iGb05B" }, "geometry": { "type": "Point", "coordinates": [ -73.921511, 4.359038, 0.0 ] } },
{ "type": "Feature", "properties": { "FECHA": "25/06/2025 00:00:00 (UTC)", "DEPTO": "CUNDINAMARCA", "MUNICIPIO": "FOSCA", "VEREDA": "GRANADILLO", "GASODUCTO": "CUSIANA - APIAY - USME", "TRAMO": "Villavicencio - Usme", "TP_DUCTO": "Troncal", "DISTRITO": "4", "DIAMETRO": "6\"", "TRM_REG": "APIAY - USME", "PK": "085+241", "PK_PAT": null, "ID_EVENTO": "0", "TP_EVENTO": "OTRO", "LONG_EVENT": null, "AMENAZA": "Medio", "ESTADO_EG": " ", "FX2": " ", "OBSERVACIO": "Talud", "PROFUNDIDA": null, "COD_ID": "PROC-2", "ENTREGA": "E22_R1", "LATITUD": 4.336801, "LONGITUD": -73.911905, "IMAGEN_1": "C003_IMG_20250625_160021.jpg", "IMAGEN_2": "C003_IMG_20250625_160025.jpg", "IMAGEN_3": "C003_IMG_20250625_160029.jpg", "VISUALIZAR_IMAGEN_1": "https://drive.google.com/uc?export=view&id=1B0SkCjnGO3nKZY3WMEf30fwfC8izpxsq", "VISUALIZAR_IMAGEN_2": "https://drive.google.com/uc?export=view&id=1N5Jl5eLAQYKg7x36bNcX5j_NVoUZ2Xa0", "VISUALIZAR_IMAGEN_3": "https://drive.google.com/uc?export=view&id=17Ivel_sxCo2cXk38_gswVcWRrBcNLGA_" }, "geometry": { "type": "Point", "coordinates": [ -73.911905, 4.336801, 0.0 ] } },
{ "type": "Feature", "properties": { "FECHA": "1/07/2025 00:00:00 (UTC)", "DEPTO": "CASANARE", "MUNICIPIO": "SABANALARGA", "VEREDA": "NUEVA ZELANDIA", "GASODUCTO": "CUSIANA - APIAY - USME", "TRAMO": "Villanueva", "TP_DUCTO": "Ramal", "DISTRITO": "4", "DIAMETRO": "2\"", "TRM_REG": "CUSIANA - APIAY", "PK": "002+316", "PK_PAT": null, "ID_EVENTO": "0", "TP_EVENTO": "OTRO", "LONG_EVENT": null, "AMENAZA": "Bajo", "ESTADO_EG": " ", "FX2": " ", "OBSERVACIO": "Socavacion pequeña 1 metro alto 2 de ancho, no compromete la infraestructura", "PROFUNDIDA": null, "COD_ID": "PROC-1", "ENTREGA": "E23_R1", "LATITUD": 4.6883260000000746, "LONGITUD": -73.010776, "IMAGEN_1": "C004_IMG_20250701_105022.jpg", "IMAGEN_2": "C004_IMG_20250701_105027.jpg", "IMAGEN_3": "C004_IMG_20250701_105035.jpg", "VISUALIZAR_IMAGEN_1": "https://drive.google.com/uc?export=view&id=15uUcjKrt_O5nL9TMWeVEmybglSTnelaa", "VISUALIZAR_IMAGEN_2": "https://drive.google.com/uc?export=view&id=1ztQt5GxC8svMVMrPfgHPSufuLHQbVA5S", "VISUALIZAR_IMAGEN_3": "https://drive.google.com/uc?export=view&id=1Dv8zIzmLmJysm32k4iybieCPG49ljSPA" }, "geometry": { "type": "Point", "coordinates": [ -73.010776, 4.688326, 0.0 ] } },
{ "type": "Feature", "properties": { "FECHA": "10/07/2025 00:00:00 (UTC)", "DEPTO": "CUNDINAMARCA", "MUNICIPIO": "PARATEBUENO", "VEREDA": "MACAPAY ALTO", "GASODUCTO": "CUSIANA - APIAY - USME", "TRAMO": "PK65 - Apiay", "TP_DUCTO": "Troncal", "DISTRITO": "4", "DIAMETRO": "10\"", "TRM_REG": "CUSIANA - APIAY", "PK": "093+783", "PK_PAT": null, "ID_EVENTO": null, "TP_EVENTO": "SOCAVACIÓN LATERAL", "LONG_EVENT": null, "AMENAZA": "Bajo", "ESTADO_EG": null, "FX2": " ", "OBSERVACIO": "Se cambia respecto a linea base de tipo de evento otro a socavación lateral. Se presenta ambas margenes con socavacion lateral por arrastre de material fino", "PROFUNDIDA": null, "COD_ID": "PROC-2", "ENTREGA": "E23_R1", "LATITUD": 4.4277910000000702, "LONGITUD": -73.198581, "IMAGEN_1": "C004_IMG_20250710_085405.jpg", "IMAGEN_2": "C004_IMG_20250710_085414.jpg", "IMAGEN_3": "C004_IMG_20250710_085421.jpg", "VISUALIZAR_IMAGEN_1": "https://drive.google.com/uc?export=view&id=1OJzm9yU3UZCYydXqvnGgPwJvLDPbhNAY", "VISUALIZAR_IMAGEN_2": "https://drive.google.com/uc?export=view&id=1uNILHxyVEbGTw32an_gquU-IlR93jFPd", "VISUALIZAR_IMAGEN_3": "https://drive.google.com/uc?export=view&id=1IZqG5gVaGvl-AHc05MaWhe_UbTv4H77p" }, "geometry": { "type": "Point", "coordinates": [ -73.198581, 4.427791, 0.0 ] } },
{ "type": "Feature", "properties": { "FECHA": "7/07/2025 00:00:00 (UTC)", "DEPTO": "CUNDINAMARCA", "MUNICIPIO": "PARATEBUENO", "VEREDA": "BRISAS DE MACAPAY", "GASODUCTO": "CUSIANA - APIAY - USME", "TRAMO": "PK65 - Apiay", "TP_DUCTO": "Troncal", "DISTRITO": "4", "DIAMETRO": "10\"", "TRM_REG": "CUSIANA - APIAY", "PK": "086+746", "PK_PAT": null, "ID_EVENTO": null, "TP_EVENTO": "SOCAVACIÓN DE FONDO", "LONG_EVENT": null, "AMENAZA": null, "ESTADO_EG": null, "FX2": "", "OBSERVACIO": "Socavacion de fondo producida por retiro mecanico de material", "PROFUNDIDA": null, "COD_ID": "PROC-3", "ENTREGA": "E23_R1", "LATITUD": 4.4640600000000745, "LONGITUD": -73.14645, "IMAGEN_1": "C004_IMG_20250707_111854.jpg", "IMAGEN_2": "C004_IMG_20250707_111901.jpg", "IMAGEN_3": "C004_IMG_20250707_111905.jpg", "VISUALIZAR_IMAGEN_1": "https://drive.google.com/uc?export=view&id=1pF7ct7m5pylignJK58c3Va6-S7ABaZYh", "VISUALIZAR_IMAGEN_2": "https://drive.google.com/uc?export=view&id=1GrwaiobL9-BQcgG4BSl7tUqFukeWpc7z", "VISUALIZAR_IMAGEN_3": "https://drive.google.com/uc?export=view&id=1_7BIzLAHbvhvYJBHM4eH9BstJg7_qAC2" }, "geometry": { "type": "Point", "coordinates": [ -73.14645, 4.46406, 0.0 ] } },
{ "type": "Feature", "properties": { "FECHA": "1\/04\/2025 00:00:00 (UTC)", "DEPTO": "CALDAS", "MUNICIPIO": "MANIZALES", "VEREDA": "LA ENEA PARTE", "GASODUCTO": "MARIQUITA - CALI", "TRAMO": "Letras - Marsella", "TP_DUCTO": "Troncal", "DISTRITO": "7", "DIAMETRO": "20\"", "TRM_REG": "MARIQUITA - PEREIRA", "PK": "", "PK_PAT": "75900", "ID_EVENTO": "0", "TP_EVENTO": "DESLIZAMIENTO TRASLACIONAL", "LONG_EVENT": 50.0, "AMENAZA": "Alto", "ESTADO_EG": " ", "FX2": " ", "OBSERVACIO": "Deslizamiento al costado derecho, a 2 mts", "PROFUNDIDA": 0.0, "COD_ID": "P_MEN", "ENTREGA": "E09_R1", "LATITUD": 5.0476150000000644, "LONGITUD": -75.404415, "IMAGEN_1": "C002_IMG_20250401_100024.jpg", "IMAGEN_2": "C002_IMG_20250401_100032.jpg", "IMAGEN_3": "C002_IMG_20250401_100040.jpg", "VISUALIZAR_IMAGEN_1": "https:\/\/drive.google.com\/uc?export=view&id=1y_KbRVp0fHOa8vTNpllHeao5jKLJmnZG", "VISUALIZAR_IMAGEN_2": "https:\/\/drive.google.com\/uc?export=view&id=18jNDhH5j53ynYN7mP8-D0GxzoVsvcP9R", "VISUALIZAR_IMAGEN_3": "https:\/\/drive.google.com\/uc?export=view&id=1tlXtz0vbkoOfhz0ePhCdJO0QfqwZ8jQX" }, "geometry": { "type": "Point", "coordinates": [ -75.404415, 5.047615, 0.0 ] } },
{ "type": "Feature", "properties": { "FECHA": "1\/04\/2025 00:00:00 (UTC)", "DEPTO": "CALDAS", "MUNICIPIO": "MANIZALES", "VEREDA": "LA ENEA PARTE", "GASODUCTO": "MARIQUITA - CALI", "TRAMO": "Letras - Marsella", "TP_DUCTO": "Troncal", "DISTRITO": "7", "DIAMETRO": "20\"", "TRM_REG": "MARIQUITA - PEREIRA", "PK": "", "PK_PAT": "77865", "ID_EVENTO": "0", "TP_EVENTO": "DESLIZAMIENTO ROTACIONAL", "LONG_EVENT": 65.0, "AMENAZA": "Alto", "ESTADO_EG": " ", "FX2": "20220526_FX2_C07_MC_LET-MARS_PK077+865_VA", "OBSERVACIO": "Evento repetido", "PROFUNDIDA": 0.0, "COD_ID": "P_MEN", "ENTREGA": "E09_R1", "LATITUD": 5.037917, "LONGITUD": -75.416797, "IMAGEN_1": "C002_IMG_20250401_111351.jpg", "IMAGEN_2": "C002_IMG_20250401_111355.jpg", "IMAGEN_3": "C002_IMG_20250401_111359.jpg", "VISUALIZAR_IMAGEN_1": "https:\/\/drive.google.com\/uc?export=view&id=1SSx_vfiSVOz-mybcR3wDTny2vtWQPGuh", "VISUALIZAR_IMAGEN_2": "https:\/\/drive.google.com\/uc?export=view&id=1vdY_DiIxK5ptV6B8QIeH94gU-ALP_4s3", "VISUALIZAR_IMAGEN_3": "https:\/\/drive.google.com\/uc?export=view&id=1lhUfkgz4TkcgbJ84DjN8nUzS041ul2rL" }, "geometry": { "type": "Point", "coordinates": [ -75.416797, 5.037917, 0.0 ] } },
{ "type": "Feature", "properties": { "FECHA": "31\/03\/2025 00:00:00 (UTC)", "DEPTO": "CALDAS", "MUNICIPIO": "MANIZALES", "VEREDA": "ÁREA URBANA", "GASODUCTO": "MARIQUITA - CALI", "TRAMO": "Letras - Marsella", "TP_DUCTO": "Troncal", "DISTRITO": "7", "DIAMETRO": "20\"", "TRM_REG": "MARIQUITA - PEREIRA", "PK": "", "PK_PAT": "79174", "ID_EVENTO": "0", "TP_EVENTO": "OTRO", "LONG_EVENT": 22.0, "AMENAZA": "Bajo", "ESTADO_EG": " ", "FX2": " ", "OBSERVACIO": "No sé evidencia evento", "PROFUNDIDA": 0.0, "COD_ID": "P_MEN", "ENTREGA": "E09_R1", "LATITUD": 5.0328460000000632, "LONGITUD": -75.426127, "IMAGEN_1": "C002_IMG_20250331_081346.jpg", "IMAGEN_2": "C002_IMG_20250331_081359.jpg", "IMAGEN_3": "C002_IMG_20250331_081404.jpg", "VISUALIZAR_IMAGEN_1": "https:\/\/drive.google.com\/uc?export=view&id=1_96335bYBa-RUaUU8U-puv5ojs0qUuyL", "VISUALIZAR_IMAGEN_2": "https:\/\/drive.google.com\/uc?export=view&id=18wxoWoLJBhRgavW5HyZpqPNsk7GbT51x", "VISUALIZAR_IMAGEN_3": "https:\/\/drive.google.com\/uc?export=view&id=11ry5zWdjjVI-3LgAnhV_arfhiWJBBgiz" }, "geometry": { "type": "Point", "coordinates": [ -75.426127, 5.032846, 0.0 ] } },
{ "type": "Feature", "properties": { "FECHA": "31\/03\/2025 00:00:00 (UTC)", "DEPTO": "CALDAS", "MUNICIPIO": "MANIZALES", "VEREDA": "LA ENEA PARTE", "GASODUCTO": "MARIQUITA - CALI", "TRAMO": "Letras - Marsella", "TP_DUCTO": "Troncal", "DISTRITO": "7", "DIAMETRO": "20\"", "TRM_REG": "MARIQUITA - PEREIRA", "PK": "", "PK_PAT": "80469", "ID_EVENTO": "0", "TP_EVENTO": "SOCAVACIÓN DE FONDO", "LONG_EVENT": 10.0, "AMENAZA": "Medio", "ESTADO_EG": " ", "FX2": " ", "OBSERVACIO": " ", "PROFUNDIDA": 0.0, "COD_ID": "P_MEN", "ENTREGA": "E09_R1", "LATITUD": 5.026148, "LONGITUD": -75.433752, "IMAGEN_1": "C002_IMG_20250331_094948.jpg", "IMAGEN_2": "C002_IMG_20250331_094954.jpg", "IMAGEN_3": "C002_IMG_20250331_094958.jpg", "VISUALIZAR_IMAGEN_1": "https:\/\/drive.google.com\/uc?export=view&id=1BZBcuEH1xT9PlSdbnQmBmfmkTQbUL5n2", "VISUALIZAR_IMAGEN_2": "https:\/\/drive.google.com\/uc?export=view&id=16gAoXFEaN8tWzRXtBF8XgyEMcysKhlgL", "VISUALIZAR_IMAGEN_3": "https:\/\/drive.google.com\/uc?export=view&id=1_eN0b0vXp-_xacIGF6Yh-Daj2jGctN3z" }, "geometry": { "type": "Point", "coordinates": [ -75.433752, 5.026148, 0.0 ] } },
{ "type": "Feature", "properties": { "FECHA": "29\/03\/2025 00:00:00 (UTC)", "DEPTO": "CALDAS", "MUNICIPIO": "MARULANDA", "VEREDA": "EL ZANCUDO", "GASODUCTO": "MARIQUITA - CALI", "TRAMO": "Letras - Marsella", "TP_DUCTO": "Troncal", "DISTRITO": "7", "DIAMETRO": "20\"", "TRM_REG": "MARIQUITA - PEREIRA", "PK": "", "PK_PAT": "68900", "ID_EVENTO": "0", "TP_EVENTO": "DESLIZAMIENTO TRASLACIONAL", "LONG_EVENT": 0.0, "AMENAZA": "Bajo", "ESTADO_EG": " ", "FX2": " ", "OBSERVACIO": "evento de geotecnia  a 20 mts de la tubería, no afecta la estabilidad de la estructura ni de la tubería", "PROFUNDIDA": 0.0, "COD_ID": "P_MEN", "ENTREGA": "E09_R1", "LATITUD": 5.061, "LONGITUD": -75.352055555999982, "IMAGEN_1": "C002_IMG_20250329_094411.jpg", "IMAGEN_2": "C002_IMG_20250329_094428.jpg", "IMAGEN_3": "C002_IMG_20250329_094433.jpg", "VISUALIZAR_IMAGEN_1": "https:\/\/drive.google.com\/uc?export=view&id=17AADoIPe5fbNl__HLdEXoRQ-dZJxwfeN", "VISUALIZAR_IMAGEN_2": "https:\/\/drive.google.com\/uc?export=view&id=1NvXtJRRmCLDtWXs2K8JY-vZdhU1s3z5E", "VISUALIZAR_IMAGEN_3": "https:\/\/drive.google.com\/uc?export=view&id=1XSfLxs0Nz7vyNMjJ-AU3-oMGoRJtswKL" }, "geometry": { "type": "Point", "coordinates": [ -75.352055555999982, 5.061, 0.0 ] } },
{ "type": "Feature", "properties": { "FECHA": "28\/03\/2025 00:00:00 (UTC)", "DEPTO": "TOLIMA", "MUNICIPIO": "HERVEO", "VEREDA": "LA CRISTALINA", "GASODUCTO": "MARIQUITA - CALI", "TRAMO": "Herveo", "TP_DUCTO": "Ramal", "DISTRITO": "7", "DIAMETRO": "2\"", "TRM_REG": "MARIQUITA - PEREIRA", "PK": "", "PK_PAT": "5540", "ID_EVENTO": "0", "TP_EVENTO": "DESLIZAMIENTO TRASLACIONAL", "LONG_EVENT": 20.0, "AMENAZA": "Extremo", "ESTADO_EG": " ", "FX2": "20220520_FX2_C07_MC_R-HERVEO_PK005+540_VA", "OBSERVACIO": "Creciente de la quebrada cercana desplazó material hastacercanias del eje de la tubería", "PROFUNDIDA": 0.0, "COD_ID": "P_MEN", "ENTREGA": "E09_R1", "LATITUD": 5.0766, "LONGITUD": -75.20855, "IMAGEN_1": "C002_IMG_20250328_120257.jpg", "IMAGEN_2": "C002_IMG_20250328_120146.jpg", "IMAGEN_3": "C002_IMG_20250328_120150.jpg", "VISUALIZAR_IMAGEN_1": "https:\/\/drive.google.com\/uc?export=view&id=1dtQQ8ZBdsdtqw1YRziEbMK3sbN0DlxPW", "VISUALIZAR_IMAGEN_2": "https:\/\/drive.google.com\/uc?export=view&id=16OQHrVbDfhrXzno8N5S8GhSiTPygvWEW", "VISUALIZAR_IMAGEN_3": "https:\/\/drive.google.com\/uc?export=view&id=1u4YeihTZfpTICmhILHPS_BqB4UVWfCKM" }, "geometry": { "type": "Point", "coordinates": [ -75.20855, 5.0766, 0.0 ] } },
{ "type": "Feature", "properties": { "FECHA": "1\/04\/2025 00:00:00 (UTC)", "DEPTO": "CALDAS", "MUNICIPIO": "MANIZALES", "VEREDA": "LA ENEA PARTE", "GASODUCTO": "MARIQUITA - CALI", "TRAMO": "Letras - Marsella", "TP_DUCTO": "Troncal", "DISTRITO": "7", "DIAMETRO": "20\"", "TRM_REG": "MARIQUITA - PEREIRA", "PK": "", "PK_PAT": "77650", "ID_EVENTO": "0", "TP_EVENTO": "REPTACION", "LONG_EVENT": 0.0, "AMENAZA": "( )", "ESTADO_EG": " ", "FX2": " ", "OBSERVACIO": " ", "PROFUNDIDA": 0.0, "COD_ID": "P_MEN", "ENTREGA": "E09_R1", "LATITUD": 5.0385620000000699, "LONGITUD": -75.416055, "IMAGEN_1": "C002_IMG_20250401_110609.jpg", "IMAGEN_2": "C002_IMG_20250401_110628.jpg", "IMAGEN_3": "C002_IMG_20250401_110655.jpg", "VISUALIZAR_IMAGEN_1": "https:\/\/drive.google.com\/uc?export=view&id=1DidDqmyDcjKjpT31FTtt3U9CepUViZwJ", "VISUALIZAR_IMAGEN_2": "https:\/\/drive.google.com\/uc?export=view&id=1GQb6tItj719KWNza_QCdC02c7-LB3fsr", "VISUALIZAR_IMAGEN_3": "https:\/\/drive.google.com\/uc?export=view&id=15GSWlSUgHXCSlQJ207H4Xi5BdvQZknxe" }, "geometry": { "type": "Point", "coordinates": [ -75.416055, 5.038562, 0.0 ] } },
{ "type": "Feature", "properties": { "FECHA": "31\/03\/2025 00:00:00 (UTC)", "DEPTO": "CALDAS", "MUNICIPIO": "MANIZALES", "VEREDA": "ÁREA URBANA", "GASODUCTO": "MARIQUITA - CALI", "TRAMO": "Letras - Marsella", "TP_DUCTO": "Troncal", "DISTRITO": "7", "DIAMETRO": "20\"", "TRM_REG": "MARIQUITA - PEREIRA", "PK": "", "PK_PAT": "79630", "ID_EVENTO": "0", "TP_EVENTO": "DESLIZAMIENTO TRASLACIONAL", "LONG_EVENT": 15.0, "AMENAZA": "Alto", "ESTADO_EG": " ", "FX2": "20230411_FX2_C07_MC_LET-MARS_PK079+630_VA", "OBSERVACIO": "Evento repetido", "PROFUNDIDA": 0.0, "COD_ID": "P_MEN", "ENTREGA": "E09_R1", "LATITUD": 5.0295112380000546, "LONGITUD": -75.428084579999961, "IMAGEN_1": "C002_IMG_20250331_090854.jpg", "IMAGEN_2": "C002_IMG_20250331_090858.jpg", "IMAGEN_3": "C002_IMG_20250331_090902.jpg", "VISUALIZAR_IMAGEN_1": "https:\/\/drive.google.com\/uc?export=view&id=1I9MpY5-sYppEpzi54nXxoXm6CubQjqyx", "VISUALIZAR_IMAGEN_2": "https:\/\/drive.google.com\/uc?export=view&id=1Qob-GDEnRVJXnTVSGCTgkBMpnMHJ2qfm", "VISUALIZAR_IMAGEN_3": "https:\/\/drive.google.com\/uc?export=view&id=1LdAiCJzBUwONQB_2NSyY6h5YxmlTMO9O" }, "geometry": { "type": "Point", "coordinates": [ -75.428084579999961, 5.029511238000055, 0.0 ] } },
{ "type": "Feature", "properties": { "FECHA": "1\/04\/2025 00:00:00 (UTC)", "DEPTO": "CALDAS", "MUNICIPIO": "MANIZALES", "VEREDA": "LA ENEA PARTE", "GASODUCTO": "MARIQUITA - CALI", "TRAMO": "Letras - Marsella", "TP_DUCTO": "Troncal", "DISTRITO": "7", "DIAMETRO": "20\"", "TRM_REG": "MARIQUITA - PEREIRA", "PK": "", "PK_PAT": "75270", "ID_EVENTO": "0", "TP_EVENTO": "DESLIZAMIENTO TRASLACIONAL", "LONG_EVENT": 0.0, "AMENAZA": "( )", "ESTADO_EG": " ", "FX2": " ", "OBSERVACIO": "Evento repetido", "PROFUNDIDA": 0.0, "COD_ID": "P_MEN", "ENTREGA": "E09_R1", "LATITUD": 5.050508, "LONGITUD": -75.401058, "IMAGEN_1": "C002_IMG_20250401_093758.jpg", "IMAGEN_2": "C002_IMG_20250401_093802.jpg", "IMAGEN_3": "C002_IMG_20250401_093807.jpg", "VISUALIZAR_IMAGEN_1": "https:\/\/drive.google.com\/uc?export=view&id=1nNYAMxZWz8apm1IAaByy2KEwD57U07eV", "VISUALIZAR_IMAGEN_2": "https:\/\/drive.google.com\/uc?export=view&id=1BS3b0bxpx4sTpCoO-Dab3uzro9aK3895", "VISUALIZAR_IMAGEN_3": "https:\/\/drive.google.com\/uc?export=view&id=1TB38uF8vPquzrRwIuND6wvsXr-kVQYIm" }, "geometry": { "type": "Point", "coordinates": [ -75.401058, 5.050508, 0.0 ] } },
{ "type": "Feature", "properties": { "FECHA": "2\/04\/2025 00:00:00 (UTC)", "DEPTO": "CALDAS", "MUNICIPIO": "MANIZALES", "VEREDA": "LA ENEA PARTE", "GASODUCTO": "MARIQUITA - CALI", "TRAMO": "Letras - Marsella", "TP_DUCTO": "Troncal", "DISTRITO": "7", "DIAMETRO": "20\"", "TRM_REG": "MARIQUITA - PEREIRA", "PK": "", "PK_PAT": "81300", "ID_EVENTO": "0", "TP_EVENTO": "DESLIZAMIENTO TRASLACIONAL", "LONG_EVENT": 0.0, "AMENAZA": "( )", "ESTADO_EG": " ", "FX2": " ", "OBSERVACIO": "No sé evidencia evento", "PROFUNDIDA": 0.0, "COD_ID": "P_MEN", "ENTREGA": "E09_R1", "LATITUD": 5.0228705580000224, "LONGITUD": -75.4393185, "IMAGEN_1": "C002_IMG_20250402_074825.jpg", "IMAGEN_2": "C002_IMG_20250402_074832.jpg", "IMAGEN_3": "C002_IMG_20250402_074837.jpg", "VISUALIZAR_IMAGEN_1": "https:\/\/drive.google.com\/uc?export=view&id=10n-aG3vmZMwtXWIdKgYlGrZeJ98ukJyz", "VISUALIZAR_IMAGEN_2": "https:\/\/drive.google.com\/uc?export=view&id=1ndYjIwkbx0k3DQkDKF60S6lqHS2Q9GPl", "VISUALIZAR_IMAGEN_3": "https:\/\/drive.google.com\/uc?export=view&id=1l0Feb2mzhD6NIFs4osKZg82z6wEJPzo_" }, "geometry": { "type": "Point", "coordinates": [ -75.439318499999956, 5.022870558000022, 0.0 ] } },
{ "type": "Feature", "properties": { "FECHA": "2\/04\/2025 00:00:00 (UTC)", "DEPTO": "CALDAS", "MUNICIPIO": "MANIZALES", "VEREDA": "LA ENEA PARTE", "GASODUCTO": "MARIQUITA - CALI", "TRAMO": "Letras - Marsella", "TP_DUCTO": "Troncal", "DISTRITO": "7", "DIAMETRO": "20\"", "TRM_REG": "MARIQUITA - PEREIRA", "PK": "", "PK_PAT": "80700", "ID_EVENTO": "0", "TP_EVENTO": "DESLIZAMIENTO TRASLACIONAL", "LONG_EVENT": 0.0, "AMENAZA": "( )", "ESTADO_EG": " ", "FX2": " ", "OBSERVACIO": "No sé evidencia evento", "PROFUNDIDA": 0.0, "COD_ID": "P_MEN", "ENTREGA": "E09_R1", "LATITUD": 5.0253782, "LONGITUD": -75.4355801, "IMAGEN_1": "C002_IMG_20250402_092559.jpg", "IMAGEN_2": "C002_IMG_20250402_092607.jpg", "IMAGEN_3": "C002_IMG_20250402_092613.jpg", "VISUALIZAR_IMAGEN_1": "https:\/\/drive.google.com\/uc?export=view&id=1tB0op3Fh4io8WqblG63ruMN8-Y5RV8FN", "VISUALIZAR_IMAGEN_2": "https:\/\/drive.google.com\/uc?export=view&id=17ktHDt9Nf90cxLij3Zk0TacyrcKzOFJd", "VISUALIZAR_IMAGEN_3": "https:\/\/drive.google.com\/uc?export=view&id=1bHESxJOIjVxr8uO9V0sTuNnC8NEhGY8Y" }, "geometry": { "type": "Point", "coordinates": [ -75.435580099999981, 5.025378200000034, 0.0 ] } },
{ "type": "Feature", "properties": { "FECHA": "7\/04\/2025 00:00:00 (UTC)", "DEPTO": "CALDAS", "MUNICIPIO": "MANIZALES", "VEREDA": "ÁREA URBANA", "GASODUCTO": "MARIQUITA - CALI", "TRAMO": "Neira", "TP_DUCTO": "Ramal", "DISTRITO": "7", "DIAMETRO": "2\"", "TRM_REG": "MARIQUITA - PEREIRA", "PK": "", "PK_PAT": "298", "ID_EVENTO": "0", "TP_EVENTO": "OTRO", "LONG_EVENT": 2.5, "AMENAZA": "Bajo", "ESTADO_EG": " ", "FX2": " ", "OBSERVACIO": "No se evidencia evento de geotecnia", "PROFUNDIDA": 0.0, "COD_ID": "P_MEN", "ENTREGA": "E09_R1", "LATITUD": 5.0395990000000666, "LONGITUD": -75.44829, "IMAGEN_1": "C002_IMG_20250407_115525.jpg", "IMAGEN_2": "C002_IMG_20250407_115531.jpg", "IMAGEN_3": "C002_IMG_20250407_115536.jpg", "VISUALIZAR_IMAGEN_1": "https:\/\/drive.google.com\/uc?export=view&id=1XOUhQ2zwPMPPXApPvQC-XNjY0d9DqWs5", "VISUALIZAR_IMAGEN_2": "https:\/\/drive.google.com\/uc?export=view&id=165gqcrlVgxM-jjjbvKHT_OOTiC-DrYyD", "VISUALIZAR_IMAGEN_3": "https:\/\/drive.google.com\/uc?export=view&id=1CjSvg_OOHQhxt_SnrCBoYBVzoa9wncB5" }, "geometry": { "type": "Point", "coordinates": [ -75.44829, 5.039599, 0.0 ] } },
{ "type": "Feature", "properties": { "FECHA": "8\/07\/2025 00:00:00 (UTC)", "DEPTO": "BOYACÁ", "MUNICIPIO": "MOTAVITA", "VEREDA": "RISTA", "GASODUCTO": "BOYACA - SANTANDER", "TRAMO": "Teatinos - Belencito", "TP_DUCTO": "Troncal", "DISTRITO": "5", "DIAMETRO": "10\"", "TRM_REG": "GASODUCTO RAMALES BOYACA - SANTANDER", "PK": "012+639", "PK_PAT": "", "ID_EVENTO": "0", "TP_EVENTO": "OTRO", "LONG_EVENT": 0.0, "AMENAZA": "Bajo", "ESTADO_EG": " ", "FX2": " ", "OBSERVACIO": "Erosion por agua de escorrentia", "PROFUNDIDA": 0.0, "COD_ID": "PROC-1", "ENTREGA": "E25_R1", "LATITUD": 5.5656920000000696, "LONGITUD": -73.389741, "IMAGEN_1": "C003_IMG_20250708_104836.jpg", "IMAGEN_2": "C003_IMG_20250708_104850.jpg", "IMAGEN_3": "C003_IMG_20250708_104904.jpg", "VISUALIZAR_IMAGEN_1": "https:\/\/drive.google.com\/uc?export=view&id=1FHkKm2uhq0JPlZqn-0pLAup0L6c6MaA5", "VISUALIZAR_IMAGEN_2": "https:\/\/drive.google.com\/uc?export=view&id=1YY2FU7dQMSCWVY3muAFAFoh7GsL3U3Lc", "VISUALIZAR_IMAGEN_3": "https:\/\/drive.google.com\/uc?export=view&id=1pQc_Bt-Fcm-OVB-M9e_6cE5VniZqyRLC" }, "geometry": { "type": "Point", "coordinates": [ -73.389741, 5.565692, 0.0 ] } },
{ "type": "Feature", "properties": { "FECHA": "8\/07\/2025 00:00:00 (UTC)", "DEPTO": "BOYACÁ", "MUNICIPIO": "TUNJA", "VEREDA": "TRAS DEL ALTO", "GASODUCTO": "BOYACA - SANTANDER", "TRAMO": "Teatinos - Belencito", "TP_DUCTO": "Troncal", "DISTRITO": "5", "DIAMETRO": "10\"", "TRM_REG": "GASODUCTO RAMALES BOYACA - SANTANDER", "PK": "011+343", "PK_PAT": "", "ID_EVENTO": "0", "TP_EVENTO": "OTRO", "LONG_EVENT": 0.0, "AMENAZA": "Medio", "ESTADO_EG": " ", "FX2": " ", "OBSERVACIO": "Zanja de drenaje", "PROFUNDIDA": 0.0, "COD_ID": "PROC-2", "ENTREGA": "E25_R1", "LATITUD": 5.556809, "LONGITUD": -73.39674, "IMAGEN_1": "C003_IMG_20250708_095417.jpg", "IMAGEN_2": "C003_IMG_20250708_095428.jpg", "IMAGEN_3": "C003_IMG_20250708_095432.jpg", "VISUALIZAR_IMAGEN_1": "https:\/\/drive.google.com\/uc?export=view&id=1F0js9l6Ik_UYA6-EJzM_USpaRX7wxIUi", "VISUALIZAR_IMAGEN_2": "https:\/\/drive.google.com\/uc?export=view&id=19vA1RnRQE5eeZsvCvj40LX-Cc9R0fE3W", "VISUALIZAR_IMAGEN_3": "https:\/\/drive.google.com\/uc?export=view&id=1CAVUTs0zJaVLRzleM84Xlu_A4AxwM_9i" }, "geometry": { "type": "Point", "coordinates": [ -73.39674, 5.556809, 0.0 ] } },
{ "type": "Feature", "properties": { "FECHA": "11\/07\/2025 00:00:00 (UTC)", "DEPTO": "BOYACÁ", "MUNICIPIO": "OICATÁ", "VEREDA": "PORAVITA", "GASODUCTO": "BOYACA - SANTANDER", "TRAMO": "Teatinos - Belencito", "TP_DUCTO": "Troncal", "DISTRITO": "5", "DIAMETRO": "10\"", "TRM_REG": "GASODUCTO RAMALES BOYACA - SANTANDER", "PK": "028+838", "PK_PAT": "", "ID_EVENTO": "0", "TP_EVENTO": "SOCAVACIÓN LATERAL", "LONG_EVENT": 0.0, "AMENAZA": "Medio", "ESTADO_EG": " ", "FX2": " ", "OBSERVACIO": "Se cambia respecto a linea base de tipo de evento otro a socavación lateral. Socavación lateral en margen derecha del cruce subfluvial.  ", "PROFUNDIDA": 0.0, "COD_ID": "PROC-3", "ENTREGA": "E25_R1", "LATITUD": 5.642907, "LONGITUD": -73.284256, "IMAGEN_1": "C003_IMG_20250711_113930.jpg", "IMAGEN_2": "C003_IMG_20250711_114000.jpg", "IMAGEN_3": "C003_IMG_20250711_114009.jpg", "VISUALIZAR_IMAGEN_1": "https:\/\/drive.google.com\/uc?export=view&id=1UR1NeQUIC3Iw3p4JrE0LD-ht0gAGqNma", "VISUALIZAR_IMAGEN_2": "https:\/\/drive.google.com\/uc?export=view&id=1SwAkNolfvS6FtBU8IfFTKf833WReL-UG", "VISUALIZAR_IMAGEN_3": "https:\/\/drive.google.com\/uc?export=view&id=1KVXa1973Ze7WN1exYiTVxBQ6TAsXXdpI" }, "geometry": { "type": "Point", "coordinates": [ -73.284256, 5.642907, 0.0 ] } },
{ "type": "Feature", "properties": { "FECHA": "12\/07\/2025 00:00:00 (UTC)", "DEPTO": "BOYACÁ", "MUNICIPIO": "TUTA", "VEREDA": "DE RESGUARDO", "GASODUCTO": "BOYACA - SANTANDER", "TRAMO": "Teatinos - Belencito", "TP_DUCTO": "Troncal", "DISTRITO": "5", "DIAMETRO": "10\"", "TRM_REG": "GASODUCTO RAMALES BOYACA - SANTANDER", "PK": "039+044", "PK_PAT": "", "ID_EVENTO": "0", "TP_EVENTO": "SOCAVACIÓN LATERAL", "LONG_EVENT": 0.0, "AMENAZA": "Bajo", "ESTADO_EG": " ", "FX2": " ", "OBSERVACIO": "Se cambia respecto a linea base de tipo de evento otro a socavación lateral. Socavacion lateral en margen izquierdo del cruce subfluvial.", "PROFUNDIDA": 0.0, "COD_ID": "PROC-4", "ENTREGA": "E25_R1", "LATITUD": 5.704286, "LONGITUD": -73.225428, "IMAGEN_1": "C003_IMG_20250712_122752.jpg", "IMAGEN_2": "C003_IMG_20250712_122800.jpg", "IMAGEN_3": "C003_IMG_20250712_122805.jpg", "VISUALIZAR_IMAGEN_1": "https:\/\/drive.google.com\/uc?export=view&id=1nHm-PIOboZyAQH9zo-0wW0k9qfKhrbBU", "VISUALIZAR_IMAGEN_2": "https:\/\/drive.google.com\/uc?export=view&id=1wiAZ_wv7mta40k6whsGcFnWGxREpel6Y", "VISUALIZAR_IMAGEN_3": "https:\/\/drive.google.com\/uc?export=view&id=1WPPJGzWlDjANsqEIKMO7_mVI9fa6Nmbw" }, "geometry": { "type": "Point", "coordinates": [ -73.225428, 5.704286, 0.0 ] } },
{ "type": "Feature", "properties": { "FECHA": "28\/07\/2025 00:00:00 (UTC)", "DEPTO": "BOYACÁ", "MUNICIPIO": "RAMIRIQUÍ", "VEREDA": "CHUSCAL", "GASODUCTO": "PORVENIR - LA BELLEZA", "TRAMO": "Miraflores - Sutamarchan", "TP_DUCTO": "Troncal", "DISTRITO": "5", "DIAMETRO": "20\"", "TRM_REG": "EL PORVENIR - LA BELLEZA", "PK": "107+018", "PK_PAT": "", "ID_EVENTO": "", "TP_EVENTO": "OTRO", "LONG_EVENT": 0.0, "AMENAZA": "Medio", "ESTADO_EG": " ", "FX2": " ", "OBSERVACIO": "Deslizamiento de 3m de ancho y 2m de alto por flujo de agua lluvia a 6m del loop", "PROFUNDIDA": 0.0, "COD_ID": "PROC-1", "ENTREGA": "E28_R1", "LATITUD": 5.294285000000059, "LONGITUD": -73.281416, "IMAGEN_1": "C003_IMG_20250728_085330.jpg", "IMAGEN_2": "C003_IMG_20250728_085343.jpg", "IMAGEN_3": "C003_IMG_20250728_085357.jpg", "VISUALIZAR_IMAGEN_1": "https:\/\/drive.google.com\/uc?export=view&id=1GC0j_EtOAhzvdmNXPzserrJH4dTR7JNc", "VISUALIZAR_IMAGEN_2": "https:\/\/drive.google.com\/uc?export=view&id=12ZVY6HYE3m7rdAmrHZKnsH0yYosRiGGO", "VISUALIZAR_IMAGEN_3": "https:\/\/drive.google.com\/uc?export=view&id=12iamT9MYGA1dhLadprbohPSOGsbo72fu" }, "geometry": { "type": "Point", "coordinates": [ -73.281416, 5.294285, 0.0 ] } },
{ "type": "Feature", "properties": { "FECHA": "25\/07\/2025 00:00:00 (UTC)", "DEPTO": "BOYACÁ", "MUNICIPIO": "MIRAFLORES", "VEREDA": "HATO", "GASODUCTO": "PORVENIR - LA BELLEZA", "TRAMO": "Miraflores - Sutamarchan", "TP_DUCTO": "Troncal", "DISTRITO": "5", "DIAMETRO": "20\"", "TRM_REG": "EL PORVENIR - LA BELLEZA", "PK": "088+388", "PK_PAT": "", "ID_EVENTO": "", "TP_EVENTO": "SOCAVACIÓN DE FONDO", "LONG_EVENT": 0.0, "AMENAZA": "( )", "ESTADO_EG": " ", "FX2": " ", "OBSERVACIO": "Socavacion por caida de agua, a 30m de la tuberia", "PROFUNDIDA": 0.0, "COD_ID": "PROC-2", "ENTREGA": "E28_R1", "LATITUD": 5.1910360000000537, "LONGITUD": -73.1775592, "IMAGEN_1": "C003_IMG_20250725_114510.jpg", "IMAGEN_2": "C003_IMG_20250725_114536.jpg", "IMAGEN_3": "C003_IMG_20250725_114529.jpg", "VISUALIZAR_IMAGEN_1": "https:\/\/drive.google.com\/uc?export=view&id=1FV9kT-28-OLSBWdd46Ic5VHIgUJalDyP", "VISUALIZAR_IMAGEN_2": "https:\/\/drive.google.com\/uc?export=view&id=13ieVqZKLRmkxslV8KFqCDlqCGdHWAuX4", "VISUALIZAR_IMAGEN_3": "https:\/\/drive.google.com\/uc?export=view&id=1qh4GuYuQXtFtmSkBpEK98MdG42S1SUlW" }, "geometry": { "type": "Point", "coordinates": [ -73.177559199999962, 5.191036, 0.0 ] } },
{ "type": "Feature", "properties": { "FECHA": "26\/07\/2025 00:00:00 (UTC)", "DEPTO": "BOYACÁ", "MUNICIPIO": "MIRAFLORES", "VEREDA": "RUSITA", "GASODUCTO": "PORVENIR - LA BELLEZA", "TRAMO": "Miraflores - Sutamarchan", "TP_DUCTO": "Troncal", "DISTRITO": "5", "DIAMETRO": "20\"", "TRM_REG": "EL PORVENIR - LA BELLEZA", "PK": "091+192", "PK_PAT": "", "ID_EVENTO": "", "TP_EVENTO": "DESLIZAMIENTO TRASLACIONAL", "LONG_EVENT": 0.0, "AMENAZA": "( )", "ESTADO_EG": " ", "FX2": " ", "OBSERVACIO": "Deslizamiento producido por un flujo de agua que desciende por este sector", "PROFUNDIDA": 0.0, "COD_ID": "PROC-3", "ENTREGA": "E28_R1", "LATITUD": 5.1990880000000743, "LONGITUD": -73.200088, "IMAGEN_1": "C003_IMG_20250726_081912.jpg", "IMAGEN_2": "C003_IMG_20250726_081950.jpg", "IMAGEN_3": "C003_IMG_20250726_083915.jpg", "VISUALIZAR_IMAGEN_1": "https:\/\/drive.google.com\/uc?export=view&id=1lSiDxAJxUdKeiMwe1PcCiTOmWVMM3f0F", "VISUALIZAR_IMAGEN_2": "https:\/\/drive.google.com\/uc?export=view&id=1S5OWVBb0T523_JStkQlEUPcEAVJLA4KV", "VISUALIZAR_IMAGEN_3": "https:\/\/drive.google.com\/uc?export=view&id=1D5ITHRW9DPV8tpkj9xbx_y6FMnQAGQLS" }, "geometry": { "type": "Point", "coordinates": [ -73.200088, 5.199088, 0.0 ] } },
{ "type": "Feature", "properties": { "FECHA": "26\/07\/2025 00:00:00 (UTC)", "DEPTO": "BOYACÁ", "MUNICIPIO": "ZETAQUIRA", "VEREDA": "GUANATA", "GASODUCTO": "PORVENIR - LA BELLEZA", "TRAMO": "Miraflores - Sutamarchan", "TP_DUCTO": "Troncal", "DISTRITO": "5", "DIAMETRO": "20\"", "TRM_REG": "EL PORVENIR - LA BELLEZA", "PK": "095+219", "PK_PAT": "", "ID_EVENTO": "", "TP_EVENTO": "SOCAVACIÓN DE FONDO", "LONG_EVENT": 0.0, "AMENAZA": "( )", "ESTADO_EG": " ", "FX2": " ", "OBSERVACIO": "No se evidencia", "PROFUNDIDA": 0.0, "COD_ID": "PROC-4", "ENTREGA": "E28_R1", "LATITUD": 5.2230235000001004, "LONGITUD": -73.2181401, "IMAGEN_1": "C003_IMG_20250726_131141.jpg", "IMAGEN_2": "C003_IMG_20250726_131211.jpg", "IMAGEN_3": "C003_IMG_20250726_131219.jpg", "VISUALIZAR_IMAGEN_1": "https:\/\/drive.google.com\/uc?export=view&id=1u6lJPO01RRiM8QwITZwRk6zv6NbhJH7K", "VISUALIZAR_IMAGEN_2": "https:\/\/drive.google.com\/uc?export=view&id=1gP-L670Wqna3dELfrf6cCjtDUUwS7fLB", "VISUALIZAR_IMAGEN_3": "https:\/\/drive.google.com\/uc?export=view&id=1AiJ32pssPhxogAPP24KRlBKQAzZDF4Z2" }, "geometry": { "type": "Point", "coordinates": [ -73.218140099999971, 5.223023500000068, 0.0 ] } },
{ "type": "Feature", "properties": { "FECHA": "27\/07\/2025 00:00:00 (UTC)", "DEPTO": "BOYACÁ", "MUNICIPIO": "ZETAQUIRA", "VEREDA": "GUANATA", "GASODUCTO": "PORVENIR - LA BELLEZA", "TRAMO": "Miraflores - Sutamarchan", "TP_DUCTO": "Troncal", "DISTRITO": "5", "DIAMETRO": "20\"", "TRM_REG": "EL PORVENIR - LA BELLEZA", "PK": "097+434", "PK_PAT": "", "ID_EVENTO": "", "TP_EVENTO": "SOCAVACIÓN DE FONDO", "LONG_EVENT": 0.0, "AMENAZA": "( )", "ESTADO_EG": " ", "FX2": " ", "OBSERVACIO": "Socavacion de fondo por caida de agua, prof socavacion 1m, ancho 2m y largo 3m", "PROFUNDIDA": 0.0, "COD_ID": "PROC-5", "ENTREGA": "E28_R1", "LATITUD": 5.23762, "LONGITUD": -73.2289533, "IMAGEN_1": "C003_IMG_20250727_103857.jpg", "IMAGEN_2": "C003_IMG_20250727_103903.jpg", "IMAGEN_3": "C003_IMG_20250727_103910.jpg", "VISUALIZAR_IMAGEN_1": "https:\/\/drive.google.com\/uc?export=view&id=1N0jC0Y2wxVpbCu2zeeQPsLiKlecVcRZh", "VISUALIZAR_IMAGEN_2": "https:\/\/drive.google.com\/uc?export=view&id=1ZXeDFotpMxGvjhpHYISLwc_abRWhFtN9", "VISUALIZAR_IMAGEN_3": "https:\/\/drive.google.com\/uc?export=view&id=1YJZ-OvKg-RW4l4e7MGaE8Y9FtoNO1qee" }, "geometry": { "type": "Point", "coordinates": [ -73.228953299999944, 5.23762, 0.0 ] } },
{ "type": "Feature", "properties": { "FECHA": "27\/07\/2025 00:00:00 (UTC)", "DEPTO": "BOYACÁ", "MUNICIPIO": "ZETAQUIRA", "VEREDA": "GUANATA", "GASODUCTO": "PORVENIR - LA BELLEZA", "TRAMO": "Miraflores - Sutamarchan", "TP_DUCTO": "Troncal", "DISTRITO": "5", "DIAMETRO": "20\"", "TRM_REG": "EL PORVENIR - LA BELLEZA", "PK": "098+025", "PK_PAT": "", "ID_EVENTO": "", "TP_EVENTO": "OTRO", "LONG_EVENT": 0.0, "AMENAZA": "Bajo", "ESTADO_EG": " ", "FX2": " ", "OBSERVACIO": "No se evidencia", "PROFUNDIDA": 0.0, "COD_ID": "PROC-6", "ENTREGA": "E28_R1", "LATITUD": 5.241906, "LONGITUD": -73.231914, "IMAGEN_1": "C003_IMG_20250727_100547.jpg", "IMAGEN_2": "C003_IMG_20250727_100554.jpg", "IMAGEN_3": "C003_IMG_20250727_100603.jpg", "VISUALIZAR_IMAGEN_1": "https:\/\/drive.google.com\/uc?export=view&id=1KjGSOVcZZOl_M_Kf2WtITqKL01skySsl", "VISUALIZAR_IMAGEN_2": "https:\/\/drive.google.com\/uc?export=view&id=1Olwt8VQqVVxAr0xkz4UYY0tVS-hn4Jw6", "VISUALIZAR_IMAGEN_3": "https:\/\/drive.google.com\/uc?export=view&id=1GVMRlX7ngM6SGM0IeTdSe1CoW7qHiRT4" }, "geometry": { "type": "Point", "coordinates": [ -73.231914, 5.241906, 0.0 ] } },
{ "type": "Feature", "properties": { "FECHA": "27\/07\/2025 00:00:00 (UTC)", "DEPTO": "BOYACÁ", "MUNICIPIO": "ZETAQUIRA", "VEREDA": "GUANATA", "GASODUCTO": "PORVENIR - LA BELLEZA", "TRAMO": "Miraflores - Sutamarchan", "TP_DUCTO": "Troncal", "DISTRITO": "5", "DIAMETRO": "20\"", "TRM_REG": "EL PORVENIR - LA BELLEZA", "PK": "098+192", "PK_PAT": "", "ID_EVENTO": "", "TP_EVENTO": "SOCAVACIÓN DE FONDO", "LONG_EVENT": 0.0, "AMENAZA": "( )", "ESTADO_EG": " ", "FX2": " ", "OBSERVACIO": "Socavacion por caida de agua, se observa placa de fondo destruida", "PROFUNDIDA": 0.0, "COD_ID": "PROC-7", "ENTREGA": "E28_R1", "LATITUD": 5.243323, "LONGITUD": -73.232273, "IMAGEN_1": "C003_IMG_20250727_095214.jpg", "IMAGEN_2": "C003_IMG_20250727_095220.jpg", "IMAGEN_3": "C003_IMG_20250727_095242.jpg", "VISUALIZAR_IMAGEN_1": "https:\/\/drive.google.com\/uc?export=view&id=1jINrZHNE68rjJANcu1dvL23PCokHl7QC", "VISUALIZAR_IMAGEN_2": "https:\/\/drive.google.com\/uc?export=view&id=1I9yKSuNv0Y7ipzwd5nisO66sypl5Ti5i", "VISUALIZAR_IMAGEN_3": "https:\/\/drive.google.com\/uc?export=view&id=1VJZ6DH7o4O4yn-sZMKaAaEauw1xFjR5B" }, "geometry": { "type": "Point", "coordinates": [ -73.232273, 5.243323, 0.0 ] } },
{ "type": "Feature", "properties": { "FECHA": "28\/07\/2025 00:00:00 (UTC)", "DEPTO": "BOYACÁ", "MUNICIPIO": "ZETAQUIRA", "VEREDA": "GUANATA", "GASODUCTO": "PORVENIR - LA BELLEZA", "TRAMO": "Miraflores - Sutamarchan", "TP_DUCTO": "Troncal", "DISTRITO": "5", "DIAMETRO": "20\"", "TRM_REG": "EL PORVENIR - LA BELLEZA", "PK": "104+250", "PK_PAT": "", "ID_EVENTO": "", "TP_EVENTO": "PROPAGACION LATERAL", "LONG_EVENT": 0.0, "AMENAZA": "Bajo", "ESTADO_EG": " ", "FX2": " ", "OBSERVACIO": "Cida de material sobre margen de quebrada, antiguo 2m largo, 3m de ancho y 0.4m de alto", "PROFUNDIDA": 0.0, "COD_ID": "PROC-8", "ENTREGA": "E28_R1", "LATITUD": 5.278404, "LONGITUD": -73.266793, "IMAGEN_1": "C003_IMG_20250728_112336.jpg", "IMAGEN_2": "C003_IMG_20250728_112342.jpg", "IMAGEN_3": "C003_IMG_20250728_112402.jpg", "VISUALIZAR_IMAGEN_1": "https:\/\/drive.google.com\/uc?export=view&id=1MQ01cF4TX0wFeptbl4nB4uOTL4RMpBVb", "VISUALIZAR_IMAGEN_2": "https:\/\/drive.google.com\/uc?export=view&id=1oosUp_UKma4JGx884qkosjWodpnYfayC", "VISUALIZAR_IMAGEN_3": "https:\/\/drive.google.com\/uc?export=view&id=10A-JkTFTFfymlYFVFv3MqdZ2ttGM3WIl" }, "geometry": { "type": "Point", "coordinates": [ -73.266793, 5.278404, 0.0 ] } },
{ "type": "Feature", "properties": { "FECHA": "28\/07\/2025 00:00:00 (UTC)", "DEPTO": "BOYACÁ", "MUNICIPIO": "ZETAQUIRA", "VEREDA": "GUANATA", "GASODUCTO": "PORVENIR - LA BELLEZA", "TRAMO": "Miraflores - Sutamarchan", "TP_DUCTO": "Troncal", "DISTRITO": "5", "DIAMETRO": "20\"", "TRM_REG": "EL PORVENIR - LA BELLEZA", "PK": "105+013", "PK_PAT": "", "ID_EVENTO": "", "TP_EVENTO": "SOCAVACIÓN LATERAL", "LONG_EVENT": 0.0, "AMENAZA": "Bajo", "ESTADO_EG": " ", "FX2": " ", "OBSERVACIO": "Deslizamiento lateral antiguo, 2m de largo por 2m de ancho y 1m de altura sobre el loop", "PROFUNDIDA": 0.0, "COD_ID": "PROC-9", "ENTREGA": "E28_R1", "LATITUD": 5.281285, "LONGITUD": -73.272523, "IMAGEN_1": "C003_IMG_20250728_103439.jpg", "IMAGEN_2": "C003_IMG_20250728_103518.jpg", "IMAGEN_3": "C003_IMG_20250728_103529.jpg", "VISUALIZAR_IMAGEN_1": "https:\/\/drive.google.com\/uc?export=view&id=1QeoXVsl_Un64oVd_s6ekwDp6JAZIshRk", "VISUALIZAR_IMAGEN_2": "https:\/\/drive.google.com\/uc?export=view&id=1Jrtv2nmbe0ucExZ3dFbD8dgH-FKlOhCS", "VISUALIZAR_IMAGEN_3": "https:\/\/drive.google.com\/uc?export=view&id=13CosgVxHWbAsoifD7PLr80gT9B7rQ_Gh" }, "geometry": { "type": "Point", "coordinates": [ -73.272523, 5.281285, 0.0 ] } },
{ "type": "Feature", "properties": { "FECHA": "28\/07\/2025 00:00:00 (UTC)", "DEPTO": "BOYACÁ", "MUNICIPIO": "ZETAQUIRA", "VEREDA": "GUANATA", "GASODUCTO": "PORVENIR - LA BELLEZA", "TRAMO": "Miraflores - Sutamarchan", "TP_DUCTO": "Troncal", "DISTRITO": "5", "DIAMETRO": "20\"", "TRM_REG": "EL PORVENIR - LA BELLEZA", "PK": "106+523", "PK_PAT": "", "ID_EVENTO": "", "TP_EVENTO": "DESLIZAMIENTO TRASLACIONAL", "LONG_EVENT": 0.0, "AMENAZA": "( )", "ESTADO_EG": " ", "FX2": " ", "OBSERVACIO": "Deslizamiento de tierra antiguo, revegetalizado, Largo 2m, Ancho 3m, Altura 0.4m", "PROFUNDIDA": 0.0, "COD_ID": "PROC-10", "ENTREGA": "E28_R1", "LATITUD": 5.290357, "LONGITUD": -73.280236, "IMAGEN_1": "C003_IMG_20250728_091401.jpg", "IMAGEN_2": "C003_IMG_20250728_091427.jpg", "IMAGEN_3": "C003_IMG_20250728_091436.jpg", "VISUALIZAR_IMAGEN_1": "https:\/\/drive.google.com\/uc?export=view&id=18-0wtin8rBpzBAiQNmh4pwFsgzz8KtLf", "VISUALIZAR_IMAGEN_2": "https:\/\/drive.google.com\/uc?export=view&id=1tZxzea-SpfCa1SRgEX4hXOLEYI75tpbT", "VISUALIZAR_IMAGEN_3": "https:\/\/drive.google.com\/uc?export=view&id=1dbv-XBzghY2TYHgXOdh61kKV3vF4hbDW" }, "geometry": { "type": "Point", "coordinates": [ -73.280236, 5.290357, 0.0 ] } },
{ "type": "Feature", "properties": { "FECHA": "26\/07\/2025 00:00:00 (UTC)", "DEPTO": "BOYACÁ", "MUNICIPIO": "ZETAQUIRA", "VEREDA": "GUANATA", "GASODUCTO": "PORVENIR - LA BELLEZA", "TRAMO": "Miraflores - Sutamarchan", "TP_DUCTO": "Troncal", "DISTRITO": "5", "DIAMETRO": "20\"", "TRM_REG": "EL PORVENIR - LA BELLEZA", "PK": "095+332", "PK_PAT": "", "ID_EVENTO": "", "TP_EVENTO": "DESLIZAMIENTO TRASLACIONAL", "LONG_EVENT": 0.0, "AMENAZA": "( )", "ESTADO_EG": " ", "FX2": " ", "OBSERVACIO": "Movimiento del terreno por saturacion del suelo", "PROFUNDIDA": 0.0, "COD_ID": "PROC-11", "ENTREGA": "E28_R1", "LATITUD": 5.223829, "LONGITUD": -73.218628, "IMAGEN_1": "C003_IMG_20250726_132042.jpg", "IMAGEN_2": "C003_IMG_20250726_132053.jpg", "IMAGEN_3": "C003_IMG_20250726_132113.jpg", "VISUALIZAR_IMAGEN_1": "https:\/\/drive.google.com\/uc?export=view&id=1UV5BwekQBQnubwhdDme7XK7k0R6kKTQb", "VISUALIZAR_IMAGEN_2": "https:\/\/drive.google.com\/uc?export=view&id=1tozmbIQzuRs9qaeuNCiXu-MsdE_WEMiP", "VISUALIZAR_IMAGEN_3": "https:\/\/drive.google.com\/uc?export=view&id=1_RLGSMZbLQ648wJEC8PoJbjfzT1g1Qa0" }, "geometry": { "type": "Point", "coordinates": [ -73.218628, 5.223829, 0.0 ] } },
{ "type": "Feature", "properties": { "FECHA": "26\/07\/2025 00:00:00 (UTC)", "DEPTO": "BOYACÁ", "MUNICIPIO": "ZETAQUIRA", "VEREDA": "GUANATA", "GASODUCTO": "PORVENIR - LA BELLEZA", "TRAMO": "Miraflores - Sutamarchan", "TP_DUCTO": "Troncal", "DISTRITO": "5", "DIAMETRO": "20\"", "TRM_REG": "EL PORVENIR - LA BELLEZA", "PK": "095+876", "PK_PAT": "", "ID_EVENTO": "", "TP_EVENTO": "SOCAVACIÓN DE FONDO", "LONG_EVENT": 0.0, "AMENAZA": "( )", "ESTADO_EG": " ", "FX2": " ", "OBSERVACIO": "No se evidencia", "PROFUNDIDA": 0.0, "COD_ID": "PROC-12", "ENTREGA": "E28_R1", "LATITUD": 5.227405, "LONGITUD": -73.220995, "IMAGEN_1": "C003_IMG_20250726_140501.jpg", "IMAGEN_2": "C003_IMG_20250726_140509.jpg", "IMAGEN_3": "C003_IMG_20250726_140517.jpg", "VISUALIZAR_IMAGEN_1": "https:\/\/drive.google.com\/uc?export=view&id=16IcE4kaQM8Ha6g26SkaWMWGD377iyMXH", "VISUALIZAR_IMAGEN_2": "https:\/\/drive.google.com\/uc?export=view&id=1hVo9Lgt1uV8X1EhzIatakFbycz1IYOPl", "VISUALIZAR_IMAGEN_3": "https:\/\/drive.google.com\/uc?export=view&id=1_1vHOudhfzkOKX3HiNnac6RT1fWxLgHW" }, "geometry": { "type": "Point", "coordinates": [ -73.220995, 5.227405, 0.0 ] } },
{ "type": "Feature", "properties": { "FECHA": "27\/07\/2025 00:00:00 (UTC)", "DEPTO": "BOYACÁ", "MUNICIPIO": "ZETAQUIRA", "VEREDA": "GUANATA", "GASODUCTO": "PORVENIR - LA BELLEZA", "TRAMO": "Miraflores - Puente Guillermo", "TP_DUCTO": "Loop", "DISTRITO": "5", "DIAMETRO": "20\"", "TRM_REG": "EL PORVENIR - LA BELLEZA", "PK": "098+404", "PK_PAT": " ", "ID_EVENTO": " ", "TP_EVENTO": "SOCAVACIÓN DE FONDO", "LONG_EVENT": 0.0, "AMENAZA": "( )", "ESTADO_EG": " ", "FX2": " ", "OBSERVACIO": " ", "PROFUNDIDA": 0.0, "COD_ID": "P_MEN", "ENTREGA": "E29_R1", "LATITUD": 5.23762, "LONGITUD": -73.2289533, "IMAGEN_1": "C003_IMG_20250727_103857.jpg", "IMAGEN_2": "C003_IMG_20250727_103903.jpg", "IMAGEN_3": "C003_IMG_20250727_103910.jpg", "VISUALIZAR_IMAGEN_1": "https:\/\/drive.google.com\/uc?export=view&id=1N0jC0Y2wxVpbCu2zeeQPsLiKlecVcRZh", "VISUALIZAR_IMAGEN_2": "https:\/\/drive.google.com\/uc?export=view&id=1ZXeDFotpMxGvjhpHYISLwc_abRWhFtN9", "VISUALIZAR_IMAGEN_3": "https:\/\/drive.google.com\/uc?export=view&id=1YJZ-OvKg-RW4l4e7MGaE8Y9FtoNO1qee" }, "geometry": { "type": "Point", "coordinates": [ -73.228953299999944, 5.23762, 0.0 ] } },
{ "type": "Feature", "properties": { "FECHA": "27\/07\/2025 00:00:00 (UTC)", "DEPTO": "BOYACÁ", "MUNICIPIO": "ZETAQUIRA", "VEREDA": "GUANATA", "GASODUCTO": "PORVENIR - LA BELLEZA", "TRAMO": "Miraflores - Puente Guillermo", "TP_DUCTO": "Loop", "DISTRITO": "5", "DIAMETRO": "20\"", "TRM_REG": "EL PORVENIR - LA BELLEZA", "PK": "099+161", "PK_PAT": " ", "ID_EVENTO": " ", "TP_EVENTO": "SOCAVACIÓN DE FONDO", "LONG_EVENT": 0.0, "AMENAZA": "( )", "ESTADO_EG": " ", "FX2": " ", "OBSERVACIO": " ", "PROFUNDIDA": 0.0, "COD_ID": "P_MEN", "ENTREGA": "E29_R1", "LATITUD": 5.243323, "LONGITUD": -73.232273, "IMAGEN_1": "C003_IMG_20250727_095214.jpg", "IMAGEN_2": "C003_IMG_20250727_095220.jpg", "IMAGEN_3": "C003_IMG_20250727_095242.jpg", "VISUALIZAR_IMAGEN_1": "https:\/\/drive.google.com\/uc?export=view&id=1jINrZHNE68rjJANcu1dvL23PCokHl7QC", "VISUALIZAR_IMAGEN_2": "https:\/\/drive.google.com\/uc?export=view&id=1I9yKSuNv0Y7ipzwd5nisO66sypl5Ti5i", "VISUALIZAR_IMAGEN_3": "https:\/\/drive.google.com\/uc?export=view&id=1VJZ6DH7o4O4yn-sZMKaAaEauw1xFjR5B" }, "geometry": { "type": "Point", "coordinates": [ -73.232273, 5.243323, 0.0 ] } },
{ "type": "Feature", "properties": { "FECHA": "28\/07\/2025 00:00:00 (UTC)", "DEPTO": "BOYACÁ", "MUNICIPIO": "ZETAQUIRA", "VEREDA": "GUANATA", "GASODUCTO": "PORVENIR - LA BELLEZA", "TRAMO": "Miraflores - Puente Guillermo", "TP_DUCTO": "Loop", "DISTRITO": "5", "DIAMETRO": "20\"", "TRM_REG": "EL PORVENIR - LA BELLEZA", "PK": "105+970", "PK_PAT": " ", "ID_EVENTO": " ", "TP_EVENTO": "SOCAVACIÓN LATERAL", "LONG_EVENT": 0.0, "AMENAZA": "Bajo", "ESTADO_EG": " ", "FX2": " ", "OBSERVACIO": " ", "PROFUNDIDA": 0.0, "COD_ID": "P_MEN", "ENTREGA": "E29_R1", "LATITUD": 5.281285, "LONGITUD": -73.272523, "IMAGEN_1": "C003_IMG_20250728_103439.jpg", "IMAGEN_2": "C003_IMG_20250728_103518.jpg", "IMAGEN_3": "C003_IMG_20250728_103529.jpg", "VISUALIZAR_IMAGEN_1": "https:\/\/drive.google.com\/uc?export=view&id=1QeoXVsl_Un64oVd_s6ekwDp6JAZIshRk", "VISUALIZAR_IMAGEN_2": "https:\/\/drive.google.com\/uc?export=view&id=1Jrtv2nmbe0ucExZ3dFbD8dgH-FKlOhCS", "VISUALIZAR_IMAGEN_3": "https:\/\/drive.google.com\/uc?export=view&id=13CosgVxHWbAsoifD7PLr80gT9B7rQ_Gh" }, "geometry": { "type": "Point", "coordinates": [ -73.272523, 5.281285, 0.0 ] } },
{ "type": "Feature", "properties": { "FECHA": "31\/08\/2025 00:00:00 (UTC)", "DEPTO": "(CESAR)", "MUNICIPIO": "SAN DIEGO", "VEREDA": "LOS TUPES", "GASODUCTO": "BALLENA - BARRANCABERMEJA", "TRAMO": "Jagua del Pilar - Casacara", "TP_DUCTO": "Troncal", "DISTRITO": "6", "DIAMETRO": "18\"", "TRM_REG": "BALLENA - BARRANCABERMEJA", "PK": "177+830", "PK_PAT": "177830", "ID_EVENTO": "", "TP_EVENTO": "OTRO", "LONG_EVENT": 0.0, "AMENAZA": "Bajo", "ESTADO_EG": " ", "FX2": " ", "OBSERVACIO": "NO SE OBSERVA NADA. PROF. 1,67m", "PROFUNDIDA": 0.0, "COD_ID": "PROC-1", "ENTREGA": "E37_R1", "LATITUD": 10.347432, "LONGITUD": -73.209968, "IMAGEN_1": "C001_IMG_20250831_103701.jpg", "IMAGEN_2": "C001_IMG_20250831_103715.jpg", "IMAGEN_3": "C001_IMG_20250831_103728.jpg", "VISUALIZAR_IMAGEN_1": "https:\/\/drive.google.com\/uc?export=view&id=1Og3wcXa83Moe-YQZ8wXMV_li8NZ2UzGD", "VISUALIZAR_IMAGEN_2": "https:\/\/drive.google.com\/uc?export=view&id=1KOzC3ptXDd6nQ_36P9ICHcgeYqqvPXwf", "VISUALIZAR_IMAGEN_3": "https:\/\/drive.google.com\/uc?export=view&id=16iBOv6wwm3IQsjdDXXeplyfr3NAvm6Qh" }, "geometry": { "type": "Point", "coordinates": [ -73.209968, 10.347432, 0.0 ] } },
{ "type": "Feature", "properties": { "FECHA": "27\/08\/2025 00:00:00 (UTC)", "DEPTO": "(CESAR)", "MUNICIPIO": "LA PAZ", "VEREDA": "VARASBLANCAS", "GASODUCTO": "BALLENA - BARRANCABERMEJA", "TRAMO": "Valledupar", "TP_DUCTO": "Ramal", "DISTRITO": "6", "DIAMETRO": "4\"", "TRM_REG": "BALLENA - BARRANCABERMEJA", "PK": "000+900", "PK_PAT": "900", "ID_EVENTO": "", "TP_EVENTO": "SURCOS", "LONG_EVENT": 0.0, "AMENAZA": "( )", "ESTADO_EG": " ", "FX2": " ", "OBSERVACIO": "SURCAMIENTO MENOR TÍPICO DE ZONA ÁRIDA DE LA REGIÓN. NO CONSIDERO HALLAZGO ESTE PUNTO. Prof. 1,60m", "PROFUNDIDA": 0.0, "COD_ID": "PROC-2", "ENTREGA": "E37_R1", "LATITUD": 10.40608, "LONGITUD": -73.1808233, "IMAGEN_1": "C001_IMG_20250827_084646.jpg", "IMAGEN_2": "C001_IMG_20250827_084650.jpg", "IMAGEN_3": "C001_IMG_20250827_084658.jpg", "VISUALIZAR_IMAGEN_1": "https:\/\/drive.google.com\/uc?export=view&id=1y6fhDrtIWxlyX6-EiH98xJj-w1i8jfuo", "VISUALIZAR_IMAGEN_2": "https:\/\/drive.google.com\/uc?export=view&id=1g3hMnqRYuvsmcFfoT10suXSSd8qEVIqO", "VISUALIZAR_IMAGEN_3": "https:\/\/drive.google.com\/uc?export=view&id=1r1HIN5YGLJIpoNqtzxeyECmgosisJANf" }, "geometry": { "type": "Point", "coordinates": [ -73.180823299999986, 10.40608, 0.0 ] } },
{ "type": "Feature", "properties": { "FECHA": "27\/08\/2025 00:00:00 (UTC)", "DEPTO": "(CESAR)", "MUNICIPIO": "LA PAZ", "VEREDA": "VARASBLANCAS", "GASODUCTO": "BALLENA - BARRANCABERMEJA", "TRAMO": "Valledupar", "TP_DUCTO": "Ramal", "DISTRITO": "6", "DIAMETRO": "4\"", "TRM_REG": "BALLENA - BARRANCABERMEJA", "PK": "001+880", "PK_PAT": "1880", "ID_EVENTO": "", "TP_EVENTO": "SOCAVACIÓN DE FONDO", "LONG_EVENT": 0.0, "AMENAZA": "( )", "ESTADO_EG": " ", "FX2": " ", "OBSERVACIO": "PROFUNDIDAD SOMERA EN CUERPO DE AGUA INTERMITENTE. PROF. 1,18M", "PROFUNDIDA": 0.0, "COD_ID": "PROC-3", "ENTREGA": "E37_R1", "LATITUD": 10.4069266000001, "LONGITUD": -73.1898, "IMAGEN_1": "C001_IMG_20250827_092230.jpg", "IMAGEN_2": "C001_IMG_20250827_092213.jpg", "IMAGEN_3": "C001_IMG_20250827_092223.jpg", "VISUALIZAR_IMAGEN_1": "https:\/\/drive.google.com\/uc?export=view&id=1kD15k9V2uMt1c3I15Lcljat25sJf_h-r", "VISUALIZAR_IMAGEN_2": "https:\/\/drive.google.com\/uc?export=view&id=1KkxT4WjzHvigR79p-t1XOyxfSQV0IErb", "VISUALIZAR_IMAGEN_3": "https:\/\/drive.google.com\/uc?export=view&id=1YxS1ATqSQfiAKI6p9XGGYU6qa_baaND3" }, "geometry": { "type": "Point", "coordinates": [ -73.1898, 10.406926600000077, 0.0 ] } },
{ "type": "Feature", "properties": { "FECHA": "30\/08\/2025 00:00:00 (UTC)", "DEPTO": "(CESAR)", "MUNICIPIO": "LA PAZ", "VEREDA": "VARASBLANCAS", "GASODUCTO": "BALLENA - BARRANCABERMEJA", "TRAMO": "Jagua del Pilar - Casacara", "TP_DUCTO": "Troncal", "DISTRITO": "6", "DIAMETRO": "18\"", "TRM_REG": "BALLENA - BARRANCABERMEJA", "PK": "170+351", "PK_PAT": "170351", "ID_EVENTO": "", "TP_EVENTO": "SURCOS", "LONG_EVENT": 0.0, "AMENAZA": "( )", "ESTADO_EG": " ", "FX2": " ", "OBSERVACIO": "SURCAMIENTO DRENAJE INTERMITENTE. PROFUNDIDAD DE 1,40M. NO CONSIDERO AFECTACIÓN IMPORTANTE AL DDV", "PROFUNDIDA": 0.0, "COD_ID": "PROC-4", "ENTREGA": "E37_R1", "LATITUD": 10.4037, "LONGITUD": -73.1735, "IMAGEN_1": "C001_IMG_20250830_072728.jpg", "IMAGEN_2": "C001_IMG_20250830_072856.jpg", "IMAGEN_3": "C001_IMG_20250830_072850.jpg", "VISUALIZAR_IMAGEN_1": "https:\/\/drive.google.com\/uc?export=view&id=1f9i2ufLYAbEn-EvQ-xhETSLRFwa7CrwU", "VISUALIZAR_IMAGEN_2": "https:\/\/drive.google.com\/uc?export=view&id=1D54bC5fvy43LAcgqLK0tsDPItYwqwH2Z", "VISUALIZAR_IMAGEN_3": "https:\/\/drive.google.com\/uc?export=view&id=1yvrpH80TG_eWrQqEgRsPxzaf23M-xr3S" }, "geometry": { "type": "Point", "coordinates": [ -73.1735, 10.4037, 0.0 ] } },
{ "type": "Feature", "properties": { "FECHA": "30\/08\/2025 00:00:00 (UTC)", "DEPTO": "(CESAR)", "MUNICIPIO": "LA PAZ", "VEREDA": "VARASBLANCAS", "GASODUCTO": "BALLENA - BARRANCABERMEJA", "TRAMO": "Jagua del Pilar - Casacara", "TP_DUCTO": "Troncal", "DISTRITO": "6", "DIAMETRO": "18\"", "TRM_REG": "BALLENA - BARRANCABERMEJA", "PK": "174+130", "PK_PAT": "174130", "ID_EVENTO": "", "TP_EVENTO": "SURCOS", "LONG_EVENT": 0.0, "AMENAZA": "( )", "ESTADO_EG": " ", "FX2": " ", "OBSERVACIO": "NO SE OBSERVA SURCAMIENTO NI ANTES NI DURANTE NI DESPUÉS DEL CRUCE. LLANURAS ALUVIALES SIN EROSIÓN. CRUCE DE VÍA ESTABLE. PROF. 1,48M", "PROFUNDIDA": 0.0, "COD_ID": "PROC-5", "ENTREGA": "E37_R1", "LATITUD": 10.3765, "LONGITUD": -73.1909, "IMAGEN_1": "C001_IMG_20250830_105047.jpg", "IMAGEN_2": "C001_IMG_20250830_105037.jpg", "IMAGEN_3": "C001_IMG_20250830_105026.jpg", "VISUALIZAR_IMAGEN_1": "https:\/\/drive.google.com\/uc?export=view&id=1vjbxVmO0XVuUz-EYRksy4-XS3VE00Vwm", "VISUALIZAR_IMAGEN_2": "https:\/\/drive.google.com\/uc?export=view&id=1Q56CaKc4hY7Jkf4aQOKthu701zWdQGYP", "VISUALIZAR_IMAGEN_3": "https:\/\/drive.google.com\/uc?export=view&id=1G5dP_VeAP-61u0IXCP5pZfAtnaMEoZA9" }, "geometry": { "type": "Point", "coordinates": [ -73.1909, 10.3765, 0.0 ] } },
{ "type": "Feature", "properties": { "FECHA": "1\/09\/2025 00:00:00 (UTC)", "DEPTO": "(CESAR)", "MUNICIPIO": "SAN DIEGO", "VEREDA": "LOS TUPES", "GASODUCTO": "BALLENA - BARRANCABERMEJA", "TRAMO": "Jagua del Pilar - Casacara", "TP_DUCTO": "Troncal", "DISTRITO": "6", "DIAMETRO": "18\"", "TRM_REG": "BALLENA - BARRANCABERMEJA", "PK": "178+846", "PK_PAT": "178846", "ID_EVENTO": "", "TP_EVENTO": "OTRO", "LONG_EVENT": 0.0, "AMENAZA": "Bajo", "ESTADO_EG": " ", "FX2": " ", "OBSERVACIO": "NO SE OBSERVA NADA. PROF. 1,44m", "PROFUNDIDA": 0.0, "COD_ID": "PROC-6", "ENTREGA": "E37_R1", "LATITUD": 10.340376, "LONGITUD": -73.213051, "IMAGEN_1": "C001_IMG_20250901_085510.jpg", "IMAGEN_2": "C001_IMG_20250901_085527.jpg", "IMAGEN_3": "C001_IMG_20250901_085531.jpg", "VISUALIZAR_IMAGEN_1": "https:\/\/drive.google.com\/uc?export=view&id=1p6D8IF0rbXB1dVLTDFxxsdZGeOztZz-9", "VISUALIZAR_IMAGEN_2": "https:\/\/drive.google.com\/uc?export=view&id=1pBlMhe-U6mvQjetsrw8RAUu9z2t5_9cE", "VISUALIZAR_IMAGEN_3": "https:\/\/drive.google.com\/uc?export=view&id=17PVrRTbKYSoUnLxnGmLL5RRaLdjYR5Iv" }, "geometry": { "type": "Point", "coordinates": [ -73.213051, 10.340376, 0.0 ] } },
{ "type": "Feature", "properties": { "FECHA": "3\/09\/2025 00:00:00 (UTC)", "DEPTO": "(CESAR)", "MUNICIPIO": "SAN DIEGO", "VEREDA": "LOS BRASILES", "GASODUCTO": "BALLENA - BARRANCABERMEJA", "TRAMO": "Jagua del Pilar - Casacara", "TP_DUCTO": "Troncal", "DISTRITO": "6", "DIAMETRO": "18\"", "TRM_REG": "BALLENA - BARRANCABERMEJA", "PK": "192+917", "PK_PAT": "192917", "ID_EVENTO": "", "TP_EVENTO": "OTRO", "LONG_EVENT": 0.0, "AMENAZA": "Bajo", "ESTADO_EG": " ", "FX2": " ", "OBSERVACIO": "NO SE OBSERVA HALLAZGO GE6OTECNIC9. PROF. 1,74m", "PROFUNDIDA": 0.0, "COD_ID": "PROC-7", "ENTREGA": "E37_R1", "LATITUD": 10.226797, "LONGITUD": -73.26604, "IMAGEN_1": "C001_IMG_20250903_105448.jpg", "IMAGEN_2": "C001_IMG_20250903_105510.jpg", "IMAGEN_3": "C001_IMG_20250903_105515.jpg", "VISUALIZAR_IMAGEN_1": "https:\/\/drive.google.com\/uc?export=view&id=1-fl_Ftfcu9kAK8OZrB1ItaVZeST-r0BE", "VISUALIZAR_IMAGEN_2": "https:\/\/drive.google.com\/uc?export=view&id=1dtOIQ1sfBgXO1mt926XXYSiWu74ALZsZ", "VISUALIZAR_IMAGEN_3": "https:\/\/drive.google.com\/uc?export=view&id=15PwE6LOIkKqXfQLELa4bsnbZr6m3xyN3" }, "geometry": { "type": "Point", "coordinates": [ -73.26604, 10.226797, 0.0 ] } },
{ "type": "Feature", "properties": { "FECHA": "1\/09\/2025 00:00:00 (UTC)", "DEPTO": "(CESAR)", "MUNICIPIO": "SAN DIEGO", "VEREDA": "LOS TUPES", "GASODUCTO": "BALLENA - BARRANCABERMEJA", "TRAMO": "Jagua del Pilar - Casacara", "TP_DUCTO": "Troncal", "DISTRITO": "6", "DIAMETRO": "18\"", "TRM_REG": "BALLENA - BARRANCABERMEJA", "PK": "178+522", "PK_PAT": "178522", "ID_EVENTO": "", "TP_EVENTO": "SURCOS", "LONG_EVENT": 0.0, "AMENAZA": "( )", "ESTADO_EG": " ", "FX2": " ", "OBSERVACIO": "EROSIÓN LAMINAR FUERTE. PROF. 1,65M", "PROFUNDIDA": 0.0, "COD_ID": "PROC-8", "ENTREGA": "E37_R1", "LATITUD": 10.3418, "LONGITUD": -73.2125, "IMAGEN_1": "C001_IMG_20250901_084240.jpg", "IMAGEN_2": "C001_IMG_20250901_084309.jpg", "IMAGEN_3": "C001_IMG_20250901_084317.jpg", "VISUALIZAR_IMAGEN_1": "https:\/\/drive.google.com\/uc?export=view&id=1PsGOMNhkd1uC_UkdxPpNVTSUhV_3yxfp", "VISUALIZAR_IMAGEN_2": "https:\/\/drive.google.com\/uc?export=view&id=1AHwLJFvT_I1cRLjzMPlYKF9UUxHktF2t", "VISUALIZAR_IMAGEN_3": "https:\/\/drive.google.com\/uc?export=view&id=1shtE7NkhdJE_s-Jd1_zjpbdDEtoPhQwF" }, "geometry": { "type": "Point", "coordinates": [ -73.2125, 10.3418, 0.0 ] } },
{ "type": "Feature", "properties": { "FECHA": "1\/09\/2025 00:00:00 (UTC)", "DEPTO": "(CESAR)", "MUNICIPIO": "SAN DIEGO", "VEREDA": "LOS TUPES", "GASODUCTO": "BALLENA - BARRANCABERMEJA", "TRAMO": "Jagua del Pilar - Casacara", "TP_DUCTO": "Troncal", "DISTRITO": "6", "DIAMETRO": "18\"", "TRM_REG": "BALLENA - BARRANCABERMEJA", "PK": "178+576", "PK_PAT": "178576", "ID_EVENTO": "", "TP_EVENTO": "SURCOS", "LONG_EVENT": 0.0, "AMENAZA": "( )", "ESTADO_EG": " ", "FX2": " ", "OBSERVACIO": "Prof. 1,53m. EROSIÓN EN SURCO PERPENDICULAR al ddv. Profundidad de surcos de 0.5m", "PROFUNDIDA": 0.0, "COD_ID": "PROC-9", "ENTREGA": "E37_R1", "LATITUD": 10.3413, "LONGITUD": -73.2127, "IMAGEN_1": "C001_IMG_20250901_084448.jpg", "IMAGEN_2": "C001_IMG_20250901_084456.jpg", "IMAGEN_3": "C001_IMG_20250901_084515.jpg", "VISUALIZAR_IMAGEN_1": "https:\/\/drive.google.com\/uc?export=view&id=1vdnwFRxWoyPhamM8r1ScFVd1J_89wGGb", "VISUALIZAR_IMAGEN_2": "https:\/\/drive.google.com\/uc?export=view&id=1NC-A-K7Q4Tw7wIqgPrdpXe_755bMolnV", "VISUALIZAR_IMAGEN_3": "https:\/\/drive.google.com\/uc?export=view&id=1lGk2MlJwoSSR8XRP0JvjB3Nben8gUmR5" }, "geometry": { "type": "Point", "coordinates": [ -73.2127, 10.3413, 0.0 ] } },
{ "type": "Feature", "properties": { "FECHA": "1\/09\/2025 00:00:00 (UTC)", "DEPTO": "(CESAR)", "MUNICIPIO": "SAN DIEGO", "VEREDA": "LOS TUPES", "GASODUCTO": "BALLENA - BARRANCABERMEJA", "TRAMO": "Jagua del Pilar - Casacara", "TP_DUCTO": "Troncal", "DISTRITO": "6", "DIAMETRO": "18\"", "TRM_REG": "BALLENA - BARRANCABERMEJA", "PK": "179+980", "PK_PAT": "179980", "ID_EVENTO": "", "TP_EVENTO": "SURCOS", "LONG_EVENT": 0.0, "AMENAZA": "( )", "ESTADO_EG": " ", "FX2": " ", "OBSERVACIO": "Prof. 1,47m. SURCAMIENTO de 1m de profundidad", "PROFUNDIDA": 0.0, "COD_ID": "PROC-10", "ENTREGA": "E37_R1", "LATITUD": 10.3325, "LONGITUD": -73.2195, "IMAGEN_1": "C001_IMG_20250901_095626.jpg", "IMAGEN_2": "C001_IMG_20250901_095633.jpg", "IMAGEN_3": "C001_IMG_20250901_095645.jpg", "VISUALIZAR_IMAGEN_1": "https:\/\/drive.google.com\/uc?export=view&id=1FvHqaxAfzzGlvKcu_ief-gUS3dSfFFmY", "VISUALIZAR_IMAGEN_2": "https:\/\/drive.google.com\/uc?export=view&id=121BhXkBEMMWf-ICJA8fT-D5XrIt-Wpg1", "VISUALIZAR_IMAGEN_3": "https:\/\/drive.google.com\/uc?export=view&id=1yeYo63FKEpmYfYTLnDMDKQXrM2nWQONX" }, "geometry": { "type": "Point", "coordinates": [ -73.2195, 10.3325, 0.0 ] } },
{ "type": "Feature", "properties": { "FECHA": "24\/08\/2025 00:00:00 (UTC)", "DEPTO": "BOYACÁ", "MUNICIPIO": "FLORESTA", "VEREDA": "TOBASIA", "GASODUCTO": "BOYACA - SANTANDER", "TRAMO": "Floresta", "TP_DUCTO": "Ramal", "DISTRITO": "5", "DIAMETRO": "2\"", "TRM_REG": "GASODUCTO RAMALES BOYACA - SANTANDER", "PK": "003+820", "PK_PAT": "3814", "ID_EVENTO": "", "TP_EVENTO": "SOCAVACIÓN LATERAL", "LONG_EVENT": 0.0, "AMENAZA": "( )", "ESTADO_EG": " ", "FX2": " ", "OBSERVACIO": "No se evidencia", "PROFUNDIDA": 0.0, "COD_ID": "PROC-1", "ENTREGA": "E30_R1", "LATITUD": 5.852649, "LONGITUD": -72.940599, "IMAGEN_1": "C003_IMG_20250824_103834.jpg", "IMAGEN_2": "C003_IMG_20250824_103840.jpg", "IMAGEN_3": "C003_IMG_20250824_103846.jpg", "VISUALIZAR_IMAGEN_1": "https:\/\/drive.google.com\/uc?export=view&id=1vzYvQ_SkPEIzG_3vtNGVHp_xWHzMB6_-", "VISUALIZAR_IMAGEN_2": "https:\/\/drive.google.com\/uc?export=view&id=1RFbACFhObR5vDkNdGKRUTqNT8C0-r7xk", "VISUALIZAR_IMAGEN_3": "https:\/\/drive.google.com\/uc?export=view&id=1zDjDPL0ONjMWs8YGGEzJAESNAiLhbJA7" }, "geometry": { "type": "Point", "coordinates": [ -72.940599, 5.852649, 0.0 ] } },
{ "type": "Feature", "properties": { "FECHA": "7\/08\/2025 00:00:00 (UTC)", "DEPTO": "BOYACÁ", "MUNICIPIO": "SANTA ROSA DE VITERBO", "VEREDA": "SALITRE", "GASODUCTO": "BOYACA - SANTANDER", "TRAMO": "Belen", "TP_DUCTO": "Ramal", "DISTRITO": "5", "DIAMETRO": "3\"", "TRM_REG": "GASODUCTO RAMALES BOYACA - SANTANDER", "PK": "005+545", "PK_PAT": "", "ID_EVENTO": "", "TP_EVENTO": "FLUJOS", "LONG_EVENT": 0.0, "AMENAZA": "Bajo", "ESTADO_EG": " ", "FX2": " ", "OBSERVACIO": "DEPÓSITOS COLUVIALES . TUBERÍA EN BERMA DE VIA A 1,60M", "PROFUNDIDA": 0.0, "COD_ID": "PROC-2", "ENTREGA": "E30_R1", "LATITUD": 5.808728, "LONGITUD": -72.99067, "IMAGEN_1": "C001_IMG_20250807_122951.jpg", "IMAGEN_2": "C001_IMG_20250807_122938.jpg", "IMAGEN_3": "C001_IMG_20250807_122943.jpg", "VISUALIZAR_IMAGEN_1": "https:\/\/drive.google.com\/uc?export=view&id=1jbcjHG9Jyy_px3cvqsl93oblWKoFau3a", "VISUALIZAR_IMAGEN_2": "https:\/\/drive.google.com\/uc?export=view&id=17QdoXaBMh5r25Ncr9yL3IE4rjX0w9Rck", "VISUALIZAR_IMAGEN_3": "https:\/\/drive.google.com\/uc?export=view&id=1QYae2lkctGEx6khO9UKUCPVAnjLO1UA3" }, "geometry": { "type": "Point", "coordinates": [ -72.99067, 5.808728, 0.0 ] } },
{ "type": "Feature", "properties": { "FECHA": "13\/08\/2025 00:00:00 (UTC)", "DEPTO": "BOYACÁ", "MUNICIPIO": "SANTA ROSA DE VITERBO", "VEREDA": "EGIPTO", "GASODUCTO": "BOYACA - SANTANDER", "TRAMO": "Belen", "TP_DUCTO": "Ramal", "DISTRITO": "5", "DIAMETRO": "3\"", "TRM_REG": "GASODUCTO RAMALES BOYACA - SANTANDER", "PK": "015+481", "PK_PAT": "", "ID_EVENTO": "", "TP_EVENTO": "SURCOS", "LONG_EVENT": 0.0, "AMENAZA": "( )", "ESTADO_EG": " ", "FX2": " ", "OBSERVACIO": "TUBERÍA EXPUESTA POR SOCAVACIÓN DE SURCO EN ORIILA DE VIA DESTAPADA", "PROFUNDIDA": 0.0, "COD_ID": "PROC-3", "ENTREGA": "E30_R1", "LATITUD": 5.8745870000000764, "LONGITUD": -72.963075, "IMAGEN_1": "C001_IMG_20250813_085814.jpg", "IMAGEN_2": "C001_IMG_20250813_085825.jpg", "IMAGEN_3": "C001_IMG_20250813_085830.jpg", "VISUALIZAR_IMAGEN_1": "https:\/\/drive.google.com\/uc?export=view&id=1Lo-2_WvLHIAXaa_ssjYOY0vARAPrifu2", "VISUALIZAR_IMAGEN_2": "https:\/\/drive.google.com\/uc?export=view&id=1SV15Y8LnRML8OUrD9ylD48lHjO8oWtkm", "VISUALIZAR_IMAGEN_3": "https:\/\/drive.google.com\/uc?export=view&id=1Euu4znc0ijDrwSCBqhrw7p6P-ZfflfUZ" }, "geometry": { "type": "Point", "coordinates": [ -72.963075, 5.874587, 0.0 ] } },
{ "type": "Feature", "properties": { "FECHA": "13\/08\/2025 00:00:00 (UTC)", "DEPTO": "BOYACÁ", "MUNICIPIO": "SANTA ROSA DE VITERBO", "VEREDA": "EGIPTO", "GASODUCTO": "BOYACA - SANTANDER", "TRAMO": "Belen", "TP_DUCTO": "Ramal", "DISTRITO": "5", "DIAMETRO": "3\"", "TRM_REG": "GASODUCTO RAMALES BOYACA - SANTANDER", "PK": "016+837", "PK_PAT": "", "ID_EVENTO": "", "TP_EVENTO": "SURCOS", "LONG_EVENT": 0.0, "AMENAZA": "( )", "ESTADO_EG": " ", "FX2": " ", "OBSERVACIO": "TUBERÍA CON PROFUNDIDAD DE 1,12M. SURCOS EN LA VIA", "PROFUNDIDA": 0.0, "COD_ID": "PROC-4", "ENTREGA": "E30_R1", "LATITUD": 5.8852000000000544, "LONGITUD": -72.9576, "IMAGEN_1": "C001_IMG_20250813_093508.jpg", "IMAGEN_2": "C001_IMG_20250813_093515.jpg", "IMAGEN_3": "C001_IMG_20250813_093522.jpg", "VISUALIZAR_IMAGEN_1": "https:\/\/drive.google.com\/uc?export=view&id=1PZyTgMTBBfamk3lwb6kQD1I1BRXXbqP9", "VISUALIZAR_IMAGEN_2": "https:\/\/drive.google.com\/uc?export=view&id=1Hh4D8ynzqmIY6Z9nxJkI2dsWpN5kMge_", "VISUALIZAR_IMAGEN_3": "https:\/\/drive.google.com\/uc?export=view&id=1l0DwU5588rrorbt9lM_bZtLhRfeIhWXl" }, "geometry": { "type": "Point", "coordinates": [ -72.9576, 5.8852, 0.0 ] } },
{ "type": "Feature", "properties": { "FECHA": "14\/08\/2025 00:00:00 (UTC)", "DEPTO": "BOYACÁ", "MUNICIPIO": "CERINZA", "VEREDA": "NOVARE", "GASODUCTO": "BOYACA - SANTANDER", "TRAMO": "Belen", "TP_DUCTO": "Ramal", "DISTRITO": "5", "DIAMETRO": "3\"", "TRM_REG": "GASODUCTO RAMALES BOYACA - SANTANDER", "PK": "023+983", "PK_PAT": "", "ID_EVENTO": "", "TP_EVENTO": "SOCAVACIÓN DE FONDO", "LONG_EVENT": 0.0, "AMENAZA": "( )", "ESTADO_EG": " ", "FX2": " ", "OBSERVACIO": "TUBERÍA SOMERA EN TALWEGH. Prof. 1m", "PROFUNDIDA": 0.0, "COD_ID": "PROC-5", "ENTREGA": "E30_R1", "LATITUD": 5.9447451670000646, "LONGITUD": -72.944427169999983, "IMAGEN_1": "C001_IMG_20250814_085856.jpg", "IMAGEN_2": "C001_IMG_20250814_085926.jpg", "IMAGEN_3": "C001_IMG_20250814_085915.jpg", "VISUALIZAR_IMAGEN_1": "https:\/\/drive.google.com\/uc?export=view&id=1O5xBfLS6yqHTzDM3xiWRxd-t09UqApD_", "VISUALIZAR_IMAGEN_2": "https:\/\/drive.google.com\/uc?export=view&id=1btFfZFiH85JA4JNbyHfDqiD7MJVhU8gg", "VISUALIZAR_IMAGEN_3": "https:\/\/drive.google.com\/uc?export=view&id=1Bxh5lyidcUYuwRjR0pZwtMkQzougH8QK" }, "geometry": { "type": "Point", "coordinates": [ -72.944427169999983, 5.944745167000065, 0.0 ] } },
{ "type": "Feature", "properties": { "FECHA": "15\/08\/2025 00:00:00 (UTC)", "DEPTO": "BOYACÁ", "MUNICIPIO": "BELÉN", "VEREDA": "DONACION", "GASODUCTO": "BOYACA - SANTANDER", "TRAMO": "Belen", "TP_DUCTO": "Ramal", "DISTRITO": "5", "DIAMETRO": "3\"", "TRM_REG": "GASODUCTO RAMALES BOYACA - SANTANDER", "PK": "027+570", "PK_PAT": "", "ID_EVENTO": "", "TP_EVENTO": "SOCAVACIÓN DE FONDO", "LONG_EVENT": 0.0, "AMENAZA": "( )", "ESTADO_EG": " ", "FX2": " ", "OBSERVACIO": "NO EXISTE SOCAVACIÓN DE FONDO. TUBERÍA A 1,2M DE PROFUNDIDAD", "PROFUNDIDA": 0.0, "COD_ID": "PROC-6", "ENTREGA": "E30_R1", "LATITUD": 5.971815, "LONGITUD": -72.927821, "IMAGEN_1": "C001_IMG_20250815_103829.jpg", "IMAGEN_2": "C001_IMG_20250815_103834.jpg", "IMAGEN_3": "C001_IMG_20250815_103842.jpg", "VISUALIZAR_IMAGEN_1": "https:\/\/drive.google.com\/uc?export=view&id=1QHTzkZEqhOO0ggbmZ1DHq3drNtjrP1Ho", "VISUALIZAR_IMAGEN_2": "https:\/\/drive.google.com\/uc?export=view&id=1GPrdxbkiCjOo03X0KBkx418rupeZtjIy", "VISUALIZAR_IMAGEN_3": "https:\/\/drive.google.com\/uc?export=view&id=1-_D38vHqw28U1YcUux7GpwmWeAm112Wq" }, "geometry": { "type": "Point", "coordinates": [ -72.927821, 5.971815, 0.0 ] } },
{ "type": "Feature", "properties": { "FECHA": "25\/07\/2025 00:00:00 (UTC)", "DEPTO": "BOYACÁ", "MUNICIPIO": "CÓMBITA", "VEREDA": "LA CONCEPCION", "GASODUCTO": "BOYACA - SANTANDER", "TRAMO": "Arcabuco", "TP_DUCTO": "Ramal", "DISTRITO": "5", "DIAMETRO": "2\"", "TRM_REG": "GASODUCTO RAMALES BOYACA - SANTANDER", "PK": "003+014", "PK_PAT": "", "ID_EVENTO": "", "TP_EVENTO": "OTRO", "LONG_EVENT": 0.0, "AMENAZA": "Bajo", "ESTADO_EG": " ", "FX2": " ", "OBSERVACIO": "NO SE OBSERVA DDV AFECTADO. SURCOS MENORES DE O.5M DE ALTURA Y 4M DE LONGITUD TRANSVERSAL ES AL DDV", "PROFUNDIDA": 0.0, "COD_ID": "PROC-7", "ENTREGA": "E30_R1", "LATITUD": 5.6212130000000684, "LONGITUD": -73.349759, "IMAGEN_1": "C001_IMG_20250725_105019.jpg", "IMAGEN_2": "C001_IMG_20250725_105031.jpg", "IMAGEN_3": "C001_IMG_20250725_105042.jpg", "VISUALIZAR_IMAGEN_1": "https:\/\/drive.google.com\/uc?export=view&id=1yhckL9B7_LxKC91bHiWybi-SIAocfsXo", "VISUALIZAR_IMAGEN_2": "https:\/\/drive.google.com\/uc?export=view&id=1tabn3Lpkg9gPLRbj-t1r-rWBo_5QuyQg", "VISUALIZAR_IMAGEN_3": "https:\/\/drive.google.com\/uc?export=view&id=12ZjQ6RtulaFsOXV769Nrg2vEQ5uPjVZD" }, "geometry": { "type": "Point", "coordinates": [ -73.349759, 5.621213, 0.0 ] } },
{ "type": "Feature", "properties": { "FECHA": "30\/07\/2025 00:00:00 (UTC)", "DEPTO": "BOYACÁ", "MUNICIPIO": "DUITAMA", "VEREDA": "SAN LORENZO DE ABAJO", "GASODUCTO": "BOYACA - SANTANDER", "TRAMO": "Teatinos - Belencito", "TP_DUCTO": "Troncal", "DISTRITO": "5", "DIAMETRO": "10\"", "TRM_REG": "GASODUCTO RAMALES BOYACA - SANTANDER", "PK": "062+905", "PK_PAT": "", "ID_EVENTO": "", "TP_EVENTO": "OTRO", "LONG_EVENT": 0.0, "AMENAZA": "Medio", "ESTADO_EG": " ", "FX2": " ", "OBSERVACIO": "GRIETAS EN LA MÁRGEN IZQUIERDA DEL RIO QUE VA PARALELO AL DDV. LA SOCAVACIÓN MARGINAL RETROGRADA A 2m del DDV. PROFUNDIDAD DE GRIETAS DE 1M. PROFUNDIDAD DEL GASODUCTO DE 2M", "PROFUNDIDA": 0.0, "COD_ID": "PROC-8", "ENTREGA": "E30_R1", "LATITUD": 5.780674, "LONGITUD": -73.062143, "IMAGEN_1": "C001_IMG_20250730_115725.jpg", "IMAGEN_2": "C001_IMG_20250730_115623.jpg", "IMAGEN_3": "C001_IMG_20250730_115701.jpg", "VISUALIZAR_IMAGEN_1": "https:\/\/drive.google.com\/uc?export=view&id=1uqgukj_900My2kxlmjZxhElOX11MJr6A", "VISUALIZAR_IMAGEN_2": "https:\/\/drive.google.com\/uc?export=view&id=1usTmWT-VfGBvNAeHPfjxEV_JNo23T4ld", "VISUALIZAR_IMAGEN_3": "https:\/\/drive.google.com\/uc?export=view&id=1ja0fvwW1vvXmQb78--5PXCERnjA7weWf" }, "geometry": { "type": "Point", "coordinates": [ -73.062143, 5.780674, 0.0 ] } },
{ "type": "Feature", "properties": { "FECHA": "30\/07\/2025 00:00:00 (UTC)", "DEPTO": "BOYACÁ", "MUNICIPIO": "DUITAMA", "VEREDA": "SAN LORENZO DE ABAJO", "GASODUCTO": "BOYACA - SANTANDER", "TRAMO": "Teatinos - Belencito", "TP_DUCTO": "Troncal", "DISTRITO": "5", "DIAMETRO": "10\"", "TRM_REG": "GASODUCTO RAMALES BOYACA - SANTANDER", "PK": "063+173", "PK_PAT": "", "ID_EVENTO": "", "TP_EVENTO": "OTRO", "LONG_EVENT": 0.0, "AMENAZA": "Bajo", "ESTADO_EG": " ", "FX2": " ", "OBSERVACIO": "SOCAVACIÓN LATERAL DE MARGEN IZQUIERDA DE RIO PARALELO AL DDV.  CORONA DE SOCAVACIÓN DE 19M LONGITUDINAL AL DDV. PROF. DE 2,13M. DISTANCIA DE EJE DEL TUBO A CORONA DE 2M", "PROFUNDIDA": 0.0, "COD_ID": "PROC-9", "ENTREGA": "E30_R1", "LATITUD": 5.782165, "LONGITUD": -73.060168, "IMAGEN_1": "C001_IMG_20250730_121005.jpg", "IMAGEN_2": "C001_IMG_20250730_121038.jpg", "IMAGEN_3": "C001_IMG_20250730_121058.jpg", "VISUALIZAR_IMAGEN_1": "https:\/\/drive.google.com\/uc?export=view&id=1OiRp1_qZdUNT5CmFEimUDjftgynvrfEb", "VISUALIZAR_IMAGEN_2": "https:\/\/drive.google.com\/uc?export=view&id=1JyRkBvo4oNSn25TyJpDZG4C2tZNMfI3z", "VISUALIZAR_IMAGEN_3": "https:\/\/drive.google.com\/uc?export=view&id=1PpHTf0jKwX-TI6M9pqKIbL0iwEZE8MXw" }, "geometry": { "type": "Point", "coordinates": [ -73.060168, 5.782165, 0.0 ] } },
{ "type": "Feature", "properties": { "FECHA": "29\/07\/2025 00:00:00 (UTC)", "DEPTO": "BOYACÁ", "MUNICIPIO": "PAIPA", "VEREDA": "LA ESPERANZA", "GASODUCTO": "BOYACA - SANTANDER", "TRAMO": "Teatinos - Belencito", "TP_DUCTO": "Troncal", "DISTRITO": "5", "DIAMETRO": "10\"", "TRM_REG": "GASODUCTO RAMALES BOYACA - SANTANDER", "PK": "055+772", "PK_PAT": "", "ID_EVENTO": "", "TP_EVENTO": "OTRO", "LONG_EVENT": 0.0, "AMENAZA": "Bajo", "ESTADO_EG": " ", "FX2": " ", "OBSERVACIO": "NO SE EVIDENCIA AFECTACIÓN AL DDV. Prof 1,5m", "PROFUNDIDA": 0.0, "COD_ID": "PROC-10", "ENTREGA": "E30_R1", "LATITUD": 5.7459030000000553, "LONGITUD": -73.106406, "IMAGEN_1": "C001_IMG_20250729_093505.jpg", "IMAGEN_2": "C001_IMG_20250729_093511.jpg", "IMAGEN_3": "C001_IMG_20250729_093517.jpg", "VISUALIZAR_IMAGEN_1": "https:\/\/drive.google.com\/uc?export=view&id=1Fi0yDfzLH2YClAYjpJvx0otW-oE2QRLD", "VISUALIZAR_IMAGEN_2": "https:\/\/drive.google.com\/uc?export=view&id=1tpCoV0elt4rG1er7PlZwFTw2aa0RGJUc", "VISUALIZAR_IMAGEN_3": "https:\/\/drive.google.com\/uc?export=view&id=1gdSdPijULiZVDOjIPtPJ2plVzwswllly" }, "geometry": { "type": "Point", "coordinates": [ -73.106406, 5.745903, 0.0 ] } },
{ "type": "Feature", "properties": { "FECHA": "30\/07\/2025 00:00:00 (UTC)", "DEPTO": "BOYACÁ", "MUNICIPIO": "PAIPA", "VEREDA": "CAÑOS", "GASODUCTO": "BOYACA - SANTANDER", "TRAMO": "Teatinos - Belencito", "TP_DUCTO": "Troncal", "DISTRITO": "5", "DIAMETRO": "10\"", "TRM_REG": "GASODUCTO RAMALES BOYACA - SANTANDER", "PK": "061+486", "PK_PAT": "", "ID_EVENTO": "", "TP_EVENTO": "OTRO", "LONG_EVENT": 0.0, "AMENAZA": "Bajo", "ESTADO_EG": " ", "FX2": " ", "OBSERVACIO": "PROF. 2,2N EN MARGEN INICIAL IZQUIERDA DE CRUCE SUBFLUVIAL DE RIO CHICAMOCHA. NO SE EVIDENCIA AFECTACIÓN EN KA MARGEN. TAMPOCO SE PUEDE IDENTIFICAR SI EN EL TALWEGH HAY EXPOSICIÓN DE TUBERÍA", "PROFUNDIDA": 0.0, "COD_ID": "PROC-11", "ENTREGA": "E30_R1", "LATITUD": 5.772968, "LONGITUD": -73.071081, "IMAGEN_1": "C001_IMG_20250730_105124.jpg", "IMAGEN_2": "C001_IMG_20250730_105148.jpg", "IMAGEN_3": "C001_IMG_20250730_105158.jpg", "VISUALIZAR_IMAGEN_1": "https:\/\/drive.google.com\/uc?export=view&id=1ONcljd2YlzMXYXqxLWGpxYyiJB72kZRP", "VISUALIZAR_IMAGEN_2": "https:\/\/drive.google.com\/uc?export=view&id=1U2VXt5iEwleNxJNftlphQNMov7YNd0OJ", "VISUALIZAR_IMAGEN_3": "https:\/\/drive.google.com\/uc?export=view&id=1hMkDigQTYNKgcA1KXYvub9RQFobIG5gq" }, "geometry": { "type": "Point", "coordinates": [ -73.071081, 5.772968, 0.0 ] } },
{ "type": "Feature", "properties": { "FECHA": "25\/07\/2025 00:00:00 (UTC)", "DEPTO": "BOYACÁ", "MUNICIPIO": "SOTAQUIRÁ", "VEREDA": "SOCONSUCA DE BLANCOS", "GASODUCTO": "BOYACA - SANTANDER", "TRAMO": "Teatinos - Belencito", "TP_DUCTO": "Troncal", "DISTRITO": "5", "DIAMETRO": "10\"", "TRM_REG": "GASODUCTO RAMALES BOYACA - SANTANDER", "PK": "047+911", "PK_PAT": "", "ID_EVENTO": "0", "TP_EVENTO": "SURCOS", "LONG_EVENT": 0.0, "AMENAZA": "( )", "ESTADO_EG": " ", "FX2": " ", "OBSERVACIO": "No se evidencia evento", "PROFUNDIDA": 0.0, "COD_ID": "PROC-12", "ENTREGA": "E30_R1", "LATITUD": 5.7389000000000578, "LONGITUD": -73.1641, "IMAGEN_1": "C002_IMG_20250725_092737.jpg", "IMAGEN_2": "C002_IMG_20250725_092743.jpg", "IMAGEN_3": "C002_IMG_20250725_092748.jpg", "VISUALIZAR_IMAGEN_1": "https:\/\/drive.google.com\/uc?export=view&id=1cbOdPSjNpb7F4Qz8H6haAaLliRy4qbK-", "VISUALIZAR_IMAGEN_2": "https:\/\/drive.google.com\/uc?export=view&id=1Pob5wlA1owoVbh0qGTiVMA4_5P0AcBZp", "VISUALIZAR_IMAGEN_3": "https:\/\/drive.google.com\/uc?export=view&id=1QEVXDvW1qYvox7fZQhnSM4jmZnE-1WRH" }, "geometry": { "type": "Point", "coordinates": [ -73.1641, 5.7389, 0.0 ] } },
{ "type": "Feature", "properties": { "FECHA": "27\/07\/2025 00:00:00 (UTC)", "DEPTO": "SANTANDER", "MUNICIPIO": "FLORIÁN", "VEREDA": "MOPORA", "GASODUCTO": "CENTRO - ORIENTE", "TRAMO": "PK7+200 - PK17+500", "TP_DUCTO": "Troncal", "DISTRITO": "3", "DIAMETRO": "22\"", "TRM_REG": "LA BELLEZA - COGUA", "PK": "011+578", "PK_PAT": "", "ID_EVENTO": "", "TP_EVENTO": "FLUJOS", "LONG_EVENT": 0.0, "AMENAZA": "Bajo", "ESTADO_EG": "", "FX2": " ", "OBSERVACIO": "Presencia de flujo estable", "PROFUNDIDA": 0.0, "COD_ID": "PROC-1", "ENTREGA": "E31_R1", "LATITUD": 5.750117, "LONGITUD": -73.964667, "IMAGEN_1": "C004_IMG_20250727_095547.jpg", "IMAGEN_2": "C004_IMG_20250727_095554.jpg", "IMAGEN_3": "C004_IMG_20250727_095559.jpg", "VISUALIZAR_IMAGEN_1": "https:\/\/drive.google.com\/uc?export=view&id=1rSV8v6wIw8ocZz65ZzQQlxo5uWmAFOKs", "VISUALIZAR_IMAGEN_2": "https:\/\/drive.google.com\/uc?export=view&id=1jSB5saegs1cSCg9TR-l54WfDAUG1zmAK", "VISUALIZAR_IMAGEN_3": "https:\/\/drive.google.com\/uc?export=view&id=1fZ6wArL6ymvTeaPMnlCopljOGVk8G_4c" }, "geometry": { "type": "Point", "coordinates": [ -73.964667, 5.750117, 0.0 ] } },
{ "type": "Feature", "properties": { "FECHA": "25\/07\/2025 00:00:00 (UTC)", "DEPTO": "SANTANDER", "MUNICIPIO": "FLORIÁN", "VEREDA": "GUALILO", "GASODUCTO": "CENTRO - ORIENTE", "TRAMO": "La Belleza - PK7+200", "TP_DUCTO": "Troncal", "DISTRITO": "3", "DIAMETRO": "22\"", "TRM_REG": "LA BELLEZA - COGUA", "PK": "001+863", "PK_PAT": "", "ID_EVENTO": "", "TP_EVENTO": "SOCAVACIÓN DE FONDO", "LONG_EVENT": 0.0, "AMENAZA": "( )", "ESTADO_EG": "", "FX2": " ", "OBSERVACIO": "No existe socavacion de fondo, morfología natural de la fuente hidrica", "PROFUNDIDA": 0.0, "COD_ID": "PROC-2", "ENTREGA": "E31_R1", "LATITUD": 5.82552, "LONGITUD": -73.975557, "IMAGEN_1": "C004_IMG_20250725_114513.jpg", "IMAGEN_2": "C004_IMG_20250725_114518.jpg", "IMAGEN_3": "C004_IMG_20250725_114525.jpg", "VISUALIZAR_IMAGEN_1": "https:\/\/drive.google.com\/uc?export=view&id=11KTOf5ThaaU5kgBmdgfB9fo_j4Wdmgcy", "VISUALIZAR_IMAGEN_2": "https:\/\/drive.google.com\/uc?export=view&id=1P7WrLvNOHS-LYxbcvW_Z8LhJnyMa-j-V", "VISUALIZAR_IMAGEN_3": "https:\/\/drive.google.com\/uc?export=view&id=1gWqdxWkdSlFX3jqJm59AzftbsyfhLseI" }, "geometry": { "type": "Point", "coordinates": [ -73.975557, 5.82552, 0.0 ] } },
{ "type": "Feature", "properties": { "FECHA": "27\/07\/2025 00:00:00 (UTC)", "DEPTO": "SANTANDER", "MUNICIPIO": "FLORIÁN", "VEREDA": "MOPORA", "GASODUCTO": "CENTRO - ORIENTE", "TRAMO": "PK7+200 - PK17+500", "TP_DUCTO": "Troncal", "DISTRITO": "3", "DIAMETRO": "22\"", "TRM_REG": "LA BELLEZA - COGUA", "PK": "011+777", "PK_PAT": "", "ID_EVENTO": "", "TP_EVENTO": "FLUJOS", "LONG_EVENT": 0.0, "AMENAZA": "( )", "ESTADO_EG": "", "FX2": " ", "OBSERVACIO": "Se cambia respecto a linea base de tipo de evento otro a flujos. Se presenta flujo a un metro a la izquierda de la tuberia", "PROFUNDIDA": 0.0, "COD_ID": "PROC-3", "ENTREGA": "E31_R1", "LATITUD": 5.7483080000000655, "LONGITUD": -73.96456, "IMAGEN_1": "C004_IMG_20250727_102803.jpg", "IMAGEN_2": "C004_IMG_20250727_102816.jpg", "IMAGEN_3": "C004_IMG_20250727_102822.jpg", "VISUALIZAR_IMAGEN_1": "https:\/\/drive.google.com\/uc?export=view&id=11XnzBg_A0CPcyFFqshw_yY0rM-brGIuf", "VISUALIZAR_IMAGEN_2": "https:\/\/drive.google.com\/uc?export=view&id=1b_I57qpucqm39oskFUbVcywfXYJHHdbn", "VISUALIZAR_IMAGEN_3": "https:\/\/drive.google.com\/uc?export=view&id=1vLh-330xF29Skl0bS2QkJ3w6kxzJNV8W" }, "geometry": { "type": "Point", "coordinates": [ -73.96456, 5.748308, 0.0 ] } },
{ "type": "Feature", "properties": { "FECHA": "26\/07\/2025 00:00:00 (UTC)", "DEPTO": "SANTANDER", "MUNICIPIO": "FLORIÁN", "VEREDA": "LA VUELTIADA", "GASODUCTO": "CENTRO - ORIENTE", "TRAMO": "Florian", "TP_DUCTO": "Ramal", "DISTRITO": "3", "DIAMETRO": "2\"", "TRM_REG": "LA BELLEZA - COGUA", "PK": "000+021", "PK_PAT": "", "ID_EVENTO": "", "TP_EVENTO": "OTRO", "LONG_EVENT": 0.0, "AMENAZA": "( )", "ESTADO_EG": "", "FX2": " ", "OBSERVACIO": "Excavación probablemente mecanica debido a arrastre de material fino de obra para gasoducto", "PROFUNDIDA": 0.0, "COD_ID": "PROC-4", "ENTREGA": "E31_R1", "LATITUD": 5.7952300000000605, "LONGITUD": -73.980654, "IMAGEN_1": "C004_IMG_20250726_074531.jpg", "IMAGEN_2": "C004_IMG_20250726_074537.jpg", "IMAGEN_3": "C004_IMG_20250726_074545.jpg", "VISUALIZAR_IMAGEN_1": "https:\/\/drive.google.com\/uc?export=view&id=13BvRPMrbjO1AywLH93vdy3erA6MUTmM0", "VISUALIZAR_IMAGEN_2": "https:\/\/drive.google.com\/uc?export=view&id=1DTFn0R2Spst1LcYswXFBJN0d8d_C0TLp", "VISUALIZAR_IMAGEN_3": "https:\/\/drive.google.com\/uc?export=view&id=1quzL3r9r-70ZOKMy7VqVb3gTLwDgX1Ll" }, "geometry": { "type": "Point", "coordinates": [ -73.980654, 5.79523, 0.0 ] } },
{ "type": "Feature", "properties": { "FECHA": "25\/07\/2025 00:00:00 (UTC)", "DEPTO": "SANTANDER", "MUNICIPIO": "FLORIÁN", "VEREDA": "LA VUELTIADA", "GASODUCTO": "CENTRO - ORIENTE", "TRAMO": "La Belleza - PK7+200", "TP_DUCTO": "Troncal", "DISTRITO": "3", "DIAMETRO": "22\"", "TRM_REG": "LA BELLEZA - COGUA", "PK": "003+950", "PK_PAT": "", "ID_EVENTO": "", "TP_EVENTO": "OTRO", "LONG_EVENT": 0.0, "AMENAZA": "( )", "ESTADO_EG": "", "FX2": " ", "OBSERVACIO": "Excavación, retiro mecanico de material al costado derecho ", "PROFUNDIDA": 0.0, "COD_ID": "PROC-5", "ENTREGA": "E31_R1", "LATITUD": 5.807638000000054, "LONGITUD": -73.984183, "IMAGEN_1": "C004_IMG_20250725_142106.jpg", "IMAGEN_2": "C004_IMG_20250725_142117.jpg", "IMAGEN_3": "C004_IMG_20250725_142124.jpg", "VISUALIZAR_IMAGEN_1": "https:\/\/drive.google.com\/uc?export=view&id=1pc8jUTlzXuI8gVIdpUMyBBgqZv2MZ9h5", "VISUALIZAR_IMAGEN_2": "https:\/\/drive.google.com\/uc?export=view&id=1O4XQZDpz9nq8LyaEjqWvg1yPSlW7ZWnF", "VISUALIZAR_IMAGEN_3": "https:\/\/drive.google.com\/uc?export=view&id=1neYnikeuxQqbAp5FQJH7oxDQze1A5-CW" }, "geometry": { "type": "Point", "coordinates": [ -73.984183, 5.807638, 0.0 ] } },
{ "type": "Feature", "properties": { "FECHA": "26\/07\/2025 00:00:00 (UTC)", "DEPTO": "SANTANDER", "MUNICIPIO": "FLORIÁN", "VEREDA": "LA VUELTIADA", "GASODUCTO": "CENTRO - ORIENTE", "TRAMO": "La Belleza - PK7+200", "TP_DUCTO": "Troncal", "DISTRITO": "3", "DIAMETRO": "22\"", "TRM_REG": "LA BELLEZA - COGUA", "PK": "004+379", "PK_PAT": "", "ID_EVENTO": "", "TP_EVENTO": "OTRO", "LONG_EVENT": 0.0, "AMENAZA": "( )", "ESTADO_EG": "", "FX2": " ", "OBSERVACIO": "No se evidencia proceso menor", "PROFUNDIDA": 0.0, "COD_ID": "PROC-6", "ENTREGA": "E31_R1", "LATITUD": 5.804225, "LONGITUD": -73.98284, "IMAGEN_1": "C004_IMG_20250726_065947.jpg", "IMAGEN_2": "C004_IMG_20250726_065954.jpg", "IMAGEN_3": "C004_IMG_20250726_070002.jpg", "VISUALIZAR_IMAGEN_1": "https:\/\/drive.google.com\/uc?export=view&id=1ROAyYPYZxjCDSBEElxo4EFyiLixy_2fS", "VISUALIZAR_IMAGEN_2": "https:\/\/drive.google.com\/uc?export=view&id=1dUIm9JkcTYChry6xOP7ZxYW3Ct6xzrAt", "VISUALIZAR_IMAGEN_3": "https:\/\/drive.google.com\/uc?export=view&id=1VElbxb7TZiLypf8hTffSKVktHSOnbV9Q" }, "geometry": { "type": "Point", "coordinates": [ -73.98284, 5.804225, 0.0 ] } },
{ "type": "Feature", "properties": { "FECHA": "26\/07\/2025 00:00:00 (UTC)", "DEPTO": "SANTANDER", "MUNICIPIO": "FLORIÁN", "VEREDA": "LA VUELTIADA", "GASODUCTO": "CENTRO - ORIENTE", "TRAMO": "La Belleza - PK7+200", "TP_DUCTO": "Troncal", "DISTRITO": "3", "DIAMETRO": "22\"", "TRM_REG": "LA BELLEZA - COGUA", "PK": "004+991", "PK_PAT": "", "ID_EVENTO": "", "TP_EVENTO": "SOCAVACIÓN DE FONDO", "LONG_EVENT": 0.0, "AMENAZA": "( )", "ESTADO_EG": "", "FX2": " ", "OBSERVACIO": "Se evidencia socavacion de fondo en la parte derecha a 3 metros de la tuberia.", "PROFUNDIDA": 0.0, "COD_ID": "PROC-7", "ENTREGA": "E31_R1", "LATITUD": 5.799440000000061, "LONGITUD": -73.983098, "IMAGEN_1": "C004_IMG_20250726_072321.jpg", "IMAGEN_2": "C004_IMG_20250726_072329.jpg", "IMAGEN_3": "C004_IMG_20250726_072334.jpg", "VISUALIZAR_IMAGEN_1": "https:\/\/drive.google.com\/uc?export=view&id=1tFDKGaacPnCbOW_hrhGeHow0Fi1yfOsr", "VISUALIZAR_IMAGEN_2": "https:\/\/drive.google.com\/uc?export=view&id=11r0D4tuwR_gME4wm9N9iplj4zqz3_Nek", "VISUALIZAR_IMAGEN_3": "https:\/\/drive.google.com\/uc?export=view&id=1Qm1wxqlxRjcMyTVbdt4X5BF0d2tDfgD3" }, "geometry": { "type": "Point", "coordinates": [ -73.983098, 5.79944, 0.0 ] } },
{ "type": "Feature", "properties": { "FECHA": "29\/07\/2025 00:00:00 (UTC)", "DEPTO": "BOYACÁ", "MUNICIPIO": "TUNUNGUÁ", "VEREDA": "VIJAGUAL", "GASODUCTO": "CENTRO - ORIENTE", "TRAMO": "Albania", "TP_DUCTO": "Ramal", "DISTRITO": "3", "DIAMETRO": "2\"", "TRM_REG": "LA BELLEZA - COGUA", "PK": "000+550", "PK_PAT": "", "ID_EVENTO": "", "TP_EVENTO": "SURCOS", "LONG_EVENT": 0.0, "AMENAZA": "( )", "ESTADO_EG": "", "FX2": " ", "OBSERVACIO": "Presencia de surco", "PROFUNDIDA": 0.0, "COD_ID": "PROC-8", "ENTREGA": "E31_R1", "LATITUD": 5.7335409, "LONGITUD": -73.9260774, "IMAGEN_1": "C004_IMG_20250729_114314.jpg", "IMAGEN_2": "C004_IMG_20250729_114318.jpg", "IMAGEN_3": "C004_IMG_20250729_114322.jpg", "VISUALIZAR_IMAGEN_1": "https:\/\/drive.google.com\/uc?export=view&id=1K-7fC_TwpedG8Lu6rmdGpPKkn_LmGzJA", "VISUALIZAR_IMAGEN_2": "https:\/\/drive.google.com\/uc?export=view&id=1lby07HdLb9aI39DHbReW7xqRyNjItj5x", "VISUALIZAR_IMAGEN_3": "https:\/\/drive.google.com\/uc?export=view&id=15-WZHsqpIxt4R6hy66VTqcKfz4ljR4Ug" }, "geometry": { "type": "Point", "coordinates": [ -73.92607739999994, 5.733540900000037, 0.0 ] } },
{ "type": "Feature", "properties": { "FECHA": "29\/07\/2025 00:00:00 (UTC)", "DEPTO": "BOYACÁ", "MUNICIPIO": "TUNUNGUÁ", "VEREDA": "VIJAGUAL", "GASODUCTO": "CENTRO - ORIENTE", "TRAMO": "Tunungua", "TP_DUCTO": "Ramal", "DISTRITO": "3", "DIAMETRO": "2\"", "TRM_REG": "LA BELLEZA - COGUA", "PK": "001+380", "PK_PAT": "", "ID_EVENTO": "", "TP_EVENTO": "CARCAVAS", "LONG_EVENT": 0.0, "AMENAZA": "( )", "ESTADO_EG": "", "FX2": " ", "OBSERVACIO": "Se evidencia carcava", "PROFUNDIDA": 0.0, "COD_ID": "PROC-9", "ENTREGA": "E31_R1", "LATITUD": 5.728873, "LONGITUD": -73.930535, "IMAGEN_1": "C004_IMG_20250729_122346.jpg", "IMAGEN_2": "C004_IMG_20250729_122351.jpg", "IMAGEN_3": "C004_IMG_20250729_122355.jpg", "VISUALIZAR_IMAGEN_1": "https:\/\/drive.google.com\/uc?export=view&id=1CtnSnQZf3WjWIdp6ackvQh0xb6KKPueS", "VISUALIZAR_IMAGEN_2": "https:\/\/drive.google.com\/uc?export=view&id=1EX6M_EaOIA1DmYvtRwlkuctEVy1GAtpX", "VISUALIZAR_IMAGEN_3": "https:\/\/drive.google.com\/uc?export=view&id=1DLFFMMWcDsYGN6TDgC8cucutupWIWfjo" }, "geometry": { "type": "Point", "coordinates": [ -73.930535, 5.728873, 0.0 ] } },
{ "type": "Feature", "properties": { "FECHA": "30\/07\/2025 00:00:00 (UTC)", "DEPTO": "BOYACÁ", "MUNICIPIO": "TUNUNGUÁ", "VEREDA": "EL PALMAR", "GASODUCTO": "CENTRO - ORIENTE", "TRAMO": "PK17+500 - Sucre Oriental", "TP_DUCTO": "Troncal", "DISTRITO": "3", "DIAMETRO": "22\"", "TRM_REG": "LA BELLEZA - COGUA", "PK": "017+634", "PK_PAT": "", "ID_EVENTO": "", "TP_EVENTO": "SOCAVACIÓN DE FONDO", "LONG_EVENT": 0.0, "AMENAZA": "( )", "ESTADO_EG": "", "FX2": " ", "OBSERVACIO": "Socavacion de fondo estable", "PROFUNDIDA": 0.0, "COD_ID": "PROC-10", "ENTREGA": "E31_R1", "LATITUD": 5.7193980000000693, "LONGITUD": -73.935297, "IMAGEN_1": "C004_IMG_20250730_103733.jpg", "IMAGEN_2": "C004_IMG_20250730_103743.jpg", "IMAGEN_3": "C004_IMG_20250730_103749.jpg", "VISUALIZAR_IMAGEN_1": "https:\/\/drive.google.com\/uc?export=view&id=1itUMM4QyzYRtmA_i4LJn5732MgCAysOs", "VISUALIZAR_IMAGEN_2": "https:\/\/drive.google.com\/uc?export=view&id=1v-35xQnHan9pj9EMKUR58qrEIWmJvDit", "VISUALIZAR_IMAGEN_3": "https:\/\/drive.google.com\/uc?export=view&id=1IrWo5aXr469n46MQO-vf2jKRwxfgpJM3" }, "geometry": { "type": "Point", "coordinates": [ -73.935297, 5.719398, 0.0 ] } },
{ "type": "Feature", "properties": { "FECHA": "30\/07\/2025 00:00:00 (UTC)", "DEPTO": "BOYACÁ", "MUNICIPIO": "TUNUNGUÁ", "VEREDA": "EL PALMAR", "GASODUCTO": "CENTRO - ORIENTE", "TRAMO": "PK17+500 - Sucre Oriental", "TP_DUCTO": "Troncal", "DISTRITO": "3", "DIAMETRO": "22\"", "TRM_REG": "LA BELLEZA - COGUA", "PK": "018+488", "PK_PAT": "", "ID_EVENTO": "", "TP_EVENTO": "OTRO", "LONG_EVENT": 0.0, "AMENAZA": "( )", "ESTADO_EG": "", "FX2": " ", "OBSERVACIO": "Desprendimiento de tierra", "PROFUNDIDA": 0.0, "COD_ID": "PROC-11", "ENTREGA": "E31_R1", "LATITUD": 5.7172886000001002, "LONGITUD": -73.9298067, "IMAGEN_1": "C004_IMG_20250730_095252.jpg", "IMAGEN_2": "C004_IMG_20250730_095256.jpg", "IMAGEN_3": "C004_IMG_20250730_095304.jpg", "VISUALIZAR_IMAGEN_1": "https:\/\/drive.google.com\/uc?export=view&id=1jLLaOAOGyAaJv9lqoZz-_T-QOQowRDXj", "VISUALIZAR_IMAGEN_2": "https:\/\/drive.google.com\/uc?export=view&id=1jmr-3znUB1JEzLQaZLD5yvGYkVb_NXRL", "VISUALIZAR_IMAGEN_3": "https:\/\/drive.google.com\/uc?export=view&id=1vjcvToyw7Nwi33ne0N3NSBPSnLN9lPjC" }, "geometry": { "type": "Point", "coordinates": [ -73.929806699999972, 5.717288600000074, 0.0 ] } },
{ "type": "Feature", "properties": { "FECHA": "29\/07\/2025 00:00:00 (UTC)", "DEPTO": "BOYACÁ", "MUNICIPIO": "TUNUNGUÁ", "VEREDA": "CALICHAL", "GASODUCTO": "CENTRO - ORIENTE", "TRAMO": "Tunungua", "TP_DUCTO": "Ramal", "DISTRITO": "3", "DIAMETRO": "2\"", "TRM_REG": "LA BELLEZA - COGUA", "PK": "001+175", "PK_PAT": "", "ID_EVENTO": "", "TP_EVENTO": "SOCAVACIÓN DE FONDO", "LONG_EVENT": 0.0, "AMENAZA": "( )", "ESTADO_EG": "", "FX2": " ", "OBSERVACIO": "Se presenta socavacion de fondo", "PROFUNDIDA": 0.0, "COD_ID": "PROC-12", "ENTREGA": "E31_R1", "LATITUD": 5.7270130000000563, "LONGITUD": -73.930922, "IMAGEN_1": "C004_IMG_20250729_123900.jpg", "IMAGEN_2": "C004_IMG_20250729_123905.jpg", "IMAGEN_3": "C004_IMG_20250729_123910.jpg", "VISUALIZAR_IMAGEN_1": "https:\/\/drive.google.com\/uc?export=view&id=1CjU3BUYzF4Z6Oet5pbypsHCK46jHaFA9", "VISUALIZAR_IMAGEN_2": "https:\/\/drive.google.com\/uc?export=view&id=1jvsRuviLzpKnY6Kwab8Tz9QBo2dpFrX4", "VISUALIZAR_IMAGEN_3": "https:\/\/drive.google.com\/uc?export=view&id=1sw9jmiwnbc6pdzrwXGlL3MiqrZskzOq4" }, "geometry": { "type": "Point", "coordinates": [ -73.930922, 5.727013, 0.0 ] } },
{ "type": "Feature", "properties": { "FECHA": "29\/07\/2025 00:00:00 (UTC)", "DEPTO": "BOYACÁ", "MUNICIPIO": "TUNUNGUÁ", "VEREDA": "EL PALMAR", "GASODUCTO": "CENTRO - ORIENTE", "TRAMO": "Tunungua", "TP_DUCTO": "Ramal", "DISTRITO": "3", "DIAMETRO": "2\"", "TRM_REG": "LA BELLEZA - COGUA", "PK": "000+064", "PK_PAT": "", "ID_EVENTO": "", "TP_EVENTO": "CARCAVAS", "LONG_EVENT": 0.0, "AMENAZA": "( )", "ESTADO_EG": "", "FX2": " ", "OBSERVACIO": "Se cambia respecto a linea base de tipo de evento socavación de fondo a carcava. Se presenta carcava estable", "PROFUNDIDA": 0.0, "COD_ID": "PROC-13", "ENTREGA": "E31_R1", "LATITUD": 5.7210833, "LONGITUD": -73.93728, "IMAGEN_1": "C004_IMG_20250729_140203.jpg", "IMAGEN_2": "C004_IMG_20250729_140212.jpg", "IMAGEN_3": "C004_IMG_20250729_140217.jpg", "VISUALIZAR_IMAGEN_1": "https:\/\/drive.google.com\/uc?export=view&id=1xckDaUy-VZ_b1nU2RFf1k8qy_KW4bMXw", "VISUALIZAR_IMAGEN_2": "https:\/\/drive.google.com\/uc?export=view&id=11i00SV9aLbNOyYB0RFd_MKeI1tsvo1yK", "VISUALIZAR_IMAGEN_3": "https:\/\/drive.google.com\/uc?export=view&id=1scdviKaTViF0QlEEayM1sbQeJLu4zi0D" }, "geometry": { "type": "Point", "coordinates": [ -73.93728, 5.721083300000032, 0.0 ] } },
{ "type": "Feature", "properties": { "FECHA": "2\/08\/2025 00:00:00 (UTC)", "DEPTO": "BOYACÁ", "MUNICIPIO": "BRICEÑO", "VEREDA": "EL DIAMANTE", "GASODUCTO": "CENTRO - ORIENTE", "TRAMO": "PK17+500 - Sucre Oriental", "TP_DUCTO": "Troncal", "DISTRITO": "3", "DIAMETRO": "22\"", "TRM_REG": "LA BELLEZA - COGUA", "PK": "026+938", "PK_PAT": "", "ID_EVENTO": "", "TP_EVENTO": "OTRO", "LONG_EVENT": 0.0, "AMENAZA": "Bajo", "ESTADO_EG": "", "FX2": " ", "OBSERVACIO": "Se presenta canal desague para camino de acceso a casa", "PROFUNDIDA": 0.0, "COD_ID": "PROC-14", "ENTREGA": "E31_R1", "LATITUD": 5.654523, "LONGITUD": -73.904207, "IMAGEN_1": "C004_IMG_20250802_073802.jpg", "IMAGEN_2": "C004_IMG_20250802_073811.jpg", "IMAGEN_3": "C004_IMG_20250802_073821.jpg", "VISUALIZAR_IMAGEN_1": "https:\/\/drive.google.com\/uc?export=view&id=1CSkYMeNToKv7Q05b2MV_EEod5loUm3gi", "VISUALIZAR_IMAGEN_2": "https:\/\/drive.google.com\/uc?export=view&id=1aLiau-QG292jvBrWOKiwi3JP5bver2a6", "VISUALIZAR_IMAGEN_3": "https:\/\/drive.google.com\/uc?export=view&id=17OPjMLYNVpfZ7uG0oLuIbgzmPiRjVkZg" }, "geometry": { "type": "Point", "coordinates": [ -73.904207, 5.654523, 0.0 ] } },
{ "type": "Feature", "properties": { "FECHA": "3\/08\/2025 00:00:00 (UTC)", "DEPTO": "BOYACÁ", "MUNICIPIO": "BRICEÑO", "VEREDA": "EL DIAMANTE", "GASODUCTO": "CENTRO - ORIENTE", "TRAMO": "PK17+500 - Sucre Oriental", "TP_DUCTO": "Troncal", "DISTRITO": "3", "DIAMETRO": "22\"", "TRM_REG": "LA BELLEZA - COGUA", "PK": "027+691", "PK_PAT": "", "ID_EVENTO": "", "TP_EVENTO": "REPTACION", "LONG_EVENT": 0.0, "AMENAZA": "Extremo", "ESTADO_EG": "", "FX2": "20210618_FX2_C03_COR_17+500-SUCREO_PK027+691_VB", "OBSERVACIO": "Se cambia respecto a linea base de tipo de evento deslizamiento traslacional a reptacion. Se evidencia reptacion", "PROFUNDIDA": 0.0, "COD_ID": "PROC-15", "ENTREGA": "E31_R1", "LATITUD": 5.6498130000000515, "LONGITUD": -73.900668, "IMAGEN_1": "C004_IMG_20250803_130633.jpg", "IMAGEN_2": "C004_IMG_20250803_130638.jpg", "IMAGEN_3": "C004_IMG_20250803_130644.jpg", "VISUALIZAR_IMAGEN_1": "https:\/\/drive.google.com\/uc?export=view&id=1aAdUqijO1WbHVYMrO9TUhw670tkPbT92", "VISUALIZAR_IMAGEN_2": "https:\/\/drive.google.com\/uc?export=view&id=1iEM7t6vCye3bO9OlS4Qgx1JS-rdxI9Bu", "VISUALIZAR_IMAGEN_3": "https:\/\/drive.google.com\/uc?export=view&id=1sOGoh0ZnSOHs8UCKzA0VmH12sYxbjqfL" }, "geometry": { "type": "Point", "coordinates": [ -73.900668, 5.649813, 0.0 ] } },
{ "type": "Feature", "properties": { "FECHA": "3\/08\/2025 00:00:00 (UTC)", "DEPTO": "BOYACÁ", "MUNICIPIO": "BRICEÑO", "VEREDA": "EL DIAMANTE", "GASODUCTO": "CENTRO - ORIENTE", "TRAMO": "PK17+500 - Sucre Oriental", "TP_DUCTO": "Troncal", "DISTRITO": "3", "DIAMETRO": "22\"", "TRM_REG": "LA BELLEZA - COGUA", "PK": "027+828", "PK_PAT": "", "ID_EVENTO": "", "TP_EVENTO": "REPTACION", "LONG_EVENT": 0.0, "AMENAZA": "Extremo", "ESTADO_EG": "", "FX2": "20210618_FX2_C03_COR_17+500-SUCREO_PK027+829_VB", "OBSERVACIO": "Se cambia respecto a linea base de tipo de evento surcos a reptacion. Se observa reptacion estable", "PROFUNDIDA": 0.0, "COD_ID": "PROC-16", "ENTREGA": "E31_R1", "LATITUD": 5.6488900000000513, "LONGITUD": -73.900116, "IMAGEN_1": "C004_IMG_20250803_125952.jpg", "IMAGEN_2": "C004_IMG_20250803_125956.jpg", "IMAGEN_3": "C004_IMG_20250803_130001.jpg", "VISUALIZAR_IMAGEN_1": "https:\/\/drive.google.com\/uc?export=view&id=1Ck7Gg-ylEfjMqwSmUsHA_c8lVwStlK4V", "VISUALIZAR_IMAGEN_2": "https:\/\/drive.google.com\/uc?export=view&id=1EgVzkCcosYMLbFzvyHDYiGodPvDLwzcB", "VISUALIZAR_IMAGEN_3": "https:\/\/drive.google.com\/uc?export=view&id=1qP8Y2VQ6yk_N3Cju9deeXoybJKWtIiK4" }, "geometry": { "type": "Point", "coordinates": [ -73.900116, 5.64889, 0.0 ] } },
{ "type": "Feature", "properties": { "FECHA": "3\/08\/2025 00:00:00 (UTC)", "DEPTO": "BOYACÁ", "MUNICIPIO": "BRICEÑO", "VEREDA": "EL DIAMANTE", "GASODUCTO": "CENTRO - ORIENTE", "TRAMO": "PK17+500 - Sucre Oriental", "TP_DUCTO": "Troncal", "DISTRITO": "3", "DIAMETRO": "22\"", "TRM_REG": "LA BELLEZA - COGUA", "PK": "030+278", "PK_PAT": "", "ID_EVENTO": "", "TP_EVENTO": "REPTACION", "LONG_EVENT": 0.0, "AMENAZA": "Extremo", "ESTADO_EG": "", "FX2": "20210618_FX2_C03_COR_PTE GUI-SUCREO_PK030+277_VB", "OBSERVACIO": "Reptacion estable", "PROFUNDIDA": 0.0, "COD_ID": "PROC-17", "ENTREGA": "E31_R1", "LATITUD": 5.631181, "LONGITUD": -73.888929, "IMAGEN_1": "C004_IMG_20250803_112321.jpg", "IMAGEN_2": "C004_IMG_20250803_112327.jpg", "IMAGEN_3": "C004_IMG_20250803_112333.jpg", "VISUALIZAR_IMAGEN_1": "https:\/\/drive.google.com\/uc?export=view&id=1gw1GjOXFFjwLe5nU_A3qQqG8aQS5Qhsy", "VISUALIZAR_IMAGEN_2": "https:\/\/drive.google.com\/uc?export=view&id=1A3hB7XVm8K_TBz2laKiXAmqS11umAycG", "VISUALIZAR_IMAGEN_3": "https:\/\/drive.google.com\/uc?export=view&id=1cwkZpb07Y2pmDgs1x1TMuZkvyjyptjUP" }, "geometry": { "type": "Point", "coordinates": [ -73.888929, 5.631181, 0.0 ] } },
{ "type": "Feature", "properties": { "FECHA": "3\/08\/2025 00:00:00 (UTC)", "DEPTO": "BOYACÁ", "MUNICIPIO": "BRICEÑO", "VEREDA": "EL DIAMANTE", "GASODUCTO": "CENTRO - ORIENTE", "TRAMO": "PK17+500 - Sucre Oriental", "TP_DUCTO": "Troncal", "DISTRITO": "3", "DIAMETRO": "22\"", "TRM_REG": "LA BELLEZA - COGUA", "PK": "030+571", "PK_PAT": "", "ID_EVENTO": "", "TP_EVENTO": "OTRO", "LONG_EVENT": 0.0, "AMENAZA": "Bajo", "ESTADO_EG": "", "FX2": " ", "OBSERVACIO": "No se evidencia proceso menor", "PROFUNDIDA": 0.0, "COD_ID": "PROC-18", "ENTREGA": "E31_R1", "LATITUD": 5.629241, "LONGITUD": -73.887386, "IMAGEN_1": "C004_IMG_20250803_111352.jpg", "IMAGEN_2": "C004_IMG_20250803_111357.jpg", "IMAGEN_3": "C004_IMG_20250803_111401.jpg", "VISUALIZAR_IMAGEN_1": "https:\/\/drive.google.com\/uc?export=view&id=1Kp40yRH6KdBjXbOkusxJzmgsq3iXEVy1", "VISUALIZAR_IMAGEN_2": "https:\/\/drive.google.com\/uc?export=view&id=1HSxRBDw7k4_4W5Y2L8hCt0GEzeJLe9tB", "VISUALIZAR_IMAGEN_3": "https:\/\/drive.google.com\/uc?export=view&id=1gYr7RlIQ8rB7R8ot1E0L0Z9A3f49R0w2" }, "geometry": { "type": "Point", "coordinates": [ -73.887386, 5.629241, 0.0 ] } },
{ "type": "Feature", "properties": { "FECHA": "2\/08\/2025 00:00:00 (UTC)", "DEPTO": "BOYACÁ", "MUNICIPIO": "BRICEÑO", "VEREDA": "PALO BLANCO", "GASODUCTO": "CENTRO - ORIENTE", "TRAMO": "PK17+500 - Sucre Oriental", "TP_DUCTO": "Troncal", "DISTRITO": "3", "DIAMETRO": "22\"", "TRM_REG": "LA BELLEZA - COGUA", "PK": "026+847", "PK_PAT": "", "ID_EVENTO": "", "TP_EVENTO": "DESLIZAMIENTO TRASLACIONAL", "LONG_EVENT": 0.0, "AMENAZA": "Alto", "ESTADO_EG": "", "FX2": "20221012_FX2_C03_COR_17+500-SUCREO_PK026+850_VC", "OBSERVACIO": "No se evidencia deslizamiento traslacional", "PROFUNDIDA": 0.0, "COD_ID": "PROC-19", "ENTREGA": "E31_R1", "LATITUD": 5.654920000000061, "LONGITUD": -73.9050133, "IMAGEN_1": "C004_IMG_20250802_074512.jpg", "IMAGEN_2": "C004_IMG_20250802_074517.jpg", "IMAGEN_3": "C004_IMG_20250802_074521.jpg", "VISUALIZAR_IMAGEN_1": "https:\/\/drive.google.com\/uc?export=view&id=1ZF4FuAydx4HLBvUbSG1ibgvb3JyOZuMA", "VISUALIZAR_IMAGEN_2": "https:\/\/drive.google.com\/uc?export=view&id=1U1jsBBXyfb7BpPobW4GyEiH4_BGmq5se", "VISUALIZAR_IMAGEN_3": "https:\/\/drive.google.com\/uc?export=view&id=1vTVU8QYt-aaPco6eU93mJCl8djLaJZYJ" }, "geometry": { "type": "Point", "coordinates": [ -73.905013299999951, 5.65492, 0.0 ] } },
{ "type": "Feature", "properties": { "FECHA": "2\/08\/2025 00:00:00 (UTC)", "DEPTO": "BOYACÁ", "MUNICIPIO": "BRICEÑO", "VEREDA": "PALO BLANCO", "GASODUCTO": "CENTRO - ORIENTE", "TRAMO": "PK17+500 - Sucre Oriental", "TP_DUCTO": "Troncal", "DISTRITO": "3", "DIAMETRO": "22\"", "TRM_REG": "LA BELLEZA - COGUA", "PK": "026+648", "PK_PAT": "", "ID_EVENTO": "", "TP_EVENTO": "SURCOS", "LONG_EVENT": 0.0, "AMENAZA": "( )", "ESTADO_EG": "", "FX2": " ", "OBSERVACIO": "Se evidencian surcos estables", "PROFUNDIDA": 0.0, "COD_ID": "PROC-20", "ENTREGA": "E31_R1", "LATITUD": 5.6563185000001, "LONGITUD": -73.9063834, "IMAGEN_1": "C004_IMG_20250802_080114.jpg", "IMAGEN_2": "C004_IMG_20250802_080119.jpg", "IMAGEN_3": "C004_IMG_20250802_080123.jpg", "VISUALIZAR_IMAGEN_1": "https:\/\/drive.google.com\/uc?export=view&id=1nAY-39qmO1zwZIF4m3TZGMkJo3O5OIy8", "VISUALIZAR_IMAGEN_2": "https:\/\/drive.google.com\/uc?export=view&id=1MuphEwKymqRUr53WhYqZu5UQDBRWCtYy", "VISUALIZAR_IMAGEN_3": "https:\/\/drive.google.com\/uc?export=view&id=14Bsj-3kNs80rdu9WWFJzy7Wwda8fRm-h" }, "geometry": { "type": "Point", "coordinates": [ -73.906383399999982, 5.656318500000054, 0.0 ] } },
{ "type": "Feature", "properties": { "FECHA": "3\/08\/2025 00:00:00 (UTC)", "DEPTO": "BOYACÁ", "MUNICIPIO": "BRICEÑO", "VEREDA": "EL DIAMANTE", "GASODUCTO": "CENTRO - ORIENTE", "TRAMO": "PK17+500 - Sucre Oriental", "TP_DUCTO": "Troncal", "DISTRITO": "3", "DIAMETRO": "22\"", "TRM_REG": "LA BELLEZA - COGUA", "PK": "028+170", "PK_PAT": "", "ID_EVENTO": "", "TP_EVENTO": "DESLIZAMIENTO TRASLACIONAL", "LONG_EVENT": 0.0, "AMENAZA": "( )", "ESTADO_EG": "", "FX2": " ", "OBSERVACIO": "No se evidencia deslizamiento traslacional", "PROFUNDIDA": 0.0, "COD_ID": "PROC-21", "ENTREGA": "E31_R1", "LATITUD": 5.6467000000000667, "LONGITUD": -73.89828, "IMAGEN_1": "C004_IMG_20250803_124709.jpg", "IMAGEN_2": "C004_IMG_20250803_124720.jpg", "IMAGEN_3": "C004_IMG_20250803_124729.jpg", "VISUALIZAR_IMAGEN_1": "https:\/\/drive.google.com\/uc?export=view&id=1yI12fcPGqWddx6brMjiJ52IDQrJzyMHW", "VISUALIZAR_IMAGEN_2": "https:\/\/drive.google.com\/uc?export=view&id=1hkBq-SshbvWm8QpwIc0yHvLTb7-AMBqF", "VISUALIZAR_IMAGEN_3": "https:\/\/drive.google.com\/uc?export=view&id=1nsr_eSY_et_tkZMLSDpbqCD1kosEn1UA" }, "geometry": { "type": "Point", "coordinates": [ -73.89828, 5.6467, 0.0 ] } },
{ "type": "Feature", "properties": { "FECHA": "2\/08\/2025 00:00:00 (UTC)", "DEPTO": "BOYACÁ", "MUNICIPIO": "BRICEÑO", "VEREDA": "PALO BLANCO", "GASODUCTO": "CENTRO - ORIENTE", "TRAMO": "PK17+500 - Sucre Oriental", "TP_DUCTO": "Troncal", "DISTRITO": "3", "DIAMETRO": "22\"", "TRM_REG": "LA BELLEZA - COGUA", "PK": "026+677", "PK_PAT": "", "ID_EVENTO": "", "TP_EVENTO": "DESLIZAMIENTO TRASLACIONAL", "LONG_EVENT": 0.0, "AMENAZA": "( )", "ESTADO_EG": "", "FX2": " ", "OBSERVACIO": "No se evidencia deslizamiento traslacional", "PROFUNDIDA": 0.0, "COD_ID": "PROC-22", "ENTREGA": "E31_R1", "LATITUD": 5.6561, "LONGITUD": -73.9062, "IMAGEN_1": "C004_IMG_20250802_075741.jpg", "IMAGEN_2": "C004_IMG_20250802_075751.jpg", "IMAGEN_3": "C004_IMG_20250802_075800.jpg", "VISUALIZAR_IMAGEN_1": "https:\/\/drive.google.com\/uc?export=view&id=1u-qJpBJbrAJwlkyswvtqcZ817lxtEx8L", "VISUALIZAR_IMAGEN_2": "https:\/\/drive.google.com\/uc?export=view&id=10N6aFSU3qnVPfpYSyFZ2xau28Xo_iUA3", "VISUALIZAR_IMAGEN_3": "https:\/\/drive.google.com\/uc?export=view&id=1fsqev6_BoHKb8AfVpXc2A9kJhOwUlQpC" }, "geometry": { "type": "Point", "coordinates": [ -73.9062, 5.6561, 0.0 ] } },
{ "type": "Feature", "properties": { "FECHA": "1\/08\/2025 00:00:00 (UTC)", "DEPTO": "BOYACÁ", "MUNICIPIO": "BRICEÑO", "VEREDA": "PALO BLANCO", "GASODUCTO": "CENTRO - ORIENTE", "TRAMO": "PK17+500 - Sucre Oriental", "TP_DUCTO": "Troncal", "DISTRITO": "3", "DIAMETRO": "22\"", "TRM_REG": "LA BELLEZA - COGUA", "PK": "023+813", "PK_PAT": "", "ID_EVENTO": "", "TP_EVENTO": "CARCAVAS", "LONG_EVENT": 0.0, "AMENAZA": "( )", "ESTADO_EG": "", "FX2": " ", "OBSERVACIO": "Se cambia respecto a linea base de tipo de evento socavación lateral a carcava. Se presenta carcava estable", "PROFUNDIDA": 0.0, "COD_ID": "PROC-23", "ENTREGA": "E31_R1", "LATITUD": 5.6748533000001, "LONGITUD": -73.9218217, "IMAGEN_1": "C004_IMG_20250801_110358.jpg", "IMAGEN_2": "C004_IMG_20250801_110402.jpg", "IMAGEN_3": "C004_IMG_20250801_110407.jpg", "VISUALIZAR_IMAGEN_1": "https:\/\/drive.google.com\/uc?export=view&id=10TXF-SwuNy27_Harf_LjC9g0IZ_i0m4h", "VISUALIZAR_IMAGEN_2": "https:\/\/drive.google.com\/uc?export=view&id=1vvO8L3UIt35gkkQ8PZRi3l9XrmCu_20o", "VISUALIZAR_IMAGEN_3": "https:\/\/drive.google.com\/uc?export=view&id=1VMLVe8r7i-5mcCa8cRD8FbqbClcKG_OY" }, "geometry": { "type": "Point", "coordinates": [ -73.921821699999953, 5.674853300000052, 0.0 ] } },
{ "type": "Feature", "properties": { "FECHA": "31\/07\/2025 00:00:00 (UTC)", "DEPTO": "BOYACÁ", "MUNICIPIO": "BRICEÑO", "VEREDA": "TARPEYA", "GASODUCTO": "CENTRO - ORIENTE", "TRAMO": "PK17+500 - Sucre Oriental", "TP_DUCTO": "Troncal", "DISTRITO": "3", "DIAMETRO": "22\"", "TRM_REG": "LA BELLEZA - COGUA", "PK": "020+651", "PK_PAT": "", "ID_EVENTO": "", "TP_EVENTO": "FLUJOS", "LONG_EVENT": 0.0, "AMENAZA": "( )", "ESTADO_EG": "", "FX2": " ", "OBSERVACIO": "Flujo con vegetacion", "PROFUNDIDA": 0.0, "COD_ID": "PROC-24", "ENTREGA": "E31_R1", "LATITUD": 5.7004210000000626, "LONGITUD": -73.926701, "IMAGEN_1": "C004_IMG_20250731_083037.jpg", "IMAGEN_2": "C004_IMG_20250731_083046.jpg", "IMAGEN_3": "C004_IMG_20250731_083050.jpg", "VISUALIZAR_IMAGEN_1": "https:\/\/drive.google.com\/uc?export=view&id=19e5HRGG9Fehvmb63FtL1_xo24ffeY6wD", "VISUALIZAR_IMAGEN_2": "https:\/\/drive.google.com\/uc?export=view&id=1RRYk1k6l8WTqHtlh3tlSls-l7dJdIbkN", "VISUALIZAR_IMAGEN_3": "https:\/\/drive.google.com\/uc?export=view&id=1lyRmuj66U-mPGEETkFckuTMiMD6Ek3xd" }, "geometry": { "type": "Point", "coordinates": [ -73.926701, 5.700421, 0.0 ] } },
{ "type": "Feature", "properties": { "FECHA": "31\/07\/2025 00:00:00 (UTC)", "DEPTO": "BOYACÁ", "MUNICIPIO": "BRICEÑO", "VEREDA": "TARPEYA", "GASODUCTO": "CENTRO - ORIENTE", "TRAMO": "PK17+500 - Sucre Oriental", "TP_DUCTO": "Troncal", "DISTRITO": "3", "DIAMETRO": "22\"", "TRM_REG": "LA BELLEZA - COGUA", "PK": "020+842", "PK_PAT": "", "ID_EVENTO": "", "TP_EVENTO": "FLUJOS", "LONG_EVENT": 0.0, "AMENAZA": "( )", "ESTADO_EG": "", "FX2": " ", "OBSERVACIO": "No se evidencia flujo", "PROFUNDIDA": 0.0, "COD_ID": "PROC-25", "ENTREGA": "E31_R1", "LATITUD": 5.6986680000000547, "LONGITUD": -73.926498, "IMAGEN_1": "C004_IMG_20250731_084310.jpg", "IMAGEN_2": "C004_IMG_20250731_084320.jpg", "IMAGEN_3": "C004_IMG_20250731_084326.jpg", "VISUALIZAR_IMAGEN_1": "https:\/\/drive.google.com\/uc?export=view&id=1j9B7nW9jSzom3c5xBHbY1ofBwD1ZDnKJ", "VISUALIZAR_IMAGEN_2": "https:\/\/drive.google.com\/uc?export=view&id=1AdaPVm7xlJpD3wR46gHRyeC-BwP5aZAS", "VISUALIZAR_IMAGEN_3": "https:\/\/drive.google.com\/uc?export=view&id=1if4rBS8s08sWO2V0uF0HOjfkpQPsccLf" }, "geometry": { "type": "Point", "coordinates": [ -73.926498, 5.698668, 0.0 ] } },
{ "type": "Feature", "properties": { "FECHA": "31\/07\/2025 00:00:00 (UTC)", "DEPTO": "BOYACÁ", "MUNICIPIO": "BRICEÑO", "VEREDA": "TARPEYA", "GASODUCTO": "CENTRO - ORIENTE", "TRAMO": "PK17+500 - Sucre Oriental", "TP_DUCTO": "Troncal", "DISTRITO": "3", "DIAMETRO": "22\"", "TRM_REG": "LA BELLEZA - COGUA", "PK": "020+998", "PK_PAT": "", "ID_EVENTO": "", "TP_EVENTO": "DESLIZAMIENTO ROTACIONAL", "LONG_EVENT": 0.0, "AMENAZA": "( )", "ESTADO_EG": "", "FX2": " ", "OBSERVACIO": "Se cambia respecto a linea base de tipo de evento otro a Deslizamiento rotacional. Se presenta deslizamiento rotacional estable con alta vegetacion", "PROFUNDIDA": 0.0, "COD_ID": "PROC-26", "ENTREGA": "E31_R1", "LATITUD": 5.6972270000000549, "LONGITUD": -73.926635, "IMAGEN_1": "C004_IMG_20250731_085726.jpg", "IMAGEN_2": "C004_IMG_20250731_085732.jpg", "IMAGEN_3": "C004_IMG_20250731_085739.jpg", "VISUALIZAR_IMAGEN_1": "https:\/\/drive.google.com\/uc?export=view&id=1QSmyoK0rEwfjDBdDztHwt9dDi17S_ZZD", "VISUALIZAR_IMAGEN_2": "https:\/\/drive.google.com\/uc?export=view&id=1eNnH2GdmH3b5nvkFoTigd1oP5dlFq9MG", "VISUALIZAR_IMAGEN_3": "https:\/\/drive.google.com\/uc?export=view&id=1K-kqqx2e6h4QRrxkxCICbsu8KqhK4obB" }, "geometry": { "type": "Point", "coordinates": [ -73.926635, 5.697227, 0.0 ] } },
{ "type": "Feature", "properties": { "FECHA": "31\/07\/2025 00:00:00 (UTC)", "DEPTO": "BOYACÁ", "MUNICIPIO": "BRICEÑO", "VEREDA": "TARPEYA", "GASODUCTO": "CENTRO - ORIENTE", "TRAMO": "PK17+500 - Sucre Oriental", "TP_DUCTO": "Troncal", "DISTRITO": "3", "DIAMETRO": "22\"", "TRM_REG": "LA BELLEZA - COGUA", "PK": "019+955", "PK_PAT": "", "ID_EVENTO": "", "TP_EVENTO": "OTRO", "LONG_EVENT": 0.0, "AMENAZA": "( )", "ESTADO_EG": "", "FX2": " ", "OBSERVACIO": "No se evidencia proceso menor", "PROFUNDIDA": 0.0, "COD_ID": "PROC-27", "ENTREGA": "E31_R1", "LATITUD": 5.706597, "LONGITUD": -73.92695, "IMAGEN_1": "C004_IMG_20250731_073240.jpg", "IMAGEN_2": "C004_IMG_20250731_073246.jpg", "IMAGEN_3": "C004_IMG_20250731_073252.jpg", "VISUALIZAR_IMAGEN_1": "https:\/\/drive.google.com\/uc?export=view&id=1IVxf-iAFlvzrjikDRe7_VVoZ0uxY_Trr", "VISUALIZAR_IMAGEN_2": "https:\/\/drive.google.com\/uc?export=view&id=1l1VERkHxg0-r_IrSqfHlP6hvlw7KfUiq", "VISUALIZAR_IMAGEN_3": "https:\/\/drive.google.com\/uc?export=view&id=1NJU1-_vE0dCG9-t-nN9n9TDnW9LzDQnM" }, "geometry": { "type": "Point", "coordinates": [ -73.92695, 5.706597, 0.0 ] } },
{ "type": "Feature", "properties": { "FECHA": "31\/07\/2025 00:00:00 (UTC)", "DEPTO": "BOYACÁ", "MUNICIPIO": "BRICEÑO", "VEREDA": "TARPEYA", "GASODUCTO": "CENTRO - ORIENTE", "TRAMO": "PK17+500 - Sucre Oriental", "TP_DUCTO": "Troncal", "DISTRITO": "3", "DIAMETRO": "22\"", "TRM_REG": "LA BELLEZA - COGUA", "PK": "020+588", "PK_PAT": "", "ID_EVENTO": "", "TP_EVENTO": "REPTACION", "LONG_EVENT": 0.0, "AMENAZA": "( )", "ESTADO_EG": "", "FX2": " ", "OBSERVACIO": "No se evidencia reptacion", "PROFUNDIDA": 0.0, "COD_ID": "PROC-28", "ENTREGA": "E31_R1", "LATITUD": 5.701084, "LONGITUD": -73.926914, "IMAGEN_1": "C004_IMG_20250731_082517.jpg", "IMAGEN_2": "C004_IMG_20250731_082522.jpg", "IMAGEN_3": "C004_IMG_20250731_082528.jpg", "VISUALIZAR_IMAGEN_1": "https:\/\/drive.google.com\/uc?export=view&id=1jd8RWakxSEriSiPrfkD_wLKiPW9LOCMP", "VISUALIZAR_IMAGEN_2": "https:\/\/drive.google.com\/uc?export=view&id=1qsWXfES2FebQvIUusWFIwQJ_OWgbIlv2", "VISUALIZAR_IMAGEN_3": "https:\/\/drive.google.com\/uc?export=view&id=1pzZ5rW_EP31IFfVG_OEiZKed1RhvAYMI" }, "geometry": { "type": "Point", "coordinates": [ -73.926914, 5.701084, 0.0 ] } },
{ "type": "Feature", "properties": { "FECHA": "31\/07\/2025 00:00:00 (UTC)", "DEPTO": "BOYACÁ", "MUNICIPIO": "BRICEÑO", "VEREDA": "TARPEYA", "GASODUCTO": "CENTRO - ORIENTE", "TRAMO": "PK17+500 - Sucre Oriental", "TP_DUCTO": "Troncal", "DISTRITO": "3", "DIAMETRO": "22\"", "TRM_REG": "LA BELLEZA - COGUA", "PK": "020+190", "PK_PAT": "", "ID_EVENTO": "", "TP_EVENTO": "REPTACION", "LONG_EVENT": 0.0, "AMENAZA": "( )", "ESTADO_EG": "", "FX2": " ", "OBSERVACIO": "No se evidencia reptacion", "PROFUNDIDA": 0.0, "COD_ID": "PROC-29", "ENTREGA": "E31_R1", "LATITUD": 5.7045160000000692, "LONGITUD": -73.926659, "IMAGEN_1": "C004_IMG_20250731_075504.jpg", "IMAGEN_2": "C004_IMG_20250731_075508.jpg", "IMAGEN_3": "C004_IMG_20250731_075512.jpg", "VISUALIZAR_IMAGEN_1": "https:\/\/drive.google.com\/uc?export=view&id=1w_ArPjqUQIXqOvbyoXlniI6g0pGa16rY", "VISUALIZAR_IMAGEN_2": "https:\/\/drive.google.com\/uc?export=view&id=1SPBGVnvpbk4jaQ_lO7ZtKGhb-zn0lj_O", "VISUALIZAR_IMAGEN_3": "https:\/\/drive.google.com\/uc?export=view&id=1MpykD0Nr47pdMrLo3U1VCUMPODEQk3IC" }, "geometry": { "type": "Point", "coordinates": [ -73.926659, 5.704516, 0.0 ] } },
{ "type": "Feature", "properties": { "FECHA": "31\/07\/2025 00:00:00 (UTC)", "DEPTO": "BOYACÁ", "MUNICIPIO": "BRICEÑO", "VEREDA": "TARPEYA", "GASODUCTO": "CENTRO - ORIENTE", "TRAMO": "PK17+500 - Sucre Oriental", "TP_DUCTO": "Troncal", "DISTRITO": "3", "DIAMETRO": "22\"", "TRM_REG": "LA BELLEZA - COGUA", "PK": "020+967", "PK_PAT": "", "ID_EVENTO": "", "TP_EVENTO": "DESLIZAMIENTO ROTACIONAL", "LONG_EVENT": 0.0, "AMENAZA": "( )", "ESTADO_EG": "", "FX2": " ", "OBSERVACIO": "Deslizamiento rotacional estable", "PROFUNDIDA": 0.0, "COD_ID": "PROC-30", "ENTREGA": "E31_R1", "LATITUD": 5.6975790000000757, "LONGITUD": -73.926941, "IMAGEN_1": "C004_IMG_20250731_085824.jpg", "IMAGEN_2": "C004_IMG_20250731_085837.jpg", "IMAGEN_3": "C004_IMG_20250731_085841.jpg", "VISUALIZAR_IMAGEN_1": "https:\/\/drive.google.com\/uc?export=view&id=1_IxGY_PohAJyXY3x7wpsuSTBoOlOqkUZ", "VISUALIZAR_IMAGEN_2": "https:\/\/drive.google.com\/uc?export=view&id=11s5bDdFwjX-VM1mzv8DRlHq7MopbNQ25", "VISUALIZAR_IMAGEN_3": "https:\/\/drive.google.com\/uc?export=view&id=1s_MfNqSDELjWmWqY_DDOCxwuUB1TFmEn" }, "geometry": { "type": "Point", "coordinates": [ -73.926941, 5.697579, 0.0 ] } },
{ "type": "Feature", "properties": { "FECHA": "31\/07\/2025 00:00:00 (UTC)", "DEPTO": "BOYACÁ", "MUNICIPIO": "BRICEÑO", "VEREDA": "CENTRO", "GASODUCTO": "CENTRO - ORIENTE", "TRAMO": "PK17+500 - Sucre Oriental", "TP_DUCTO": "Troncal", "DISTRITO": "3", "DIAMETRO": "22\"", "TRM_REG": "LA BELLEZA - COGUA", "PK": "021+949", "PK_PAT": "", "ID_EVENTO": "", "TP_EVENTO": "FLUJOS", "LONG_EVENT": 0.0, "AMENAZA": "( )", "ESTADO_EG": "", "FX2": " ", "OBSERVACIO": "Se cambia respecto a linea base de tipo de evento deslizamiento rotacional a flujos. Se presenta flujo estable con vegetacion", "PROFUNDIDA": 0.0, "COD_ID": "PROC-31", "ENTREGA": "E31_R1", "LATITUD": 5.689293, "LONGITUD": -73.928163, "IMAGEN_1": "C004_IMG_20250731_111845.jpg", "IMAGEN_2": "C004_IMG_20250731_111850.jpg", "IMAGEN_3": "C004_IMG_20250731_111855.jpg", "VISUALIZAR_IMAGEN_1": "https:\/\/drive.google.com\/uc?export=view&id=1K101Bs_9O8BXU5pP5KIcM0i1CQiXq__-", "VISUALIZAR_IMAGEN_2": "https:\/\/drive.google.com\/uc?export=view&id=1F5rHgQQa0cBEGE0zi9GEXKC4Z7-q4OKX", "VISUALIZAR_IMAGEN_3": "https:\/\/drive.google.com\/uc?export=view&id=1jEEZDTrcZaoryoknvgX32G-7OlXKgf7n" }, "geometry": { "type": "Point", "coordinates": [ -73.928163, 5.689293, 0.0 ] } },
{ "type": "Feature", "properties": { "FECHA": "5\/08\/2025 00:00:00 (UTC)", "DEPTO": "CUNDINAMARCA", "MUNICIPIO": "SIMIJACA", "VEREDA": "EL FICAL", "GASODUCTO": "CENTRO - ORIENTE", "TRAMO": "Sucre Oriental - Cogua", "TP_DUCTO": "Troncal", "DISTRITO": "3", "DIAMETRO": "22\"", "TRM_REG": "LA BELLEZA - COGUA", "PK": "044+032", "PK_PAT": "", "ID_EVENTO": "", "TP_EVENTO": "SURCOS", "LONG_EVENT": 0.0, "AMENAZA": "( )", "ESTADO_EG": " ", "FX2": " ", "OBSERVACIO": "Se cambia respecto a linea base de tipo de evento otro a surcos. Se observa surco posiblemente retiro mecanico de material", "PROFUNDIDA": 0.0, "COD_ID": "PROC-32", "ENTREGA": "E31_R1", "LATITUD": 5.5492780000000721, "LONGITUD": -73.814392, "IMAGEN_1": "C004_IMG_20250805_072952.jpg", "IMAGEN_2": "C004_IMG_20250805_072958.jpg", "IMAGEN_3": "C004_IMG_20250805_073003.jpg", "VISUALIZAR_IMAGEN_1": "https:\/\/drive.google.com\/uc?export=view&id=1m_m2OuZb54eCQcT_9YO9J3Mnjnw4tN25", "VISUALIZAR_IMAGEN_2": "https:\/\/drive.google.com\/uc?export=view&id=1UxTjmDw8n-2onfqgYBkFVzkmR4ZDpr2X", "VISUALIZAR_IMAGEN_3": "https:\/\/drive.google.com\/uc?export=view&id=1mnCrtUQfxZGGWhYxUwD4q0yCOqyrrSfl" }, "geometry": { "type": "Point", "coordinates": [ -73.814392, 5.549278, 0.0 ] } },
{ "type": "Feature", "properties": { "FECHA": "7\/08\/2025 00:00:00 (UTC)", "DEPTO": "BOYACÁ", "MUNICIPIO": "CALDAS", "VEREDA": "EL ALIZAL", "GASODUCTO": "CENTRO - ORIENTE", "TRAMO": "Caldas", "TP_DUCTO": "Ramal", "DISTRITO": "3", "DIAMETRO": "2\"", "TRM_REG": "LA BELLEZA - COGUA", "PK": "003+216", "PK_PAT": "", "ID_EVENTO": "", "TP_EVENTO": "CARCAVAS", "LONG_EVENT": 0.0, "AMENAZA": "( )", "ESTADO_EG": " ", "FX2": " ", "OBSERVACIO": "Carcava a 5 metros a la izquierda de la tuberia", "PROFUNDIDA": 0.0, "COD_ID": "PROC-33", "ENTREGA": "E31_R1", "LATITUD": 5.5476, "LONGITUD": -73.8504, "IMAGEN_1": "C004_IMG_20250807_091958.jpg", "IMAGEN_2": "C004_IMG_20250807_092005.jpg", "IMAGEN_3": "C004_IMG_20250807_092009.jpg", "VISUALIZAR_IMAGEN_1": "https:\/\/drive.google.com\/uc?export=view&id=1uoBa9hhcCbVvEL6JrQTxCYj9YzR8fOrI", "VISUALIZAR_IMAGEN_2": "https:\/\/drive.google.com\/uc?export=view&id=1Jr8gs8v14jD0pLfjaFeRaAD8Cb3LvfhN", "VISUALIZAR_IMAGEN_3": "https:\/\/drive.google.com\/uc?export=view&id=1M-1xsH_Lm3I8T86buvDLcQzTIuuYiXNJ" }, "geometry": { "type": "Point", "coordinates": [ -73.8504, 5.5476, 0.0 ] } },
{ "type": "Feature", "properties": { "FECHA": "6\/08\/2025 00:00:00 (UTC)", "DEPTO": "BOYACÁ", "MUNICIPIO": "CHIQUINQUIRÁ", "VEREDA": "RESGUARDO", "GASODUCTO": "CENTRO - ORIENTE", "TRAMO": "Chiquinquira", "TP_DUCTO": "Ramal", "DISTRITO": "3", "DIAMETRO": "3\"", "TRM_REG": "LA BELLEZA - COGUA", "PK": "000+008", "PK_PAT": "", "ID_EVENTO": "", "TP_EVENTO": "OTRO", "LONG_EVENT": 0.0, "AMENAZA": "( )", "ESTADO_EG": " ", "FX2": " ", "OBSERVACIO": "No se observa proceso menor", "PROFUNDIDA": 0.0, "COD_ID": "PROC-34", "ENTREGA": "E31_R1", "LATITUD": 5.603982, "LONGITUD": -73.852013, "IMAGEN_1": "C004_IMG_20250806_083633.jpg", "IMAGEN_2": "C004_IMG_20250806_083637.jpg", "IMAGEN_3": "C004_IMG_20250806_083641.jpg", "VISUALIZAR_IMAGEN_1": "https:\/\/drive.google.com\/uc?export=view&id=1sIikCb8CF4SIqwy4yetJ9-UGb2GsHRUh", "VISUALIZAR_IMAGEN_2": "https:\/\/drive.google.com\/uc?export=view&id=1BBucx-lwjZw3344vRKTfru9IfOVVV5J9", "VISUALIZAR_IMAGEN_3": "https:\/\/drive.google.com\/uc?export=view&id=11EfHyLd8rG9pkZ3gbEbKX2kgD8ZvQOEz" }, "geometry": { "type": "Point", "coordinates": [ -73.852013, 5.603982, 0.0 ] } },
{ "type": "Feature", "properties": { "FECHA": "6\/08\/2025 00:00:00 (UTC)", "DEPTO": "BOYACÁ", "MUNICIPIO": "CHIQUINQUIRÁ", "VEREDA": "RESGUARDO", "GASODUCTO": "CENTRO - ORIENTE", "TRAMO": "Chiquinquira", "TP_DUCTO": "Ramal", "DISTRITO": "3", "DIAMETRO": "3\"", "TRM_REG": "LA BELLEZA - COGUA", "PK": "001+836", "PK_PAT": "", "ID_EVENTO": "", "TP_EVENTO": "OTRO", "LONG_EVENT": 0.0, "AMENAZA": "( )", "ESTADO_EG": " ", "FX2": " ", "OBSERVACIO": "No se evidencia proceso menor", "PROFUNDIDA": 0.0, "COD_ID": "PROC-35", "ENTREGA": "E31_R1", "LATITUD": 5.6095500000000698, "LONGITUD": -73.836742, "IMAGEN_1": "C004_IMG_20250806_071909.jpg", "IMAGEN_2": "C004_IMG_20250806_071914.jpg", "IMAGEN_3": "C004_IMG_20250806_071919.jpg", "VISUALIZAR_IMAGEN_1": "https:\/\/drive.google.com\/uc?export=view&id=1T2OLSKq9iUmy3COQRDBt4a6sRzVI_hu8", "VISUALIZAR_IMAGEN_2": "https:\/\/drive.google.com\/uc?export=view&id=1Y69LquESJFwcgjoThKRH8PepbYNzpEoa", "VISUALIZAR_IMAGEN_3": "https:\/\/drive.google.com\/uc?export=view&id=1EWJ8-en8hGJT5bRluVzABkpkgdl9MJ0Y" }, "geometry": { "type": "Point", "coordinates": [ -73.836742, 5.60955, 0.0 ] } },
{ "type": "Feature", "properties": { "FECHA": "30\/07\/2025 00:00:00 (UTC)", "DEPTO": "(CUNDINAMARCA)", "MUNICIPIO": "FÚQUENE", "VEREDA": "TARABITA", "GASODUCTO": "CENTRO - ORIENTE", "TRAMO": "Sucre Oriental - Cogua", "TP_DUCTO": "Troncal", "DISTRITO": "3", "DIAMETRO": "22\"", "TRM_REG": "LA BELLEZA - COGUA", "PK": "060+494", "PK_PAT": "", "ID_EVENTO": "", "TP_EVENTO": "SURCOS", "LONG_EVENT": 0.0, "AMENAZA": "( )", "ESTADO_EG": " ", "FX2": " ", "OBSERVACIO": "Surcos por erosion de agua lluvia", "PROFUNDIDA": 0.0, "COD_ID": "P_MEN", "ENTREGA": "E33_R1", "LATITUD": 5.4139336000001004, "LONGITUD": -73.7682906, "IMAGEN_1": "C003_IMG_20250730_082104.jpg", "IMAGEN_2": "C003_IMG_20250730_082109.jpg", "IMAGEN_3": "C003_IMG_20250730_082121.jpg", "VISUALIZAR_IMAGEN_1": "https:\/\/drive.google.com\/uc?export=view&id=1NYkOYVpA0RsdUb50anAzXeqsiRRl1Lij", "VISUALIZAR_IMAGEN_2": "https:\/\/drive.google.com\/uc?export=view&id=1M2iKiWu2xeizsBTIRVkKo_ux5DL-cLFp", "VISUALIZAR_IMAGEN_3": "https:\/\/drive.google.com\/uc?export=view&id=1GBHmbXgaIF3p72qi4xAHr4TTbWbUKodQ" }, "geometry": { "type": "Point", "coordinates": [ -73.768290599999943, 5.413933600000064, 0.0 ] } },
{ "type": "Feature", "properties": { "FECHA": "4\/08\/2025 00:00:00 (UTC)", "DEPTO": "(CUNDINAMARCA)", "MUNICIPIO": "VILLA DE SAN DIEGO DE UBATÉ", "VEREDA": "LA PATERA", "GASODUCTO": "CENTRO - ORIENTE", "TRAMO": "Ubate", "TP_DUCTO": "Ramal", "DISTRITO": "3", "DIAMETRO": "3\"", "TRM_REG": "LA BELLEZA - COGUA", "PK": "000+009", "PK_PAT": "", "ID_EVENTO": "", "TP_EVENTO": "OTRO", "LONG_EVENT": 0.0, "AMENAZA": "( )", "ESTADO_EG": " ", "FX2": " ", "OBSERVACIO": "Caja de tuberia descubierta", "PROFUNDIDA": 0.0, "COD_ID": "P_MEN", "ENTREGA": "E33_R1", "LATITUD": 5.3162170000000515, "LONGITUD": -73.768475, "IMAGEN_1": "C003_IMG_20250804_150024.jpg", "IMAGEN_2": "C003_IMG_20250804_150030.jpg", "IMAGEN_3": "C003_IMG_20250804_150036.jpg", "VISUALIZAR_IMAGEN_1": "https:\/\/drive.google.com\/uc?export=view&id=1lOT3G248z4aSLlJ8udOLzUWPO7X_bvT3", "VISUALIZAR_IMAGEN_2": "https:\/\/drive.google.com\/uc?export=view&id=1GN7MTqtk6EY5v3CRs1Eu8pBpWITkHCUi", "VISUALIZAR_IMAGEN_3": "https:\/\/drive.google.com\/uc?export=view&id=1OfxC5lUa_IPiCFQbJE3cTlugX0IPN863" }, "geometry": { "type": "Point", "coordinates": [ -73.768475, 5.316217, 0.0 ] } },
{ "type": "Feature", "properties": { "FECHA": "3\/08\/2025 00:00:00 (UTC)", "DEPTO": "(CUNDINAMARCA)", "MUNICIPIO": "VILLA DE SAN DIEGO DE UBATÉ", "VEREDA": "TAUSAVITA", "GASODUCTO": "CENTRO - ORIENTE", "TRAMO": "Sutatausa", "TP_DUCTO": "Ramal", "DISTRITO": "3", "DIAMETRO": "2\"", "TRM_REG": "LA BELLEZA - COGUA", "PK": "005+265", "PK_PAT": "", "ID_EVENTO": "", "TP_EVENTO": "OTRO", "LONG_EVENT": 0.0, "AMENAZA": "( )", "ESTADO_EG": " ", "FX2": " ", "OBSERVACIO": "Canal de drenaje sobre la tuberia", "PROFUNDIDA": 0.0, "COD_ID": "P_MEN", "ENTREGA": "E33_R1", "LATITUD": 5.2699400000000765, "LONGITUD": -73.82777, "IMAGEN_1": "C003_IMG_20250803_103437.jpg", "IMAGEN_2": "C003_IMG_20250803_103452.jpg", "IMAGEN_3": "C003_IMG_20250803_103456.jpg", "VISUALIZAR_IMAGEN_1": "https:\/\/drive.google.com\/uc?export=view&id=12nvQgZVy-pP68sYRuTT8JWgZSzAyuum-", "VISUALIZAR_IMAGEN_2": "https:\/\/drive.google.com\/uc?export=view&id=14QKve_u6k_tutYk5nDxOO8p5SyFzhXSR", "VISUALIZAR_IMAGEN_3": "https:\/\/drive.google.com\/uc?export=view&id=10hX7DnWdJfWMHyDyaaWpTa62VRUF6gNx" }, "geometry": { "type": "Point", "coordinates": [ -73.82777, 5.26994, 0.0 ] } },
{ "type": "Feature", "properties": { "FECHA": "3\/08\/2025 00:00:00 (UTC)", "DEPTO": "(CUNDINAMARCA)", "MUNICIPIO": "VILLA DE SAN DIEGO DE UBATÉ", "VEREDA": "TAUSAVITA", "GASODUCTO": "CENTRO - ORIENTE", "TRAMO": "Sutatausa", "TP_DUCTO": "Ramal", "DISTRITO": "3", "DIAMETRO": "2\"", "TRM_REG": "LA BELLEZA - COGUA", "PK": "005+450", "PK_PAT": "", "ID_EVENTO": "", "TP_EVENTO": "OTRO", "LONG_EVENT": 0.0, "AMENAZA": "( )", "ESTADO_EG": " ", "FX2": " ", "OBSERVACIO": "Canal de drenaje sobre la tuberia p=1.19", "PROFUNDIDA": 0.0, "COD_ID": "P_MEN", "ENTREGA": "E33_R1", "LATITUD": 5.26937, "LONGITUD": -73.82934, "IMAGEN_1": "C003_IMG_20250803_104153.jpg", "IMAGEN_2": "C003_IMG_20250803_104202.jpg", "IMAGEN_3": "C003_IMG_20250803_104206.jpg", "VISUALIZAR_IMAGEN_1": "https:\/\/drive.google.com\/uc?export=view&id=1iqsPk3mFohPA9TnJIqD99HBq2eliw2PN", "VISUALIZAR_IMAGEN_2": "https:\/\/drive.google.com\/uc?export=view&id=1ZR5Vhw0-BTI7MLuVT2DpgMEE1ClPMv1e", "VISUALIZAR_IMAGEN_3": "https:\/\/drive.google.com\/uc?export=view&id=1MVw3rusN10uvmdARF_dltYfPtU-rkdmw" }, "geometry": { "type": "Point", "coordinates": [ -73.82934, 5.26937, 0.0 ] } },
{ "type": "Feature", "properties": { "FECHA": "3\/08\/2025 00:00:00 (UTC)", "DEPTO": "(CUNDINAMARCA)", "MUNICIPIO": "VILLA DE SAN DIEGO DE UBATÉ", "VEREDA": "TAUSAVITA", "GASODUCTO": "CENTRO - ORIENTE", "TRAMO": "Sutatausa", "TP_DUCTO": "Ramal", "DISTRITO": "3", "DIAMETRO": "2\"", "TRM_REG": "LA BELLEZA - COGUA", "PK": "002+799", "PK_PAT": "", "ID_EVENTO": "", "TP_EVENTO": "OTRO", "LONG_EVENT": 0.0, "AMENAZA": "( )", "ESTADO_EG": " ", "FX2": " ", "OBSERVACIO": "Canal de drenaje sobre la tuberia", "PROFUNDIDA": 0.0, "COD_ID": "P_MEN", "ENTREGA": "E33_R1", "LATITUD": 5.288145, "LONGITUD": -73.817703, "IMAGEN_1": "C003_IMG_20250803_080118.jpg", "IMAGEN_2": "C003_IMG_20250803_080124.jpg", "IMAGEN_3": "C003_IMG_20250803_080128.jpg", "VISUALIZAR_IMAGEN_1": "https:\/\/drive.google.com\/uc?export=view&id=1SKzpKsa9Mg5T5cf7KJDVFh7oAyQJ8t9C", "VISUALIZAR_IMAGEN_2": "https:\/\/drive.google.com\/uc?export=view&id=1kK6Ze5NP2C_me5A0pUB8Y3HCkisKVlB1", "VISUALIZAR_IMAGEN_3": "https:\/\/drive.google.com\/uc?export=view&id=1QhQQ2N0nBKQfTButseEQF6NC82Wdi7ja" }, "geometry": { "type": "Point", "coordinates": [ -73.817703, 5.288145, 0.0 ] } },
{ "type": "Feature", "properties": { "FECHA": "3\/08\/2025 00:00:00 (UTC)", "DEPTO": "(CUNDINAMARCA)", "MUNICIPIO": "VILLA DE SAN DIEGO DE UBATÉ", "VEREDA": "TAUSAVITA", "GASODUCTO": "CENTRO - ORIENTE", "TRAMO": "Sutatausa", "TP_DUCTO": "Ramal", "DISTRITO": "3", "DIAMETRO": "2\"", "TRM_REG": "LA BELLEZA - COGUA", "PK": "004+477", "PK_PAT": "", "ID_EVENTO": "", "TP_EVENTO": "SOCAVACIÓN DE FONDO", "LONG_EVENT": 0.0, "AMENAZA": "( )", "ESTADO_EG": " ", "FX2": " ", "OBSERVACIO": "Canal de drenaje sobre la tuberia", "PROFUNDIDA": 0.0, "COD_ID": "P_MEN", "ENTREGA": "E33_R1", "LATITUD": 5.274275, "LONGITUD": -73.823717, "IMAGEN_1": "C003_IMG_20250803_095817.jpg", "IMAGEN_2": "C003_IMG_20250803_095823.jpg", "IMAGEN_3": "C003_IMG_20250803_095826.jpg", "VISUALIZAR_IMAGEN_1": "https:\/\/drive.google.com\/uc?export=view&id=1B1J3Fr1bsCNYP4RL-1H_Ks9DYv6fU88g", "VISUALIZAR_IMAGEN_2": "https:\/\/drive.google.com\/uc?export=view&id=1Z338CyrIuLVl7_NEvjxJuZ21cBSjODDq", "VISUALIZAR_IMAGEN_3": "https:\/\/drive.google.com\/uc?export=view&id=1l3vmu8CbxAFKeHqXvQYWyhhg_gNrNbMu" }, "geometry": { "type": "Point", "coordinates": [ -73.823717, 5.274275, 0.0 ] } },
{ "type": "Feature", "properties": { "FECHA": "3\/08\/2025 00:00:00 (UTC)", "DEPTO": "(CUNDINAMARCA)", "MUNICIPIO": "VILLA DE SAN DIEGO DE UBATÉ", "VEREDA": "TAUSAVITA", "GASODUCTO": "CENTRO - ORIENTE", "TRAMO": "Sutatausa", "TP_DUCTO": "Ramal", "DISTRITO": "3", "DIAMETRO": "2\"", "TRM_REG": "LA BELLEZA - COGUA", "PK": "004+654", "PK_PAT": "", "ID_EVENTO": "", "TP_EVENTO": "OTRO", "LONG_EVENT": 0.0, "AMENAZA": "( )", "ESTADO_EG": " ", "FX2": " ", "OBSERVACIO": "Canal de drenaje sobre la tuberia", "PROFUNDIDA": 0.0, "COD_ID": "P_MEN", "ENTREGA": "E33_R1", "LATITUD": 5.272715000000062, "LONGITUD": -73.823705, "IMAGEN_1": "C003_IMG_20250803_101143.jpg", "IMAGEN_2": "C003_IMG_20250803_101151.jpg", "IMAGEN_3": "C003_IMG_20250803_101155.jpg", "VISUALIZAR_IMAGEN_1": "https:\/\/drive.google.com\/uc?export=view&id=12143v_qC86863q_i0irYKPiwQ4t4XIjw", "VISUALIZAR_IMAGEN_2": "https:\/\/drive.google.com\/uc?export=view&id=1nxJkNUjV6jXrBkN1gVmTU_F-794mmJ30", "VISUALIZAR_IMAGEN_3": "https:\/\/drive.google.com\/uc?export=view&id=1MR196Wf0fdiUsmJSOJn3M0lwuSbLBLj-" }, "geometry": { "type": "Point", "coordinates": [ -73.823705, 5.272715, 0.0 ] } },
{ "type": "Feature", "properties": { "FECHA": "6\/08\/2025 00:00:00 (UTC)", "DEPTO": "(CUNDINAMARCA)", "MUNICIPIO": "CUCUNUBÁ", "VEREDA": "LA FLORIDA", "GASODUCTO": "CENTRO - ORIENTE", "TRAMO": "Cucunuba", "TP_DUCTO": "Ramal", "DISTRITO": "3", "DIAMETRO": "2\"", "TRM_REG": "LA BELLEZA - COGUA", "PK": "000+405", "PK_PAT": "", "ID_EVENTO": "", "TP_EVENTO": "CARCAVAS", "LONG_EVENT": 0.0, "AMENAZA": "( )", "ESTADO_EG": " ", "FX2": " ", "OBSERVACIO": "No se evidencia", "PROFUNDIDA": 0.0, "COD_ID": "P_MEN", "ENTREGA": "E33_R1", "LATITUD": 5.25904, "LONGITUD": -73.7827433, "IMAGEN_1": "C003_IMG_20250806_115001.jpg", "IMAGEN_2": "C003_IMG_20250806_115008.jpg", "IMAGEN_3": "C003_IMG_20250806_115016.jpg", "VISUALIZAR_IMAGEN_1": "https:\/\/drive.google.com\/uc?export=view&id=1eyW_62SnCm74XiFQ-hp3xRhCM576flJj", "VISUALIZAR_IMAGEN_2": "https:\/\/drive.google.com\/uc?export=view&id=14JoOmplK8-KNoAEdPMVq0naYA-JxfoAY", "VISUALIZAR_IMAGEN_3": "https:\/\/drive.google.com\/uc?export=view&id=1UqUSIVjkzTyUaoE28UwT2tO1G75xIjHI" }, "geometry": { "type": "Point", "coordinates": [ -73.782743299999936, 5.25904, 0.0 ] } },
{ "type": "Feature", "properties": { "FECHA": "6\/08\/2025 00:00:00 (UTC)", "DEPTO": "(CUNDINAMARCA)", "MUNICIPIO": "CUCUNUBÁ", "VEREDA": "PUEBLO VIEJO", "GASODUCTO": "CENTRO - ORIENTE", "TRAMO": "Sucre Oriental - Cogua", "TP_DUCTO": "Troncal", "DISTRITO": "3", "DIAMETRO": "22\"", "TRM_REG": "LA BELLEZA - COGUA", "PK": "081+342", "PK_PAT": "", "ID_EVENTO": "", "TP_EVENTO": "OTRO", "LONG_EVENT": 0.0, "AMENAZA": "( )", "ESTADO_EG": " ", "FX2": " ", "OBSERVACIO": "Excavación sobre el DDV 0.5mx0.5mx0.3m", "PROFUNDIDA": 0.0, "COD_ID": "P_MEN", "ENTREGA": "E33_R1", "LATITUD": 5.2527900000000614, "LONGITUD": -73.78797, "IMAGEN_1": "C003_IMG_20250806_134245.jpg", "IMAGEN_2": "C003_IMG_20250806_134250.jpg", "IMAGEN_3": "C003_IMG_20250806_134256.jpg", "VISUALIZAR_IMAGEN_1": "https:\/\/drive.google.com\/uc?export=view&id=18mvujZmab7det88EmzcAIN1IKKoWCEUh", "VISUALIZAR_IMAGEN_2": "https:\/\/drive.google.com\/uc?export=view&id=1T4q98eyEiqCZjcMi7ZbxgiPcjg0qNPg-", "VISUALIZAR_IMAGEN_3": "https:\/\/drive.google.com\/uc?export=view&id=1WcYINgSJq-flDmhsBbcARcwpeHk3V0OQ" }, "geometry": { "type": "Point", "coordinates": [ -73.78797, 5.25279, 0.0 ] } },
{ "type": "Feature", "properties": { "FECHA": "9\/08\/2025 00:00:00 (UTC)", "DEPTO": "(CUNDINAMARCA)", "MUNICIPIO": "TAUSA", "VEREDA": "LA FLORIDA", "GASODUCTO": "CENTRO - ORIENTE", "TRAMO": "Tausa", "TP_DUCTO": "Ramal", "DISTRITO": "3", "DIAMETRO": "2\"", "TRM_REG": "LA BELLEZA - COGUA", "PK": "002+209", "PK_PAT": "", "ID_EVENTO": "", "TP_EVENTO": "FLUJOS", "LONG_EVENT": 0.0, "AMENAZA": "( )", "ESTADO_EG": " ", "FX2": " ", "OBSERVACIO": "P=1.53m socavacion producto del flujo de agua lluvia", "PROFUNDIDA": 0.0, "COD_ID": "P_MEN", "ENTREGA": "E33_R1", "LATITUD": 5.191338, "LONGITUD": -73.897498, "IMAGEN_1": "C003_IMG_20250809_100553.jpg", "IMAGEN_2": "C003_IMG_20250809_100558.jpg", "IMAGEN_3": "C003_IMG_20250809_100607.jpg", "VISUALIZAR_IMAGEN_1": "https:\/\/drive.google.com\/uc?export=view&id=1I7emB3IEzQB7-KDjmJKQ4XcNvuBz-K0c", "VISUALIZAR_IMAGEN_2": "https:\/\/drive.google.com\/uc?export=view&id=1hxFkJq2q4VgC3N6_5cP2TmTi4A7LNNRJ", "VISUALIZAR_IMAGEN_3": "https:\/\/drive.google.com\/uc?export=view&id=1a2tLS72lmDnd5yZNZ5Bq1JBDsADpeP8D" }, "geometry": { "type": "Point", "coordinates": [ -73.897498, 5.191338, 0.0 ] } },
{ "type": "Feature", "properties": { "FECHA": "6\/08\/2025 00:00:00 (UTC)", "DEPTO": "(CUNDINAMARCA)", "MUNICIPIO": "CUCUNUBÁ", "VEREDA": "LA FLORIDA", "GASODUCTO": "CENTRO - ORIENTE", "TRAMO": "Cucunuba", "TP_DUCTO": "Ramal", "DISTRITO": "3", "DIAMETRO": "2\"", "TRM_REG": "LA BELLEZA - COGUA", "PK": "000+633", "PK_PAT": "", "ID_EVENTO": "", "TP_EVENTO": "OTRO", "LONG_EVENT": 0.0, "AMENAZA": "( )", "ESTADO_EG": " ", "FX2": " ", "OBSERVACIO": "P=1.27m , no se evidencia", "PROFUNDIDA": 0.0, "COD_ID": "P_MEN", "ENTREGA": "E33_R1", "LATITUD": 5.258187, "LONGITUD": -73.780747, "IMAGEN_1": "C003_IMG_20250806_120711.jpg", "IMAGEN_2": "C003_IMG_20250806_120717.jpg", "IMAGEN_3": "C003_IMG_20250806_120722.jpg", "VISUALIZAR_IMAGEN_1": "https:\/\/drive.google.com\/uc?export=view&id=14xCHIgsE9l3FQ5ZiqupgXv5IbjCJPDSj", "VISUALIZAR_IMAGEN_2": "https:\/\/drive.google.com\/uc?export=view&id=1520zlMHeSTE4ffkozt9fAYOCb1eEoHAX", "VISUALIZAR_IMAGEN_3": "https:\/\/drive.google.com\/uc?export=view&id=124mwwWDQGN14JV6dy--eNWMflLY144Lu" }, "geometry": { "type": "Point", "coordinates": [ -73.780747, 5.258187, 0.0 ] } },
{ "type": "Feature", "properties": { "FECHA": "9\/08\/2025 00:00:00 (UTC)", "DEPTO": "(CUNDINAMARCA)", "MUNICIPIO": "TAUSA", "VEREDA": "LA FLORIDA", "GASODUCTO": "CENTRO - ORIENTE", "TRAMO": "Tausa", "TP_DUCTO": "Ramal", "DISTRITO": "3", "DIAMETRO": "2\"", "TRM_REG": "LA BELLEZA - COGUA", "PK": "001+721", "PK_PAT": "", "ID_EVENTO": "", "TP_EVENTO": "OTRO", "LONG_EVENT": 0.0, "AMENAZA": "( )", "ESTADO_EG": " ", "FX2": " ", "OBSERVACIO": "Canal de drenaje", "PROFUNDIDA": 0.0, "COD_ID": "P_MEN", "ENTREGA": "E33_R1", "LATITUD": 5.18791, "LONGITUD": -73.898132, "IMAGEN_1": "C003_IMG_20250809_095211.jpg", "IMAGEN_2": "C003_IMG_20250809_095239.jpg", "IMAGEN_3": "C003_IMG_20250809_095245.jpg", "VISUALIZAR_IMAGEN_1": "https:\/\/drive.google.com\/uc?export=view&id=1qLUBmFHQ7mlYe3QVr5B5iCLTmIos6ZQH", "VISUALIZAR_IMAGEN_2": "https:\/\/drive.google.com\/uc?export=view&id=1lkxCOI1ZDn6FIaAAlh2RcmmHH5ou-s9v", "VISUALIZAR_IMAGEN_3": "https:\/\/drive.google.com\/uc?export=view&id=1byN2qhQ_B5Qb7vqAicHKqZbzDb7DfPcz" }, "geometry": { "type": "Point", "coordinates": [ -73.898132, 5.18791, 0.0 ] } },
{ "type": "Feature", "properties": { "FECHA": "27\/08\/2025 00:00:00 (UTC)", "DEPTO": "(CUNDINAMARCA)", "MUNICIPIO": "NEMOCÓN", "VEREDA": "CASA BLANCA", "GASODUCTO": "CENTRO - ORIENTE", "TRAMO": "Nemocon", "TP_DUCTO": "Ramal", "DISTRITO": "3", "DIAMETRO": "3\"", "TRM_REG": "LA BELLEZA - COGUA", "PK": "004+059", "PK_PAT": "", "ID_EVENTO": "", "TP_EVENTO": "SOCAVACIÓN DE FONDO", "LONG_EVENT": 0.0, "AMENAZA": "( )", "ESTADO_EG": " ", "FX2": " ", "OBSERVACIO": "No se evidencia", "PROFUNDIDA": 0.0, "COD_ID": "P_MEN", "ENTREGA": "E33_R1", "LATITUD": 5.0726530000000594, "LONGITUD": -73.88854, "IMAGEN_1": "C003_IMG_20250827_103704.jpg", "IMAGEN_2": "C003_IMG_20250827_103711.jpg", "IMAGEN_3": "C003_IMG_20250827_103717.jpg", "VISUALIZAR_IMAGEN_1": "https:\/\/drive.google.com\/uc?export=view&id=1CKUh4723l4dDPZC5HCI11uEphkLjCyii", "VISUALIZAR_IMAGEN_2": "https:\/\/drive.google.com\/uc?export=view&id=1HSguKFyUO87rREznZJIsgdArC83OEuHJ", "VISUALIZAR_IMAGEN_3": "https:\/\/drive.google.com\/uc?export=view&id=1FxWJZKyz_ftO25fD_8AgWGEQ2t4NTd9X" }, "geometry": { "type": "Point", "coordinates": [ -73.88854, 5.072653, 0.0 ] } },
{ "type": "Feature", "properties": { "FECHA": "3\/08\/2025 00:00:00 (UTC)", "DEPTO": "(BOYACÁ)", "MUNICIPIO": "SÁCHICA", "VEREDA": "ARRAYAN", "GASODUCTO": "PORVENIR - LA BELLEZA", "TRAMO": "Miraflores - Sutamarchan", "TP_DUCTO": "Troncal", "DISTRITO": "5", "DIAMETRO": "20\"", "TRM_REG": "EL PORVENIR - LA BELLEZA", "PK": "148+201", "PK_PAT": null, "ID_EVENTO": null, "TP_EVENTO": "SURCOS", "LONG_EVENT": 5.0, "AMENAZA": "( )", "ESTADO_EG": " ", "FX2": " ", "OBSERVACIO": "Surcos", "PROFUNDIDA": null, "COD_ID": "PROC-1", "ENTREGA": "E33_R1", "LATITUD": 5.5578180000000543, "LONGITUD": -73.5158, "IMAGEN_1": "C002_IMG_20250803_094550.jpg", "IMAGEN_2": "C002_IMG_20250803_094559.jpg", "IMAGEN_3": "C002_IMG_20250803_094604.jpg", "VISUALIZAR_IMAGEN_1": "https:\/\/drive.google.com\/uc?export=view&id=18CRBktR54Xq4U-q3iteByJ0NUUNoeH0C", "VISUALIZAR_IMAGEN_2": "https:\/\/drive.google.com\/uc?export=view&id=1sMTiwjETrGib8ex6U_3akE_D1ljwXPzb", "VISUALIZAR_IMAGEN_3": "https:\/\/drive.google.com\/uc?export=view&id=1xEuoBWTKcM75CUlxX7XMZcNktGSrlCyR" }, "geometry": { "type": "Point", "coordinates": [ -73.5158, 5.557818, 0.0 ] } },
{ "type": "Feature", "properties": { "FECHA": "4\/08\/2025 00:00:00 (UTC)", "DEPTO": "(BOYACÁ)", "MUNICIPIO": "SÁCHICA", "VEREDA": "ARRAYAN", "GASODUCTO": "PORVENIR - LA BELLEZA", "TRAMO": "Miraflores - Sutamarchan", "TP_DUCTO": "Troncal", "DISTRITO": "5", "DIAMETRO": "20\"", "TRM_REG": "EL PORVENIR - LA BELLEZA", "PK": "150+116", "PK_PAT": null, "ID_EVENTO": null, "TP_EVENTO": "OTRO", "LONG_EVENT": 2.0, "AMENAZA": "Bajo", "ESTADO_EG": " ", "FX2": " ", "OBSERVACIO": "Suelo erosionando, con poca vegetación", "PROFUNDIDA": null, "COD_ID": "PROC-2", "ENTREGA": "E33_R1", "LATITUD": 5.569418, "LONGITUD": -73.526645, "IMAGEN_1": "C002_IMG_20250804_113540.jpg", "IMAGEN_2": "C002_IMG_20250804_113548.jpg", "IMAGEN_3": "C002_IMG_20250804_113554.jpg", "VISUALIZAR_IMAGEN_1": "https:\/\/drive.google.com\/uc?export=view&id=1O2qNGzbMdNUJ7RlYxbSb8-oXi7kC9eq_", "VISUALIZAR_IMAGEN_2": "https:\/\/drive.google.com\/uc?export=view&id=1FXhFxoWFLJu1H8UGDYSS34vB5WzMGThB", "VISUALIZAR_IMAGEN_3": "https:\/\/drive.google.com\/uc?export=view&id=1eG440ueaKKi4QfhObS5egva4WQPo-Nga" }, "geometry": { "type": "Point", "coordinates": [ -73.526645, 5.569418, 0.0 ] } },
{ "type": "Feature", "properties": { "FECHA": "5\/08\/2025 00:00:00 (UTC)", "DEPTO": "(BOYACÁ)", "MUNICIPIO": "SÁCHICA", "VEREDA": "ARRAYAN", "GASODUCTO": "PORVENIR - LA BELLEZA", "TRAMO": "Miraflores - Sutamarchan", "TP_DUCTO": "Troncal", "DISTRITO": "5", "DIAMETRO": "20\"", "TRM_REG": "EL PORVENIR - LA BELLEZA", "PK": "152+465", "PK_PAT": null, "ID_EVENTO": null, "TP_EVENTO": "SOCAVACIÓN LATERAL", "LONG_EVENT": 4.0, "AMENAZA": "( )", "ESTADO_EG": " ", "FX2": " ", "OBSERVACIO": "Se cambia respecto a linea base de tipo de evento socavación de fondo a socavación lateral. Se observa socavación en el margen izquierdo", "PROFUNDIDA": null, "COD_ID": "PROC-3", "ENTREGA": "E33_R1", "LATITUD": 5.5878000000000725, "LONGITUD": -73.5359, "IMAGEN_1": "C002_IMG_20250805_091818.jpg", "IMAGEN_2": "C002_IMG_20250805_091830.jpg", "IMAGEN_3": "C002_IMG_20250805_091850.jpg", "VISUALIZAR_IMAGEN_1": "https:\/\/drive.google.com\/uc?export=view&id=1xzobWGlWLI4Duk9YmSlH-5X5P4K_Fy_S", "VISUALIZAR_IMAGEN_2": "https:\/\/drive.google.com\/uc?export=view&id=17UHlYg4CQtP7R1PpWGM2GFWJEVvEJDLm", "VISUALIZAR_IMAGEN_3": "https:\/\/drive.google.com\/uc?export=view&id=1FUlTzk-RnE8GmbRrYO6x2TEE3OEqLY_8" }, "geometry": { "type": "Point", "coordinates": [ -73.5359, 5.5878, 0.0 ] } },
{ "type": "Feature", "properties": { "FECHA": "7\/08\/2025 00:00:00 (UTC)", "DEPTO": "(BOYACÁ)", "MUNICIPIO": "VILLA DE LEYVA", "VEREDA": "MONIQUIRÁ", "GASODUCTO": "PORVENIR - LA BELLEZA", "TRAMO": "Miraflores - Sutamarchan", "TP_DUCTO": "Troncal", "DISTRITO": "5", "DIAMETRO": "20\"", "TRM_REG": "EL PORVENIR - LA BELLEZA", "PK": "160+111", "PK_PAT": null, "ID_EVENTO": null, "TP_EVENTO": "CARCAVAS", "LONG_EVENT": 7.0, "AMENAZA": "Bajo", "ESTADO_EG": " ", "FX2": " ", "OBSERVACIO": "Se cambia respecto a linea base de tipo de evento otro a carcavas. Carcava cubierta por vegetación. Se observa que el proceso menor corresponde a Miraflores - Puente Guillermo Loop y no a la troncal Miraflores - Sutamarchan", "PROFUNDIDA": null, "COD_ID": "PROC-4", "ENTREGA": "E33_R1", "LATITUD": 5.647978, "LONGITUD": -73.56598, "IMAGEN_1": "C002_IMG_20250807_095400.jpg", "IMAGEN_2": "C002_IMG_20250807_095412.jpg", "IMAGEN_3": "C002_IMG_20250807_095418.jpg", "VISUALIZAR_IMAGEN_1": "https:\/\/drive.google.com\/uc?export=view&id=1sZHGCFJYExdbi1bev5yzIALBEAYGtoqA", "VISUALIZAR_IMAGEN_2": "https:\/\/drive.google.com\/uc?export=view&id=15FyM_6xr56pZkF5zvQ9dIKYIc3bAxZVc", "VISUALIZAR_IMAGEN_3": "https:\/\/drive.google.com\/uc?export=view&id=1QB9KYbODO_Ue5M4hVCaLwP0xOG-lj_6N" }, "geometry": { "type": "Point", "coordinates": [ -73.56598, 5.647978, 0.0 ] } },
{ "type": "Feature", "properties": { "FECHA": "6\/08\/2025 00:00:00 (UTC)", "DEPTO": "(BOYACÁ)", "MUNICIPIO": "VILLA DE LEYVA", "VEREDA": "SOPOTÁ", "GASODUCTO": "PORVENIR - LA BELLEZA", "TRAMO": "Miraflores - Puente Guillermo", "TP_DUCTO": "Loop", "DISTRITO": "5", "DIAMETRO": "20\"", "TRM_REG": "EL PORVENIR - LA BELLEZA", "PK": "159+047", "PK_PAT": null, "ID_EVENTO": null, "TP_EVENTO": "SURCOS", "LONG_EVENT": 20.0, "AMENAZA": "( )", "ESTADO_EG": " ", "FX2": " ", "OBSERVACIO": "Surcos creados en epoca de invierno. El proceso menor surcos se encuentra en los dos tramos. Miraflores - Puente Guillermo Loop  y a la troncal Miraflores - Sutamarchan                 ", "PROFUNDIDA": null, "COD_ID": "PROC-1", "ENTREGA": "E34_R1", "LATITUD": 5.6263300000000527, "LONGITUD": -73.55569, "IMAGEN_1": "C002_IMG_20250806_100043.jpg", "IMAGEN_2": "C002_IMG_20250806_100048.jpg", "IMAGEN_3": "C002_IMG_20250806_100055.jpg", "VISUALIZAR_IMAGEN_1": "https:\/\/drive.google.com\/uc?export=view&id=121xubSYVVaPBx6u_K1zYdfs0Dew9Gh-B", "VISUALIZAR_IMAGEN_2": "https:\/\/drive.google.com\/uc?export=view&id=1KxnoBmh-7yMTAWOoiEKUozbiEkUwgcLv", "VISUALIZAR_IMAGEN_3": "https:\/\/drive.google.com\/uc?export=view&id=1sKtKxdJEQ15tZ04owTWioo1JC0oO2dR_" }, "geometry": { "type": "Point", "coordinates": [ -73.55569, 5.62633, 0.0 ] } },
{ "type": "Feature", "properties": { "FECHA": "28\/07\/2025 00:00:00 (UTC)", "DEPTO": "BOYACÁ", "MUNICIPIO": "SAMACÁ", "VEREDA": "TIBAQUIRA", "GASODUCTO": "PORVENIR - LA BELLEZA", "TRAMO": "Samaca", "TP_DUCTO": "Ramal", "DISTRITO": "5", "DIAMETRO": "2\"", "TRM_REG": "GASODUCTO RAMALES BOYACA - SANTANDER", "PK": "000+620", "PK_PAT": "", "ID_EVENTO": "", "TP_EVENTO": "OTRO", "LONG_EVENT": 0.0, "AMENAZA": "( )", "ESTADO_EG": " ", "FX2": " ", "OBSERVACIO": "No se evidencia evento", "PROFUNDIDA": 0.0, "COD_ID": "PROC-1", "ENTREGA": "E35_R1", "LATITUD": 5.5000317, "LONGITUD": -73.4825833, "IMAGEN_1": "C002_IMG_20250728_115803.jpg", "IMAGEN_2": "C002_IMG_20250728_115809.jpg", "IMAGEN_3": "C002_IMG_20250728_115814.jpg", "VISUALIZAR_IMAGEN_1": "https:\/\/drive.google.com\/uc?export=view&id=13HpOcC_96xiMqXB7-XFXKAgvcOSTVzlm", "VISUALIZAR_IMAGEN_2": "https:\/\/drive.google.com\/uc?export=view&id=1u3z8OJtRYKKADgY2CaoXBSvQZjcc0p9W", "VISUALIZAR_IMAGEN_3": "https:\/\/drive.google.com\/uc?export=view&id=18EcISwJYwBKrasJYUkUcokzWENttCzND" }, "geometry": { "type": "Point", "coordinates": [ -73.482583299999988, 5.500031700000022, 0.0 ] } },
{ "type": "Feature", "properties": { "FECHA": "8\/08\/2025 00:00:00 (UTC)", "DEPTO": "BOYACÁ", "MUNICIPIO": "VILLA DE LEYVA", "VEREDA": "SOPOTÁ", "GASODUCTO": "PORVENIR - LA BELLEZA", "TRAMO": "Villa de Leyva", "TP_DUCTO": "Ramal", "DISTRITO": "5", "DIAMETRO": "2\"", "TRM_REG": "GASODUCTO RAMALES BOYACA - SANTANDER", "PK": "001+906", "PK_PAT": "", "ID_EVENTO": "", "TP_EVENTO": "SURCOS", "LONG_EVENT": 0.0, "AMENAZA": "( )", "ESTADO_EG": " ", "FX2": " ", "OBSERVACIO": " Profundidad de la tubería a 0,59 cm", "PROFUNDIDA": 0.0, "COD_ID": "PROC-2", "ENTREGA": "E35_R1", "LATITUD": 5.6249866380000526, "LONGITUD": -73.537895854999988, "IMAGEN_1": "C002_IMG_20250808_104510.jpg", "IMAGEN_2": "C002_IMG_20250808_104518.jpg", "IMAGEN_3": "C002_IMG_20250808_104524.jpg", "VISUALIZAR_IMAGEN_1": "https:\/\/drive.google.com\/uc?export=view&id=1IhV6Ixo3OFR_lV_NYbTUh0qpMMPymIL8", "VISUALIZAR_IMAGEN_2": "https:\/\/drive.google.com\/uc?export=view&id=1mAtmZ0JNKETe3UcaArc0yRjTN-7UE5wh", "VISUALIZAR_IMAGEN_3": "https:\/\/drive.google.com\/uc?export=view&id=1GRkkJ8_6e4isGJUp0f-k_vpf1qbtXwcE" }, "geometry": { "type": "Point", "coordinates": [ -73.537895854999988, 5.624986638000053, 2165.752200000002631 ] } },
{ "type": "Feature", "properties": { "FECHA": "10\/08\/2025 00:00:00 (UTC)", "DEPTO": "BOYACÁ", "MUNICIPIO": "SUTAMARCHÁN", "VEREDA": "CENTRO", "GASODUCTO": "BOYACA - SANTANDER", "TRAMO": "Raquira", "TP_DUCTO": "Ramal", "DISTRITO": "5", "DIAMETRO": "2\"", "TRM_REG": "GASODUCTO RAMALES BOYACA - SANTANDER", "PK": "008+250", "PK_PAT": "", "ID_EVENTO": "", "TP_EVENTO": "OTRO", "LONG_EVENT": 0.0, "AMENAZA": "( )", "ESTADO_EG": " ", "FX2": " ", "OBSERVACIO": "Excavación con maquinaria perpendicular a la tuberia, prof excavación 1,8; prof tubería 2,27", "PROFUNDIDA": 0.0, "COD_ID": "PROC-3", "ENTREGA": "E35_R1", "LATITUD": 5.6140643100000602, "LONGITUD": -73.622037820999935, "IMAGEN_1": "C002_IMG_20250810_105645.jpg", "IMAGEN_2": "C002_IMG_20250810_105653.jpg", "IMAGEN_3": "C002_IMG_20250810_105659.jpg", "VISUALIZAR_IMAGEN_1": "https:\/\/drive.google.com\/uc?export=view&id=1BLY2n5JIE_0XgzE2iSpslr6MKfSznBIX", "VISUALIZAR_IMAGEN_2": "https:\/\/drive.google.com\/uc?export=view&id=1ICp1qtWj8VrU0hyrYkH4DQszlqaGptJW", "VISUALIZAR_IMAGEN_3": "https:\/\/drive.google.com\/uc?export=view&id=1d80croagophxGV0Kosl3Tt4wun84nJPy" }, "geometry": { "type": "Point", "coordinates": [ -73.622037820999935, 5.61406431000006, 2110.2103000000061 ] } },
{ "type": "Feature", "properties": { "FECHA": "3\/09\/2025 00:00:00 (UTC)", "DEPTO": "SANTANDER", "MUNICIPIO": "JESÚS MARÍA", "VEREDA": "CRISTALES", "GASODUCTO": "BOYACA - SANTANDER", "TRAMO": "Bolivar", "TP_DUCTO": "Ramal", "DISTRITO": "5", "DIAMETRO": "2\"", "TRM_REG": "GASODUCTO RAMALES BOYACA - SANTANDER", "PK": "002+725", "PK_PAT": "2728", "ID_EVENTO": "348", "TP_EVENTO": "OTRO", "LONG_EVENT": 0.0, "AMENAZA": "Medio", "ESTADO_EG": " ", "FX2": " ", "OBSERVACIO": "P=1.35m, Evento geotecnico en proceso de subsanacion con estructura en gaviones en piedra", "PROFUNDIDA": 1.35, "COD_ID": "PROC-1", "ENTREGA": "E35_R1", "LATITUD": 5.8515390000000593, "LONGITUD": -73.801859, "IMAGEN_1": "C003_IMG_20250903_101346.jpg", "IMAGEN_2": "C003_IMG_20250903_101402.jpg", "IMAGEN_3": "C003_IMG_20250903_101455.jpg", "VISUALIZAR_IMAGEN_1": "https:\/\/drive.google.com\/uc?export=view&id=1aCoNcVP_eNiPTBuZNpUoDAytQwH4wSYw", "VISUALIZAR_IMAGEN_2": "https:\/\/drive.google.com\/uc?export=view&id=1MmD3TX2flF2R6WNeBJ3m0GOZZveIsuY1", "VISUALIZAR_IMAGEN_3": "https:\/\/drive.google.com\/uc?export=view&id=1_DBshhYq0JKm90-2R4oJZbsjWvsab-r0" }, "geometry": { "type": "Point", "coordinates": [ -73.801859, 5.851539, 0.0 ] } },
{ "type": "Feature", "properties": { "FECHA": "3\/09\/2025 00:00:00 (UTC)", "DEPTO": "SANTANDER", "MUNICIPIO": "JESÚS MARÍA", "VEREDA": "ARCINIEGAS", "GASODUCTO": "BOYACA - SANTANDER", "TRAMO": "Bolivar", "TP_DUCTO": "Ramal", "DISTRITO": "5", "DIAMETRO": "2\"", "TRM_REG": "GASODUCTO RAMALES BOYACA - SANTANDER", "PK": "005+731", "PK_PAT": "5718", "ID_EVENTO": "349", "TP_EVENTO": "SOCAVACIÓN LATERAL", "LONG_EVENT": 0.0, "AMENAZA": "Bajo", "ESTADO_EG": " ", "FX2": " ", "OBSERVACIO": "P=3.25m, socavacion lateral L=1m An=1m Al=2m, evento al costado izquierdo del eje del ducto y en la margen derecha del cruce subfluvial", "PROFUNDIDA": 3.25, "COD_ID": "PROC-2", "ENTREGA": "E35_R1", "LATITUD": 5.8685180000000514, "LONGITUD": -73.787022, "IMAGEN_1": "C003_IMG_20250903_122830.jpg", "IMAGEN_2": "C003_IMG_20250903_122837.jpg", "IMAGEN_3": "C003_IMG_20250903_122953.jpg", "VISUALIZAR_IMAGEN_1": "https:\/\/drive.google.com\/uc?export=view&id=1r_I1UJ-Gx-5tRfRcSseiOBH0Q_Hepa45", "VISUALIZAR_IMAGEN_2": "https:\/\/drive.google.com\/uc?export=view&id=1pcE0Pw_2zQyNj4K6X8bsh8egV0DwYGKe", "VISUALIZAR_IMAGEN_3": "https:\/\/drive.google.com\/uc?export=view&id=1OE8BRYXc8VKSGHUiiYr4meLmEtO_Sk6s" }, "geometry": { "type": "Point", "coordinates": [ -73.787022, 5.868518, 0.0 ] } },
{ "type": "Feature", "properties": { "FECHA": "4\/09\/2025 00:00:00 (UTC)", "DEPTO": "SANTANDER", "MUNICIPIO": "JESÚS MARÍA", "VEREDA": "SANTA ROSA BUENOS AIRES", "GASODUCTO": "BOYACA - SANTANDER", "TRAMO": "Bolivar", "TP_DUCTO": "Ramal", "DISTRITO": "5", "DIAMETRO": "2\"", "TRM_REG": "GASODUCTO RAMALES BOYACA - SANTANDER", "PK": "011+071", "PK_PAT": "11076", "ID_EVENTO": "350", "TP_EVENTO": "SOCAVACIÓN DE FONDO", "LONG_EVENT": 0.0, "AMENAZA": "Bajo", "ESTADO_EG": " ", "FX2": " ", "OBSERVACIO": "P=0.74m, Proceso de sovacacion de fondo y socavacion  lateral sobre margen izquierdo del cruce subfluvial, sobre el DDV perpendicular al ducto, Medidas L=4m, An=1m, Al=2m, se requieren obras de estabilizacion del terreno ya que la profundidad del ducto esta muy superficial", "PROFUNDIDA": 0.74, "COD_ID": "PROC-3", "ENTREGA": "E35_R1", "LATITUD": 5.9099360000000729, "LONGITUD": -73.782936, "IMAGEN_1": "C003_IMG_20250904_142923.jpg", "IMAGEN_2": "C003_IMG_20250904_142931.jpg", "IMAGEN_3": "C003_IMG_20250904_142958.jpg", "VISUALIZAR_IMAGEN_1": "https:\/\/drive.google.com\/uc?export=view&id=1WvU99gJQdY03ZvJxO7rES8zp72eUxduv", "VISUALIZAR_IMAGEN_2": "https:\/\/drive.google.com\/uc?export=view&id=1dIRoBaI7xGZef4eO2Cn1bzAu7fNnWgxu", "VISUALIZAR_IMAGEN_3": "https:\/\/drive.google.com\/uc?export=view&id=10Orl4gIY0Q3_ASs3z5OhRj1LrPN67QyH" }, "geometry": { "type": "Point", "coordinates": [ -73.782936, 5.909936, 0.0 ] } },
{ "type": "Feature", "properties": { "FECHA": "5\/09\/2025 00:00:00 (UTC)", "DEPTO": "SANTANDER", "MUNICIPIO": "SUCRE", "VEREDA": "CLAVELLINOS", "GASODUCTO": "BOYACA - SANTANDER", "TRAMO": "Bolivar", "TP_DUCTO": "Ramal", "DISTRITO": "5", "DIAMETRO": "2\"", "TRM_REG": "GASODUCTO RAMALES BOYACA - SANTANDER", "PK": "014+090", "PK_PAT": "14089", "ID_EVENTO": "351", "TP_EVENTO": "OTRO", "LONG_EVENT": 0.0, "AMENAZA": "Medio", "ESTADO_EG": " ", "FX2": " ", "OBSERVACIO": "P=1.4m, No se evidencia", "PROFUNDIDA": 1.4, "COD_ID": "PROC-4", "ENTREGA": "E35_R1", "LATITUD": 5.931771, "LONGITUD": -73.787677, "IMAGEN_1": "C003_IMG_20250905_105941.jpg", "IMAGEN_2": "C003_IMG_20250905_105948.jpg", "IMAGEN_3": "C003_IMG_20250905_105958.jpg", "VISUALIZAR_IMAGEN_1": "https:\/\/drive.google.com\/uc?export=view&id=1EjSzDw4OEyG79gAjHuGY6STGSBCMTbmN", "VISUALIZAR_IMAGEN_2": "https:\/\/drive.google.com\/uc?export=view&id=1Ppku7NgALO05ZNqNep_6LC0N7RHj8PTa", "VISUALIZAR_IMAGEN_3": "https:\/\/drive.google.com\/uc?export=view&id=1pkuUXhTE4m8Y8-DQxT6zqFOUgrdPJ3ZR" }, "geometry": { "type": "Point", "coordinates": [ -73.787677, 5.931771, 0.0 ] } },
{ "type": "Feature", "properties": { "FECHA": "5\/09\/2025 00:00:00 (UTC)", "DEPTO": "SANTANDER", "MUNICIPIO": "BOLÍVAR", "VEREDA": "LA PEÑA", "GASODUCTO": "BOYACA - SANTANDER", "TRAMO": "Bolivar", "TP_DUCTO": "Ramal", "DISTRITO": "5", "DIAMETRO": "2\"", "TRM_REG": "GASODUCTO RAMALES BOYACA - SANTANDER", "PK": "015+254", "PK_PAT": "15252", "ID_EVENTO": "352", "TP_EVENTO": "OTRO", "LONG_EVENT": 0.0, "AMENAZA": "Medio", "ESTADO_EG": " ", "FX2": " ", "OBSERVACIO": "P=1.03, corte sobre el terreno para construccion de via. L=40m, An=1m;Al=2.5m.", "PROFUNDIDA": 1.03, "COD_ID": "PROC-5", "ENTREGA": "E35_R1", "LATITUD": 5.9404010000000653, "LONGITUD": -73.783293, "IMAGEN_1": "C003_IMG_20250905_113155.jpg", "IMAGEN_2": "C003_IMG_20250905_113202.jpg", "IMAGEN_3": "C003_IMG_20250905_113209.jpg", "VISUALIZAR_IMAGEN_1": "https:\/\/drive.google.com\/uc?export=view&id=1K6vggy592tAg-YcX6YpxfsJdPTTQwbUv", "VISUALIZAR_IMAGEN_2": "https:\/\/drive.google.com\/uc?export=view&id=1NcBGl7XcBD6Mfdrk8MBuiFqPJ85h0aXG", "VISUALIZAR_IMAGEN_3": "https:\/\/drive.google.com\/uc?export=view&id=1wYpo3iFUG7KEi-CGCVwCFAKPmUSvIWZt" }, "geometry": { "type": "Point", "coordinates": [ -73.783293, 5.940401, 0.0 ] } },
{ "type": "Feature", "properties": { "FECHA": "6\/09\/2025 00:00:00 (UTC)", "DEPTO": "SANTANDER", "MUNICIPIO": "BOLÍVAR", "VEREDA": "SAN ANTONIO", "GASODUCTO": "BOYACA - SANTANDER", "TRAMO": "Bolivar", "TP_DUCTO": "Ramal", "DISTRITO": "5", "DIAMETRO": "2\"", "TRM_REG": "GASODUCTO RAMALES BOYACA - SANTANDER", "PK": "019+059", "PK_PAT": "19055", "ID_EVENTO": "354", "TP_EVENTO": "FLUJOS", "LONG_EVENT": 0.0, "AMENAZA": "Medio", "ESTADO_EG": " ", "FX2": " ", "OBSERVACIO": "P=1.63m, no se evidencia", "PROFUNDIDA": 1.63, "COD_ID": "PROC-6", "ENTREGA": "E35_R1", "LATITUD": 5.969846000000075, "LONGITUD": -73.776434, "IMAGEN_1": "C003_IMG_20250906_103055.jpg", "IMAGEN_2": "C003_IMG_20250906_103107.jpg", "IMAGEN_3": "C003_IMG_20250906_103113.jpg", "VISUALIZAR_IMAGEN_1": "https:\/\/drive.google.com\/uc?export=view&id=1-FJBn2MaTccMDCjxNDfB5lCUMm3rjZ-X", "VISUALIZAR_IMAGEN_2": "https:\/\/drive.google.com\/uc?export=view&id=1MTRHhbU3XdniTTokzjK-TWBkN7eLMTiH", "VISUALIZAR_IMAGEN_3": "https:\/\/drive.google.com\/uc?export=view&id=1QDSD_YsfmsIB4KpmhA_BNYGDL5QMdxkV" }, "geometry": { "type": "Point", "coordinates": [ -73.776434, 5.969846, 0.0 ] } },
{ "type": "Feature", "properties": { "FECHA": "6\/09\/2025 00:00:00 (UTC)", "DEPTO": "SANTANDER", "MUNICIPIO": "BOLÍVAR", "VEREDA": "GUAMAL", "GASODUCTO": "BOYACA - SANTANDER", "TRAMO": "Bolivar", "TP_DUCTO": "Ramal", "DISTRITO": "5", "DIAMETRO": "2\"", "TRM_REG": "GASODUCTO RAMALES BOYACA - SANTANDER", "PK": "020+709", "PK_PAT": "20710", "ID_EVENTO": "356", "TP_EVENTO": "OTRO", "LONG_EVENT": 0.0, "AMENAZA": "Medio", "ESTADO_EG": " ", "FX2": " ", "OBSERVACIO": "P=0.85m, no se evidencia", "PROFUNDIDA": 0.85, "COD_ID": "PROC-7", "ENTREGA": "E35_R1", "LATITUD": 5.981729, "LONGITUD": -73.773653, "IMAGEN_1": "C003_IMG_20250906_090601.jpg", "IMAGEN_2": "C003_IMG_20250906_090610.jpg", "IMAGEN_3": "C003_IMG_20250906_090617.jpg", "VISUALIZAR_IMAGEN_1": "https:\/\/drive.google.com\/uc?export=view&id=1XuuGI40bI1eC-aRFcEdowEGndFLOxpKW", "VISUALIZAR_IMAGEN_2": "https:\/\/drive.google.com\/uc?export=view&id=1Hsyv_K40_57tPIMNgMb3sZ9E60O7jeCW", "VISUALIZAR_IMAGEN_3": "https:\/\/drive.google.com\/uc?export=view&id=1aechni4nclxj-FqziAB6xJMEuQZq4FwJ" }, "geometry": { "type": "Point", "coordinates": [ -73.773653, 5.981729, 0.0 ] } },
{ "type": "Feature", "properties": { "FECHA": "3\/09\/2025 00:00:00 (UTC)", "DEPTO": "SANTANDER", "MUNICIPIO": "JESÚS MARÍA", "VEREDA": "CRISTALES", "GASODUCTO": "BOYACA - SANTANDER", "TRAMO": "Bolivar", "TP_DUCTO": "Ramal", "DISTRITO": "5", "DIAMETRO": "2\"", "TRM_REG": "GASODUCTO RAMALES BOYACA - SANTANDER", "PK": "000+613", "PK_PAT": "620", "ID_EVENTO": "N006", "TP_EVENTO": "DESLIZAMIENTO TRASLACIONAL", "LONG_EVENT": 0.0, "AMENAZA": "( )", "ESTADO_EG": " ", "FX2": " ", "OBSERVACIO": "P=0.78m, Deslizamiento traslacional a 1m del costado izquierdo del eje del ducto L=5m, An=2m, Al=6m, perpendicular al ducto, no existen grietas ni afloramientos de agua.", "PROFUNDIDA": 0.78, "COD_ID": "PROC-8", "ENTREGA": "E35_R1", "LATITUD": 5.8353000000000748, "LONGITUD": -73.80876, "IMAGEN_1": "C003_IMG_20250903_083702.jpg", "IMAGEN_2": "C003_IMG_20250903_083718.jpg", "IMAGEN_3": "C003_IMG_20250903_083726.jpg", "VISUALIZAR_IMAGEN_1": "https:\/\/drive.google.com\/uc?export=view&id=1nU929mi7Xtkx6TuSJ_WDAB3cCy5zjJoI", "VISUALIZAR_IMAGEN_2": "https:\/\/drive.google.com\/uc?export=view&id=1OlTFg-VDekHOsZKprZyMK8DhPJ7oO8j_", "VISUALIZAR_IMAGEN_3": "https:\/\/drive.google.com\/uc?export=view&id=1WYJPdH7635jT_dNnFVJ2UXJSsiXo8rn0" }, "geometry": { "type": "Point", "coordinates": [ -73.80876, 5.8353, 0.0 ] } },
{ "type": "Feature", "properties": { "FECHA": "3\/09\/2025 00:00:00 (UTC)", "DEPTO": "SANTANDER", "MUNICIPIO": "JESÚS MARÍA", "VEREDA": "CRISTALES", "GASODUCTO": "BOYACA - SANTANDER", "TRAMO": "Bolivar", "TP_DUCTO": "Ramal", "DISTRITO": "5", "DIAMETRO": "2\"", "TRM_REG": "GASODUCTO RAMALES BOYACA - SANTANDER", "PK": "003+278", "PK_PAT": "3250", "ID_EVENTO": "N029", "TP_EVENTO": "DESLIZAMIENTO TRASLACIONAL", "LONG_EVENT": 0.0, "AMENAZA": "( )", "ESTADO_EG": " ", "FX2": " ", "OBSERVACIO": "P=1.43m, Evento geotenico subsanado con muro en concreto reforzado", "PROFUNDIDA": 1.43, "COD_ID": "PROC-9", "ENTREGA": "E35_R1", "LATITUD": 5.8539500000000544, "LONGITUD": -73.7984, "IMAGEN_1": "C003_IMG_20250903_103158.jpg", "IMAGEN_2": "C003_IMG_20250903_103209.jpg", "IMAGEN_3": "C003_IMG_20250903_103345.jpg", "VISUALIZAR_IMAGEN_1": "https:\/\/drive.google.com\/uc?export=view&id=1y4OYDPNs7XQ6K7usEyLEZNakVSgdcG41", "VISUALIZAR_IMAGEN_2": "https:\/\/drive.google.com\/uc?export=view&id=1do3CKZGNhUAsqLximyOuM2LkpWTIAHTL", "VISUALIZAR_IMAGEN_3": "https:\/\/drive.google.com\/uc?export=view&id=19mFgoWHENcaauwdAIx7Hj3_59S6aL41Z" }, "geometry": { "type": "Point", "coordinates": [ -73.7984, 5.85395, 0.0 ] } },
{ "type": "Feature", "properties": { "FECHA": "3\/09\/2025 00:00:00 (UTC)", "DEPTO": "SANTANDER", "MUNICIPIO": "JESÚS MARÍA", "VEREDA": "CRISTALES", "GASODUCTO": "BOYACA - SANTANDER", "TRAMO": "Bolivar", "TP_DUCTO": "Ramal", "DISTRITO": "5", "DIAMETRO": "2\"", "TRM_REG": "GASODUCTO RAMALES BOYACA - SANTANDER", "PK": "005+108", "PK_PAT": "5125", "ID_EVENTO": "N042", "TP_EVENTO": "PROPAGACION LATERAL", "LONG_EVENT": 0.0, "AMENAZA": "( )", "ESTADO_EG": " ", "FX2": " ", "OBSERVACIO": "P=0.67m, Deslizamiento traslacional a 1m del costado izquierdo del eje del ducto L=2m, An=2m, Al=3m, perpendicular al ducto, no existen grietas ni afloramientos de agua., reubicado", "PROFUNDIDA": 0.67, "COD_ID": "PROC-10", "ENTREGA": "E35_R1", "LATITUD": 5.8636320080000246, "LONGITUD": -73.787917134999987, "IMAGEN_1": "C003_IMG_20250903_120719.jpg", "IMAGEN_2": "C003_IMG_20250903_120730.jpg", "IMAGEN_3": "C003_IMG_20250903_120750.jpg", "VISUALIZAR_IMAGEN_1": "https:\/\/drive.google.com\/uc?export=view&id=1eVhYTV8GbLKr8jFLIg9AUbO0_TcAIafH", "VISUALIZAR_IMAGEN_2": "https:\/\/drive.google.com\/uc?export=view&id=1mE3nyNI_xODXd4SHrAjBSmfE5jQltrE3", "VISUALIZAR_IMAGEN_3": "https:\/\/drive.google.com\/uc?export=view&id=1aHonIs6jSmJqfrzwLHTZsB7wg7ppP4rb" }, "geometry": { "type": "Point", "coordinates": [ -73.787917134999987, 5.863632008000025, 0.0 ] } },
{ "type": "Feature", "properties": { "FECHA": "4\/09\/2025 00:00:00 (UTC)", "DEPTO": "SANTANDER", "MUNICIPIO": "JESÚS MARÍA", "VEREDA": "SANTA ROSA BUENOS AIRES", "GASODUCTO": "BOYACA - SANTANDER", "TRAMO": "Bolivar", "TP_DUCTO": "Ramal", "DISTRITO": "5", "DIAMETRO": "2\"", "TRM_REG": "GASODUCTO RAMALES BOYACA - SANTANDER", "PK": "009+550", "PK_PAT": "9530", "ID_EVENTO": "N064", "TP_EVENTO": "SOCAVACIÓN DE FONDO", "LONG_EVENT": 0.0, "AMENAZA": "( )", "ESTADO_EG": " ", "FX2": " ", "OBSERVACIO": "P=0.78m, proceso de erosion laminar con socavacion de fondo y socavacion lateral, evento perpendicular al ducto y sobre el DDV, La socavacion tiene las siguientes medidas L=1m, An=0.5m, Al=0.3m", "PROFUNDIDA": 0.78, "COD_ID": "PROC-11", "ENTREGA": "E35_R1", "LATITUD": 5.8989317660000324, "LONGITUD": -73.784228086999974, "IMAGEN_1": "C003_IMG_20250904_131512.jpg", "IMAGEN_2": "C003_IMG_20250904_131547.jpg", "IMAGEN_3": "C003_IMG_20250904_131602.jpg", "VISUALIZAR_IMAGEN_1": "https:\/\/drive.google.com\/uc?export=view&id=1NWUMu1r05kOtSoobrwkADnZ_mL8dvMt2", "VISUALIZAR_IMAGEN_2": "https:\/\/drive.google.com\/uc?export=view&id=1WNBjcPldFED0YE4rgXKlXGzgU7xMduGD", "VISUALIZAR_IMAGEN_3": "https:\/\/drive.google.com\/uc?export=view&id=1PmiiYunDS919-jGQj1qzz_WiMzZ9RnWA" }, "geometry": { "type": "Point", "coordinates": [ -73.784228086999974, 5.898931766000032, 0.0 ] } },
{ "type": "Feature", "properties": { "FECHA": "28\/08\/2025 00:00:00 (UTC)", "DEPTO": "(BOYACÁ)", "MUNICIPIO": "SABOYÁ", "VEREDA": "ESCOBAL", "GASODUCTO": "CENTRO - ORIENTE", "TRAMO": "Puente Guillermo - Sucre Oriental", "TP_DUCTO": "Troncal", "DISTRITO": "3", "DIAMETRO": "20\"", "TRM_REG": "LA BELLEZA - COGUA", "PK": "014+798", "PK_PAT": "14795", "ID_EVENTO": "", "TP_EVENTO": "OTRO", "LONG_EVENT": 0.0, "AMENAZA": "Bajo", "ESTADO_EG": " ", "FX2": " ", "OBSERVACIO": "Excavacion sobre el DDV 30mx10m, Jaguey a 2m del eje del tubo, perpendicular al ducto, al costado izquierdo del ducto", "PROFUNDIDA": 0.0, "COD_ID": "P_MEN", "ENTREGA": "E36_R1", "LATITUD": 5.720065, "LONGITUD": -73.742605, "IMAGEN_1": "C003_IMG_20250828_082530.jpg", "IMAGEN_2": "C003_IMG_20250828_082551.jpg", "IMAGEN_3": "C003_IMG_20250828_082607.jpg", "VISUALIZAR_IMAGEN_1": "https:\/\/drive.google.com\/uc?export=view&id=1SX8ol7eaquF3BIhyKpKiwY9ReOfHNN_T", "VISUALIZAR_IMAGEN_2": "https:\/\/drive.google.com\/uc?export=view&id=1qDXima3Y-bf7DPVwfmwTRcEuMltbuwVN", "VISUALIZAR_IMAGEN_3": "https:\/\/drive.google.com\/uc?export=view&id=1NmAtPD4FqdkxCDLXBi69dpJ7gvVUTCEM" }, "geometry": { "type": "Point", "coordinates": [ -73.742605, 5.720065, 0.0 ] } },
{ "type": "Feature", "properties": { "FECHA": "28\/08\/2025 00:00:00 (UTC)", "DEPTO": "(BOYACÁ)", "MUNICIPIO": "SABOYÁ", "VEREDA": "ESCOBAL", "GASODUCTO": "CENTRO - ORIENTE", "TRAMO": "Puente Guillermo - Sucre Oriental", "TP_DUCTO": "Troncal", "DISTRITO": "3", "DIAMETRO": "20\"", "TRM_REG": "LA BELLEZA - COGUA", "PK": "014+765", "PK_PAT": "14759", "ID_EVENTO": "", "TP_EVENTO": "OTRO", "LONG_EVENT": 0.0, "AMENAZA": "( )", "ESTADO_EG": " ", "FX2": "20210908_INF INSP TEC_C03_COR_PTE GUI-SUCREO_PK014+759_VA", "OBSERVACIO": "Caida de arbol sobre el DDV", "PROFUNDIDA": 0.0, "COD_ID": "P_MEN", "ENTREGA": "E36_R1", "LATITUD": 5.72027, "LONGITUD": -73.742822, "IMAGEN_1": "C003_IMG_20250828_082258.jpg", "IMAGEN_2": "C003_IMG_20250828_082307.jpg", "IMAGEN_3": "C003_IMG_20250828_082312.jpg", "VISUALIZAR_IMAGEN_1": "https:\/\/drive.google.com\/uc?export=view&id=136-jD95G_CxHdnycRDYkl-LE9klNlYDi", "VISUALIZAR_IMAGEN_2": "https:\/\/drive.google.com\/uc?export=view&id=1Y1AD9LFT1nIR1AauYcRhA8iMDBP_a9pC", "VISUALIZAR_IMAGEN_3": "https:\/\/drive.google.com\/uc?export=view&id=13wcTxls0JgDIjoGH9ZvAi6Ji8fbOloDu" }, "geometry": { "type": "Point", "coordinates": [ -73.742822, 5.72027, 0.0 ] } },
{ "type": "Feature", "properties": { "FECHA": "1\/09\/2025 00:00:00 (UTC)", "DEPTO": "(BOYACÁ)", "MUNICIPIO": "SABOYÁ", "VEREDA": "LAJITA", "GASODUCTO": "CENTRO - ORIENTE", "TRAMO": "Puente Guillermo - Sucre Oriental", "TP_DUCTO": "Troncal", "DISTRITO": "3", "DIAMETRO": "20\"", "TRM_REG": "LA BELLEZA - COGUA", "PK": "009+044", "PK_PAT": "9054", "ID_EVENTO": "", "TP_EVENTO": "OTRO", "LONG_EVENT": 0.0, "AMENAZA": "( )", "ESTADO_EG": " ", "FX2": " ", "OBSERVACIO": "Tuberia descubierta", "PROFUNDIDA": 0.0, "COD_ID": "P_MEN", "ENTREGA": "E36_R1", "LATITUD": 5.766103, "LONGITUD": -73.739951, "IMAGEN_1": "C003_IMG_20250901_114413.jpg", "IMAGEN_2": "C003_IMG_20250901_114419.jpg", "IMAGEN_3": "C003_IMG_20250901_114428.jpg", "VISUALIZAR_IMAGEN_1": "https:\/\/drive.google.com\/uc?export=view&id=11E7x-tcIXv6eY7maxu6tiOXPUC3vk0X8", "VISUALIZAR_IMAGEN_2": "https:\/\/drive.google.com\/uc?export=view&id=1i3I2kQYTt-LldziL86diJ6qY8CDOlaZp", "VISUALIZAR_IMAGEN_3": "https:\/\/drive.google.com\/uc?export=view&id=118jmckwCXZK_VdGbAd8PDl_gVdkqfelY" }, "geometry": { "type": "Point", "coordinates": [ -73.739951, 5.766103, 0.0 ] } },
{ "type": "Feature", "properties": { "FECHA": "2\/09\/2025 00:00:00 (UTC)", "DEPTO": "(SANTANDER)", "MUNICIPIO": "PUENTE NACIONAL", "VEREDA": "MONTES", "GASODUCTO": "CENTRO - ORIENTE", "TRAMO": "Puente Guillermo - Sucre Oriental", "TP_DUCTO": "Troncal", "DISTRITO": "3", "DIAMETRO": "20\"", "TRM_REG": "LA BELLEZA - COGUA", "PK": "000+471", "PK_PAT": "490", "ID_EVENTO": "", "TP_EVENTO": "CARCAVAS", "LONG_EVENT": 0.0, "AMENAZA": "( )", "ESTADO_EG": " ", "FX2": " ", "OBSERVACIO": "P=1.58m, no se evidencia", "PROFUNDIDA": 0.0, "COD_ID": "P_MEN", "ENTREGA": "E36_R1", "LATITUD": 5.8124283, "LONGITUD": -73.6937633, "IMAGEN_1": "C003_IMG_20250902_130909.jpg", "IMAGEN_2": "C003_IMG_20250902_130920.jpg", "IMAGEN_3": "C003_IMG_20250902_130934.jpg", "VISUALIZAR_IMAGEN_1": "https:\/\/drive.google.com\/uc?export=view&id=14pHu4mPsNP-aSgwddoJlaCtJL-mNjsBI", "VISUALIZAR_IMAGEN_2": "https:\/\/drive.google.com\/uc?export=view&id=1XLV3DBbiLkSKdUeDW5NUJWlQ37aDixKe", "VISUALIZAR_IMAGEN_3": "https:\/\/drive.google.com\/uc?export=view&id=1IwaUzayytQVnv-YynT4Hp06YB5jTicFZ" }, "geometry": { "type": "Point", "coordinates": [ -73.693763299999944, 5.812428300000022, 0.0 ] } },
{ "type": "Feature", "properties": { "FECHA": "2\/09\/2025 00:00:00 (UTC)", "DEPTO": "(SANTANDER)", "MUNICIPIO": "PUENTE NACIONAL", "VEREDA": "ALTO SAN DIMAS", "GASODUCTO": "CENTRO - ORIENTE", "TRAMO": "Puente Guillermo - Sucre Oriental", "TP_DUCTO": "Troncal", "DISTRITO": "3", "DIAMETRO": "20\"", "TRM_REG": "LA BELLEZA - COGUA", "PK": "005+684", "PK_PAT": " ", "ID_EVENTO": "", "TP_EVENTO": "OTRO", "LONG_EVENT": 0.0, "AMENAZA": "( )", "ESTADO_EG": " ", "FX2": " ", "OBSERVACIO": "Obra geotecnica reciente, p=2.51m, canales y cortacorrientes sobre el DDV", "PROFUNDIDA": 0.0, "COD_ID": "P_MEN", "ENTREGA": "E36_R1", "LATITUD": 5.7843577100000516, "LONGITUD": -73.719240795999951, "IMAGEN_1": "C003_IMG_20250902_085649.jpg", "IMAGEN_2": "C003_IMG_20250902_085659.jpg", "IMAGEN_3": "C003_IMG_20250902_085708.jpg", "VISUALIZAR_IMAGEN_1": "https:\/\/drive.google.com\/uc?export=view&id=10k9aSZ6QvGdjszWVagHJWJsH1HAChJZI", "VISUALIZAR_IMAGEN_2": "https:\/\/drive.google.com\/uc?export=view&id=1ysUlA-SSaRbCQn4M3CnazH7AqU2bpLcg", "VISUALIZAR_IMAGEN_3": "https:\/\/drive.google.com\/uc?export=view&id=1pXatVxovfz6D39eczuV6gKDUdqYt5V6d" }, "geometry": { "type": "Point", "coordinates": [ -73.719240795999951, 5.784357710000052, 2427.232600000003004 ] } },
{ "type": "Feature", "properties": { "FECHA": "23\/10\/2025 00:00:00 (UTC)", "DEPTO": "(BOYACÁ)", "MUNICIPIO": "PUERTO BOYACÁ", "VEREDA": "LAS PAVAS", "GASODUCTO": "CENTRO - ORIENTE", "TRAMO": "La Belleza - Vasconia", "TP_DUCTO": "Loop", "DISTRITO": "1", "DIAMETRO": "16\"", "TRM_REG": "LA BELLEZA - VASCONIA", "PK": "058+985", "PK_PAT": "58940", "ID_EVENTO": null, "TP_EVENTO": "EROSIÓN LAMINAR", "LONG_EVENT": 5.0, "AMENAZA": "( )", "ESTADO_EG": " ", "FX2": " ", "OBSERVACIO": "Se evidencia erosión sobre el terreno presuntamente causado por empozamiento de agua lluvia, evento paralelo al ducto. L=5m, An=4m, Al=0.5m", "PROFUNDIDA": 1.99, "COD_ID": "PROC-1", "ENTREGA": "E48_R1", "LATITUD": 5.8514000000000692, "LONGITUD": -74.339698, "IMAGEN_1": "C003_IMG_20251023_083640.jpg", "IMAGEN_2": "C003_IMG_20251023_083651.jpg", "IMAGEN_3": "C003_IMG_20251023_083701.jpg", "VISUALIZAR_IMAGEN_1": "https:\/\/drive.google.com\/uc?export=view&id=1nPAESSpmY_cb5sx_cCStk8gg6PS85N4a", "VISUALIZAR_IMAGEN_2": "https:\/\/drive.google.com\/uc?export=view&id=1QI3JlSMELMb3MMRcw9DbYiEOrpaJfk0r", "VISUALIZAR_IMAGEN_3": "https:\/\/drive.google.com\/uc?export=view&id=1W1TtUzhes8t2nwmSFrq_0m5V6TJqKqpX" }, "geometry": { "type": "Point", "coordinates": [ -74.339698, 5.8514, 0.0 ] } },
{ "type": "Feature", "properties": { "FECHA": "28\/10\/2025 00:00:00 (UTC)", "DEPTO": "(BOYACÁ)", "MUNICIPIO": "PUERTO BOYACÁ", "VEREDA": "VELASQUEZ", "GASODUCTO": "CENTRO - ORIENTE", "TRAMO": "La Belleza - Vasconia", "TP_DUCTO": "Loop", "DISTRITO": "1", "DIAMETRO": "16\"", "TRM_REG": "LA BELLEZA - VASCONIA", "PK": "076+990", "PK_PAT": "76990", "ID_EVENTO": null, "TP_EVENTO": "SURCOS", "LONG_EVENT": 10.0, "AMENAZA": "( )", "ESTADO_EG": " ", "FX2": " ", "OBSERVACIO": "Surcos sobre el DDV, producidos por erosion debido al agua lluvia y al tipo de suelo, evento perpendicular al ducto L=10m, An=10m, Al=4m", "PROFUNDIDA": 1.44, "COD_ID": "PROC-2", "ENTREGA": "E48_R1", "LATITUD": 5.9573598000001002, "LONGITUD": -74.4543748, "IMAGEN_1": "C003_IMG_20251028_073244.jpg", "IMAGEN_2": "C003_IMG_20251028_073255.jpg", "IMAGEN_3": "C003_IMG_20251028_073312.jpg", "VISUALIZAR_IMAGEN_1": "https:\/\/drive.google.com\/uc?export=view&id=1WJXsX8ywMkPkWywEp5NIwsfwCfvu2eaW", "VISUALIZAR_IMAGEN_2": "https:\/\/drive.google.com\/uc?export=view&id=1rU2v19VsK_zcAREjbnEZooldU3H0jscy", "VISUALIZAR_IMAGEN_3": "https:\/\/drive.google.com\/uc?export=view&id=1OYJk1EBKXxw8P7Vgp_RVMGJ0MUg_Ai0Q" }, "geometry": { "type": "Point", "coordinates": [ -74.454374799999982, 5.957359800000063, 0.0 ] } },
{ "type": "Feature", "properties": { "FECHA": "30\/10\/2025 00:00:00 (UTC)", "DEPTO": "(BOYACÁ)", "MUNICIPIO": "PUERTO BOYACÁ", "VEREDA": "CALDERON", "GASODUCTO": "CENTRO - ORIENTE", "TRAMO": "La Belleza - Vasconia", "TP_DUCTO": "Loop", "DISTRITO": "1", "DIAMETRO": "16\"", "TRM_REG": "LA BELLEZA - VASCONIA", "PK": "082+632", "PK_PAT": "82630", "ID_EVENTO": null, "TP_EVENTO": "SURCOS", "LONG_EVENT": 10.0, "AMENAZA": "( )", "ESTADO_EG": " ", "FX2": " ", "OBSERVACIO": "Surcos sobre el eje del ducto, producidos por erosion debido al agua lluvia y al terreno el cual es facilmente erosionable debido a su composicion alta en arenas y baja en arcillas, Evento perpendicular al ducto, L=10m, An=10m, Al=2m", "PROFUNDIDA": 1.69, "COD_ID": "PROC-3", "ENTREGA": "E48_R1", "LATITUD": 5.9916650000000686, "LONGITUD": -74.490202, "IMAGEN_1": "C003_IMG_20251030_094606.jpg", "IMAGEN_2": "C003_IMG_20251030_094615.jpg", "IMAGEN_3": "C003_IMG_20251030_094624.jpg", "VISUALIZAR_IMAGEN_1": "https:\/\/drive.google.com\/uc?export=view&id=1nPaWr7kKpOLuMkL9utT2ul1xM7UAiK2N", "VISUALIZAR_IMAGEN_2": "https:\/\/drive.google.com\/uc?export=view&id=18dEy1lQaSJ5pGfefzMAVh_ol5hR5j5oV", "VISUALIZAR_IMAGEN_3": "https:\/\/drive.google.com\/uc?export=view&id=1Bn3BR72PXVWUyET0SuuJSeW-Cof8r6Io" }, "geometry": { "type": "Point", "coordinates": [ -74.490202, 5.991665, 0.0 ] } },
{ "type": "Feature", "properties": { "FECHA": "2\/11\/2025 00:00:00 (UTC)", "DEPTO": "(BOYACÁ)", "MUNICIPIO": "PUERTO BOYACÁ", "VEREDA": "CALDERON", "GASODUCTO": "CENTRO - ORIENTE", "TRAMO": "La Belleza - Vasconia", "TP_DUCTO": "Loop", "DISTRITO": "1", "DIAMETRO": "16\"", "TRM_REG": "LA BELLEZA - VASCONIA", "PK": "088+209", "PK_PAT": "88490", "ID_EVENTO": null, "TP_EVENTO": "OTRO", "LONG_EVENT": 0.0, "AMENAZA": "( )", "ESTADO_EG": " ", "FX2": " ", "OBSERVACIO": "No se evidencia", "PROFUNDIDA": 1.47, "COD_ID": "PROC-4", "ENTREGA": "E48_R1", "LATITUD": 6.026815000000056, "LONGITUD": -74.524567, "IMAGEN_1": "C003_IMG_20251102_081306.jpg", "IMAGEN_2": "C003_IMG_20251102_081317.jpg", "IMAGEN_3": "C003_IMG_20251102_081324.jpg", "VISUALIZAR_IMAGEN_1": "https:\/\/drive.google.com\/uc?export=view&id=1giRutN7D1QhlGCS87lDu5rh-6rOLvCbu", "VISUALIZAR_IMAGEN_2": "https:\/\/drive.google.com\/uc?export=view&id=1cu7MxZAqH0iroTaHMhc5qpu7bvZh7SWm", "VISUALIZAR_IMAGEN_3": "https:\/\/drive.google.com\/uc?export=view&id=1TvPvij-mR8Mg3xdHwd2kC16Ezabl3FXA" }, "geometry": { "type": "Point", "coordinates": [ -74.524567, 6.026815, 0.0 ] } },
{ "type": "Feature", "properties": { "FECHA": "2\/11\/2025 00:00:00 (UTC)", "DEPTO": "(BOYACÁ)", "MUNICIPIO": "PUERTO BOYACÁ", "VEREDA": "CALDERON", "GASODUCTO": "CENTRO - ORIENTE", "TRAMO": "La Belleza - Vasconia", "TP_DUCTO": "Loop", "DISTRITO": "1", "DIAMETRO": "16\"", "TRM_REG": "LA BELLEZA - VASCONIA", "PK": "088+576", "PK_PAT": "88570", "ID_EVENTO": null, "TP_EVENTO": "OTRO", "LONG_EVENT": 10.0, "AMENAZA": "( )", "ESTADO_EG": " ", "FX2": " ", "OBSERVACIO": "Zona erosionada por accion del agua lluvia y el viento, terreno facilmente erosionable debido a su composicion arenosa, evento paralelo al ducto L=10m, An=2m, Al=3m", "PROFUNDIDA": 1.29, "COD_ID": "PROC-5", "ENTREGA": "E48_R1", "LATITUD": 6.0292020000000548, "LONGITUD": -74.52677, "IMAGEN_1": "C003_IMG_20251102_073832.jpg", "IMAGEN_2": "C003_IMG_20251102_073918.jpg", "IMAGEN_3": "C003_IMG_20251102_073924.jpg", "VISUALIZAR_IMAGEN_1": "https:\/\/drive.google.com\/uc?export=view&id=1enUNxLysIpWyoPbBlnTg3cjPHO1M23T_", "VISUALIZAR_IMAGEN_2": "https:\/\/drive.google.com\/uc?export=view&id=1JHChm1PhYNGW8LaYu7how_2UyPUl6Ith", "VISUALIZAR_IMAGEN_3": "https:\/\/drive.google.com\/uc?export=view&id=1l2-ne0Ns5gSiEZ5AfGDJzI7WW_W-3mwK" }, "geometry": { "type": "Point", "coordinates": [ -74.52677, 6.029202, 0.0 ] } },
{ "type": "Feature", "properties": { "FECHA": "4\/11\/2025 00:00:00 (UTC)", "DEPTO": "(BOYACÁ)", "MUNICIPIO": "PUERTO BOYACÁ", "VEREDA": "CALDERON", "GASODUCTO": "CENTRO - ORIENTE", "TRAMO": "La Belleza - Vasconia", "TP_DUCTO": "Loop", "DISTRITO": "1", "DIAMETRO": "16\"", "TRM_REG": "LA BELLEZA - VASCONIA", "PK": "090+070", "PK_PAT": "90074", "ID_EVENTO": null, "TP_EVENTO": "EROSIÓN LAMINAR", "LONG_EVENT": 10.0, "AMENAZA": "( )", "ESTADO_EG": " ", "FX2": " ", "OBSERVACIO": "Zona con indicios de erosion y perdida de covertura vegetal debido al agua lluvia, el viento y la composocion del suelo la cual es alta en concentracion de arenas y gravas, evento perpendicular al ducto L=10m, An=2m, Al=2m", "PROFUNDIDA": 1.04, "COD_ID": "PROC-6", "ENTREGA": "E48_R1", "LATITUD": 6.0355004, "LONGITUD": -74.5378013, "IMAGEN_1": "C003_IMG_20251104_071726.jpg", "IMAGEN_2": "C003_IMG_20251104_071734.jpg", "IMAGEN_3": "C003_IMG_20251104_071748.jpg", "VISUALIZAR_IMAGEN_1": "https:\/\/drive.google.com\/uc?export=view&id=1MpfZexdu93784YB1oKK7YaXiJr11r-9C", "VISUALIZAR_IMAGEN_2": "https:\/\/drive.google.com\/uc?export=view&id=11wC_hVjO3R3q_zh4o-IfT-XjiFSej1uz", "VISUALIZAR_IMAGEN_3": "https:\/\/drive.google.com\/uc?export=view&id=1gtMTttYeSUtZdP5mmeb5umGDMvykKkHP" }, "geometry": { "type": "Point", "coordinates": [ -74.537801299999956, 6.035500400000046, 0.0 ] } },
{ "type": "Feature", "properties": { "FECHA": "29\/08\/2025 00:00:00 (UTC)", "DEPTO": "(CESAR)", "MUNICIPIO": "CURUMANÍ", "VEREDA": "UNIÓN ANIMITO", "GASODUCTO": "BALLENA - BARRANCABERMEJA", "TRAMO": "Curumani", "TP_DUCTO": "Ramal", "DISTRITO": "6", "DIAMETRO": "2\"", "TRM_REG": "BALLENA - BARRANCABERMEJA", "PK": "006+443", "PK_PAT": "6445", "ID_EVENTO": "", "TP_EVENTO": "SOCAVACIÓN DE FONDO", "LONG_EVENT": 0.0, "AMENAZA": "( )", "ESTADO_EG": " ", "FX2": " ", "OBSERVACIO": "Se cambia respecto a linea base de tipo de evento socavación lateral a socavación de fondo. Se presenta socavación de fondo a 10 metros a la derecha de la tubería", "PROFUNDIDA": 0.0, "COD_ID": "PROC-1", "ENTREGA": "E38_R1", "LATITUD": 9.1939, "LONGITUD": -73.5767, "IMAGEN_1": "C004_IMG_20250829_084056.jpg", "IMAGEN_2": "C004_IMG_20250829_084217.jpg", "IMAGEN_3": "C004_IMG_20250829_084234.jpg", "VISUALIZAR_IMAGEN_1": "https:\/\/drive.google.com\/uc?export=view&id=17k4WV6xSjZ4ZEUbz7g0K1b930iC_AqoA", "VISUALIZAR_IMAGEN_2": "https:\/\/drive.google.com\/uc?export=view&id=1JUQNJLU4FKqwepbJY0QZN5iXYEIgSxEd", "VISUALIZAR_IMAGEN_3": "https:\/\/drive.google.com\/uc?export=view&id=1iVVTWG1uQWD7vxYn5lKnNsaj6GMHx35e" }, "geometry": { "type": "Point", "coordinates": [ -73.5767, 9.1939, 0.0 ] } },
{ "type": "Feature", "properties": { "FECHA": "27\/08\/2025 00:00:00 (UTC)", "DEPTO": "(CESAR)", "MUNICIPIO": "CURUMANÍ", "VEREDA": "SIMITÍ", "GASODUCTO": "BALLENA - BARRANCABERMEJA", "TRAMO": "Casacara - Curumani", "TP_DUCTO": "Troncal", "DISTRITO": "6", "DIAMETRO": "18\"", "TRM_REG": "BALLENA - BARRANCABERMEJA", "PK": "305+101", "PK_PAT": "305+100", "ID_EVENTO": "N614", "TP_EVENTO": "SOCAVACIÓN DE FONDO", "LONG_EVENT": 0.0, "AMENAZA": "( )", "ESTADO_EG": " ", "FX2": " ", "OBSERVACIO": "No se evidencia socavacion de fondo", "PROFUNDIDA": 0.0, "COD_ID": "PROC-2", "ENTREGA": "E38_R1", "LATITUD": 9.30256, "LONGITUD": -73.5293, "IMAGEN_1": "C004_IMG_20250827_095454.jpg", "IMAGEN_2": "C004_IMG_20250827_095500.jpg", "IMAGEN_3": "C004_IMG_20250827_095506.jpg", "VISUALIZAR_IMAGEN_1": "https:\/\/drive.google.com\/uc?export=view&id=1E0RSOmE6P1GncGhgbrqLchvjRCeDCwkZ", "VISUALIZAR_IMAGEN_2": "https:\/\/drive.google.com\/uc?export=view&id=1q-fVOJPwgZ5B7tatxZCrY4JtOEIUG_OF", "VISUALIZAR_IMAGEN_3": "https:\/\/drive.google.com\/uc?export=view&id=1B_CZRRAtgGj512Z8c7O_XqtDfpl6amFO" }, "geometry": { "type": "Point", "coordinates": [ -73.5293, 9.30256, 0.0 ] } },
{ "type": "Feature", "properties": { "FECHA": "27\/08\/2025 00:00:00 (UTC)", "DEPTO": "(CESAR)", "MUNICIPIO": "CURUMANÍ", "VEREDA": "SAN ROQUE", "GASODUCTO": "BALLENA - BARRANCABERMEJA", "TRAMO": "San Roque", "TP_DUCTO": "Ramal", "DISTRITO": "6", "DIAMETRO": "2\"", "TRM_REG": "BALLENA - BARRANCABERMEJA", "PK": "001+020", "PK_PAT": "1+020", "ID_EVENTO": "N615", "TP_EVENTO": "OTRO", "LONG_EVENT": 0.0, "AMENAZA": "( )", "ESTADO_EG": " ", "FX2": " ", "OBSERVACIO": "Cuneta erosionada", "PROFUNDIDA": 0.0, "COD_ID": "PROC-3", "ENTREGA": "E38_R1", "LATITUD": 9.294833, "LONGITUD": -73.523401, "IMAGEN_1": "C004_IMG_20250827_111424.jpg", "IMAGEN_2": "C004_IMG_20250827_111429.jpg", "IMAGEN_3": "C004_IMG_20250827_111433.jpg", "VISUALIZAR_IMAGEN_1": "https:\/\/drive.google.com\/uc?export=view&id=1CwzDDcD9Q3pE2OOD_nnSuy7BRwypR2fq", "VISUALIZAR_IMAGEN_2": "https:\/\/drive.google.com\/uc?export=view&id=1tKUWmP-ub6jmJkaVN0t2AUQ_3VoyH5Vv", "VISUALIZAR_IMAGEN_3": "https:\/\/drive.google.com\/uc?export=view&id=1a7iUn6CbO-rLzOoLaDG95LcSu3IZHAIg" }, "geometry": { "type": "Point", "coordinates": [ -73.523401, 9.294833, 0.0 ] } },
{ "type": "Feature", "properties": { "FECHA": "8\/09\/2025 00:00:00 (UTC)", "DEPTO": "(CESAR)", "MUNICIPIO": "CHIRIGUANÁ", "VEREDA": "SIN INFORMACION", "GASODUCTO": "BALLENA - BARRANCABERMEJA", "TRAMO": "Casacara - Curumani", "TP_DUCTO": "Troncal", "DISTRITO": "6", "DIAMETRO": "18\"", "TRM_REG": "BALLENA - BARRANCABERMEJA", "PK": "292+053", "PK_PAT": "", "ID_EVENTO": "", "TP_EVENTO": "SOCAVACIÓN LATERAL", "LONG_EVENT": 0.0, "AMENAZA": "( )", "ESTADO_EG": " ", "FX2": " ", "OBSERVACIO": "No se evidencia socavación, las márgenes tienen abundante vegetación", "PROFUNDIDA": 0.0, "COD_ID": "PROC-4", "ENTREGA": "E38_R1", "LATITUD": 9.409121, "LONGITUD": -73.48979, "IMAGEN_1": "C002_IMG_20250908_095109.jpg", "IMAGEN_2": "C002_IMG_20250908_095116.jpg", "IMAGEN_3": "C002_IMG_20250908_095121.jpg", "VISUALIZAR_IMAGEN_1": "https:\/\/drive.google.com\/uc?export=view&id=1Aro3AAsqjQ4S_A_GTuiGKBgxBy8LfFB2", "VISUALIZAR_IMAGEN_2": "https:\/\/drive.google.com\/uc?export=view&id=154pIqsXk4ElHnpWwHAZpSgLn-SsqSA3C", "VISUALIZAR_IMAGEN_3": "https:\/\/drive.google.com\/uc?export=view&id=16U8kRaxSXe7Jf-Y1TWR465ehu-C2Uu2Z" }, "geometry": { "type": "Point", "coordinates": [ -73.48979, 9.409121, 0.0 ] } },
{ "type": "Feature", "properties": { "FECHA": "27\/08\/2025 00:00:00 (UTC)", "DEPTO": "(CESAR)", "MUNICIPIO": "AGUSTÍN CODAZZI", "VEREDA": "LOS MANANTIALES", "GASODUCTO": "BALLENA - BARRANCABERMEJA", "TRAMO": "Casacara - Curumani", "TP_DUCTO": "Troncal", "DISTRITO": "6", "DIAMETRO": "18\"", "TRM_REG": "BALLENA - BARRANCABERMEJA", "PK": "245+756", "PK_PAT": null, "ID_EVENTO": null, "TP_EVENTO": "SOCAVACIÓN LATERAL", "LONG_EVENT": null, "AMENAZA": "( )", "ESTADO_EG": " ", "FX2": " ", "OBSERVACIO": "No se evidencia evento, margenes estables", "PROFUNDIDA": null, "COD_ID": "P_MEN", "ENTREGA": "E39_R1", "LATITUD": 9.782916000000057, "LONGITUD": -73.36226, "IMAGEN_1": "C002_IMG_20250827_102656.jpg", "IMAGEN_2": "C002_IMG_20250827_102701.jpg", "IMAGEN_3": "C002_IMG_20250827_102708.jpg", "VISUALIZAR_IMAGEN_1": "https:\/\/drive.google.com\/uc?export=view&id=1oUB7yHKxAYI9Ed70ApoqD2tbVv-yJoih", "VISUALIZAR_IMAGEN_2": "https:\/\/drive.google.com\/uc?export=view&id=1KRXTHZkRMaA6iDQzzyMzzXUqed0yhB4M", "VISUALIZAR_IMAGEN_3": "https:\/\/drive.google.com\/uc?export=view&id=1jZJdNhEwLiVe2yFNsah8xIKucv8vJXab" }, "geometry": { "type": "Point", "coordinates": [ -73.36226, 9.782916, 0.0 ] } },
{ "type": "Feature", "properties": { "FECHA": "27\/08\/2025 00:00:00 (UTC)", "DEPTO": "(CESAR)", "MUNICIPIO": "BECERRIL", "VEREDA": "EL HATILLO", "GASODUCTO": "BALLENA - BARRANCABERMEJA", "TRAMO": "Becerril", "TP_DUCTO": "Ramal", "DISTRITO": "6", "DIAMETRO": "2\"", "TRM_REG": "BALLENA - BARRANCABERMEJA", "PK": "002+546", "PK_PAT": null, "ID_EVENTO": null, "TP_EVENTO": "SURCOS", "LONG_EVENT": null, "AMENAZA": "( )", "ESTADO_EG": " ", "FX2": " ", "OBSERVACIO": "Prof tuberia 2,69, suco", "PROFUNDIDA": null, "COD_ID": "P_MEN", "ENTREGA": "E39_R1", "LATITUD": 9.7673100000000659, "LONGITUD": -73.344152, "IMAGEN_1": "C002_IMG_20250827_083846.jpg", "IMAGEN_2": "C002_IMG_20250827_083858.jpg", "IMAGEN_3": "C002_IMG_20250827_083905.jpg", "VISUALIZAR_IMAGEN_1": "https:\/\/drive.google.com\/uc?export=view&id=1N4j_6BiOCb3t_JJR5qsNO-95drSzRVva", "VISUALIZAR_IMAGEN_2": "https:\/\/drive.google.com\/uc?export=view&id=1U4NzlRheO3CRoLLZD_H021uJhgO5b7bJ", "VISUALIZAR_IMAGEN_3": "https:\/\/drive.google.com\/uc?export=view&id=1Vsryh2lm-sbjx_EkYFR1RnC3-u0lecFi" }, "geometry": { "type": "Point", "coordinates": [ -73.344152, 9.76731, 0.0 ] } },
{ "type": "Feature", "properties": { "FECHA": "30\/08\/2025 00:00:00 (UTC)", "DEPTO": "(CESAR)", "MUNICIPIO": "LA JAGUA DE IBIRICO", "VEREDA": "BOQUERON", "GASODUCTO": "BALLENA - BARRANCABERMEJA", "TRAMO": "La Jagua de Ibirico", "TP_DUCTO": "Ramal", "DISTRITO": "6", "DIAMETRO": "2\"", "TRM_REG": "BALLENA - BARRANCABERMEJA", "PK": "001+760", "PK_PAT": null, "ID_EVENTO": null, "TP_EVENTO": "SURCOS", "LONG_EVENT": null, "AMENAZA": "( )", "ESTADO_EG": " ", "FX2": " ", "OBSERVACIO": "Canal con agua", "PROFUNDIDA": null, "COD_ID": "P_MEN", "ENTREGA": "E39_R1", "LATITUD": 9.6129300000000626, "LONGITUD": -73.404356666999945, "IMAGEN_1": "C002_IMG_20250830_081852.jpg", "IMAGEN_2": "C002_IMG_20250830_081902.jpg", "IMAGEN_3": "C002_IMG_20250830_081909.jpg", "VISUALIZAR_IMAGEN_1": "https:\/\/drive.google.com\/uc?export=view&id=1kWqdkL3fSP1weA5WMcuJ3H-sVFwN9_89", "VISUALIZAR_IMAGEN_2": "https:\/\/drive.google.com\/uc?export=view&id=1cmZQe59_xBX1xfqnlBqXXMYn5lcOJ3Gz", "VISUALIZAR_IMAGEN_3": "https:\/\/drive.google.com\/uc?export=view&id=1J1Ls4vhdwxknxOGuTbZi_TImd62SuBjb" }, "geometry": { "type": "Point", "coordinates": [ -73.404356666999945, 9.61293, 0.0 ] } },
{ "type": "Feature", "properties": { "FECHA": "1\/09\/2025 00:00:00 (UTC)", "DEPTO": "(CESAR)", "MUNICIPIO": "LA JAGUA DE IBIRICO", "VEREDA": "MECHOACAN", "GASODUCTO": "BALLENA - BARRANCABERMEJA", "TRAMO": "La Palmita", "TP_DUCTO": "Ramal", "DISTRITO": "6", "DIAMETRO": "2\"", "TRM_REG": "BALLENA - BARRANCABERMEJA", "PK": "005+640", "PK_PAT": null, "ID_EVENTO": null, "TP_EVENTO": "SURCOS", "LONG_EVENT": null, "AMENAZA": "( )", "ESTADO_EG": " ", "FX2": " ", "OBSERVACIO": "Tapado porvel monte", "PROFUNDIDA": null, "COD_ID": "P_MEN", "ENTREGA": "E39_R1", "LATITUD": 9.500971, "LONGITUD": -73.413862, "IMAGEN_1": "C002_IMG_20250901_111304.jpg", "IMAGEN_2": "C002_IMG_20250901_111311.jpg", "IMAGEN_3": "C002_IMG_20250901_111318.jpg", "VISUALIZAR_IMAGEN_1": "https:\/\/drive.google.com\/uc?export=view&id=1t4gigYJBimEr-yHG1an6R-gpiyo8Tr2O", "VISUALIZAR_IMAGEN_2": "https:\/\/drive.google.com\/uc?export=view&id=14UlyONOaafinqvLJt4PW6B3b3dwSRv8D", "VISUALIZAR_IMAGEN_3": "https:\/\/drive.google.com\/uc?export=view&id=1reh2WeqBV_5sZtbNbZds-BOVvilZxgxJ" }, "geometry": { "type": "Point", "coordinates": [ -73.413862, 9.500971, 0.0 ] } },
{ "type": "Feature", "properties": { "FECHA": "1\/09\/2025 00:00:00 (UTC)", "DEPTO": "(CESAR)", "MUNICIPIO": "LA JAGUA DE IBIRICO", "VEREDA": "MECHOACAN", "GASODUCTO": "BALLENA - BARRANCABERMEJA", "TRAMO": "La Palmita", "TP_DUCTO": "Ramal", "DISTRITO": "6", "DIAMETRO": "2\"", "TRM_REG": "BALLENA - BARRANCABERMEJA", "PK": "005+265", "PK_PAT": null, "ID_EVENTO": null, "TP_EVENTO": "SURCOS", "LONG_EVENT": null, "AMENAZA": "( )", "ESTADO_EG": " ", "FX2": " ", "OBSERVACIO": "Daños en la via con profundidad de 0,4 cm", "PROFUNDIDA": null, "COD_ID": "P_MEN", "ENTREGA": "E39_R1", "LATITUD": 9.500257, "LONGITUD": -73.417196, "IMAGEN_1": "C002_IMG_20250901_110147.jpg", "IMAGEN_2": "C002_IMG_20250901_110151.jpg", "IMAGEN_3": "C002_IMG_20250901_110156.jpg", "VISUALIZAR_IMAGEN_1": "https:\/\/drive.google.com\/uc?export=view&id=1w1Wo0lHNVAzKk5fC-pWfRQ7_TG4xOslz", "VISUALIZAR_IMAGEN_2": "https:\/\/drive.google.com\/uc?export=view&id=1HE6UmNTBmR6I0nZZS3r9ULuXBrjaVph9", "VISUALIZAR_IMAGEN_3": "https:\/\/drive.google.com\/uc?export=view&id=1bfKhJxrkbdZ1StUUUo3I7lz38f9DU3_F" }, "geometry": { "type": "Point", "coordinates": [ -73.417196, 9.500257, 0.0 ] } },
{ "type": "Feature", "properties": { "FECHA": "30\/08\/2025 00:00:00 (UTC)", "DEPTO": "(CESAR)", "MUNICIPIO": "LA JAGUA DE IBIRICO", "VEREDA": "BOQUERON", "GASODUCTO": "BALLENA - BARRANCABERMEJA", "TRAMO": "La Jagua de Ibirico", "TP_DUCTO": "Ramal", "DISTRITO": "6", "DIAMETRO": "2\"", "TRM_REG": "BALLENA - BARRANCABERMEJA", "PK": "000+057", "PK_PAT": null, "ID_EVENTO": null, "TP_EVENTO": "SOCAVACIÓN LATERAL", "LONG_EVENT": null, "AMENAZA": "( )", "ESTADO_EG": " ", "FX2": " ", "OBSERVACIO": "Socavacion lateral en muro de gavion, y socavación de fondo en la placa de concreto", "PROFUNDIDA": null, "COD_ID": "P_MEN", "ENTREGA": "E39_R1", "LATITUD": 9.6253413000001, "LONGITUD": -73.41275, "IMAGEN_1": "C002_IMG_20250830_072640.jpg", "IMAGEN_2": "C002_IMG_20250830_072645.jpg", "IMAGEN_3": "C002_IMG_20250830_072652.jpg", "VISUALIZAR_IMAGEN_1": "https:\/\/drive.google.com\/uc?export=view&id=1N-tll15nHae4fZGC4LrA07kMoOiy7QLx", "VISUALIZAR_IMAGEN_2": "https:\/\/drive.google.com\/uc?export=view&id=1oEzJfC7oodNEaFKykyvaLhOPV7Foxrct", "VISUALIZAR_IMAGEN_3": "https:\/\/drive.google.com\/uc?export=view&id=1jaGN5OeBURNjaMMvtSJRxA_xnsjiwlOE" }, "geometry": { "type": "Point", "coordinates": [ -73.41275, 9.625341300000059, 0.0 ] } },
{ "type": "Feature", "properties": { "FECHA": "2\/09\/2025 00:00:00 (UTC)", "DEPTO": "(CESAR)", "MUNICIPIO": "CHIRIGUANÁ", "VEREDA": "SIN INFORMACION", "GASODUCTO": "BALLENA - BARRANCABERMEJA", "TRAMO": "Casacara - Curumani", "TP_DUCTO": "Troncal", "DISTRITO": "6", "DIAMETRO": "18\"", "TRM_REG": "BALLENA - BARRANCABERMEJA", "PK": "288+670", "PK_PAT": null, "ID_EVENTO": null, "TP_EVENTO": "CARCAVAS", "LONG_EVENT": null, "AMENAZA": "( )", "ESTADO_EG": " ", "FX2": " ", "OBSERVACIO": "No se observa proceso menor", "PROFUNDIDA": null, "COD_ID": "P_MEN", "ENTREGA": "E39_R1", "LATITUD": 9.4370000000000687, "LONGITUD": -73.4813, "IMAGEN_1": "C002_IMG_20250902_074048.jpg", "IMAGEN_2": "C002_IMG_20250902_074054.jpg", "IMAGEN_3": "C002_IMG_20250902_074059.jpg", "VISUALIZAR_IMAGEN_1": "https:\/\/drive.google.com\/uc?export=view&id=1P8Yntr-3ydMhaAA8EkOOGif8EIRRpAVf", "VISUALIZAR_IMAGEN_2": "https:\/\/drive.google.com\/uc?export=view&id=1z0qzixmM56Xt5qyinx7a6E3UeWckN2Ui", "VISUALIZAR_IMAGEN_3": "https:\/\/drive.google.com\/uc?export=view&id=1sg5EwakiC0zBx922rv1NEuQ1XML3OlJR" }, "geometry": { "type": "Point", "coordinates": [ -73.4813, 9.437, 0.0 ] } },
{ "type": "Feature", "properties": { "FECHA": "4\/09\/2025 00:00:00 (UTC)", "DEPTO": "(CESAR)", "MUNICIPIO": "LA JAGUA DE IBIRICO", "VEREDA": "BOQUERON", "GASODUCTO": "BALLENA - BARRANCABERMEJA", "TRAMO": "Casacara - Curumani", "TP_DUCTO": "Troncal", "DISTRITO": "6", "DIAMETRO": "18\"", "TRM_REG": "BALLENA - BARRANCABERMEJA", "PK": "274+399", "PK_PAT": null, "ID_EVENTO": null, "TP_EVENTO": "OTRO", "LONG_EVENT": null, "AMENAZA": "( )", "ESTADO_EG": " ", "FX2": " ", "OBSERVACIO": "No se evidencia evento", "PROFUNDIDA": null, "COD_ID": "P_MEN", "ENTREGA": "E39_R1", "LATITUD": 9.554248, "LONGITUD": -73.439967, "IMAGEN_1": "C002_IMG_20250904_102405.jpg", "IMAGEN_2": "C002_IMG_20250904_102421.jpg", "IMAGEN_3": "C002_IMG_20250904_102425.jpg", "VISUALIZAR_IMAGEN_1": "https:\/\/drive.google.com\/uc?export=view&id=1uFzSiDHa4zg1mLmKe6gJHG5Metupjo-Z", "VISUALIZAR_IMAGEN_2": "https:\/\/drive.google.com\/uc?export=view&id=1qScRdG59aTSkNpJEGbkZW69YNiYcPRPJ", "VISUALIZAR_IMAGEN_3": "https:\/\/drive.google.com\/uc?export=view&id=1t3wVyRJ29z5d9GBpUMz5Gpu96zsxv_8U" }, "geometry": { "type": "Point", "coordinates": [ -73.439967, 9.554248, 0.0 ] } },
{ "type": "Feature", "properties": { "FECHA": "25\/09\/2025 00:00:00 (UTC)", "DEPTO": "SANTANDER", "MUNICIPIO": "PUENTE NACIONAL", "VEREDA": "BAJO SAN DIMAS", "GASODUCTO": "PORVENIR - LA BELLEZA", "TRAMO": "Sutamarchan - La Belleza", "TP_DUCTO": "Troncal", "DISTRITO": "5", "DIAMETRO": "20\"", "TRM_REG": "EL PORVENIR - LA BELLEZA", "PK": "188+806", "PK_PAT": "156515", "ID_EVENTO": "", "TP_EVENTO": "SOCAVACIÓN DE FONDO", "LONG_EVENT": 1.0, "AMENAZA": "Bajo", "ESTADO_EG": " ", "FX2": " ", "OBSERVACIO": "Se cambia respecto a linea base de tipo de evento otro a socavación de fondo. Se presenta socavación de fondo y de margen que afecta la placa y al canal a 5m del costado izquierdo del eje del ducto, evento perpendicular al ducto L=1m An=0.20 Al 0.30m ", "PROFUNDIDA": 2.14, "COD_ID": "PROC-1", "ENTREGA": "E40_R1", "LATITUD": 5.8109210000000644, "LONGITUD": -73.712498, "IMAGEN_1": "C003_IMG_20250925_113512.jpg", "IMAGEN_2": "C003_IMG_20250925_113519.jpg", "IMAGEN_3": "C003_IMG_20250925_113545.jpg", "VISUALIZAR_IMAGEN_1": "https:\/\/drive.google.com\/uc?export=view&id=18nfI2J_t1G2K34RA5b-LIJV-dNjzasaN", "VISUALIZAR_IMAGEN_2": "https:\/\/drive.google.com\/uc?export=view&id=1h9KDda-mT2tJ6IdczWS1NtrhNJrKTj6D", "VISUALIZAR_IMAGEN_3": "https:\/\/drive.google.com\/uc?export=view&id=11WkzZcz3ykj9dHuHzw45VT3AFnXh3Y4e" }, "geometry": { "type": "Point", "coordinates": [ -73.712498, 5.810921, 0.0 ] } },
{ "type": "Feature", "properties": { "FECHA": "27\/09\/2025 00:00:00 (UTC)", "DEPTO": "SANTANDER", "MUNICIPIO": "ALBANIA", "VEREDA": "GUAYABAL", "GASODUCTO": "PORVENIR - LA BELLEZA", "TRAMO": "Sutamarchan - La Belleza", "TP_DUCTO": "Troncal", "DISTRITO": "5", "DIAMETRO": "20\"", "TRM_REG": "EL PORVENIR - LA BELLEZA", "PK": "199+764", "PK_PAT": "167390", "ID_EVENTO": "", "TP_EVENTO": "FLUJOS", "LONG_EVENT": 0.0, "AMENAZA": "Medio", "ESTADO_EG": " ", "FX2": " ", "OBSERVACIO": "No se evidencia proceso menor", "PROFUNDIDA": 2.01, "COD_ID": "PROC-2", "ENTREGA": "E40_R1", "LATITUD": 5.8280790000000593, "LONGITUD": -73.800071, "IMAGEN_1": "C003_IMG_20250927_134931.jpg", "IMAGEN_2": "C003_IMG_20250927_134946.jpg", "IMAGEN_3": "C003_IMG_20250927_135000.jpg", "VISUALIZAR_IMAGEN_1": "https:\/\/drive.google.com\/uc?export=view&id=1MLrzJF2ULoJa74ary_7iKOo9NvH15Y7R", "VISUALIZAR_IMAGEN_2": "https:\/\/drive.google.com\/uc?export=view&id=1yc6Jrap01DZ6QTg2Qb9eiGqu_xbaFeGZ", "VISUALIZAR_IMAGEN_3": "https:\/\/drive.google.com\/uc?export=view&id=1DZp_Z6BWKXktN1EZV1kG8vqxjKDO0si9" }, "geometry": { "type": "Point", "coordinates": [ -73.800071, 5.828079, 0.0 ] } },
{ "type": "Feature", "properties": { "FECHA": "27\/09\/2025 00:00:00 (UTC)", "DEPTO": "SANTANDER", "MUNICIPIO": "JESÚS MARÍA", "VEREDA": "LADERAS", "GASODUCTO": "PORVENIR - LA BELLEZA", "TRAMO": "Sutamarchan - La Belleza", "TP_DUCTO": "Troncal", "DISTRITO": "5", "DIAMETRO": "20\"", "TRM_REG": "EL PORVENIR - LA BELLEZA", "PK": "200+555", "PK_PAT": "168163", "ID_EVENTO": "", "TP_EVENTO": "OTRO", "LONG_EVENT": 0.0, "AMENAZA": "Bajo", "ESTADO_EG": " ", "FX2": " ", "OBSERVACIO": "Se evidencia obra reciente sobre el DDV. Evento subsanado.", "PROFUNDIDA": 2.19, "COD_ID": "PROC-3", "ENTREGA": "E40_R1", "LATITUD": 5.829552, "LONGITUD": -73.806455, "IMAGEN_1": "C003_IMG_20250927_130012.jpg", "IMAGEN_2": "C003_IMG_20250927_130021.jpg", "IMAGEN_3": "C003_IMG_20250927_130030.jpg", "VISUALIZAR_IMAGEN_1": "https:\/\/drive.google.com\/uc?export=view&id=1Gf79fjQb8v_GdFVgORELua_qPXqwsnsD", "VISUALIZAR_IMAGEN_2": "https:\/\/drive.google.com\/uc?export=view&id=1s1olZb29FyOl3kFEUG7SDUbYvmbwZ5sK", "VISUALIZAR_IMAGEN_3": "https:\/\/drive.google.com\/uc?export=view&id=1EvRL-Up_9tFnd4ZnetJuHSRtfb3nakRA" }, "geometry": { "type": "Point", "coordinates": [ -73.806455, 5.829552, 0.0 ] } },
{ "type": "Feature", "properties": { "FECHA": "27\/09\/2025 00:00:00 (UTC)", "DEPTO": "SANTANDER", "MUNICIPIO": "ALBANIA", "VEREDA": "GUAYABAL", "GASODUCTO": "PORVENIR - LA BELLEZA", "TRAMO": "Sutamarchan - La Belleza", "TP_DUCTO": "Troncal", "DISTRITO": "5", "DIAMETRO": "20\"", "TRM_REG": "EL PORVENIR - LA BELLEZA", "PK": "199+170", "PK_PAT": "166810", "ID_EVENTO": "", "TP_EVENTO": "OTRO", "LONG_EVENT": 0.0, "AMENAZA": "Bajo", "ESTADO_EG": " ", "FX2": " ", "OBSERVACIO": "No se evidencia proceso menor", "PROFUNDIDA": 2.04, "COD_ID": "PROC-4", "ENTREGA": "E40_R1", "LATITUD": 5.8250880000000507, "LONGITUD": -73.796123, "IMAGEN_1": "C003_IMG_20250927_141538.jpg", "IMAGEN_2": "C003_IMG_20250927_141641.jpg", "IMAGEN_3": "C003_IMG_20250927_141654.jpg", "VISUALIZAR_IMAGEN_1": "https:\/\/drive.google.com\/uc?export=view&id=1xddwqDBnx-GJj1PlVwecpPBDPq1eVlxB", "VISUALIZAR_IMAGEN_2": "https:\/\/drive.google.com\/uc?export=view&id=1lED9K08B3wytnlq0crgsFNBzjOsiMtfk", "VISUALIZAR_IMAGEN_3": "https:\/\/drive.google.com\/uc?export=view&id=1ypA9MiIr7OXhfRXUdiblnlJWgM0shJK1" }, "geometry": { "type": "Point", "coordinates": [ -73.796123, 5.825088, 0.0 ] } },
{ "type": "Feature", "properties": { "FECHA": "23\/09\/2025 00:00:00 (UTC)", "DEPTO": "SANTANDER", "MUNICIPIO": "PUENTE NACIONAL", "VEREDA": "URUMAL", "GASODUCTO": "PORVENIR - LA BELLEZA", "TRAMO": "Sutamarchan - La Belleza", "TP_DUCTO": "Troncal", "DISTRITO": "5", "DIAMETRO": "20\"", "TRM_REG": "EL PORVENIR - LA BELLEZA", "PK": "180+248", "PK_PAT": "147907", "ID_EVENTO": "", "TP_EVENTO": "OTRO", "LONG_EVENT": 0.0, "AMENAZA": "Extremo", "ESTADO_EG": " ", "FX2": " ", "OBSERVACIO": "No se evidencia proceso menor", "PROFUNDIDA": 1.73, "COD_ID": "PROC-5", "ENTREGA": "E40_R1", "LATITUD": 5.8024776470000461, "LONGITUD": -73.639695780999944, "IMAGEN_1": "C003_IMG_20250923_091739.jpg", "IMAGEN_2": "C003_IMG_20250923_091801.jpg", "IMAGEN_3": "C003_IMG_20250923_091810.jpg", "VISUALIZAR_IMAGEN_1": "https:\/\/drive.google.com\/uc?export=view&id=1Euj9aJ2ai9CTEDW6hQSGsgCxMFwOeFvy", "VISUALIZAR_IMAGEN_2": "https:\/\/drive.google.com\/uc?export=view&id=1N3iS0EfOTALGqe24PqURsUKFhvQVqEdM", "VISUALIZAR_IMAGEN_3": "https:\/\/drive.google.com\/uc?export=view&id=1rRj0ULhQ4VrXbznwlNS8gZ5xSGvJe5eG" }, "geometry": { "type": "Point", "coordinates": [ -73.639695780999944, 5.802477647000046, 0.0 ] } },
{ "type": "Feature", "properties": { "FECHA": "23\/09\/2025 00:00:00 (UTC)", "DEPTO": "SANTANDER", "MUNICIPIO": "PUENTE NACIONAL", "VEREDA": "EL PARAMO", "GASODUCTO": "PORVENIR - LA BELLEZA", "TRAMO": "Sutamarchan - La Belleza", "TP_DUCTO": "Troncal", "DISTRITO": "5", "DIAMETRO": "20\"", "TRM_REG": "EL PORVENIR - LA BELLEZA", "PK": "181+664", "PK_PAT": "149345", "ID_EVENTO": "", "TP_EVENTO": "SOCAVACIÓN DE FONDO", "LONG_EVENT": 3.0, "AMENAZA": "Bajo", "ESTADO_EG": " ", "FX2": " ", "OBSERVACIO": "Se cambia respecto a linea base de tipo de evento otro a socavación de fondo. Placa rota, el agua circula por debajo de la placa socavandola y generando una socavacion en el fondo y en las márgenes del cauce, L=3m, An=2m, Al=0.5m, evento al costado derecho del eje del ducto, perpendicular al ducto", "PROFUNDIDA": 2.13, "COD_ID": "PROC-6", "ENTREGA": "E40_R1", "LATITUD": 5.803723, "LONGITUD": -73.651571, "IMAGEN_1": "C003_IMG_20250923_104007.jpg", "IMAGEN_2": "C003_IMG_20250923_104025.jpg", "IMAGEN_3": "C003_IMG_20250923_104034.jpg", "VISUALIZAR_IMAGEN_1": "https:\/\/drive.google.com\/uc?export=view&id=1RsBdBIVx4ZVFwog6-VXbHnmWL6J1nUop", "VISUALIZAR_IMAGEN_2": "https:\/\/drive.google.com\/uc?export=view&id=13Vwle8fHvqPIdkQUsCTCFsqKIcuh3z_4", "VISUALIZAR_IMAGEN_3": "https:\/\/drive.google.com\/uc?export=view&id=1sQCpQ6MvFIS-dH-gTYuWvIPQGCq2R9JV" }, "geometry": { "type": "Point", "coordinates": [ -73.651571, 5.803723, 0.0 ] } },
{ "type": "Feature", "properties": { "FECHA": "26\/09\/2025 00:00:00 (UTC)", "DEPTO": "SANTANDER", "MUNICIPIO": "ALBANIA", "VEREDA": "EL HATILLO", "GASODUCTO": "PORVENIR - LA BELLEZA", "TRAMO": "Sutamarchan - La Belleza", "TP_DUCTO": "Troncal", "DISTRITO": "5", "DIAMETRO": "20\"", "TRM_REG": "EL PORVENIR - LA BELLEZA", "PK": "195+874", "PK_PAT": "163500", "ID_EVENTO": "", "TP_EVENTO": "OTRO", "LONG_EVENT": 40.0, "AMENAZA": "( )", "ESTADO_EG": " ", "FX2": " ", "OBSERVACIO": "Canal natural producido por flujo de agua lluvia ocasional, revegetalizado y estable. L=40m, An=2m, Al=1m", "PROFUNDIDA": 1.68, "COD_ID": "PROC-7", "ENTREGA": "E40_R1", "LATITUD": 5.8123611100000403, "LONGITUD": -73.77302777999995, "IMAGEN_1": "C003_IMG_20250926_094521.jpg", "IMAGEN_2": "C003_IMG_20250926_094530.jpg", "IMAGEN_3": "C003_IMG_20250926_094544.jpg", "VISUALIZAR_IMAGEN_1": "https:\/\/drive.google.com\/uc?export=view&id=1TRN8R_GUSnnP2dk5FFhRtwkXWprduM4F", "VISUALIZAR_IMAGEN_2": "https:\/\/drive.google.com\/uc?export=view&id=1yAoJCIlN3gWd8HqB__gFvUJFAIViazEd", "VISUALIZAR_IMAGEN_3": "https:\/\/drive.google.com\/uc?export=view&id=16lYyY2fZZDXkYQRcv772GpR7OINxwwLV" }, "geometry": { "type": "Point", "coordinates": [ -73.77302777999995, 5.81236111000004, 0.0 ] } },
{ "type": "Feature", "properties": { "FECHA": "25\/09\/2025 00:00:00 (UTC)", "DEPTO": "SANTANDER", "MUNICIPIO": "PUENTE NACIONAL", "VEREDA": "BAJO SAN DIMAS", "GASODUCTO": "PORVENIR - LA BELLEZA", "TRAMO": "Sutamarchan - La Belleza", "TP_DUCTO": "Troncal", "DISTRITO": "5", "DIAMETRO": "20\"", "TRM_REG": "EL PORVENIR - LA BELLEZA", "PK": "190+134", "PK_PAT": "157830", "ID_EVENTO": "", "TP_EVENTO": "SOCAVACIÓN DE FONDO", "LONG_EVENT": 3.0, "AMENAZA": "( )", "ESTADO_EG": " ", "FX2": " ", "OBSERVACIO": "Se cambia respecto a linea base de tipo de evento otro a socavación de fondo. Se evidencia el lastrado de tuberia en el fondo del cauce, esto causa inestabilidad en el ducto, evento paralelo al ducto L=5m An=0.50m Al=0.1m.", "PROFUNDIDA": 0.34, "COD_ID": "PROC-8", "ENTREGA": "E40_R1", "LATITUD": 5.8105833300000427, "LONGITUD": -73.724222219999945, "IMAGEN_1": "C003_IMG_20250925_103540.jpg", "IMAGEN_2": "C003_IMG_20250925_103608.jpg", "IMAGEN_3": "C003_IMG_20250925_103626.jpg", "VISUALIZAR_IMAGEN_1": "https:\/\/drive.google.com\/uc?export=view&id=18-1ie3LnxWcwpW6qRx6fDvp4vEffrIOc", "VISUALIZAR_IMAGEN_2": "https:\/\/drive.google.com\/uc?export=view&id=106aH4-zKvcDeSAOlXnNqAi79Dg_NoNbU", "VISUALIZAR_IMAGEN_3": "https:\/\/drive.google.com\/uc?export=view&id=1fxUX6mNRgkDyRzcN9Kdf7BrAI7iK28RI" }, "geometry": { "type": "Point", "coordinates": [ -73.724222219999945, 5.810583330000043, 0.0 ] } },
{ "type": "Feature", "properties": { "FECHA": "23\/09\/2025 00:00:00 (UTC)", "DEPTO": "SANTANDER", "MUNICIPIO": "PUENTE NACIONAL", "VEREDA": "EL PARAMO", "GASODUCTO": "PORVENIR - LA BELLEZA", "TRAMO": "Sutamarchan - La Belleza", "TP_DUCTO": "Troncal", "DISTRITO": "5", "DIAMETRO": "20\"", "TRM_REG": "EL PORVENIR - LA BELLEZA", "PK": "182+286", "PK_PAT": "149980", "ID_EVENTO": "", "TP_EVENTO": "SOCAVACIÓN DE FONDO", "LONG_EVENT": 3.0, "AMENAZA": "( )", "ESTADO_EG": " ", "FX2": " ", "OBSERVACIO": "Socavacion al inicio de la placa que afecta el fondo del cauce. L=3m, An=3m, Al=0.3m, evento al costado derecho del eje del ducto, evento perpendicular al ducto", "PROFUNDIDA": 1.24, "COD_ID": "PROC-9", "ENTREGA": "E40_R1", "LATITUD": 5.8047635, "LONGITUD": -73.656732829999953, "IMAGEN_1": "C003_IMG_20250923_112049.jpg", "IMAGEN_2": "C003_IMG_20250923_112059.jpg", "IMAGEN_3": "C003_IMG_20250923_112108.jpg", "VISUALIZAR_IMAGEN_1": "https:\/\/drive.google.com\/uc?export=view&id=1BW6hjfFHxR9GzcqgnL1iTTuLx3qk4lAb", "VISUALIZAR_IMAGEN_2": "https:\/\/drive.google.com\/uc?export=view&id=1B1MUwW43A47vVrp_fP61DlanXvmfLR1-", "VISUALIZAR_IMAGEN_3": "https:\/\/drive.google.com\/uc?export=view&id=11RICX3-aGkKv6o-JjTK5E9fR3LPmAnD7" }, "geometry": { "type": "Point", "coordinates": [ -73.656732829999953, 5.804763500000035, 0.0 ] } },
{ "type": "Feature", "properties": { "FECHA": "25\/09\/2025 00:00:00 (UTC)", "DEPTO": "SANTANDER", "MUNICIPIO": "PUENTE NACIONAL", "VEREDA": "BAJO SAN DIMAS", "GASODUCTO": "PORVENIR - LA BELLEZA", "TRAMO": "Sutamarchan - La Belleza", "TP_DUCTO": "Troncal", "DISTRITO": "5", "DIAMETRO": "20\"", "TRM_REG": "EL PORVENIR - LA BELLEZA", "PK": "189+725", "PK_PAT": "157424", "ID_EVENTO": "", "TP_EVENTO": "SOCAVACIÓN DE FONDO", "LONG_EVENT": 0.0, "AMENAZA": "( )", "ESTADO_EG": " ", "FX2": " ", "OBSERVACIO": "Se evidencia socavacion en el fondo del cauce a 2m del costado izquierdo del eje del ducto, evento perpendicular al ducto. L=1m, An=2m, Al=0.30m", "PROFUNDIDA": 2.11, "COD_ID": "PROC-10", "ENTREGA": "E40_R1", "LATITUD": 5.810963000000072, "LONGITUD": -73.720603829999959, "IMAGEN_1": "C003_IMG_20250925_105620.jpg", "IMAGEN_2": "C003_IMG_20250925_105628.jpg", "IMAGEN_3": "C003_IMG_20250925_105658.jpg", "VISUALIZAR_IMAGEN_1": "https:\/\/drive.google.com\/uc?export=view&id=1VXuhSndOvCLuqcExP5aWXZBFIiHy04U9", "VISUALIZAR_IMAGEN_2": "https:\/\/drive.google.com\/uc?export=view&id=1H3_YG6i29HQRMggUAqFcmn-zjeQAqjie", "VISUALIZAR_IMAGEN_3": "https:\/\/drive.google.com\/uc?export=view&id=1tlXOHroHIp6lQNQCCsiwt6_h1zGlJUCD" }, "geometry": { "type": "Point", "coordinates": [ -73.720603829999959, 5.810963, 0.0 ] } },
{ "type": "Feature", "properties": { "FECHA": "25\/09\/2025 00:00:00 (UTC)", "DEPTO": "SANTANDER", "MUNICIPIO": "PUENTE NACIONAL", "VEREDA": "MEDIOS", "GASODUCTO": "PORVENIR - LA BELLEZA", "TRAMO": "Sutamarchan - La Belleza", "TP_DUCTO": "Troncal", "DISTRITO": "5", "DIAMETRO": "20\"", "TRM_REG": "EL PORVENIR - LA BELLEZA", "PK": "191+021", "PK_PAT": "158712", "ID_EVENTO": "", "TP_EVENTO": "SOCAVACIÓN LATERAL", "LONG_EVENT": 0.0, "AMENAZA": "( )", "ESTADO_EG": " ", "FX2": " ", "OBSERVACIO": "Se evidencia socavación en ambas margenes y caida de material sobre el cauce, evento perpendicular al ducto L=3m An=1m Al=1m", "PROFUNDIDA": 1.61, "COD_ID": "PROC-11", "ENTREGA": "E40_R1", "LATITUD": 5.8103885790000618, "LONGITUD": -73.732032728999968, "IMAGEN_1": "C003_IMG_20250925_093722.jpg", "IMAGEN_2": "C003_IMG_20250925_093818.jpg", "IMAGEN_3": "C003_IMG_20250925_093823.jpg", "VISUALIZAR_IMAGEN_1": "https:\/\/drive.google.com\/uc?export=view&id=1sskIxTRpYxCsWZmHJMkbGxE1qYJwbcgN", "VISUALIZAR_IMAGEN_2": "https:\/\/drive.google.com\/uc?export=view&id=17NyryPQfZLmqZaPmLnKP0a5BtRhjcP0e", "VISUALIZAR_IMAGEN_3": "https:\/\/drive.google.com\/uc?export=view&id=1WUEIpUf8CGHY9u9k8RXF4tXnkjoQgAMD" }, "geometry": { "type": "Point", "coordinates": [ -73.732032728999968, 5.810388579000062, 0.0 ] } },
{ "type": "Feature", "properties": { "FECHA": "26\/09\/2025 00:00:00 (UTC)", "DEPTO": "SANTANDER", "MUNICIPIO": "PUENTE NACIONAL", "VEREDA": "MEDIOS", "GASODUCTO": "PORVENIR - LA BELLEZA", "TRAMO": "Sutamarchan - La Belleza", "TP_DUCTO": "Troncal", "DISTRITO": "5", "DIAMETRO": "20\"", "TRM_REG": "EL PORVENIR - LA BELLEZA", "PK": "193+607", "PK_PAT": "161300", "ID_EVENTO": "", "TP_EVENTO": "SURCOS", "LONG_EVENT": 50.0, "AMENAZA": "( )", "ESTADO_EG": " ", "FX2": " ", "OBSERVACIO": "Surcos producidos por afloramiento de agua, terreno pantanoso, L=50m, An=30m, Al=0.4m, evento sobre el DDV paralelo al ducto", "PROFUNDIDA": 1.93, "COD_ID": "PROC-12", "ENTREGA": "E40_R1", "LATITUD": 5.8082000000000562, "LONGITUD": -73.7544, "IMAGEN_1": "C003_IMG_20250926_074915.jpg", "IMAGEN_2": "C003_IMG_20250926_074943.jpg", "IMAGEN_3": "C003_IMG_20250926_075005.jpg", "VISUALIZAR_IMAGEN_1": "https:\/\/drive.google.com\/uc?export=view&id=1Lmq5t_GxDQRpfWINyTTfIJSScnA43Zno", "VISUALIZAR_IMAGEN_2": "https:\/\/drive.google.com\/uc?export=view&id=18pVT_U6ELz4xYH7FgOK5GthoGnKk6m8I", "VISUALIZAR_IMAGEN_3": "https:\/\/drive.google.com\/uc?export=view&id=1mG_pNSFHsVMuTxxmbOiE5nG_0fkOWux7" }, "geometry": { "type": "Point", "coordinates": [ -73.7544, 5.8082, 0.0 ] } },
{ "type": "Feature", "properties": { "FECHA": "26\/09\/2025 00:00:00 (UTC)", "DEPTO": "SANTANDER", "MUNICIPIO": "ALBANIA", "VEREDA": "EL HATILLO", "GASODUCTO": "PORVENIR - LA BELLEZA", "TRAMO": "Sutamarchan - La Belleza", "TP_DUCTO": "Troncal", "DISTRITO": "5", "DIAMETRO": "20\"", "TRM_REG": "EL PORVENIR - LA BELLEZA", "PK": "193+694", "PK_PAT": "161380", "ID_EVENTO": "", "TP_EVENTO": "SURCOS", "LONG_EVENT": 100.0, "AMENAZA": "( )", "ESTADO_EG": " ", "FX2": " ", "OBSERVACIO": "Surco debido a flujo de agua ocasional, terreno pantanoso debido a un afloramiento de agua cercano tal vez por rebose de agua de algun bebedero cercano. L=100m, An=10m, Al=1m, Evento sobre el DDV perpendicular al ducto", "PROFUNDIDA": 1.61, "COD_ID": "PROC-13", "ENTREGA": "E40_R1", "LATITUD": 5.8082000000000562, "LONGITUD": -73.75516, "IMAGEN_1": "C003_IMG_20250926_075153.jpg", "IMAGEN_2": "C003_IMG_20250926_075214.jpg", "IMAGEN_3": "C003_IMG_20250926_075233.jpg", "VISUALIZAR_IMAGEN_1": "https:\/\/drive.google.com\/uc?export=view&id=1XKIx6bmK0uvlEHSEQHHP9P01s8zpjtt5", "VISUALIZAR_IMAGEN_2": "https:\/\/drive.google.com\/uc?export=view&id=1Oj20s8RtOEywYaDGw6DhEU5AvDsdqSM3", "VISUALIZAR_IMAGEN_3": "https:\/\/drive.google.com\/uc?export=view&id=1k22umkOfHTahyEJsYd48f08JhF7ayS8x" }, "geometry": { "type": "Point", "coordinates": [ -73.75516, 5.8082, 0.0 ] } },
{ "type": "Feature", "properties": { "FECHA": "26\/09\/2025 00:00:00 (UTC)", "DEPTO": "SANTANDER", "MUNICIPIO": "ALBANIA", "VEREDA": "EL HATILLO", "GASODUCTO": "PORVENIR - LA BELLEZA", "TRAMO": "Sutamarchan - La Belleza", "TP_DUCTO": "Troncal", "DISTRITO": "5", "DIAMETRO": "20\"", "TRM_REG": "EL PORVENIR - LA BELLEZA", "PK": "194+026", "PK_PAT": "161700", "ID_EVENTO": "", "TP_EVENTO": "OTRO", "LONG_EVENT": 40.0, "AMENAZA": "( )", "ESTADO_EG": " ", "FX2": " ", "OBSERVACIO": "Se cambia respecto a linea base de tipo de evento surcos a otro. Canal de agua lluvia, cuneta en concreto, L=40m, An=0.5m, Al=0.5m", "PROFUNDIDA": 1.94, "COD_ID": "PROC-14", "ENTREGA": "E40_R1", "LATITUD": 5.8087, "LONGITUD": -73.758, "IMAGEN_1": "C003_IMG_20250926_080343.jpg", "IMAGEN_2": "C003_IMG_20250926_080403.jpg", "IMAGEN_3": "C003_IMG_20250926_080421.jpg", "VISUALIZAR_IMAGEN_1": "https:\/\/drive.google.com\/uc?export=view&id=13XGz5_YPTYyfQKmABawJ7pxs9iG3e66u", "VISUALIZAR_IMAGEN_2": "https:\/\/drive.google.com\/uc?export=view&id=1hnCRTR4HpRRJXW6jExNKbrdzEIwvx7lS", "VISUALIZAR_IMAGEN_3": "https:\/\/drive.google.com\/uc?export=view&id=1-1xrMwBDNrCFMTSm1GrC3XMltFNIG0lw" }, "geometry": { "type": "Point", "coordinates": [ -73.758, 5.8087, 0.0 ] } },
{ "type": "Feature", "properties": { "FECHA": "26\/09\/2025 00:00:00 (UTC)", "DEPTO": "SANTANDER", "MUNICIPIO": "ALBANIA", "VEREDA": "EL HATILLO", "GASODUCTO": "PORVENIR - LA BELLEZA", "TRAMO": "Sutamarchan - La Belleza", "TP_DUCTO": "Troncal", "DISTRITO": "5", "DIAMETRO": "20\"", "TRM_REG": "EL PORVENIR - LA BELLEZA", "PK": "196+004", "PK_PAT": "196004", "ID_EVENTO": "", "TP_EVENTO": "SOCAVACIÓN LATERAL", "LONG_EVENT": 2.0, "AMENAZA": "( )", "ESTADO_EG": " ", "FX2": " ", "OBSERVACIO": "Socavacion en la margen derecha del cruce subfluvial. L=2m, An=1m, Al=0.3m", "PROFUNDIDA": 2.18, "COD_ID": "PROC-15", "ENTREGA": "E40_R1", "LATITUD": 5.8122939390000283, "LONGITUD": -73.774293370999942, "IMAGEN_1": "C003_IMG_20250926_095036.jpg", "IMAGEN_2": "C003_IMG_20250926_095052.jpg", "IMAGEN_3": "C003_IMG_20250926_095112.jpg", "VISUALIZAR_IMAGEN_1": "https:\/\/drive.google.com\/uc?export=view&id=19-UZxw3Nf-tEnAaf-X5tNV0fs9LbMqnL", "VISUALIZAR_IMAGEN_2": "https:\/\/drive.google.com\/uc?export=view&id=1UTci-yRBpOwHEy-1nnNj8KHpegeebsPs", "VISUALIZAR_IMAGEN_3": "https:\/\/drive.google.com\/uc?export=view&id=14s74JQlZWNH4jQc9Tmpz4k8geczPYGiL" }, "geometry": { "type": "Point", "coordinates": [ -73.774293370999942, 5.812293939000028, 0.0 ] } },
{ "type": "Feature", "properties": { "FECHA": "25\/09\/2025 00:00:00 (UTC)", "DEPTO": "SANTANDER", "MUNICIPIO": "PUENTE NACIONAL", "VEREDA": "MEDIOS", "GASODUCTO": "PORVENIR - LA BELLEZA", "TRAMO": "Sutamarchan - La Belleza", "TP_DUCTO": "Troncal", "DISTRITO": "5", "DIAMETRO": "20\"", "TRM_REG": "EL PORVENIR - LA BELLEZA", "PK": "193+228", "PK_PAT": "160950", "ID_EVENTO": "", "TP_EVENTO": "DESLIZAMIENTO TRASLACIONAL", "LONG_EVENT": 30.0, "AMENAZA": "( )", "ESTADO_EG": " ", "FX2": " ", "OBSERVACIO": "Se cambia respecto a linea base de tipo de evento carcavas a deslizamiento traslacional. Se evidencia deslizamiento traslacional antiguo a 15m del costado izquierdo del ducto. Evento revegetalizado", "PROFUNDIDA": 1.73, "COD_ID": "PROC-16", "ENTREGA": "E40_R1", "LATITUD": 5.8084000000000628, "LONGITUD": -73.751, "IMAGEN_1": "C003_IMG_20250925_175125.jpg", "IMAGEN_2": "C003_IMG_20250925_175134.jpg", "IMAGEN_3": "C003_IMG_20250925_175146.jpg", "VISUALIZAR_IMAGEN_1": "https:\/\/drive.google.com\/uc?export=view&id=1RGg5tKuL2ljfMuBJELo5ea7VbSl0mBga", "VISUALIZAR_IMAGEN_2": "https:\/\/drive.google.com\/uc?export=view&id=1SCz4MXHuHRMlElalUeesPh4SJ6fcp63u", "VISUALIZAR_IMAGEN_3": "https:\/\/drive.google.com\/uc?export=view&id=12cetXSEH1c5L8t5rLGcEKQkmar5y6LTI" }, "geometry": { "type": "Point", "coordinates": [ -73.751, 5.8084, 0.0 ] } },
{ "type": "Feature", "properties": { "FECHA": "29\/09\/2025 00:00:00 (UTC)", "DEPTO": "SANTANDER", "MUNICIPIO": "FLORIÁN", "VEREDA": "LA VENTA", "GASODUCTO": "PORVENIR - LA BELLEZA", "TRAMO": "Sutamarchan - La Belleza", "TP_DUCTO": "Troncal", "DISTRITO": "5", "DIAMETRO": "20\"", "TRM_REG": "EL PORVENIR - LA BELLEZA", "PK": "211+885", "PK_PAT": "179551", "ID_EVENTO": "", "TP_EVENTO": "SOCAVACIÓN LATERAL", "LONG_EVENT": 0.0, "AMENAZA": "( )", "ESTADO_EG": " ", "FX2": " ", "OBSERVACIO": "No se evidencia proceso menor", "PROFUNDIDA": 1.13, "COD_ID": "PROC-17", "ENTREGA": "E40_R1", "LATITUD": 5.804139833000022, "LONGITUD": -73.893568329999937, "IMAGEN_1": "C003_IMG_20250929_111638.jpg", "IMAGEN_2": "C003_IMG_20250929_111711.jpg", "IMAGEN_3": "C003_IMG_20250929_111737.jpg", "VISUALIZAR_IMAGEN_1": "https:\/\/drive.google.com\/uc?export=view&id=1CA7BTutjM_cieNGPjXi3tgl1r2AU531g", "VISUALIZAR_IMAGEN_2": "https:\/\/drive.google.com\/uc?export=view&id=1YTdHtATPAJi4Sbd6YbDl8g5mqxSPFQO9", "VISUALIZAR_IMAGEN_3": "https:\/\/drive.google.com\/uc?export=view&id=1lK4IPatAcsAwQ8CfwWbRrjc2bUNKZH0-" }, "geometry": { "type": "Point", "coordinates": [ -73.893568329999937, 5.804139833000022, 0.0 ] } },
{ "type": "Feature", "properties": { "FECHA": "30\/09\/2025 00:00:00 (UTC)", "DEPTO": "SANTANDER", "MUNICIPIO": "FLORIÁN", "VEREDA": "SANTA ROSA", "GASODUCTO": "PORVENIR - LA BELLEZA", "TRAMO": "Sutamarchan - La Belleza", "TP_DUCTO": "Troncal", "DISTRITO": "5", "DIAMETRO": "20\"", "TRM_REG": "EL PORVENIR - LA BELLEZA", "PK": "215+561", "PK_PAT": "183323", "ID_EVENTO": "", "TP_EVENTO": "OTRO", "LONG_EVENT": 2.0, "AMENAZA": "( )", "ESTADO_EG": " ", "FX2": " ", "OBSERVACIO": "Se observa un flujo de agua menor que ha generado concentración de lodo y agua estancada parcialmente, L=2m, An=3m, Al=0.2m. Evento sobre el DDV y perpendicular al ducto", "PROFUNDIDA": 1.8, "COD_ID": "PROC-18", "ENTREGA": "E40_R1", "LATITUD": 5.8226434000001, "LONGITUD": -73.9150165, "IMAGEN_1": "C003_IMG_20250930_103906.jpg", "IMAGEN_2": "C003_IMG_20250930_103918.jpg", "IMAGEN_3": "C003_IMG_20250930_103939.jpg", "VISUALIZAR_IMAGEN_1": "https:\/\/drive.google.com\/uc?export=view&id=1qN8EcpaQN5MNNEj00SSlhYUDkf71GSby", "VISUALIZAR_IMAGEN_2": "https:\/\/drive.google.com\/uc?export=view&id=1_KoY739MmO4NCOTiSaNd1ofncTnPTppw", "VISUALIZAR_IMAGEN_3": "https:\/\/drive.google.com\/uc?export=view&id=1WOarzTC3Owv71a686SJI_kp1kLTrjvSq" }, "geometry": { "type": "Point", "coordinates": [ -73.915016499999979, 5.822643400000061, 0.0 ] } },
{ "type": "Feature", "properties": { "FECHA": "7\/09\/2025 00:00:00 (UTC)", "DEPTO": "BOYACÁ", "MUNICIPIO": "SANTA SOFÍA", "VEREDA": "HORNILLAS", "GASODUCTO": "PORVENIR - LA BELLEZA", "TRAMO": "Sutamarchan - La Belleza", "TP_DUCTO": "Troncal", "DISTRITO": "5", "DIAMETRO": "20\"", "TRM_REG": "EL PORVENIR - LA BELLEZA", "PK": "163+615", "PK_PAT": "163615", "ID_EVENTO": "", "TP_EVENTO": "OTRO", "LONG_EVENT": 0.0, "AMENAZA": "Bajo", "ESTADO_EG": " ", "FX2": " ", "OBSERVACIO": "No se evidencia", "PROFUNDIDA": 0.0, "COD_ID": "PROC-19", "ENTREGA": "E40_R1", "LATITUD": 5.676364, "LONGITUD": -73.579643, "IMAGEN_1": "C003_IMG_20250907_113712.jpg", "IMAGEN_2": "C003_IMG_20250907_113718.jpg", "IMAGEN_3": "C003_IMG_20250907_113727.jpg", "VISUALIZAR_IMAGEN_1": "https:\/\/drive.google.com\/uc?export=view&id=1pirWMpimspBEnuQMr_Yx7sR3eWUFNOlw", "VISUALIZAR_IMAGEN_2": "https:\/\/drive.google.com\/uc?export=view&id=1WfwSSdpUqDuFNBFZwd_IN8K1tuy73d2Z", "VISUALIZAR_IMAGEN_3": "https:\/\/drive.google.com\/uc?export=view&id=11PuLxZ1-SnwY0ys4RirSPeMeqtBXOcgp" }, "geometry": { "type": "Point", "coordinates": [ -73.579643, 5.676364, 0.0 ] } },
{ "type": "Feature", "properties": { "FECHA": "7\/09\/2025 00:00:00 (UTC)", "DEPTO": "BOYACÁ", "MUNICIPIO": "SANTA SOFÍA", "VEREDA": "HORNILLAS", "GASODUCTO": "PORVENIR - LA BELLEZA", "TRAMO": "Sutamarchan - La Belleza", "TP_DUCTO": "Troncal", "DISTRITO": "5", "DIAMETRO": "20\"", "TRM_REG": "EL PORVENIR - LA BELLEZA", "PK": "164+371", "PK_PAT": "164375", "ID_EVENTO": "", "TP_EVENTO": "SOCAVACIÓN LATERAL", "LONG_EVENT": 1.0, "AMENAZA": "( )", "ESTADO_EG": " ", "FX2": " ", "OBSERVACIO": "P=1.47m, Socavacion lateral a ambos lados del cruce subfluvial, evento paralelo al ducto, L=1m , An= 0.40m, Al=0,30m", "PROFUNDIDA": 1.47, "COD_ID": "PROC-20", "ENTREGA": "E40_R1", "LATITUD": 5.6821, "LONGITUD": -73.5832, "IMAGEN_1": "C003_IMG_20250907_123216.jpg", "IMAGEN_2": "C003_IMG_20250907_123239.jpg", "IMAGEN_3": "C003_IMG_20250907_123250.jpg", "VISUALIZAR_IMAGEN_1": "https:\/\/drive.google.com\/uc?export=view&id=1Z658SSO-aJ3wh_m8e0F-pkD_qPBlHQIN", "VISUALIZAR_IMAGEN_2": "https:\/\/drive.google.com\/uc?export=view&id=1uV2oMkwYafQmmlzFicoI3Wo0-TO7NIRZ", "VISUALIZAR_IMAGEN_3": "https:\/\/drive.google.com\/uc?export=view&id=1ODYMx9aopM1fzOA3w7JDUKKIx-ppVZa8" }, "geometry": { "type": "Point", "coordinates": [ -73.5832, 5.6821, 0.0 ] } },
{ "type": "Feature", "properties": { "FECHA": "8\/09\/2025 00:00:00 (UTC)", "DEPTO": "BOYACÁ", "MUNICIPIO": "SANTA SOFÍA", "VEREDA": "HORNILLAS", "GASODUCTO": "PORVENIR - LA BELLEZA", "TRAMO": "Sutamarchan - La Belleza", "TP_DUCTO": "Troncal", "DISTRITO": "5", "DIAMETRO": "20\"", "TRM_REG": "EL PORVENIR - LA BELLEZA", "PK": "167+031", "PK_PAT": "167040", "ID_EVENTO": "", "TP_EVENTO": "OTRO", "LONG_EVENT": 0.0, "AMENAZA": "( )", "ESTADO_EG": " ", "FX2": " ", "OBSERVACIO": "Excavacion sobre el DDV", "PROFUNDIDA": 1.9, "COD_ID": "PROC-21", "ENTREGA": "E40_R1", "LATITUD": 5.70547, "LONGITUD": -73.58702, "IMAGEN_1": "C003_IMG_20250908_123958.jpg", "IMAGEN_2": "C003_IMG_20250908_124006.jpg", "IMAGEN_3": "C003_IMG_20250908_124016.jpg", "VISUALIZAR_IMAGEN_1": "https:\/\/drive.google.com\/uc?export=view&id=1tOTQUux9tVZLjcQpwJRBzs3C1NMDaxWr", "VISUALIZAR_IMAGEN_2": "https:\/\/drive.google.com\/uc?export=view&id=1ThJuh-1-51bWHsUCX_LAy1lUruJHXp8I", "VISUALIZAR_IMAGEN_3": "https:\/\/drive.google.com\/uc?export=view&id=1mGCzz_5Qdgkn9NPO6AL0N_p7Tl3ll1E9" }, "geometry": { "type": "Point", "coordinates": [ -73.58702, 5.70547, 0.0 ] } },
{ "type": "Feature", "properties": { "FECHA": "9\/09\/2025 00:00:00 (UTC)", "DEPTO": "BOYACÁ", "MUNICIPIO": "SANTA SOFÍA", "VEREDA": "GUATOQUE", "GASODUCTO": "PORVENIR - LA BELLEZA", "TRAMO": "Sutamarchan - La Belleza", "TP_DUCTO": "Troncal", "DISTRITO": "5", "DIAMETRO": "20\"", "TRM_REG": "EL PORVENIR - LA BELLEZA", "PK": "173+331", "PK_PAT": "140939", "ID_EVENTO": "", "TP_EVENTO": "SOCAVACIÓN LATERAL", "LONG_EVENT": 6.0, "AMENAZA": "( )", "ESTADO_EG": " ", "FX2": " ", "OBSERVACIO": "Socavacion lateral a ambos lados del cruce subfluvial, evento paralelo al ducto, L=6m, An=3m, Al=0.4m, se evidencia movimientos en el terreno y grietas", "PROFUNDIDA": 1.46, "COD_ID": "PROC-22", "ENTREGA": "E40_R1", "LATITUD": 5.760121, "LONGITUD": -73.599231, "IMAGEN_1": "C003_IMG_20250909_105330.jpg", "IMAGEN_2": "C003_IMG_20250909_105336.jpg", "IMAGEN_3": "C003_IMG_20250909_105345.jpg", "VISUALIZAR_IMAGEN_1": "https:\/\/drive.google.com\/uc?export=view&id=1WI5el3nxTmaTmyJ02VH2cOUvn-FuVN-R", "VISUALIZAR_IMAGEN_2": "https:\/\/drive.google.com\/uc?export=view&id=1gAjcWMvtk-tuXHjd2mkJL1VxUP-0xpPE", "VISUALIZAR_IMAGEN_3": "https:\/\/drive.google.com\/uc?export=view&id=1LfFHLUFLeCbphCiaE6RCJTP7HUiEyDW5" }, "geometry": { "type": "Point", "coordinates": [ -73.599231, 5.760121, 0.0 ] } },
{ "type": "Feature", "properties": { "FECHA": "10\/09\/2025 00:00:00 (UTC)", "DEPTO": "BOYACÁ", "MUNICIPIO": "SANTA SOFÍA", "VEREDA": "PANTANILLO", "GASODUCTO": "PORVENIR - LA BELLEZA", "TRAMO": "Sutamarchan - La Belleza", "TP_DUCTO": "Troncal", "DISTRITO": "5", "DIAMETRO": "20\"", "TRM_REG": "EL PORVENIR - LA BELLEZA", "PK": "175+438", "PK_PAT": "143098", "ID_EVENTO": "", "TP_EVENTO": "SOCAVACIÓN LATERAL", "LONG_EVENT": 1.0, "AMENAZA": "( )", "ESTADO_EG": " ", "FX2": " ", "OBSERVACIO": "Socavacion lateral en margen izquierda del cruce sufluvial, L=1m, An=2m, Al=1m, Evento paralelo al ducto", "PROFUNDIDA": 1.47, "COD_ID": "PROC-23", "ENTREGA": "E40_R1", "LATITUD": 5.7764967500000353, "LONGITUD": -73.607880419999958, "IMAGEN_1": "C003_IMG_20250910_105514.jpg", "IMAGEN_2": "C003_IMG_20250910_105523.jpg", "IMAGEN_3": "C003_IMG_20250910_105540.jpg", "VISUALIZAR_IMAGEN_1": "https:\/\/drive.google.com\/uc?export=view&id=11c7G7w4MtZEdqEwKQ9GRWizgfScpZ5lJ", "VISUALIZAR_IMAGEN_2": "https:\/\/drive.google.com\/uc?export=view&id=1YN0BeXt8CndC-OjAnzTLk4t1cWxGkLVt", "VISUALIZAR_IMAGEN_3": "https:\/\/drive.google.com\/uc?export=view&id=11lbmvOkaQo4TumM4-ixZGJTPWuAbRl6I" }, "geometry": { "type": "Point", "coordinates": [ -73.607880419999958, 5.776496750000035, 0.0 ] } },
{ "type": "Feature", "properties": { "FECHA": "9\/09\/2025 00:00:00 (UTC)", "DEPTO": "BOYACÁ", "MUNICIPIO": "SANTA SOFÍA", "VEREDA": "SALITRILLO", "GASODUCTO": "PORVENIR - LA BELLEZA", "TRAMO": "Sutamarchan - La Belleza", "TP_DUCTO": "Troncal", "DISTRITO": "5", "DIAMETRO": "20\"", "TRM_REG": "EL PORVENIR - LA BELLEZA", "PK": "171+017", "PK_PAT": "138637", "ID_EVENTO": "", "TP_EVENTO": "SOCAVACIÓN LATERAL", "LONG_EVENT": 2.0, "AMENAZA": "( )", "ESTADO_EG": " ", "FX2": " ", "OBSERVACIO": "Proceso de socavacion lateral al margen derecho del cruce subfluvial, evento paralelo al ducto, L=2m, An=3m, Al=2m, se evidencias movimientos en el terreno y gritas, se encuentra socavado a su vez el aproche del puente vehicular", "PROFUNDIDA": 2.81, "COD_ID": "PROC-24", "ENTREGA": "E40_R1", "LATITUD": 5.7400386740000613, "LONGITUD": -73.594329950999963, "IMAGEN_1": "C003_IMG_20250909_150651.jpg", "IMAGEN_2": "C003_IMG_20250909_150700.jpg", "IMAGEN_3": "C003_IMG_20250909_150706.jpg", "VISUALIZAR_IMAGEN_1": "https:\/\/drive.google.com\/uc?export=view&id=1Z-IXz5n9SYPKnaFh1SAnkaEWGodD-L6z", "VISUALIZAR_IMAGEN_2": "https:\/\/drive.google.com\/uc?export=view&id=1LkN8IUgxpk0XZlCppFqvn04LhXblKbfq", "VISUALIZAR_IMAGEN_3": "https:\/\/drive.google.com\/uc?export=view&id=17ZlunIO-zyotrCADOn7b0vx-6Zbhbvwr" }, "geometry": { "type": "Point", "coordinates": [ -73.594329950999963, 5.740038674000061, 0.0 ] } },
{ "type": "Feature", "properties": { "FECHA": "24\/09\/2025 00:00:00 (UTC)", "DEPTO": "SANTANDER", "MUNICIPIO": "PUENTE NACIONAL", "VEREDA": "MONTES", "GASODUCTO": "CENTRO - ORIENTE", "TRAMO": "Puente Guillermo - Sucre Oriental", "TP_DUCTO": "Troncal", "DISTRITO": "3", "DIAMETRO": "20\"", "TRM_REG": "LA BELLEZA - COGUA", "PK": "000+471", "PK_PAT": "490", "ID_EVENTO": "", "TP_EVENTO": "SURCOS", "LONG_EVENT": 10.0, "AMENAZA": "( )", "ESTADO_EG": " ", "FX2": " ", "OBSERVACIO": "Se cambia respecto a linea base de tipo de evento carcavas a surcos. Se observa erosion laminar sobre el DDV lo que ha generado pequeños surcos y perdida de cobertura vegetal, L=10m, An=4m, Al=0.1m, Evento sobre el DDV", "PROFUNDIDA": 2.07, "COD_ID": "PROC-1", "ENTREGA": "E41_R1", "LATITUD": 5.8124283, "LONGITUD": -73.6937633, "IMAGEN_1": "C003_IMG_20250924_111601.jpg", "IMAGEN_2": "C003_IMG_20250924_111621.jpg", "IMAGEN_3": "C003_IMG_20250924_111649.jpg", "VISUALIZAR_IMAGEN_1": "https:\/\/drive.google.com\/uc?export=view&id=1ms6TjzgL1yGyuWlLGtoXuPf2KwTui8tv", "VISUALIZAR_IMAGEN_2": "https:\/\/drive.google.com\/uc?export=view&id=1V3Laax8m2m78YFzJrrFN6v1ajDnv_VHs", "VISUALIZAR_IMAGEN_3": "https:\/\/drive.google.com\/uc?export=view&id=1SgWR9B2qp4rPv5vktzOEit5Kd7kgQR5h" }, "geometry": { "type": "Point", "coordinates": [ -73.693763299999944, 5.812428300000022, 0.0 ] } },
{ "type": "Feature", "properties": { "FECHA": "28\/09\/2025 00:00:00 (UTC)", "DEPTO": "SANTANDER", "MUNICIPIO": "JESÚS MARÍA", "VEREDA": "AGUA FRIA", "GASODUCTO": "PORVENIR - LA BELLEZA", "TRAMO": "Puente Guillermo - La Belleza", "TP_DUCTO": "Loop", "DISTRITO": "5", "DIAMETRO": "30\"", "TRM_REG": "EL PORVENIR - LA BELLEZA", "PK": "003+567", "PK_PAT": "3606", "ID_EVENTO": "", "TP_EVENTO": "OTRO", "LONG_EVENT": 0.0, "AMENAZA": "( )", "ESTADO_EG": " ", "FX2": " ", "OBSERVACIO": "No se evidencia proceso", "PROFUNDIDA": 2.41, "COD_ID": "PROC-2", "ENTREGA": "E41_R1", "LATITUD": 5.8325, "LONGITUD": -73.8446, "IMAGEN_1": "C003_IMG_20250928_084432.jpg", "IMAGEN_2": "C003_IMG_20250928_084446.jpg", "IMAGEN_3": "C003_IMG_20250928_084452.jpg", "VISUALIZAR_IMAGEN_1": "https:\/\/drive.google.com\/uc?export=view&id=1xT5jgymozF3NdOkiweSKxkBZ7sA2xrmB", "VISUALIZAR_IMAGEN_2": "https:\/\/drive.google.com\/uc?export=view&id=1wFmM9fRUNZOUD7ToYlZoda6Oz57yT_T5", "VISUALIZAR_IMAGEN_3": "https:\/\/drive.google.com\/uc?export=view&id=1be4nIAmkyNJVsny9GesF-xeKRlk5xJ5e" }, "geometry": { "type": "Point", "coordinates": [ -73.8446, 5.8325, 0.0 ] } },
{ "type": "Feature", "properties": { "FECHA": "29\/09\/2025 00:00:00 (UTC)", "DEPTO": "SANTANDER", "MUNICIPIO": "FLORIÁN", "VEREDA": "LA VENTA", "GASODUCTO": "PORVENIR - LA BELLEZA", "TRAMO": "Puente Guillermo - La Belleza", "TP_DUCTO": "Loop", "DISTRITO": "5", "DIAMETRO": "30\"", "TRM_REG": "EL PORVENIR - LA BELLEZA", "PK": "009+174", "PK_PAT": "9140", "ID_EVENTO": "", "TP_EVENTO": "SOCAVACIÓN DE FONDO", "LONG_EVENT": 0.0, "AMENAZA": "( )", "ESTADO_EG": " ", "FX2": " ", "OBSERVACIO": "No se evidencia proceso", "PROFUNDIDA": 1.28, "COD_ID": "PROC-3", "ENTREGA": "E41_R1", "LATITUD": 5.8063, "LONGITUD": -73.885, "IMAGEN_1": "C003_IMG_20250929_101821.jpg", "IMAGEN_2": "C003_IMG_20250929_101916.jpg", "IMAGEN_3": "C003_IMG_20250929_101959.jpg", "VISUALIZAR_IMAGEN_1": "https:\/\/drive.google.com\/uc?export=view&id=1je0b192LUnPGw2yPvXtBp7jj_qC4jWez", "VISUALIZAR_IMAGEN_2": "https:\/\/drive.google.com\/uc?export=view&id=16ySPlyh5wpc2UxsWgz777M6F7ArpFWyh", "VISUALIZAR_IMAGEN_3": "https:\/\/drive.google.com\/uc?export=view&id=1tKc1N2DHHkur4lMWTvlhqoJSE03-C78J" }, "geometry": { "type": "Point", "coordinates": [ -73.885, 5.8063, 0.0 ] } },
{ "type": "Feature", "properties": { "FECHA": "8\/09\/2025 00:00:00 (UTC)", "DEPTO": "BOYACÁ", "MUNICIPIO": "SANTA SOFÍA", "VEREDA": "HORNILLAS", "GASODUCTO": "PORVENIR - LA BELLEZA", "TRAMO": "Miraflores - Puente Guillermo", "TP_DUCTO": "Loop", "DISTRITO": "5", "DIAMETRO": "20\"", "TRM_REG": "EL PORVENIR - LA BELLEZA", "PK": "170+858", "PK_PAT": "170844", "ID_EVENTO": "", "TP_EVENTO": "SOCAVACIÓN LATERAL", "LONG_EVENT": 0.4, "AMENAZA": "( )", "ESTADO_EG": " ", "FX2": " ", "OBSERVACIO": "socavacion lateral margen izquierdo del cruce subfluvial, L=0,40m, An=0,40m, Al=0,40m. Evento sobre ddv paralelo al ducto.", "PROFUNDIDA": 1.82, "COD_ID": "PROC-1", "ENTREGA": "E41_R1", "LATITUD": 5.724337, "LONGITUD": -73.589511, "IMAGEN_1": "C003_IMG_20250908_094812.jpg", "IMAGEN_2": "C003_IMG_20250908_094824.jpg", "IMAGEN_3": "C003_IMG_20250908_094836.jpg", "VISUALIZAR_IMAGEN_1": "https:\/\/drive.google.com\/uc?export=view&id=1b34c54r1wq0c8cfsPr5aEdMWqMQbuIHd", "VISUALIZAR_IMAGEN_2": "https:\/\/drive.google.com\/uc?export=view&id=1n7Uxm_V8oW-jABFUNS38R_vJRnlf4xSn", "VISUALIZAR_IMAGEN_3": "https:\/\/drive.google.com\/uc?export=view&id=1BylHZUUTXJKmX1XeX_zbz9BB5TXnbim_" }, "geometry": { "type": "Point", "coordinates": [ -73.589511, 5.724337, 0.0 ] } },
{ "type": "Feature", "properties": { "FECHA": "3\/10\/2025 00:00:00 (UTC)", "DEPTO": "(CESAR)", "MUNICIPIO": "PAILITAS", "VEREDA": "BUBETA", "GASODUCTO": "BALLENA - BARRANCABERMEJA", "TRAMO": "Curumani - Norean", "TP_DUCTO": "Troncal", "DISTRITO": "6", "DIAMETRO": "18\"", "TRM_REG": "BALLENA - BARRANCABERMEJA", "PK": "353+164", "PK_PAT": "353165", "ID_EVENTO": null, "TP_EVENTO": "OTRO", "LONG_EVENT": 0.0, "AMENAZA": "Bajo", "ESTADO_EG": " ", "FX2": " ", "OBSERVACIO": "Carcava pequeña", "PROFUNDIDA": 1.82, "COD_ID": " ", "ENTREGA": "E42_R1", "LATITUD": 8.935079, "LONGITUD": -73.665295, "IMAGEN_1": "C002_IMG_20251003_071231.jpg", "IMAGEN_2": "C002_IMG_20251003_071237.jpg", "IMAGEN_3": "C002_IMG_20251003_071244.jpg", "VISUALIZAR_IMAGEN_1": "https:\/\/drive.google.com\/uc?export=view&id=1NrWDq2H_el3xZjwp0qV0mkalV4oDBN4H", "VISUALIZAR_IMAGEN_2": "https:\/\/drive.google.com\/uc?export=view&id=1WoY2jGsB2vsHvjxBfGcdCZR2q9hkiX65", "VISUALIZAR_IMAGEN_3": "https:\/\/drive.google.com\/uc?export=view&id=1-Lsio9LfRxdg15Cf6fwde74T-GMU3UuO" }, "geometry": { "type": "Point", "coordinates": [ -73.665295, 8.935079, 0.0 ] } },
{ "type": "Feature", "properties": { "FECHA": "4\/10\/2025 00:00:00 (UTC)", "DEPTO": "(CESAR)", "MUNICIPIO": "PAILITAS", "VEREDA": "EL BURRO", "GASODUCTO": "BALLENA - BARRANCABERMEJA", "TRAMO": "Curumani - Norean", "TP_DUCTO": "Troncal", "DISTRITO": "6", "DIAMETRO": "18\"", "TRM_REG": "BALLENA - BARRANCABERMEJA", "PK": "360+906", "PK_PAT": " ", "ID_EVENTO": null, "TP_EVENTO": "SURCOS", "LONG_EVENT": 20.0, "AMENAZA": "( )", "ESTADO_EG": " ", "FX2": " ", "OBSERVACIO": "Surco, con profundidad de 0,40 mt", "PROFUNDIDA": 1.9, "COD_ID": " ", "ENTREGA": "E42_R1", "LATITUD": 8.8658436440000514, "LONGITUD": -73.668458120999958, "IMAGEN_1": "C002_IMG_20251004_073430.jpg", "IMAGEN_2": "C002_IMG_20251004_073436.jpg", "IMAGEN_3": "C002_IMG_20251004_073442.jpg", "VISUALIZAR_IMAGEN_1": "https:\/\/drive.google.com\/uc?export=view&id=1jgeqeqIffRlkaebWNJPKv2bIzTdEaB1Z", "VISUALIZAR_IMAGEN_2": "https:\/\/drive.google.com\/uc?export=view&id=13Ow1SDBYsg8YKixCddNIx_KKcoxw3eny", "VISUALIZAR_IMAGEN_3": "https:\/\/drive.google.com\/uc?export=view&id=1DUSKy7NRF2oejjCr3TTwycbfSkHoMRUm" }, "geometry": { "type": "Point", "coordinates": [ -73.668458120999958, 8.865843644000051, 65.328599999993457 ] } },
{ "type": "Feature", "properties": { "FECHA": "27\/09\/2025 00:00:00 (UTC)", "DEPTO": "(CESAR)", "MUNICIPIO": "PAILITAS", "VEREDA": "EL DIVISO", "GASODUCTO": "BALLENA - BARRANCABERMEJA", "TRAMO": "Curumani - Norean", "TP_DUCTO": "Troncal", "DISTRITO": "6", "DIAMETRO": "18\"", "TRM_REG": "BALLENA - BARRANCABERMEJA", "PK": "347+437", "PK_PAT": "347400", "ID_EVENTO": null, "TP_EVENTO": "SOCAVACIÓN DE FONDO", "LONG_EVENT": 3.0, "AMENAZA": "( )", "ESTADO_EG": " ", "FX2": " ", "OBSERVACIO": "Socavación lateral y de fondo cerca al muro gavion", "PROFUNDIDA": 1.23, "COD_ID": " ", "ENTREGA": "E42_R1", "LATITUD": 8.9864000000000601, "LONGITUD": -73.663, "IMAGEN_1": "C002_IMG_20250927_102502.jpg", "IMAGEN_2": "C002_IMG_20250927_102507.jpg", "IMAGEN_3": "C002_IMG_20250927_102515.jpg", "VISUALIZAR_IMAGEN_1": "https:\/\/drive.google.com\/uc?export=view&id=1RAakjftLsb1YE4BvKgD-awJJgBpdK7tf", "VISUALIZAR_IMAGEN_2": "https:\/\/drive.google.com\/uc?export=view&id=15bhUmrB-b5GdINEjcZ_4HffZnoqfh7Bt", "VISUALIZAR_IMAGEN_3": "https:\/\/drive.google.com\/uc?export=view&id=14ZuVVURFA70Q-SHieidXPjkOejwOGZaz" }, "geometry": { "type": "Point", "coordinates": [ -73.663, 8.9864, 0.0 ] } },
{ "type": "Feature", "properties": { "FECHA": "26\/09\/2025 00:00:00 (UTC)", "DEPTO": "(CESAR)", "MUNICIPIO": "CHIMICHAGUA", "VEREDA": "SABANA DE LOS ENTIERROS", "GASODUCTO": "BALLENA - BARRANCABERMEJA", "TRAMO": "Curumani - Norean", "TP_DUCTO": "Troncal", "DISTRITO": "6", "DIAMETRO": "18\"", "TRM_REG": "BALLENA - BARRANCABERMEJA", "PK": "342+331", "PK_PAT": "342326", "ID_EVENTO": null, "TP_EVENTO": "SOCAVACIÓN LATERAL", "LONG_EVENT": 6.0, "AMENAZA": "Alto", "ESTADO_EG": " ", "FX2": " ", "OBSERVACIO": "Socavacion", "PROFUNDIDA": 2.45, "COD_ID": " ", "ENTREGA": "E42_R1", "LATITUD": 9.0318280000000755, "LONGITUD": -73.659922, "IMAGEN_1": "C002_IMG_20250926_093443.jpg", "IMAGEN_2": "C002_IMG_20250926_093448.jpg", "IMAGEN_3": "C002_IMG_20250926_093458.jpg", "VISUALIZAR_IMAGEN_1": "https:\/\/drive.google.com\/uc?export=view&id=1j3g4SSw1XK-fCl1klRhqgI-MZSJAzZnb", "VISUALIZAR_IMAGEN_2": "https:\/\/drive.google.com\/uc?export=view&id=1ndJhSgWMWsOTQ6nBdUpWuyfjbOc5nGOV", "VISUALIZAR_IMAGEN_3": "https:\/\/drive.google.com\/uc?export=view&id=1S7DRgHWqkU3I27yl2JmNmdLXZKB4SAnp" }, "geometry": { "type": "Point", "coordinates": [ -73.659922, 9.031828, 0.0 ] } },
{ "type": "Feature", "properties": { "FECHA": "26\/09\/2025 00:00:00 (UTC)", "DEPTO": "(CESAR)", "MUNICIPIO": "PAILITAS", "VEREDA": "LA PAZ", "GASODUCTO": "BALLENA - BARRANCABERMEJA", "TRAMO": "Curumani - Norean", "TP_DUCTO": "Troncal", "DISTRITO": "6", "DIAMETRO": "18\"", "TRM_REG": "BALLENA - BARRANCABERMEJA", "PK": "342+456", "PK_PAT": "342460", "ID_EVENTO": null, "TP_EVENTO": "OTRO", "LONG_EVENT": 0.0, "AMENAZA": "Medio", "ESTADO_EG": " ", "FX2": " ", "OBSERVACIO": "No se evidencia proceso menor", "PROFUNDIDA": 0.0, "COD_ID": " ", "ENTREGA": "E42_R1", "LATITUD": 9.0307310000000598, "LONGITUD": -73.660045, "IMAGEN_1": "C002_IMG_20250926_094956.jpg", "IMAGEN_2": "C002_IMG_20250926_095007.jpg", "IMAGEN_3": "C002_IMG_20250926_095012.jpg", "VISUALIZAR_IMAGEN_1": "https:\/\/drive.google.com\/uc?export=view&id=13_E9wgP8fokjRm9PYrLvpeX0qsNfIrRk", "VISUALIZAR_IMAGEN_2": "https:\/\/drive.google.com\/uc?export=view&id=1Ki_HMR6Iu8C70iK_zy8o5lXKWMh4jVeZ", "VISUALIZAR_IMAGEN_3": "https:\/\/drive.google.com\/uc?export=view&id=1O92i4g3sNiRDPeIVOOu3e1DIV1Roif0Q" }, "geometry": { "type": "Point", "coordinates": [ -73.660045, 9.030731, 0.0 ] } },
{ "type": "Feature", "properties": { "FECHA": "28\/09\/2025 00:00:00 (UTC)", "DEPTO": "(CESAR)", "MUNICIPIO": "PAILITAS", "VEREDA": "SAN JOSÉ DE TAGUAJE", "GASODUCTO": "BALLENA - BARRANCABERMEJA", "TRAMO": "Curumani - Norean", "TP_DUCTO": "Troncal", "DISTRITO": "6", "DIAMETRO": "18\"", "TRM_REG": "BALLENA - BARRANCABERMEJA", "PK": "350+996", "PK_PAT": "350997", "ID_EVENTO": null, "TP_EVENTO": "OTRO", "LONG_EVENT": 0.0, "AMENAZA": "( )", "ESTADO_EG": " ", "FX2": " ", "OBSERVACIO": "No se evidencia evento, zona cubierta por vegetación", "PROFUNDIDA": 2.05, "COD_ID": " ", "ENTREGA": "E42_R1", "LATITUD": 8.95455, "LONGITUD": -73.664304, "IMAGEN_1": "C002_IMG_20250928_083301.jpg", "IMAGEN_2": "C002_IMG_20250928_083310.jpg", "IMAGEN_3": "C002_IMG_20250928_083315.jpg", "VISUALIZAR_IMAGEN_1": "https:\/\/drive.google.com\/uc?export=view&id=19axLH3m6aCyBcR08CuVIQzVfkn5yX-PR", "VISUALIZAR_IMAGEN_2": "https:\/\/drive.google.com\/uc?export=view&id=1KqVnHucOmL4bsWeXvBKj0Auk0_Q6ZOIW", "VISUALIZAR_IMAGEN_3": "https:\/\/drive.google.com\/uc?export=view&id=1MX_Py-fUDwVakidll6PufddbR4kY25WX" }, "geometry": { "type": "Point", "coordinates": [ -73.664304, 8.95455, 0.0 ] } },
{ "type": "Feature", "properties": { "FECHA": "28\/09\/2025 00:00:00 (UTC)", "DEPTO": "(CESAR)", "MUNICIPIO": "PAILITAS", "VEREDA": "SAN JOSÉ DE TAGUAJE", "GASODUCTO": "BALLENA - BARRANCABERMEJA", "TRAMO": "Curumani - Norean", "TP_DUCTO": "Troncal", "DISTRITO": "6", "DIAMETRO": "18\"", "TRM_REG": "BALLENA - BARRANCABERMEJA", "PK": "351+323", "PK_PAT": "351320", "ID_EVENTO": null, "TP_EVENTO": "OTRO", "LONG_EVENT": 0.0, "AMENAZA": "( )", "ESTADO_EG": " ", "FX2": " ", "OBSERVACIO": "Se evidencia rastros de una explanación, hoy en día nobse evidencia proceso menor", "PROFUNDIDA": 2.02, "COD_ID": " ", "ENTREGA": "E42_R1", "LATITUD": 8.9516, "LONGITUD": -73.6644, "IMAGEN_1": "C002_IMG_20250928_084818.jpg", "IMAGEN_2": "C002_IMG_20250928_084822.jpg", "IMAGEN_3": "C002_IMG_20250928_084831.jpg", "VISUALIZAR_IMAGEN_1": "https:\/\/drive.google.com\/uc?export=view&id=1LRHQCUEgZlAObD4mFN6fJw1DwPNofsZA", "VISUALIZAR_IMAGEN_2": "https:\/\/drive.google.com\/uc?export=view&id=12ghqmYXqvNEEJx5caaPoWEluFcBoT1H3", "VISUALIZAR_IMAGEN_3": "https:\/\/drive.google.com\/uc?export=view&id=1poprRdVesWoCcHmuLklK7sM35RQZo9QL" }, "geometry": { "type": "Point", "coordinates": [ -73.6644, 8.9516, 0.0 ] } },
{ "type": "Feature", "properties": { "FECHA": "25\/09\/2025 00:00:00 (UTC)", "DEPTO": "(CESAR)", "MUNICIPIO": "CHIMICHAGUA", "VEREDA": "SABANA DE LOS ENTIERROS", "GASODUCTO": "BALLENA - BARRANCABERMEJA", "TRAMO": "Curumani - Norean", "TP_DUCTO": "Troncal", "DISTRITO": "6", "DIAMETRO": "18\"", "TRM_REG": "BALLENA - BARRANCABERMEJA", "PK": "338+779", "PK_PAT": "338+780", "ID_EVENTO": null, "TP_EVENTO": "OTRO", "LONG_EVENT": 0.0, "AMENAZA": "( )", "ESTADO_EG": " ", "FX2": " ", "OBSERVACIO": "erosión laminar superficial", "PROFUNDIDA": 2.24, "COD_ID": " ", "ENTREGA": "E42_R1", "LATITUD": 9.063, "LONGITUD": -73.657652, "IMAGEN_1": "C002_IMG_20250925_090120.jpg", "IMAGEN_2": "C002_IMG_20250925_090131.jpg", "IMAGEN_3": "C002_IMG_20250925_090137.jpg", "VISUALIZAR_IMAGEN_1": "https:\/\/drive.google.com\/uc?export=view&id=1n1o0t31NQh_0USg9na57T-zTI6gFSFzV", "VISUALIZAR_IMAGEN_2": "https:\/\/drive.google.com\/uc?export=view&id=1PCyLpDmHS_yzBu9CKun8Biv2t02vJwfm", "VISUALIZAR_IMAGEN_3": "https:\/\/drive.google.com\/uc?export=view&id=1HgVTOAERpVkA8XV2glnOyLHuhry3ctvb" }, "geometry": { "type": "Point", "coordinates": [ -73.657652, 9.063, 0.0 ] } },
{ "type": "Feature", "properties": { "FECHA": "28\/09\/2025 00:00:00 (UTC)", "DEPTO": "(CESAR)", "MUNICIPIO": "PAILITAS", "VEREDA": "SAN JOSÉ DE TAGUAJE", "GASODUCTO": "BALLENA - BARRANCABERMEJA", "TRAMO": "Curumani - Norean", "TP_DUCTO": "Troncal", "DISTRITO": "6", "DIAMETRO": "18\"", "TRM_REG": "BALLENA - BARRANCABERMEJA", "PK": "349+093", "PK_PAT": " ", "ID_EVENTO": null, "TP_EVENTO": "CARCAVAS", "LONG_EVENT": 20.0, "AMENAZA": "( )", "ESTADO_EG": " ", "FX2": " ", "OBSERVACIO": "Carcavas, falta de presencia de vegetación que evite la erosión del suelo", "PROFUNDIDA": 2.14, "COD_ID": " ", "ENTREGA": "E42_R1", "LATITUD": 8.9715459220000753, "LONGITUD": -73.663561029999983, "IMAGEN_1": "C002_IMG_20250928_070332.jpg", "IMAGEN_2": "C002_IMG_20250928_070340.jpg", "IMAGEN_3": "C002_IMG_20250928_070348.jpg", "VISUALIZAR_IMAGEN_1": "https:\/\/drive.google.com\/uc?export=view&id=1Bv9WdMr6IHC9PbN6PXNjuob2iQbFbhIj", "VISUALIZAR_IMAGEN_2": "https:\/\/drive.google.com\/uc?export=view&id=18y3VWsLjnsPHtnGVPIJqp4k2ZG6UXarg", "VISUALIZAR_IMAGEN_3": "https:\/\/drive.google.com\/uc?export=view&id=18y6ZzBPTOZeNytZjRVG6Tm_mhM6M2E4s" }, "geometry": { "type": "Point", "coordinates": [ -73.663561029999983, 8.971545922000075, 58.16019999999844 ] } },
{ "type": "Feature", "properties": { "FECHA": "30\/09\/2025 00:00:00 (UTC)", "DEPTO": "(CESAR)", "MUNICIPIO": "TAMALAMEQUE", "VEREDA": "SAN FRANCISCO", "GASODUCTO": "BALLENA - BARRANCABERMEJA", "TRAMO": "Tamalameque", "TP_DUCTO": "Ramal", "DISTRITO": "6", "DIAMETRO": "3\"", "TRM_REG": "BALLENA - BARRANCABERMEJA", "PK": "009+278", "PK_PAT": "9277", "ID_EVENTO": null, "TP_EVENTO": "OTRO", "LONG_EVENT": 0.0, "AMENAZA": "Medio", "ESTADO_EG": " ", "FX2": " ", "OBSERVACIO": "No sr evidencia proceso menor", "PROFUNDIDA": 9.0, "COD_ID": " ", "ENTREGA": "E42_R1", "LATITUD": 8.877308, "LONGITUD": -73.74846, "IMAGEN_1": "C002_IMG_20250930_090137.jpg", "IMAGEN_2": "C002_IMG_20250930_090144.jpg", "IMAGEN_3": "C002_IMG_20250930_090150.jpg", "VISUALIZAR_IMAGEN_1": "https:\/\/drive.google.com\/uc?export=view&id=1qks8Nyd4WNVxo-TEeyx_j4_jmptmV7IB", "VISUALIZAR_IMAGEN_2": "https:\/\/drive.google.com\/uc?export=view&id=12BCTZVjMM69HY8jBEZRXBf7eH9jwMcnc", "VISUALIZAR_IMAGEN_3": "https:\/\/drive.google.com\/uc?export=view&id=1aF4e5dtWHJbqzSp1nbnwgu0frc4hB8QO" }, "geometry": { "type": "Point", "coordinates": [ -73.74846, 8.877308, 0.0 ] } },
{ "type": "Feature", "properties": { "FECHA": "4\/10\/2025 00:00:00 (UTC)", "DEPTO": "(CESAR)", "MUNICIPIO": "LA GLORIA", "VEREDA": "TORCOROMA", "GASODUCTO": "BALLENA - BARRANCABERMEJA", "TRAMO": "Curumani - Norean", "TP_DUCTO": "Troncal", "DISTRITO": "6", "DIAMETRO": "18\"", "TRM_REG": "BALLENA - BARRANCABERMEJA", "PK": "394+678", "PK_PAT": "394+679", "ID_EVENTO": "", "TP_EVENTO": "OTRO", "LONG_EVENT": 0.0, "AMENAZA": "( )", "ESTADO_EG": " ", "FX2": " ", "OBSERVACIO": "EXCAVACIÓN PARA CANALES DE RIEGO EN CULTIVO DE PALMA. PROF.", "PROFUNDIDA": 1.08, "COD_ID": " ", "ENTREGA": "E42_R1", "LATITUD": 8.5690000000000737, "LONGITUD": -73.684, "IMAGEN_1": "C001_IMG_20251004_103452.jpg", "IMAGEN_2": "C001_IMG_20251004_103505.jpg", "IMAGEN_3": "C001_IMG_20251004_103510.jpg", "VISUALIZAR_IMAGEN_1": "https:\/\/drive.google.com\/uc?export=view&id=1m96H-2FzIPQ5xQ4qRKU2rWNRL5jIyWY9", "VISUALIZAR_IMAGEN_2": "https:\/\/drive.google.com\/uc?export=view&id=1vp8L4Y_d_s1xc0YgsvptNjnV_1yo1vPd", "VISUALIZAR_IMAGEN_3": "https:\/\/drive.google.com\/uc?export=view&id=17ibS6Jo4JEZlKSbddt_vpV5RjOuqc7Kw" }, "geometry": { "type": "Point", "coordinates": [ -73.684, 8.569, 0.0 ] } },
{ "type": "Feature", "properties": { "FECHA": "29\/09\/2025 00:00:00 (UTC)", "DEPTO": "CESAR", "MUNICIPIO": "AGUSTÍN CODAZZI", "VEREDA": "PUNTA ARRECHA", "GASODUCTO": "BALLENA - BARRANCABERMEJA", "TRAMO": "Jagua del Pilar - Casacara", "TP_DUCTO": "Troncal", "DISTRITO": "6", "DIAMETRO": "18\"", "TRM_REG": "BALLENA - BARRANCABERMEJA", "PK": "223+493", "PK_PAT": "223494", "ID_EVENTO": "", "TP_EVENTO": "OTRO", "LONG_EVENT": 0.0, "AMENAZA": "Bajo", "ESTADO_EG": " ", "FX2": " ", "OBSERVACIO": "NO SE OBSERVA AFECTACIÓN AL DDV.", "PROFUNDIDA": 1.39, "COD_ID": "PROC-1", "ENTREGA": "E43_R1", "LATITUD": 9.9621920000000728, "LONGITUD": -73.284967, "IMAGEN_1": "C001_IMG_20250929_110347.jpg", "IMAGEN_2": "C001_IMG_20250929_110416.jpg", "IMAGEN_3": "C001_IMG_20250929_110422.jpg", "VISUALIZAR_IMAGEN_1": "https:\/\/drive.google.com\/uc?export=view&id=1EqOnAf66b1lD2cpGkJvJUsa2t0aSXZiz", "VISUALIZAR_IMAGEN_2": "https:\/\/drive.google.com\/uc?export=view&id=1ir1GcpZJiv5gTZXH7RSIr4pr5RjkV3um", "VISUALIZAR_IMAGEN_3": "https:\/\/drive.google.com\/uc?export=view&id=1j5wgwEGNKjzXxJxH5l-ogMFB7VzOSlAp" }, "geometry": { "type": "Point", "coordinates": [ -73.284967, 9.962192, 0.0 ] } },
{ "type": "Feature", "properties": { "FECHA": "26\/09\/2025 00:00:00 (UTC)", "DEPTO": "CESAR", "MUNICIPIO": "AGUSTÍN CODAZZI", "VEREDA": "PUNTA ARRECHA", "GASODUCTO": "BALLENA - BARRANCABERMEJA", "TRAMO": "Agustin Codazzi", "TP_DUCTO": "Ramal", "DISTRITO": "6", "DIAMETRO": "2\"", "TRM_REG": "BALLENA - BARRANCABERMEJA", "PK": "000+204", "PK_PAT": "190", "ID_EVENTO": "", "TP_EVENTO": "SURCOS", "LONG_EVENT": 0.0, "AMENAZA": "( )", "ESTADO_EG": " ", "FX2": " ", "OBSERVACIO": "NO SE OBSERVA SURCAMIENTO PARA GENERAR HALLAZGO GEOTÉCNICO. Prof. 1,43m", "PROFUNDIDA": 1.43, "COD_ID": "PROC-2", "ENTREGA": "E43_R1", "LATITUD": 10.0368, "LONGITUD": -73.2867, "IMAGEN_1": "C001_IMG_20250926_082732.jpg", "IMAGEN_2": "C001_IMG_20250926_082757.jpg", "IMAGEN_3": "C001_IMG_20250926_082803.jpg", "VISUALIZAR_IMAGEN_1": "https:\/\/drive.google.com\/uc?export=view&id=1idMunsQ59uDWzb7RkNu14O5lviWZtE1x", "VISUALIZAR_IMAGEN_2": "https:\/\/drive.google.com\/uc?export=view&id=1eattdUVhja-_bQKn82he7Mo8kyyuWfoJ", "VISUALIZAR_IMAGEN_3": "https:\/\/drive.google.com\/uc?export=view&id=1S4gRrdrMCljilhxF-qJmCLZFNKVpzhar" }, "geometry": { "type": "Point", "coordinates": [ -73.2867, 10.0368, 0.0 ] } },
{ "type": "Feature", "properties": { "FECHA": "26\/09\/2025 00:00:00 (UTC)", "DEPTO": "CESAR", "MUNICIPIO": "AGUSTÍN CODAZZI", "VEREDA": "PUNTA ARRECHA", "GASODUCTO": "BALLENA - BARRANCABERMEJA", "TRAMO": "Agustin Codazzi", "TP_DUCTO": "Ramal", "DISTRITO": "6", "DIAMETRO": "2\"", "TRM_REG": "BALLENA - BARRANCABERMEJA", "PK": "001+559", "PK_PAT": "1570", "ID_EVENTO": "", "TP_EVENTO": "SURCOS", "LONG_EVENT": 4.0, "AMENAZA": "( )", "ESTADO_EG": " ", "FX2": " ", "OBSERVACIO": "EROSIÓN LAMINAR Y EN SURCOS SOBRE EL DDV. PROF. 1,2M", "PROFUNDIDA": 1.2, "COD_ID": "PROC-3", "ENTREGA": "E43_R1", "LATITUD": 10.0382, "LONGITUD": -73.2751, "IMAGEN_1": "C001_IMG_20250926_092510.jpg", "IMAGEN_2": "C001_IMG_20250926_092532.jpg", "IMAGEN_3": "C001_IMG_20250926_092537.jpg", "VISUALIZAR_IMAGEN_1": "https:\/\/drive.google.com\/uc?export=view&id=1JyP79VF4TkY4EiBpD16dlL5bnNVLvsFX", "VISUALIZAR_IMAGEN_2": "https:\/\/drive.google.com\/uc?export=view&id=1OmxO_5GuH4IQgjeL9tUYh1jGXEzwMa7r", "VISUALIZAR_IMAGEN_3": "https:\/\/drive.google.com\/uc?export=view&id=1wGCHMjl7kwSgytSARDQifGW-TH42qZIM" }, "geometry": { "type": "Point", "coordinates": [ -73.2751, 10.0382, 0.0 ] } },
{ "type": "Feature", "properties": { "FECHA": "30\/09\/2025 00:00:00 (UTC)", "DEPTO": "CESAR", "MUNICIPIO": "AGUSTÍN CODAZZI", "VEREDA": "PUNTA ARRECHA", "GASODUCTO": "BALLENA - BARRANCABERMEJA", "TRAMO": "Jagua del Pilar - Casacara", "TP_DUCTO": "Troncal", "DISTRITO": "6", "DIAMETRO": "18\"", "TRM_REG": "BALLENA - BARRANCABERMEJA", "PK": "229+681", "PK_PAT": "229678", "ID_EVENTO": "", "TP_EVENTO": "SOCAVACIÓN LATERAL", "LONG_EVENT": 0.0, "AMENAZA": "( )", "ESTADO_EG": " ", "FX2": " ", "OBSERVACIO": "MÁRGENES CON VEGETACIÓN DENSA. NO SE LOGRA OBSERVAR SI LA SOCAVACIÓN LATERAL AVANZA RETROGRADANDO EL TALUD O SI ESTÁ COBFINADA", "PROFUNDIDA": 0.0, "COD_ID": "PROC-4", "ENTREGA": "E43_R1", "LATITUD": 9.91, "LONGITUD": -73.2962, "IMAGEN_1": "C001_IMG_20250930_111005.jpg", "IMAGEN_2": "C001_IMG_20250930_111011.jpg", "IMAGEN_3": "C001_IMG_20250930_111016.jpg", "VISUALIZAR_IMAGEN_1": "https:\/\/drive.google.com\/uc?export=view&id=1qdAtiiVnuQaCz_dZK4IN8rfdRe7kFWnl", "VISUALIZAR_IMAGEN_2": "https:\/\/drive.google.com\/uc?export=view&id=1cB06zvoadYbQOWAEGFhkLltk4jLqoXKs", "VISUALIZAR_IMAGEN_3": "https:\/\/drive.google.com\/uc?export=view&id=1ict58Njl6fl44tpAz4FTZfK-A80UGmHr" }, "geometry": { "type": "Point", "coordinates": [ -73.2962, 9.91, 0.0 ] } },
{ "type": "Feature", "properties": { "FECHA": "4\/10\/2025 00:00:00 (UTC)", "DEPTO": "(SANTANDER)", "MUNICIPIO": "FLORIÁN", "VEREDA": "OTRO MUNDO", "GASODUCTO": "CENTRO - ORIENTE", "TRAMO": "La Belleza - Vasconia", "TP_DUCTO": "Loop", "DISTRITO": "1", "DIAMETRO": "16\"", "TRM_REG": "LA BELLEZA - VASCONIA", "PK": "008+755", "PK_PAT": "231154", "ID_EVENTO": "", "TP_EVENTO": "OTRO", "LONG_EVENT": 0.0, "AMENAZA": "( )", "ESTADO_EG": " ", "FX2": " ", "OBSERVACIO": "No se evidencia", "PROFUNDIDA": 2.07, "COD_ID": " ", "ENTREGA": "E45_R1", "LATITUD": 5.8386400000000549, "LONGITUD": -74.0283683, "IMAGEN_1": "C003_IMG_20251004_094947.jpg", "IMAGEN_2": "C003_IMG_20251004_095002.jpg", "IMAGEN_3": "C003_IMG_20251004_095022.jpg", "VISUALIZAR_IMAGEN_1": "https:\/\/drive.google.com\/uc?export=view&id=1dN0g2H0HomGvoiA7rTTANocvzMsscMJc", "VISUALIZAR_IMAGEN_2": "https:\/\/drive.google.com\/uc?export=view&id=1_h8-ccvAopWhvRfrf85om6mPKCX5hsH4", "VISUALIZAR_IMAGEN_3": "https:\/\/drive.google.com\/uc?export=view&id=11wnM8DSKdlTZgnS__vk5qOtL4H6aSD6O" }, "geometry": { "type": "Point", "coordinates": [ -74.028368299999954, 5.83864, 0.0 ] } },
{ "type": "Feature", "properties": { "FECHA": "2\/10\/2025 00:00:00 (UTC)", "DEPTO": "(SANTANDER)", "MUNICIPIO": "FLORIÁN", "VEREDA": "BUENA VISTA ALTA", "GASODUCTO": "CENTRO - ORIENTE", "TRAMO": "La Belleza - Vasconia", "TP_DUCTO": "Loop", "DISTRITO": "1", "DIAMETRO": "16\"", "TRM_REG": "LA BELLEZA - VASCONIA", "PK": "001+021", "PK_PAT": "223440", "ID_EVENTO": "", "TP_EVENTO": "OTRO", "LONG_EVENT": 0.0, "AMENAZA": "( )", "ESTADO_EG": " ", "FX2": " ", "OBSERVACIO": "No se evidencia", "PROFUNDIDA": 1.9, "COD_ID": " ", "ENTREGA": "E45_R1", "LATITUD": 5.83919, "LONGITUD": -73.9732517, "IMAGEN_1": "C003_IMG_20251002_111032.jpg", "IMAGEN_2": "C003_IMG_20251002_111038.jpg", "IMAGEN_3": "C003_IMG_20251002_111045.jpg", "VISUALIZAR_IMAGEN_1": "https:\/\/drive.google.com\/uc?export=view&id=1WQP0oHhsUkfCLWaYDfTKBAWktz8OZmj4", "VISUALIZAR_IMAGEN_2": "https:\/\/drive.google.com\/uc?export=view&id=14hgfBNuKId1xn4NER5MFrDf28xrnua3e", "VISUALIZAR_IMAGEN_3": "https:\/\/drive.google.com\/uc?export=view&id=1FlaVvr0rxxGfvOT6v60vApulBj-gBwzn" }, "geometry": { "type": "Point", "coordinates": [ -73.973251699999935, 5.83919, 0.0 ] } },
{ "type": "Feature", "properties": { "FECHA": "3\/10\/2025 00:00:00 (UTC)", "DEPTO": "(SANTANDER)", "MUNICIPIO": "LA BELLEZA", "VEREDA": "LA PLAYA", "GASODUCTO": "CENTRO - ORIENTE", "TRAMO": "La Belleza - Vasconia", "TP_DUCTO": "Loop", "DISTRITO": "1", "DIAMETRO": "16\"", "TRM_REG": "LA BELLEZA - VASCONIA", "PK": "004+438", "PK_PAT": "226+890", "ID_EVENTO": "", "TP_EVENTO": "DESLIZAMIENTO TRASLACIONAL", "LONG_EVENT": 0.0, "AMENAZA": "( )", "ESTADO_EG": " ", "FX2": " ", "OBSERVACIO": "Evento Geotecnico contenido con muro de contencion de postes metalicos. Evento compartido con Troncal La Belleza - Vasconia.", "PROFUNDIDA": 2.08, "COD_ID": " ", "ENTREGA": "E45_R1", "LATITUD": 5.8403572, "LONGITUD": -73.9981235, "IMAGEN_1": "C003_IMG_20251003_100703.jpg", "IMAGEN_2": "C003_IMG_20251003_100720.jpg", "IMAGEN_3": "C003_IMG_20251003_100808.jpg", "VISUALIZAR_IMAGEN_1": "https:\/\/drive.google.com\/uc?export=view&id=1RCXOVY49aTrM6RU2UTvsbdGAUpQ_Fw-F", "VISUALIZAR_IMAGEN_2": "https:\/\/drive.google.com\/uc?export=view&id=1oO_iaVPdDGzO204c1OB3dfi-iXcNVPdZ", "VISUALIZAR_IMAGEN_3": "https:\/\/drive.google.com\/uc?export=view&id=1BXNU6mAqw38uYzR_IzB7gnTeHG5aAcZj" }, "geometry": { "type": "Point", "coordinates": [ -73.998123499999963, 5.840357200000028, 0.0 ] } },
{ "type": "Feature", "properties": { "FECHA": "24\/10\/2025 00:00:00 (UTC)", "DEPTO": "(BOYACÁ)", "MUNICIPIO": "PUERTO BOYACÁ", "VEREDA": "LAS PAVAS", "GASODUCTO": "CENTRO - ORIENTE", "TRAMO": "La Belleza - Vasconia", "TP_DUCTO": "Troncal", "DISTRITO": "1", "DIAMETRO": "12\"", "TRM_REG": "LA BELLEZA - VASCONIA", "PK": "287+386", "PK_PAT": "287390", "ID_EVENTO": "", "TP_EVENTO": "SURCOS", "LONG_EVENT": 10.0, "AMENAZA": "( )", "ESTADO_EG": " ", "FX2": " ", "OBSERVACIO": "Corte sobre el terreno durante la construccion del gasoducto, el tipo de material (granular - ausencia de materia organica) y el agua lluvia han generado erosion y perdida de cobertura vegetal L=10m, An=4m, Al=2m", "PROFUNDIDA": 1.81, "COD_ID": " ", "ENTREGA": "E46_R1", "LATITUD": 5.8839816670000573, "LONGITUD": -74.379271666999955, "IMAGEN_1": "C003_IMG_20251024_101849.jpg", "IMAGEN_2": "C003_IMG_20251024_101911.jpg", "IMAGEN_3": "C003_IMG_20251024_101943.jpg", "VISUALIZAR_IMAGEN_1": "https:\/\/drive.google.com\/uc?export=view&id=1ENAeLU1Yt75kEB3RUQosV7UoMKmNWGH2", "VISUALIZAR_IMAGEN_2": "https:\/\/drive.google.com\/uc?export=view&id=1M3px2f1Dvj6lwBAGrB1_EUZiafLilTab", "VISUALIZAR_IMAGEN_3": "https:\/\/drive.google.com\/uc?export=view&id=1KOS9gPXA7vek0PEXbLuvfBA_kO_7uQWs" }, "geometry": { "type": "Point", "coordinates": [ -74.379271666999955, 5.883981667000057, 0.0 ] } },
{ "type": "Feature", "properties": { "FECHA": "27\/10\/2025 00:00:00 (UTC)", "DEPTO": "(BOYACÁ)", "MUNICIPIO": "PUERTO BOYACÁ", "VEREDA": "LA PIZARRA", "GASODUCTO": "CENTRO - ORIENTE", "TRAMO": "La Belleza - Vasconia", "TP_DUCTO": "Troncal", "DISTRITO": "1", "DIAMETRO": "12\"", "TRM_REG": "LA BELLEZA - VASCONIA", "PK": "297+308", "PK_PAT": "297325", "ID_EVENTO": "", "TP_EVENTO": "SOCAVACIÓN DE FONDO", "LONG_EVENT": 0.0, "AMENAZA": "( )", "ESTADO_EG": " ", "FX2": " ", "OBSERVACIO": "No se evidencia", "PROFUNDIDA": 2.57, "COD_ID": " ", "ENTREGA": "E46_R1", "LATITUD": 5.9416000000000508, "LONGITUD": -74.4418, "IMAGEN_1": "C003_IMG_20251027_080258.jpg", "IMAGEN_2": "C003_IMG_20251027_080303.jpg", "IMAGEN_3": "C003_IMG_20251027_080317.jpg", "VISUALIZAR_IMAGEN_1": "https:\/\/drive.google.com\/uc?export=view&id=1M9jjs3HpzcLqqCwEa54BqfIHxRCTJ4MT", "VISUALIZAR_IMAGEN_2": "https:\/\/drive.google.com\/uc?export=view&id=1vexrfm7LeP8rHr825UgyzSiYKwoLofXo", "VISUALIZAR_IMAGEN_3": "https:\/\/drive.google.com\/uc?export=view&id=1PjsRE2bdWTSt1qEHfWgA4KeIbausEb4Y" }, "geometry": { "type": "Point", "coordinates": [ -74.4418, 5.9416, 0.0 ] } },
{ "type": "Feature", "properties": { "FECHA": "24\/10\/2025 00:00:00 (UTC)", "DEPTO": "(BOYACÁ)", "MUNICIPIO": "PUERTO BOYACÁ", "VEREDA": "LAS PAVAS", "GASODUCTO": "CENTRO - ORIENTE", "TRAMO": "La Belleza - Vasconia", "TP_DUCTO": "Troncal", "DISTRITO": "1", "DIAMETRO": "12\"", "TRM_REG": "LA BELLEZA - VASCONIA", "PK": "287+877", "PK_PAT": "287870", "ID_EVENTO": "", "TP_EVENTO": "SOCAVACIÓN DE FONDO", "LONG_EVENT": 0.0, "AMENAZA": "( )", "ESTADO_EG": " ", "FX2": " ", "OBSERVACIO": "Se observa un flujo de agua normal, no se evidencia socavacion de fondo", "PROFUNDIDA": 1.24, "COD_ID": " ", "ENTREGA": "E46_R1", "LATITUD": 5.8870483000001004, "LONGITUD": -74.3818683, "IMAGEN_1": "C003_IMG_20251024_105246.jpg", "IMAGEN_2": "C003_IMG_20251024_105346.jpg", "IMAGEN_3": "C003_IMG_20251024_105352.jpg", "VISUALIZAR_IMAGEN_1": "https:\/\/drive.google.com\/uc?export=view&id=1hVeIAKj2WhczkwqNBD0b6fj6UzSQQWRf", "VISUALIZAR_IMAGEN_2": "https:\/\/drive.google.com\/uc?export=view&id=1TlwNrmE2MIfWubSfetOkdwgz7L7cJfpJ", "VISUALIZAR_IMAGEN_3": "https:\/\/drive.google.com\/uc?export=view&id=17X3nJeFsDV3xfJrfENGw1amydDxBCNoy" }, "geometry": { "type": "Point", "coordinates": [ -74.381868299999951, 5.88704830000006, 0.0 ] } },
{ "type": "Feature", "properties": { "FECHA": "24\/10\/2025 00:00:00 (UTC)", "DEPTO": "(BOYACÁ)", "MUNICIPIO": "PUERTO BOYACÁ", "VEREDA": "LAS PAVAS", "GASODUCTO": "CENTRO - ORIENTE", "TRAMO": "La Belleza - Vasconia", "TP_DUCTO": "Troncal", "DISTRITO": "1", "DIAMETRO": "12\"", "TRM_REG": "LA BELLEZA - VASCONIA", "PK": "288+354", "PK_PAT": "288340", "ID_EVENTO": "", "TP_EVENTO": "SOCAVACIÓN LATERAL", "LONG_EVENT": 5.0, "AMENAZA": "( )", "ESTADO_EG": " ", "FX2": " ", "OBSERVACIO": "Socavacion lateral en la margen inicial del cruce subfluvial, evento perpendicular al ducto, L=5m, An=0.5m, Al=1m", "PROFUNDIDA": 2.19, "COD_ID": " ", "ENTREGA": "E46_R1", "LATITUD": 5.8905483, "LONGITUD": -74.3841517, "IMAGEN_1": "C003_IMG_20251024_112911.jpg", "IMAGEN_2": "C003_IMG_20251024_112922.jpg", "IMAGEN_3": "C003_IMG_20251024_112928.jpg", "VISUALIZAR_IMAGEN_1": "https:\/\/drive.google.com\/uc?export=view&id=1aiYZvV6EIpYHKIfc-YM9uApNWueMoEFl", "VISUALIZAR_IMAGEN_2": "https:\/\/drive.google.com\/uc?export=view&id=1i_oYtudGE94Pxrzzxm70pZ1Z-zUrSEnT", "VISUALIZAR_IMAGEN_3": "https:\/\/drive.google.com\/uc?export=view&id=1UrRiI25csqWEliEFsyc1R88SiKiGjmLR" }, "geometry": { "type": "Point", "coordinates": [ -74.384151699999961, 5.890548300000034, 0.0 ] } },
{ "type": "Feature", "properties": { "FECHA": "24\/10\/2025 00:00:00 (UTC)", "DEPTO": "(BOYACÁ)", "MUNICIPIO": "PUERTO BOYACÁ", "VEREDA": "LAS PAVAS", "GASODUCTO": "CENTRO - ORIENTE", "TRAMO": "La Belleza - Vasconia", "TP_DUCTO": "Troncal", "DISTRITO": "1", "DIAMETRO": "12\"", "TRM_REG": "LA BELLEZA - VASCONIA", "PK": "289+260", "PK_PAT": "289250", "ID_EVENTO": "", "TP_EVENTO": "SOCAVACIÓN DE FONDO", "LONG_EVENT": 0.0, "AMENAZA": "( )", "ESTADO_EG": " ", "FX2": " ", "OBSERVACIO": "Socavación de fondo", "PROFUNDIDA": 0.92, "COD_ID": " ", "ENTREGA": "E46_R1", "LATITUD": 5.896705000000054, "LONGITUD": -74.386905, "IMAGEN_1": "C003_IMG_20251024_115949.jpg", "IMAGEN_2": "C003_IMG_20251024_120003.jpg", "IMAGEN_3": "C003_IMG_20251024_120022.jpg", "VISUALIZAR_IMAGEN_1": "https:\/\/drive.google.com\/uc?export=view&id=1EKdBfHXlqsl9-S8gwHPjjHuphP5S0GoW", "VISUALIZAR_IMAGEN_2": "https:\/\/drive.google.com\/uc?export=view&id=1qLiW68H6NfXCqDdZjDyskh4eABRYbGA4", "VISUALIZAR_IMAGEN_3": "https:\/\/drive.google.com\/uc?export=view&id=1G6AYE4e6h82NPLrfphAeQuvpCvbgaAot" }, "geometry": { "type": "Point", "coordinates": [ -74.386905, 5.896705, 0.0 ] } },
{ "type": "Feature", "properties": { "FECHA": "25\/10\/2025 00:00:00 (UTC)", "DEPTO": "(BOYACÁ)", "MUNICIPIO": "PUERTO BOYACÁ", "VEREDA": "LA PIZARRA", "GASODUCTO": "CENTRO - ORIENTE", "TRAMO": "La Belleza - Vasconia", "TP_DUCTO": "Troncal", "DISTRITO": "1", "DIAMETRO": "12\"", "TRM_REG": "LA BELLEZA - VASCONIA", "PK": "290+629", "PK_PAT": "290626", "ID_EVENTO": "", "TP_EVENTO": "OTRO", "LONG_EVENT": 0.0, "AMENAZA": "( )", "ESTADO_EG": " ", "FX2": " ", "OBSERVACIO": "Se observan obras de estabilización geotecnica, no se observa evento", "PROFUNDIDA": 1.57, "COD_ID": " ", "ENTREGA": "E46_R1", "LATITUD": 5.9039717000001, "LONGITUD": -74.39616, "IMAGEN_1": "C003_IMG_20251025_074135.jpg", "IMAGEN_2": "C003_IMG_20251025_074144.jpg", "IMAGEN_3": "C003_IMG_20251025_074201.jpg", "VISUALIZAR_IMAGEN_1": "https:\/\/drive.google.com\/uc?export=view&id=1rA1G5PF7WtGO00wPa8U947Qjm0ZmUJS8", "VISUALIZAR_IMAGEN_2": "https:\/\/drive.google.com\/uc?export=view&id=12lcvd7TKGvfu1o6hWJLpHidFTSObfHzr", "VISUALIZAR_IMAGEN_3": "https:\/\/drive.google.com\/uc?export=view&id=1wkdzwFqsqoxOy1U-LEVwvhmXS17khkhO" }, "geometry": { "type": "Point", "coordinates": [ -74.39616, 5.903971700000056, 0.0 ] } },
{ "type": "Feature", "properties": { "FECHA": "25\/10\/2025 00:00:00 (UTC)", "DEPTO": "(BOYACÁ)", "MUNICIPIO": "PUERTO BOYACÁ", "VEREDA": "LA PIZARRA", "GASODUCTO": "CENTRO - ORIENTE", "TRAMO": "La Belleza - Vasconia", "TP_DUCTO": "Troncal", "DISTRITO": "1", "DIAMETRO": "12\"", "TRM_REG": "LA BELLEZA - VASCONIA", "PK": "293+974", "PK_PAT": "293985", "ID_EVENTO": "", "TP_EVENTO": "SOCAVACIÓN DE FONDO", "LONG_EVENT": 0.0, "AMENAZA": "( )", "ESTADO_EG": " ", "FX2": " ", "OBSERVACIO": "No se evidencia", "PROFUNDIDA": 1.81, "COD_ID": " ", "ENTREGA": "E46_R1", "LATITUD": 5.9221133, "LONGITUD": -74.4195299, "IMAGEN_1": "C003_IMG_20251025_102332.jpg", "IMAGEN_2": "C003_IMG_20251025_102338.jpg", "IMAGEN_3": "C003_IMG_20251025_102349.jpg", "VISUALIZAR_IMAGEN_1": "https:\/\/drive.google.com\/uc?export=view&id=17azE_5R_a9z6JEMWgZ7EniUKSK0KbvRz", "VISUALIZAR_IMAGEN_2": "https:\/\/drive.google.com\/uc?export=view&id=1L3pkN25Le09apLs9J2LpGpqRceAYKMi2", "VISUALIZAR_IMAGEN_3": "https:\/\/drive.google.com\/uc?export=view&id=1NFV34gDXixkLl48wcTVutY_kFlHVB-9s" }, "geometry": { "type": "Point", "coordinates": [ -74.419529899999986, 5.922113300000035, 0.0 ] } },
{ "type": "Feature", "properties": { "FECHA": "28\/10\/2025 00:00:00 (UTC)", "DEPTO": "(BOYACÁ)", "MUNICIPIO": "PUERTO BOYACÁ", "VEREDA": "VELASQUEZ", "GASODUCTO": "CENTRO - ORIENTE", "TRAMO": "La Belleza - Vasconia", "TP_DUCTO": "Troncal", "DISTRITO": "1", "DIAMETRO": "12\"", "TRM_REG": "LA BELLEZA - VASCONIA", "PK": "297+891", "PK_PAT": "297890", "ID_EVENTO": "", "TP_EVENTO": "SURCOS", "LONG_EVENT": 3.0, "AMENAZA": "( )", "ESTADO_EG": " ", "FX2": " ", "OBSERVACIO": "Surcos a 2m del costado izquierdo del eje del DDV, producidos por erosion debido al agua lluvia y al tipo de suelo, evento perpendicular al ducto L=3m, An=7m, Al=3m", "PROFUNDIDA": 1.75, "COD_ID": " ", "ENTREGA": "E46_R1", "LATITUD": 5.9457, "LONGITUD": -74.4454, "IMAGEN_1": "C003_IMG_20251028_090620.jpg", "IMAGEN_2": "C003_IMG_20251028_090644.jpg", "IMAGEN_3": "C003_IMG_20251028_090716.jpg", "VISUALIZAR_IMAGEN_1": "https:\/\/drive.google.com\/uc?export=view&id=1ojhNSoSkwfFOatsR_LyCmL5UbcXwGOma", "VISUALIZAR_IMAGEN_2": "https:\/\/drive.google.com\/uc?export=view&id=1NEcBosOQiOXaD6ooDg_-K7cNDiUX-EJh", "VISUALIZAR_IMAGEN_3": "https:\/\/drive.google.com\/uc?export=view&id=1WPptamckotCD4t88CU3i3V4GwBddEIWz" }, "geometry": { "type": "Point", "coordinates": [ -74.4454, 5.9457, 0.0 ] } },
{ "type": "Feature", "properties": { "FECHA": "28\/10\/2025 00:00:00 (UTC)", "DEPTO": "(BOYACÁ)", "MUNICIPIO": "PUERTO BOYACÁ", "VEREDA": "VELASQUEZ", "GASODUCTO": "CENTRO - ORIENTE", "TRAMO": "La Belleza - Vasconia", "TP_DUCTO": "Troncal", "DISTRITO": "1", "DIAMETRO": "12\"", "TRM_REG": "LA BELLEZA - VASCONIA", "PK": "298+540", "PK_PAT": "298450", "ID_EVENTO": "", "TP_EVENTO": "SURCOS", "LONG_EVENT": 4.0, "AMENAZA": "( )", "ESTADO_EG": " ", "FX2": " ", "OBSERVACIO": "Surcos sobre el DDV, producidos por erosion debido al agua lluvia y al tipo de suelo, evento perpendicular al ducto L=4m, An=4m, Al=2m", "PROFUNDIDA": 1.2, "COD_ID": " ", "ENTREGA": "E46_R1", "LATITUD": 5.9501, "LONGITUD": -74.4491, "IMAGEN_1": "C003_IMG_20251028_083038.jpg", "IMAGEN_2": "C003_IMG_20251028_083051.jpg", "IMAGEN_3": "C003_IMG_20251028_083111.jpg", "VISUALIZAR_IMAGEN_1": "https:\/\/drive.google.com\/uc?export=view&id=1b-DXn-pd5cxdW1DWcaK1_D245C4bgZdE", "VISUALIZAR_IMAGEN_2": "https:\/\/drive.google.com\/uc?export=view&id=130Ororjo_JOhv7ZTEjGAY4Uv-Bkg4Zih", "VISUALIZAR_IMAGEN_3": "https:\/\/drive.google.com\/uc?export=view&id=15LQ-4jM1VCsGAtoNI4IUokSFsgSTBoO4" }, "geometry": { "type": "Point", "coordinates": [ -74.4491, 5.9501, 0.0 ] } },
{ "type": "Feature", "properties": { "FECHA": "28\/10\/2025 00:00:00 (UTC)", "DEPTO": "(BOYACÁ)", "MUNICIPIO": "PUERTO BOYACÁ", "VEREDA": "VELASQUEZ", "GASODUCTO": "CENTRO - ORIENTE", "TRAMO": "La Belleza - Vasconia", "TP_DUCTO": "Troncal", "DISTRITO": "1", "DIAMETRO": "12\"", "TRM_REG": "LA BELLEZA - VASCONIA", "PK": "298+668", "PK_PAT": "298691", "ID_EVENTO": "", "TP_EVENTO": "SURCOS", "LONG_EVENT": 7.0, "AMENAZA": "( )", "ESTADO_EG": " ", "FX2": " ", "OBSERVACIO": "Surcos sobre el DDV, producidos por erosion debido al agua lluvia y al tipo de suelo, evento perpendicular al ducto L=7m, An=2m, Al=1m", "PROFUNDIDA": 0.84, "COD_ID": " ", "ENTREGA": "E46_R1", "LATITUD": 5.951, "LONGITUD": -74.4498, "IMAGEN_1": "C003_IMG_20251028_082322.jpg", "IMAGEN_2": "C003_IMG_20251028_082332.jpg", "IMAGEN_3": "C003_IMG_20251028_082341.jpg", "VISUALIZAR_IMAGEN_1": "https:\/\/drive.google.com\/uc?export=view&id=1cQvpDnlgJaTcEeZk24DN6n53xQi2Nf2X", "VISUALIZAR_IMAGEN_2": "https:\/\/drive.google.com\/uc?export=view&id=1JZGxWgbk7C8bIdZwOVRgdrqSJQZs5msH", "VISUALIZAR_IMAGEN_3": "https:\/\/drive.google.com\/uc?export=view&id=1qb2hst9C9uAN_yIoLEP6qyfMh3Av4mxV" }, "geometry": { "type": "Point", "coordinates": [ -74.4498, 5.951, 0.0 ] } },
{ "type": "Feature", "properties": { "FECHA": "28\/10\/2025 00:00:00 (UTC)", "DEPTO": "(BOYACÁ)", "MUNICIPIO": "PUERTO BOYACÁ", "VEREDA": "VELASQUEZ", "GASODUCTO": "CENTRO - ORIENTE", "TRAMO": "La Belleza - Vasconia", "TP_DUCTO": "Troncal", "DISTRITO": "1", "DIAMETRO": "12\"", "TRM_REG": "LA BELLEZA - VASCONIA", "PK": "298+323", "PK_PAT": "298325", "ID_EVENTO": "", "TP_EVENTO": "DESLIZAMIENTO TRASLACIONAL", "LONG_EVENT": 3.0, "AMENAZA": "( )", "ESTADO_EG": " ", "FX2": " ", "OBSERVACIO": "Deslizamiento rotacion a 2m del costado derecho del eje del DDV, producidos por erosion debido al agua lluvia y al tipo de suelo, evento perpendicular al ducto L=3m, An=2m, Al=2m", "PROFUNDIDA": 1.51, "COD_ID": " ", "ENTREGA": "E46_R1", "LATITUD": 5.9486000000000558, "LONGITUD": -74.4479, "IMAGEN_1": "C003_IMG_20251028_084029.jpg", "IMAGEN_2": "C003_IMG_20251028_084050.jpg", "IMAGEN_3": "C003_IMG_20251028_084102.jpg", "VISUALIZAR_IMAGEN_1": "https:\/\/drive.google.com\/uc?export=view&id=1r1AoXmbj3_UKf-gS5IsF2LT-XqLrO062", "VISUALIZAR_IMAGEN_2": "https:\/\/drive.google.com\/uc?export=view&id=1gNandnI6hSd6rDL3I8NvzzQQY9V3U4Pw", "VISUALIZAR_IMAGEN_3": "https:\/\/drive.google.com\/uc?export=view&id=1yNCdS8tX-1E5tz4EukQe1aKWOVHJnalI" }, "geometry": { "type": "Point", "coordinates": [ -74.4479, 5.9486, 0.0 ] } },
{ "type": "Feature", "properties": { "FECHA": "29\/10\/2025 00:00:00 (UTC)", "DEPTO": "(BOYACÁ)", "MUNICIPIO": "PUERTO BOYACÁ", "VEREDA": "CALDERON", "GASODUCTO": "CENTRO - ORIENTE", "TRAMO": "La Belleza - Vasconia", "TP_DUCTO": "Troncal", "DISTRITO": "1", "DIAMETRO": "12\"", "TRM_REG": "LA BELLEZA - VASCONIA", "PK": "302+305", "PK_PAT": "302305", "ID_EVENTO": "", "TP_EVENTO": "SOCAVACIÓN DE FONDO", "LONG_EVENT": 0.0, "AMENAZA": "( )", "ESTADO_EG": " ", "FX2": " ", "OBSERVACIO": "No se evidencia", "PROFUNDIDA": 1.84, "COD_ID": " ", "ENTREGA": "E46_R1", "LATITUD": 5.9754303, "LONGITUD": -74.4706751, "IMAGEN_1": "C003_IMG_20251029_092247.jpg", "IMAGEN_2": "C003_IMG_20251029_092253.jpg", "IMAGEN_3": "C003_IMG_20251029_092259.jpg", "VISUALIZAR_IMAGEN_1": "https:\/\/drive.google.com\/uc?export=view&id=1soKHdt-c3XS-BW9mtmxUYNye0QbFwPFz", "VISUALIZAR_IMAGEN_2": "https:\/\/drive.google.com\/uc?export=view&id=1eUYj4nKnVC3AUmfrPxo5IMosUUVD_iVM", "VISUALIZAR_IMAGEN_3": "https:\/\/drive.google.com\/uc?export=view&id=1Wkx0UpVNtux9bjp68FhS8i4fMbCHqcZj" }, "geometry": { "type": "Point", "coordinates": [ -74.470675099999937, 5.975430300000028, 0.0 ] } },
{ "type": "Feature", "properties": { "FECHA": "29\/10\/2025 00:00:00 (UTC)", "DEPTO": "(BOYACÁ)", "MUNICIPIO": "PUERTO BOYACÁ", "VEREDA": "CALDERON", "GASODUCTO": "CENTRO - ORIENTE", "TRAMO": "La Belleza - Vasconia", "TP_DUCTO": "Troncal", "DISTRITO": "1", "DIAMETRO": "12\"", "TRM_REG": "LA BELLEZA - VASCONIA", "PK": "302+773", "PK_PAT": "302770", "ID_EVENTO": "", "TP_EVENTO": "SURCOS", "LONG_EVENT": 5.0, "AMENAZA": "( )", "ESTADO_EG": " ", "FX2": " ", "OBSERVACIO": "Surcos sobre el DDV, producidos por erosion debido al agua lluvia y al tipo de suelo, evento perpendicular al ducto L=5m, An=10m, Al=3m", "PROFUNDIDA": 1.63, "COD_ID": " ", "ENTREGA": "E46_R1", "LATITUD": 5.9781617, "LONGITUD": -74.4737433, "IMAGEN_1": "C003_IMG_20251029_083244.jpg", "IMAGEN_2": "C003_IMG_20251029_083305.jpg", "IMAGEN_3": "C003_IMG_20251029_083316.jpg", "VISUALIZAR_IMAGEN_1": "https:\/\/drive.google.com\/uc?export=view&id=1PzYSZLNMFP-2keGqDtdic01cAk1kD9u8", "VISUALIZAR_IMAGEN_2": "https:\/\/drive.google.com\/uc?export=view&id=1kehlTUs49XKaNgXc_eOdE8AExVXMcnt3", "VISUALIZAR_IMAGEN_3": "https:\/\/drive.google.com\/uc?export=view&id=1PHwh8ZTTWYZ5Nhe8NBttYXOw635IHkuK" }, "geometry": { "type": "Point", "coordinates": [ -74.473743299999967, 5.978161700000044, 0.0 ] } },
{ "type": "Feature", "properties": { "FECHA": "30\/10\/2025 00:00:00 (UTC)", "DEPTO": "(BOYACÁ)", "MUNICIPIO": "PUERTO BOYACÁ", "VEREDA": "CALDERON", "GASODUCTO": "CENTRO - ORIENTE", "TRAMO": "La Belleza - Vasconia", "TP_DUCTO": "Troncal", "DISTRITO": "1", "DIAMETRO": "12\"", "TRM_REG": "LA BELLEZA - VASCONIA", "PK": "305+206", "PK_PAT": "305195", "ID_EVENTO": "", "TP_EVENTO": "OTRO", "LONG_EVENT": 15.0, "AMENAZA": "( )", "ESTADO_EG": " ", "FX2": " ", "OBSERVACIO": "Talud erosionado sobre el eje del ducto, producido por erosion debido al agua lluvia y al terreno el cual es facilmente erosionable debido a su composicion alta en arenas y baja en arcillas, Evento perpendicular al ducto, L=15m, An=2m, Al=2m", "PROFUNDIDA": 1.55, "COD_ID": " ", "ENTREGA": "E46_R1", "LATITUD": 5.9919078, "LONGITUD": -74.49009, "IMAGEN_1": "C003_IMG_20251030_094733.jpg", "IMAGEN_2": "C003_IMG_20251030_094813.jpg", "IMAGEN_3": "C003_IMG_20251030_094826.jpg", "VISUALIZAR_IMAGEN_1": "https:\/\/drive.google.com\/uc?export=view&id=1Mx-ZY3agt4wLt3siFtUq69b6pkBsmvsC", "VISUALIZAR_IMAGEN_2": "https:\/\/drive.google.com\/uc?export=view&id=1-j4NGKwWqW1XyhS0HVkrmFeipss2gIes", "VISUALIZAR_IMAGEN_3": "https:\/\/drive.google.com\/uc?export=view&id=1cdW2jvpCEsjPkkcHl4wW6FfirACwgORQ" }, "geometry": { "type": "Point", "coordinates": [ -74.49009, 5.991907800000035, 0.0 ] } },
{ "type": "Feature", "properties": { "FECHA": "1\/11\/2025 00:00:00 (UTC)", "DEPTO": "(BOYACÁ)", "MUNICIPIO": "PUERTO BOYACÁ", "VEREDA": "CALDERON", "GASODUCTO": "CENTRO - ORIENTE", "TRAMO": "La Belleza - Vasconia", "TP_DUCTO": "Troncal", "DISTRITO": "1", "DIAMETRO": "12\"", "TRM_REG": "LA BELLEZA - VASCONIA", "PK": "309+552", "PK_PAT": "309550", "ID_EVENTO": "", "TP_EVENTO": "OTRO", "LONG_EVENT": 10.0, "AMENAZA": "( )", "ESTADO_EG": " ", "FX2": " ", "OBSERVACIO": "Se observa ausencia de cobertura vegetal en el terreno debido a la accion del agua lluvia y el viento, se observa que el terreno es bastante gravoso y arenoso por lo que es facilmente erosionable L=10m, An=5m, Al=0.5m", "PROFUNDIDA": 1.36, "COD_ID": " ", "ENTREGA": "E46_R1", "LATITUD": 6.0184783, "LONGITUD": -74.5174608, "IMAGEN_1": "C003_IMG_20251101_075037.jpg", "IMAGEN_2": "C003_IMG_20251101_075058.jpg", "IMAGEN_3": "C003_IMG_20251101_075104.jpg", "VISUALIZAR_IMAGEN_1": "https:\/\/drive.google.com\/uc?export=view&id=1NUtZHkQpkHc5o_b6ghIV69O1pCiklAaB", "VISUALIZAR_IMAGEN_2": "https:\/\/drive.google.com\/uc?export=view&id=1UpoPtuj0Spxd17MoyyYgDRrzX8HMFCu-", "VISUALIZAR_IMAGEN_3": "https:\/\/drive.google.com\/uc?export=view&id=14gND3kkMyU_ISdnseODwqp2Tm8RkKK-7" }, "geometry": { "type": "Point", "coordinates": [ -74.517460799999981, 6.018478300000027, 0.0 ] } },
{ "type": "Feature", "properties": { "FECHA": "4\/11\/2025 00:00:00 (UTC)", "DEPTO": "(BOYACÁ)", "MUNICIPIO": "PUERTO BOYACÁ", "VEREDA": "CALDERON", "GASODUCTO": "CENTRO - ORIENTE", "TRAMO": "La Belleza - Vasconia", "TP_DUCTO": "Troncal", "DISTRITO": "1", "DIAMETRO": "12\"", "TRM_REG": "LA BELLEZA - VASCONIA", "PK": "313+791", "PK_PAT": "313805", "ID_EVENTO": "", "TP_EVENTO": "CARCAVAS", "LONG_EVENT": 0.0, "AMENAZA": "( )", "ESTADO_EG": " ", "FX2": " ", "OBSERVACIO": "Se observan obras geotecnicas tipo trinchos de madera, evento geotecnico subsanado", "PROFUNDIDA": 1.84, "COD_ID": " ", "ENTREGA": "E46_R1", "LATITUD": 6.0424, "LONGITUD": -74.5449, "IMAGEN_1": "C003_IMG_20251104_080055.jpg", "IMAGEN_2": "C003_IMG_20251104_080110.jpg", "IMAGEN_3": "C003_IMG_20251104_080138.jpg", "VISUALIZAR_IMAGEN_1": "https:\/\/drive.google.com\/uc?export=view&id=1FwG_5vsdevpHT2rYXLq_soBC6aQGAhlF", "VISUALIZAR_IMAGEN_2": "https:\/\/drive.google.com\/uc?export=view&id=1UD-7tzfVqqgOytUsYNvRPLvQzWf1zGBt", "VISUALIZAR_IMAGEN_3": "https:\/\/drive.google.com\/uc?export=view&id=1ZRMCQKH_uLtl2E-HTKDEQUSFSfnH92Jl" }, "geometry": { "type": "Point", "coordinates": [ -74.5449, 6.0424, 0.0 ] } },
{ "type": "Feature", "properties": { "FECHA": "4\/11\/2025 00:00:00 (UTC)", "DEPTO": "(BOYACÁ)", "MUNICIPIO": "PUERTO BOYACÁ", "VEREDA": "CALDERON", "GASODUCTO": "CENTRO - ORIENTE", "TRAMO": "La Belleza - Vasconia", "TP_DUCTO": "Troncal", "DISTRITO": "1", "DIAMETRO": "12\"", "TRM_REG": "LA BELLEZA - VASCONIA", "PK": "313+059", "PK_PAT": "313045", "ID_EVENTO": "", "TP_EVENTO": "EROSIÓN LAMINAR", "LONG_EVENT": 20.0, "AMENAZA": "( )", "ESTADO_EG": " ", "FX2": " ", "OBSERVACIO": "Zona con indicios de erosion y perdida de covertura vegetal debido al agua lluvia, el viento y la composocion del suelo la cual es alta en concentracion de arenas y gravas, evento perpendicular al ducto L=20m, An=5m, Al=2m", "PROFUNDIDA": 1.43, "COD_ID": " ", "ENTREGA": "E46_R1", "LATITUD": 6.0380000000000678, "LONGITUD": -74.540485, "IMAGEN_1": "C003_IMG_20251104_073344.jpg", "IMAGEN_2": "C003_IMG_20251104_073351.jpg", "IMAGEN_3": "C003_IMG_20251104_073409.jpg", "VISUALIZAR_IMAGEN_1": "https:\/\/drive.google.com\/uc?export=view&id=1udbA-SRpGwjyoHnNVpiyP24g3EBhbqrT", "VISUALIZAR_IMAGEN_2": "https:\/\/drive.google.com\/uc?export=view&id=1Kw4kJ2Pb6UXpHz-AP4r6JpQXVZMX6cq9", "VISUALIZAR_IMAGEN_3": "https:\/\/drive.google.com\/uc?export=view&id=1kQ8DH9FXkavQHFrrGXQqAzKP72h40X89" }, "geometry": { "type": "Point", "coordinates": [ -74.540485, 6.038, 0.0 ] } },
{ "type": "Feature", "properties": { "FECHA": "5\/11\/2025 00:00:00 (UTC)", "DEPTO": "(BOYACÁ)", "MUNICIPIO": "PUERTO BOYACÁ", "VEREDA": "CALDERON", "GASODUCTO": "CENTRO - ORIENTE", "TRAMO": "La Belleza - Vasconia", "TP_DUCTO": "Troncal", "DISTRITO": "1", "DIAMETRO": "12\"", "TRM_REG": "LA BELLEZA - VASCONIA", "PK": "313+996", "PK_PAT": "313997", "ID_EVENTO": "", "TP_EVENTO": "OTRO", "LONG_EVENT": 0.0, "AMENAZA": "( )", "ESTADO_EG": " ", "FX2": " ", "OBSERVACIO": "Se observan obras tipo trinchos en madera y cerramiento en alambre de puas, evento geotecnico subsanado", "PROFUNDIDA": 1.69, "COD_ID": " ", "ENTREGA": "E46_R1", "LATITUD": 6.0434728000001003, "LONGITUD": -74.54627, "IMAGEN_1": "C003_IMG_20251105_070725.jpg", "IMAGEN_2": "C003_IMG_20251105_070752.jpg", "IMAGEN_3": "C003_IMG_20251105_070823.jpg", "VISUALIZAR_IMAGEN_1": "https:\/\/drive.google.com\/uc?export=view&id=1QO09GOOguRKy3mT58UMUo8iPzkeglUjL", "VISUALIZAR_IMAGEN_2": "https:\/\/drive.google.com\/uc?export=view&id=1GkyHIRxdtQ3CqfaLEZ-Cyub6Ki-qBQJZ", "VISUALIZAR_IMAGEN_3": "https:\/\/drive.google.com\/uc?export=view&id=141ZK4WJcsDVBg8_t9S_pwu7LA-oN_vqQ" }, "geometry": { "type": "Point", "coordinates": [ -74.54627, 6.043472800000075, 0.0 ] } },
{ "type": "Feature", "properties": { "FECHA": "30\/10\/2025 00:00:00 (UTC)", "DEPTO": "(BOYACÁ)", "MUNICIPIO": "PUERTO BOYACÁ", "VEREDA": "CALDERON", "GASODUCTO": "CENTRO - ORIENTE", "TRAMO": "Puerto Romero - Vasconia", "TP_DUCTO": "Loop", "DISTRITO": "1", "DIAMETRO": "30\"", "TRM_REG": "LA BELLEZA - VASCONIA", "PK": "011+536", "PK_PAT": "11535", "ID_EVENTO": "", "TP_EVENTO": "OTRO", "LONG_EVENT": 0.0, "AMENAZA": "( )", "ESTADO_EG": "Antiguo", "FX2": " ", "OBSERVACIO": "No se evidencia", "PROFUNDIDA": 0.0, "COD_ID": "PROC-1", "ENTREGA": "E47_R1", "LATITUD": 5.9941650000000664, "LONGITUD": -74.49218, "IMAGEN_1": "C003_IMG_20251030_101114.jpg", "IMAGEN_2": "C003_IMG_20251030_101121.jpg", "IMAGEN_3": "C003_IMG_20251030_101133.jpg", "VISUALIZAR_IMAGEN_1": "https:\/\/drive.google.com\/uc?export=view&id=1lIc12hgk_KLvTl2EJc4E8JcC-ABIJgZk", "VISUALIZAR_IMAGEN_2": "https:\/\/drive.google.com\/uc?export=view&id=1HBeMpzmJhKOlPojr54jsd1sCJhf0nbIy", "VISUALIZAR_IMAGEN_3": "https:\/\/drive.google.com\/uc?export=view&id=1mmuxJgh1TZ8gBIVtPQ05sSvC_Skg7m5T" }, "geometry": { "type": "Point", "coordinates": [ -74.49218, 5.994165, 0.0 ] } },
{ "type": "Feature", "properties": { "FECHA": "31\/10\/2025 00:00:00 (UTC)", "DEPTO": "(BOYACÁ)", "MUNICIPIO": "PUERTO BOYACÁ", "VEREDA": "CALDERON", "GASODUCTO": "CENTRO - ORIENTE", "TRAMO": "Puerto Romero - Vasconia", "TP_DUCTO": "Loop", "DISTRITO": "1", "DIAMETRO": "30\"", "TRM_REG": "LA BELLEZA - VASCONIA", "PK": "012+887", "PK_PAT": "12882", "ID_EVENTO": "", "TP_EVENTO": "OTRO", "LONG_EVENT": 0.0, "AMENAZA": "( )", "ESTADO_EG": "Antiguo", "FX2": " ", "OBSERVACIO": "ACTIVO, tuberia descubierta", "PROFUNDIDA": 1.3, "COD_ID": "PROC-2", "ENTREGA": "E47_R1", "LATITUD": 6.000815, "LONGITUD": -74.5021, "IMAGEN_1": "C003_IMG_20251031_080459.jpg", "IMAGEN_2": "C003_IMG_20251031_080520.jpg", "IMAGEN_3": "C003_IMG_20251031_080531.jpg", "VISUALIZAR_IMAGEN_1": "https:\/\/drive.google.com\/uc?export=view&id=1JRSCM4LR6M9uXzuQFfQEyGFsKxSaUAHm", "VISUALIZAR_IMAGEN_2": "https:\/\/drive.google.com\/uc?export=view&id=1McdCxsf3RAGQUpQfzG6r_m5rNsUPCPTn", "VISUALIZAR_IMAGEN_3": "https:\/\/drive.google.com\/uc?export=view&id=1r0XUx9MdJcd1k2SD4kGnTY-hra1tybtz" }, "geometry": { "type": "Point", "coordinates": [ -74.5021, 6.000815, 0.0 ] } },
{ "type": "Feature", "properties": { "FECHA": "31\/10\/2025 00:00:00 (UTC)", "DEPTO": "(BOYACÁ)", "MUNICIPIO": "PUERTO BOYACÁ", "VEREDA": "CALDERON", "GASODUCTO": "CENTRO - ORIENTE", "TRAMO": "Puerto Romero - Vasconia", "TP_DUCTO": "Loop", "DISTRITO": "1", "DIAMETRO": "30\"", "TRM_REG": "LA BELLEZA - VASCONIA", "PK": "013+808", "PK_PAT": "13800", "ID_EVENTO": "", "TP_EVENTO": "SURCOS", "LONG_EVENT": 10.0, "AMENAZA": "( )", "ESTADO_EG": "Antiguo", "FX2": " ", "OBSERVACIO": "Surcos a 3 m del costado derecho del eje del ducto producidos por erosion debido al agua lluvia y la composicion del suelo la cual es alta en arenas y baja en arcillas, evento perpendicular al ducto, L=10m, An=5m, Al=2m", "PROFUNDIDA": 1.57, "COD_ID": "PROC-3", "ENTREGA": "E47_R1", "LATITUD": 6.0067867, "LONGITUD": -74.5077518, "IMAGEN_1": "C003_IMG_20251031_090746.jpg", "IMAGEN_2": "C003_IMG_20251031_090753.jpg", "IMAGEN_3": "C003_IMG_20251031_090811.jpg", "VISUALIZAR_IMAGEN_1": "https:\/\/drive.google.com\/uc?export=view&id=1ZIPpanyWJHEjNNS_d0mQAwPQO2VFBhqE", "VISUALIZAR_IMAGEN_2": "https:\/\/drive.google.com\/uc?export=view&id=1rpTmGF8rAFvlyUT69C5xRL06VlnFkE4g", "VISUALIZAR_IMAGEN_3": "https:\/\/drive.google.com\/uc?export=view&id=15XsdAk5c2BRPWQNe5CTYnjj0Ej9SHuyY" }, "geometry": { "type": "Point", "coordinates": [ -74.507751799999937, 6.006786700000021, 0.0 ] } },
{ "type": "Feature", "properties": { "FECHA": "1\/11\/2025 00:00:00 (UTC)", "DEPTO": "(BOYACÁ)", "MUNICIPIO": "PUERTO BOYACÁ", "VEREDA": "CALDERON", "GASODUCTO": "CENTRO - ORIENTE", "TRAMO": "Puerto Romero - Vasconia", "TP_DUCTO": "Loop", "DISTRITO": "1", "DIAMETRO": "30\"", "TRM_REG": "LA BELLEZA - VASCONIA", "PK": "015+305", "PK_PAT": "15315", "ID_EVENTO": "", "TP_EVENTO": "OTRO", "LONG_EVENT": 0.0, "AMENAZA": "( )", "ESTADO_EG": "Antiguo", "FX2": " ", "OBSERVACIO": "No se evidencia", "PROFUNDIDA": 0.0, "COD_ID": "PROC-4", "ENTREGA": "E47_R1", "LATITUD": 6.0167699, "LONGITUD": -74.5166682, "IMAGEN_1": "C003_IMG_20251101_080831.jpg", "IMAGEN_2": "C003_IMG_20251101_080837.jpg", "IMAGEN_3": "C003_IMG_20251101_080858.jpg", "VISUALIZAR_IMAGEN_1": "https:\/\/drive.google.com\/uc?export=view&id=1t4TCwXRIgMsdgk20gswkGAEyHh-jkgM6", "VISUALIZAR_IMAGEN_2": "https:\/\/drive.google.com\/uc?export=view&id=1txceVlm1yNyHQuLRA-BagU9zQ6OmzcRW", "VISUALIZAR_IMAGEN_3": "https:\/\/drive.google.com\/uc?export=view&id=1bUNx6iuZSgXcNJWzEGeCqkdrS2lWQ4OJ" }, "geometry": { "type": "Point", "coordinates": [ -74.51666819999997, 6.016769900000043, 0.0 ] } },
{ "type": "Feature", "properties": { "FECHA": "1\/11\/2025 00:00:00 (UTC)", "DEPTO": "(BOYACÁ)", "MUNICIPIO": "PUERTO BOYACÁ", "VEREDA": "CALDERON", "GASODUCTO": "CENTRO - ORIENTE", "TRAMO": "Puerto Romero - Vasconia", "TP_DUCTO": "Loop", "DISTRITO": "1", "DIAMETRO": "30\"", "TRM_REG": "LA BELLEZA - VASCONIA", "PK": "015+427", "PK_PAT": "15435", "ID_EVENTO": "", "TP_EVENTO": "OTRO", "LONG_EVENT": 0.0, "AMENAZA": "( )", "ESTADO_EG": "Antiguo", "FX2": " ", "OBSERVACIO": "Se observa un sendero peatonal pero no se observa evento geotecnico", "PROFUNDIDA": 1.59, "COD_ID": "PROC-5", "ENTREGA": "E47_R1", "LATITUD": 6.0176333000001003, "LONGITUD": -74.5173249, "IMAGEN_1": "C003_IMG_20251101_075701.jpg", "IMAGEN_2": "C003_IMG_20251101_075728.jpg", "IMAGEN_3": "C003_IMG_20251101_075743.jpg", "VISUALIZAR_IMAGEN_1": "https:\/\/drive.google.com\/uc?export=view&id=1ERX0oX8hVkjPjAIE-nkAGsc7Hc0P3d7l", "VISUALIZAR_IMAGEN_2": "https:\/\/drive.google.com\/uc?export=view&id=1fY2zxhNYVdKCJ8tXYKhk1X4StJjvXk_W", "VISUALIZAR_IMAGEN_3": "https:\/\/drive.google.com\/uc?export=view&id=1JqMJlzzhCJ5yDWgsRUdXYemrhY-K3dH0" }, "geometry": { "type": "Point", "coordinates": [ -74.517324899999949, 6.017633300000057, 0.0 ] } },
{ "type": "Feature", "properties": { "FECHA": "1\/11\/2025 00:00:00 (UTC)", "DEPTO": "(BOYACÁ)", "MUNICIPIO": "PUERTO BOYACÁ", "VEREDA": "CALDERON", "GASODUCTO": "CENTRO - ORIENTE", "TRAMO": "Puerto Romero - Vasconia", "TP_DUCTO": "Loop", "DISTRITO": "1", "DIAMETRO": "30\"", "TRM_REG": "LA BELLEZA - VASCONIA", "PK": "014+805", "PK_PAT": "14810", "ID_EVENTO": "", "TP_EVENTO": "OTRO", "LONG_EVENT": 0.0, "AMENAZA": "( )", "ESTADO_EG": "Antiguo", "FX2": " ", "OBSERVACIO": "No se evidencia", "PROFUNDIDA": 1.88, "COD_ID": "PROC-6", "ENTREGA": "E47_R1", "LATITUD": 6.0130780000000641, "LONGITUD": -74.514127, "IMAGEN_1": "C003_IMG_20251101_090019.jpg", "IMAGEN_2": "C003_IMG_20251101_090032.jpg", "IMAGEN_3": "C003_IMG_20251101_090052.jpg", "VISUALIZAR_IMAGEN_1": "https:\/\/drive.google.com\/uc?export=view&id=1n7H4xs3mdDVs5smVQVTbgdkxn94zKzLJ", "VISUALIZAR_IMAGEN_2": "https:\/\/drive.google.com\/uc?export=view&id=1bVMwE4Agdd9gn85Z8IxacdW4Mac0aNGM", "VISUALIZAR_IMAGEN_3": "https:\/\/drive.google.com\/uc?export=view&id=11o2TpzX-wUU_aWBLjtKZilyP1fpu0iLa" }, "geometry": { "type": "Point", "coordinates": [ -74.514127, 6.013078, 0.0 ] } },
{ "type": "Feature", "properties": { "FECHA": "2\/11\/2025 00:00:00 (UTC)", "DEPTO": "(BOYACÁ)", "MUNICIPIO": "PUERTO BOYACÁ", "VEREDA": "CALDERON", "GASODUCTO": "CENTRO - ORIENTE", "TRAMO": "Puerto Romero - Vasconia", "TP_DUCTO": "Loop", "DISTRITO": "1", "DIAMETRO": "30\"", "TRM_REG": "LA BELLEZA - VASCONIA", "PK": "016+103", "PK_PAT": "16103", "ID_EVENTO": "", "TP_EVENTO": "OTRO", "LONG_EVENT": 10.0, "AMENAZA": "( )", "ESTADO_EG": "Antiguo", "FX2": " ", "OBSERVACIO": "Zona erosionada por accion del agua lluvia y el viento, terreno facilmente erosionable debido a su composicion arenosa, evento perpendicular al ducto L=10m, An=20m, Al=3m", "PROFUNDIDA": 1.51, "COD_ID": "PROC-7", "ENTREGA": "E47_R1", "LATITUD": 6.022048, "LONGITUD": -74.5213223, "IMAGEN_1": "C003_IMG_20251102_085913.jpg", "IMAGEN_2": "C003_IMG_20251102_085936.jpg", "IMAGEN_3": "C003_IMG_20251102_085958.jpg", "VISUALIZAR_IMAGEN_1": "https:\/\/drive.google.com\/uc?export=view&id=1SmtM0otg-6VArTXHVkT0loin2ObUl4EV", "VISUALIZAR_IMAGEN_2": "https:\/\/drive.google.com\/uc?export=view&id=1CJ4a3LR9poAC9s008QfjXCIp09Aku1yF", "VISUALIZAR_IMAGEN_3": "https:\/\/drive.google.com\/uc?export=view&id=1QrK7uGSM82BgCzX7Bl-m7WIDeDkKMuYQ" }, "geometry": { "type": "Point", "coordinates": [ -74.521322299999952, 6.022048, 0.0 ] } },
{ "type": "Feature", "properties": { "FECHA": "2\/11\/2025 00:00:00 (UTC)", "DEPTO": "(BOYACÁ)", "MUNICIPIO": "PUERTO BOYACÁ", "VEREDA": "CALDERON", "GASODUCTO": "CENTRO - ORIENTE", "TRAMO": "Puerto Romero - Vasconia", "TP_DUCTO": "Loop", "DISTRITO": "1", "DIAMETRO": "30\"", "TRM_REG": "LA BELLEZA - VASCONIA", "PK": "016+855", "PK_PAT": "16840", "ID_EVENTO": "", "TP_EVENTO": "OTRO", "LONG_EVENT": 0.0, "AMENAZA": "( )", "ESTADO_EG": "Antiguo", "FX2": " ", "OBSERVACIO": "Zona erosionada por accion del agua lluvia y el viento, terreno facilmente erosionable debido a su composicion arenosa, evento perpendicular al ducto L=10m, An=5m, Al=1m", "PROFUNDIDA": 1.75, "COD_ID": "PROC-8", "ENTREGA": "E47_R1", "LATITUD": 6.0273033, "LONGITUD": -74.525383, "IMAGEN_1": "C003_IMG_20251102_080403.jpg", "IMAGEN_2": "C003_IMG_20251102_080438.jpg", "IMAGEN_3": "C003_IMG_20251102_080454.jpg", "VISUALIZAR_IMAGEN_1": "https:\/\/drive.google.com\/uc?export=view&id=1sxBiDwKz1ej6YTPWx2ayKqroxfH66tK_", "VISUALIZAR_IMAGEN_2": "https:\/\/drive.google.com\/uc?export=view&id=1fndLnsRaIA9DE5OmQsZXRR5lBap8_Lw_", "VISUALIZAR_IMAGEN_3": "https:\/\/drive.google.com\/uc?export=view&id=1nDgMbBnVmppGUW4RvAKBwQ5TNkou96Ho" }, "geometry": { "type": "Point", "coordinates": [ -74.525383, 6.027303300000028, 0.0 ] } },
{ "type": "Feature", "properties": { "FECHA": "20\/02\/2026 00:00:00 (UTC)", "DEPTO": "SANTANDER", "MUNICIPIO": "PUERTO PARRA", "VEREDA": "CARRILERA", "GASODUCTO": "CENTRO - ORIENTE", "TRAMO": "Barrancabermeja - Sebastopol", "TP_DUCTO": "Troncal", "DISTRITO": "1", "DIAMETRO": "20\"", "TRM_REG": "BARRANCABERMEJA - SEBASTOPOL", "PK": "062+291", "PK_PAT": "62299", "ID_EVENTO": "190", "TP_EVENTO": "OTRO", "LONG_EVENT": 0.0, "AMENAZA": "Bajo", "ESTADO_EG": "Antiguo", "FX2": " ", "OBSERVACIO": "No se evidencia proceso menor", "PROFUNDIDA": 1.93, "COD_ID": "PROC-1", "ENTREGA": "E05_R2", "LATITUD": 6.6735190000000557, "LONGITUD": -74.028988, "IMAGEN_1": "C001_IMG_20260220_093401.jpg", "IMAGEN_2": "C001_IMG_20260220_093412.jpg", "IMAGEN_3": "C001_IMG_20260220_093417.jpg", "VISUALIZAR_IMAGEN_1": "https:\/\/drive.google.com\/uc?export=view&id=1vCcyZGePxIONDSQCwVcUZ-CUd-Xpqu-R", "VISUALIZAR_IMAGEN_2": "https:\/\/drive.google.com\/uc?export=view&id=1aq5VU08orA42fJl1hPoaCNRUtdkrooBs", "VISUALIZAR_IMAGEN_3": "https:\/\/drive.google.com\/uc?export=view&id=1eNLcZoE0iid9HtSUqEjVxmqtwX9jNLFH" }, "geometry": { "type": "Point", "coordinates": [ -74.028988, 6.673519, 157.82850000000326 ] } },
{ "type": "Feature", "properties": { "FECHA": "20\/02\/2026 00:00:00 (UTC)", "DEPTO": "SANTANDER", "MUNICIPIO": "PUERTO PARRA", "VEREDA": "CARRILERA", "GASODUCTO": "CENTRO - ORIENTE", "TRAMO": "Barrancabermeja - Sebastopol", "TP_DUCTO": "Troncal", "DISTRITO": "1", "DIAMETRO": "20\"", "TRM_REG": "BARRANCABERMEJA - SEBASTOPOL", "PK": "063+472", "PK_PAT": "63472", "ID_EVENTO": "191", "TP_EVENTO": "OTRO", "LONG_EVENT": 0.0, "AMENAZA": "Bajo", "ESTADO_EG": "Antiguo", "FX2": " ", "OBSERVACIO": "No se evidencia proceso menor", "PROFUNDIDA": 1.89, "COD_ID": "PROC-2", "ENTREGA": "E05_R2", "LATITUD": 6.6679050000000757, "LONGITUD": -74.03776, "IMAGEN_1": "C001_IMG_20260220_101054.jpg", "IMAGEN_2": "C001_IMG_20260220_101100.jpg", "IMAGEN_3": "C001_IMG_20260220_101114.jpg", "VISUALIZAR_IMAGEN_1": "https:\/\/drive.google.com\/uc?export=view&id=1M-lwgnErAebtpHAKGg6yQ7_9mKyhS5Vr", "VISUALIZAR_IMAGEN_2": "https:\/\/drive.google.com\/uc?export=view&id=1npopQbikU-IV01QlqfEo-PUaunH6oZhF", "VISUALIZAR_IMAGEN_3": "https:\/\/drive.google.com\/uc?export=view&id=1OS-BOcOq5Dp29AJx0qatCTJRXy2G2Aff" }, "geometry": { "type": "Point", "coordinates": [ -74.03776, 6.667905, 122.039000000004307 ] } },
{ "type": "Feature", "properties": { "FECHA": "17\/02\/2026 00:00:00 (UTC)", "DEPTO": "SANTANDER", "MUNICIPIO": "SIMACOTA", "VEREDA": "VIZCAINA ALTA", "GASODUCTO": "CENTRO - ORIENTE", "TRAMO": "Barrancabermeja - Sebastopol", "TP_DUCTO": "Troncal", "DISTRITO": "1", "DIAMETRO": "20\"", "TRM_REG": "BARRANCABERMEJA - SEBASTOPOL", "PK": "038+562", "PK_PAT": "38562", "ID_EVENTO": "N025", "TP_EVENTO": "SURCOS", "LONG_EVENT": 5.0, "AMENAZA": "( )", "ESTADO_EG": "Antiguo", "FX2": " ", "OBSERVACIO": "Se cambia respecto a linea base de tipo de evento carcavas a surcos. Se presenta una erosión laminar que derivó en pequeños surcos de escasa profundidad por la lluvia. El material del terreno y la pendiente permitieron este desgaste superficial del suelo entre la vegetación.", "PROFUNDIDA": 1.71, "COD_ID": "PROC-3", "ENTREGA": "E05_R2", "LATITUD": 6.830025, "LONGITUD": -73.895894, "IMAGEN_1": "C001_IMG_20260217_084240.jpg", "IMAGEN_2": "C001_IMG_20260217_084254.jpg", "IMAGEN_3": "C001_IMG_20260217_084307.jpg", "VISUALIZAR_IMAGEN_1": "https:\/\/drive.google.com\/uc?export=view&id=1N90vsLi8kbhCrMJU2gk-yEoeBykyK2vg", "VISUALIZAR_IMAGEN_2": "https:\/\/drive.google.com\/uc?export=view&id=1Rn0bhUU5CBzcrOoUrGUDhLGPcyxbQBin", "VISUALIZAR_IMAGEN_3": "https:\/\/drive.google.com\/uc?export=view&id=10zDPhnhKPDDPdr4zsZIy4mSC-7Rh_DCx" }, "geometry": { "type": "Point", "coordinates": [ -73.895894, 6.830025, 117.112599999993108 ] } },
{ "type": "Feature", "properties": { "FECHA": "17\/02\/2026 00:00:00 (UTC)", "DEPTO": "SANTANDER", "MUNICIPIO": "SIMACOTA", "VEREDA": "VIZCAINA BAJA", "GASODUCTO": "CENTRO - ORIENTE", "TRAMO": "Barrancabermeja - Sebastopol", "TP_DUCTO": "Troncal", "DISTRITO": "1", "DIAMETRO": "20\"", "TRM_REG": "BARRANCABERMEJA - SEBASTOPOL", "PK": "038+460", "PK_PAT": "38460", "ID_EVENTO": "N114", "TP_EVENTO": "SURCOS", "LONG_EVENT": 10.0, "AMENAZA": "( )", "ESTADO_EG": "Antiguo", "FX2": " ", "OBSERVACIO": "Se observa erosión la cual formo surcos debido a la accion del agua lluvia que junto con el tipo de material produjeron este fenomeno. Se aprecia el terreno degradado por la escorrentia en una zona de ladera con maleza.", "PROFUNDIDA": 2.17, "COD_ID": "PROC-4", "ENTREGA": "E05_R2", "LATITUD": 6.8307530000000725, "LONGITUD": -73.895407, "IMAGEN_1": "C001_IMG_20260217_083856.jpg", "IMAGEN_2": "C001_IMG_20260217_083918.jpg", "IMAGEN_3": "C001_IMG_20260217_083926.jpg", "VISUALIZAR_IMAGEN_1": "https:\/\/drive.google.com\/uc?export=view&id=1tZMOms22piC-nt0i3CY9ZNmcz1ft8f6u", "VISUALIZAR_IMAGEN_2": "https:\/\/drive.google.com\/uc?export=view&id=1IzSYZcHs_Xm8vtyMqK-XZSRPHiqAWBL5", "VISUALIZAR_IMAGEN_3": "https:\/\/drive.google.com\/uc?export=view&id=1gxZSNBZ0Brw-X47WKZqeXz1xBfNXLQ7d" }, "geometry": { "type": "Point", "coordinates": [ -73.895407, 6.830753, 112.10229999999865 ] } },
{ "type": "Feature", "properties": { "FECHA": "17\/02\/2026 00:00:00 (UTC)", "DEPTO": "SANTANDER", "MUNICIPIO": "SIMACOTA", "VEREDA": "VIZCAINA ALTA", "GASODUCTO": "CENTRO - ORIENTE", "TRAMO": "Barrancabermeja - Sebastopol", "TP_DUCTO": "Troncal", "DISTRITO": "1", "DIAMETRO": "20\"", "TRM_REG": "BARRANCABERMEJA - SEBASTOPOL", "PK": "039+083", "PK_PAT": "39085", "ID_EVENTO": "N115", "TP_EVENTO": "SURCOS", "LONG_EVENT": 0.0, "AMENAZA": "( )", "ESTADO_EG": "Antiguo", "FX2": " ", "OBSERVACIO": "Se observa control de evento geotecnico mediante trinchos y sacos de suelo-cemento.", "PROFUNDIDA": 1.97, "COD_ID": "PROC-5", "ENTREGA": "E05_R2", "LATITUD": 6.826629, "LONGITUD": -73.899067, "IMAGEN_1": "C001_IMG_20260217_091048.jpg", "IMAGEN_2": "C001_IMG_20260217_091100.jpg", "IMAGEN_3": "C001_IMG_20260217_091107.jpg", "VISUALIZAR_IMAGEN_1": "https:\/\/drive.google.com\/uc?export=view&id=1GrHHp_ctGKf9i1PUIiufLW1wtQqXm2g3", "VISUALIZAR_IMAGEN_2": "https:\/\/drive.google.com\/uc?export=view&id=14bkfCbs1VaKMSesXBVVMwzU54qcbU2Eb", "VISUALIZAR_IMAGEN_3": "https:\/\/drive.google.com\/uc?export=view&id=1Yv7wWoJbESg0RfEuT0WtxI1Itk4-AdHz" }, "geometry": { "type": "Point", "coordinates": [ -73.899067, 6.826629, 119.300799999997253 ] } },
{ "type": "Feature", "properties": { "FECHA": "17\/02\/2026 00:00:00 (UTC)", "DEPTO": "SANTANDER", "MUNICIPIO": "SIMACOTA", "VEREDA": "VIZCAINA ALTA", "GASODUCTO": "CENTRO - ORIENTE", "TRAMO": "Barrancabermeja - Sebastopol", "TP_DUCTO": "Troncal", "DISTRITO": "1", "DIAMETRO": "20\"", "TRM_REG": "BARRANCABERMEJA - SEBASTOPOL", "PK": "039+531", "PK_PAT": "39518", "ID_EVENTO": "N118", "TP_EVENTO": "SURCOS", "LONG_EVENT": 0.0, "AMENAZA": "( )", "ESTADO_EG": "Antiguo", "FX2": " ", "OBSERVACIO": "No se observa evento geotecnico debido a la vegetacion espesa.", "PROFUNDIDA": 1.6, "COD_ID": "PROC-6", "ENTREGA": "E05_R2", "LATITUD": 6.8236630000000673, "LONGITUD": -73.901669, "IMAGEN_1": "C001_IMG_20260217_093742.jpg", "IMAGEN_2": "C001_IMG_20260217_093758.jpg", "IMAGEN_3": "C001_IMG_20260217_093816.jpg", "VISUALIZAR_IMAGEN_1": "https:\/\/drive.google.com\/uc?export=view&id=1wRd5gUQczn0M8ROf6RKeJWDa_AweI_RT", "VISUALIZAR_IMAGEN_2": "https:\/\/drive.google.com\/uc?export=view&id=1wGMnDkBp5Fzb33KSdoVyveCDRr5nBvEm", "VISUALIZAR_IMAGEN_3": "https:\/\/drive.google.com\/uc?export=view&id=17TopaILKzJf7O60BFrufGRyeUQQ6W2K3" }, "geometry": { "type": "Point", "coordinates": [ -73.901669, 6.823663, 131.148000000001048 ] } },
{ "type": "Feature", "properties": { "FECHA": "20\/02\/2026 00:00:00 (UTC)", "DEPTO": "SANTANDER", "MUNICIPIO": "PUERTO PARRA", "VEREDA": "PATIO BONITO", "GASODUCTO": "CENTRO - ORIENTE", "TRAMO": "Barrancabermeja - Sebastopol", "TP_DUCTO": "Troncal", "DISTRITO": "1", "DIAMETRO": "20\"", "TRM_REG": "BARRANCABERMEJA - SEBASTOPOL", "PK": "059+583", "PK_PAT": "59575", "ID_EVENTO": "N137", "TP_EVENTO": "SOCAVACIÓN LATERAL", "LONG_EVENT": 0.0, "AMENAZA": "( )", "ESTADO_EG": "Antiguo", "FX2": " ", "OBSERVACIO": "No se evidencia proceso menor", "PROFUNDIDA": 2.27, "COD_ID": "PROC-7", "ENTREGA": "E05_R2", "LATITUD": 6.687057, "LONGITUD": -74.008825, "IMAGEN_1": "C001_IMG_20260220_075137.jpg", "IMAGEN_2": "C001_IMG_20260220_075143.jpg", "IMAGEN_3": "C001_IMG_20260220_075150.jpg", "VISUALIZAR_IMAGEN_1": "https:\/\/drive.google.com\/uc?export=view&id=1SQNdTQjLju-SOIRPMTso0n30tHrXiTbn", "VISUALIZAR_IMAGEN_2": "https:\/\/drive.google.com\/uc?export=view&id=1AoZOvJVz6RP7ASE9xzns6dHKVI8yuWeM", "VISUALIZAR_IMAGEN_3": "https:\/\/drive.google.com\/uc?export=view&id=1P8Zva_slIqLvH_26DG_VDzBd2t6bmUSe" }, "geometry": { "type": "Point", "coordinates": [ -74.008825, 6.687057, 135.658599999995204 ] } },
{ "type": "Feature", "properties": { "FECHA": "20\/02\/2026 00:00:00 (UTC)", "DEPTO": "SANTANDER", "MUNICIPIO": "PUERTO PARRA", "VEREDA": "PATIO BONITO", "GASODUCTO": "CENTRO - ORIENTE", "TRAMO": "Barrancabermeja - Sebastopol", "TP_DUCTO": "Troncal", "DISTRITO": "1", "DIAMETRO": "20\"", "TRM_REG": "BARRANCABERMEJA - SEBASTOPOL", "PK": "061+961", "PK_PAT": "61979", "ID_EVENTO": "N141", "TP_EVENTO": "SOCAVACIÓN LATERAL", "LONG_EVENT": 0.0, "AMENAZA": "( )", "ESTADO_EG": "Antiguo", "FX2": " ", "OBSERVACIO": "No se evidencia proceso menor", "PROFUNDIDA": 0.93, "COD_ID": "PROC-8", "ENTREGA": "E05_R2", "LATITUD": 6.6749322000001001, "LONGITUD": -74.0264706, "IMAGEN_1": "C001_IMG_20260220_090643.jpg", "IMAGEN_2": "C001_IMG_20260220_090650.jpg", "IMAGEN_3": "C001_IMG_20260220_090657.jpg", "VISUALIZAR_IMAGEN_1": "https:\/\/drive.google.com\/uc?export=view&id=1oVJQMwdREfno8mGGt1jqSY61qBTsDp0J", "VISUALIZAR_IMAGEN_2": "https:\/\/drive.google.com\/uc?export=view&id=1nauKaG8FZu1mccUmw_0xAB-fEb3bCwde", "VISUALIZAR_IMAGEN_3": "https:\/\/drive.google.com\/uc?export=view&id=1OcMQcNwcbZ30OENRG1kt9mrO1TEUlXgB" }, "geometry": { "type": "Point", "coordinates": [ -74.026470599999982, 6.674932200000057, 138.424799999993411 ] } },
{ "type": "Feature", "properties": { "FECHA": "20\/02\/2026 00:00:00 (UTC)", "DEPTO": "SANTANDER", "MUNICIPIO": "PUERTO PARRA", "VEREDA": "CARRILERA", "GASODUCTO": "CENTRO - ORIENTE", "TRAMO": "Barrancabermeja - Sebastopol", "TP_DUCTO": "Troncal", "DISTRITO": "1", "DIAMETRO": "20\"", "TRM_REG": "BARRANCABERMEJA - SEBASTOPOL", "PK": "063+943", "PK_PAT": "63954", "ID_EVENTO": "N146", "TP_EVENTO": "SOCAVACIÓN LATERAL", "LONG_EVENT": 0.0, "AMENAZA": "( )", "ESTADO_EG": "Antiguo", "FX2": " ", "OBSERVACIO": "No se evidencia proceso menor", "PROFUNDIDA": 2.15, "COD_ID": "PROC-9", "ENTREGA": "E05_R2", "LATITUD": 6.6655206, "LONGITUD": -74.0412112, "IMAGEN_1": "C001_IMG_20260220_102430.jpg", "IMAGEN_2": "C001_IMG_20260220_102436.jpg", "IMAGEN_3": "C001_IMG_20260220_102441.jpg", "VISUALIZAR_IMAGEN_1": "https:\/\/drive.google.com\/uc?export=view&id=1Wgtzqkjgf8LuX7-Le_0XWafr82fS9BU5", "VISUALIZAR_IMAGEN_2": "https:\/\/drive.google.com\/uc?export=view&id=19uAVaUQ65tKjtzUGt5FyuboJ3ZU6JmjO", "VISUALIZAR_IMAGEN_3": "https:\/\/drive.google.com\/uc?export=view&id=1jLyqQPShjkuedDfMm764O3-iTwKNM-tj" }, "geometry": { "type": "Point", "coordinates": [ -74.041211199999964, 6.665520600000036, 115.50109999999404 ] } },
{ "type": "Feature", "properties": { "FECHA": "20\/02\/2026 00:00:00 (UTC)", "DEPTO": "SANTANDER", "MUNICIPIO": "PUERTO PARRA", "VEREDA": "CARRILERA", "GASODUCTO": "CENTRO - ORIENTE", "TRAMO": "Barrancabermeja - Sebastopol", "TP_DUCTO": "Troncal", "DISTRITO": "1", "DIAMETRO": "20\"", "TRM_REG": "BARRANCABERMEJA - SEBASTOPOL", "PK": "063+058", "PK_PAT": "63066", "ID_EVENTO": "N247", "TP_EVENTO": "SOCAVACIÓN DE FONDO", "LONG_EVENT": 1.0, "AMENAZA": "( )", "ESTADO_EG": "Antiguo", "FX2": " ", "OBSERVACIO": "El flujo ocasional de agua ha erosionado la cobertura de la tubería. Se recomienda instalar una placa de fondo como medida de protección para evitar el desgaste del material y prevenir que el conducto quede expuesto.", "PROFUNDIDA": 0.56, "COD_ID": "PROC-10", "ENTREGA": "E05_R2", "LATITUD": 6.66995, "LONGITUD": -74.0347, "IMAGEN_1": "C001_IMG_20260220_095843.jpg", "IMAGEN_2": "C001_IMG_20260220_095851.jpg", "IMAGEN_3": "C001_IMG_20260220_095855.jpg", "VISUALIZAR_IMAGEN_1": "https:\/\/drive.google.com\/uc?export=view&id=1b-yiDb3U0GwuZE16-CuN_wa_GyfSgUWs", "VISUALIZAR_IMAGEN_2": "https:\/\/drive.google.com\/uc?export=view&id=1SyYEY9u9edkvu41iYwBN4ikCWJlDDJ1-", "VISUALIZAR_IMAGEN_3": "https:\/\/drive.google.com\/uc?export=view&id=1Ctlja1L1eQ6uWqbq74kzgi1BOlVOgAg9" }, "geometry": { "type": "Point", "coordinates": [ -74.0347, 6.66995, 129.06359999999404 ] } },
{ "type": "Feature", "properties": { "FECHA": "18\/02\/2026 00:00:00 (UTC)", "DEPTO": "SANTANDER", "MUNICIPIO": "SIMACOTA", "VEREDA": "PULPAPEL", "GASODUCTO": "CENTRO - ORIENTE", "TRAMO": "Barrancabermeja - Sebastopol", "TP_DUCTO": "Troncal", "DISTRITO": "1", "DIAMETRO": "20\"", "TRM_REG": "BARRANCABERMEJA - SEBASTOPOL", "PK": "045+563", "PK_PAT": "45564", "ID_EVENTO": "N281", "TP_EVENTO": "OTRO", "LONG_EVENT": 10.0, "AMENAZA": "( )", "ESTADO_EG": "Antiguo", "FX2": " ", "OBSERVACIO": "Se cambia respecto a linea base de tipo de evento socavacion lateral a Otro.  Excavación mecánica en margen derecha de canal que se encuentra paralelo al DDV. La modificación del talud para acceso de ganado eliminó la protección marginal, exponiendo la sección a erosión hídrica e inestabilidad estructural.  ", "PROFUNDIDA": 1.47, "COD_ID": "PROC-11", "ENTREGA": "E05_R2", "LATITUD": 6.77579, "LONGITUD": -73.92536, "IMAGEN_1": "C001_IMG_20260218_094834.jpg", "IMAGEN_2": "C001_IMG_20260218_094849.jpg", "IMAGEN_3": "C001_IMG_20260218_094905.jpg", "VISUALIZAR_IMAGEN_1": "https:\/\/drive.google.com\/uc?export=view&id=10RuU7rs4SUwwgD9CdoQWsC_50wJTnMnu", "VISUALIZAR_IMAGEN_2": "https:\/\/drive.google.com\/uc?export=view&id=10X5cqR6e3y5gq8Xt7yL8HSOHZt2BGLl2", "VISUALIZAR_IMAGEN_3": "https:\/\/drive.google.com\/uc?export=view&id=1dtHnxeRyfekqGXt6voEkRdUSBfZqsGAl" }, "geometry": { "type": "Point", "coordinates": [ -73.92536, 6.77579, 88.519799999994575 ] } },
{ "type": "Feature", "properties": { "FECHA": "18\/02\/2026 00:00:00 (UTC)", "DEPTO": "SANTANDER", "MUNICIPIO": "SIMACOTA", "VEREDA": "PULPAPEL", "GASODUCTO": "CENTRO - ORIENTE", "TRAMO": "Barrancabermeja - Sebastopol", "TP_DUCTO": "Troncal", "DISTRITO": "1", "DIAMETRO": "20\"", "TRM_REG": "BARRANCABERMEJA - SEBASTOPOL", "PK": "046+096", "PK_PAT": "46110", "ID_EVENTO": "N358", "TP_EVENTO": "SOCAVACIÓN LATERAL", "LONG_EVENT": 0.0, "AMENAZA": "( )", "ESTADO_EG": "Antiguo", "FX2": " ", "OBSERVACIO": "Evento geotécnico estabilizado en canal paralelo al DDV mediante muro de contención con pilotes metálicos hincados, garantizando el confinamiento del terreno y la protección de la infraestructura. ", "PROFUNDIDA": 3.39, "COD_ID": "PROC-12", "ENTREGA": "E05_R2", "LATITUD": 6.77216, "LONGITUD": -73.92847, "IMAGEN_1": "C001_IMG_20260218_101543.jpg", "IMAGEN_2": "C001_IMG_20260218_101549.jpg", "IMAGEN_3": "C001_IMG_20260218_101555.jpg", "VISUALIZAR_IMAGEN_1": "https:\/\/drive.google.com\/uc?export=view&id=1YFPzFW4uqBUAVtWQoUXiyYM2jwLzKgGd", "VISUALIZAR_IMAGEN_2": "https:\/\/drive.google.com\/uc?export=view&id=1pdhAEw1hgdOOCwTSK4FpYDIisZm8Sk4t", "VISUALIZAR_IMAGEN_3": "https:\/\/drive.google.com\/uc?export=view&id=10l9WEM-g4zMb9MgbVdVLqdXa_qqsuDSn" }, "geometry": { "type": "Point", "coordinates": [ -73.92847, 6.77216, 87.90240000000631 ] } },
{ "type": "Feature", "properties": { "FECHA": "21\/02\/2026 00:00:00 (UTC)", "DEPTO": "SANTANDER", "MUNICIPIO": "CIMITARRA", "VEREDA": "CARARE", "GASODUCTO": "CENTRO - ORIENTE", "TRAMO": "Barrancabermeja - Sebastopol", "TP_DUCTO": "Troncal", "DISTRITO": "1", "DIAMETRO": "20\"", "TRM_REG": "BARRANCABERMEJA - SEBASTOPOL", "PK": "069+774", "PK_PAT": "69838", "ID_EVENTO": "N438", "TP_EVENTO": "SOCAVACIÓN DE FONDO", "LONG_EVENT": 0.0, "AMENAZA": "( )", "ESTADO_EG": "Antiguo", "FX2": " ", "OBSERVACIO": "No se evidencia proceso menor", "PROFUNDIDA": 1.89, "COD_ID": "PROC-13", "ENTREGA": "E05_R2", "LATITUD": 6.6349000000000729, "LONGITUD": -74.0814, "IMAGEN_1": "C001_IMG_20260221_075822.jpg", "IMAGEN_2": "C001_IMG_20260221_075828.jpg", "IMAGEN_3": "C001_IMG_20260221_075836.jpg", "VISUALIZAR_IMAGEN_1": "https:\/\/drive.google.com\/uc?export=view&id=1QDtQ6Y2ucb_H7kzNGGGKJ9n9U4wFlFlb", "VISUALIZAR_IMAGEN_2": "https:\/\/drive.google.com\/uc?export=view&id=1pVJTZdV4QYU8CddmjQY_f7osJPFSwo-v", "VISUALIZAR_IMAGEN_3": "https:\/\/drive.google.com\/uc?export=view&id=1Xdqeo0fkhCTCoaBJmy0cOFvNFDlo1b8P" }, "geometry": { "type": "Point", "coordinates": [ -74.0814, 6.6349, 93.347099999999045 ] } },
{ "type": "Feature", "properties": { "FECHA": "18\/02\/2026 00:00:00 (UTC)", "DEPTO": "SANTANDER", "MUNICIPIO": "SIMACOTA", "VEREDA": "PULPAPEL", "GASODUCTO": "CENTRO - ORIENTE", "TRAMO": "Barrancabermeja - Sebastopol", "TP_DUCTO": "Troncal", "DISTRITO": "1", "DIAMETRO": "20\"", "TRM_REG": "BARRANCABERMEJA - SEBASTOPOL", "PK": "045+655", "PK_PAT": "45660", "ID_EVENTO": "N439", "TP_EVENTO": "OTRO", "LONG_EVENT": 5.0, "AMENAZA": "( )", "ESTADO_EG": "Antiguo", "FX2": " ", "OBSERVACIO": "Excavación mecánica en margen derecha del canal que se encuentra paralelo al DDV. La modificación del talud para acceso de ganado eliminó la protección marginal, exponiendo la sección a erosión hídrica e inestabilidad estructural. ", "PROFUNDIDA": 0.91, "COD_ID": "PROC-14", "ENTREGA": "E05_R2", "LATITUD": 6.7751652000001004, "LONGITUD": -73.9258932, "IMAGEN_1": "C001_IMG_20260218_095316.jpg", "IMAGEN_2": "C001_IMG_20260218_095321.jpg", "IMAGEN_3": "C001_IMG_20260218_095327.jpg", "VISUALIZAR_IMAGEN_1": "https:\/\/drive.google.com\/uc?export=view&id=10RF7ElukZi32eiwhGpJzaGSVED460Gpa", "VISUALIZAR_IMAGEN_2": "https:\/\/drive.google.com\/uc?export=view&id=1e2b4gJcVgiQZR3LBBLcSHxrIHH8YRtnx", "VISUALIZAR_IMAGEN_3": "https:\/\/drive.google.com\/uc?export=view&id=12YkeMRB5_4kZhGNIq1qgBf8cyYst1JRj" }, "geometry": { "type": "Point", "coordinates": [ -73.925893199999962, 6.77516520000006, 88.770900000003166 ] } },
{ "type": "Feature", "properties": { "FECHA": "18\/02\/2026 00:00:00 (UTC)", "DEPTO": "SANTANDER", "MUNICIPIO": "SIMACOTA", "VEREDA": "PULPAPEL", "GASODUCTO": "CENTRO - ORIENTE", "TRAMO": "Barrancabermeja - Sebastopol", "TP_DUCTO": "Troncal", "DISTRITO": "1", "DIAMETRO": "20\"", "TRM_REG": "BARRANCABERMEJA - SEBASTOPOL", "PK": "045+796", "PK_PAT": "45800", "ID_EVENTO": "N630", "TP_EVENTO": "OTRO", "LONG_EVENT": 8.0, "AMENAZA": "( )", "ESTADO_EG": " ", "FX2": " ", "OBSERVACIO": "Intervención antrópica paralela al DDV (margen izquierda). Se identificó canal de riego con replanteo de terreno en su costado derecho, modificando la topografía original y afectando el DDV", "PROFUNDIDA": 1.12, "COD_ID": "PROC-15", "ENTREGA": "E05_R2", "LATITUD": 6.7742030000000568, "LONGITUD": -73.926721, "IMAGEN_1": "C001_IMG_20260218_100549.jpg", "IMAGEN_2": "C001_IMG_20260218_100557.jpg", "IMAGEN_3": "C001_IMG_20260218_100604.jpg", "VISUALIZAR_IMAGEN_1": "https:\/\/drive.google.com\/uc?export=view&id=1QqSi-M6POAV6_ijaGg2PpZb-kSfPX16b", "VISUALIZAR_IMAGEN_2": "https:\/\/drive.google.com\/uc?export=view&id=1ZCOU6uZzppCeRKrQPER9ODxcvIs7oKm5", "VISUALIZAR_IMAGEN_3": "https:\/\/drive.google.com\/uc?export=view&id=1MAgGZaHiEZcuQ92Gcf-Hs_NyGPzn_xKm" }, "geometry": { "type": "Point", "coordinates": [ -73.926721, 6.774203, 88.0 ] } },
{ "type": "Feature", "properties": { "FECHA": "23\/02\/2026 00:00:00 (UTC)", "DEPTO": "SANTANDER", "MUNICIPIO": "CIMITARRA", "VEREDA": "RIVERAS DEL SAN JUAN", "GASODUCTO": "CENTRO - ORIENTE", "TRAMO": "Barrancabermeja - Sebastopol", "TP_DUCTO": "Troncal", "DISTRITO": "1", "DIAMETRO": "20\"", "TRM_REG": "BARRANCABERMEJA - SEBASTOPOL", "PK": "083+622", "PK_PAT": "83620", "ID_EVENTO": "194", "TP_EVENTO": "OTRO", "LONG_EVENT": 22.0, "AMENAZA": "Bajo", "ESTADO_EG": "Antiguo", "FX2": " ", "OBSERVACIO": "Se evidencia corte antiguo sobre el terreno, al parecer para construir una via. L=22m An=3m, Al=1m", "PROFUNDIDA": 1.97, "COD_ID": "PROC-16", "ENTREGA": "E05_R2", "LATITUD": 6.567727, "LONGITUD": -74.178088, "IMAGEN_1": "C001_IMG_20260223_100239.jpg", "IMAGEN_2": "C001_IMG_20260223_100251.jpg", "IMAGEN_3": "C001_IMG_20260223_100259.jpg", "VISUALIZAR_IMAGEN_1": "https:\/\/drive.google.com\/uc?export=view&id=11bxGq4ZqIYAmkUtMFxRkP1USvlV4e1uL", "VISUALIZAR_IMAGEN_2": "https:\/\/drive.google.com\/uc?export=view&id=1qh2Bz2Ny-jrItcaP6ylZ-PsiDbW0mB-m", "VISUALIZAR_IMAGEN_3": "https:\/\/drive.google.com\/uc?export=view&id=1s4-CFTrVtb9Mjdo_kS2KvttraH35EJRN" }, "geometry": { "type": "Point", "coordinates": [ -74.178088, 6.567727, 104.541800000006333 ] } },
{ "type": "Feature", "properties": { "FECHA": "23\/02\/2026 00:00:00 (UTC)", "DEPTO": "SANTANDER", "MUNICIPIO": "CIMITARRA", "VEREDA": "RIVERAS DEL SAN JUAN", "GASODUCTO": "CENTRO - ORIENTE", "TRAMO": "Barrancabermeja - Sebastopol", "TP_DUCTO": "Troncal", "DISTRITO": "1", "DIAMETRO": "20\"", "TRM_REG": "BARRANCABERMEJA - SEBASTOPOL", "PK": "084+847", "PK_PAT": "84835", "ID_EVENTO": "N357", "TP_EVENTO": "SOCAVACIÓN LATERAL", "LONG_EVENT": 0.5, "AMENAZA": "( )", "ESTADO_EG": "Antiguo", "FX2": " ", "OBSERVACIO": "Proceso menor desplazado respecto a linea base por actualización en la georreferenciación según recorrido 2026. Se evidencia socavación en el margen izquierdo del cauce con exposicion de la tuberia, se debe reparar la placa de concreto para proteger la tuberia.", "PROFUNDIDA": 0.0, "COD_ID": "PROC-17", "ENTREGA": "E05_R2", "LATITUD": 6.563293318000035, "LONGITUD": -74.187974811999936, "IMAGEN_1": "C001_IMG_20260223_103906.jpg", "IMAGEN_2": "C001_IMG_20260223_103911.jpg", "IMAGEN_3": "C001_IMG_20260223_103915.jpg", "VISUALIZAR_IMAGEN_1": "https:\/\/drive.google.com\/uc?export=view&id=1DBOBlrFwWvJj2nVcbxVVSavKeog84KmC", "VISUALIZAR_IMAGEN_2": "https:\/\/drive.google.com\/uc?export=view&id=1adngP26LVvAC6Frac6E6H3cfHouH83gk", "VISUALIZAR_IMAGEN_3": "https:\/\/drive.google.com\/uc?export=view&id=1Ai07Qeptc861aNThRukktZYMsEjp57D-" }, "geometry": { "type": "Point", "coordinates": [ -74.187974811999936, 6.563293318000035, 102.345199999996112 ] } },
{ "type": "Feature", "properties": { "FECHA": "23\/02\/2026 00:00:00 (UTC)", "DEPTO": "SANTANDER", "MUNICIPIO": "CIMITARRA", "VEREDA": "SAN JUAN", "GASODUCTO": "CENTRO - ORIENTE", "TRAMO": "Barrancabermeja - Sebastopol", "TP_DUCTO": "Troncal", "DISTRITO": "1", "DIAMETRO": "20\"", "TRM_REG": "BARRANCABERMEJA - SEBASTOPOL", "PK": "085+857", "PK_PAT": "85855", "ID_EVENTO": "N440", "TP_EVENTO": "CARCAVAS", "LONG_EVENT": 10.0, "AMENAZA": "( )", "ESTADO_EG": "Antiguo", "FX2": " ", "OBSERVACIO": "Se cambia respecto a linea base de tipo de evento otro a carcavas. Se presentan cárcavas en el DDV por erosión hídrica en materiales de alta erodabilidad. La escorrentía genera pérdida de soporte y cobertura, comprometiendo la estabilidad geotécnica y la protección mecánica del gasoducto ante agentes externos.", "PROFUNDIDA": 1.33, "COD_ID": "PROC-18", "ENTREGA": "E05_R2", "LATITUD": 6.5623000000000502, "LONGITUD": -74.1969, "IMAGEN_1": "C001_IMG_20260223_111659.jpg", "IMAGEN_2": "C001_IMG_20260223_111706.jpg", "IMAGEN_3": "C001_IMG_20260223_111716.jpg", "VISUALIZAR_IMAGEN_1": "https:\/\/drive.google.com\/uc?export=view&id=1nqDGWGMYZuutlBXcZtFOpoDJmvjYx0EY", "VISUALIZAR_IMAGEN_2": "https:\/\/drive.google.com\/uc?export=view&id=1eI0NteXwU_--32ueSQjEUeuyv9oCI3RI", "VISUALIZAR_IMAGEN_3": "https:\/\/drive.google.com\/uc?export=view&id=1KgTQrc2t_Vz9g0xsunLS1WnF8b-KVbhh" }, "geometry": { "type": "Point", "coordinates": [ -74.1969, 6.5623, 100.363800000006449 ] } },
{ "type": "Feature", "properties": { "FECHA": "28\/02\/2026 00:00:00 (UTC)", "DEPTO": "SANTANDER", "MUNICIPIO": "CIMITARRA", "VEREDA": "PUERTO OLAYA", "GASODUCTO": "CENTRO - ORIENTE", "TRAMO": "Sebastopol - Vasconia", "TP_DUCTO": "Troncal", "DISTRITO": "1", "DIAMETRO": "20\"", "TRM_REG": "SEBASTOPOL - VASCONIA", "PK": "118+187", "PK_PAT": "118189", "ID_EVENTO": "198", "TP_EVENTO": "CARCAVAS", "LONG_EVENT": 14.0, "AMENAZA": "Bajo", "ESTADO_EG": "Antiguo", "FX2": " ", "OBSERVACIO": "Se cambia respecto a linea base de tipo de evento otro a carcavas. Se presentan cárcavas a 10m del eje izquierdo por erosión pluvial. El terreno compuesto por material arenoso de baja cohesión es altamente erosionable, lo que acelera la pérdida de soporte y amenaza la estabilidad lateral de la tubería.", "PROFUNDIDA": 2.17, "COD_ID": "PROC-19", "ENTREGA": "E05_R2", "LATITUD": 6.418211, "LONGITUD": -74.360706, "IMAGEN_1": "C001_IMG_20260228_082617.jpg", "IMAGEN_2": "C001_IMG_20260228_082626.jpg", "IMAGEN_3": "C001_IMG_20260228_082631.jpg", "VISUALIZAR_IMAGEN_1": "https:\/\/drive.google.com\/uc?export=view&id=1WmIQ6hxrdauj-CEJ9SIyB8ObV9-Xz2tx", "VISUALIZAR_IMAGEN_2": "https:\/\/drive.google.com\/uc?export=view&id=1vXMRn2qArW_qbh29vfujkt-ZknbCqOMM", "VISUALIZAR_IMAGEN_3": "https:\/\/drive.google.com\/uc?export=view&id=1hK9wug90DhzXEKf-bgRhUyfLymGj1j8A" }, "geometry": { "type": "Point", "coordinates": [ -74.360706, 6.418211, 111.840700000000652 ] } },
{ "type": "Feature", "properties": { "FECHA": "26\/02\/2026 00:00:00 (UTC)", "DEPTO": "SANTANDER", "MUNICIPIO": "CIMITARRA", "VEREDA": "PUERTO OLAYA", "GASODUCTO": "CENTRO - ORIENTE", "TRAMO": "Barrancabermeja - Sebastopol", "TP_DUCTO": "Troncal", "DISTRITO": "1", "DIAMETRO": "20\"", "TRM_REG": "BARRANCABERMEJA - SEBASTOPOL", "PK": "106+218", "PK_PAT": "106220", "ID_EVENTO": "766", "TP_EVENTO": "OTRO", "LONG_EVENT": 0.0, "AMENAZA": "Bajo", "ESTADO_EG": "Antiguo", "FX2": " ", "OBSERVACIO": "No se evidencia proceso menor", "PROFUNDIDA": 2.3, "COD_ID": "PROC-20", "ENTREGA": "E05_R2", "LATITUD": 6.494826, "LONGITUD": -74.359459, "IMAGEN_1": "C001_IMG_20260226_101838.jpg", "IMAGEN_2": "C001_IMG_20260226_101842.jpg", "IMAGEN_3": "C001_IMG_20260226_101848.jpg", "VISUALIZAR_IMAGEN_1": "https:\/\/drive.google.com\/uc?export=view&id=1kjuZf0ZRxjncfsTAs4besJ5kWp2AhQui", "VISUALIZAR_IMAGEN_2": "https:\/\/drive.google.com\/uc?export=view&id=1qhsu-8U_mBmQu43WN9h0HRJtWPuVmDTs", "VISUALIZAR_IMAGEN_3": "https:\/\/drive.google.com\/uc?export=view&id=1FZVIMo7nJcKiFnAuCmdg85rauzXRZ2uz" }, "geometry": { "type": "Point", "coordinates": [ -74.359459, 6.494826, 102.847500000003492 ] } },
{ "type": "Feature", "properties": { "FECHA": "28\/02\/2026 00:00:00 (UTC)", "DEPTO": "SANTANDER", "MUNICIPIO": "CIMITARRA", "VEREDA": "PUERTO OLAYA", "GASODUCTO": "CENTRO - ORIENTE", "TRAMO": "Sebastopol - Vasconia", "TP_DUCTO": "Troncal", "DISTRITO": "1", "DIAMETRO": "20\"", "TRM_REG": "SEBASTOPOL - VASCONIA", "PK": "117+295", "PK_PAT": "117300", "ID_EVENTO": "N170", "TP_EVENTO": "SOCAVACIÓN DE FONDO", "LONG_EVENT": 20.0, "AMENAZA": "( )", "ESTADO_EG": "Antiguo", "FX2": " ", "OBSERVACIO": "La tubería ingresa al cauce y sale más adelante por la misma margen izquierda, manteniendo un trazado paralelo al caño (30m). Esta condicion favoreció la socavación de fondo y lateral por el flujo de agua, removiendo el material y dejando el ducto expuesto.", "PROFUNDIDA": 0.0, "COD_ID": "PROC-21", "ENTREGA": "E05_R2", "LATITUD": 6.425982, "LONGITUD": -74.362273, "IMAGEN_1": "C001_IMG_20260228_074921.jpg", "IMAGEN_2": "C001_IMG_20260228_074933.jpg", "IMAGEN_3": "C001_IMG_20260228_074943.jpg", "VISUALIZAR_IMAGEN_1": "https:\/\/drive.google.com\/uc?export=view&id=1ujTtaIp78RkfhIRUAKGgWocIbA_JCVga", "VISUALIZAR_IMAGEN_2": "https:\/\/drive.google.com\/uc?export=view&id=12zHagGgcUuN2drWlOWdFNsToUtD82hxQ", "VISUALIZAR_IMAGEN_3": "https:\/\/drive.google.com\/uc?export=view&id=1l20IOCIg6h6hKouXNYJcE0v-nwPpUpc5" }, "geometry": { "type": "Point", "coordinates": [ -74.362273, 6.425982, 107.875199999994948 ] } },
{ "type": "Feature", "properties": { "FECHA": "25\/02\/2026 00:00:00 (UTC)", "DEPTO": "SANTANDER", "MUNICIPIO": "CIMITARRA", "VEREDA": "LOS MORROS", "GASODUCTO": "CENTRO - ORIENTE", "TRAMO": "Barrancabermeja - Sebastopol", "TP_DUCTO": "Troncal", "DISTRITO": "1", "DIAMETRO": "20\"", "TRM_REG": "BARRANCABERMEJA - SEBASTOPOL", "PK": "095+739", "PK_PAT": "95740", "ID_EVENTO": " ", "TP_EVENTO": "SURCOS", "LONG_EVENT": 5.0, "AMENAZA": "( )", "ESTADO_EG": "Antiguo", "FX2": " ", "OBSERVACIO": "Zona afectada por escorrentía superficial, donde la presencia de materiales arenosos y de baja cohesión acelera el proceso erosivo y la degradación del suelo.", "PROFUNDIDA": 1.69, "COD_ID": "PROC-22", "ENTREGA": "E05_R2", "LATITUD": 6.5338736, "LONGITUD": -74.2770024, "IMAGEN_1": "C001_IMG_20260225_092221.jpg", "IMAGEN_2": "C001_IMG_20260225_092237.jpg", "IMAGEN_3": "C001_IMG_20260225_092246.jpg", "VISUALIZAR_IMAGEN_1": "https:\/\/drive.google.com\/uc?export=view&id=1jIPGyQ61VQPAblD6uvOecG4Jb19qkFNC", "VISUALIZAR_IMAGEN_2": "https:\/\/drive.google.com\/uc?export=view&id=1lgVVolxhuXkEKxT6NxXcYH_LtakRe29B", "VISUALIZAR_IMAGEN_3": "https:\/\/drive.google.com\/uc?export=view&id=1sGDwcz11NSTAPltQAVAlZ0Y2Jsib-2Js" }, "geometry": { "type": "Point", "coordinates": [ -74.277002399999958, 6.533873600000049, 102.19210000000021 ] } },
{ "type": "Feature", "properties": { "FECHA": "26\/02\/2026 00:00:00 (UTC)", "DEPTO": "SANTANDER", "MUNICIPIO": "CIMITARRA", "VEREDA": "PUERTO OLAYA", "GASODUCTO": "CENTRO - ORIENTE", "TRAMO": "Barrancabermeja - Sebastopol", "TP_DUCTO": "Troncal", "DISTRITO": "1", "DIAMETRO": "20\"", "TRM_REG": "BARRANCABERMEJA - SEBASTOPOL", "PK": "106+320", "PK_PAT": "106323", "ID_EVENTO": " ", "TP_EVENTO": "SOCAVACIÓN LATERAL", "LONG_EVENT": 5.0, "AMENAZA": "( )", "ESTADO_EG": "Antiguo", "FX2": " ", "OBSERVACIO": "Socavación lateral en margen izquierda por crecientes súbitas. El incremento del nivel y la energía del flujo erosionan la banca, comprometiendo la estabilidad marginal del cauce.", "PROFUNDIDA": 1.6, "COD_ID": "PROC-23", "ENTREGA": "E05_R2", "LATITUD": 6.4943000000000666, "LONGITUD": -74.3602, "IMAGEN_1": "C001_IMG_20260226_102306.jpg", "IMAGEN_2": "C001_IMG_20260226_102311.jpg", "IMAGEN_3": "C001_IMG_20260226_102320.jpg", "VISUALIZAR_IMAGEN_1": "https:\/\/drive.google.com\/uc?export=view&id=1tlENc7RAwkhH84CLegp2Mz_7m6IlP2Q2", "VISUALIZAR_IMAGEN_2": "https:\/\/drive.google.com\/uc?export=view&id=1AHZopm8L4RRekzhU_mof_8cn1CFkeYkH", "VISUALIZAR_IMAGEN_3": "https:\/\/drive.google.com\/uc?export=view&id=1ae4K-9EZxuR-4JYBc6QQeYb0pO-P4XTs" }, "geometry": { "type": "Point", "coordinates": [ -74.3602, 6.4943, 113.172500000000582 ] } },
{ "type": "Feature", "properties": { "FECHA": "26\/02\/2026 00:00:00 (UTC)", "DEPTO": "SANTANDER", "MUNICIPIO": "CIMITARRA", "VEREDA": "PUERTO OLAYA", "GASODUCTO": "CENTRO - ORIENTE", "TRAMO": "Barrancabermeja - Sebastopol", "TP_DUCTO": "Troncal", "DISTRITO": "1", "DIAMETRO": "20\"", "TRM_REG": "BARRANCABERMEJA - SEBASTOPOL", "PK": "102+407", "PK_PAT": "102406", "ID_EVENTO": "N359", "TP_EVENTO": "OTRO", "LONG_EVENT": 20.0, "AMENAZA": "( )", "ESTADO_EG": "Antiguo", "FX2": " ", "OBSERVACIO": "Área erosionada por escorrentía. La composición de suelos arenosos y materiales sueltos facilita una erosión hídrica acelerada y pérdida de sedimento.", "PROFUNDIDA": 1.21, "COD_ID": "PROC-24", "ENTREGA": "E05_R2", "LATITUD": 6.511065, "LONGITUD": -74.330335, "IMAGEN_1": "C001_IMG_20260226_075552.jpg", "IMAGEN_2": "C001_IMG_20260226_075601.jpg", "IMAGEN_3": "C001_IMG_20260226_075612.jpg", "VISUALIZAR_IMAGEN_1": "https:\/\/drive.google.com\/uc?export=view&id=1wWVgsM82y6yJuLhl3jO6cQNFcsIpk157", "VISUALIZAR_IMAGEN_2": "https:\/\/drive.google.com\/uc?export=view&id=1uUIAiDLekcFV5PSBZcDN1FQCoZWRt5J4", "VISUALIZAR_IMAGEN_3": "https:\/\/drive.google.com\/uc?export=view&id=11OkwD0ypoYlBY9YNf5U990f8E2IyTjxv" }, "geometry": { "type": "Point", "coordinates": [ -74.330335, 6.511065, 127.851500000004307 ] } },
{ "type": "Feature", "properties": { "FECHA": "26\/02\/2026 00:00:00 (UTC)", "DEPTO": "SANTANDER", "MUNICIPIO": "CIMITARRA", "VEREDA": "PUERTO OLAYA", "GASODUCTO": "CENTRO - ORIENTE", "TRAMO": "Barrancabermeja - Sebastopol", "TP_DUCTO": "Troncal", "DISTRITO": "1", "DIAMETRO": "20\"", "TRM_REG": "BARRANCABERMEJA - SEBASTOPOL", "PK": "103+516", "PK_PAT": "103509", "ID_EVENTO": " ", "TP_EVENTO": "SURCOS", "LONG_EVENT": 30.0, "AMENAZA": "( )", "ESTADO_EG": "Antiguo", "FX2": " ", "OBSERVACIO": "Zona afectada por escorrentía superficial, donde la presencia de materiales arenosos y de baja cohesión acelera el proceso erosivo y la degradación del suelo.", "PROFUNDIDA": 1.78, "COD_ID": "PROC-25", "ENTREGA": "E05_R2", "LATITUD": 6.5054472, "LONGITUD": -74.33832, "IMAGEN_1": "C001_IMG_20260226_083500.jpg", "IMAGEN_2": "C001_IMG_20260226_083512.jpg", "IMAGEN_3": "C001_IMG_20260226_083518.jpg", "VISUALIZAR_IMAGEN_1": "https:\/\/drive.google.com\/uc?export=view&id=1xD43WIyRw0bGApFztomgGXkDysc1rwlr", "VISUALIZAR_IMAGEN_2": "https:\/\/drive.google.com\/uc?export=view&id=1gCaV-h5Sjz5uJBU6DIfqcGoMSKVQ1s__", "VISUALIZAR_IMAGEN_3": "https:\/\/drive.google.com\/uc?export=view&id=1nR4ClBFTgEjDbkU4sWvkClRivBEMz1cm" }, "geometry": { "type": "Point", "coordinates": [ -74.33832, 6.505447200000049, 129.171300000001793 ] } },
{ "type": "Feature", "properties": { "FECHA": "27\/02\/2026 00:00:00 (UTC)", "DEPTO": "SANTANDER", "MUNICIPIO": "CIMITARRA", "VEREDA": "PUERTO OLAYA", "GASODUCTO": "CENTRO - ORIENTE", "TRAMO": "Sebastopol - Vasconia", "TP_DUCTO": "Troncal", "DISTRITO": "1", "DIAMETRO": "20\"", "TRM_REG": "SEBASTOPOL - VASCONIA", "PK": "114+960", "PK_PAT": "114960", "ID_EVENTO": " ", "TP_EVENTO": "SURCOS", "LONG_EVENT": 0.0, "AMENAZA": "( )", "ESTADO_EG": "Antiguo", "FX2": " ", "OBSERVACIO": "No se evidencia proceso menor", "PROFUNDIDA": 1.79, "COD_ID": "PROC-26", "ENTREGA": "E05_R2", "LATITUD": 6.4415970000000584, "LONGITUD": -74.374087, "IMAGEN_1": "C001_IMG_20260227_114318.jpg", "IMAGEN_2": "C001_IMG_20260227_114325.jpg", "IMAGEN_3": "C001_IMG_20260227_114331.jpg", "VISUALIZAR_IMAGEN_1": "https:\/\/drive.google.com\/uc?export=view&id=1MtnpamMZMNkgIaRqyUiqc-IbKmuJ9AOu", "VISUALIZAR_IMAGEN_2": "https:\/\/drive.google.com\/uc?export=view&id=1itmN0llfOTIDVuRshxPfCfPUqWUxgCmU", "VISUALIZAR_IMAGEN_3": "https:\/\/drive.google.com\/uc?export=view&id=1LbhE3aggGud0C0fhR9gq1Q8WmGO1RYGV" }, "geometry": { "type": "Point", "coordinates": [ -74.374087, 6.441597, 126.138500000000931 ] } },
{ "type": "Feature", "properties": { "FECHA": "22\/01\/2026 00:00:00 (UTC)", "DEPTO": "CUNDINAMARCA", "MUNICIPIO": "GUADUAS", "VEREDA": "CEDRALES", "GASODUCTO": "CENTRO - ORIENTE", "TRAMO": "Puerto Salgar - Mariquita", "TP_DUCTO": "Troncal", "DISTRITO": "2", "DIAMETRO": "20\"", "TRM_REG": "VASCONIA - MARIQUITA", "PK": "256+926", "PK_PAT": "256929", "ID_EVENTO": "", "TP_EVENTO": "CARCAVAS", "LONG_EVENT": 40.0, "AMENAZA": "( )", "ESTADO_EG": "Antiguo", "FX2": " ", "OBSERVACIO": "Se evidencia formación de cárcava por concentración de escorrentía pluvial proveniente de potreros aledaños. La alta erodabilidad del terreno arenoso facilita la incisión profunda del suelo, creando un canal inestable que amenaza el derecho de vía", "PROFUNDIDA": 1.82, "COD_ID": "PRO-412", "ENTREGA": "E01_R2", "LATITUD": 5.385745, "LONGITUD": -74.676215, "IMAGEN_1": "C001_IMG_20260122_072620.jpg", "IMAGEN_2": "C001_IMG_20260122_072630.jpg", "IMAGEN_3": "C001_IMG_20260122_072639.jpg", "VISUALIZAR_IMAGEN_1": "https:\/\/drive.google.com\/uc?export=view&id=10OphJ9RQtz77eY6C0Z2VY_ic5INX-RqS", "VISUALIZAR_IMAGEN_2": "https:\/\/drive.google.com\/uc?export=view&id=1i58sKhehdbNeFO1KFS5kQHJZUa96vRR7", "VISUALIZAR_IMAGEN_3": "https:\/\/drive.google.com\/uc?export=view&id=1LWKxAJe4xQmErDeFCidFlGCcegfOwoC2" }, "geometry": { "type": "Point", "coordinates": [ -74.676215, 5.385745, 184.911999999996624 ] } },
{ "type": "Feature", "properties": { "FECHA": "22\/01\/2026 00:00:00 (UTC)", "DEPTO": "CALDAS", "MUNICIPIO": "LA DORADA", "VEREDA": "LA PETROLEA", "GASODUCTO": "CENTRO - ORIENTE", "TRAMO": "Puerto Salgar - Mariquita", "TP_DUCTO": "Troncal", "DISTRITO": "2", "DIAMETRO": "20\"", "TRM_REG": "VASCONIA - MARIQUITA", "PK": "258+751", "PK_PAT": "258760", "ID_EVENTO": "", "TP_EVENTO": "CARCAVAS", "LONG_EVENT": 0.0, "AMENAZA": "( )", "ESTADO_EG": "Antiguo", "FX2": " ", "OBSERVACIO": "No se evidencia", "PROFUNDIDA": 0.0, "COD_ID": "PRO-423", "ENTREGA": "E01_R2", "LATITUD": 5.3825824, "LONGITUD": -74.6908727, "IMAGEN_1": "C001_IMG_20260122_082416.jpg", "IMAGEN_2": "C001_IMG_20260122_082422.jpg", "IMAGEN_3": "C001_IMG_20260122_082431.jpg", "VISUALIZAR_IMAGEN_1": "https:\/\/drive.google.com\/uc?export=view&id=1nrxu7T20I2SUYpGU4zB1E9I5JIWUm0x0", "VISUALIZAR_IMAGEN_2": "https:\/\/drive.google.com\/uc?export=view&id=14fwej75KtP1eWqBcvVwK7u_NDcCscxEO", "VISUALIZAR_IMAGEN_3": "https:\/\/drive.google.com\/uc?export=view&id=1shr0-lnOCCwP3G1-lL4h2X7NiYf1h8FW" }, "geometry": { "type": "Point", "coordinates": [ -74.690872699999943, 5.382582400000047, 189.73399999999674 ] } },
{ "type": "Feature", "properties": { "FECHA": "26\/01\/2026 00:00:00 (UTC)", "DEPTO": "CALDAS", "MUNICIPIO": "LA DORADA", "VEREDA": "LAS CAMELIAS", "GASODUCTO": "CENTRO - ORIENTE", "TRAMO": "Puerto Salgar - Mariquita", "TP_DUCTO": "Troncal", "DISTRITO": "2", "DIAMETRO": "20\"", "TRM_REG": "VASCONIA - MARIQUITA", "PK": "270+026", "PK_PAT": "270029", "ID_EVENTO": "", "TP_EVENTO": "CARCAVAS", "LONG_EVENT": 5.0, "AMENAZA": "( )", "ESTADO_EG": "Antiguo", "FX2": " ", "OBSERVACIO": "Cárcava activa en DDV por escorrentía superficial. Suelo de matriz arenosa con alta erodabilidad y baja cohesión. Proceso erosivo acelerado por morfología ondulada. Requiere manejo de aguas. L=5m, An=2m, Al=0.5m. Evento perpendicular al ducto.", "PROFUNDIDA": 1.39, "COD_ID": "PRO-424", "ENTREGA": "E01_R2", "LATITUD": 5.3116083, "LONGITUD": -74.7421854, "IMAGEN_1": "C001_IMG_20260126_075209.jpg", "IMAGEN_2": "C001_IMG_20260126_075215.jpg", "IMAGEN_3": "C001_IMG_20260126_075227.jpg", "VISUALIZAR_IMAGEN_1": "https:\/\/drive.google.com\/uc?export=view&id=1E5caSynrLMqaWwIdsO9vJk_B2UTEzDqa", "VISUALIZAR_IMAGEN_2": "https:\/\/drive.google.com\/uc?export=view&id=1bJfbjakBl_xVUBKta-1yMs95LDoWkSoI", "VISUALIZAR_IMAGEN_3": "https:\/\/drive.google.com\/uc?export=view&id=1mruFS2ciaOIcmeHWq9OoOH79eBr-gkxQ" }, "geometry": { "type": "Point", "coordinates": [ -74.742185399999983, 5.311608300000046, 213.654999999998836 ] } },
{ "type": "Feature", "properties": { "FECHA": "23\/01\/2026 00:00:00 (UTC)", "DEPTO": "CALDAS", "MUNICIPIO": "LA DORADA", "VEREDA": "LA PETROLEA", "GASODUCTO": "CENTRO - ORIENTE", "TRAMO": "Termodorada", "TP_DUCTO": "Ramal", "DISTRITO": "2", "DIAMETRO": "12\"", "TRM_REG": "VASCONIA - MARIQUITA", "PK": "000+834", "PK_PAT": "815", "ID_EVENTO": "", "TP_EVENTO": "SOCAVACIÓN DE FONDO", "LONG_EVENT": 100.0, "AMENAZA": "( )", "ESTADO_EG": "Antiguo", "FX2": " ", "OBSERVACIO": "Se identifica canal de drenaje pluvial colmatado por vegetación densa. Presenta procesos erosivos por escorrentía en periodos de lluvia. Dimensiones: 100m de longitud, 3m de ancho y 2m de altura.", "PROFUNDIDA": 0.99, "COD_ID": "PRO-425", "ENTREGA": "E01_R2", "LATITUD": 5.3801981, "LONGITUD": -74.7133607, "IMAGEN_1": "C001_IMG_20260123_084948.jpg", "IMAGEN_2": "C001_IMG_20260123_085002.jpg", "IMAGEN_3": "C001_IMG_20260123_085019.jpg", "VISUALIZAR_IMAGEN_1": "https:\/\/drive.google.com\/uc?export=view&id=1MemWzDy3gZi_2QZ7jtfshh149R8jqNCY", "VISUALIZAR_IMAGEN_2": "https:\/\/drive.google.com\/uc?export=view&id=1nXFQ5j_MxyCGG7j_yP5Y-o73Y8JHd63c", "VISUALIZAR_IMAGEN_3": "https:\/\/drive.google.com\/uc?export=view&id=1ny58W7jFq-Lw3nF3drL3ODSa0GNtvvRq" }, "geometry": { "type": "Point", "coordinates": [ -74.713360699999953, 5.38019810000003, 188.270000000004075 ] } },
{ "type": "Feature", "properties": { "FECHA": "24\/01\/2026 00:00:00 (UTC)", "DEPTO": "CALDAS", "MUNICIPIO": "LA DORADA", "VEREDA": "PURNIO", "GASODUCTO": "CENTRO - ORIENTE", "TRAMO": "Termodorada", "TP_DUCTO": "Ramal", "DISTRITO": "2", "DIAMETRO": "12\"", "TRM_REG": "VASCONIA - MARIQUITA", "PK": "004+965", "PK_PAT": "4962", "ID_EVENTO": "", "TP_EVENTO": "SOCAVACIÓN DE FONDO", "LONG_EVENT": 15.0, "AMENAZA": "( )", "ESTADO_EG": "Antiguo", "FX2": " ", "OBSERVACIO": "Cárcava producida por flujo de agua lluvia en época de lluvias. Se observa una erosión fuerte debido a que el tipo de terreno es bastante arenoso, lo que facilita el desprendimiento de sedimentos. L=10m, An=1m, Al=1m. Evento paralelo al ducto.", "PROFUNDIDA": 1.05, "COD_ID": "PRO-426", "ENTREGA": "E01_R2", "LATITUD": 5.4109028, "LONGITUD": -74.6932222, "IMAGEN_1": "C001_IMG_20260124_074257.jpg", "IMAGEN_2": "C001_IMG_20260124_074308.jpg", "IMAGEN_3": "C001_IMG_20260124_074314.jpg", "VISUALIZAR_IMAGEN_1": "https:\/\/drive.google.com\/uc?export=view&id=1Hek2SuuxW8U6gaCZuj8_5m7XeTsm3Hdv", "VISUALIZAR_IMAGEN_2": "https:\/\/drive.google.com\/uc?export=view&id=1AplNY7H2S4A7oJM0Q3T4ggvooaZlsWIS", "VISUALIZAR_IMAGEN_3": "https:\/\/drive.google.com\/uc?export=view&id=1xppIXaJXlBudWnpcUM1tI3-hvIXW9TVP" }, "geometry": { "type": "Point", "coordinates": [ -74.69322219999998, 5.410902800000031, 187.505000000004657 ] } },
{ "type": "Feature", "properties": { "FECHA": "27\/01\/2026 00:00:00 (UTC)", "DEPTO": "TOLIMA", "MUNICIPIO": "SAN SEBASTIÁN DE MARIQUITA", "VEREDA": "EL RANO", "GASODUCTO": "CENTRO - ORIENTE", "TRAMO": "Puerto Salgar - Mariquita", "TP_DUCTO": "Troncal", "DISTRITO": "2", "DIAMETRO": "20\"", "TRM_REG": "VASCONIA - MARIQUITA", "PK": "286+212", "PK_PAT": "286214", "ID_EVENTO": "", "TP_EVENTO": "SOCAVACIÓN DE FONDO", "LONG_EVENT": 40.0, "AMENAZA": "Medio", "ESTADO_EG": "Antiguo", "FX2": " ", "OBSERVACIO": "Se observa socavación de fondo y lateral en las margenes del cauce que atraviesa el DDV. El flujo de agua ha generado erosión en la orilla, provocando desprendimiento de suelo y pérdida de estabilidad en el talud interno debido a la fuerza hidráulica del cauce.", "PROFUNDIDA": 1.46, "COD_ID": "PRO-136", "ENTREGA": "E01_R2", "LATITUD": 5.289031, "LONGITUD": -74.842578, "IMAGEN_1": "C001_IMG_20260127_111403.jpg", "IMAGEN_2": "C001_IMG_20260127_111410.jpg", "IMAGEN_3": "C001_IMG_20260127_111416.jpg", "VISUALIZAR_IMAGEN_1": "https:\/\/drive.google.com\/uc?export=view&id=1SleWkMZQYO80s-mvIbuD4_iAypshMwe3", "VISUALIZAR_IMAGEN_2": "https:\/\/drive.google.com\/uc?export=view&id=1jo5HsU3vILnPJ_aHl6xyZ1EW9rTpQmIK", "VISUALIZAR_IMAGEN_3": "https:\/\/drive.google.com\/uc?export=view&id=1RfSZ0q6ayJga11QHdMoo-EQBBRMPYa5E" }, "geometry": { "type": "Point", "coordinates": [ -74.842578, 5.289031, 0.0 ] } },
{ "type": "Feature", "properties": { "FECHA": "27\/01\/2026 00:00:00 (UTC)", "DEPTO": "TOLIMA", "MUNICIPIO": "HONDA", "VEREDA": "PERICO", "GASODUCTO": "CENTRO - ORIENTE", "TRAMO": "Puerto Salgar - Mariquita", "TP_DUCTO": "Troncal", "DISTRITO": "2", "DIAMETRO": "20\"", "TRM_REG": "VASCONIA - MARIQUITA", "PK": "284+543", "PK_PAT": "284554", "ID_EVENTO": "", "TP_EVENTO": "CARCAVAS", "LONG_EVENT": 1.0, "AMENAZA": "( )", "ESTADO_EG": "Antiguo", "FX2": " ", "OBSERVACIO": "Se observan cárcavas en el DDV debido a la escorrentía concentrada de aguas lluvias sobre un terreno de matriz arenosa. La falta de control hídrico en este suelo de baja cohesión facilita la erosión acelerada y la pérdida de estabilidad superficial", "PROFUNDIDA": 1.13, "COD_ID": "PROC-1", "ENTREGA": "E01_R2", "LATITUD": 5.3027136840000253, "LONGITUD": -74.843722932999981, "IMAGEN_1": "C001_IMG_20260127_121108.jpg", "IMAGEN_2": "C001_IMG_20260127_121114.jpg", "IMAGEN_3": "C001_IMG_20260127_121122.jpg", "VISUALIZAR_IMAGEN_1": "https:\/\/drive.google.com\/uc?export=view&id=1VmzUcoiJ3iBYXxCDFlq_mcWjtQ7-oUHL", "VISUALIZAR_IMAGEN_2": "https:\/\/drive.google.com\/uc?export=view&id=1e_HcMaZk4iUgC6_vm6hrEPvm3VE0pax6", "VISUALIZAR_IMAGEN_3": "https:\/\/drive.google.com\/uc?export=view&id=1R31smA6FU4d_ZlSIom7n4qSIjstfh5IM" }, "geometry": { "type": "Point", "coordinates": [ -74.843722932999981, 5.302713684000025, 0.0 ] } },
{ "type": "Feature", "properties": { "FECHA": "27\/01\/2026 00:00:00 (UTC)", "DEPTO": "TOLIMA", "MUNICIPIO": "SAN SEBASTIÁN DE MARIQUITA", "VEREDA": "SAN ANTONIO", "GASODUCTO": "CENTRO - ORIENTE", "TRAMO": "Puerto Salgar - Mariquita", "TP_DUCTO": "Troncal", "DISTRITO": "2", "DIAMETRO": "20\"", "TRM_REG": "VASCONIA - MARIQUITA", "PK": "288+804", "PK_PAT": "288800", "ID_EVENTO": "", "TP_EVENTO": "SOCAVACIÓN DE FONDO", "LONG_EVENT": 4.0, "AMENAZA": "( )", "ESTADO_EG": "Antiguo", "FX2": " ", "OBSERVACIO": "Se observa socavación bajo la tubería debido al flujo de agua en temporadas de lluvia. La pérdida de material de soporte deja el ducto en condición de \"voladizo\", generando riesgos por esfuerzos mecánicos y falta de estabilidad estructural en el DDV", "PROFUNDIDA": 0.0, "COD_ID": "PRO-415", "ENTREGA": "E01_R2", "LATITUD": 5.2674202500000433, "LONGITUD": -74.8507417, "IMAGEN_1": "C001_IMG_20260127_092532.jpg", "IMAGEN_2": "C001_IMG_20260127_092539.jpg", "IMAGEN_3": "C001_IMG_20260127_092544.jpg", "VISUALIZAR_IMAGEN_1": "https:\/\/drive.google.com\/uc?export=view&id=1rwjS_rVYUkqtugRuqXj1bxJmmx-HcNGu", "VISUALIZAR_IMAGEN_2": "https:\/\/drive.google.com\/uc?export=view&id=1ckWH3scacPuldIG8wtYxEHkJjgDlTv7r", "VISUALIZAR_IMAGEN_3": "https:\/\/drive.google.com\/uc?export=view&id=1V-MXOF56fTuEh9lUI59H4SJ69441stdV" }, "geometry": { "type": "Point", "coordinates": [ -74.850741699999958, 5.267420250000043, 0.0 ] } },
{ "type": "Feature", "properties": { "FECHA": "21\/01\/2026 00:00:00 (UTC)", "DEPTO": "CUNDINAMARCA", "MUNICIPIO": "PUERTO SALGAR", "VEREDA": "BRISAS", "GASODUCTO": "CENTRO - ORIENTE", "TRAMO": "Puerto Salgar - Mariquita", "TP_DUCTO": "Troncal", "DISTRITO": "2", "DIAMETRO": "20\"", "TRM_REG": "VASCONIA - MARIQUITA", "PK": "249+880", "PK_PAT": "249882", "ID_EVENTO": "", "TP_EVENTO": "OTRO", "LONG_EVENT": 10.0, "AMENAZA": "Bajo", "ESTADO_EG": "Antiguo", "FX2": " ", "OBSERVACIO": "Se alcanza a observar un corte semicircular en el terreno pero se encuentra totalmente cubierto por la vegetacion", "PROFUNDIDA": 4.5, "COD_ID": "PRO-119", "ENTREGA": "E01_R2", "LATITUD": 5.4344400000000519, "LONGITUD": -74.642488, "IMAGEN_1": "C001_IMG_20260121_074101.jpg", "IMAGEN_2": "C001_IMG_20260121_074201.jpg", "IMAGEN_3": "C001_IMG_20260121_074210.jpg", "VISUALIZAR_IMAGEN_1": "https:\/\/drive.google.com\/uc?export=view&id=1Yn-xhar2mbSXOu63k7IHoWtkeKMRbdrb", "VISUALIZAR_IMAGEN_2": "https:\/\/drive.google.com\/uc?export=view&id=1RFzz30csO7cCib1VxWoCz1oGVoT74z9A", "VISUALIZAR_IMAGEN_3": "https:\/\/drive.google.com\/uc?export=view&id=1c4uCZfcpOSs71_cbnrJ6wBWEKHNZavO2" }, "geometry": { "type": "Point", "coordinates": [ -74.642488, 5.43444, 199.864000000001397 ] } },
{ "type": "Feature", "properties": { "FECHA": "21\/01\/2026 00:00:00 (UTC)", "DEPTO": "CUNDINAMARCA", "MUNICIPIO": "GUADUAS", "VEREDA": "CEDRALES", "GASODUCTO": "CENTRO - ORIENTE", "TRAMO": "Puerto Salgar - Mariquita", "TP_DUCTO": "Troncal", "DISTRITO": "2", "DIAMETRO": "20\"", "TRM_REG": "VASCONIA - MARIQUITA", "PK": "250+548", "PK_PAT": "250547", "ID_EVENTO": "", "TP_EVENTO": "OTRO", "LONG_EVENT": 10.0, "AMENAZA": "Bajo", "ESTADO_EG": "Antiguo", "FX2": " ", "OBSERVACIO": "Falla estructural en muro de saco suelos con fuerte inclinación hacia el lecho del cauce. Se observa desgarramiento de material sintético y exposición de tuberías, evidenciando pérdida de estabilidad por socavación basal y empuje de tierras activo.", "PROFUNDIDA": 0.95, "COD_ID": "PRO-120", "ENTREGA": "E01_R2", "LATITUD": 5.429177, "LONGITUD": -74.645181, "IMAGEN_1": "C001_IMG_20260121_080520.jpg", "IMAGEN_2": "C001_IMG_20260121_080526.jpg", "IMAGEN_3": "C001_IMG_20260121_080533.jpg", "VISUALIZAR_IMAGEN_1": "https:\/\/drive.google.com\/uc?export=view&id=1Z_ARjeZ0PRkjnit8zu5r1CmdqCcp7uGS", "VISUALIZAR_IMAGEN_2": "https:\/\/drive.google.com\/uc?export=view&id=1rpmsYZbcC4jAsOQPwo2E3q_iUJ8j8MZV", "VISUALIZAR_IMAGEN_3": "https:\/\/drive.google.com\/uc?export=view&id=1hmkvTtmqHV6sftPAWALAl-pbM7xF61A4" }, "geometry": { "type": "Point", "coordinates": [ -74.645181, 5.429177, 181.778999999994994 ] } },
{ "type": "Feature", "properties": { "FECHA": "21\/01\/2026 00:00:00 (UTC)", "DEPTO": "CUNDINAMARCA", "MUNICIPIO": "GUADUAS", "VEREDA": "CEDRALES", "GASODUCTO": "CENTRO - ORIENTE", "TRAMO": "Puerto Salgar - Mariquita", "TP_DUCTO": "Troncal", "DISTRITO": "2", "DIAMETRO": "20\"", "TRM_REG": "VASCONIA - MARIQUITA", "PK": "252+322", "PK_PAT": "252318", "ID_EVENTO": "", "TP_EVENTO": "SOCAVACIÓN LATERAL", "LONG_EVENT": 20.0, "AMENAZA": "Bajo", "ESTADO_EG": "Antiguo", "FX2": " ", "OBSERVACIO": "Se observa socavación lateral activa por flujo de agua en la margen izquierda del cauce. El proceso erosivo ha generado desprendimiento de terreno y aporte de sedimentos sobre el lecho de la quebrada, comprometiendo la estabilidad de la sección.", "PROFUNDIDA": 2.07, "COD_ID": "PROC-2", "ENTREGA": "E01_R2", "LATITUD": 5.4161889500000484, "LONGITUD": -74.65419796599997, "IMAGEN_1": "C001_IMG_20260121_091435.jpg", "IMAGEN_2": "C001_IMG_20260121_091442.jpg", "IMAGEN_3": "C001_IMG_20260121_091449.jpg", "VISUALIZAR_IMAGEN_1": "https:\/\/drive.google.com\/uc?export=view&id=1YuYXiBwnErKBYUHsOIw0qXt99_Lqreu3", "VISUALIZAR_IMAGEN_2": "https:\/\/drive.google.com\/uc?export=view&id=1eny83JyDBrJYeOMAfJs0tEawThSFZ10U", "VISUALIZAR_IMAGEN_3": "https:\/\/drive.google.com\/uc?export=view&id=1Y8BK09j3SzUsv8vexvEXjRyaaV4iNuGg" }, "geometry": { "type": "Point", "coordinates": [ -74.65419796599997, 5.416188950000048, 200.725000000005821 ] } },
{ "type": "Feature", "properties": { "FECHA": "21\/01\/2026 00:00:00 (UTC)", "DEPTO": "CUNDINAMARCA", "MUNICIPIO": "GUADUAS", "VEREDA": "CEDRALES", "GASODUCTO": "CENTRO - ORIENTE", "TRAMO": "Puerto Salgar - Mariquita", "TP_DUCTO": "Troncal", "DISTRITO": "2", "DIAMETRO": "20\"", "TRM_REG": "VASCONIA - MARIQUITA", "PK": "253+259", "PK_PAT": "253261", "ID_EVENTO": "", "TP_EVENTO": "SOCAVACIÓN LATERAL", "LONG_EVENT": 20.0, "AMENAZA": "Bajo", "ESTADO_EG": "Antiguo", "FX2": " ", "OBSERVACIO": "Erosión lateral activa por flujo de agua en la margen derecha. La socavación en la base ha eliminado el confinamiento del suelo bajo la estructura hidráulica, evidenciando un proceso que amenaza la integridad del canal de concreto que llega al cauce.", "PROFUNDIDA": 0.95, "COD_ID": "PRO-122", "ENTREGA": "E01_R2", "LATITUD": 5.409799, "LONGITUD": -74.659493, "IMAGEN_1": "C001_IMG_20260121_093639.jpg", "IMAGEN_2": "C001_IMG_20260121_093644.jpg", "IMAGEN_3": "C001_IMG_20260121_093653.jpg", "VISUALIZAR_IMAGEN_1": "https:\/\/drive.google.com\/uc?export=view&id=101Tna8wLzdadOgq0zLtBX6NtyzlNRcBi", "VISUALIZAR_IMAGEN_2": "https:\/\/drive.google.com\/uc?export=view&id=1v3Iz7ESm34kcbRbXRstf_4SaU2FrtEj0", "VISUALIZAR_IMAGEN_3": "https:\/\/drive.google.com\/uc?export=view&id=1ionhcHMfYcMek3_wRAgML2EX1sXzibbO" }, "geometry": { "type": "Point", "coordinates": [ -74.659493, 5.409799, 188.597999999998137 ] } },
{ "type": "Feature", "properties": { "FECHA": "21\/01\/2026 00:00:00 (UTC)", "DEPTO": "CUNDINAMARCA", "MUNICIPIO": "GUADUAS", "VEREDA": "CEDRALES", "GASODUCTO": "CENTRO - ORIENTE", "TRAMO": "Puerto Salgar - Mariquita", "TP_DUCTO": "Troncal", "DISTRITO": "2", "DIAMETRO": "20\"", "TRM_REG": "VASCONIA - MARIQUITA", "PK": "254+733", "PK_PAT": "254680", "ID_EVENTO": "", "TP_EVENTO": "OTRO", "LONG_EVENT": 5.0, "AMENAZA": "Bajo", "ESTADO_EG": "Antiguo", "FX2": " ", "OBSERVACIO": "Se identifican procesos de erosión en surcos y cárcavas incipientes (agujeros) sobre el eje del ducto. El fenómeno es causado por flujo de escorrentía no canalizado que lava los finos del terreno, generando pérdida de cobertura y riesgo de exposición", "PROFUNDIDA": 2.77, "COD_ID": "PROC-3", "ENTREGA": "E01_R2", "LATITUD": 5.3973955740000292, "LONGITUD": -74.662883956999963, "IMAGEN_1": "C001_IMG_20260121_104924.jpg", "IMAGEN_2": "C001_IMG_20260121_104935.jpg", "IMAGEN_3": "C001_IMG_20260121_104944.jpg", "VISUALIZAR_IMAGEN_1": "https:\/\/drive.google.com\/uc?export=view&id=1IbXQRXapm_Na9uwl8u9s4uFORMSqewY-", "VISUALIZAR_IMAGEN_2": "https:\/\/drive.google.com\/uc?export=view&id=1VPhsG-U7RxRrbsJvzq4PQ56NeZLx7Ua7", "VISUALIZAR_IMAGEN_3": "https:\/\/drive.google.com\/uc?export=view&id=1hqu-IApZuNhhVOkSuX9pLwOzLZSUfQFW" }, "geometry": { "type": "Point", "coordinates": [ -74.662883956999963, 5.397395574000029, 190.717999999993481 ] } },
{ "type": "Feature", "properties": { "FECHA": "19\/01\/2026 00:00:00 (UTC)", "DEPTO": "CUNDINAMARCA", "MUNICIPIO": "PUERTO SALGAR", "VEREDA": "YERBABUENA", "GASODUCTO": "CENTRO - ORIENTE", "TRAMO": "Vasconia - Puerto Salgar", "TP_DUCTO": "Troncal", "DISTRITO": "1", "DIAMETRO": "20\"", "TRM_REG": "VASCONIA - MARIQUITA", "PK": "237+483", "PK_PAT": "237484", "ID_EVENTO": "", "TP_EVENTO": "OTRO", "LONG_EVENT": 10.0, "AMENAZA": "Bajo", "ESTADO_EG": "Antiguo", "FX2": " ", "OBSERVACIO": "Proceso erosivo en las márgenes del cuerpo de agua (caño) debido a la escorrentía superficial proveniente de zonas de pastoreo (potreros). La erosión presenta dimensiones de L=4.0m, An=2.0m y Prf=1.0m. Evento paralelo al ducto", "PROFUNDIDA": 4.14, "COD_ID": "PRO-124", "ENTREGA": "E01_R2", "LATITUD": 5.537403, "LONGITUD": -74.625376, "IMAGEN_1": "C001_IMG_20260119_092404.jpg", "IMAGEN_2": "C001_IMG_20260119_092421.jpg", "IMAGEN_3": "C001_IMG_20260119_092435.jpg", "VISUALIZAR_IMAGEN_1": "https:\/\/drive.google.com\/uc?export=view&id=1wRyrKwbNKqo-1BeojvhGEV5Jz9YoA08C", "VISUALIZAR_IMAGEN_2": "https:\/\/drive.google.com\/uc?export=view&id=1sfE2kB_OZJLb_gBj2t_kR8XNqlvWMXDV", "VISUALIZAR_IMAGEN_3": "https:\/\/drive.google.com\/uc?export=view&id=1DVN3vGoMOVp9giVWL3wVZZSE0EsqRqUu" }, "geometry": { "type": "Point", "coordinates": [ -74.625376, 5.537403, 173.896999999997206 ] } },
{ "type": "Feature", "properties": { "FECHA": "21\/01\/2026 00:00:00 (UTC)", "DEPTO": "CUNDINAMARCA", "MUNICIPIO": "GUADUAS", "VEREDA": "CEDRALES", "GASODUCTO": "CENTRO - ORIENTE", "TRAMO": "Puerto Salgar - Mariquita", "TP_DUCTO": "Troncal", "DISTRITO": "2", "DIAMETRO": "20\"", "TRM_REG": "VASCONIA - MARIQUITA", "PK": "251+518", "PK_PAT": "251515", "ID_EVENTO": "", "TP_EVENTO": "CARCAVAS", "LONG_EVENT": 3.0, "AMENAZA": "( )", "ESTADO_EG": "Antiguo", "FX2": " ", "OBSERVACIO": "Se identifica proceso de inestabilidad lateral con asentamiento diferencial del terreno. La depresión observada sugiere erosión interna o pérdida de soporte mecánico por saturación, lo que representa un riesgo de desplazamiento sobre el DDV. An=3m", "PROFUNDIDA": 2.2, "COD_ID": "PRO-411", "ENTREGA": "E01_R2", "LATITUD": 5.4220790000000534, "LONGITUD": -74.650049, "IMAGEN_1": "C001_IMG_20260121_085241.jpg", "IMAGEN_2": "C001_IMG_20260121_085248.jpg", "IMAGEN_3": "C001_IMG_20260121_085258.jpg", "VISUALIZAR_IMAGEN_1": "https:\/\/drive.google.com\/uc?export=view&id=1NlHPIcWxgmMxOMo3qL9m37KZphVxzOxt", "VISUALIZAR_IMAGEN_2": "https:\/\/drive.google.com\/uc?export=view&id=1P7zLP938s8WFuXpSfkIu6ETdOy6E5zAj", "VISUALIZAR_IMAGEN_3": "https:\/\/drive.google.com\/uc?export=view&id=1XzrCyGO5k3PGV_pSyh5KxtIaCmy1j9qu" }, "geometry": { "type": "Point", "coordinates": [ -74.650049, 5.422079, 185.656000000002678 ] } },
{ "type": "Feature", "properties": { "FECHA": "20\/01\/2026 00:00:00 (UTC)", "DEPTO": "CUNDINAMARCA", "MUNICIPIO": "PUERTO SALGAR", "VEREDA": "TRES Y MEDIO", "GASODUCTO": "CENTRO - ORIENTE", "TRAMO": "Vasconia - Puerto Salgar", "TP_DUCTO": "Troncal", "DISTRITO": "1", "DIAMETRO": "20\"", "TRM_REG": "VASCONIA - MARIQUITA", "PK": "242+187", "PK_PAT": "242179", "ID_EVENTO": "", "TP_EVENTO": "SOCAVACIÓN LATERAL", "LONG_EVENT": 5.0, "AMENAZA": "( )", "ESTADO_EG": "Antiguo", "FX2": " ", "OBSERVACIO": "Proceso erosivo en las márgenes del cuerpo de agua (caño) debido a la escorrentía superficial proveniente de zonas de pastoreo (potreros). La erosión presenta dimensiones de L=5m, An=1m y Prf=0.50m. Evento paralelo al ducto. Posicion ajustada", "PROFUNDIDA": 3.58, "COD_ID": "PROC-4", "ENTREGA": "E01_R2", "LATITUD": 5.4987613200000283, "LONGITUD": -74.630046082999968, "IMAGEN_1": "C001_IMG_20260120_081954.jpg", "IMAGEN_2": "C001_IMG_20260120_082007.jpg", "IMAGEN_3": "C001_IMG_20260120_082042.jpg", "VISUALIZAR_IMAGEN_1": "https:\/\/drive.google.com\/uc?export=view&id=1d2szgxwBSwSqwPiSlYVlnwsN_qOu7GOu", "VISUALIZAR_IMAGEN_2": "https:\/\/drive.google.com\/uc?export=view&id=1MW6z9Od-l2Xj-5mdUIqJJI41oFbd4RjT", "VISUALIZAR_IMAGEN_3": "https:\/\/drive.google.com\/uc?export=view&id=1dd5ITa7c7CkMmBw6KMWoIU9S7JZHEUQe" }, "geometry": { "type": "Point", "coordinates": [ -74.630046082999968, 5.498761320000028, 180.342999999993481 ] } },
{ "type": "Feature", "properties": { "FECHA": "21\/01\/2026 00:00:00 (UTC)", "DEPTO": "CUNDINAMARCA", "MUNICIPIO": "PUERTO SALGAR", "VEREDA": "BRISAS", "GASODUCTO": "CENTRO - ORIENTE", "TRAMO": "Puerto Salgar - Mariquita", "TP_DUCTO": "Troncal", "DISTRITO": "2", "DIAMETRO": "20\"", "TRM_REG": "VASCONIA - MARIQUITA", "PK": "249+900", "PK_PAT": "249897", "ID_EVENTO": "", "TP_EVENTO": "SOCAVACIÓN LATERAL", "LONG_EVENT": 3.0, "AMENAZA": "( )", "ESTADO_EG": "Antiguo", "FX2": " ", "OBSERVACIO": "Socavación lateral activa en margen izquierda genera inestabilidad del talud. Se identifica desprendimiento de material detrítico y bloques hacia el cauce por pérdida de soporte en la base, comprometiendo la sección hidráulica. L=3m, An=10m, Al=2m.", "PROFUNDIDA": 1.73, "COD_ID": "PRO-459", "ENTREGA": "E01_R2", "LATITUD": 5.4342691700000501, "LONGITUD": -74.642538229999957, "IMAGEN_1": "C001_IMG_20260121_074525.jpg", "IMAGEN_2": "C001_IMG_20260121_074535.jpg", "IMAGEN_3": "C001_IMG_20260121_074542.jpg", "VISUALIZAR_IMAGEN_1": "https:\/\/drive.google.com\/uc?export=view&id=13YxaHmI6mvf-zK_Fk0ohlwD-WtiO4FO1", "VISUALIZAR_IMAGEN_2": "https:\/\/drive.google.com\/uc?export=view&id=1qUIuvKYZJ7w-6lzpOoQTPObCPUIivMg7", "VISUALIZAR_IMAGEN_3": "https:\/\/drive.google.com\/uc?export=view&id=1QnKHiwt_63XtW55RDzcovCg0JbEEKtYM" }, "geometry": { "type": "Point", "coordinates": [ -74.642538229999957, 5.43426917000005, 200.476999999998952 ] } },
{ "type": "Feature", "properties": { "FECHA": "21\/01\/2026 00:00:00 (UTC)", "DEPTO": "CUNDINAMARCA", "MUNICIPIO": "PUERTO SALGAR", "VEREDA": "BRISAS", "GASODUCTO": "CENTRO - ORIENTE", "TRAMO": "Puerto Salgar - Mariquita", "TP_DUCTO": "Troncal", "DISTRITO": "2", "DIAMETRO": "20\"", "TRM_REG": "VASCONIA - MARIQUITA", "PK": "250+432", "PK_PAT": "250432", "ID_EVENTO": "", "TP_EVENTO": "OTRO", "LONG_EVENT": 1.0, "AMENAZA": "( )", "ESTADO_EG": "Antiguo", "FX2": " ", "OBSERVACIO": "Se detecta canalización Prof=0.5m oculta por cobertura vegetal espesa. Condición insegura por riesgo de caídas y esguinces al personal de inspección debido a nula visibilidad. Necesaria intervención de rocería para identificar la discontinuidad.", "PROFUNDIDA": 1.87, "COD_ID": "PRO-460", "ENTREGA": "E01_R2", "LATITUD": 5.4299556, "LONGITUD": -74.6445117, "IMAGEN_1": "C001_IMG_20260121_075905.jpg", "IMAGEN_2": "C001_IMG_20260121_075915.jpg", "IMAGEN_3": "C001_IMG_20260121_075933.jpg", "VISUALIZAR_IMAGEN_1": "https:\/\/drive.google.com\/uc?export=view&id=1-rJG4a0Q73k60uj_1IuFNavVKOayzyDy", "VISUALIZAR_IMAGEN_2": "https:\/\/drive.google.com\/uc?export=view&id=14A86nBhsrfqDcUjAFzOMmklzGMPsDdae", "VISUALIZAR_IMAGEN_3": "https:\/\/drive.google.com\/uc?export=view&id=1Rp98KvTfVn7GxGnF5z6W01eCkpO21r4z" }, "geometry": { "type": "Point", "coordinates": [ -74.644511699999953, 5.429955600000028, 190.960999999995693 ] } },
{ "type": "Feature", "properties": { "FECHA": "19\/01\/2026 00:00:00 (UTC)", "DEPTO": "CUNDINAMARCA", "MUNICIPIO": "PUERTO SALGAR", "VEREDA": "YERBABUENA", "GASODUCTO": "CENTRO - ORIENTE", "TRAMO": "Vasconia - Puerto Salgar", "TP_DUCTO": "Troncal", "DISTRITO": "1", "DIAMETRO": "20\"", "TRM_REG": "VASCONIA - MARIQUITA", "PK": "235+922", "PK_PAT": "235925", "ID_EVENTO": "", "TP_EVENTO": "SOCAVACIÓN DE FONDO", "LONG_EVENT": 0.0, "AMENAZA": "( )", "ESTADO_EG": "Antiguo", "FX2": " ", "OBSERVACIO": "No se evidencia", "PROFUNDIDA": 1.19, "COD_ID": "PRO-505", "ENTREGA": "E01_R2", "LATITUD": 5.5513, "LONGITUD": -74.6242, "IMAGEN_1": "C001_IMG_20260119_082337.jpg", "IMAGEN_2": "C001_IMG_20260119_082353.jpg", "IMAGEN_3": "C001_IMG_20260119_082359.jpg", "VISUALIZAR_IMAGEN_1": "https:\/\/drive.google.com\/uc?export=view&id=1AlwqO-7BSeQLKRVv8Ku1q_PKqBRrIirV", "VISUALIZAR_IMAGEN_2": "https:\/\/drive.google.com\/uc?export=view&id=1NKAIklj_KWDv3deH3_BSSdNRJvglf48M", "VISUALIZAR_IMAGEN_3": "https:\/\/drive.google.com\/uc?export=view&id=1uIDQ7MuAxYwPpTv39Zd4p2FD_bR5lUtG" }, "geometry": { "type": "Point", "coordinates": [ -74.6242, 5.5513, 172.570000000006985 ] } },
{ "type": "Feature", "properties": { "FECHA": "21\/01\/2026 00:00:00 (UTC)", "DEPTO": "BOYACÁ", "MUNICIPIO": "PUERTO BOYACÁ", "VEREDA": "MARANAL", "GASODUCTO": "CENTRO - ORIENTE", "TRAMO": "Vasconia - Puerto Salgar", "TP_DUCTO": "Troncal", "DISTRITO": "1", "DIAMETRO": "20\"", "TRM_REG": "VASCONIA - MARIQUITA", "PK": "201+038", "PK_PAT": "201025", "ID_EVENTO": "", "TP_EVENTO": "CARCAVAS", "LONG_EVENT": 5.0, "AMENAZA": "( )", "ESTADO_EG": "Antiguo", "FX2": " ", "OBSERVACIO": "Carcavas superficiales", "PROFUNDIDA": 1.3, "COD_ID": "PRO-435", "ENTREGA": "E02_R2", "LATITUD": 5.84702, "LONGITUD": -74.63272, "IMAGEN_1": "C002_IMG_20260121_101251.jpg", "IMAGEN_2": "C002_IMG_20260121_101341.jpg", "IMAGEN_3": "C002_IMG_20260121_101348.jpg", "VISUALIZAR_IMAGEN_1": "https:\/\/drive.google.com\/uc?export=view&id=1rQ20fn3z7igId1zKZD9pxY9MHc6vfnRt", "VISUALIZAR_IMAGEN_2": "https:\/\/drive.google.com\/uc?export=view&id=1HjRTlDcWkNNh-cw_gdSvLqid9ueqBHKd", "VISUALIZAR_IMAGEN_3": "https:\/\/drive.google.com\/uc?export=view&id=1K0i7PIegyT7pIAWYeEWtIxDxgeQ8yTnf" }, "geometry": { "type": "Point", "coordinates": [ -74.63272, 5.84702, 169.906000000002678 ] } },
{ "type": "Feature", "properties": { "FECHA": "21\/01\/2026 00:00:00 (UTC)", "DEPTO": "BOYACÁ", "MUNICIPIO": "PUERTO BOYACÁ", "VEREDA": "MARANAL", "GASODUCTO": "CENTRO - ORIENTE", "TRAMO": "Vasconia - Puerto Salgar", "TP_DUCTO": "Troncal", "DISTRITO": "1", "DIAMETRO": "20\"", "TRM_REG": "VASCONIA - MARIQUITA", "PK": "201+078", "PK_PAT": "201080", "ID_EVENTO": "", "TP_EVENTO": "DESLIZAMIENTO ROTACIONAL", "LONG_EVENT": 15.0, "AMENAZA": "( )", "ESTADO_EG": "Antiguo", "FX2": " ", "OBSERVACIO": "Deslizamiento antiguo", "PROFUNDIDA": 2.13, "COD_ID": "PRO-436", "ENTREGA": "E02_R2", "LATITUD": 5.8468100000000618, "LONGITUD": -74.63301, "IMAGEN_1": "C002_IMG_20260121_101547.jpg", "IMAGEN_2": "C002_IMG_20260121_101557.jpg", "IMAGEN_3": "C002_IMG_20260121_101602.jpg", "VISUALIZAR_IMAGEN_1": "https:\/\/drive.google.com\/uc?export=view&id=1mApr_MQ0UzoU4ojt8-SipkdV9mi61o3c", "VISUALIZAR_IMAGEN_2": "https:\/\/drive.google.com\/uc?export=view&id=1Dzilwbhwqwpxb5hqOtENjg_0lfkad8Qy", "VISUALIZAR_IMAGEN_3": "https:\/\/drive.google.com\/uc?export=view&id=1kY4czbYukWfFFvGGVJGysmYHFCXKGRFd" }, "geometry": { "type": "Point", "coordinates": [ -74.63301, 5.84681, 164.077999999994063 ] } },
{ "type": "Feature", "properties": { "FECHA": "22\/01\/2026 00:00:00 (UTC)", "DEPTO": "BOYACÁ", "MUNICIPIO": "PUERTO BOYACÁ", "VEREDA": "MARANAL", "GASODUCTO": "CENTRO - ORIENTE", "TRAMO": "Vasconia - Puerto Salgar", "TP_DUCTO": "Troncal", "DISTRITO": "1", "DIAMETRO": "20\"", "TRM_REG": "VASCONIA - MARIQUITA", "PK": "203+192", "PK_PAT": "203191", "ID_EVENTO": "", "TP_EVENTO": "OTRO", "LONG_EVENT": 10.0, "AMENAZA": "Bajo", "ESTADO_EG": "Antiguo", "FX2": " ", "OBSERVACIO": "Botadero en cercanías al eje de la tubería", "PROFUNDIDA": 1.8, "COD_ID": "PRO-79", "ENTREGA": "E02_R2", "LATITUD": 5.833555, "LONGITUD": -74.632664, "IMAGEN_1": "C002_IMG_20260122_083756.jpg", "IMAGEN_2": "C002_IMG_20260122_083801.jpg", "IMAGEN_3": "C002_IMG_20260122_083808.jpg", "VISUALIZAR_IMAGEN_1": "https:\/\/drive.google.com\/uc?export=view&id=10IuhKJsjEq7nwvsYEG0dI6oCbvJX3V5f", "VISUALIZAR_IMAGEN_2": "https:\/\/drive.google.com\/uc?export=view&id=1f40_nLFCJbI6oM9qZKqn7NSkFVfFm7bh", "VISUALIZAR_IMAGEN_3": "https:\/\/drive.google.com\/uc?export=view&id=1zJQflQssgNTdEvFKJA18QC2MxFOD74bK" }, "geometry": { "type": "Point", "coordinates": [ -74.632664, 5.833555, 162.25800000000163 ] } },
{ "type": "Feature", "properties": { "FECHA": "25\/01\/2026 00:00:00 (UTC)", "DEPTO": "SANTANDER", "MUNICIPIO": "CIMITARRA", "VEREDA": "TIERRADENTRO", "GASODUCTO": "CENTRO - ORIENTE", "TRAMO": "Sebastopol - Vasconia", "TP_DUCTO": "Troncal", "DISTRITO": "1", "DIAMETRO": "20\"", "TRM_REG": "SEBASTOPOL - VASCONIA", "PK": "128+513", "PK_PAT": "128518", "ID_EVENTO": " ", "TP_EVENTO": "SOCAVACIÓN LATERAL", "LONG_EVENT": 6.0, "AMENAZA": "( )", "ESTADO_EG": "Antiguo", "FX2": " ", "OBSERVACIO": "Socavación lateral en una parte de la margen derecha del subfluvial.", "PROFUNDIDA": 2.3, "COD_ID": "PRO-387", "ENTREGA": "E02_R2", "LATITUD": 6.3664000000000556, "LONGITUD": -74.419, "IMAGEN_1": "C002_IMG_20260125_091602.jpg", "IMAGEN_2": "C002_IMG_20260125_091613.jpg", "IMAGEN_3": "C002_IMG_20260125_091619.jpg", "VISUALIZAR_IMAGEN_1": "https:\/\/drive.google.com\/uc?export=view&id=1Q_PeosVq_PuVs1b2IQaCC8sBjV0ADlRS", "VISUALIZAR_IMAGEN_2": "https:\/\/drive.google.com\/uc?export=view&id=1dVNxC1GTQCgB9vHZVL5ZYZb3f7Lk_uD9", "VISUALIZAR_IMAGEN_3": "https:\/\/drive.google.com\/uc?export=view&id=1sLx293LhjWADB-UySD5IOBNW1yM2qGkk" }, "geometry": { "type": "Point", "coordinates": [ -74.419, 6.3664, 124.633400000006077 ] } },
{ "type": "Feature", "properties": { "FECHA": "25\/01\/2026 00:00:00 (UTC)", "DEPTO": "SANTANDER", "MUNICIPIO": "CIMITARRA", "VEREDA": "TIERRADENTRO", "GASODUCTO": "CENTRO - ORIENTE", "TRAMO": "Sebastopol - Vasconia", "TP_DUCTO": "Troncal", "DISTRITO": "1", "DIAMETRO": "20\"", "TRM_REG": "SEBASTOPOL - VASCONIA", "PK": "127+254", "PK_PAT": "127240", "ID_EVENTO": " ", "TP_EVENTO": "CARCAVAS", "LONG_EVENT": 5.0, "AMENAZA": "( )", "ESTADO_EG": "Antiguo", "FX2": " ", "OBSERVACIO": "Se cambia respecto a linea base de tipo de evento otro a carcavas. Se presentan carcavas.", "PROFUNDIDA": 1.6, "COD_ID": "PRO-493", "ENTREGA": "E02_R2", "LATITUD": 6.3737, "LONGITUD": -74.4107, "IMAGEN_1": "C002_IMG_20260125_082319.jpg", "IMAGEN_2": "C002_IMG_20260125_082350.jpg", "IMAGEN_3": "C002_IMG_20260125_082356.jpg", "VISUALIZAR_IMAGEN_1": "https:\/\/drive.google.com\/uc?export=view&id=1rM8NpLznuEEV6Rph9Q-9J25sHsN41M5j", "VISUALIZAR_IMAGEN_2": "https:\/\/drive.google.com\/uc?export=view&id=1Z0t345SJ-W68SB8QVwmKDKAe4yODv1Qf", "VISUALIZAR_IMAGEN_3": "https:\/\/drive.google.com\/uc?export=view&id=1gqbNpKKBtZUzFWfcWAxOQ9gFBUOeNmnb" }, "geometry": { "type": "Point", "coordinates": [ -74.4107, 6.3737, 133.770699999993667 ] } },
{ "type": "Feature", "properties": { "FECHA": "25\/01\/2026 00:00:00 (UTC)", "DEPTO": "SANTANDER", "MUNICIPIO": "CIMITARRA", "VEREDA": "TIERRADENTRO", "GASODUCTO": "CENTRO - ORIENTE", "TRAMO": "Sebastopol - Vasconia", "TP_DUCTO": "Troncal", "DISTRITO": "1", "DIAMETRO": "20\"", "TRM_REG": "SEBASTOPOL - VASCONIA", "PK": "129+459", "PK_PAT": "0", "ID_EVENTO": " ", "TP_EVENTO": "SURCOS", "LONG_EVENT": 2.0, "AMENAZA": "( )", "ESTADO_EG": "Nuevo", "FX2": " ", "OBSERVACIO": "Surcos en el DDV.", "PROFUNDIDA": 2.3, "COD_ID": "PRO-646", "ENTREGA": "E02_R2", "LATITUD": 6.3621000000000549, "LONGITUD": -74.42613, "IMAGEN_1": "C002_IMG_20260125_095210.jpg", "IMAGEN_2": "C002_IMG_20260125_095222.jpg", "IMAGEN_3": "C002_IMG_20260125_095228.jpg", "VISUALIZAR_IMAGEN_1": "https:\/\/drive.google.com\/uc?export=view&id=17_FbOJrKcaEH1Ok-ZDS1nvgSMvmg0fZy", "VISUALIZAR_IMAGEN_2": "https:\/\/drive.google.com\/uc?export=view&id=1k8kC_P6fUvDDm7rIOv7bStpUWgguTApX", "VISUALIZAR_IMAGEN_3": "https:\/\/drive.google.com\/uc?export=view&id=1tj5gDOXQHOuiB-5iydtDtW0qpO0Mo4b9" }, "geometry": { "type": "Point", "coordinates": [ -74.42613, 6.3621, 135.489100000006147 ] } },
{ "type": "Feature", "properties": { "FECHA": "2\/02\/2026 00:00:00 (UTC)", "DEPTO": "BOYACÁ", "MUNICIPIO": "PUERTO BOYACÁ", "VEREDA": "ERMITANO", "GASODUCTO": "CENTRO - ORIENTE", "TRAMO": "Sebastopol - Vasconia", "TP_DUCTO": "Troncal", "DISTRITO": "1", "DIAMETRO": "20\"", "TRM_REG": "SEBASTOPOL - VASCONIA", "PK": "161+434", "PK_PAT": "161436", "ID_EVENTO": " ", "TP_EVENTO": "OTRO", "LONG_EVENT": 0.0, "AMENAZA": "Bajo", "ESTADO_EG": "Antiguo", "FX2": " ", "OBSERVACIO": "Actualmente no existe evento, zona cubierta con abundante vegetación", "PROFUNDIDA": 1.4, "COD_ID": "PRO-77", "ENTREGA": "E02_R2", "LATITUD": 6.141871, "LONGITUD": -74.56548, "IMAGEN_1": "C002_IMG_20260202_074929.jpg", "IMAGEN_2": "C002_IMG_20260202_074935.jpg", "IMAGEN_3": "C002_IMG_20260202_074946.jpg", "VISUALIZAR_IMAGEN_1": "https:\/\/drive.google.com\/uc?export=view&id=13iJf8Lsm1R0EZ66_h4HzsLjj46U4CmRA", "VISUALIZAR_IMAGEN_2": "https:\/\/drive.google.com\/uc?export=view&id=1cLQdoLsnUjUszJFb9vKv36QicAVu_IeK", "VISUALIZAR_IMAGEN_3": "https:\/\/drive.google.com\/uc?export=view&id=1VyR4XgQn-Ln_uHN4GnYVhXcpB5HGWD_f" }, "geometry": { "type": "Point", "coordinates": [ -74.56548, 6.141871, 139.329299999997602 ] } },
{ "type": "Feature", "properties": { "FECHA": "2\/02\/2026 00:00:00 (UTC)", "DEPTO": "BOYACÁ", "MUNICIPIO": "PUERTO BOYACÁ", "VEREDA": "PALAGUA", "GASODUCTO": "CENTRO - ORIENTE", "TRAMO": "Sebastopol - Vasconia", "TP_DUCTO": "Troncal", "DISTRITO": "1", "DIAMETRO": "20\"", "TRM_REG": "SEBASTOPOL - VASCONIA", "PK": "163+978", "PK_PAT": "163978", "ID_EVENTO": " ", "TP_EVENTO": "OTRO", "LONG_EVENT": 0.0, "AMENAZA": "Alto", "ESTADO_EG": "Antiguo", "FX2": " ", "OBSERVACIO": "No se observa proceso menor, solo avistamiento de serpientes", "PROFUNDIDA": 1.4, "COD_ID": "PRO-78", "ENTREGA": "E02_R2", "LATITUD": 6.120599, "LONGITUD": -74.558032, "IMAGEN_1": "C002_IMG_20260202_093951.jpg", "IMAGEN_2": "C002_IMG_20260202_094007.jpg", "IMAGEN_3": "C002_IMG_20260202_094015.jpg", "VISUALIZAR_IMAGEN_1": "https:\/\/drive.google.com\/uc?export=view&id=1Kk0t0w8upGq7Jt7MYdMzaDrRCTsf0Z78", "VISUALIZAR_IMAGEN_2": "https:\/\/drive.google.com\/uc?export=view&id=1sUT3PGhd-J4jq-YKJFrrmEYKtq4cF7-i", "VISUALIZAR_IMAGEN_3": "https:\/\/drive.google.com\/uc?export=view&id=1DUXGkPCumPPwl8ND658Aib9Xdtgp_Iso" }, "geometry": { "type": "Point", "coordinates": [ -74.558032, 6.120599, 145.284199999994598 ] } },
{ "type": "Feature", "properties": { "FECHA": "29\/01\/2026 00:00:00 (UTC)", "DEPTO": "BOYACÁ", "MUNICIPIO": "PUERTO BOYACÁ", "VEREDA": "ERMITANO", "GASODUCTO": "CENTRO - ORIENTE", "TRAMO": "Sebastopol - Vasconia", "TP_DUCTO": "Troncal", "DISTRITO": "1", "DIAMETRO": "20\"", "TRM_REG": "SEBASTOPOL - VASCONIA", "PK": "146+749", "PK_PAT": "146743", "ID_EVENTO": " ", "TP_EVENTO": "SOCAVACIÓN LATERAL", "LONG_EVENT": 3.0, "AMENAZA": "( )", "ESTADO_EG": "Antiguo", "FX2": " ", "OBSERVACIO": "Socavación lateral margen izquierda. No se puede ingresar al proceso menor por vegetación densa y rio con alto caudal", "PROFUNDIDA": 3.2, "COD_ID": "PRO-430", "ENTREGA": "E02_R2", "LATITUD": 6.257613, "LONGITUD": -74.523821, "IMAGEN_1": "C002_IMG_20260129_090016.jpg", "IMAGEN_2": "C002_IMG_20260129_090021.jpg", "IMAGEN_3": "C002_IMG_20260129_090026.jpg", "VISUALIZAR_IMAGEN_1": "https:\/\/drive.google.com\/uc?export=view&id=1cJx2PksxTcx9FeOCrsVhsqu1RFSYMSl6", "VISUALIZAR_IMAGEN_2": "https:\/\/drive.google.com\/uc?export=view&id=1UMUw9sqDyZTbSdqpM3e09QBO6KRIdYqN", "VISUALIZAR_IMAGEN_3": "https:\/\/drive.google.com\/uc?export=view&id=1xTY_sBZYE1d8sZSwCAv7pWS9UgwHoDze" }, "geometry": { "type": "Point", "coordinates": [ -74.523821, 6.257613, 121.607099999993807 ] } },
{ "type": "Feature", "properties": { "FECHA": "27\/01\/2026 00:00:00 (UTC)", "DEPTO": "SANTANDER", "MUNICIPIO": "CIMITARRA", "VEREDA": "CAÑO BAÚL", "GASODUCTO": "CENTRO - ORIENTE", "TRAMO": "Sebastopol - Vasconia", "TP_DUCTO": "Troncal", "DISTRITO": "1", "DIAMETRO": "20\"", "TRM_REG": "SEBASTOPOL - VASCONIA", "PK": "137+807", "PK_PAT": "137802", "ID_EVENTO": " ", "TP_EVENTO": "SOCAVACIÓN LATERAL", "LONG_EVENT": 0.0, "AMENAZA": "( )", "ESTADO_EG": "Antiguo", "FX2": " ", "OBSERVACIO": "No se evidencia actualmente algun tipo de proceso menor.", "PROFUNDIDA": 1.7, "COD_ID": "PRO-453", "ENTREGA": "E02_R2", "LATITUD": 6.3011240000000726, "LONGITUD": -74.462123, "IMAGEN_1": "C002_IMG_20260127_100827.jpg", "IMAGEN_2": "C002_IMG_20260127_100844.jpg", "IMAGEN_3": "C002_IMG_20260127_100853.jpg", "VISUALIZAR_IMAGEN_1": "https:\/\/drive.google.com\/uc?export=view&id=1Yom9IErYnbCQlIbPpYtm_ej5YCB7GrG-", "VISUALIZAR_IMAGEN_2": "https:\/\/drive.google.com\/uc?export=view&id=1RQj7fugAF7Hvt0xeOAoL4h-mCF41p1Cd", "VISUALIZAR_IMAGEN_3": "https:\/\/drive.google.com\/uc?export=view&id=1Oz4G2Vccqly96W08F_ks6d6LDpeLA8TV" }, "geometry": { "type": "Point", "coordinates": [ -74.462123, 6.301124, 118.518599999995786 ] } },
{ "type": "Feature", "properties": { "FECHA": "3\/02\/2026 00:00:00 (UTC)", "DEPTO": "BOYACÁ", "MUNICIPIO": "PUERTO BOYACÁ", "VEREDA": "PALAGUA", "GASODUCTO": "CENTRO - ORIENTE", "TRAMO": "Sebastopol - Vasconia", "TP_DUCTO": "Troncal", "DISTRITO": "1", "DIAMETRO": "20\"", "TRM_REG": "SEBASTOPOL - VASCONIA", "PK": "166+335", "PK_PAT": "166342", "ID_EVENTO": " ", "TP_EVENTO": "CARCAVAS", "LONG_EVENT": 8.0, "AMENAZA": "( )", "ESTADO_EG": "Antiguo", "FX2": " ", "OBSERVACIO": "Se cambia respecto a linea base de tipo de evento reptación a carcavas. Se presentan carcavas.", "PROFUNDIDA": 1.23, "COD_ID": "PRO-455", "ENTREGA": "E02_R2", "LATITUD": 6.1011760000000663, "LONGITUD": -74.551839, "IMAGEN_1": "C002_IMG_20260203_080528.jpg", "IMAGEN_2": "C002_IMG_20260203_080543.jpg", "IMAGEN_3": "C002_IMG_20260203_080536.jpg", "VISUALIZAR_IMAGEN_1": "https:\/\/drive.google.com\/uc?export=view&id=1oHbGwtlCO4UpmFUCyjER5EnPM3wljgcY", "VISUALIZAR_IMAGEN_2": "https:\/\/drive.google.com\/uc?export=view&id=1_8KAMMRyqX_0IyaRrCL14al0FTm_RmG1", "VISUALIZAR_IMAGEN_3": "https:\/\/drive.google.com\/uc?export=view&id=1DHWdcERnA-S7ZTthbsitO5wtMMDbRpVj" }, "geometry": { "type": "Point", "coordinates": [ -74.551839, 6.101176, 152.743900000001304 ] } },
{ "type": "Feature", "properties": { "FECHA": "3\/02\/2026 00:00:00 (UTC)", "DEPTO": "BOYACÁ", "MUNICIPIO": "PUERTO BOYACÁ", "VEREDA": "PALAGUA", "GASODUCTO": "CENTRO - ORIENTE", "TRAMO": "Sebastopol - Vasconia", "TP_DUCTO": "Troncal", "DISTRITO": "1", "DIAMETRO": "20\"", "TRM_REG": "SEBASTOPOL - VASCONIA", "PK": "168+118", "PK_PAT": "168116", "ID_EVENTO": " ", "TP_EVENTO": "CARCAVAS", "LONG_EVENT": 6.0, "AMENAZA": "( )", "ESTADO_EG": "Antiguo", "FX2": " ", "OBSERVACIO": "Se cambia respecto a linea base de tipo de evento otro a carcavas. Se presentan carcavas con profundidad de 0.8m", "PROFUNDIDA": 1.1, "COD_ID": "PRO-533", "ENTREGA": "E02_R2", "LATITUD": 6.0854661000001, "LONGITUD": -74.5519636, "IMAGEN_1": "C002_IMG_20260203_085817.jpg", "IMAGEN_2": "C002_IMG_20260203_085828.jpg", "IMAGEN_3": "C002_IMG_20260203_085838.jpg", "VISUALIZAR_IMAGEN_1": "https:\/\/drive.google.com\/uc?export=view&id=1JZXpeyRYh8ltJ68_15jJGmyZ2cDFd68F", "VISUALIZAR_IMAGEN_2": "https:\/\/drive.google.com\/uc?export=view&id=17iH3ZxS7QNzo8IlD36wFBy_s2lPFJNmC", "VISUALIZAR_IMAGEN_3": "https:\/\/drive.google.com\/uc?export=view&id=1WdeZwakhNN6lIAnIJT9OrIgwUfI-bJcv" }, "geometry": { "type": "Point", "coordinates": [ -74.551963599999965, 6.085466100000076, 171.449699999997392 ] } },
{ "type": "Feature", "properties": { "FECHA": "31\/01\/2026 00:00:00 (UTC)", "DEPTO": "TOLIMA", "MUNICIPIO": "AMBALEMA", "VEREDA": "TAJO MEDIO", "GASODUCTO": "CENTRO - ORIENTE", "TRAMO": "Ambalema", "TP_DUCTO": "Ramal", "DISTRITO": "2", "DIAMETRO": "2\"", "TRM_REG": "MARIQUITA - GUALANDAY", "PK": "013+271", "PK_PAT": "0", "ID_EVENTO": "N617", "TP_EVENTO": "OTRO", "LONG_EVENT": 0.0, "AMENAZA": "( )", "ESTADO_EG": "Nuevo", "FX2": " ", "OBSERVACIO": "SEGUIMIENTO DE PATRULLAJE - PUNTO DE OBSERVACION.", "PROFUNDIDA": 0.0, "COD_ID": "PRO-639", "ENTREGA": "E03_R2", "LATITUD": 4.794755000000066, "LONGITUD": -74.81911, "IMAGEN_1": "C001_IMG_20260131_100510.jpg", "IMAGEN_2": "C001_IMG_20260131_100518.jpg", "IMAGEN_3": "C001_IMG_20260131_100525.jpg", "VISUALIZAR_IMAGEN_1": "https:\/\/drive.google.com\/uc?export=view&id=1Yco02Ztlae4RbKuyhyEK1IAu7hY0rKO8", "VISUALIZAR_IMAGEN_2": "https:\/\/drive.google.com\/uc?export=view&id=10uvgMlBvWz6ikP6EA0QTbrgWlGNG1Hlj", "VISUALIZAR_IMAGEN_3": "https:\/\/drive.google.com\/uc?export=view&id=1R7T3BQIjjG7E9Bwvt_SjSx_MHh61JaKW" }, "geometry": { "type": "Point", "coordinates": [ -74.81911, 4.794755, 0.0 ] } },
{ "type": "Feature", "properties": { "FECHA": "31\/01\/2026 00:00:00 (UTC)", "DEPTO": "TOLIMA", "MUNICIPIO": "AMBALEMA", "VEREDA": "TAJO MEDIO", "GASODUCTO": "CENTRO - ORIENTE", "TRAMO": "Ambalema", "TP_DUCTO": "Ramal", "DISTRITO": "2", "DIAMETRO": "2\"", "TRM_REG": "MARIQUITA - GUALANDAY", "PK": "015+696", "PK_PAT": "0", "ID_EVENTO": "N618", "TP_EVENTO": "OTRO", "LONG_EVENT": 0.0, "AMENAZA": "( )", "ESTADO_EG": "Nuevo", "FX2": " ", "OBSERVACIO": "SEGUIMIENTO DE PATRULLAJE - PUNTO DE OBSERVACION.", "PROFUNDIDA": 0.0, "COD_ID": "PRO-640", "ENTREGA": "E03_R2", "LATITUD": 4.780315, "LONGITUD": -74.804485, "IMAGEN_1": "C001_IMG_20260131_112259.jpg", "IMAGEN_2": "C001_IMG_20260131_112307.jpg", "IMAGEN_3": "C001_IMG_20260131_112311.jpg", "VISUALIZAR_IMAGEN_1": "https:\/\/drive.google.com\/uc?export=view&id=1j-0Rh_Pxzuk52cR2xsuh7wg-JaMoi1Yw", "VISUALIZAR_IMAGEN_2": "https:\/\/drive.google.com\/uc?export=view&id=16TerYW7Q2jlTom7cMIX1QtA75ut65FSv", "VISUALIZAR_IMAGEN_3": "https:\/\/drive.google.com\/uc?export=view&id=1fgi-eId-H-6fT3SLRItX1q699vE1ACfr" }, "geometry": { "type": "Point", "coordinates": [ -74.804485, 4.780315, 0.0 ] } },
{ "type": "Feature", "properties": { "FECHA": "16\/02\/2026 00:00:00 (UTC)", "DEPTO": "CALDAS", "MUNICIPIO": "VICTORIA", "VEREDA": "EL AGUACATE", "GASODUCTO": "CENTRO - ORIENTE", "TRAMO": "La Victoria", "TP_DUCTO": "Ramal", "DISTRITO": "2", "DIAMETRO": "2\"", "TRM_REG": "VASCONIA - MARIQUITA", "PK": "006+708", "PK_PAT": "6700", "ID_EVENTO": "", "TP_EVENTO": "OTRO", "LONG_EVENT": 500.0, "AMENAZA": "( )", "ESTADO_EG": "Antiguo", "FX2": " ", "OBSERVACIO": "Corte mecanico sobre el DDV de aproximadamente 500m de largo, por lo que se alcanza a observar se usa para canalizar y drenar el agua lluvia, An=2m, Al=1,5m", "PROFUNDIDA": 0.84, "COD_ID": "PRO-507", "ENTREGA": "E03_R2", "LATITUD": 5.3134880000000635, "LONGITUD": -74.887825, "IMAGEN_1": "C001_IMG_20260216_102650.jpg", "IMAGEN_2": "C001_IMG_20260216_102658.jpg", "IMAGEN_3": "C001_IMG_20260216_102712.jpg", "VISUALIZAR_IMAGEN_1": "https:\/\/drive.google.com\/uc?export=view&id=1-ebs4sY_jeQjo6WCerl4TrqI227Qb9Un", "VISUALIZAR_IMAGEN_2": "https:\/\/drive.google.com\/uc?export=view&id=1tDA8-j_eiTyYnoapvn-LxX0CX7-SrTu-", "VISUALIZAR_IMAGEN_3": "https:\/\/drive.google.com\/uc?export=view&id=1lFGGR-QbgUU68agkpHP1nQ24G3I9EGiB" }, "geometry": { "type": "Point", "coordinates": [ -74.887825, 5.313488, 0.0 ] } }
]
}
