{
"type": "FeatureCollection",
"name": "URL_H_Eventos",
"crs": { "type": "name", "properties": { "name": "urn:ogc:def:crs:OGC:1.3:CRS84" } },
"features": [
{ "type": "Feature", "properties": { "OBJECTID": 1, "FECHA": "22/02/2026 00:00:00 (UTC)", "DEPTO": "SANTANDER", "MUNICIPIO": "CIMITARRA", "VEREDA": "RIVERAS DEL SAN JUAN", "GASODUCTO": "CENTRO - ORIENTE", "TRAMO": "Barrancabermeja - Sebastopol", "TP_DUCTO": "Troncal", "DISTRITO": "1", "DIAMETRO": "20\"", "TRM_REG": "BARRANCABERMEJA - SEBASTOPOL", "ZONA": "1", "PK": "077+849", "PK_PAT": "77848", "ID_EVENTO": "192", "TP_EVENTO": "CARCAVAS", "LONG_EVENT": 30.0, "PRIORIDAD": "Bajo", "AMENAZA": "Bajo", "ESTADO_EG": "Antiguo", "FX2": "20230809_FX2_C01_C0R_BARRANC-SEB_PK077+848_VA", "OBSERVACION_GEOTECNISTA": "", "OBSERVACIO": "Erosión hídrica severa con formación de cárcavas sobre el DDV. El material altamente erosionable ante la escorrentía genera pérdida de cobertura y confinamiento lateral, exponiendo el gasoducto a riesgos geotécnicos y esfuerzos no previstos. An=20", "PROFUNDIDA": 1.55, "COD_ID": "EVEN-1", "ENTREGA": "E05_R2", "HRMS": " ", "LATITUD": 6.5934540000000652, "LONGITUD": -74.13411, "ALTURA": 104.32610000000568, "NORTE": 2286707.3234700002, "ESTE": 4874673.2522700001, "IMAGEN_1": "C001_IMG_20260222_102333.jpg", "IMAGEN_2": "C001_IMG_20260222_102342.jpg", "IMAGEN_3": "C001_IMG_20260222_102412.jpg", "VISUALIZAR_IMAGEN_1": "https://drive.google.com/uc?export=view&id=1i6OHPc0LtCeAC2IZV0ekilKt_TFy0w7X", "VISUALIZAR_IMAGEN_2": "https://drive.google.com/uc?export=view&id=1TEafu7_myOTrbSRzSqFKXe0EGfffIWxG", "VISUALIZAR_IMAGEN_3": "https://drive.google.com/uc?export=view&id=1xhYm7QKed8Wu6KnawVxfyo5g430sFTXn", "FUENTE": "IEDDV" }, "geometry": { "type": "Point", "coordinates": [ -74.13411, 6.593454, 104.326100000005681 ] } },
{ "type": "Feature", "properties": { "OBJECTID": 2, "FECHA": "22/02/2026 00:00:00 (UTC)", "DEPTO": "SANTANDER", "MUNICIPIO": "CIMITARRA", "VEREDA": "RIVERAS DEL SAN JUAN", "GASODUCTO": "CENTRO - ORIENTE", "TRAMO": "Barrancabermeja - Sebastopol", "TP_DUCTO": "Troncal", "DISTRITO": "1", "DIAMETRO": "20\"", "TRM_REG": "BARRANCABERMEJA - SEBASTOPOL", "ZONA": "1", "PK": "080+236", "PK_PAT": "80233", "ID_EVENTO": "193", "TP_EVENTO": "CARCAVAS", "LONG_EVENT": 40.0, "PRIORIDAD": "Medio", "AMENAZA": "Medio", "ESTADO_EG": "Antiguo", "FX2": "20230704_FX2_C01_C0R_BARRANC-SEB_PK080+233_VB", "OBSERVACION_GEOTECNISTA": "", "OBSERVACIO": "Cárcavas por erosión hídrica en el DDV debido a suelos de alta erodabilidad y escorrentía superficial. La socavación activa reduce el confinamiento del gasoducto, generando riesgo de exposición y pérdida de estabilidad geotécnica lateral. An=10m", "PROFUNDIDA": 1.93, "COD_ID": "EVEN-2", "ENTREGA": "E05_R2", "HRMS": " ", "LATITUD": 6.5797460000000569, "LONGITUD": -74.150272, "ALTURA": 96.418699999994715, "NORTE": 2285196.37378, "ESTE": 4872883.5201500002, "IMAGEN_1": "C001_IMG_20260222_112934.jpg", "IMAGEN_2": "C001_IMG_20260222_112957.jpg", "IMAGEN_3": "C001_IMG_20260222_113032.jpg", "VISUALIZAR_IMAGEN_1": "https://drive.google.com/uc?export=view&id=1B8RJoZoEQUfuEEbtLW8qpQ1BImwhBLef", "VISUALIZAR_IMAGEN_2": "https://drive.google.com/uc?export=view&id=176hlqArb-iKx4uE8LfV24WliNJpg8Sbm", "VISUALIZAR_IMAGEN_3": "https://drive.google.com/uc?export=view&id=1GHZB9UpnVZKP11YjIXt1nEe7_n943S_r", "FUENTE": "IEDDV" }, "geometry": { "type": "Point", "coordinates": [ -74.150272, 6.579746, 96.418699999994715 ] } },
{ "type": "Feature", "properties": { "OBJECTID": 3, "FECHA": "17/02/2026 00:00:00 (UTC)", "DEPTO": "SANTANDER", "MUNICIPIO": "SIMACOTA", "VEREDA": "VIZCAINA ALTA", "GASODUCTO": "CENTRO - ORIENTE", "TRAMO": "Barrancabermeja - Sebastopol", "TP_DUCTO": "Troncal", "DISTRITO": "1", "DIAMETRO": "20\"", "TRM_REG": "BARRANCABERMEJA - SEBASTOPOL", "ZONA": "1", "PK": "038+708", "PK_PAT": "38717", "ID_EVENTO": "760", "TP_EVENTO": "SOCAVACIÓN DE FONDO", "LONG_EVENT": 40.0, "PRIORIDAD": "Alto", "AMENAZA": "Alto", "ESTADO_EG": "Antiguo", "FX2": "20210309_FX2_C01_COR_BARRANC-SEB_PK038+703_V1", "OBSERVACION_GEOTECNISTA": "", "OBSERVACIO": "Se cambia respecto a linea base de tipo de evento socavación lateral a socavación de fondo. Se evidencia exposición de tubería en el lecho del caño debido a la pérdida de cobertura por erosión hídrica. El arrastre de sedimentos dejó vulnerable la infraestructura.", "PROFUNDIDA": 0.0, "COD_ID": "EVEN-3", "ENTREGA": "E05_R2", "HRMS": " ", "LATITUD": 6.829074, "LONGITUD": -73.896786, "ALTURA": 107.63529999999446, "NORTE": 2312693.3051900002, "ESTE": 4900949.1546799997, "IMAGEN_1": "C001_IMG_20260217_084913.jpg", "IMAGEN_2": "C001_IMG_20260217_084922.jpg", "IMAGEN_3": "C001_IMG_20260217_084933.jpg", "VISUALIZAR_IMAGEN_1": "https://drive.google.com/uc?export=view&id=1xzQSL9XzQ9xIL_97FGMPCjpYFjaj0KSJ", "VISUALIZAR_IMAGEN_2": "https://drive.google.com/uc?export=view&id=1dcy11tLewF7BC--caoaxhfnAis-TPW1x", "VISUALIZAR_IMAGEN_3": "https://drive.google.com/uc?export=view&id=1WzXKTvxpvGSX_YAA8KMb7SVy3bQnqE88", "FUENTE": "IEDDV" }, "geometry": { "type": "Point", "coordinates": [ -73.896786, 6.829074, 107.635299999994459 ] } },
{ "type": "Feature", "properties": { "OBJECTID": 4, "FECHA": "18/02/2026 00:00:00 (UTC)", "DEPTO": "SANTANDER", "MUNICIPIO": "SIMACOTA", "VEREDA": "PULPAPEL", "GASODUCTO": "CENTRO - ORIENTE", "TRAMO": "Barrancabermeja - Sebastopol", "TP_DUCTO": "Troncal", "DISTRITO": "1", "DIAMETRO": "20\"", "TRM_REG": "BARRANCABERMEJA - SEBASTOPOL", "ZONA": "1", "PK": "045+374", "PK_PAT": "45379", "ID_EVENTO": "923", "TP_EVENTO": "OTRO", "LONG_EVENT": 20.0, "PRIORIDAD": "Alto", "AMENAZA": "Medio", "ESTADO_EG": "Antiguo", "FX2": "20210317_FX2_C01_COR_BARRANC-SEB_PK045+379__PK045+564VB", "OBSERVACION_GEOTECNISTA": "", "OBSERVACIO": "Se cambia respecto a linea base de tipo de evento socavacion de fondo a Otro. Excavación mecánica de canal ubicado paralelo al DDV; se removió la capa protectora, exponiendo la tubería a la escorrentía pluvial y a esfuerzos de tracción por el flujo hidráulico, comprometiendo su integridad estructural.", "PROFUNDIDA": 1.1, "COD_ID": "EVEN-4", "ENTREGA": "E05_R2", "HRMS": " ", "LATITUD": 6.7769940000000588, "LONGITUD": -73.924175, "ALTURA": 83.8125, "NORTE": 2306943.3775200001, "ESTE": 4897912.7631200003, "IMAGEN_1": "C001_IMG_20260218_094425.jpg", "IMAGEN_2": "C001_IMG_20260218_094431.jpg", "IMAGEN_3": "C001_IMG_20260218_094450.jpg", "VISUALIZAR_IMAGEN_1": "https://drive.google.com/uc?export=view&id=1mtd3716vVcuclvnSIK6fti96zxWtfphy", "VISUALIZAR_IMAGEN_2": "https://drive.google.com/uc?export=view&id=1yGBwu9YgNUnueQ80E2NrEyKpbqQLWXYl", "VISUALIZAR_IMAGEN_3": "https://drive.google.com/uc?export=view&id=1QOFekE_X6OrlGHLODTVxY9PEvssaHgLa", "FUENTE": "IEDDV" }, "geometry": { "type": "Point", "coordinates": [ -73.924175, 6.776994, 83.8125 ] } },
{ "type": "Feature", "properties": { "OBJECTID": 5, "FECHA": "22/02/2026 00:00:00 (UTC)", "DEPTO": "SANTANDER", "MUNICIPIO": "CIMITARRA", "VEREDA": "RIVERAS DEL SAN JUAN", "GASODUCTO": "CENTRO - ORIENTE", "TRAMO": "Barrancabermeja - Sebastopol", "TP_DUCTO": "Troncal", "DISTRITO": "1", "DIAMETRO": "20\"", "TRM_REG": "BARRANCABERMEJA - SEBASTOPOL", "ZONA": "1", "PK": "076+811", "PK_PAT": "76818", "ID_EVENTO": "1137", "TP_EVENTO": "CARCAVAS", "LONG_EVENT": 28.0, "PRIORIDAD": "Medio", "AMENAZA": "Medio", "ESTADO_EG": "Antiguo", "FX2": "20230809_FX2_C01_C0R_BARRANC-SEB_PK076+818_VB", "OBSERVACION_GEOTECNISTA": "", "OBSERVACIO": "Cárcavas en el DDV por erosión hídrica superficial. La escorrentía degrada el suelo, compuesto por materiales altamente erosionables, generando inestabilidad geotécnica que compromete la cobertura y seguridad del gasoducto enterrado. An=10m", "PROFUNDIDA": 1.23, "COD_ID": "EVEN-5", "ENTREGA": "E05_R2", "HRMS": " ", "LATITUD": 6.5980036, "LONGITUD": -74.1260519, "ALTURA": 102.58440000000701, "NORTE": 2287208.1343100001, "ESTE": 4875564.9743100004, "IMAGEN_1": "C001_IMG_20260222_095656.jpg", "IMAGEN_2": "C001_IMG_20260222_095723.jpg", "IMAGEN_3": "C001_IMG_20260222_095735.jpg", "VISUALIZAR_IMAGEN_1": "https://drive.google.com/uc?export=view&id=1cmcnJl_iO-ZrQXIXiF0mv3wXavIS6guT", "VISUALIZAR_IMAGEN_2": "https://drive.google.com/uc?export=view&id=1TfczFnjwEfYfKktX5XppUy2lBhFQHgS2", "VISUALIZAR_IMAGEN_3": "https://drive.google.com/uc?export=view&id=1HD4d3QA-wBTvS4T57qMeUVevUgUCXlh6", "FUENTE": "IEDDV" }, "geometry": { "type": "Point", "coordinates": [ -74.126051899999936, 6.598003600000027, 102.584400000007008 ] } },
{ "type": "Feature", "properties": { "OBJECTID": 6, "FECHA": "22/02/2026 00:00:00 (UTC)", "DEPTO": "SANTANDER", "MUNICIPIO": "CIMITARRA", "VEREDA": "RIVERAS DEL SAN JUAN", "GASODUCTO": "CENTRO - ORIENTE", "TRAMO": "Barrancabermeja - Sebastopol", "TP_DUCTO": "Troncal", "DISTRITO": "1", "DIAMETRO": "20\"", "TRM_REG": "BARRANCABERMEJA - SEBASTOPOL", "ZONA": "1", "PK": "078+003", "PK_PAT": "78003", "ID_EVENTO": "1138", "TP_EVENTO": "CARCAVAS", "LONG_EVENT": 45.0, "PRIORIDAD": "Medio", "AMENAZA": "Medio", "ESTADO_EG": "Antiguo", "FX2": "20230809_FX2_C01_C0R_BARRANC-SEB_PK078+003_VA", "OBSERVACION_GEOTECNISTA": "", "OBSERVACIO": "Cárcavas en el DDV por erosión hídrica en materiales de alta erodabilidad. La escorrentía genera pérdida de soporte y cobertura, comprometiendo la estabilidad geotécnica y la protección mecánica del gasoducto ante agentes externos. An=30m, Al=3m", "PROFUNDIDA": 1.83, "COD_ID": "EVEN-6", "ENTREGA": "E05_R2", "HRMS": " ", "LATITUD": 6.592675, "LONGITUD": -74.135245, "ALTURA": 110.0822, "NORTE": 2286621.51235, "ESTE": 4874547.6151900003, "IMAGEN_1": "C001_IMG_20260222_102741.jpg", "IMAGEN_2": "C001_IMG_20260222_102751.jpg", "IMAGEN_3": "C001_IMG_20260222_102838.jpg", "VISUALIZAR_IMAGEN_1": "https://drive.google.com/uc?export=view&id=1Z4v9faDDicouyxjsJ4p4h58bugmr7vuV", "VISUALIZAR_IMAGEN_2": "https://drive.google.com/uc?export=view&id=1CtYHWPMYPeCFkH_daENIusLujyy3IxjI", "VISUALIZAR_IMAGEN_3": "https://drive.google.com/uc?export=view&id=1TLQSqd2FDynX03gSFtxhYcN8MLNlRkUf", "FUENTE": "IEDDV" }, "geometry": { "type": "Point", "coordinates": [ -74.135245, 6.592675, 110.082200000004377 ] } },
{ "type": "Feature", "properties": { "OBJECTID": 7, "FECHA": "18/02/2026 00:00:00 (UTC)", "DEPTO": "SANTANDER", "MUNICIPIO": "SIMACOTA", "VEREDA": "PULPAPEL", "GASODUCTO": "CENTRO - ORIENTE", "TRAMO": "Barrancabermeja - Sebastopol", "TP_DUCTO": "Troncal", "DISTRITO": "1", "DIAMETRO": "20\"", "TRM_REG": "BARRANCABERMEJA - SEBASTOPOL", "ZONA": "1", "PK": "046+108", "PK_PAT": "46110", "ID_EVENTO": "1299", "TP_EVENTO": "SOCAVACIÓN LATERAL", "LONG_EVENT": 40.0, "PRIORIDAD": "Alto", "AMENAZA": "Medio", "ESTADO_EG": "Antiguo", "FX2": "20230710_FX2_C01_COR_BARRANC-SEB_PK046+110_VA", "OBSERVACION_GEOTECNISTA": "", "OBSERVACIO": "Evento geotécnico estabilizado en canal paralelo al DDV mediante muro de contención con pilotes metálicos hincados, garantizando el confinamiento del terreno y la protección de la infraestructura.", "PROFUNDIDA": 3.39, "COD_ID": "EVEN-7", "ENTREGA": "E05_R2", "HRMS": " ", "LATITUD": 6.772071, "LONGITUD": -73.928527, "ALTURA": 88.030400000003283, "NORTE": 2306400.2272700001, "ESTE": 4897430.9464299995, "IMAGEN_1": "C001_IMG_20260218_101630.jpg", "IMAGEN_2": "C001_IMG_20260218_101640.jpg", "IMAGEN_3": "C001_IMG_20260218_101648.jpg", "VISUALIZAR_IMAGEN_1": "https://drive.google.com/uc?export=view&id=1cS0yrSo0qvPh9SeaS6SSbEakBMPrXRrI", "VISUALIZAR_IMAGEN_2": "https://drive.google.com/uc?export=view&id=1yJhINCleToHOhYJrE1-wg3n_c2sVTqQ1", "VISUALIZAR_IMAGEN_3": "https://drive.google.com/uc?export=view&id=1W0L5afo5DrpcE_XyH2VNMaQ0LiuaSE4z", "FUENTE": "IEDDV" }, "geometry": { "type": "Point", "coordinates": [ -73.928527, 6.772071, 88.030400000003283 ] } },
{ "type": "Feature", "properties": { "OBJECTID": 8, "FECHA": "23/02/2026 00:00:00 (UTC)", "DEPTO": "SANTANDER", "MUNICIPIO": "CIMITARRA", "VEREDA": "RIVERAS DEL SAN JUAN", "GASODUCTO": "CENTRO - ORIENTE", "TRAMO": "Barrancabermeja - Sebastopol", "TP_DUCTO": "Troncal", "DISTRITO": "1", "DIAMETRO": "20\"", "TRM_REG": "BARRANCABERMEJA - SEBASTOPOL", "ZONA": "1", "PK": "084+228", "PK_PAT": "84225", "ID_EVENTO": "762", "TP_EVENTO": "CARCAVAS", "LONG_EVENT": 90.0, "PRIORIDAD": "Medio", "AMENAZA": "Medio", "ESTADO_EG": "Antiguo", "FX2": "20230705_FX2_C01_C0R_BARRANC-SEB_PK084+334_VA", "OBSERVACION_GEOTECNISTA": "", "OBSERVACIO": "Cárcavas por erosión hídrica en el DDV debido a suelos de alta erodabilidad y escorrentía superficial. La socavación activa reduce el confinamiento del gasoducto, generando riesgo de exposición y pérdida de estabilidad geotécnica lateral.", "PROFUNDIDA": 2.15, "COD_ID": "EVEN-8", "ENTREGA": "E05_R2", "HRMS": " ", "LATITUD": 6.564991, "LONGITUD": -74.182808, "ALTURA": 102.5833, "NORTE": 2283573.9910599999, "ESTE": 4869283.6212799996, "IMAGEN_1": "C001_IMG_20260223_102011.jpg", "IMAGEN_2": "C001_IMG_20260223_102019.jpg", "IMAGEN_3": "C001_IMG_20260223_102029.jpg", "VISUALIZAR_IMAGEN_1": "https://drive.google.com/uc?export=view&id=1rtkww-IGVo6Lyp3G_b1KaNXRYj354QzF", "VISUALIZAR_IMAGEN_2": "https://drive.google.com/uc?export=view&id=14CHK3_SR6g48jUg3BruxtJYp41pXD76X", "VISUALIZAR_IMAGEN_3": "https://drive.google.com/uc?export=view&id=1aHnVARF-TgqB2BMBcE-ERnSWirA2ocil", "FUENTE": "IEDDV" }, "geometry": { "type": "Point", "coordinates": [ -74.182808, 6.564991, 102.583299999998417 ] } },
{ "type": "Feature", "properties": { "OBJECTID": 9, "FECHA": "25/02/2026 00:00:00 (UTC)", "DEPTO": "SANTANDER", "MUNICIPIO": "CIMITARRA", "VEREDA": "PUERTO OLAYA", "GASODUCTO": "CENTRO - ORIENTE", "TRAMO": "Barrancabermeja - Sebastopol", "TP_DUCTO": "Troncal", "DISTRITO": "1", "DIAMETRO": "20\"", "TRM_REG": "BARRANCABERMEJA - SEBASTOPOL", "ZONA": "1", "PK": "099+167", "PK_PAT": "99154", "ID_EVENTO": "195", "TP_EVENTO": "SOCAVACIÓN DE FONDO", "LONG_EVENT": 20.0, "PRIORIDAD": "Alto", "AMENAZA": "Alto", "ESTADO_EG": "Antiguo", "FX2": "20220615_FX2_C01_COR_BARRANC-SEB_PK 099+154_VA", "OBSERVACION_GEOTECNISTA": "", "OBSERVACIO": "Evento desplazado respecto a linea base por actualización en la georreferenciación según recorrido 2026. Tubería expuesta (4m) por socavación de cauce. El flujo de agua removió el recubrimiento natural, desprotegiendo el tramo. Se observa pérdida de soporte debido a la erosión del material de fondo.", "PROFUNDIDA": 0.0, "COD_ID": "EVEN-9", "ENTREGA": "E05_R2", "HRMS": " ", "LATITUD": 6.5184805950000282, "LONGITUD": -74.302505479999979, "ALTURA": 104.9834, "NORTE": 2278466.0904399999, "ESTE": 4856039.9729199996, "IMAGEN_1": "C001_IMG_20260225_110223.jpg", "IMAGEN_2": "C001_IMG_20260225_110231.jpg", "IMAGEN_3": "C001_IMG_20260225_110239.jpg", "VISUALIZAR_IMAGEN_1": "https://drive.google.com/uc?export=view&id=1qxYSwmCGg6lpWuUbQtqfVmZmWmOi3E2c", "VISUALIZAR_IMAGEN_2": "https://drive.google.com/uc?export=view&id=1kmJR3rj-XTT64tL6Ohu2cLwZDXM8zrnh", "VISUALIZAR_IMAGEN_3": "https://drive.google.com/uc?export=view&id=14bEU2YV-aWZb9Tw6KG7KWrR_lVWCGrFU", "FUENTE": "IEDDV" }, "geometry": { "type": "Point", "coordinates": [ -74.302505479999979, 6.518480595000028, 104.983399999997346 ] } },
{ "type": "Feature", "properties": { "OBJECTID": 10, "FECHA": "25/02/2026 00:00:00 (UTC)", "DEPTO": "SANTANDER", "MUNICIPIO": "CIMITARRA", "VEREDA": "PUERTO OLAYA", "GASODUCTO": "CENTRO - ORIENTE", "TRAMO": "Barrancabermeja - Sebastopol", "TP_DUCTO": "Troncal", "DISTRITO": "1", "DIAMETRO": "20\"", "TRM_REG": "BARRANCABERMEJA - SEBASTOPOL", "ZONA": "1", "PK": "100+476", "PK_PAT": "100478", "ID_EVENTO": "196", "TP_EVENTO": "CARCAVAS", "LONG_EVENT": 37.0, "PRIORIDAD": "Medio", "AMENAZA": "Medio", "ESTADO_EG": "Antiguo", "FX2": "20230810_FX2_C01_C0R_BARRANC-SEB_PK100+478_VB", "OBSERVACION_GEOTECNISTA": "", "OBSERVACIO": "Formación de cárcavas por escorrentía superficial. La baja cohesión de los materiales arenosos y sueltos acelera la perdida de cobertura vegetal del terreno, facilitando procesos erosivos severos.", "PROFUNDIDA": 1.59, "COD_ID": "EVEN-10", "ENTREGA": "E05_R2", "HRMS": " ", "LATITUD": 6.5163890000000606, "LONGITUD": -74.314048, "ALTURA": 125.4872, "NORTE": 2278238.2174200001, "ESTE": 4854763.4101299997, "IMAGEN_1": "C001_IMG_20260225_113127.jpg", "IMAGEN_2": "C001_IMG_20260225_113135.jpg", "IMAGEN_3": "C001_IMG_20260225_113206.jpg", "VISUALIZAR_IMAGEN_1": "https://drive.google.com/uc?export=view&id=1DKmOndGJciiGsCMFMGSqwyiYpOYy-MPW", "VISUALIZAR_IMAGEN_2": "https://drive.google.com/uc?export=view&id=1lTe40yBO_7WeFWafI-edZDnZDBzMZV3q", "VISUALIZAR_IMAGEN_3": "https://drive.google.com/uc?export=view&id=1DIyjIri3kFikn3Oc11lRNCZcDQYqKziP", "FUENTE": "IEDDV" }, "geometry": { "type": "Point", "coordinates": [ -74.314048, 6.516389, 125.487200000003213 ] } },
{ "type": "Feature", "properties": { "OBJECTID": 11, "FECHA": "25/02/2026 00:00:00 (UTC)", "DEPTO": "SANTANDER", "MUNICIPIO": "CIMITARRA", "VEREDA": "LOS MORROS", "GASODUCTO": "CENTRO - ORIENTE", "TRAMO": "Barrancabermeja - Sebastopol", "TP_DUCTO": "Troncal", "DISTRITO": "1", "DIAMETRO": "20\"", "TRM_REG": "BARRANCABERMEJA - SEBASTOPOL", "ZONA": "1", "PK": "096+204", "PK_PAT": "96204", "ID_EVENTO": "764", "TP_EVENTO": "SURCOS", "LONG_EVENT": 40.0, "PRIORIDAD": "Alto", "AMENAZA": "Alto", "ESTADO_EG": "Antiguo", "FX2": "20210412_FX2_C01_COR_BARRANC-SEB_PK096+204_VC", "OBSERVACION_GEOTECNISTA": "", "OBSERVACIO": "Zona con corte mecánico y erosión por escorrentía, resultando en 2m de tubería expuesta. El suelo arenoso y de baja cohesion incrementa la vulnerabilidad y el riesgo de socavación continua.", "PROFUNDIDA": 0.0, "COD_ID": "EVEN-11", "ENTREGA": "E05_R2", "HRMS": " ", "LATITUD": 6.531355000000076, "LONGITUD": -74.280298, "ALTURA": 101.351, "NORTE": 2279882.7799399998, "ESTE": 4858498.4830999998, "IMAGEN_1": "C001_IMG_20260225_093341.jpg", "IMAGEN_2": "C001_IMG_20260225_093356.jpg", "IMAGEN_3": "C001_IMG_20260225_093410.jpg", "VISUALIZAR_IMAGEN_1": "https://drive.google.com/uc?export=view&id=16P0qVG7mKWWa_RlhK8sdhI0XVoNX-fG4", "VISUALIZAR_IMAGEN_2": "https://drive.google.com/uc?export=view&id=1mSqMcbrByirVQcBBfCAGN5R-WWPOSROQ", "VISUALIZAR_IMAGEN_3": "https://drive.google.com/uc?export=view&id=1w7ue3GxihRuM_Gb21C0BzI1WxljeCRbg", "FUENTE": "IEDDV" }, "geometry": { "type": "Point", "coordinates": [ -74.280298, 6.531355, 101.350999999995111 ] } },
{ "type": "Feature", "properties": { "OBJECTID": 12, "FECHA": "25/02/2026 00:00:00 (UTC)", "DEPTO": "SANTANDER", "MUNICIPIO": "CIMITARRA", "VEREDA": "PUERTO OLAYA", "GASODUCTO": "CENTRO - ORIENTE", "TRAMO": "Barrancabermeja - Sebastopol", "TP_DUCTO": "Troncal", "DISTRITO": "1", "DIAMETRO": "20\"", "TRM_REG": "BARRANCABERMEJA - SEBASTOPOL", "ZONA": "1", "PK": "099+241", "PK_PAT": "99239", "ID_EVENTO": "1134", "TP_EVENTO": "OTRO", "LONG_EVENT": 51.0, "PRIORIDAD": "Medio", "AMENAZA": "Medio", "ESTADO_EG": "Antiguo", "FX2": "20230811_FX2_C01_C0R_BARRANC-SEB_PK099+239_VA", "OBSERVACION_GEOTECNISTA": "", "OBSERVACIO": "Se cambia respecto a linea base de tipo de evento socavación lateral a Otro. Se presenta socavación por flujo hídrico paralelo a la tuberia, lo cual ha generado deslizamientos, dejando la tubería expuesta. La pérdida de soporte lateral por erosión del cauce compromete la estabilidad del tramo.", "PROFUNDIDA": 0.0, "COD_ID": "EVEN-12", "ENTREGA": "E05_R2", "HRMS": " ", "LATITUD": 6.51836, "LONGITUD": -74.30316, "ALTURA": 107.2221, "NORTE": 2278452.9481000002, "ESTE": 4855967.5851299996, "IMAGEN_1": "C001_IMG_20260225_110422.jpg", "IMAGEN_2": "C001_IMG_20260225_110436.jpg", "IMAGEN_3": "C001_IMG_20260225_110450.jpg", "VISUALIZAR_IMAGEN_1": "https://drive.google.com/uc?export=view&id=1qRTwDb016Sv8R_cWh1JNSIoHzospHzly", "VISUALIZAR_IMAGEN_2": "https://drive.google.com/uc?export=view&id=1YkOGxC1gLlvFLCmsHNwc6idOVkFv6mto", "VISUALIZAR_IMAGEN_3": "https://drive.google.com/uc?export=view&id=1F-dsZ0QBPRK72JqSEVXM68MTLyMlzabF", "FUENTE": "IEDDV" }, "geometry": { "type": "Point", "coordinates": [ -74.30316, 6.51836, 107.222099999999045 ] } },
{ "type": "Feature", "properties": { "OBJECTID": 13, "FECHA": "24/01/2026 00:00:00 (UTC)", "DEPTO": "CALDAS", "MUNICIPIO": "LA DORADA", "VEREDA": "LA ARENOSA", "GASODUCTO": "CENTRO - ORIENTE", "TRAMO": "La Dorada", "TP_DUCTO": "Ramal", "DISTRITO": "2", "DIAMETRO": "2\"", "TRM_REG": "VASCONIA - MARIQUITA", "ZONA": "2", "PK": "000+709", "PK_PAT": "468", "ID_EVENTO": "", "TP_EVENTO": "SOCAVACIÓN LATERAL", "LONG_EVENT": 4.0, "PRIORIDAD": "Medio", "AMENAZA": "Alto", "ESTADO_EG": "Antiguo", "FX2": "20230919_FX2_C01_COR_R-LA DORADA_PK000+468_VA", "OBSERVACION_GEOTECNISTA": "", "OBSERVACIO": "Socavación lateral en margen derecho de cauce genera inestabilidad en el terreno, debilitando la estructura de apoyo de la tubería. La erosión hídrica en este suelo arenoso ha dejado el ducto expuesto y suspendido, representando un alto riesgo.", "PROFUNDIDA": 0.0, "COD_ID": "EG-181", "ENTREGA": "E01_R2", "HRMS": " ", "LATITUD": 5.448243, "LONGITUD": -74.679866, "ALTURA": 200.53200000000652, "NORTE": 2160280.29489, "ESTE": 4813959.9380799998, "IMAGEN_1": "C001_IMG_20260124_123119.jpg", "IMAGEN_2": "C001_IMG_20260124_123128.jpg", "IMAGEN_3": "C001_IMG_20260124_123132.jpg", "VISUALIZAR_IMAGEN_1": "https://drive.google.com/uc?export=view&id=1VR8ZCgLVlafNrPjBHr4JY78qHZOMoL2P", "VISUALIZAR_IMAGEN_2": "https://drive.google.com/uc?export=view&id=1W2UxE4ZbWcgaP40hHKpQji7iKVddsjBu", "VISUALIZAR_IMAGEN_3": "https://drive.google.com/uc?export=view&id=1cUBhgGz90spWenh2ITfRaUmiqpdvbYC0", "FUENTE": "IEDDV" }, "geometry": { "type": "Point", "coordinates": [ -74.679866, 5.448243, 200.532000000006519 ] } },
{ "type": "Feature", "properties": { "OBJECTID": 14, "FECHA": "26/01/2026 00:00:00 (UTC)", "DEPTO": "CALDAS", "MUNICIPIO": "LA DORADA", "VEREDA": "HORIZONTES", "GASODUCTO": "CENTRO - ORIENTE", "TRAMO": "Puerto Salgar - Mariquita", "TP_DUCTO": "Troncal", "DISTRITO": "2", "DIAMETRO": "20\"", "TRM_REG": "VASCONIA - MARIQUITA", "ZONA": "2", "PK": "271+462", "PK_PAT": "271460", "ID_EVENTO": "", "TP_EVENTO": "SOCAVACIÓN DE FONDO", "LONG_EVENT": 7.3, "PRIORIDAD": "Medio", "AMENAZA": "Alto", "ESTADO_EG": "Antiguo", "FX2": "20210927_FX2_C01_COR_PTO SALG-MAR_PK271+292_VA", "OBSERVACION_GEOTECNISTA": "", "OBSERVACIO": "Exposición de tubería por erosión hídrica regresiva en cauce intermitente. El flujo invernal ha removido el relleno del DDV. Suelo arenoso sin cohesión. Amenaza: Impacto de escombros y socavación basal. Sugerido: Trinchos o enrocado de protección.", "PROFUNDIDA": 0.0, "COD_ID": "EG-183", "ENTREGA": "E01_R2", "HRMS": " ", "LATITUD": 5.29954900000007, "LONGITUD": -74.745642, "ALTURA": 207.99800000000687, "NORTE": 2143863.4123200001, "ESTE": 4806626.3410700001, "IMAGEN_1": "C001_IMG_20260126_083030.jpg", "IMAGEN_2": "C001_IMG_20260126_083043.jpg", "IMAGEN_3": "C001_IMG_20260126_083049.jpg", "VISUALIZAR_IMAGEN_1": "https://drive.google.com/uc?export=view&id=1j_qtYJYFl6-Hs46uKn3N_WyGisWpYjzJ", "VISUALIZAR_IMAGEN_2": "https://drive.google.com/uc?export=view&id=1OKQ0tVQYVbF5RSroGc2mmnRSLIxFq3xZ", "VISUALIZAR_IMAGEN_3": "https://drive.google.com/uc?export=view&id=1Lj6pfHZeHANFohbZLtaRhf84BlKmNN8a", "FUENTE": "IEDDV" }, "geometry": { "type": "Point", "coordinates": [ -74.745642, 5.299549, 207.998000000006869 ] } },
{ "type": "Feature", "properties": { "OBJECTID": 15, "FECHA": "24/01/2026 00:00:00 (UTC)", "DEPTO": "CALDAS", "MUNICIPIO": "LA DORADA", "VEREDA": "PURNIO", "GASODUCTO": "CENTRO - ORIENTE", "TRAMO": "Termodorada", "TP_DUCTO": "Ramal", "DISTRITO": "2", "DIAMETRO": "12\"", "TRM_REG": "VASCONIA - MARIQUITA", "ZONA": "2", "PK": "006+055", "PK_PAT": "6058", "ID_EVENTO": "", "TP_EVENTO": "CARCAVAS", "LONG_EVENT": 45.0, "PRIORIDAD": "Alto", "AMENAZA": "Alto", "ESTADO_EG": "Antiguo", "FX2": "20230919_FX2_C01_COR_R-TERMOD_PK006+058_VA", "OBSERVACION_GEOTECNISTA": "", "OBSERVACIO": "Erosión severa en ladera de montaña causada por el flujo de agua lluvia. La pendiente y el tipo de suelo, altamente erosionable, facilitan la pérdida de cobertura vegetal y la creación de socavones profundos. Cuneta completamente destruida.", "PROFUNDIDA": 3.1, "COD_ID": "EG-184", "ENTREGA": "E01_R2", "HRMS": " ", "LATITUD": 5.416229, "LONGITUD": -74.688326, "ALTURA": 206.258, "NORTE": 2156743.9809300001, "ESTE": 4813012.87622, "IMAGEN_1": "C001_IMG_20260124_082111.jpg", "IMAGEN_2": "C001_IMG_20260124_082118.jpg", "IMAGEN_3": "C001_IMG_20260124_082133.jpg", "VISUALIZAR_IMAGEN_1": "https://drive.google.com/uc?export=view&id=1H6WcmG6Wpo39ZKtgl7KP-vJdOtKfxXyS", "VISUALIZAR_IMAGEN_2": "https://drive.google.com/uc?export=view&id=1X6rn5qI6_e0BxQ_UYeq9RlyL1Rb4MGme", "VISUALIZAR_IMAGEN_3": "https://drive.google.com/uc?export=view&id=1MrZaryNscpI_vh5qsFhMd_Jwa31ctMLY", "FUENTE": "IEDDV" }, "geometry": { "type": "Point", "coordinates": [ -74.688326, 5.416229, 206.25800000000163 ] } },
{ "type": "Feature", "properties": { "OBJECTID": 16, "FECHA": "24/01/2026 00:00:00 (UTC)", "DEPTO": "CALDAS", "MUNICIPIO": "LA DORADA", "VEREDA": "LA ARENOSA", "GASODUCTO": "CENTRO - ORIENTE", "TRAMO": "Termodorada", "TP_DUCTO": "Ramal", "DISTRITO": "2", "DIAMETRO": "12\"", "TRM_REG": "VASCONIA - MARIQUITA", "ZONA": "2", "PK": "009+499", "PK_PAT": "9497", "ID_EVENTO": "", "TP_EVENTO": "CARCAVAS", "LONG_EVENT": 24.0, "PRIORIDAD": "Alto", "AMENAZA": "Alto", "ESTADO_EG": "Antiguo", "FX2": "20210930_FX2_C01_COR_R-TERMOD_PK009+497_VA", "OBSERVACION_GEOTECNISTA": "", "OBSERVACIO": "Tubería descubierta en cuneta en tierra de vía terciaria. El flujo constante de agua lluvia y el terreno altamente erosionable han socavado el canal, dejando expuesta la infraestructura y comprometiendo la estabilidad del borde de la vía.", "PROFUNDIDA": 0.0, "COD_ID": "EG-185", "ENTREGA": "E01_R2", "HRMS": " ", "LATITUD": 5.4459820000000718, "LONGITUD": -74.683252, "ALTURA": 194.814, "NORTE": 2160031.40277, "ESTE": 4813584.1450500004, "IMAGEN_1": "C001_IMG_20260124_111250.jpg", "IMAGEN_2": "C001_IMG_20260124_111307.jpg", "IMAGEN_3": "C001_IMG_20260124_111313.jpg", "VISUALIZAR_IMAGEN_1": "https://drive.google.com/uc?export=view&id=1wjgeideuHm4oY_MYw0ZXuRTbkZSXtvqY", "VISUALIZAR_IMAGEN_2": "https://drive.google.com/uc?export=view&id=1_oVdeyYNHxZBms7ywTnX8Dgh3F3xRDjb", "VISUALIZAR_IMAGEN_3": "https://drive.google.com/uc?export=view&id=1_WLk64Y-ZJOA8oa3U83MSK8A3L5U-VsT", "FUENTE": "IEDDV" }, "geometry": { "type": "Point", "coordinates": [ -74.683252, 5.445982, 194.813999999998487 ] } },
{ "type": "Feature", "properties": { "OBJECTID": 17, "FECHA": "22/01/2026 00:00:00 (UTC)", "DEPTO": "CALDAS", "MUNICIPIO": "LA DORADA", "VEREDA": "GUARINOCITO", "GASODUCTO": "CENTRO - ORIENTE", "TRAMO": "Puerto Salgar - Mariquita", "TP_DUCTO": "Troncal", "DISTRITO": "2", "DIAMETRO": "20\"", "TRM_REG": "VASCONIA - MARIQUITA", "ZONA": "2", "PK": "262+237", "PK_PAT": "262226", "ID_EVENTO": "", "TP_EVENTO": "SOCAVACIÓN DE FONDO", "LONG_EVENT": 35.0, "PRIORIDAD": "Alto", "AMENAZA": "Extremo", "ESTADO_EG": "Antiguo", "FX2": "20210927_FX2_C01_COR_PTO SALG-MAR_PK262+226_VC", "OBSERVACION_GEOTECNISTA": "", "OBSERVACIO": "Evento subsanado", "PROFUNDIDA": 1.31, "COD_ID": "EG-325", "ENTREGA": "E01_R2", "HRMS": " ", "LATITUD": 5.3723670000000538, "LONGITUD": -74.719421, "ALTURA": 190.754, "NORTE": 2151904.93561, "ESTE": 4809554.3159600003, "IMAGEN_1": "C001_IMG_20260122_114124.jpg", "IMAGEN_2": "C001_IMG_20260122_114133.jpg", "IMAGEN_3": "C001_IMG_20260122_114144.jpg", "VISUALIZAR_IMAGEN_1": "https://drive.google.com/uc?export=view&id=1g3tTe6EzwcjKijc-0nZ-hw81i0p9bhgg", "VISUALIZAR_IMAGEN_2": "https://drive.google.com/uc?export=view&id=1EAQPvhi9ELA8Gwo6Q9PawfHlF27YKFRl", "VISUALIZAR_IMAGEN_3": "https://drive.google.com/uc?export=view&id=18npmHYFiSc5Gpy_xm7WRXnoMWESj5w9h", "FUENTE": "IEDDV" }, "geometry": { "type": "Point", "coordinates": [ -74.719421, 5.372367, 190.754000000000815 ] } },
{ "type": "Feature", "properties": { "OBJECTID": 18, "FECHA": "24/01/2026 00:00:00 (UTC)", "DEPTO": "CALDAS", "MUNICIPIO": "LA DORADA", "VEREDA": "LA PETROLEA", "GASODUCTO": "CENTRO - ORIENTE", "TRAMO": "Termodorada", "TP_DUCTO": "Ramal", "DISTRITO": "2", "DIAMETRO": "12\"", "TRM_REG": "VASCONIA - MARIQUITA", "ZONA": "2", "PK": "004+822", "PK_PAT": "4823", "ID_EVENTO": "", "TP_EVENTO": "SOCAVACIÓN DE FONDO", "LONG_EVENT": 36.0, "PRIORIDAD": "Alto", "AMENAZA": "Alto", "ESTADO_EG": "Antiguo", "FX2": "20230919_FX2_C01_COR_R-TERMOD_PK004+823_VB", "OBSERVACION_GEOTECNISTA": "", "OBSERVACIO": "No se puede acceder al lecho del rio", "PROFUNDIDA": 4.88, "COD_ID": "EG-330", "ENTREGA": "E01_R2", "HRMS": " ", "LATITUD": 5.409746, "LONGITUD": -74.693741, "ALTURA": 177.264, "NORTE": 2156028.9994800002, "ESTE": 4812410.9772800002, "IMAGEN_1": "C001_IMG_20260124_072949.jpg", "IMAGEN_2": "C001_IMG_20260124_073016.jpg", "IMAGEN_3": "C001_IMG_20260124_073023.jpg", "VISUALIZAR_IMAGEN_1": "https://drive.google.com/uc?export=view&id=1E6DZhOkyl80tVUBFuRo19PNgDpW9VVq_", "VISUALIZAR_IMAGEN_2": "https://drive.google.com/uc?export=view&id=1aascDwTH3uDWGGUkKFxsbiNwEdmyX1n_", "VISUALIZAR_IMAGEN_3": "https://drive.google.com/uc?export=view&id=1xXtyWRM3AHINAGcs7lFF-8Q9FXYid0Cv", "FUENTE": "IEDDV" }, "geometry": { "type": "Point", "coordinates": [ -74.693741, 5.409746, 177.263999999995576 ] } },
{ "type": "Feature", "properties": { "OBJECTID": 19, "FECHA": "24/01/2026 00:00:00 (UTC)", "DEPTO": "CALDAS", "MUNICIPIO": "LA DORADA", "VEREDA": "PURNIO", "GASODUCTO": "CENTRO - ORIENTE", "TRAMO": "Termodorada", "TP_DUCTO": "Ramal", "DISTRITO": "2", "DIAMETRO": "12\"", "TRM_REG": "VASCONIA - MARIQUITA", "ZONA": "2", "PK": "010+105", "PK_PAT": "10085", "ID_EVENTO": "", "TP_EVENTO": "SOCAVACIÓN DE FONDO", "LONG_EVENT": 20.0, "PRIORIDAD": "Alto", "AMENAZA": "Alto", "ESTADO_EG": "Antiguo", "FX2": "20220217_FX2_C01_COR_R-TERMOD_PK010+085_VB", "OBSERVACION_GEOTECNISTA": "", "OBSERVACIO": "Ubicacion ajustada. Socavación de la capa de material sobre ducto en vía terciaria por flujo de agua lluvia. El arrastre de sedimentos en este terreno arenoso ha reducido la profundidad de cobertura a solo 35 cm, dejando la infraestructura vulnerable", "PROFUNDIDA": 0.35, "COD_ID": "EVEN-1", "ENTREGA": "E01_R2", "HRMS": " ", "LATITUD": 5.4425854690000506, "LONGITUD": -74.679275532999952, "ALTURA": 185.883, "NORTE": 2159654.71379, "ESTE": 4814023.6090700002, "IMAGEN_1": "C001_IMG_20260124_113437.jpg", "IMAGEN_2": "C001_IMG_20260124_113446.jpg", "IMAGEN_3": "C001_IMG_20260124_113450.jpg", "VISUALIZAR_IMAGEN_1": "https://drive.google.com/uc?export=view&id=1lbxStuzic--VuksaMwb3ixwlmyCkvB1f", "VISUALIZAR_IMAGEN_2": "https://drive.google.com/uc?export=view&id=1b98fAS0hd9eDkMIBWlLYkL-s2QMKT6Jl", "VISUALIZAR_IMAGEN_3": "https://drive.google.com/uc?export=view&id=1Ltb35YKI2zTe2tr6-iy3A2CLAzAWrQaE", "FUENTE": "IEDDV" }, "geometry": { "type": "Point", "coordinates": [ -74.679275532999952, 5.442585469000051, 185.88300000000163 ] } },
{ "type": "Feature", "properties": { "OBJECTID": 20, "FECHA": "24/01/2026 00:00:00 (UTC)", "DEPTO": "CALDAS", "MUNICIPIO": "LA DORADA", "VEREDA": "PURNIO", "GASODUCTO": "CENTRO - ORIENTE", "TRAMO": "Termodorada", "TP_DUCTO": "Ramal", "DISTRITO": "2", "DIAMETRO": "12\"", "TRM_REG": "VASCONIA - MARIQUITA", "ZONA": "2", "PK": "009+884", "PK_PAT": "9905", "ID_EVENTO": "", "TP_EVENTO": "SOCAVACIÓN DE FONDO", "LONG_EVENT": 12.0, "PRIORIDAD": "Alto", "AMENAZA": "Alto", "ESTADO_EG": "Nuevo", "FX2": "20250226_FX2_C01_COR_R-TERMOD_PK009+905_VA", "OBSERVACION_GEOTECNISTA": "", "OBSERVACIO": "Surcos en la margen izquierda de la vía producidos por la circulación de agua de escorrentía. El terreno, de naturaleza arenosa y con poca cobertura, presenta una erosión laminar que evoluciona hacia canales más profundos debido al flujo hídrico.", "PROFUNDIDA": 1.45, "COD_ID": "EG-600", "ENTREGA": "E01_R2", "HRMS": " ", "LATITUD": 5.443244, "LONGITUD": -74.68107, "ALTURA": 184.36199999999371, "NORTE": 2159728.06274, "ESTE": 4813825.0217500003, "IMAGEN_1": "C001_IMG_20260124_112602.jpg", "IMAGEN_2": "C001_IMG_20260124_112607.jpg", "IMAGEN_3": "C001_IMG_20260124_112612.jpg", "VISUALIZAR_IMAGEN_1": "https://drive.google.com/uc?export=view&id=1_n1riXjFqMQjooAtOf3Xmp4EbFwgMSH4", "VISUALIZAR_IMAGEN_2": "https://drive.google.com/uc?export=view&id=1z4gleD6rykKE79MAS7Ac5h9OJlUKNlzQ", "VISUALIZAR_IMAGEN_3": "https://drive.google.com/uc?export=view&id=1cveJZ7cIwgpTBuTRid6RDRb3TaO14mWp", "FUENTE": "IEDDV" }, "geometry": { "type": "Point", "coordinates": [ -74.68107, 5.443244, 184.361999999993714 ] } },
{ "type": "Feature", "properties": { "OBJECTID": 21, "FECHA": "24/01/2026 00:00:00 (UTC)", "DEPTO": "CALDAS", "MUNICIPIO": "LA DORADA", "VEREDA": "PURNIO", "GASODUCTO": "CENTRO - ORIENTE", "TRAMO": "Termodorada", "TP_DUCTO": "Ramal", "DISTRITO": "2", "DIAMETRO": "12\"", "TRM_REG": "VASCONIA - MARIQUITA", "ZONA": "2", "PK": "006+724", "PK_PAT": "6777", "ID_EVENTO": "", "TP_EVENTO": "SOCAVACIÓN DE FONDO", "LONG_EVENT": 3.0, "PRIORIDAD": "Alto", "AMENAZA": "Medio", "ESTADO_EG": "Nuevo", "FX2": "20250521_FX2_C01_COR_R-TERMOD_PK006+777_VA", "OBSERVACION_GEOTECNISTA": "", "OBSERVACIO": "Tubería descubierta en cuneta de aguas lluvias. El flujo constante en época de invierno ha erosionado el terreno arenoso, dejando expuesta la estructura. Se requiere intervención para proteger la tubería y estabilizar el canal contra la erosión.", "PROFUNDIDA": 0.0, "COD_ID": "EG-619", "ENTREGA": "E01_R2", "HRMS": " ", "LATITUD": 5.42252, "LONGITUD": -74.686326, "ALTURA": 183.89999999999418, "NORTE": 2157438.7911700001, "ESTE": 4813236.3791100001, "IMAGEN_1": "C001_IMG_20260124_090440.jpg", "IMAGEN_2": "C001_IMG_20260124_090427.jpg", "IMAGEN_3": "C001_IMG_20260124_090433.jpg", "VISUALIZAR_IMAGEN_1": "https://drive.google.com/uc?export=view&id=1dwwwjWMirpKUM_ZWxVojFv_MQjTOzbbv", "VISUALIZAR_IMAGEN_2": "https://drive.google.com/uc?export=view&id=1bnbClO_eeIRpAKbOKkeKIKfIMqcu6crJ", "VISUALIZAR_IMAGEN_3": "https://drive.google.com/uc?export=view&id=1n9iP8MHszvYizjwO09pydyGp7WazVOFu", "FUENTE": "IEDDV" }, "geometry": { "type": "Point", "coordinates": [ -74.686326, 5.42252, 183.899999999994179 ] } },
{ "type": "Feature", "properties": { "OBJECTID": 22, "FECHA": "27/01/2026 00:00:00 (UTC)", "DEPTO": "TOLIMA", "MUNICIPIO": "SAN SEBASTIÁN DE MARIQUITA", "VEREDA": "EL RANO", "GASODUCTO": "CENTRO - ORIENTE", "TRAMO": "Puerto Salgar - Mariquita", "TP_DUCTO": "Troncal", "DISTRITO": "2", "DIAMETRO": "20\"", "TRM_REG": "VASCONIA - MARIQUITA", "ZONA": "2", "PK": "286+378", "PK_PAT": "286378", "ID_EVENTO": "", "TP_EVENTO": "SOCAVACIÓN DE FONDO", "LONG_EVENT": 12.4, "PRIORIDAD": "Medio", "AMENAZA": "Medio", "ESTADO_EG": "Antiguo", "FX2": "20221116_FX2_C01_COR_PTO SALG-MAR_PK285+927_VA", "OBSERVACION_GEOTECNISTA": "", "OBSERVACIO": "Socavación en el fondo y márgenes del cauce sobre el DDV, producto de la erosión hídrica constante. El flujo de agua ha degradado el lecho, exponiendo capas de suelo y generando inestabilidad lateral que amenaza con ampliar la sección del cauce.", "PROFUNDIDA": 1.57, "COD_ID": "EG-231", "ENTREGA": "E01_R2", "HRMS": " ", "LATITUD": 5.287671, "LONGITUD": -74.843198, "ALTURA": 0.0, "NORTE": 2142581.5584900002, "ESTE": 4795812.0745200003, "IMAGEN_1": "C001_IMG_20260127_104616.jpg", "IMAGEN_2": "C001_IMG_20260127_104537.jpg", "IMAGEN_3": "C001_IMG_20260127_104542.jpg", "VISUALIZAR_IMAGEN_1": "https://drive.google.com/uc?export=view&id=12RCj56WSmiAbvl_7oIY0v7v-DV-BwG_-", "VISUALIZAR_IMAGEN_2": "https://drive.google.com/uc?export=view&id=1LhhjV1aQvwq93I3FXBeWHh8XREB_FCp2", "VISUALIZAR_IMAGEN_3": "https://drive.google.com/uc?export=view&id=1dovEemz3SSQdvhjv8OU5c8V6JoeuvRyd", "FUENTE": "IEDDV" }, "geometry": { "type": "Point", "coordinates": [ -74.843198, 5.287671, 0.0 ] } },
{ "type": "Feature", "properties": { "OBJECTID": 23, "FECHA": "27/01/2026 00:00:00 (UTC)", "DEPTO": "TOLIMA", "MUNICIPIO": "SAN SEBASTIÁN DE MARIQUITA", "VEREDA": "SAN ANTONIO", "GASODUCTO": "CENTRO - ORIENTE", "TRAMO": "Puerto Salgar - Mariquita", "TP_DUCTO": "Troncal", "DISTRITO": "2", "DIAMETRO": "20\"", "TRM_REG": "VASCONIA - MARIQUITA", "ZONA": "2", "PK": "287+911", "PK_PAT": "287907", "ID_EVENTO": "", "TP_EVENTO": "SOCAVACIÓN DE FONDO", "LONG_EVENT": 11.0, "PRIORIDAD": "Alto", "AMENAZA": "Alto", "ESTADO_EG": "Antiguo", "FX2": "20210930_FX2_C01_COR_PTO SALG-MAR_PK287+452_VA", "OBSERVACION_GEOTECNISTA": "", "OBSERVACIO": "Se observa erosión severa en el lecho del cauce debido al flujo constante de agua, lo que ha provocado la exposición de la tubería sobre el DDV. La pérdida de cobertura mineral deja el ducto vulnerable a esfuerzos mecánicos ", "PROFUNDIDA": 0.0, "COD_ID": "EG-429", "ENTREGA": "E01_R2", "HRMS": " ", "LATITUD": 5.2749605700000757, "LONGITUD": -74.848084159999985, "ALTURA": 0.0, "NORTE": 2141178.0013899999, "ESTE": 4795266.4308900004, "IMAGEN_1": "C001_IMG_20260127_095612.jpg", "IMAGEN_2": "C001_IMG_20260127_095617.jpg", "IMAGEN_3": "C001_IMG_20260127_095621.jpg", "VISUALIZAR_IMAGEN_1": "https://drive.google.com/uc?export=view&id=13HHPrckYPvN-4XF5hy61wylqozcq6-2v", "VISUALIZAR_IMAGEN_2": "https://drive.google.com/uc?export=view&id=1QvdJmBBFk_9X0rhbCwBLvtJYaik1fokp", "VISUALIZAR_IMAGEN_3": "https://drive.google.com/uc?export=view&id=1fCntplwDKB-IR7DRqa27Xpe7GAd8zfjJ", "FUENTE": "IEDDV" }, "geometry": { "type": "Point", "coordinates": [ -74.848084159999985, 5.274960570000076, 0.0 ] } },
{ "type": "Feature", "properties": { "OBJECTID": 24, "FECHA": "27/01/2026 00:00:00 (UTC)", "DEPTO": "TOLIMA", "MUNICIPIO": "SAN SEBASTIÁN DE MARIQUITA", "VEREDA": "SAN ANTONIO", "GASODUCTO": "CENTRO - ORIENTE", "TRAMO": "Puerto Salgar - Mariquita", "TP_DUCTO": "Troncal", "DISTRITO": "2", "DIAMETRO": "20\"", "TRM_REG": "VASCONIA - MARIQUITA", "ZONA": "2", "PK": "287+352", "PK_PAT": "287399", "ID_EVENTO": "", "TP_EVENTO": "SURCOS", "LONG_EVENT": 42.0, "PRIORIDAD": "Medio", "AMENAZA": "Medio", "ESTADO_EG": "Antiguo", "FX2": "20240716_FX2_C01_COR_PTO SALG-MAR_PK287+323_VA", "OBSERVACION_GEOTECNISTA": "", "OBSERVACIO": "Se observa formación de cárcava lateral al DDV originada por escorrentía pluvial. El relieve ondulado de la zona acelera la velocidad del flujo de agua, lo que, sumado a la pendiente, aumenta el poder erosivo y la socavación del terreno en este punto", "PROFUNDIDA": 1.96, "COD_ID": "EG-545", "ENTREGA": "E01_R2", "HRMS": " ", "LATITUD": 5.2797138, "LONGITUD": -74.8465812, "ALTURA": 0.0, "NORTE": 2141702.9866900002, "ESTE": 4795434.54641, "IMAGEN_1": "C001_IMG_20260127_101629.jpg", "IMAGEN_2": "C001_IMG_20260127_101635.jpg", "IMAGEN_3": "C001_IMG_20260127_101642.jpg", "VISUALIZAR_IMAGEN_1": "https://drive.google.com/uc?export=view&id=1lJ1T_s_9vvlkKh3GwXa-GfotVTYZruln", "VISUALIZAR_IMAGEN_2": "https://drive.google.com/uc?export=view&id=1zBg7rxlKfvtqQ8auZ9Nz_kzE7nCx-z2O", "VISUALIZAR_IMAGEN_3": "https://drive.google.com/uc?export=view&id=165XpcgF6ddqnazHTvClVgy6lPistJdFT", "FUENTE": "IEDDV" }, "geometry": { "type": "Point", "coordinates": [ -74.846581199999946, 5.279713800000025, 0.0 ] } },
{ "type": "Feature", "properties": { "OBJECTID": 25, "FECHA": "21/01/2026 00:00:00 (UTC)", "DEPTO": "CUNDINAMARCA", "MUNICIPIO": "GUADUAS", "VEREDA": "CEDRALES", "GASODUCTO": "CENTRO - ORIENTE", "TRAMO": "Puerto Salgar - Mariquita", "TP_DUCTO": "Troncal", "DISTRITO": "2", "DIAMETRO": "20\"", "TRM_REG": "VASCONIA - MARIQUITA", "ZONA": "2", "PK": "255+667", "PK_PAT": "255667", "ID_EVENTO": "", "TP_EVENTO": "CARCAVAS", "LONG_EVENT": 12.0, "PRIORIDAD": "Alto", "AMENAZA": "Alto", "ESTADO_EG": "Antiguo", "FX2": "20210929_FX2_C01_COR_PTO SALG-MAR_PK255+667_VA", "OBSERVACION_GEOTECNISTA": "", "OBSERVACIO": "Cárcava activa por escorrentía superficial sobre el eje del ducto. El fenómeno ha generado pérdida total de cobertura, resultando en la exposición directa de la tubería. Se requiere intervención inmediata con relleno técnico y manejo de aguas.", "PROFUNDIDA": 0.0, "COD_ID": "EG-182", "ENTREGA": "E01_R2", "HRMS": " ", "LATITUD": 5.390158, "LONGITUD": -74.66676, "ALTURA": 188.91, "NORTE": 2153855.4382500001, "ESTE": 4815394.1488699997, "IMAGEN_1": "C001_IMG_20260121_112430.jpg", "IMAGEN_2": "C001_IMG_20260121_112444.jpg", "IMAGEN_3": "C001_IMG_20260121_112457.jpg", "VISUALIZAR_IMAGEN_1": "https://drive.google.com/uc?export=view&id=1DYsigz6c6uFFuhwKiCAbDYK0IDW60uDz", "VISUALIZAR_IMAGEN_2": "https://drive.google.com/uc?export=view&id=1MMbMH1PinAtHipQJ9P3ltVO7uv9SO0sF", "VISUALIZAR_IMAGEN_3": "https://drive.google.com/uc?export=view&id=1CRDYRE1MtG2AB0ovrzsTeS3dXR1uMZO4", "FUENTE": "IEDDV" }, "geometry": { "type": "Point", "coordinates": [ -74.66676, 5.390158, 188.910000000003492 ] } },
{ "type": "Feature", "properties": { "OBJECTID": 26, "FECHA": "17/01/2026 00:00:00 (UTC)", "DEPTO": "CUNDINAMARCA", "MUNICIPIO": "PUERTO SALGAR", "VEREDA": "SAN CAYETANO", "GASODUCTO": "CENTRO - ORIENTE", "TRAMO": "Vasconia - Puerto Salgar", "TP_DUCTO": "Troncal", "DISTRITO": "1", "DIAMETRO": "20\"", "TRM_REG": "VASCONIA - MARIQUITA", "ZONA": "1", "PK": "226+096", "PK_PAT": "226095", "ID_EVENTO": "", "TP_EVENTO": "SOCAVACIÓN LATERAL", "LONG_EVENT": 15.0, "PRIORIDAD": "Alto", "AMENAZA": "Alto", "ESTADO_EG": "Antiguo", "FX2": "20210413_FX2_COR_VASC-PTO-SALG_PK226+095_VB", "OBSERVACION_GEOTECNISTA": "", "OBSERVACIO": "Socavación lateral por escorrentía de potreros en suelo arenoso, sumada a erosión del lecho, compromete la margen y expone la tubería. Se requiere protección marginal y estabilización del fondo para evitar fallas estructurales por pérdida de soporte.", "PROFUNDIDA": 3.68, "COD_ID": "EVEN-2", "ENTREGA": "E01_R2", "HRMS": " ", "LATITUD": 5.638412206000055, "LONGITUD": -74.621161721999954, "ALTURA": 164.357, "NORTE": 2181283.78498, "ESTE": 4820520.4767100001, "IMAGEN_1": "C001_IMG_20260117_101532.jpg", "IMAGEN_2": "C001_IMG_20260117_101542.jpg", "IMAGEN_3": "C001_IMG_20260117_101608.jpg", "VISUALIZAR_IMAGEN_1": "https://drive.google.com/uc?export=view&id=1b6eIj8aMDZccBV1ODQ2e2fdhHgv-uiXL", "VISUALIZAR_IMAGEN_2": "https://drive.google.com/uc?export=view&id=1M1tPdxWAzzlIwl7-uPU3GOd40o8nBZh4", "VISUALIZAR_IMAGEN_3": "https://drive.google.com/uc?export=view&id=10nP7kU-KkaseMM7xkgeVa3wpjThNTh45", "FUENTE": "IEDDV" }, "geometry": { "type": "Point", "coordinates": [ -74.621161721999954, 5.638412206000055, 164.357000000003609 ] } },
{ "type": "Feature", "properties": { "OBJECTID": 27, "FECHA": "21/01/2026 00:00:00 (UTC)", "DEPTO": "CUNDINAMARCA", "MUNICIPIO": "GUADUAS", "VEREDA": "CEDRALES", "GASODUCTO": "CENTRO - ORIENTE", "TRAMO": "Puerto Salgar - Mariquita", "TP_DUCTO": "Troncal", "DISTRITO": "2", "DIAMETRO": "20\"", "TRM_REG": "VASCONIA - MARIQUITA", "ZONA": "2", "PK": "251+422", "PK_PAT": "251427", "ID_EVENTO": "", "TP_EVENTO": "CARCAVAS", "LONG_EVENT": 20.0, "PRIORIDAD": "Medio", "AMENAZA": "Medio", "ESTADO_EG": "Antiguo", "FX2": "20210929_FX2_C01_COR_PTO SALG-MAR_PK251+427_VA", "OBSERVACION_GEOTECNISTA": "", "OBSERVACIO": "Cárcava sobre el DDV con exposición de saco suelos. El fenómeno presenta alta vulnerabilidad ante la saturación del terreno por lluvias, indicando riesgo de exposición del ducto a corto plazo. Urge estabilización y reconformación. An=3m Al=2m L=20m", "PROFUNDIDA": 0.95, "COD_ID": "EG-427", "ENTREGA": "E01_R2", "HRMS": " ", "LATITUD": 5.422833, "LONGITUD": -74.649628, "ALTURA": 185.755, "NORTE": 2157462.2029400002, "ESTE": 4817301.9655, "IMAGEN_1": "C001_IMG_20260121_084459.jpg", "IMAGEN_2": "C001_IMG_20260121_084529.jpg", "IMAGEN_3": "C001_IMG_20260121_084539.jpg", "VISUALIZAR_IMAGEN_1": "https://drive.google.com/uc?export=view&id=1ppA3lOM6Th44MjGMj5u6MNyUwOkCeJ4Q", "VISUALIZAR_IMAGEN_2": "https://drive.google.com/uc?export=view&id=1B-qx4UqMLmmW4w-8bXNSy2rJrc10q1KS", "VISUALIZAR_IMAGEN_3": "https://drive.google.com/uc?export=view&id=1TKa7wtYLyFyAfBOLwGb3kh1k6whkMTQn", "FUENTE": "IEDDV" }, "geometry": { "type": "Point", "coordinates": [ -74.649628, 5.422833, 185.755000000004657 ] } },
{ "type": "Feature", "properties": { "OBJECTID": 28, "FECHA": "21/01/2026 00:00:00 (UTC)", "DEPTO": "CUNDINAMARCA", "MUNICIPIO": "GUADUAS", "VEREDA": "CEDRALES", "GASODUCTO": "CENTRO - ORIENTE", "TRAMO": "Puerto Salgar - Mariquita", "TP_DUCTO": "Troncal", "DISTRITO": "2", "DIAMETRO": "20\"", "TRM_REG": "VASCONIA - MARIQUITA", "ZONA": "2", "PK": "255+100", "PK_PAT": "255117", "ID_EVENTO": "", "TP_EVENTO": "CARCAVAS", "LONG_EVENT": 11.0, "PRIORIDAD": "Medio", "AMENAZA": "Medio", "ESTADO_EG": "Antiguo", "FX2": "20210929_FX2_C01_COR_PTO SALG-MAR_PK255+117_VA", "OBSERVACION_GEOTECNISTA": "", "OBSERVACIO": "Presencia de cárcavas generadas por escorrentía superficial concentrada muy cerca del ducto. La falta de estructuras de manejo de aguas ha permitido que el flujo erosione el suelo de cobertura, creando discontinuidades que amenazan el ducto.", "PROFUNDIDA": 3.8, "COD_ID": "EVEN-3", "ENTREGA": "E01_R2", "HRMS": " ", "LATITUD": 5.39436881000006, "LONGITUD": -74.663974097999983, "ALTURA": 203.139, "NORTE": 2154320.06544, "ESTE": 4815704.0644800002, "IMAGEN_1": "C001_IMG_20260121_110628.jpg", "IMAGEN_2": "C001_IMG_20260121_110636.jpg", "IMAGEN_3": "C001_IMG_20260121_110702.jpg", "VISUALIZAR_IMAGEN_1": "https://drive.google.com/uc?export=view&id=1T9JEwQZSI4psJsWFoaDg1tR6bAqrYMpD", "VISUALIZAR_IMAGEN_2": "https://drive.google.com/uc?export=view&id=1yAhIeZ8gX3ztuW3Len6isQ07BD1BLZvA", "VISUALIZAR_IMAGEN_3": "https://drive.google.com/uc?export=view&id=11Yn8CfxE97ov--Z2D5HqgnmTKQdyGzt_", "FUENTE": "IEDDV" }, "geometry": { "type": "Point", "coordinates": [ -74.663974097999983, 5.39436881000006, 203.138999999995576 ] } },
{ "type": "Feature", "properties": { "OBJECTID": 29, "FECHA": "21/01/2026 00:00:00 (UTC)", "DEPTO": "CUNDINAMARCA", "MUNICIPIO": "GUADUAS", "VEREDA": "CEDRALES", "GASODUCTO": "CENTRO - ORIENTE", "TRAMO": "Puerto Salgar - Mariquita", "TP_DUCTO": "Troncal", "DISTRITO": "2", "DIAMETRO": "20\"", "TRM_REG": "VASCONIA - MARIQUITA", "ZONA": "2", "PK": "255+939", "PK_PAT": "255935", "ID_EVENTO": "", "TP_EVENTO": "CARCAVAS", "LONG_EVENT": 5.0, "PRIORIDAD": "Medio", "AMENAZA": "Medio", "ESTADO_EG": "Antiguo", "FX2": "20230919_FX2_C01_COR_PTO SALG-MAR_PK255+935_VA", "OBSERVACION_GEOTECNISTA": "", "OBSERVACIO": "Cárcava por escorrentía superficial sobre el eje del ducto que ha derivado en la exposición de la obra de protección en concreto. El fenómeno erosivo elimina el confinamiento lateral de la estructura, aumentando el riesgo de descalce y daño mecánico.", "PROFUNDIDA": 1.56, "COD_ID": "EG-474", "ENTREGA": "E01_R2", "HRMS": " ", "LATITUD": 5.3882004000001, "LONGITUD": -74.6681136, "ALTURA": 189.7100000000064, "NORTE": 2153639.4514500001, "ESTE": 4815243.5940100001, "IMAGEN_1": "C001_IMG_20260121_113308.jpg", "IMAGEN_2": "C001_IMG_20260121_113323.jpg", "IMAGEN_3": "C001_IMG_20260121_113330.jpg", "VISUALIZAR_IMAGEN_1": "https://drive.google.com/uc?export=view&id=1CZFMDGJ6pc2mXlmdemW7mdgGiKWdv45S", "VISUALIZAR_IMAGEN_2": "https://drive.google.com/uc?export=view&id=18bJ2NjRZd2hW-_I--gmQ-9Z1u30WJjw1", "VISUALIZAR_IMAGEN_3": "https://drive.google.com/uc?export=view&id=1NoeDmUIu2hUjvCxwxFCsN2gnVD0e_5gA", "FUENTE": "IEDDV" }, "geometry": { "type": "Point", "coordinates": [ -74.66811359999997, 5.388200400000073, 189.710000000006403 ] } },
{ "type": "Feature", "properties": { "OBJECTID": 30, "FECHA": "19/01/2026 00:00:00 (UTC)", "DEPTO": "CUNDINAMARCA", "MUNICIPIO": "PUERTO SALGAR", "VEREDA": "YERBABUENA", "GASODUCTO": "CENTRO - ORIENTE", "TRAMO": "Vasconia - Puerto Salgar", "TP_DUCTO": "Troncal", "DISTRITO": "1", "DIAMETRO": "20\"", "TRM_REG": "VASCONIA - MARIQUITA", "ZONA": "1", "PK": "239+041", "PK_PAT": "239040", "ID_EVENTO": "", "TP_EVENTO": "SOCAVACIÓN DE FONDO", "LONG_EVENT": 5.0, "PRIORIDAD": "Medio", "AMENAZA": "Medio", "ESTADO_EG": "Antiguo", "FX2": "20240507_FX2_C01_COR_VASC-PTO SALG_PK239+040_VA", "OBSERVACION_GEOTECNISTA": "", "OBSERVACIO": "No se evidencia", "PROFUNDIDA": 1.43, "COD_ID": "EG-534", "ENTREGA": "E01_R2", "HRMS": " ", "LATITUD": 5.5238427, "LONGITUD": -74.6240106, "ALTURA": 169.42600000000675, "NORTE": 2168620.13081, "ESTE": 4820170.0718799997, "IMAGEN_1": "C001_IMG_20260119_102704.jpg", "IMAGEN_2": "C001_IMG_20260119_102710.jpg", "IMAGEN_3": "C001_IMG_20260119_102717.jpg", "VISUALIZAR_IMAGEN_1": "https://drive.google.com/uc?export=view&id=1F_OPFIcqzKL0OCUW8HEdC6kQe-UaGThk", "VISUALIZAR_IMAGEN_2": "https://drive.google.com/uc?export=view&id=1wtAwnRKbrgdguGTNECThdfZ7vkz360ZJ", "VISUALIZAR_IMAGEN_3": "https://drive.google.com/uc?export=view&id=1inUW0qft9iBPiTApo_2DyvBuufJujVqV", "FUENTE": "IEDDV" }, "geometry": { "type": "Point", "coordinates": [ -74.624010599999963, 5.523842700000046, 169.426000000006752 ] } },
{ "type": "Feature", "properties": { "OBJECTID": 31, "FECHA": "19/01/2026 00:00:00 (UTC)", "DEPTO": "CUNDINAMARCA", "MUNICIPIO": "PUERTO SALGAR", "VEREDA": "YERBABUENA", "GASODUCTO": "CENTRO - ORIENTE", "TRAMO": "Vasconia - Puerto Salgar", "TP_DUCTO": "Troncal", "DISTRITO": "1", "DIAMETRO": "20\"", "TRM_REG": "VASCONIA - MARIQUITA", "ZONA": "1", "PK": "237+713", "PK_PAT": "237728", "ID_EVENTO": "", "TP_EVENTO": "OTRO", "LONG_EVENT": 1.5, "PRIORIDAD": "Medio", "AMENAZA": "Medio", "ESTADO_EG": "Antiguo", "FX2": "20240507_FX2_C01_COR_VASC-PTO SALG_PK237+728_VA", "OBSERVACION_GEOTECNISTA": "", "OBSERVACIO": "Canal de drenaje sobre el DDV L=100m, An=3m, Al=2m", "PROFUNDIDA": 0.82, "COD_ID": "EG-535", "ENTREGA": "E01_R2", "HRMS": " ", "LATITUD": 5.5355324, "LONGITUD": -74.6244901, "ALTURA": 169.432, "NORTE": 2169912.4553899998, "ESTE": 4820120.4931699997, "IMAGEN_1": "C001_IMG_20260119_093449.jpg", "IMAGEN_2": "C001_IMG_20260119_093502.jpg", "IMAGEN_3": "C001_IMG_20260119_093512.jpg", "VISUALIZAR_IMAGEN_1": "https://drive.google.com/uc?export=view&id=1SdvpnR6XgTtifE6d459bOPMVUYRoRzSX", "VISUALIZAR_IMAGEN_2": "https://drive.google.com/uc?export=view&id=10V0K3fGs8Ixw-dC1gJAkuJrZXBoAEIk0", "VISUALIZAR_IMAGEN_3": "https://drive.google.com/uc?export=view&id=13nXCX-De5r4xFm4GyXKAwEHJ1OcpzgYi", "FUENTE": "IEDDV" }, "geometry": { "type": "Point", "coordinates": [ -74.624490099999946, 5.535532400000022, 169.432000000000698 ] } },
{ "type": "Feature", "properties": { "OBJECTID": 32, "FECHA": "19/01/2026 00:00:00 (UTC)", "DEPTO": "CUNDINAMARCA", "MUNICIPIO": "PUERTO SALGAR", "VEREDA": "YERBABUENA", "GASODUCTO": "CENTRO - ORIENTE", "TRAMO": "Vasconia - Puerto Salgar", "TP_DUCTO": "Troncal", "DISTRITO": "1", "DIAMETRO": "20\"", "TRM_REG": "VASCONIA - MARIQUITA", "ZONA": "1", "PK": "237+463", "PK_PAT": "0", "ID_EVENTO": "", "TP_EVENTO": "CARCAVAS", "LONG_EVENT": 6.5, "PRIORIDAD": "Alto", "AMENAZA": "Medio", "ESTADO_EG": "Nuevo", "FX2": "20250521_FX2_C01_COR_VASC-PTO SALG_PK237+463_VA", "OBSERVACION_GEOTECNISTA": "", "OBSERVACIO": "Proceso erosivo genero carcavas en las proximidades del caño debido a la escorrentía superficial proveniente de zonas de pastoreo. La erosión presenta dimensiones de L=6.5m, An=3m y Prf=1m. Evento paralelo al ducto", "PROFUNDIDA": 2.14, "COD_ID": "EG-624", "ENTREGA": "E01_R2", "HRMS": " ", "LATITUD": 5.53759, "LONGITUD": -74.62537, "ALTURA": 173.874, "NORTE": 2170140.1693600002, "ESTE": 4820023.6588599999, "IMAGEN_1": "C001_IMG_20260119_091006.jpg", "IMAGEN_2": "C001_IMG_20260119_091025.jpg", "IMAGEN_3": "C001_IMG_20260119_091033.jpg", "VISUALIZAR_IMAGEN_1": "https://drive.google.com/uc?export=view&id=1qy6_MCXF7lVuLhodw6bzBVoqp5LUpR0u", "VISUALIZAR_IMAGEN_2": "https://drive.google.com/uc?export=view&id=1lM0_WRNMbx4Yl4AfaqZn53VU8LifcfxI", "VISUALIZAR_IMAGEN_3": "https://drive.google.com/uc?export=view&id=1CkSlW6-4vptY_bAIA_e4higloAxiTinL", "FUENTE": "IEDDV" }, "geometry": { "type": "Point", "coordinates": [ -74.62537, 5.53759, 173.873999999996158 ] } },
{ "type": "Feature", "properties": { "OBJECTID": 33, "FECHA": "19/01/2026 00:00:00 (UTC)", "DEPTO": "CUNDINAMARCA", "MUNICIPIO": "PUERTO SALGAR", "VEREDA": "TRES Y MEDIO", "GASODUCTO": "CENTRO - ORIENTE", "TRAMO": "Vasconia - Puerto Salgar", "TP_DUCTO": "Troncal", "DISTRITO": "1", "DIAMETRO": "20\"", "TRM_REG": "VASCONIA - MARIQUITA", "ZONA": "1", "PK": "241+248", "PK_PAT": "241245", "ID_EVENTO": "", "TP_EVENTO": "SURCOS", "LONG_EVENT": 16.0, "PRIORIDAD": "Alto", "AMENAZA": "Medio", "ESTADO_EG": "Nuevo", "FX2": "20251015_FX2_C01_COR_VASC-PTO SALG_PK241+245 (PK239+877)_VA", "OBSERVACION_GEOTECNISTA": "", "OBSERVACIO": "Corte en talud para instalacion de valvula de derivacion L=16m, An=1m, Al=3m, evento paralelo al ducto", "PROFUNDIDA": 2.07, "COD_ID": "EG-673", "ENTREGA": "E01_R2", "HRMS": " ", "LATITUD": 5.50498, "LONGITUD": -74.625185, "ALTURA": 184.959, "NORTE": 2166535.40307, "ESTE": 4820034.3087999998, "IMAGEN_1": "C001_IMG_20260119_120341.jpg", "IMAGEN_2": "C001_IMG_20260119_120350.jpg", "IMAGEN_3": "C001_IMG_20260119_120359.jpg", "VISUALIZAR_IMAGEN_1": "https://drive.google.com/uc?export=view&id=1zgOJwpDFe7nnyceOC7RS63yslVLjrUjs", "VISUALIZAR_IMAGEN_2": "https://drive.google.com/uc?export=view&id=1BFzfSTlhomfYas4w-ERcJbFqZ44QO37-", "VISUALIZAR_IMAGEN_3": "https://drive.google.com/uc?export=view&id=1ccm7OXsROxy_FZ87tE37GHywbAfKwQqf", "FUENTE": "IEDDV" }, "geometry": { "type": "Point", "coordinates": [ -74.625185, 5.50498, 184.959000000002561 ] } },
{ "type": "Feature", "properties": { "OBJECTID": 34, "FECHA": "16/01/2026 00:00:00 (UTC)", "DEPTO": "BOYACÁ", "MUNICIPIO": "PUERTO BOYACÁ", "VEREDA": "CALDERON", "GASODUCTO": "CENTRO - ORIENTE", "TRAMO": "Vasconia - Puerto Salgar", "TP_DUCTO": "Troncal", "DISTRITO": "1", "DIAMETRO": "20\"", "TRM_REG": "VASCONIA - MARIQUITA", "ZONA": "1", "PK": "174+281", "PK_PAT": "174276", "ID_EVENTO": "", "TP_EVENTO": "OTRO", "LONG_EVENT": 6.1, "PRIORIDAD": "Alto", "AMENAZA": "Alto", "ESTADO_EG": "Antiguo", "FX2": "20240508_FX2_C01_COR_VASC-PTO SALG_PK174+276_VA", "OBSERVACION_GEOTECNISTA": "", "OBSERVACIO": "No se observa el evento geotecnico", "PROFUNDIDA": 1.4, "COD_ID": "EG-536", "ENTREGA": "E02_R2", "HRMS": " ", "LATITUD": 6.0344000000000619, "LONGITUD": -74.5631, "ALTURA": 138.448, "NORTE": 2225037.8644300001, "ESTE": 4827071.5806499999, "IMAGEN_1": "C002_IMG_20260116_094909.jpg", "IMAGEN_2": "C002_IMG_20260116_094929.jpg", "IMAGEN_3": "C002_IMG_20260116_094934.jpg", "VISUALIZAR_IMAGEN_1": "https://drive.google.com/uc?export=view&id=1JypmczR29vcLl90fDsNt0_esnokpwX_y", "VISUALIZAR_IMAGEN_2": "https://drive.google.com/uc?export=view&id=1XylSDrIrpXbHiio4WQp4XmLDIp6vGVTm", "VISUALIZAR_IMAGEN_3": "https://drive.google.com/uc?export=view&id=1B84doFZzJQ5cqZAUDEE0k5CeEv_o7oq_", "FUENTE": "IEDDV" }, "geometry": { "type": "Point", "coordinates": [ -74.5631, 6.0344, 138.448000000003958 ] } },
{ "type": "Feature", "properties": { "OBJECTID": 35, "FECHA": "23/01/2026 00:00:00 (UTC)", "DEPTO": "BOYACÁ", "MUNICIPIO": "PUERTO BOYACÁ", "VEREDA": "MARANAL", "GASODUCTO": "CENTRO - ORIENTE", "TRAMO": "Vasconia - Puerto Salgar", "TP_DUCTO": "Troncal", "DISTRITO": "1", "DIAMETRO": "20\"", "TRM_REG": "VASCONIA - MARIQUITA", "ZONA": "1", "PK": "207+688", "PK_PAT": "207686", "ID_EVENTO": "", "TP_EVENTO": "SOCAVACIÓN DE FONDO", "LONG_EVENT": 1.0, "PRIORIDAD": "Alto", "AMENAZA": "Alto", "ESTADO_EG": "Antiguo", "FX2": "20210512_FX2_C01_COR_SEB-VASC_PK207+686_VB", "OBSERVACION_GEOTECNISTA": "", "OBSERVACIO": "Socavacion de fondo, poca profundidad de tuberia, no se observa tubería expuesta", "PROFUNDIDA": 0.5, "COD_ID": "EG-104", "ENTREGA": "E02_R2", "HRMS": " ", "LATITUD": 5.7951580000000718, "LONGITUD": -74.637776, "ALTURA": 153.5399999999936, "NORTE": 2198615.8246300002, "ESTE": 4818729.9598599998, "IMAGEN_1": "C002_IMG_20260123_082009.jpg", "IMAGEN_2": "C002_IMG_20260123_082015.jpg", "IMAGEN_3": "C002_IMG_20260123_082021.jpg", "VISUALIZAR_IMAGEN_1": "https://drive.google.com/uc?export=view&id=1W9KSN4FOmanqAXOUmd-CZU-nenfabxvd", "VISUALIZAR_IMAGEN_2": "https://drive.google.com/uc?export=view&id=1UP-_nT28QqnzmcHzC-hjE4z-5oTES8nT", "VISUALIZAR_IMAGEN_3": "https://drive.google.com/uc?export=view&id=1M3rTaAs3MjTG_3xiQ5o9JXRtIG7-CUtM", "FUENTE": "IEDDV" }, "geometry": { "type": "Point", "coordinates": [ -74.637776, 5.795158, 153.539999999993597 ] } },
{ "type": "Feature", "properties": { "OBJECTID": 36, "FECHA": "23/01/2026 00:00:00 (UTC)", "DEPTO": "BOYACÁ", "MUNICIPIO": "PUERTO BOYACÁ", "VEREDA": "MARANAL", "GASODUCTO": "CENTRO - ORIENTE", "TRAMO": "Vasconia - Puerto Salgar", "TP_DUCTO": "Troncal", "DISTRITO": "1", "DIAMETRO": "20\"", "TRM_REG": "VASCONIA - MARIQUITA", "ZONA": "1", "PK": "211+434", "PK_PAT": "211443", "ID_EVENTO": "", "TP_EVENTO": "SURCOS", "LONG_EVENT": 90.0, "PRIORIDAD": "Medio", "AMENAZA": "Medio", "ESTADO_EG": "Antiguo", "FX2": "20230920_FX2_C01_COR_VASC-PTO SALG_PK211+443_VB", "OBSERVACION_GEOTECNISTA": "", "OBSERVACIO": "Obra nueva. No se observa evento", "PROFUNDIDA": 1.4, "COD_ID": "EVEN-1", "ENTREGA": "E02_R2", "HRMS": " ", "LATITUD": 5.7628500000000713, "LONGITUD": -74.63459, "ALTURA": 185.867, "NORTE": 2195043.4346799999, "ESTE": 4819072.4206600003, "IMAGEN_1": "C002_IMG_20260123_102637.jpg", "IMAGEN_2": "C002_IMG_20260123_102643.jpg", "IMAGEN_3": "C002_IMG_20260123_102648.jpg", "VISUALIZAR_IMAGEN_1": "https://drive.google.com/uc?export=view&id=1hFNLBLsotYB1J3Kaql0tbTYDWFGuIStw", "VISUALIZAR_IMAGEN_2": "https://drive.google.com/uc?export=view&id=1ADs1VLBfhbJgdbYo6MZp5uAFC-v6hg5R", "VISUALIZAR_IMAGEN_3": "https://drive.google.com/uc?export=view&id=1emAre-Ua7czfbUysLmyEvyQc36du6X2B", "FUENTE": "IEDDV" }, "geometry": { "type": "Point", "coordinates": [ -74.63459, 5.76285, 185.86699999999837 ] } },
{ "type": "Feature", "properties": { "OBJECTID": 37, "FECHA": "22/01/2026 00:00:00 (UTC)", "DEPTO": "BOYACÁ", "MUNICIPIO": "PUERTO BOYACÁ", "VEREDA": "MARANAL", "GASODUCTO": "CENTRO - ORIENTE", "TRAMO": "Vasconia - Puerto Salgar", "TP_DUCTO": "Troncal", "DISTRITO": "1", "DIAMETRO": "20\"", "TRM_REG": "VASCONIA - MARIQUITA", "ZONA": "1", "PK": "202+507", "PK_PAT": "202500", "ID_EVENTO": "", "TP_EVENTO": "CARCAVAS", "LONG_EVENT": 3.0, "PRIORIDAD": "Alto", "AMENAZA": "Medio", "ESTADO_EG": "Antiguo", "FX2": "20230921_FX2_C01_COR_VASC-PTO SALG_PK202+500_VB", "OBSERVACION_GEOTECNISTA": "", "OBSERVACIO": "Se evidencia obras nuevas en el sitio del evento, no se evidencian carcavas", "PROFUNDIDA": 1.5, "COD_ID": "EVEN-2", "ENTREGA": "E02_R2", "HRMS": " ", "LATITUD": 5.83624, "LONGITUD": -74.62775, "ALTURA": 163.015, "NORTE": 2203153.8831799999, "ESTE": 4819853.0155800004, "IMAGEN_1": "C002_IMG_20260122_081014.jpg", "IMAGEN_2": "C002_IMG_20260122_081041.jpg", "IMAGEN_3": "C002_IMG_20260122_081046.jpg", "VISUALIZAR_IMAGEN_1": "https://drive.google.com/uc?export=view&id=1YP7tsPO1ebBbQpUukHJ91EkAgSvS3QtN", "VISUALIZAR_IMAGEN_2": "https://drive.google.com/uc?export=view&id=1VCXePJuC0IhjrblUXcMJDR-V7A8dNJan", "VISUALIZAR_IMAGEN_3": "https://drive.google.com/uc?export=view&id=1O7bZWQ8ad0R26WEYM-xdfUz2iqXmt-Nq", "FUENTE": "IEDDV" }, "geometry": { "type": "Point", "coordinates": [ -74.62775, 5.83624, 163.014999999999418 ] } },
{ "type": "Feature", "properties": { "OBJECTID": 38, "FECHA": "29/01/2026 00:00:00 (UTC)", "DEPTO": "BOYACÁ", "MUNICIPIO": "PUERTO BOYACÁ", "VEREDA": "ERMITANO", "GASODUCTO": "CENTRO - ORIENTE", "TRAMO": "Sebastopol - Vasconia", "TP_DUCTO": "Troncal", "DISTRITO": "1", "DIAMETRO": "20\"", "TRM_REG": "SEBASTOPOL - VASCONIA", "ZONA": "1", "PK": "148+532", "PK_PAT": "148529", "ID_EVENTO": " ", "TP_EVENTO": "CARCAVAS", "LONG_EVENT": 3.0, "PRIORIDAD": "Alto", "AMENAZA": "Alto", "ESTADO_EG": "Antiguo", "FX2": "20210510_FX2_C01_COR_SEB-VASC_PK148+529_VB", "OBSERVACION_GEOTECNISTA": " ", "OBSERVACIO": "Carcavas en el DDV. Tubería expuesta, talud de 1,9m de altura", "PROFUNDIDA": 0.0, "COD_ID": "EG-103", "ENTREGA": "E02_R2", "HRMS": " ", "LATITUD": 6.245734, "LONGITUD": -74.532023, "ALTURA": 137.6385, "NORTE": 2248388.4040899999, "ESTE": 4830577.3232100001, "IMAGEN_1": "C002_IMG_20260129_095857.jpg", "IMAGEN_2": "C002_IMG_20260129_095906.jpg", "IMAGEN_3": "C002_IMG_20260129_095914.jpg", "VISUALIZAR_IMAGEN_1": "https://drive.google.com/uc?export=view&id=1bxnlHzeBZXBmJ2ZyD8_yVeL9YiIJhu2M", "VISUALIZAR_IMAGEN_2": "https://drive.google.com/uc?export=view&id=1TGtB710cm0MBPz1g-3Ie9x7lj6ENs_K3", "VISUALIZAR_IMAGEN_3": "https://drive.google.com/uc?export=view&id=1jekseW7IeWLq8OuQta2Hrhha__-slvZP", "FUENTE": "IEDDV" }, "geometry": { "type": "Point", "coordinates": [ -74.532023, 6.245734, 137.638500000000931 ] } },
{ "type": "Feature", "properties": { "OBJECTID": 39, "FECHA": "30/01/2026 00:00:00 (UTC)", "DEPTO": "BOYACÁ", "MUNICIPIO": "PUERTO BOYACÁ", "VEREDA": "ERMITANO", "GASODUCTO": "CENTRO - ORIENTE", "TRAMO": "Puerto Serviez", "TP_DUCTO": "Ramal", "DISTRITO": "1", "DIAMETRO": "2\"", "TRM_REG": "SEBASTOPOL - VASCONIA", "ZONA": "1", "PK": "001+176", "PK_PAT": "1136", "ID_EVENTO": " ", "TP_EVENTO": "CARCAVAS", "LONG_EVENT": 5.0, "PRIORIDAD": "Alto", "AMENAZA": "Alto", "ESTADO_EG": "Antiguo", "FX2": "20220222_FX2_C03_COR_R-PTO SERVIEZ_PK001+136_VB", "OBSERVACION_GEOTECNISTA": " ", "OBSERVACIO": "Carcavas en el DDV. Tubería expuesta", "PROFUNDIDA": 0.0, "COD_ID": "EG-375", "ENTREGA": "E02_R2", "HRMS": " ", "LATITUD": 6.2212393, "LONGITUD": -74.5582766, "ALTURA": 130.4881, "NORTE": 2245689.3047000002, "ESTE": 4827665.3061499996, "IMAGEN_1": "C002_IMG_20260130_101206.jpg", "IMAGEN_2": "C002_IMG_20260130_101158.jpg", "IMAGEN_3": "C002_IMG_20260130_101152.jpg", "VISUALIZAR_IMAGEN_1": "https://drive.google.com/uc?export=view&id=1DMgUy3I6uFdxG3dhlWq4f_KdUXbU1rUZ", "VISUALIZAR_IMAGEN_2": "https://drive.google.com/uc?export=view&id=1PJai3Qch7ZcKT1uO7agYYmYxSHFofqPc", "VISUALIZAR_IMAGEN_3": "https://drive.google.com/uc?export=view&id=1rR7m7Al6SJ1iFI6W9OKMP2temMWbFGWv", "FUENTE": "IEDDV" }, "geometry": { "type": "Point", "coordinates": [ -74.558276599999942, 6.221239300000036, 130.488100000002305 ] } },
{ "type": "Feature", "properties": { "OBJECTID": 40, "FECHA": "29/01/2026 00:00:00 (UTC)", "DEPTO": "TOLIMA", "MUNICIPIO": "HONDA", "VEREDA": "PADILLA", "GASODUCTO": "CENTRO - ORIENTE", "TRAMO": "Honda", "TP_DUCTO": "Ramal", "DISTRITO": "2", "DIAMETRO": "2\"", "TRM_REG": "MARIQUITA - GUALANDAY", "ZONA": "2", "PK": "006+316", "PK_PAT": "6316", "ID_EVENTO": "", "TP_EVENTO": "SURCOS", "LONG_EVENT": 22.0, "PRIORIDAD": "Bajo", "AMENAZA": "Medio", "ESTADO_EG": "Antiguo", "FX2": "20240126_FX2_C02_COR_R-HONDA_PK006+316_VB.xlsx", "OBSERVACION_GEOTECNISTA": "", "OBSERVACIO": "Erosión remontante en forma de cárcava por flujo pluvial. La incisión del terreno genera un riesgo de descalzamiento para elementos enterrados, evidenciando la necesidad de obras de control y disipación de energía. evento paralelo al ducto An=0.5m", "PROFUNDIDA": 0.64, "COD_ID": "EG-579", "ENTREGA": "E03_R2", "HRMS": " ", "LATITUD": 5.2024720000000571, "LONGITUD": -74.817872, "ALTURA": 0.0, "NORTE": 2133154.52881, "ESTE": 4798591.2781499997, "IMAGEN_1": "C001_IMG_20260129_101855.jpg", "IMAGEN_2": "C001_IMG_20260129_101911.jpg", "IMAGEN_3": "C001_IMG_20260129_101918.jpg", "VISUALIZAR_IMAGEN_1": "https://drive.google.com/uc?export=view&id=1xmGUM-3Nh_X4D99rIU0cnHYDdILbL0l8", "VISUALIZAR_IMAGEN_2": "https://drive.google.com/uc?export=view&id=1DXfoXOaBqbUpJxK7WpVgF6pdSliwNF1n", "VISUALIZAR_IMAGEN_3": "https://drive.google.com/uc?export=view&id=1yrJ9edrjkMAWTN1_KJxe-9NM1HEhUgJU", "FUENTE": "IEDDV" }, "geometry": { "type": "Point", "coordinates": [ -74.817872, 5.202472, 0.0 ] } },
{ "type": "Feature", "properties": { "OBJECTID": 41, "FECHA": "30/01/2026 00:00:00 (UTC)", "DEPTO": "TOLIMA", "MUNICIPIO": "LÉRIDA", "VEREDA": "EL CENSO", "GASODUCTO": "CENTRO - ORIENTE", "TRAMO": "Ambalema", "TP_DUCTO": "Ramal", "DISTRITO": "2", "DIAMETRO": "2\"", "TRM_REG": "MARIQUITA - GUALANDAY", "ZONA": "2", "PK": "006+629", "PK_PAT": "6697", "ID_EVENTO": "", "TP_EVENTO": "SOCAVACIÓN DE FONDO", "LONG_EVENT": 0.8, "PRIORIDAD": "Alto", "AMENAZA": "Medio", "ESTADO_EG": "Nuevo", "FX2": "20250130_FX2_C02_COR_R-AMBALEMA_PK006+697_VA", "OBSERVACION_GEOTECNISTA": "", "OBSERVACIO": "Se observa tubería descubierta en el fondo del cauce seco debido a erosión por el flujo del agua, la cual retiró la capa de suelo. Esta pérdida de cobertura deja el ducto expuesto a daños mecánicos y factores ambientales, requiriendo intervención.", "PROFUNDIDA": 0.0, "COD_ID": "EG-594", "ENTREGA": "E03_R2", "HRMS": " ", "LATITUD": 4.804, "LONGITUD": -74.8744, "ALTURA": 0.0, "NORTE": 2089120.60256, "ESTE": 4792200.4228499997, "IMAGEN_1": "C001_IMG_20260130_112038.jpg", "IMAGEN_2": "C001_IMG_20260130_112047.jpg", "IMAGEN_3": "C001_IMG_20260130_112059.jpg", "VISUALIZAR_IMAGEN_1": "https://drive.google.com/uc?export=view&id=1rkD32hf3yoiB9kehQy3-yNemlw_W1boV", "VISUALIZAR_IMAGEN_2": "https://drive.google.com/uc?export=view&id=11aFQhGHW_Cey3yS4-Nrq_iJLEUUWGoqC", "VISUALIZAR_IMAGEN_3": "https://drive.google.com/uc?export=view&id=1oRohL4iBQ98Hy5B9YPIHgvjz_cmsldfG", "FUENTE": "IEDDV" }, "geometry": { "type": "Point", "coordinates": [ -74.8744, 4.804, 0.0 ] } },
{ "type": "Feature", "properties": { "OBJECTID": 42, "FECHA": "15/02/2026 00:00:00 (UTC)", "DEPTO": "CALDAS", "MUNICIPIO": "VICTORIA", "VEREDA": "EL LLANO", "GASODUCTO": "CENTRO - ORIENTE", "TRAMO": "La Victoria", "TP_DUCTO": "Ramal", "DISTRITO": "2", "DIAMETRO": "2\"", "TRM_REG": "VASCONIA - MARIQUITA", "ZONA": "2", "PK": "001+230", "PK_PAT": "1290", "ID_EVENTO": "", "TP_EVENTO": "OTRO", "LONG_EVENT": 2.0, "PRIORIDAD": "( )", "AMENAZA": "Bajo", "ESTADO_EG": "Nuevo", "FX2": "20250620_FX2_C02_COR_R-LA VICTORIA_PK001+290_VA", "OBSERVACION_GEOTECNISTA": "", "OBSERVACIO": "Marco H inestable", "PROFUNDIDA": 0.0, "COD_ID": "EG-640", "ENTREGA": "E03_R2", "HRMS": " ", "LATITUD": 5.317412, "LONGITUD": -74.84512, "ALTURA": 0.0, "NORTE": 2145870.1178899999, "ESTE": 4795608.8727099998, "IMAGEN_1": "C001_IMG_20260215_112721.jpg", "IMAGEN_2": "C001_IMG_20260215_112732.jpg", "IMAGEN_3": "C001_IMG_20260215_112738.jpg", "VISUALIZAR_IMAGEN_1": "https://drive.google.com/uc?export=view&id=1ep3r_KNcbfeqrPKdcH-D_IVG4FgXmUZk", "VISUALIZAR_IMAGEN_2": "https://drive.google.com/uc?export=view&id=1f_0Rk_Rnu3ui-vZy8tG7kHPGFlky5dkE", "VISUALIZAR_IMAGEN_3": "https://drive.google.com/uc?export=view&id=1ETfTrB8JUPvWZO2t0xURTzR_6VJf8-hV", "FUENTE": "IEDDV" }, "geometry": { "type": "Point", "coordinates": [ -74.84512, 5.317412, 0.0 ] } },
{ "type": "Feature", "properties": { "OBJECTID": 1, "FECHA": "30/03/2026 00:00:00 (UTC)", "DEPTO": "TOLIMA", "MUNICIPIO": "SAN LUIS", "VEREDA": "LA CAÑADA", "GASODUCTO": "CENTRO - ORIENTE", "TRAMO": "Montañuelo - Gualanday", "TP_DUCTO": "Ramal Remitente", "DISTRITO": "2", "DIAMETRO": "6\"", "TRM_REG": "MONTANUELO - GUALANDAY", "ZONA": "2", "PK": "001+805", "PK_PAT": "1807", "ID_EVENTO": "612", "TP_EVENTO": "OTRO", "LONG_EVENT": 0.0, "PRIORIDAD": "Bajo", "AMENAZA": "Bajo", "ESTADO_EG": "Antiguo", "FX2": "20230410_FX2_C02_COR_R-MONTANUEL_PK001+807_VA", "OBSERVACION_GEOTECNISTA": " ", "OBSERVACIO": "No se evidencia evento", "PROFUNDIDA": 1.49, "COD_ID": "EG-360", "ENTREGA": "E08_R2", "HRMS": " ", "LATITUD": 4.0582840000000715, "LONGITUD": -75.146869, "ALTURA": 390.8232, "NORTE": 2006755.89224, "ESTE": 4761742.0273900004, "IMAGEN_1": "C001_IMG_20260330_105002.jpg", "IMAGEN_2": "C001_IMG_20260330_105012.jpg", "IMAGEN_3": "C001_IMG_20260330_105018.jpg", "VISUALIZAR_IMAGEN_1": "https://drive.google.com/uc?export=view&id=1SBqvJCnFApi0CjKKd8ojAfkZ3iNEHFxg", "VISUALIZAR_IMAGEN_2": "https://drive.google.com/uc?export=view&id=14hcXsRgm3G1iygA_q5EEiBHkggcB-qhe", "VISUALIZAR_IMAGEN_3": "https://drive.google.com/uc?export=view&id=1pOy7KtsjC6M5pbwKXq8zziQCKyImMijt", "FUENTE": "IEDDV" }, "geometry": { "type": "Point", "coordinates": [ -75.146869, 4.058284, 390.823199999998906 ] } },
{ "type": "Feature", "properties": { "OBJECTID": 2, "FECHA": "2/03/2026 00:00:00 (UTC)", "DEPTO": "VALLE DEL CAUCA", "MUNICIPIO": "LA VICTORIA", "VEREDA": "HOLGHUIN", "GASODUCTO": "MARIQUITA - CALI", "TRAMO": "Obando - Tulua", "TP_DUCTO": "Troncal", "DISTRITO": "8", "DIAMETRO": "20\"", "TRM_REG": "ARMENIA - CALI", "ZONA": "2", "PK": "204+987", "PK_PAT": "204983", "ID_EVENTO": " ", "TP_EVENTO": "SOCAVACIÓN LATERAL", "LONG_EVENT": 10.0, "PRIORIDAD": "Medio", "AMENAZA": "Medio", "ESTADO_EG": "Antiguo", "FX2": "20210409_FX2_C08_MC_OBAND-TUL_PK204+990_VA", "OBSERVACION_GEOTECNISTA": "", "OBSERVACIO": "Socavacion lateral en margen izquierda del cauce debido a la erosión ocasionada por el flujo de agua, ademas que esta quebrada tiene historial de fuertes crecientes subitas por lo que las margenes son suceptibles a la erosión.", "PROFUNDIDA": 3.15, "COD_ID": "EG-288", "ENTREGA": "E06_R2", "HRMS": " ", "LATITUD": 4.5113888890000453, "LONGITUD": -76.013611110999989, "ALTURA": 926.36079999999492, "NORTE": 2057196.4150700001, "ESTE": 4665673.0591799999, "IMAGEN_1": "C001_IMG_20260302_125900.jpg", "IMAGEN_2": "C001_IMG_20260302_125906.jpg", "IMAGEN_3": "C001_IMG_20260302_125917.jpg", "VISUALIZAR_IMAGEN_1": "https://drive.google.com/uc?export=view&id=1gWglwnNLHB3qy7KRoGKl_r65oHIvikVp", "VISUALIZAR_IMAGEN_2": "https://drive.google.com/uc?export=view&id=1H_NGsRz7xgDLcUnppuRe6Ml2DwbaIEmn", "VISUALIZAR_IMAGEN_3": "https://drive.google.com/uc?export=view&id=1VSzL7E4oo6DujFTBUS_jZRM0DXQMaNQy", "FUENTE": "IEDDV" }, "geometry": { "type": "Point", "coordinates": [ -76.013611110999989, 4.511388889000045, 926.360799999994924 ] } },
{ "type": "Feature", "properties": { "OBJECTID": 3, "FECHA": "3/03/2026 00:00:00 (UTC)", "DEPTO": "VALLE DEL CAUCA", "MUNICIPIO": "LA VICTORIA", "VEREDA": "SAN JOSÉ", "GASODUCTO": "MARIQUITA - CALI", "TRAMO": "Obando - Tulua", "TP_DUCTO": "Troncal", "DISTRITO": "8", "DIAMETRO": "20\"", "TRM_REG": "ARMENIA - CALI", "ZONA": "2", "PK": "209+279", "PK_PAT": "209279", "ID_EVENTO": " ", "TP_EVENTO": "SURCOS", "LONG_EVENT": 28.0, "PRIORIDAD": "Alto", "AMENAZA": "Extremo", "ESTADO_EG": "Antiguo", "FX2": "20251003_FX2_C08_MC_OBAND-TUL_PK209+279_VC", "OBSERVACION_GEOTECNISTA": "", "OBSERVACIO": "Exposición de tubería detectada: La erosión por agua y ganado, sumada a una profundidad de enterramiento baja, ha dejado el ducto vulnerable. Se recomienda la instalación de una placa de protección para prevenir impactos directos.", "PROFUNDIDA": 0.0, "COD_ID": "EG-512", "ENTREGA": "E06_R2", "HRMS": " ", "LATITUD": 4.4778388890000542, "LONGITUD": -76.031763888999933, "ALTURA": 931.348, "NORTE": 2053492.5932700001, "ESTE": 4663641.9357700003, "IMAGEN_1": "C001_IMG_20260303_075734.jpg", "IMAGEN_2": "C001_IMG_20260303_075740.jpg", "IMAGEN_3": "C001_IMG_20260303_075747.jpg", "VISUALIZAR_IMAGEN_1": "https://drive.google.com/uc?export=view&id=1BjCEPO0ntiDEX-XHhJDUfLMyZJhMi751", "VISUALIZAR_IMAGEN_2": "https://drive.google.com/uc?export=view&id=1LwGIFclz08M0WP3LO_PXNoiCs9KnwHK8", "VISUALIZAR_IMAGEN_3": "https://drive.google.com/uc?export=view&id=16wvPi1ivtrlBXx-WD9p1LvlXzi_1-X7_", "FUENTE": "IEDDV" }, "geometry": { "type": "Point", "coordinates": [ -76.031763888999933, 4.477838889000054, 931.347999999998137 ] } },
{ "type": "Feature", "properties": { "OBJECTID": 4, "FECHA": "3/03/2026 00:00:00 (UTC)", "DEPTO": "VALLE DEL CAUCA", "MUNICIPIO": "ZARZAL", "VEREDA": "GUASIMAL", "GASODUCTO": "MARIQUITA - CALI", "TRAMO": "Obando - Tulua", "TP_DUCTO": "Troncal", "DISTRITO": "8", "DIAMETRO": "20\"", "TRM_REG": "ARMENIA - CALI", "ZONA": "2", "PK": "215+314", "PK_PAT": "215335", "ID_EVENTO": " ", "TP_EVENTO": "OTRO", "LONG_EVENT": 70.0, "PRIORIDAD": "Alto", "AMENAZA": "Bajo", "ESTADO_EG": "Nuevo", "FX2": "20250409_FX2_C08_MC_OBAND-TUL_PK215+335_VA", "OBSERVACION_GEOTECNISTA": "", "OBSERVACIO": "Se detectó un corte de maquinaria a 2m del eje del DDV. El ángulo pronunciado genera un riesgo inminente de exposición por erosión hídrica y deslizamientos. Estos eventos podrían inducir sobreesfuerzos mecánicos y comprometer la integridad de la tuberia", "PROFUNDIDA": 1.9, "COD_ID": "EG-608", "ENTREGA": "E06_R2", "HRMS": " ", "LATITUD": 4.4344800000000646, "LONGITUD": -76.05955, "ALTURA": 916.8447, "NORTE": 2048707.7771900001, "ESTE": 4660536.38698, "IMAGEN_1": "C001_IMG_20260303_105255.jpg", "IMAGEN_2": "C001_IMG_20260303_105349.jpg", "IMAGEN_3": "C001_IMG_20260303_105359.jpg", "VISUALIZAR_IMAGEN_1": "https://drive.google.com/uc?export=view&id=1tKzCifY6I8QkNFO6NxOZIZAtI3OGW-vg", "VISUALIZAR_IMAGEN_2": "https://drive.google.com/uc?export=view&id=1FA9Vs2GzVOV56XoUreBYBJBfGm7f7ghA", "VISUALIZAR_IMAGEN_3": "https://drive.google.com/uc?export=view&id=18F4yBxY9QCBrE0DRVKYLouzf5nIEsyex", "FUENTE": "IEDDV" }, "geometry": { "type": "Point", "coordinates": [ -76.05955, 4.43448, 916.844700000001467 ] } },
{ "type": "Feature", "properties": { "OBJECTID": 5, "FECHA": "23/03/2026 00:00:00 (UTC)", "DEPTO": "VALLE DEL CAUCA", "MUNICIPIO": "TULUÁ", "VEREDA": "AGUA CLARA", "GASODUCTO": "MARIQUITA - CALI", "TRAMO": "Obando - Tulua", "TP_DUCTO": "Troncal", "DISTRITO": "8", "DIAMETRO": "20\"", "TRM_REG": "ARMENIA - CALI", "ZONA": "2", "PK": "258+336", "PK_PAT": "258400", "ID_EVENTO": " ", "TP_EVENTO": "OTRO", "LONG_EVENT": 0.0, "PRIORIDAD": "Alto", "AMENAZA": "Extremo", "ESTADO_EG": "Actualizado", "FX2": "20251009_FX2_C08_MC_OBAND-TUL_PK258+400_VB", "OBSERVACION_GEOTECNISTA": " ", "OBSERVACIO": "No se evidencia evento", "PROFUNDIDA": 2.3, "COD_ID": "EG-700", "ENTREGA": "E06_R2", "HRMS": " ", "LATITUD": 4.1171000000000504, "LONGITUD": -76.1811, "ALTURA": 953.07399999999325, "NORTE": 2013642.85564, "ESTE": 4646891.0823, "IMAGEN_1": "C002_IMG_20260323_110419.jpg", "IMAGEN_2": "C002_IMG_20260323_110424.jpg", "IMAGEN_3": "C002_IMG_20260323_110429.jpg", "VISUALIZAR_IMAGEN_1": "https://drive.google.com/uc?export=view&id=1ZJLYFD-bXvVUjsk110F0x3VbgC3dbSwd", "VISUALIZAR_IMAGEN_2": "https://drive.google.com/uc?export=view&id=169qLj-bmkBGBkGSzQH7NaZD6oikPUgv0", "VISUALIZAR_IMAGEN_3": "https://drive.google.com/uc?export=view&id=1_qx8QRsvUxLbM5O9YgAMbe8zsbWSNULb", "FUENTE": "IEDDV" }, "geometry": { "type": "Point", "coordinates": [ -76.1811, 4.1171, 953.073999999993248 ] } },
{ "type": "Feature", "properties": { "OBJECTID": 6, "FECHA": "24/03/2026 00:00:00 (UTC)", "DEPTO": "VALLE DEL CAUCA", "MUNICIPIO": "TULUÁ", "VEREDA": "LA IBERIA", "GASODUCTO": "MARIQUITA - CALI", "TRAMO": "Obando - Tulua", "TP_DUCTO": "Troncal", "DISTRITO": "8", "DIAMETRO": "20\"", "TRM_REG": "ARMENIA - CALI", "ZONA": "2", "PK": "260+730", "PK_PAT": "260725", "ID_EVENTO": " ", "TP_EVENTO": "SOCAVACIÓN DE FONDO", "LONG_EVENT": 6.0, "PRIORIDAD": "Alto", "AMENAZA": "Alto", "ESTADO_EG": "Actualizado", "FX2": "20251009_FX2_C08_MC_OBAND-TUL_PK260+725_VB", "OBSERVACION_GEOTECNISTA": " ", "OBSERVACIO": "Se cambia respecto a linea base de tipo de evento carcavas a socavación de fondo. Se presenta socavacion lateral y de fondo que causa el deslizamiento rotacional de la márgenes del subfluvial.", "PROFUNDIDA": 3.6, "COD_ID": "EG-691", "ENTREGA": "E06_R2", "HRMS": " ", "LATITUD": 4.0995963890000553, "LONGITUD": -76.170209719999946, "ALTURA": 995.34880000000703, "NORTE": 2011701.0813800001, "ESTE": 4648093.4730399996, "IMAGEN_1": "C002_IMG_20260324_075247.jpg", "IMAGEN_2": "C002_IMG_20260324_075305.jpg", "IMAGEN_3": "C002_IMG_20260324_075310.jpg", "VISUALIZAR_IMAGEN_1": "https://drive.google.com/uc?export=view&id=1aPR6kl_U7vxwAYBkeMVa6E4xU02euO7l", "VISUALIZAR_IMAGEN_2": "https://drive.google.com/uc?export=view&id=1sQ3P71simOIx71DWNoRQQ4RdpZTm5dy0", "VISUALIZAR_IMAGEN_3": "https://drive.google.com/uc?export=view&id=1pUqPLxtbfbXZl31tLxM5pkmMONmBfPd9", "FUENTE": "IEDDV" }, "geometry": { "type": "Point", "coordinates": [ -76.170209719999946, 4.099596389000055, 995.348800000007031 ] } },
{ "type": "Feature", "properties": { "OBJECTID": 7, "FECHA": "27/02/2026 00:00:00 (UTC)", "DEPTO": "VALLE DEL CAUCA", "MUNICIPIO": "ANSERMANUEVO", "VEREDA": "CALABAZAS", "GASODUCTO": "MARIQUITA - CALI", "TRAMO": "Ansermanuevo", "TP_DUCTO": "Ramal", "DISTRITO": "8", "DIAMETRO": "2\"", "TRM_REG": "PEREIRA - ARMENIA", "ZONA": "2", "PK": "009+883", "PK_PAT": "009+883", "ID_EVENTO": " ", "TP_EVENTO": "SOCAVACIÓN DE FONDO", "LONG_EVENT": 409.0, "PRIORIDAD": "Alto", "AMENAZA": "Extremo", "ESTADO_EG": "Antiguo", "FX2": "20210409_FX2_C08_MC_R-ANSERM_PK009+950_VC", "OBSERVACION_GEOTECNISTA": null, "OBSERVACIO": " ", "PROFUNDIDA": 0.0, "COD_ID": "EVEN-1", "ENTREGA": "E04_R2", "HRMS": " ", "LATITUD": 4.819498, "LONGITUD": -75.961389, "ALTURA": 923.0995, "NORTE": 2091261.7834699999, "ESTE": 4671615.1473200005, "IMAGEN_1": "C002_IMG_20260227_111121.jpg", "IMAGEN_2": "C002_IMG_20260227_111130.jpg", "IMAGEN_3": "C002_IMG_20260227_111136.jpg", "VISUALIZAR_IMAGEN_1": "https://drive.google.com/uc?export=view&id=1JKwX_kt-ErnD6pjCrkKFiYD9ZC1OiR9b", "VISUALIZAR_IMAGEN_2": "https://drive.google.com/uc?export=view&id=1C1zskzgfXvitOLbdYXdmn4w8ppeMEA4t", "VISUALIZAR_IMAGEN_3": "https://drive.google.com/uc?export=view&id=1_83UWRZ0R2ay3l-s-JJKtNArzO606ZTu", "FUENTE": "IEDDV" }, "geometry": { "type": "Point", "coordinates": [ -75.961389, 4.819498, 923.099499999996624 ] } },
{ "type": "Feature", "properties": { "OBJECTID": 8, "FECHA": "2/03/2026 00:00:00 (UTC)", "DEPTO": "VALLE DEL CAUCA", "MUNICIPIO": "CARTAGO", "VEREDA": "ZARAGOZA", "GASODUCTO": "MARIQUITA - CALI", "TRAMO": "Marsella - Obando", "TP_DUCTO": "Troncal", "DISTRITO": "8", "DIAMETRO": "20\"", "TRM_REG": "PEREIRA - ARMENIA", "ZONA": "2", "PK": "185+552", "PK_PAT": "185+552", "ID_EVENTO": " ", "TP_EVENTO": "OTRO", "LONG_EVENT": 20.0, "PRIORIDAD": "Alto", "AMENAZA": "Alto", "ESTADO_EG": "Nuevo", "FX2": "20250722_FX2_C08_MC_MARS-OBAND_PK185+550_VA", "OBSERVACION_GEOTECNISTA": null, "OBSERVACIO": " ", "PROFUNDIDA": 0.0, "COD_ID": "EVEN-2", "ENTREGA": "E04_R2", "HRMS": " ", "LATITUD": 4.669164404, "LONGITUD": -75.942928226000006, "ALTURA": 917.30009999999311, "NORTE": 2074620.25348, "ESTE": 4673593.3106399998, "IMAGEN_1": "C002_IMG_20260302_103857.jpg", "IMAGEN_2": "C002_IMG_20260302_103914.jpg", "IMAGEN_3": "C002_IMG_20260302_103921.jpg", "VISUALIZAR_IMAGEN_1": "https://drive.google.com/uc?export=view&id=1kb4FXPj5pxRUhJqed49sQCPbf_4K5p9R", "VISUALIZAR_IMAGEN_2": "https://drive.google.com/uc?export=view&id=1JqI6-qumSYkQNQPrgu0bA2Nj2NUmmri3", "VISUALIZAR_IMAGEN_3": "https://drive.google.com/uc?export=view&id=1xXCQOkQi1DHREQv_1D47nj5wIG7mTuUi", "FUENTE": "IEDDV" }, "geometry": { "type": "Point", "coordinates": [ -75.942928225999935, 4.669164404000071, 917.300099999993108 ] } },
{ "type": "Feature", "properties": { "OBJECTID": 9, "FECHA": "4/03/2026 00:00:00 (UTC)", "DEPTO": "VALLE DEL CAUCA", "MUNICIPIO": "OBANDO", "VEREDA": "GACHIMBAL", "GASODUCTO": "MARIQUITA - CALI", "TRAMO": "Marsella - Obando", "TP_DUCTO": "Troncal", "DISTRITO": "8", "DIAMETRO": "20\"", "TRM_REG": "PEREIRA - ARMENIA", "ZONA": "2", "PK": "195+879", "PK_PAT": "195+879", "ID_EVENTO": " ", "TP_EVENTO": "OTRO", "LONG_EVENT": 25.0, "PRIORIDAD": "Bajo", "AMENAZA": "Bajo", "ESTADO_EG": "Nuevo", "FX2": "20250722_FX2_C08_MC_MARS-OBAND_PK195+790_VA", "OBSERVACION_GEOTECNISTA": null, "OBSERVACIO": " ", "PROFUNDIDA": 2.36, "COD_ID": "EVEN-3", "ENTREGA": "E04_R2", "HRMS": " ", "LATITUD": 4.5822677, "LONGITUD": -75.98110869, "ALTURA": 923.94590000000608, "NORTE": 2065023.6977299999, "ESTE": 4669314.47609, "IMAGEN_1": "C002_IMG_20260304_092812.jpg", "IMAGEN_2": "C002_IMG_20260304_092837.jpg", "IMAGEN_3": "C002_IMG_20260304_092841.jpg", "VISUALIZAR_IMAGEN_1": "https://drive.google.com/uc?export=view&id=1UOQwcIWbYBFkruhhaCcpYzAsD4bBJxW6", "VISUALIZAR_IMAGEN_2": "https://drive.google.com/uc?export=view&id=15f66hti5wKWYBR5ik_JcY_NykuUarsYQ", "VISUALIZAR_IMAGEN_3": "https://drive.google.com/uc?export=view&id=1uAuGqyQYmDvWN5m9xG0lW54fW_F1kfxI", "FUENTE": "IEDDV" }, "geometry": { "type": "Point", "coordinates": [ -75.981108689999985, 4.582267700000045, 923.945900000006077 ] } },
{ "type": "Feature", "properties": { "OBJECTID": 10, "FECHA": "20/02/2026 00:00:00 (UTC)", "DEPTO": "RISARALDA", "MUNICIPIO": "BALBOA", "VEREDA": "LA CANCHA ALTA", "GASODUCTO": "MARIQUITA - CALI", "TRAMO": "La Celia", "TP_DUCTO": "Ramal", "DISTRITO": "7", "DIAMETRO": "2\"", "TRM_REG": "PEREIRA - ARMENIA", "ZONA": "2", "PK": "004+496", "PK_PAT": "004+496", "ID_EVENTO": " ", "TP_EVENTO": "SOCAVACIÓN LATERAL", "LONG_EVENT": 10.0, "PRIORIDAD": "Alto", "AMENAZA": "Alto", "ESTADO_EG": "Antiguo", "FX2": "20220510_FX2_C07_MC_R-LA CELIA_PK004+486_VA", "OBSERVACION_GEOTECNISTA": null, "OBSERVACIO": " ", "PROFUNDIDA": 2.4, "COD_ID": "EVEN-4", "ENTREGA": "E04_R2", "HRMS": " ", "LATITUD": 4.905895, "LONGITUD": -75.94369639, "ALTURA": 946.8149, "NORTE": 2100812.1216099998, "ESTE": 4673620.4471100001, "IMAGEN_1": "C002_IMG_20260220_110946.jpg", "IMAGEN_2": "C002_IMG_20260220_110951.jpg", "IMAGEN_3": "C002_IMG_20260220_110957.jpg", "VISUALIZAR_IMAGEN_1": "https://drive.google.com/uc?export=view&id=1mxxkueV1CKypXeQbmQngSYqko0mCWapj", "VISUALIZAR_IMAGEN_2": "https://drive.google.com/uc?export=view&id=1DA7wJl52jhJEOgfS3gwbFXlzJHaRiczJ", "VISUALIZAR_IMAGEN_3": "https://drive.google.com/uc?export=view&id=18XcIuyJ5rsxXRCCu6MXwHdiaEIrwPCUj", "FUENTE": "IEDDV" }, "geometry": { "type": "Point", "coordinates": [ -75.943696389999957, 4.905895, 946.814899999997579 ] } },
{ "type": "Feature", "properties": { "OBJECTID": 11, "FECHA": "21/02/2026 00:00:00 (UTC)", "DEPTO": "RISARALDA", "MUNICIPIO": "BALBOA", "VEREDA": "PURACÉ", "GASODUCTO": "MARIQUITA - CALI", "TRAMO": "La Celia", "TP_DUCTO": "Ramal", "DISTRITO": "7", "DIAMETRO": "2\"", "TRM_REG": "PEREIRA - ARMENIA", "ZONA": "2", "PK": "003+441", "PK_PAT": "003+441", "ID_EVENTO": " ", "TP_EVENTO": "SOCAVACIÓN LATERAL", "LONG_EVENT": 8.0, "PRIORIDAD": "Alto", "AMENAZA": "Extremo", "ESTADO_EG": "Antiguo", "FX2": "20220510_FX2_C07_MC_R-LA CELIA_PK003+454_VA", "OBSERVACION_GEOTECNISTA": null, "OBSERVACIO": " ", "PROFUNDIDA": 2.61, "COD_ID": "EVEN-5", "ENTREGA": "E04_R2", "HRMS": " ", "LATITUD": 4.9019683, "LONGITUD": -75.9372133, "ALTURA": 930.0217, "NORTE": 2100374.5185799999, "ESTE": 4674337.9738800004, "IMAGEN_1": "C002_IMG_20260221_084458.jpg", "IMAGEN_2": "C002_IMG_20260221_084505.jpg", "IMAGEN_3": "C002_IMG_20260221_084511.jpg", "VISUALIZAR_IMAGEN_1": "https://drive.google.com/uc?export=view&id=1Z9AZjJ7Inwx9V_pnfgiJkogLNpsnZp6e", "VISUALIZAR_IMAGEN_2": "https://drive.google.com/uc?export=view&id=15UUrWfDWhDjNNp6ujt5sVTELiTRnjRgx", "VISUALIZAR_IMAGEN_3": "https://drive.google.com/uc?export=view&id=1nrvQbwvQLZYLen5ojBUuSvBUfK8WrS12", "FUENTE": "IEDDV" }, "geometry": { "type": "Point", "coordinates": [ -75.937213299999939, 4.901968300000021, 930.021699999997509 ] } },
{ "type": "Feature", "properties": { "OBJECTID": 12, "FECHA": "21/02/2026 00:00:00 (UTC)", "DEPTO": "RISARALDA", "MUNICIPIO": "BALBOA", "VEREDA": "PURACÉ", "GASODUCTO": "MARIQUITA - CALI", "TRAMO": "La Celia", "TP_DUCTO": "Ramal", "DISTRITO": "7", "DIAMETRO": "2\"", "TRM_REG": "PEREIRA - ARMENIA", "ZONA": "2", "PK": "003+657", "PK_PAT": "003+657", "ID_EVENTO": " ", "TP_EVENTO": "SOCAVACIÓN DE FONDO", "LONG_EVENT": 10.0, "PRIORIDAD": "Alto", "AMENAZA": "Extremo", "ESTADO_EG": "Antiguo", "FX2": "20220510_FX2_C07_MC_R-LA CELIA_PK003+657_VA", "OBSERVACION_GEOTECNISTA": null, "OBSERVACIO": " ", "PROFUNDIDA": 0.0, "COD_ID": "EVEN-6", "ENTREGA": "E04_R2", "HRMS": " ", "LATITUD": 4.903039722, "LONGITUD": -75.93889, "ALTURA": 934.3775, "NORTE": 2100493.8748900001, "ESTE": 4674152.4288900001, "IMAGEN_1": "C002_IMG_20260221_082818.jpg", "IMAGEN_2": "C002_IMG_20260221_082834.jpg", "IMAGEN_3": "C002_IMG_20260221_082828.jpg", "VISUALIZAR_IMAGEN_1": "https://drive.google.com/uc?export=view&id=1X5xIi653UM6Mb-iWQbF9hzUGM_qO64x3", "VISUALIZAR_IMAGEN_2": "https://drive.google.com/uc?export=view&id=1aNniYnMmGynKKgOiRLfqZhUEm9sXmkom", "VISUALIZAR_IMAGEN_3": "https://drive.google.com/uc?export=view&id=1Lf8fsEoZwKqUf4spJOTz_lNM1CN44FSs", "FUENTE": "IEDDV" }, "geometry": { "type": "Point", "coordinates": [ -75.93889, 4.903039722000074, 934.377500000002328 ] } },
{ "type": "Feature", "properties": { "OBJECTID": 13, "FECHA": "21/02/2026 00:00:00 (UTC)", "DEPTO": "RISARALDA", "MUNICIPIO": "BALBOA", "VEREDA": "LA CANCHA ALTA", "GASODUCTO": "MARIQUITA - CALI", "TRAMO": "La Celia", "TP_DUCTO": "Ramal", "DISTRITO": "7", "DIAMETRO": "2\"", "TRM_REG": "PEREIRA - ARMENIA", "ZONA": "2", "PK": "003+716", "PK_PAT": "003+716", "ID_EVENTO": " ", "TP_EVENTO": "SOCAVACIÓN DE FONDO", "LONG_EVENT": 15.0, "PRIORIDAD": "Alto", "AMENAZA": "Alto", "ESTADO_EG": "Antiguo", "FX2": "20220510_FX2_C07_MC_R-LA CELIA_PK003+712_VA", "OBSERVACION_GEOTECNISTA": null, "OBSERVACIO": " ", "PROFUNDIDA": 1.6, "COD_ID": "EVEN-7", "ENTREGA": "E04_R2", "HRMS": " ", "LATITUD": 4.903236667, "LONGITUD": -75.93939306, "ALTURA": 932.4966, "NORTE": 2100515.9095399999, "ESTE": 4674096.69948, "IMAGEN_1": "C002_IMG_20260221_080904.jpg", "IMAGEN_2": "C002_IMG_20260221_080911.jpg", "IMAGEN_3": "C002_IMG_20260221_080916.jpg", "VISUALIZAR_IMAGEN_1": "https://drive.google.com/uc?export=view&id=1DxAtEM_JWouU22b2aKKk2RtI3WyvDZTK", "VISUALIZAR_IMAGEN_2": "https://drive.google.com/uc?export=view&id=1YykHZQSbux0JjX5cgLtU2VUgmhVeHE2D", "VISUALIZAR_IMAGEN_3": "https://drive.google.com/uc?export=view&id=1xtaoavkdo4iORYjEqapQo3-N8WmCK1y0", "FUENTE": "IEDDV" }, "geometry": { "type": "Point", "coordinates": [ -75.939393059999986, 4.903236667000044, 932.49659999999858 ] } },
{ "type": "Feature", "properties": { "OBJECTID": 14, "FECHA": "21/02/2026 00:00:00 (UTC)", "DEPTO": "RISARALDA", "MUNICIPIO": "BALBOA", "VEREDA": "PURACÉ", "GASODUCTO": "MARIQUITA - CALI", "TRAMO": "La Celia", "TP_DUCTO": "Ramal", "DISTRITO": "7", "DIAMETRO": "2\"", "TRM_REG": "PEREIRA - ARMENIA", "ZONA": "2", "PK": "003+161", "PK_PAT": "003+161", "ID_EVENTO": " ", "TP_EVENTO": "PROPAGACION LATERAL", "LONG_EVENT": 8.0, "PRIORIDAD": "Alto", "AMENAZA": "Alto", "ESTADO_EG": "Antiguo", "FX2": "20230424_FX2_C07_MC_R-LA CELIA_PK003+180_VA", "OBSERVACION_GEOTECNISTA": null, "OBSERVACIO": " ", "PROFUNDIDA": 1.8, "COD_ID": "EVEN-8", "ENTREGA": "E04_R2", "HRMS": " ", "LATITUD": 4.90145, "LONGITUD": -75.93472, "ALTURA": 931.7129, "NORTE": 2100315.9623799999, "ESTE": 4674614.4061899995, "IMAGEN_1": "C002_IMG_20260221_085451.jpg", "IMAGEN_2": "C002_IMG_20260221_085457.jpg", "IMAGEN_3": "C002_IMG_20260221_085504.jpg", "VISUALIZAR_IMAGEN_1": "https://drive.google.com/uc?export=view&id=1OwKD6rSa-h8HPGZ7jpeRTRk42gAeAg1h", "VISUALIZAR_IMAGEN_2": "https://drive.google.com/uc?export=view&id=1pdvU-gqW4cvIRNgEx-3Y_h7g0wzvnYxw", "VISUALIZAR_IMAGEN_3": "https://drive.google.com/uc?export=view&id=1CkfQHyNR-g7uJHJCsr3_olXYCb6ljBw_", "FUENTE": "IEDDV" }, "geometry": { "type": "Point", "coordinates": [ -75.93472, 4.90145, 931.712899999998626 ] } },
{ "type": "Feature", "properties": { "OBJECTID": 15, "FECHA": "22/03/2026 00:00:00 (UTC)", "DEPTO": "TOLIMA", "MUNICIPIO": "ALVARADO", "VEREDA": "CABECERA MUNICIPAL", "GASODUCTO": "CENTRO - ORIENTE", "TRAMO": "Piedras", "TP_DUCTO": "Ramal", "DISTRITO": "2", "DIAMETRO": "2\"", "TRM_REG": "MARIQUITA - GUALANDAY", "ZONA": "2", "PK": "002+537", "PK_PAT": "2525", "ID_EVENTO": "", "TP_EVENTO": "SOCAVACIÓN DE FONDO", "LONG_EVENT": 6.0, "PRIORIDAD": "Medio", "AMENAZA": "Medio", "ESTADO_EG": "Antiguo", "FX2": "20240715_FX2_C02_COR_R-PIEDRAS_PK002+525_VB", "OBSERVACION_GEOTECNISTA": "", "OBSERVACIO": "Tubería expuesta en el fondo del cauce por erosión hídrica. La pérdida de cobertura la somete al flujo directo; se recomienda lastrar el ducto para mitigar sobreesfuerzos mecánicos y protegerlo contra impactos de escombros. Longitud expuesta = 1m.", "PROFUNDIDA": 0.76, "COD_ID": "EG-737", "ENTREGA": "E07_R2", "HRMS": " ", "LATITUD": 4.559154, "LONGITUD": -74.929347, "ALTURA": 387.173, "NORTE": 2062068.4858899999, "ESTE": 4786032.2151899999, "IMAGEN_1": "C001_IMG_20260322_085816.jpg", "IMAGEN_2": "C001_IMG_20260322_085828.jpg", "IMAGEN_3": "C001_IMG_20260322_085833.jpg", "VISUALIZAR_IMAGEN_1": "https://drive.google.com/uc?export=view&id=1U5imqlCNObLLCAJudrWh33GvC1ok2Qvw", "VISUALIZAR_IMAGEN_2": "https://drive.google.com/uc?export=view&id=128Z5R6L4_sm2JIddrefRL_Q4Arn7K6cy", "VISUALIZAR_IMAGEN_3": "https://drive.google.com/uc?export=view&id=18t0hoiCXonsuwywpTsD7WZ0tTtPaYUqi", "FUENTE": "IEDDV" }, "geometry": { "type": "Point", "coordinates": [ -74.929347, 4.559154, 387.172999999995227 ] } },
{ "type": "Feature", "properties": { "OBJECTID": 16, "FECHA": "24/03/2026 00:00:00 (UTC)", "DEPTO": "TOLIMA", "MUNICIPIO": "PIEDRAS", "VEREDA": "ESTACION DOIMA", "GASODUCTO": "CENTRO - ORIENTE", "TRAMO": "Mariquita - Gualanday", "TP_DUCTO": "Troncal", "DISTRITO": "2", "DIAMETRO": "6\"", "TRM_REG": "MARIQUITA - GUALANDAY", "ZONA": "2", "PK": "393+560", "PK_PAT": "393592", "ID_EVENTO": "", "TP_EVENTO": "CARCAVAS", "LONG_EVENT": 5.0, "PRIORIDAD": "Alto", "AMENAZA": "Alto", "ESTADO_EG": "Antiguo", "FX2": "20230921_FX2_C02_COR_MAR-GUAL_PK393+592_VA", "OBSERVACION_GEOTECNISTA": "", "OBSERVACIO": "Se observan cárcavas en el DDV por filtración de agua lluvia. El terreno gravoso facilita la erosión hídrica y formación de cavidades al fluir el agua, comprometiendo la estabilidad del terreno por el arrastre de material fino.", "PROFUNDIDA": 2.02, "COD_ID": "EG-297", "ENTREGA": "E07_R2", "HRMS": " ", "LATITUD": 4.419628, "LONGITUD": -75.013052, "ALTURA": 651.5, "NORTE": 2046667.83323, "ESTE": 4776703.0309100002, "IMAGEN_1": "C001_IMG_20260324_121530.jpg", "IMAGEN_2": "C001_IMG_20260324_121606.jpg", "IMAGEN_3": "C001_IMG_20260324_121623.jpg", "VISUALIZAR_IMAGEN_1": "https://drive.google.com/uc?export=view&id=1W21rQ2tosAMm1XdPMq_w7jMdVyGUTPE5", "VISUALIZAR_IMAGEN_2": "https://drive.google.com/uc?export=view&id=1aSYSzTKuSvSUWSzYKmoNEyaD8WqTAbfM", "VISUALIZAR_IMAGEN_3": "https://drive.google.com/uc?export=view&id=1u_mHOHXqwKZzOEtzMYmozQ0zTrD2bs6X", "FUENTE": "IEDDV" }, "geometry": { "type": "Point", "coordinates": [ -75.013052, 4.419628, 651.5 ] } },
{ "type": "Feature", "properties": { "OBJECTID": 17, "FECHA": "27/03/2026 00:00:00 (UTC)", "DEPTO": "TOLIMA", "MUNICIPIO": "IBAGUÉ", "VEREDA": "BRICEÑO", "GASODUCTO": "CENTRO - ORIENTE", "TRAMO": "Mariquita - Gualanday", "TP_DUCTO": "Troncal", "DISTRITO": "2", "DIAMETRO": "6\"", "TRM_REG": "MARIQUITA - GUALANDAY", "ZONA": "2", "PK": "412+247", "PK_PAT": "412234", "ID_EVENTO": "", "TP_EVENTO": "OTRO", "LONG_EVENT": 6.0, "PRIORIDAD": "Alto", "AMENAZA": "Alto", "ESTADO_EG": "Antiguo", "FX2": "20240125_FX2_C02_COR_MAR-GUAL_PK412+234_VB", "OBSERVACION_GEOTECNISTA": "", "OBSERVACIO": "Evento geotécnico subsanado", "PROFUNDIDA": 1.87, "COD_ID": "EG-755", "ENTREGA": "E07_R2", "HRMS": " ", "LATITUD": 4.29558, "LONGITUD": -75.033677, "ALTURA": 496.66, "NORTE": 2032959.12898, "ESTE": 4774377.2561900001, "IMAGEN_1": "C001_IMG_20260327_095339.jpg", "IMAGEN_2": "C001_IMG_20260327_095345.jpg", "IMAGEN_3": "C001_IMG_20260327_095356.jpg", "VISUALIZAR_IMAGEN_1": "https://drive.google.com/uc?export=view&id=11HhWU12uzXaYMU32N0MBqmVN6O0BuvkM", "VISUALIZAR_IMAGEN_2": "https://drive.google.com/uc?export=view&id=1GE0vD25TI1r1Lh_kJLF5NItq4fDQsXHH", "VISUALIZAR_IMAGEN_3": "https://drive.google.com/uc?export=view&id=1JwQXOe8GbGPTcs8tAUmTOGvu5pU27j4P", "FUENTE": "IEDDV" }, "geometry": { "type": "Point", "coordinates": [ -75.033677, 4.29558, 496.660000000003492 ] } },
{ "type": "Feature", "properties": { "OBJECTID": 18, "FECHA": "27/03/2026 00:00:00 (UTC)", "DEPTO": "TOLIMA", "MUNICIPIO": "COELLO", "VEREDA": "GUALANDAY", "GASODUCTO": "CENTRO - ORIENTE", "TRAMO": "Mariquita - Gualanday", "TP_DUCTO": "Troncal", "DISTRITO": "2", "DIAMETRO": "6\"", "TRM_REG": "MARIQUITA - GUALANDAY", "ZONA": "2", "PK": "412+835", "PK_PAT": "412838", "ID_EVENTO": "", "TP_EVENTO": "CARCAVAS", "LONG_EVENT": 65.0, "PRIORIDAD": "Alto", "AMENAZA": "Medio", "ESTADO_EG": "Nuevo", "FX2": "20250909_FX2_C02_COR_MAR-GUAL_PK412+838_VB", "OBSERVACION_GEOTECNISTA": "", "OBSERVACIO": "Se detectó cárcavas en el DDV con exposición de tubería. La erosión fue causada por flujo de escorrentía sobre suelo arcilloso, cuya composición facilitó la degradación acelerada del terreno y la pérdida de cobertura del ducto.", "PROFUNDIDA": 0.0, "COD_ID": "EG-801", "ENTREGA": "E07_R2", "HRMS": " ", "LATITUD": 4.291048, "LONGITUD": -75.031988, "ALTURA": 578.2104, "NORTE": 2032457.56705, "ESTE": 4774563.3867300004, "IMAGEN_1": "C001_IMG_20260327_102728.jpg", "IMAGEN_2": "C001_IMG_20260327_102742.jpg", "IMAGEN_3": "C001_IMG_20260327_102806.jpg", "VISUALIZAR_IMAGEN_1": "https://drive.google.com/uc?export=view&id=1uduUB9RzPQB26FVYWNCxABCx122eAGfZ", "VISUALIZAR_IMAGEN_2": "https://drive.google.com/uc?export=view&id=1s35P0UpyMzHiGZZoq-6JVZmHkP42Qfno", "VISUALIZAR_IMAGEN_3": "https://drive.google.com/uc?export=view&id=17cXVV3OdLY_15mSvo0lGZgUNtQEnlpiv", "FUENTE": "IEDDV" }, "geometry": { "type": "Point", "coordinates": [ -75.031988, 4.291048, 578.210399999996298 ] } },
{ "type": "Feature", "properties": { "OBJECTID": 1, "FECHA": "24\/05\/2026 00:00:00 (UTC)", "DEPTO": "META", "MUNICIPIO": "VILLAVICENCIO", "VEREDA": "APIAY", "GASODUCTO": "CUSIANA - APIAY - USME", "TRAMO": "Apiay - Villavicencio", "TP_DUCTO": "Troncal", "DISTRITO": "4", "DIAMETRO": "6\"", "TRM_REG": "APIAY - USME", "ZONA": "3", "PK": "20840", "PK_PAT": " ", "ID_EVENTO": "", "TP_EVENTO": "SOCAVACIÓN DE FONDO", "LONG_EVENT": 5.0, "PRIORIDAD": "Alto", "AMENAZA": "Extremo", "ESTADO_EG": " ", "FX2": "20231010_FX2_C06_CAU_APIAY-VILLA_PK020+840_VA", "OBSERVACION_GEOTECNISTA": "", "OBSERVACIO": "Prof Ant: 1.57m, Mit: 0m, Desp: 0.87m, Dist al ducto: Sobre el ducto, Dir respecto al DDV: Paralelo, Dim L:5m B:1m H:1.5m, Ubic: Mitad del cruce subfluvial, Desc: Se observa socavacion en el fondo del cauce debido a erosion por accion del agua", "PROFUNDIDA": 0.0, "COD_ID": "EG-672", "ENTREGA": "FOTOS_C1_T5", "HRMS": " ", "LATITUD": 4.0859580000000619, "LONGITUD": -73.560718, "ALTURA": 370.0, "NORTE": 0.0, "ESTE": 0.0, "IMAGEN_1": "C001_IMG_20260524_115738.jpg", "IMAGEN_2": "C001_IMG_20260524_115750.jpg", "IMAGEN_3": "C001_IMG_20260524_115758.jpg", "VISUALIZAR_IMAGEN_1": "https:\/\/drive.google.com\/uc?export=view&id=11i9creVnCAILc2FBHvpIudQnMlrPvToW", "VISUALIZAR_IMAGEN_2": "https:\/\/drive.google.com\/uc?export=view&id=1Y3Fu2f763jDCxe4nPoB0RXZozNVxY8W5", "VISUALIZAR_IMAGEN_3": "https:\/\/drive.google.com\/uc?export=view&id=15gLaPJZIsJn2cFCulw7fnN3v7moak3LG", "FUENTE": "IEDDV" }, "geometry": { "type": "Point", "coordinates": [ -73.560718, 4.085958, 370.0 ] } },
{ "type": "Feature", "properties": { "OBJECTID": 2, "FECHA": "17\/04\/2026 00:00:00 (UTC)", "DEPTO": "TOLIMA", "MUNICIPIO": "GUAMO", "VEREDA": "LAS MERCEDES EL OVAL", "GASODUCTO": "CENTRO - ORIENTE", "TRAMO": "Gualanday - Guasimal", "TP_DUCTO": "Troncal", "DISTRITO": "2", "DIAMETRO": "12\"", "TRM_REG": "GUALANDAY - NEIVA", "ZONA": "2", "PK": "428+465", "PK_PAT": "428465", "ID_EVENTO": " ", "TP_EVENTO": "SOCAVACIÓN DE FONDO", "LONG_EVENT": 0.0, "PRIORIDAD": "Alto", "AMENAZA": "Alto", "ESTADO_EG": " ", "FX2": "20210820_FX2_C02_COR_GUAL-GUAS_PK428+589_VA", "OBSERVACION_GEOTECNISTA": "", "OBSERVACIO": "Evento geotécnico subsanado con obra tipo canal en concreto.", "PROFUNDIDA": 0.78, "COD_ID": "EVEN-1", "ENTREGA": "E09_R2", "HRMS": "0,79", "LATITUD": 4.1777230000000714, "LONGITUD": -74.991552, "ALTURA": 373.0, "NORTE": 2019916.74486, "ESTE": 4779019.1616200004, "IMAGEN_1": "C001_IMG_20260417_075226.jpg", "IMAGEN_2": "C001_IMG_20260417_075233.jpg", "IMAGEN_3": "C001_IMG_20260417_075243.jpg", "VISUALIZAR_IMAGEN_1": "https:\/\/drive.google.com\/uc?export=view&id=1Jtcocdu4MWaKfQz3C-hc7LzBzCwwbvIV", "VISUALIZAR_IMAGEN_2": "https:\/\/drive.google.com\/uc?export=view&id=10kLvhAP23zXJoFHrwsrNXoqlg92DTe9j", "VISUALIZAR_IMAGEN_3": "https:\/\/drive.google.com\/uc?export=view&id=1YlShQGFIrSNXVZg4cqKRFUDDK1-EXRg0", "FUENTE": "IEDDV" }, "geometry": { "type": "Point", "coordinates": [ -74.991552, 4.177723, 373.0 ] } },
{ "type": "Feature", "properties": { "OBJECTID": 3, "FECHA": "17\/04\/2026 00:00:00 (UTC)", "DEPTO": "TOLIMA", "MUNICIPIO": "GUAMO", "VEREDA": "CALLEJON DE GUADUAS", "GASODUCTO": "CENTRO - ORIENTE", "TRAMO": "Gualanday - Guasimal", "TP_DUCTO": "Troncal", "DISTRITO": "2", "DIAMETRO": "12\"", "TRM_REG": "GUALANDAY - NEIVA", "ZONA": "2", "PK": "432+025", "PK_PAT": "432019", "ID_EVENTO": " ", "TP_EVENTO": "SOCAVACIÓN DE FONDO", "LONG_EVENT": 3.0, "PRIORIDAD": "Alto", "AMENAZA": "Alto", "ESTADO_EG": " ", "FX2": "20230921_FX2_C02_COR_GUAL-GUAS_PK432+019_VA", "OBSERVACION_GEOTECNISTA": "", "OBSERVACIO": "Se detectó socavación en el lecho fluvial por erosión hídrica. Para mitigar el riesgo de exposición y garantizar la integridad de la tubería, se sugiere la construcción de obras de protección en el fondo del cauce.", "PROFUNDIDA": 0.42, "COD_ID": "EVEN-2", "ENTREGA": "E09_R2", "HRMS": "0,887", "LATITUD": 4.1476840930000662, "LONGITUD": -74.981055910999942, "ALTURA": 355.5871, "NORTE": 2016592.77511, "ESTE": 4780175.9233900001, "IMAGEN_1": "C001_IMG_20260417_103243.jpg", "IMAGEN_2": "C001_IMG_20260417_103250.jpg", "IMAGEN_3": "C001_IMG_20260417_103254.jpg", "VISUALIZAR_IMAGEN_1": "https:\/\/drive.google.com\/uc?export=view&id=1MAqypSQ1yFN1olGQQPtXTc1TQKzqyRiB", "VISUALIZAR_IMAGEN_2": "https:\/\/drive.google.com\/uc?export=view&id=1pevSV3jNbCdufH2Jlj_ZIgiZA9uIxR25", "VISUALIZAR_IMAGEN_3": "https:\/\/drive.google.com\/uc?export=view&id=1JHPqQuikAGY2-gWM1VDZ72nDnr8a0PDx", "FUENTE": "IEDDV" }, "geometry": { "type": "Point", "coordinates": [ -74.981055910999942, 4.147684093000066, 355.587100000004284 ] } },
{ "type": "Feature", "properties": { "OBJECTID": 4, "FECHA": "18\/04\/2026 00:00:00 (UTC)", "DEPTO": "TOLIMA", "MUNICIPIO": "GUAMO", "VEREDA": "JAGUALITO PUEBLO NUEVO", "GASODUCTO": "CENTRO - ORIENTE", "TRAMO": "Gualanday - Guasimal", "TP_DUCTO": "Troncal", "DISTRITO": "2", "DIAMETRO": "12\"", "TRM_REG": "GUALANDAY - NEIVA", "ZONA": "2", "PK": "435+184", "PK_PAT": "435200", "ID_EVENTO": " ", "TP_EVENTO": "SOCAVACIÓN DE FONDO", "LONG_EVENT": 5.0, "PRIORIDAD": "Alto", "AMENAZA": "Alto", "ESTADO_EG": " ", "FX2": "20210820_FX2_C02_COR_GUAL-GUAS_PK435+200_VB", "OBSERVACION_GEOTECNISTA": "", "OBSERVACIO": "Socavación por efecto cascada tras placa de concreto en tuberia de Cenit. Se midio la profundidad del agua en 1m, se asume tubería expuesta. Urge construir obras de protección en el fondo del cauce para mitigar la erosión hídrica y garantizar la integridad del ducto.", "PROFUNDIDA": 1.14, "COD_ID": "EVEN-3", "ENTREGA": "E09_R2", "HRMS": "0,844", "LATITUD": 4.120984, "LONGITUD": -74.974548, "ALTURA": 339.57369999999355, "NORTE": 2013639.0889600001, "ESTE": 4780891.00954, "IMAGEN_1": "C001_IMG_20260418_073016.jpg", "IMAGEN_2": "C001_IMG_20260418_073105.jpg", "IMAGEN_3": "C001_IMG_20260418_073121.jpg", "VISUALIZAR_IMAGEN_1": "https:\/\/drive.google.com\/uc?export=view&id=11hEZJ8db5AixNY7xJycUp_yBNCOzIY-W", "VISUALIZAR_IMAGEN_2": "https:\/\/drive.google.com\/uc?export=view&id=1iXByGlKYem4WUrDayhrIEsVWvk2lQD_I", "VISUALIZAR_IMAGEN_3": "https:\/\/drive.google.com\/uc?export=view&id=1v7tO-2y5bjJHXWsFmY0qQCRyDhBcwlnW", "FUENTE": "IEDDV" }, "geometry": { "type": "Point", "coordinates": [ -74.974548, 4.120984, 339.573699999993551 ] } },
{ "type": "Feature", "properties": { "OBJECTID": 5, "FECHA": "19\/04\/2026 00:00:00 (UTC)", "DEPTO": "TOLIMA", "MUNICIPIO": "GUAMO", "VEREDA": "CARACOLI E IGUAES", "GASODUCTO": "CENTRO - ORIENTE", "TRAMO": "Gualanday - Guasimal", "TP_DUCTO": "Troncal", "DISTRITO": "2", "DIAMETRO": "12\"", "TRM_REG": "GUALANDAY - NEIVA", "ZONA": "2", "PK": "449+209", "PK_PAT": "449216", "ID_EVENTO": " ", "TP_EVENTO": "SOCAVACIÓN DE FONDO", "LONG_EVENT": 0.0, "PRIORIDAD": "Alto", "AMENAZA": "Alto", "ESTADO_EG": " ", "FX2": "20210819_FX2_C02_COR_GUAL-GUAS_PK449+216_VA", "OBSERVACION_GEOTECNISTA": "", "OBSERVACIO": "No se evidencia evento geotecnico", "PROFUNDIDA": 1.25, "COD_ID": "EVEN-4", "ENTREGA": "E09_R2", "HRMS": "0,56", "LATITUD": 4.003298, "LONGITUD": -74.981863, "ALTURA": 315.0163, "NORTE": 2000630.05883, "ESTE": 4780047.0724099996, "IMAGEN_1": "C001_IMG_20260419_124837.jpg", "IMAGEN_2": "C001_IMG_20260419_124841.jpg", "IMAGEN_3": "C001_IMG_20260419_124855.jpg", "VISUALIZAR_IMAGEN_1": "https:\/\/drive.google.com\/uc?export=view&id=1FWjKH3nkpfNrTJEAh-3IOc2_tiTKApEk", "VISUALIZAR_IMAGEN_2": "https:\/\/drive.google.com\/uc?export=view&id=19-GDhz7WPoVMYbvjRIbu-6JvMCoHgg8X", "VISUALIZAR_IMAGEN_3": "https:\/\/drive.google.com\/uc?export=view&id=13oy_6r4t1ZpSpqI9ga6htBve1Evg6xoj", "FUENTE": "IEDDV" }, "geometry": { "type": "Point", "coordinates": [ -74.981863, 4.003298, 315.016300000002957 ] } },
{ "type": "Feature", "properties": { "OBJECTID": 6, "FECHA": "20\/04\/2026 00:00:00 (UTC)", "DEPTO": "TOLIMA", "MUNICIPIO": "SALDAÑA", "VEREDA": "PALMAR ARENOSA", "GASODUCTO": "CENTRO - ORIENTE", "TRAMO": "Gualanday - Guasimal", "TP_DUCTO": "Troncal", "DISTRITO": "2", "DIAMETRO": "12\"", "TRM_REG": "GUALANDAY - NEIVA", "ZONA": "2", "PK": "459+653", "PK_PAT": "459+654", "ID_EVENTO": " ", "TP_EVENTO": "SOCAVACIÓN DE FONDO", "LONG_EVENT": 4.0, "PRIORIDAD": "( )", "AMENAZA": "( )", "ESTADO_EG": " ", "FX2": " ", "OBSERVACION_GEOTECNISTA": "", "OBSERVACIO": "Se observa tuberia expuesta en el fondo del cauce debido a la erosión por el flujo hidraulico y la poca profundidad del ducto en este cauce.", "PROFUNDIDA": 0.0, "COD_ID": "EVEN-5", "ENTREGA": "E09_R2", "HRMS": "0,74", "LATITUD": 3.9385750000000712, "LONGITUD": -75.037847, "ALTURA": 312.56909999999334, "NORTE": 1993489.4573, "ESTE": 4773813.5952599999, "IMAGEN_1": "C001_IMG_20260420_121318.jpg", "IMAGEN_2": "C001_IMG_20260420_121323.jpg", "IMAGEN_3": "C001_IMG_20260420_121334.jpg", "VISUALIZAR_IMAGEN_1": "https:\/\/drive.google.com\/uc?export=view&id=1nbJYJ1zJHv9d51_KHXx2axn5SuLhOuri", "VISUALIZAR_IMAGEN_2": "https:\/\/drive.google.com\/uc?export=view&id=173iWs2165PSs3TnY3nENq_kauB8R5Arp", "VISUALIZAR_IMAGEN_3": "https:\/\/drive.google.com\/uc?export=view&id=1yRbCF4Ml9aiF2rdZgPXWlHrp8BUjXL5r", "FUENTE": "IEDDV" }, "geometry": { "type": "Point", "coordinates": [ -75.037847, 3.938575, 312.569099999993341 ] } },
{ "type": "Feature", "properties": { "OBJECTID": 7, "FECHA": "22\/04\/2026 00:00:00 (UTC)", "DEPTO": "TOLIMA", "MUNICIPIO": "SALDAÑA", "VEREDA": "JABALCÓN", "GASODUCTO": "CENTRO - ORIENTE", "TRAMO": "Gualanday - Guasimal", "TP_DUCTO": "Troncal", "DISTRITO": "2", "DIAMETRO": "12\"", "TRM_REG": "GUALANDAY - NEIVA", "ZONA": "2", "PK": "469+035", "PK_PAT": "469033", "ID_EVENTO": " ", "TP_EVENTO": "SURCOS", "LONG_EVENT": 10.0, "PRIORIDAD": "Medio", "AMENAZA": "Medio", "ESTADO_EG": " ", "FX2": "20230829_FX2_C02_COR_GUAL-GUAS_PK469+033_VA", "OBSERVACION_GEOTECNISTA": "", "OBSERVACIO": "Surcos sobre el DDV y deformaciones por erosión hídrica. El terreno presenta alta susceptibilidad debido a su composición arenosa, lo que facilita el desarrollo de procesos erosivos por escorrentía superficial en el área de la inspección.", "PROFUNDIDA": 1.1, "COD_ID": "EVEN-6", "ENTREGA": "E09_R2", "HRMS": "0,963", "LATITUD": 3.8608790000000681, "LONGITUD": -75.052323, "ALTURA": 318.2421, "NORTE": 1984903.19906, "ESTE": 4772185.2439799998, "IMAGEN_1": "C001_IMG_20260422_085314.jpg", "IMAGEN_2": "C001_IMG_20260422_085328.jpg", "IMAGEN_3": "C001_IMG_20260422_085336.jpg", "VISUALIZAR_IMAGEN_1": "https:\/\/drive.google.com\/uc?export=view&id=1EWKv_1ZmPOEgkjUzJDMH8dZF5YBbUjEu", "VISUALIZAR_IMAGEN_2": "https:\/\/drive.google.com\/uc?export=view&id=1jQfS8ez_fEmSpQf2VZz0yAFSUVtuspt-", "VISUALIZAR_IMAGEN_3": "https:\/\/drive.google.com\/uc?export=view&id=1a4yXFHbdCuC4IuzWwS74qDqR1Hl4f6WX", "FUENTE": "IEDDV" }, "geometry": { "type": "Point", "coordinates": [ -75.052323, 3.860879, 318.24210000000312 ] } },
{ "type": "Feature", "properties": { "OBJECTID": 8, "FECHA": "25\/04\/2026 00:00:00 (UTC)", "DEPTO": "TOLIMA", "MUNICIPIO": "NATAGAIMA", "VEREDA": "SAN MIGUEL", "GASODUCTO": "CENTRO - ORIENTE", "TRAMO": "Gualanday - Guasimal", "TP_DUCTO": "Troncal", "DISTRITO": "2", "DIAMETRO": "12\"", "TRM_REG": "GUALANDAY - NEIVA", "ZONA": "2", "PK": "496+280", "PK_PAT": "496281", "ID_EVENTO": " ", "TP_EVENTO": "SOCAVACIÓN LATERAL", "LONG_EVENT": 1.0, "PRIORIDAD": "Bajo", "AMENAZA": "Bajo", "ESTADO_EG": " ", "FX2": "20210819_FX2_C02_COR_GUAL-GUAS_PK496+281_VA", "OBSERVACION_GEOTECNISTA": "", "OBSERVACIO": "Se observa desprendimiento de material en el gavión del costado derecho, se requiere reparación de la obra geotecnica", "PROFUNDIDA": 2.19, "COD_ID": "EVEN-7", "ENTREGA": "E09_R2", "HRMS": "0,995", "LATITUD": 3.622402, "LONGITUD": -75.100198, "ALTURA": 320.3667, "NORTE": 1958549.04529, "ESTE": 4766805.50954, "IMAGEN_1": "C001_IMG_20260425_113028.jpg", "IMAGEN_2": "C001_IMG_20260425_113033.jpg", "IMAGEN_3": "C001_IMG_20260425_113054.jpg", "VISUALIZAR_IMAGEN_1": "https:\/\/drive.google.com\/uc?export=view&id=18WKliT-g9adAL4tLsl4zJt_ZXYTnwK6L", "VISUALIZAR_IMAGEN_2": "https:\/\/drive.google.com\/uc?export=view&id=10oBKG0DyBiQ9nYGxFnIBR2eQBFvJ8tHy", "VISUALIZAR_IMAGEN_3": "https:\/\/drive.google.com\/uc?export=view&id=1b167p3RRSSeffwX9Tu9u6ZWWO3cIg9P6", "FUENTE": "IEDDV" }, "geometry": { "type": "Point", "coordinates": [ -75.100198, 3.622402, 320.366699999998673 ] } },
{ "type": "Feature", "properties": { "OBJECTID": 9, "FECHA": "23\/04\/2026 00:00:00 (UTC)", "DEPTO": "TOLIMA", "MUNICIPIO": "COYAIMA", "VEREDA": "SAN MIGUEL", "GASODUCTO": "CENTRO - ORIENTE", "TRAMO": "Gualanday - Guasimal", "TP_DUCTO": "Troncal", "DISTRITO": "2", "DIAMETRO": "12\"", "TRM_REG": "GUALANDAY - NEIVA", "ZONA": "2", "PK": "480+668", "PK_PAT": "480664", "ID_EVENTO": " ", "TP_EVENTO": "SOCAVACIÓN LATERAL", "LONG_EVENT": 0.0, "PRIORIDAD": "Alto", "AMENAZA": "Alto", "ESTADO_EG": " ", "FX2": "20220119_FX2_C02_COR_GUAL-GUAS_PK480+664_VA", "OBSERVACION_GEOTECNISTA": "", "OBSERVACIO": "Evento subsanado con obra geotecnica en concreto que incluye muros de contención y placas de protección.", "PROFUNDIDA": 4.16, "COD_ID": "EVEN-8", "ENTREGA": "E09_R2", "HRMS": "0,861", "LATITUD": 3.7593230000000517, "LONGITUD": -75.07539, "ALTURA": 320.2588, "NORTE": 1973681.0702800001, "ESTE": 4769596.5795900002, "IMAGEN_1": "C001_IMG_20260423_114035.jpg", "IMAGEN_2": "C001_IMG_20260423_114041.jpg", "IMAGEN_3": "C001_IMG_20260423_114048.jpg", "VISUALIZAR_IMAGEN_1": "https:\/\/drive.google.com\/uc?export=view&id=1ZlwY9tigmJdDGlmhTCXzNmZzhUlue2MN", "VISUALIZAR_IMAGEN_2": "https:\/\/drive.google.com\/uc?export=view&id=1F_lQHEEm5BZsUxuthwIzdiRFRngk70MJ", "VISUALIZAR_IMAGEN_3": "https:\/\/drive.google.com\/uc?export=view&id=1gIOvoggoqlI9SAISTsFb8vCl3fSYr7RN", "FUENTE": "IEDDV" }, "geometry": { "type": "Point", "coordinates": [ -75.07539, 3.759323, 320.258799999995972 ] } },
{ "type": "Feature", "properties": { "OBJECTID": 10, "FECHA": "26\/04\/2026 00:00:00 (UTC)", "DEPTO": "TOLIMA", "MUNICIPIO": "NATAGAIMA", "VEREDA": "GUASIMAL MESAS", "GASODUCTO": "CENTRO - ORIENTE", "TRAMO": "Gualanday - Guasimal", "TP_DUCTO": "Troncal", "DISTRITO": "2", "DIAMETRO": "12\"", "TRM_REG": "GUALANDAY - NEIVA", "ZONA": "2", "PK": "502+902", "PK_PAT": "502900", "ID_EVENTO": " ", "TP_EVENTO": "CARCAVAS", "LONG_EVENT": 5.0, "PRIORIDAD": "Medio", "AMENAZA": "Medio", "ESTADO_EG": " ", "FX2": "20250522_FX2_C02_COR_GUAL-GUAS_PK502+900_VA", "OBSERVACION_GEOTECNISTA": "", "OBSERVACIO": "Cárcava en DDV por escorrentía superficial. El proceso erosivo ha reducido la cobertura de la tubería. Se recomienda la implementación de obras de mitigación para estabilizar el terreno y proteger la integridad del ducto.", "PROFUNDIDA": 0.6, "COD_ID": "EVEN-9", "ENTREGA": "E09_R2", "HRMS": "0,768", "LATITUD": 3.5701, "LONGITUD": -75.1234, "ALTURA": 338.60550000000512, "NORTE": 1952772.22646, "ESTE": 4764214.6653100001, "IMAGEN_1": "C001_IMG_20260426_091808.jpg", "IMAGEN_2": "C001_IMG_20260426_091827.jpg", "IMAGEN_3": "C001_IMG_20260426_091846.jpg", "VISUALIZAR_IMAGEN_1": "https:\/\/drive.google.com\/uc?export=view&id=1jiMaGLwTASO93TffjkjwZMCz6yl6Z7Ie", "VISUALIZAR_IMAGEN_2": "https:\/\/drive.google.com\/uc?export=view&id=1XR2X1P8x7b1BzqwWJxN1xGXvp3wzrdHX", "VISUALIZAR_IMAGEN_3": "https:\/\/drive.google.com\/uc?export=view&id=1Uc5UTvt3pj_lwZqVAZPDTm2_yAh5vnyq", "FUENTE": "IEDDV" }, "geometry": { "type": "Point", "coordinates": [ -75.1234, 3.5701, 338.605500000005122 ] } },
{ "type": "Feature", "properties": { "OBJECTID": 11, "FECHA": "18\/04\/2026 00:00:00 (UTC)", "DEPTO": "HUILA", "MUNICIPIO": "AIPE", "VEREDA": "DINDAL", "GASODUCTO": "CENTRO - ORIENTE", "TRAMO": "Guasimal - Dina", "TP_DUCTO": "Troncal", "DISTRITO": "2", "DIAMETRO": "12\"", "TRM_REG": "GUALANDAY - NEIVA", "ZONA": "2", "PK": "555+625", "PK_PAT": "555615", "ID_EVENTO": " ", "TP_EVENTO": "SOCAVACIÓN LATERAL", "LONG_EVENT": 10.0, "PRIORIDAD": "Alto", "AMENAZA": "Extremo", "ESTADO_EG": " ", "FX2": "20220119_FX2_C02_COR_GUAS-DINA_PK555+615_VA", "OBSERVACION_GEOTECNISTA": "", "OBSERVACIO": "Evento geotécnico desplazado por actualización en la georreferenciación según recorrido 2026. Se presenta socavación lateral en el costado derecho del cruce subfluvial con tubería expuesta.", "PROFUNDIDA": 0.0, "COD_ID": "EVEN-1", "ENTREGA": "E12_R2", "HRMS": " ", "LATITUD": 3.1535881850000465, "LONGITUD": -75.277895558999944, "ALTURA": 390.671, "NORTE": 1906756.6725600001, "ESTE": 4746943.0990800001, "IMAGEN_1": "C002_IMG_20260418_092818.jpg", "IMAGEN_2": "C002_IMG_20260418_092823.jpg", "IMAGEN_3": "C002_IMG_20260418_092829.jpg", "VISUALIZAR_IMAGEN_1": "https:\/\/drive.google.com\/uc?export=view&id=18D-9wzGdk06HaWT2URpWZb1dvFtGmTMo", "VISUALIZAR_IMAGEN_2": "https:\/\/drive.google.com\/uc?export=view&id=1uTESbyE8U_Q9j8P59gyD1Wv0tPXJaTrH", "VISUALIZAR_IMAGEN_3": "https:\/\/drive.google.com\/uc?export=view&id=1N3eSKfoN5o1gL46j9EPSEc3W3k-kLZRP", "FUENTE": "IEDDV" }, "geometry": { "type": "Point", "coordinates": [ -75.277895558999944, 3.153588185000046, 390.671000000002095 ] } },
{ "type": "Feature", "properties": { "OBJECTID": 12, "FECHA": "16\/04\/2026 00:00:00 (UTC)", "DEPTO": "HUILA", "MUNICIPIO": "AIPE", "VEREDA": "RIO AIPE", "GASODUCTO": "CENTRO - ORIENTE", "TRAMO": "Guasimal - Dina", "TP_DUCTO": "Troncal", "DISTRITO": "2", "DIAMETRO": "12\"", "TRM_REG": "GUALANDAY - NEIVA", "ZONA": "2", "PK": "541+632", "PK_PAT": "541632", "ID_EVENTO": " ", "TP_EVENTO": "SOCAVACIÓN DE FONDO", "LONG_EVENT": 10.0, "PRIORIDAD": "( )", "AMENAZA": "( )", "ESTADO_EG": " ", "FX2": "20260120_FX2_C02_COR_GUAS-DINA_PK541+632_VA", "OBSERVACION_GEOTECNISTA": "", "OBSERVACIO": "Caudal alto. Socavación de fondo y tramo de tubería expuesta.", "PROFUNDIDA": 0.0, "COD_ID": "EVEN-2", "ENTREGA": "E12_R2", "HRMS": " ", "LATITUD": 3.268662000000063, "LONGITUD": -75.244475, "ALTURA": 372.0, "NORTE": 1919472.7943200001, "ESTE": 4750685.7204400003, "IMAGEN_1": "C002_IMG_20260416_084342.jpg", "IMAGEN_2": "C002_IMG_20260416_084347.jpg", "IMAGEN_3": "C002_IMG_20260416_084359.jpg", "VISUALIZAR_IMAGEN_1": "https:\/\/drive.google.com\/uc?export=view&id=1EDCpdKLfW8GYRK_ieSPNirJcV2PuK4hk", "VISUALIZAR_IMAGEN_2": "https:\/\/drive.google.com\/uc?export=view&id=17ULc9qXJC54BPJromG-rwbhH86O9-wbT", "VISUALIZAR_IMAGEN_3": "https:\/\/drive.google.com\/uc?export=view&id=151AhU12clyAIEUdOSiAmwUuySeiO5QFb", "FUENTE": "IEDDV" }, "geometry": { "type": "Point", "coordinates": [ -75.244475, 3.268662, 372.0 ] } },
{ "type": "Feature", "properties": { "OBJECTID": 13, "FECHA": "20\/04\/2026 00:00:00 (UTC)", "DEPTO": "HUILA", "MUNICIPIO": "NEIVA", "VEREDA": "SAN ANDRES DE BUSIRACO", "GASODUCTO": "CENTRO - ORIENTE", "TRAMO": "Dina - Tello", "TP_DUCTO": "Troncal", "DISTRITO": "2", "DIAMETRO": "6\"", "TRM_REG": "GUALANDAY - NEIVA", "ZONA": "2", "PK": "003+956", "PK_PAT": "3960", "ID_EVENTO": " ", "TP_EVENTO": "SOCAVACIÓN DE FONDO", "LONG_EVENT": 2.0, "PRIORIDAD": "( )", "AMENAZA": "Alto", "ESTADO_EG": " ", "FX2": "20250703_FX2_C02_COR_DINA-TELLO_PK003+960_VA", "OBSERVACION_GEOTECNISTA": "", "OBSERVACIO": "Evento geotécnico desplazado por actualización en la georreferenciación según recorrido 2026. Tubería expuesta con recubrimiento en deterioro, socavación de fondo y depósitos de grava sobre el cauce", "PROFUNDIDA": 0.0, "COD_ID": "EVEN-3", "ENTREGA": "E12_R2", "HRMS": " ", "LATITUD": 3.0481803340000511, "LONGITUD": -75.281080621999934, "ALTURA": 451.42849999999453, "NORTE": 1895101.78923, "ESTE": 4746563.9603500003, "IMAGEN_1": "C002_IMG_20260420_085339.jpg", "IMAGEN_2": "C002_IMG_20260420_085344.jpg", "IMAGEN_3": "C002_IMG_20260420_085349.jpg", "VISUALIZAR_IMAGEN_1": "https:\/\/drive.google.com\/uc?export=view&id=1q3zFlSqvPfKqT4dF_2FtTwv6DdN_wMS2", "VISUALIZAR_IMAGEN_2": "https:\/\/drive.google.com\/uc?export=view&id=1plDHn8yx151_qLGRANY6w9aay3N0FD_-", "VISUALIZAR_IMAGEN_3": "https:\/\/drive.google.com\/uc?export=view&id=1KEpwGnAeQKys6IgmtQSDqw0nz0jsuF69", "FUENTE": "IEDDV" }, "geometry": { "type": "Point", "coordinates": [ -75.281080621999934, 3.048180334000051, 451.428499999994528 ] } },
{ "type": "Feature", "properties": { "OBJECTID": 14, "FECHA": "23\/04\/2026 00:00:00 (UTC)", "DEPTO": "HUILA", "MUNICIPIO": "NEIVA", "VEREDA": "VENADO", "GASODUCTO": "CENTRO - ORIENTE", "TRAMO": "Dina - Tello", "TP_DUCTO": "Troncal", "DISTRITO": "2", "DIAMETRO": "6\"", "TRM_REG": "GUALANDAY - NEIVA", "ZONA": "2", "PK": "014+044", "PK_PAT": "14045", "ID_EVENTO": " ", "TP_EVENTO": "CARCAVAS", "LONG_EVENT": 10.0, "PRIORIDAD": "( )", "AMENAZA": "Bajo", "ESTADO_EG": " ", "FX2": "20250703_FX2_C02_COR_DINA-TELLO_PK014+045_VA", "OBSERVACION_GEOTECNISTA": "", "OBSERVACIO": "Cárcavas producto de agua de escorrentía.", "PROFUNDIDA": 1.6, "COD_ID": "EVEN-4", "ENTREGA": "E12_R2", "HRMS": " ", "LATITUD": 2.9800950000000626, "LONGITUD": -75.259008, "ALTURA": 451.1384, "NORTE": 1887568.08693, "ESTE": 4749001.9686399996, "IMAGEN_1": "C002_IMG_20260423_080132.jpg", "IMAGEN_2": "C002_IMG_20260423_080143.jpg", "IMAGEN_3": "C002_IMG_20260423_080149.jpg", "VISUALIZAR_IMAGEN_1": "https:\/\/drive.google.com\/uc?export=view&id=1WW-J8g81CWWhI4jG4fJwmducebNEmeZD", "VISUALIZAR_IMAGEN_2": "https:\/\/drive.google.com\/uc?export=view&id=1PI1z8vlu4wrOKM-9zMtkgRgmLzy_Nz6f", "VISUALIZAR_IMAGEN_3": "https:\/\/drive.google.com\/uc?export=view&id=1yg1jNBPmuclLeM19KCHyfLcxKnLNAa6k", "FUENTE": "IEDDV" }, "geometry": { "type": "Point", "coordinates": [ -75.259008, 2.980095, 451.138399999996182 ] } },
{ "type": "Feature", "properties": { "OBJECTID": 15, "FECHA": "23\/04\/2026 00:00:00 (UTC)", "DEPTO": "HUILA", "MUNICIPIO": "NEIVA", "VEREDA": "VENADO", "GASODUCTO": "CENTRO - ORIENTE", "TRAMO": "Dina - Tello", "TP_DUCTO": "Troncal", "DISTRITO": "2", "DIAMETRO": "6\"", "TRM_REG": "GUALANDAY - NEIVA", "ZONA": "2", "PK": "014+254", "PK_PAT": "14252", "ID_EVENTO": " ", "TP_EVENTO": "CARCAVAS", "LONG_EVENT": 10.0, "PRIORIDAD": "( )", "AMENAZA": "Bajo", "ESTADO_EG": " ", "FX2": "20250703_FX2_C02_COR_DINA-TELLO_PK014+252_VA", "OBSERVACION_GEOTECNISTA": "", "OBSERVACIO": "Cárcavas con recubrimiento vegetal.", "PROFUNDIDA": 0.8, "COD_ID": "EVEN-5", "ENTREGA": "E12_R2", "HRMS": " ", "LATITUD": 2.978783, "LONGITUD": -75.257643, "ALTURA": 451.9655000000057, "NORTE": 1887422.7017399999, "ESTE": 4749153.4149500001, "IMAGEN_1": "C002_IMG_20260423_081615.jpg", "IMAGEN_2": "C002_IMG_20260423_081621.jpg", "IMAGEN_3": "C002_IMG_20260423_081625.jpg", "VISUALIZAR_IMAGEN_1": "https:\/\/drive.google.com\/uc?export=view&id=1PONl-qlspIoQOa1BN5FT-8bkBy47is0A", "VISUALIZAR_IMAGEN_2": "https:\/\/drive.google.com\/uc?export=view&id=15fm58hnmvIrsXxIOZbGD5l_DzvRRtTey", "VISUALIZAR_IMAGEN_3": "https:\/\/drive.google.com\/uc?export=view&id=13bYs54y2J88U7iWHjC_SUDTvzTX9goMz", "FUENTE": "IEDDV" }, "geometry": { "type": "Point", "coordinates": [ -75.257643, 2.978783, 451.965500000005704 ] } },
{ "type": "Feature", "properties": { "OBJECTID": 16, "FECHA": "22\/04\/2026 00:00:00 (UTC)", "DEPTO": "HUILA", "MUNICIPIO": "NEIVA", "VEREDA": "VENADO", "GASODUCTO": "CENTRO - ORIENTE", "TRAMO": "Dina - Tello", "TP_DUCTO": "Troncal", "DISTRITO": "2", "DIAMETRO": "6\"", "TRM_REG": "GUALANDAY - NEIVA", "ZONA": "2", "PK": "012+464", "PK_PAT": "012+463", "ID_EVENTO": " ", "TP_EVENTO": "SOCAVACIÓN DE FONDO", "LONG_EVENT": 3.0, "PRIORIDAD": "( )", "AMENAZA": "( )", "ESTADO_EG": " ", "FX2": "20260120_FX2_C02_COR_DINA-TELLO_PK012+463_VA", "OBSERVACION_GEOTECNISTA": "", "OBSERVACIO": "Agua turbia. Socavación de fondo y lateral en margen izquierdo del cruce subfluvial.", "PROFUNDIDA": 1.15, "COD_ID": "EVEN-6", "ENTREGA": "E12_R2", "HRMS": " ", "LATITUD": 2.9891930000000571, "LONGITUD": -75.266775, "ALTURA": 507.6192, "NORTE": 1888575.87632, "ESTE": 4748140.6016199999, "IMAGEN_1": "C002_IMG_20260422_111548.jpg", "IMAGEN_2": "C002_IMG_20260422_111553.jpg", "IMAGEN_3": "C002_IMG_20260422_111558.jpg", "VISUALIZAR_IMAGEN_1": "https:\/\/drive.google.com\/uc?export=view&id=1cRx4vSEfiiEd_IetslcXsHCPVpiCaJ7V", "VISUALIZAR_IMAGEN_2": "https:\/\/drive.google.com\/uc?export=view&id=1TFcJF2ZCQxDTUUsoDsOyTYs2RTkEvNTZ", "VISUALIZAR_IMAGEN_3": "https:\/\/drive.google.com\/uc?export=view&id=1VQpVoRPf5vKO_4KHDomM-P_arR0POHr-", "FUENTE": "IEDDV" }, "geometry": { "type": "Point", "coordinates": [ -75.266775, 2.989193, 507.619200000001001 ] } },
{ "type": "Feature", "properties": { "OBJECTID": 17, "FECHA": "28\/04\/2026 00:00:00 (UTC)", "DEPTO": "TOLIMA", "MUNICIPIO": "NATAGAIMA", "VEREDA": "PUEBLO NUEVO", "GASODUCTO": "CENTRO - ORIENTE", "TRAMO": "Guasimal - Dina", "TP_DUCTO": "Troncal", "DISTRITO": "2", "DIAMETRO": "12\"", "TRM_REG": "GUALANDAY - NEIVA", "ZONA": "2", "PK": "518+773", "PK_PAT": "518772", "ID_EVENTO": " ", "TP_EVENTO": "SOCAVACIÓN LATERAL", "LONG_EVENT": 5.0, "PRIORIDAD": "Alto", "AMENAZA": "Alto", "ESTADO_EG": " ", "FX2": "20230919_FX2_C02_COR_GUAS-DINA_PK518+772_VA", "OBSERVACION_GEOTECNISTA": "", "OBSERVACIO": "Se cambia respecto a linea base de tipo de evento carcavas a socavación lateral. Se observa socavación en el costado derecho del cruce subfluvial producto de la erosión provocada por el flujo de agua de escorrentía del terreno circundante. Los gaviones se encuentran estables pero se sugieren obras para estabilizar las laderas.", "PROFUNDIDA": 0.8, "COD_ID": "EVEN-7", "ENTREGA": "E12_R2", "HRMS": " ", "LATITUD": 3.444021, "LONGITUD": -75.169807, "ALTURA": 377.1339, "NORTE": 1938843.8078399999, "ESTE": 4759026.8208699999, "IMAGEN_1": "C001_IMG_20260428_091733.jpg", "IMAGEN_2": "C001_IMG_20260428_091743.jpg", "IMAGEN_3": "C001_IMG_20260428_091754.jpg", "VISUALIZAR_IMAGEN_1": "https:\/\/drive.google.com\/uc?export=view&id=1F0Zi2AiDXvJ4ia6uPkjOomdcKWI8t-r_", "VISUALIZAR_IMAGEN_2": "https:\/\/drive.google.com\/uc?export=view&id=1aBFmZrgn0zZmjiJx33KUMwDRhJn5upwF", "VISUALIZAR_IMAGEN_3": "https:\/\/drive.google.com\/uc?export=view&id=15cbOACa9IbA07zV_d4RxhiK7k6zvwGjU", "FUENTE": "IEDDV" }, "geometry": { "type": "Point", "coordinates": [ -75.169807, 3.444021, 377.133900000000722 ] } },
{ "type": "Feature", "properties": { "OBJECTID": 18, "FECHA": "30\/04\/2026 00:00:00 (UTC)", "DEPTO": "HUILA", "MUNICIPIO": "AIPE", "VEREDA": "RIO AIPE", "GASODUCTO": "CENTRO - ORIENTE", "TRAMO": "Guasimal - Dina", "TP_DUCTO": "Troncal", "DISTRITO": "2", "DIAMETRO": "12\"", "TRM_REG": "GUALANDAY - NEIVA", "ZONA": "2", "PK": "538+381", "PK_PAT": "538458", "ID_EVENTO": " ", "TP_EVENTO": "OTRO", "LONG_EVENT": 0.0, "PRIORIDAD": "Bajo", "AMENAZA": "Bajo", "ESTADO_EG": " ", "FX2": "20211104_FX2_C02_COR_GUAS-DINA_PK535+194_VA", "OBSERVACION_GEOTECNISTA": "", "OBSERVACIO": "No se evidencia evento de geotecnia", "PROFUNDIDA": 1.88, "COD_ID": "EVEN-8", "ENTREGA": "E12_R2", "HRMS": " ", "LATITUD": 3.2965620000000513, "LONGITUD": -75.246013, "ALTURA": 381.67200000000594, "NORTE": 1922558.20255, "ESTE": 4750521.7216600003, "IMAGEN_1": "C001_IMG_20260430_083237.jpg", "IMAGEN_2": "C001_IMG_20260430_083245.jpg", "IMAGEN_3": "C001_IMG_20260430_083259.jpg", "VISUALIZAR_IMAGEN_1": "https:\/\/drive.google.com\/uc?export=view&id=1_YQ1IieyhDQiLc-aprPYY5oob0Dk6mCH", "VISUALIZAR_IMAGEN_2": "https:\/\/drive.google.com\/uc?export=view&id=180iNmaqIQ-8SPSrSeEKt5EArMdoJjNFo", "VISUALIZAR_IMAGEN_3": "https:\/\/drive.google.com\/uc?export=view&id=1erTXuJv4buU88L5k3g5a68dEs0b-LDDo", "FUENTE": "IEDDV" }, "geometry": { "type": "Point", "coordinates": [ -75.246013, 3.296562, 381.672000000005937 ] } },
{ "type": "Feature", "properties": { "OBJECTID": 19, "FECHA": "29\/04\/2026 00:00:00 (UTC)", "DEPTO": "HUILA", "MUNICIPIO": "AIPE", "VEREDA": "PATA", "GASODUCTO": "CENTRO - ORIENTE", "TRAMO": "Guasimal - Dina", "TP_DUCTO": "Troncal", "DISTRITO": "2", "DIAMETRO": "12\"", "TRM_REG": "GUALANDAY - NEIVA", "ZONA": "2", "PK": "528+927", "PK_PAT": "528928", "ID_EVENTO": " ", "TP_EVENTO": "CARCAVAS", "LONG_EVENT": 40.0, "PRIORIDAD": "Alto", "AMENAZA": "Extremo", "ESTADO_EG": " ", "FX2": "20250515_FX2_C02_COR_GUAS-DINA_PK528+928_VB", "OBSERVACION_GEOTECNISTA": "", "OBSERVACIO": "Se evidencia erosión sobre el terreno por flujo de agua de escorrentía lo que ha generado carcavas sobre el DDV, las cuales socavaron la tuberia al punto de dejarla expuesta al entorno. Se requieren obras de protección y mitigación.", "PROFUNDIDA": 0.0, "COD_ID": "EVEN-9", "ENTREGA": "E12_R2", "HRMS": " ", "LATITUD": 3.366787, "LONGITUD": -75.208072, "ALTURA": 387.8297, "NORTE": 1930313.6680699999, "ESTE": 4754755.5636799997, "IMAGEN_1": "C001_IMG_20260429_101551.jpg", "IMAGEN_2": "C001_IMG_20260429_101556.jpg", "IMAGEN_3": "C001_IMG_20260429_101610.jpg", "VISUALIZAR_IMAGEN_1": "https:\/\/drive.google.com\/uc?export=view&id=1DpI7dR2NmszkYcVOci4QJ4Lm1ae3TprK", "VISUALIZAR_IMAGEN_2": "https:\/\/drive.google.com\/uc?export=view&id=1J2oYbvoJcuaQZjappab3OkpXuK0CXISi", "VISUALIZAR_IMAGEN_3": "https:\/\/drive.google.com\/uc?export=view&id=1P0ftlZrJulfY7DX3pv_Iy4dyGLTOchx8", "FUENTE": "IEDDV" }, "geometry": { "type": "Point", "coordinates": [ -75.208072, 3.366787, 387.829700000002049 ] } },
{ "type": "Feature", "properties": { "OBJECTID": 20, "FECHA": "18\/04\/2026 00:00:00 (UTC)", "DEPTO": "HUILA", "MUNICIPIO": "AIPE", "VEREDA": "DINDAL", "GASODUCTO": "CENTRO - ORIENTE", "TRAMO": "Guasimal - Dina", "TP_DUCTO": "Troncal", "DISTRITO": "2", "DIAMETRO": "12\"", "TRM_REG": "GUALANDAY - NEIVA", "ZONA": "2", "PK": "556+217", "PK_PAT": "556220", "ID_EVENTO": "", "TP_EVENTO": "SOCAVACIÓN DE FONDO", "LONG_EVENT": 4.0, "PRIORIDAD": "Alto", "AMENAZA": "Alto", "ESTADO_EG": "", "FX2": "20220118_FX2_C02_COR_GUAS-DINA_PK556+220_VA", "OBSERVACION_GEOTECNISTA": "", "OBSERVACIO": "Socavación de fondo y tramo de tubería expuesta.", "PROFUNDIDA": 0.0, "COD_ID": "EVEN-10", "ENTREGA": "E12_R2", "HRMS": "", "LATITUD": 3.148335, "LONGITUD": -75.278798, "ALTURA": 392.37330000000657, "NORTE": 1906176.01238, "ESTE": 4746841.5212399997, "IMAGEN_1": "C002_IMG_20260418_094526.jpg", "IMAGEN_2": "C002_IMG_20260418_094531.jpg", "IMAGEN_3": "C002_IMG_20260418_094535.jpg", "VISUALIZAR_IMAGEN_1": "https:\/\/drive.google.com\/uc?export=view&id=1O7h7m1TYO_W8rpLzzgSvXxO7C3sNnPyh", "VISUALIZAR_IMAGEN_2": "https:\/\/drive.google.com\/uc?export=view&id=1yOz5ND5DGS7gUNF9Lld-V1An-xiVlxvn", "VISUALIZAR_IMAGEN_3": "https:\/\/drive.google.com\/uc?export=view&id=1GnrLnf9425z2-U8_4c6Ze1cqcEGyC5vs", "FUENTE": "IEDDV" }, "geometry": { "type": "Point", "coordinates": [ -75.278798, 3.148335, 392.373300000006566 ] } },
{ "type": "Feature", "properties": { "OBJECTID": 21, "FECHA": "26\/03\/2026 00:00:00 (UTC)", "DEPTO": "VALLE DEL CAUCA", "MUNICIPIO": "SAN PEDRO", "VEREDA": "LOS CHANCOS", "GASODUCTO": "MARIQUITA - CALI", "TRAMO": "Tulua - Cali", "TP_DUCTO": "Troncal", "DISTRITO": "8", "DIAMETRO": "20\"", "TRM_REG": "ARMENIA - CALI", "ZONA": "2", "PK": "273317", "PK_PAT": "273317", "ID_EVENTO": "", "TP_EVENTO": "OTRO", "LONG_EVENT": 9.0, "PRIORIDAD": "Medio", "AMENAZA": "Medio", "ESTADO_EG": "Antiguo", "FX2": "20211014_FX2_C08_MC_TULUA-CAL_PK273+250_VA", "OBSERVACION_GEOTECNISTA": "", "OBSERVACIO": "0", "PROFUNDIDA": 2.7, "COD_ID": "EG-373", "ENTREGA": "E10_R2", "HRMS": " ", "LATITUD": 4.0349130000000741, "LONGITUD": -76.2296, "ALTURA": 0.0, "NORTE": 2004569.1704500001, "ESTE": 4641465.3536499999, "IMAGEN_1": "C002_IMG_20260326_085934.jpg", "IMAGEN_2": "C002_IMG_20260326_085948.jpg", "IMAGEN_3": "C002_IMG_20260326_085955.jpg", "VISUALIZAR_IMAGEN_1": "https:\/\/drive.google.com\/uc?export=view&id=1FIqsJQj1IAaMzo6dbVWu2linWjkcgZzy", "VISUALIZAR_IMAGEN_2": "https:\/\/drive.google.com\/uc?export=view&id=1NRPMVOTtjIJ742PGJwqQq29VsnyJndeF", "VISUALIZAR_IMAGEN_3": "https:\/\/drive.google.com\/uc?export=view&id=1ApJPQ-0nsKY-PBA7BHnceLfMREOpEOvt", "FUENTE": "IEDDV" }, "geometry": { "type": "Point", "coordinates": [ -76.2296, 4.034913, 0.0 ] } },
{ "type": "Feature", "properties": { "OBJECTID": 22, "FECHA": "4\/05\/2026 00:00:00 (UTC)", "DEPTO": "CASANARE", "MUNICIPIO": "MONTERREY", "VEREDA": "TIERRA GRATA", "GASODUCTO": "CUSIANA - APIAY - USME", "TRAMO": "Cusiana - PK65", "TP_DUCTO": "Troncal", "DISTRITO": "4", "DIAMETRO": "12\"", "TRM_REG": "CUSIANA - APIAY", "ZONA": "3", "PK": "028+094", "PK_PAT": "28093", "ID_EVENTO": " ", "TP_EVENTO": "SOCAVACIÓN DE FONDO", "LONG_EVENT": 1.0, "PRIORIDAD": "Medio", "AMENAZA": "Medio", "ESTADO_EG": " ", "FX2": "20240223_FX2_C04_CAU_CUS-PK65_PK028+093_VB", "OBSERVACION_GEOTECNISTA": null, "OBSERVACIO": " ", "PROFUNDIDA": 1.87, "COD_ID": " ", "ENTREGA": "E13_R2", "HRMS": " ", "LATITUD": 4.895763, "LONGITUD": -72.898983, "ALTURA": 444.2252, "NORTE": 2098975.9460399998, "ESTE": 5011195.4496499998, "IMAGEN_1": "C002_IMG_20260504_073946.jpg", "IMAGEN_2": "C002_IMG_20260504_073951.jpg", "IMAGEN_3": "C002_IMG_20260504_073956.jpg", "VISUALIZAR_IMAGEN_1": "https:\/\/drive.google.com\/uc?export=view&id=1YoUHsQinLN6xbS0hXSK1FmI0kvhL7mJB", "VISUALIZAR_IMAGEN_2": "https:\/\/drive.google.com\/uc?export=view&id=1QZ--Omirtg5f4axZGDfiio2vUfFXEwaL", "VISUALIZAR_IMAGEN_3": "https:\/\/drive.google.com\/uc?export=view&id=1B5igC7YE7z4hGlpYCO_zlKogGHUMq6Gd", "FUENTE": "IEDDV" }, "geometry": { "type": "Point", "coordinates": [ -72.898983, 4.895763, 444.225200000000768 ] } },
{ "type": "Feature", "properties": { "OBJECTID": 23, "FECHA": "28\/04\/2026 00:00:00 (UTC)", "DEPTO": "CASANARE", "MUNICIPIO": "MONTERREY", "VEREDA": "IGUARO", "GASODUCTO": "CUSIANA - APIAY - USME", "TRAMO": "Cusiana - PK65", "TP_DUCTO": "Troncal", "DISTRITO": "4", "DIAMETRO": "12\"", "TRM_REG": "CUSIANA - APIAY", "ZONA": "3", "PK": "037+945", "PK_PAT": "37944", "ID_EVENTO": " ", "TP_EVENTO": "SOCAVACIÓN DE FONDO", "LONG_EVENT": 4.0, "PRIORIDAD": "Alto", "AMENAZA": "Alto", "ESTADO_EG": " ", "FX2": "20230111_FX2_C06_CAU_CUS-PK65_PK038+092_VA", "OBSERVACION_GEOTECNISTA": null, "OBSERVACIO": " ", "PROFUNDIDA": 0.3, "COD_ID": " ", "ENTREGA": "E13_R2", "HRMS": " ", "LATITUD": 4.821849, "LONGITUD": -72.950729, "ALTURA": 371.7344, "NORTE": 2090808.26416, "ESTE": 5005461.1686699996, "IMAGEN_1": "C002_IMG_20260428_083700.jpg", "IMAGEN_2": "C002_IMG_20260428_083708.jpg", "IMAGEN_3": "C002_IMG_20260428_083715.jpg", "VISUALIZAR_IMAGEN_1": "https:\/\/drive.google.com\/uc?export=view&id=1Blw-P6Lzubxn6pmdQwH2pKbZ329WXghE", "VISUALIZAR_IMAGEN_2": "https:\/\/drive.google.com\/uc?export=view&id=1NRLZcDpvfNrAIuhh1IoK8iSwL14jIt7G", "VISUALIZAR_IMAGEN_3": "https:\/\/drive.google.com\/uc?export=view&id=1uuQPnzPRrGpQtFL-oVXWdqTiT2lxoX_j", "FUENTE": "IEDDV" }, "geometry": { "type": "Point", "coordinates": [ -72.950729, 4.821849, 371.734400000001187 ] } },
{ "type": "Feature", "properties": { "OBJECTID": 24, "FECHA": "30\/04\/2026 00:00:00 (UTC)", "DEPTO": "CASANARE", "MUNICIPIO": "SABANALARGA", "VEREDA": "BOTIJERA ALTA", "GASODUCTO": "CUSIANA - APIAY - USME", "TRAMO": "Cusiana - PK65", "TP_DUCTO": "Troncal", "DISTRITO": "4", "DIAMETRO": "12\"", "TRM_REG": "CUSIANA - APIAY", "ZONA": "3", "PK": "044+814", "PK_PAT": "44944", "ID_EVENTO": " ", "TP_EVENTO": "SOCAVACIÓN DE FONDO", "LONG_EVENT": 6.0, "PRIORIDAD": "Alto", "AMENAZA": "Extremo", "ESTADO_EG": " ", "FX2": "CAU_FTG_CUSIANA_TRAMPA_PK65_PK044+944 (PK044+950) VERS.2", "OBSERVACION_GEOTECNISTA": null, "OBSERVACIO": " ", "PROFUNDIDA": 0.0, "COD_ID": " ", "ENTREGA": "E13_R2", "HRMS": " ", "LATITUD": 4.780876, "LONGITUD": -72.994694, "ALTURA": 323.06849999999395, "NORTE": 2086280.8152000001, "ESTE": 5000588.1489399998, "IMAGEN_1": "C002_IMG_20260430_072608.jpg", "IMAGEN_2": "C002_IMG_20260430_072612.jpg", "IMAGEN_3": "C002_IMG_20260430_072617.jpg", "VISUALIZAR_IMAGEN_1": "https:\/\/drive.google.com\/uc?export=view&id=1k828I320Nn78Uq0AsXl7supvxdLnxSKc", "VISUALIZAR_IMAGEN_2": "https:\/\/drive.google.com\/uc?export=view&id=1GnTUxFPScpORqaGSECUljeKMTdFpfTVZ", "VISUALIZAR_IMAGEN_3": "https:\/\/drive.google.com\/uc?export=view&id=1A2BWDvLrUoxcSiz0myWo2R0itUOHlQGe", "FUENTE": "IEDDV" }, "geometry": { "type": "Point", "coordinates": [ -72.994694, 4.780876, 323.068499999993946 ] } },
{ "type": "Feature", "properties": { "OBJECTID": 25, "FECHA": "30\/04\/2026 00:00:00 (UTC)", "DEPTO": "CASANARE", "MUNICIPIO": "SABANALARGA", "VEREDA": "BOTIJERA ALTA", "GASODUCTO": "CUSIANA - APIAY - USME", "TRAMO": "Cusiana - PK65", "TP_DUCTO": "Troncal", "DISTRITO": "4", "DIAMETRO": "12\"", "TRM_REG": "CUSIANA - APIAY", "ZONA": "3", "PK": "046+197", "PK_PAT": "46194", "ID_EVENTO": " ", "TP_EVENTO": "SOCAVACIÓN DE FONDO", "LONG_EVENT": 3.0, "PRIORIDAD": "Alto", "AMENAZA": "Extremo", "ESTADO_EG": " ", "FX2": "20230111_FX2_C06_CAU_CUS-PK65_PK046+194_VB", "OBSERVACION_GEOTECNISTA": null, "OBSERVACIO": " ", "PROFUNDIDA": 0.0, "COD_ID": " ", "ENTREGA": "E13_R2", "HRMS": " ", "LATITUD": 4.770788, "LONGITUD": -73.001581, "ALTURA": 327.238, "NORTE": 2085166.15463, "ESTE": 4999824.7498899996, "IMAGEN_1": "C002_IMG_20260430_080954.jpg", "IMAGEN_2": "C002_IMG_20260430_081003.jpg", "IMAGEN_3": "C002_IMG_20260430_081010.jpg", "VISUALIZAR_IMAGEN_1": "https:\/\/drive.google.com\/uc?export=view&id=1USjEnaPqrLkL2nCiNhv1VmzeJYrM87Lm", "VISUALIZAR_IMAGEN_2": "https:\/\/drive.google.com\/uc?export=view&id=1Rv5861gSSxs7t4ENXVAiQ4GU3y76xw9X", "VISUALIZAR_IMAGEN_3": "https:\/\/drive.google.com\/uc?export=view&id=1su7JmqhhdwMVDDPyfwkcmH2xzVLxg3Mp", "FUENTE": "IEDDV" }, "geometry": { "type": "Point", "coordinates": [ -73.001581, 4.770788, 327.237999999997555 ] } },
{ "type": "Feature", "properties": { "OBJECTID": 26, "FECHA": "30\/04\/2026 00:00:00 (UTC)", "DEPTO": "CASANARE", "MUNICIPIO": "SABANALARGA", "VEREDA": "BOTIJERA ALTA", "GASODUCTO": "CUSIANA - APIAY - USME", "TRAMO": "Cusiana - PK65", "TP_DUCTO": "Troncal", "DISTRITO": "4", "DIAMETRO": "12\"", "TRM_REG": "CUSIANA - APIAY", "ZONA": "3", "PK": "047+203", "PK_PAT": "47200", "ID_EVENTO": " ", "TP_EVENTO": "SOCAVACIÓN DE FONDO", "LONG_EVENT": 1.0, "PRIORIDAD": "Alto", "AMENAZA": "Extremo", "ESTADO_EG": " ", "FX2": "20230111_FX2_C06_CAU_CUS-PK65_PK047+200_VA", "OBSERVACION_GEOTECNISTA": null, "OBSERVACIO": " ", "PROFUNDIDA": 0.7, "COD_ID": " ", "ENTREGA": "E13_R2", "HRMS": " ", "LATITUD": 4.762971, "LONGITUD": -73.002968, "ALTURA": 330.435, "NORTE": 2084302.4276099999, "ESTE": 4999671.0005099997, "IMAGEN_1": "C002_IMG_20260430_084920.jpg", "IMAGEN_2": "C002_IMG_20260430_084925.jpg", "IMAGEN_3": "C002_IMG_20260430_084932.jpg", "VISUALIZAR_IMAGEN_1": "https:\/\/drive.google.com\/uc?export=view&id=1SLTSZjWfG00FGOCIQH-mJo_oCEuHoNOY", "VISUALIZAR_IMAGEN_2": "https:\/\/drive.google.com\/uc?export=view&id=1T8gTn-p3uRwS7AgWgYmKhq9FAz-pUjHl", "VISUALIZAR_IMAGEN_3": "https:\/\/drive.google.com\/uc?export=view&id=11JTyHlfp3w7A-kOULHxkPA0zQ1c0idhC", "FUENTE": "IEDDV" }, "geometry": { "type": "Point", "coordinates": [ -73.002968, 4.762971, 330.434999999997672 ] } },
{ "type": "Feature", "properties": { "OBJECTID": 27, "FECHA": "30\/04\/2026 00:00:00 (UTC)", "DEPTO": "CASANARE", "MUNICIPIO": "SABANALARGA", "VEREDA": "NUEVA ZELANDIA", "GASODUCTO": "CUSIANA - APIAY - USME", "TRAMO": "Cusiana - PK65", "TP_DUCTO": "Troncal", "DISTRITO": "4", "DIAMETRO": "12\"", "TRM_REG": "CUSIANA - APIAY", "ZONA": "3", "PK": "050+742", "PK_PAT": "50746", "ID_EVENTO": " ", "TP_EVENTO": "SOCAVACIÓN DE FONDO", "LONG_EVENT": 0.0, "PRIORIDAD": "Bajo", "AMENAZA": "Bajo", "ESTADO_EG": " ", "FX2": "20230201_FX2_C04_CAU_CUS-PK65_PK50+746_VA", "OBSERVACION_GEOTECNISTA": null, "OBSERVACIO": " ", "PROFUNDIDA": 1.3, "COD_ID": " ", "ENTREGA": "E13_R2", "HRMS": " ", "LATITUD": 4.732426, "LONGITUD": -73.008702, "ALTURA": 361.9152, "NORTE": 2080927.4115200001, "ESTE": 4999035.3505800003, "IMAGEN_1": "C002_IMG_20260430_111218.jpg", "IMAGEN_2": "C002_IMG_20260430_111227.jpg", "IMAGEN_3": "C002_IMG_20260430_111233.jpg", "VISUALIZAR_IMAGEN_1": "https:\/\/drive.google.com\/uc?export=view&id=1655-Q3mluws7hZWsv5irwYng9B8xbwUn", "VISUALIZAR_IMAGEN_2": "https:\/\/drive.google.com\/uc?export=view&id=1unuVE4cY2fSrOSda7UPP0GQahUZmaBDN", "VISUALIZAR_IMAGEN_3": "https:\/\/drive.google.com\/uc?export=view&id=1S7jokaD6F3q2t4OubWDeMOnVeR4Cxvri", "FUENTE": "IEDDV" }, "geometry": { "type": "Point", "coordinates": [ -73.008702, 4.732426, 361.915200000003097 ] } },
{ "type": "Feature", "properties": { "OBJECTID": 28, "FECHA": "30\/04\/2026 00:00:00 (UTC)", "DEPTO": "CASANARE", "MUNICIPIO": "SABANALARGA", "VEREDA": "NUEVA ZELANDIA", "GASODUCTO": "CUSIANA - APIAY - USME", "TRAMO": "Cusiana - PK65", "TP_DUCTO": "Troncal", "DISTRITO": "4", "DIAMETRO": "12\"", "TRM_REG": "CUSIANA - APIAY", "ZONA": "3", "PK": "051+855", "PK_PAT": "51857", "ID_EVENTO": " ", "TP_EVENTO": "SOCAVACIÓN DE FONDO", "LONG_EVENT": 2.0, "PRIORIDAD": "Alto", "AMENAZA": "Extremo", "ESTADO_EG": " ", "FX2": "20230201_FX2_C04_CAU_CUS-PK65_PK51+857_VB", "OBSERVACION_GEOTECNISTA": null, "OBSERVACIO": " ", "PROFUNDIDA": 0.0, "COD_ID": " ", "ENTREGA": "E13_R2", "HRMS": " ", "LATITUD": 4.723324, "LONGITUD": -73.012512, "ALTURA": 355.7607, "NORTE": 2079921.70744, "ESTE": 4998612.9796399996, "IMAGEN_1": "C002_IMG_20260430_115518.jpg", "IMAGEN_2": "C002_IMG_20260430_115523.jpg", "IMAGEN_3": "C002_IMG_20260430_115527.jpg", "VISUALIZAR_IMAGEN_1": "https:\/\/drive.google.com\/uc?export=view&id=1IqsqPbnyW9TZgvq-AWLnYZdklKYMd4Pn", "VISUALIZAR_IMAGEN_2": "https:\/\/drive.google.com\/uc?export=view&id=1ePQw50wS0htix-NStjOrk2plzdhGbHM4", "VISUALIZAR_IMAGEN_3": "https:\/\/drive.google.com\/uc?export=view&id=1RPXyUhUUfC8neh1nh9O0HxrL-prr-kX6", "FUENTE": "IEDDV" }, "geometry": { "type": "Point", "coordinates": [ -73.012512, 4.723324, 355.760699999998906 ] } },
{ "type": "Feature", "properties": { "OBJECTID": 29, "FECHA": "1\/05\/2026 00:00:00 (UTC)", "DEPTO": "CASANARE", "MUNICIPIO": "SABANALARGA", "VEREDA": "NUEVA ZELANDIA", "GASODUCTO": "CUSIANA - APIAY - USME", "TRAMO": "Cusiana - PK65", "TP_DUCTO": "Troncal", "DISTRITO": "4", "DIAMETRO": "12\"", "TRM_REG": "CUSIANA - APIAY", "ZONA": "3", "PK": "054+418", "PK_PAT": "54420", "ID_EVENTO": " ", "TP_EVENTO": "SOCAVACIÓN DE FONDO", "LONG_EVENT": 2.0, "PRIORIDAD": "Medio", "AMENAZA": "Medio", "ESTADO_EG": " ", "FX2": "20230201_FX2_C04_CAU_CUS-PK65_PK54+420_VA", "OBSERVACION_GEOTECNISTA": null, "OBSERVACIO": " ", "PROFUNDIDA": 1.3, "COD_ID": " ", "ENTREGA": "E13_R2", "HRMS": " ", "LATITUD": 4.702471, "LONGITUD": -73.024083, "ALTURA": 341.94869999999355, "NORTE": 2077617.6240399999, "ESTE": 4997330.1944000004, "IMAGEN_1": "C002_IMG_20260501_080753.jpg", "IMAGEN_2": "C002_IMG_20260501_080758.jpg", "IMAGEN_3": "C002_IMG_20260501_080805.jpg", "VISUALIZAR_IMAGEN_1": "https:\/\/drive.google.com\/uc?export=view&id=1eXvWc07Nl6Y2LqjWhn9xEUMDzFRbIhuc", "VISUALIZAR_IMAGEN_2": "https:\/\/drive.google.com\/uc?export=view&id=1PogHNkSDF6OGM5OpFtuohWuVk8ybysKK", "VISUALIZAR_IMAGEN_3": "https:\/\/drive.google.com\/uc?export=view&id=1Ap7Tf-EWVS0JQychmjXj9RlaO40dWifZ", "FUENTE": "IEDDV" }, "geometry": { "type": "Point", "coordinates": [ -73.024083, 4.702471, 341.948699999993551 ] } },
{ "type": "Feature", "properties": { "OBJECTID": 30, "FECHA": "3\/05\/2026 00:00:00 (UTC)", "DEPTO": "META", "MUNICIPIO": "BARRANCA DE UPÍA", "VEREDA": "ALIANZA", "GASODUCTO": "CUSIANA - APIAY - USME", "TRAMO": "Cusiana - PK65", "TP_DUCTO": "Troncal", "DISTRITO": "4", "DIAMETRO": "12\"", "TRM_REG": "CUSIANA - APIAY", "ZONA": "3", "PK": "062+904", "PK_PAT": "62903", "ID_EVENTO": " ", "TP_EVENTO": "SOCAVACIÓN LATERAL", "LONG_EVENT": 8.0, "PRIORIDAD": "Bajo", "AMENAZA": "Bajo", "ESTADO_EG": " ", "FX2": "20230914_FX2_C04_CAU_CUS-PK65_PK062+903_VB", "OBSERVACION_GEOTECNISTA": null, "OBSERVACIO": " ", "PROFUNDIDA": 1.5, "COD_ID": " ", "ENTREGA": "E13_R2", "HRMS": " ", "LATITUD": 4.641559, "LONGITUD": -73.046024, "ALTURA": 296.0849, "NORTE": 2070887.3834599999, "ESTE": 4994897.40699, "IMAGEN_1": "C002_IMG_20260503_093134.jpg", "IMAGEN_2": "C002_IMG_20260503_093140.jpg", "IMAGEN_3": "C002_IMG_20260503_093150.jpg", "VISUALIZAR_IMAGEN_1": "https:\/\/drive.google.com\/uc?export=view&id=1g2ZBSamhM756u0azy93_eBevl-_iHjIj", "VISUALIZAR_IMAGEN_2": "https:\/\/drive.google.com\/uc?export=view&id=1ZEMXq5PbgMmBL__NxWCTmXSVRH5b5DG0", "VISUALIZAR_IMAGEN_3": "https:\/\/drive.google.com\/uc?export=view&id=1F5FWG2eAkZDxSyGZqGATuofQ4fxNUEfP", "FUENTE": "IEDDV" }, "geometry": { "type": "Point", "coordinates": [ -73.046024, 4.641559, 296.084900000001653 ] } },
{ "type": "Feature", "properties": { "OBJECTID": 31, "FECHA": "27\/04\/2026 00:00:00 (UTC)", "DEPTO": "CASANARE", "MUNICIPIO": "MONTERREY", "VEREDA": "TIERRA GRATA", "GASODUCTO": "CUSIANA - APIAY - USME", "TRAMO": "Cusiana - PK65", "TP_DUCTO": "Troncal", "DISTRITO": "4", "DIAMETRO": "12\"", "TRM_REG": "CUSIANA - APIAY", "ZONA": "3", "PK": "032+151", "PK_PAT": "32153", "ID_EVENTO": " ", "TP_EVENTO": "SOCAVACIÓN LATERAL", "LONG_EVENT": 0.0, "PRIORIDAD": "Bajo", "AMENAZA": "Bajo", "ESTADO_EG": " ", "FX2": "20240222_FX2_C05_CAU_CUS-PK65_PK032+153_VB", "OBSERVACION_GEOTECNISTA": null, "OBSERVACIO": " ", "PROFUNDIDA": 1.5, "COD_ID": " ", "ENTREGA": "E13_R2", "HRMS": " ", "LATITUD": 4.865047, "LONGITUD": -72.920747, "ALTURA": 408.0, "NORTE": 2095581.68998, "ESTE": 5008783.8001699997, "IMAGEN_1": "C002_IMG_20260427_090427.jpg", "IMAGEN_2": "C002_IMG_20260427_090448.jpg", "IMAGEN_3": "C002_IMG_20260427_090455.jpg", "VISUALIZAR_IMAGEN_1": "https:\/\/drive.google.com\/uc?export=view&id=1iD4MBDLSJ-utERcI50hHUu1uUibF7NLU", "VISUALIZAR_IMAGEN_2": "https:\/\/drive.google.com\/uc?export=view&id=1jB54wLfJCJNSomvdCwjWJaaeQ9d5iLIB", "VISUALIZAR_IMAGEN_3": "https:\/\/drive.google.com\/uc?export=view&id=1TVnjFMen2I8AyB61tf8V5ZqX0xlFXRfH", "FUENTE": "IEDDV" }, "geometry": { "type": "Point", "coordinates": [ -72.920747, 4.865047, 408.0 ] } },
{ "type": "Feature", "properties": { "OBJECTID": 32, "FECHA": "3\/05\/2026 00:00:00 (UTC)", "DEPTO": "META", "MUNICIPIO": "BARRANCA DE UPÍA", "VEREDA": "CARUTAL", "GASODUCTO": "CUSIANA - APIAY - USME", "TRAMO": "Cusiana - PK65", "TP_DUCTO": "Troncal", "DISTRITO": "4", "DIAMETRO": "12\"", "TRM_REG": "CUSIANA - APIAY", "ZONA": "3", "PK": "058+192", "PK_PAT": "58190", "ID_EVENTO": " ", "TP_EVENTO": "REPTACION", "LONG_EVENT": 0.0, "PRIORIDAD": "Alto", "AMENAZA": "Alto", "ESTADO_EG": " ", "FX2": "20220817_FX2_C04_CAU_CUS-PK65_PK058+515_VC", "OBSERVACION_GEOTECNISTA": null, "OBSERVACIO": " ", "PROFUNDIDA": 1.62, "COD_ID": " ", "ENTREGA": "E13_R2", "HRMS": " ", "LATITUD": 4.677036, "LONGITUD": -73.0465688, "ALTURA": 367.8425, "NORTE": 2074807.3537300001, "ESTE": 4994837.2648499999, "IMAGEN_1": "C002_IMG_20260503_125122.jpg", "IMAGEN_2": "C002_IMG_20260503_125126.jpg", "IMAGEN_3": "C002_IMG_20260503_125130.jpg", "VISUALIZAR_IMAGEN_1": "https:\/\/drive.google.com\/uc?export=view&id=1-xINP6RijfSvF8pciK9GSlJoizyokGRb", "VISUALIZAR_IMAGEN_2": "https:\/\/drive.google.com\/uc?export=view&id=1Go8EWzpLW4vaWCn7Y8kpiX_FUux2IFqa", "VISUALIZAR_IMAGEN_3": "https:\/\/drive.google.com\/uc?export=view&id=14ekEoemtf1J4j2egtqyb4Lq8a16b2EPA", "FUENTE": "IEDDV" }, "geometry": { "type": "Point", "coordinates": [ -73.046568799999989, 4.677036, 367.842499999998836 ] } },
{ "type": "Feature", "properties": { "OBJECTID": 33, "FECHA": "3\/05\/2026 00:00:00 (UTC)", "DEPTO": "META", "MUNICIPIO": "BARRANCA DE UPÍA", "VEREDA": "CARUTAL", "GASODUCTO": "CUSIANA - APIAY - USME", "TRAMO": "Cusiana - PK65", "TP_DUCTO": "Troncal", "DISTRITO": "4", "DIAMETRO": "12\"", "TRM_REG": "CUSIANA - APIAY", "ZONA": "3", "PK": "059+290", "PK_PAT": "59474", "ID_EVENTO": " ", "TP_EVENTO": "OTRO", "LONG_EVENT": 0.0, "PRIORIDAD": "Bajo", "AMENAZA": "Bajo", "ESTADO_EG": " ", "FX2": "20250506_FX2_C06_CAU_CUS-PK65_PK059+474_VA", "OBSERVACION_GEOTECNISTA": null, "OBSERVACIO": " ", "PROFUNDIDA": 2.6, "COD_ID": " ", "ENTREGA": "E13_R2", "HRMS": " ", "LATITUD": 4.669684, "LONGITUD": -73.051953, "ALTURA": 396.45759999999427, "NORTE": 2073995.04938, "ESTE": 4994240.2986300001, "IMAGEN_1": "C002_IMG_20260503_121454.jpg", "IMAGEN_2": "C002_IMG_20260503_121502.jpg", "IMAGEN_3": "C002_IMG_20260503_121506.jpg", "VISUALIZAR_IMAGEN_1": "https:\/\/drive.google.com\/uc?export=view&id=1PnQLfrgOrUv_9Bpc1Z9rvBsgs_fVhqV5", "VISUALIZAR_IMAGEN_2": "https:\/\/drive.google.com\/uc?export=view&id=1N_YzgxjwpFIbm9EkB4DjzxzMD9huPBlt", "VISUALIZAR_IMAGEN_3": "https:\/\/drive.google.com\/uc?export=view&id=1j-y8TL_hWXN4hFUtRL6mbw88vZ4bXoWT", "FUENTE": "IEDDV" }, "geometry": { "type": "Point", "coordinates": [ -73.051953, 4.669684, 396.457599999994272 ] } },
{ "type": "Feature", "properties": { "OBJECTID": 34, "FECHA": "30\/04\/2026 00:00:00 (UTC)", "DEPTO": "CASANARE", "MUNICIPIO": "SABANALARGA", "VEREDA": "BOTIJERA ALTA", "GASODUCTO": "CUSIANA - APIAY - USME", "TRAMO": "Cusiana - PK65", "TP_DUCTO": "Troncal", "DISTRITO": "4", "DIAMETRO": "12\"", "TRM_REG": "CUSIANA - APIAY", "ZONA": "3", "PK": "045+634", "PK_PAT": "45635", "ID_EVENTO": " ", "TP_EVENTO": "SOCAVACIÓN DE FONDO", "LONG_EVENT": 0.0, "PRIORIDAD": "( )", "AMENAZA": "Medio", "ESTADO_EG": " ", "FX2": "20250805_FX2_C06_CAU_CUS-PK65_PK045+635_VA", "OBSERVACION_GEOTECNISTA": null, "OBSERVACIO": " ", "PROFUNDIDA": 1.23, "COD_ID": " ", "ENTREGA": "E13_R2", "HRMS": " ", "LATITUD": 4.774378, "LONGITUD": -72.998252, "ALTURA": 322.1093, "NORTE": 2085562.82632, "ESTE": 5000193.7606499996, "IMAGEN_1": "C002_IMG_20260430_075442.jpg", "IMAGEN_2": "C002_IMG_20260430_075456.jpg", "IMAGEN_3": "C002_IMG_20260430_075500.jpg", "VISUALIZAR_IMAGEN_1": "https:\/\/drive.google.com\/uc?export=view&id=1PUrW4SAdKI3ipEFJRHIqWPvL1ZKdeQFN", "VISUALIZAR_IMAGEN_2": "https:\/\/drive.google.com\/uc?export=view&id=1yN6I_JdjBtg2LfWFAC52oVAm96-XpSfM", "VISUALIZAR_IMAGEN_3": "https:\/\/drive.google.com\/uc?export=view&id=1K_RlyrfI6UW6p170zVBVfeAeY2yKjs2k", "FUENTE": "IEDDV" }, "geometry": { "type": "Point", "coordinates": [ -72.998252, 4.774378, 322.109299999996438 ] } },
{ "type": "Feature", "properties": { "OBJECTID": 35, "FECHA": "30\/04\/2026 00:00:00 (UTC)", "DEPTO": "CASANARE", "MUNICIPIO": "SABANALARGA", "VEREDA": "BOTIJERA ALTA", "GASODUCTO": "CUSIANA - APIAY - USME", "TRAMO": "Cusiana - PK65", "TP_DUCTO": "Troncal", "DISTRITO": "4", "DIAMETRO": "12\"", "TRM_REG": "CUSIANA - APIAY", "ZONA": "3", "PK": "045+038", "PK_PAT": "45030", "ID_EVENTO": " ", "TP_EVENTO": "SOCAVACIÓN DE FONDO", "LONG_EVENT": 3.0, "PRIORIDAD": "( )", "AMENAZA": "Alto", "ESTADO_EG": " ", "FX2": "20250805_FX2_C06_CAU_CUS-PK65_PK045+030_VA", "OBSERVACION_GEOTECNISTA": null, "OBSERVACIO": " ", "PROFUNDIDA": 0.0, "COD_ID": " ", "ENTREGA": "E13_R2", "HRMS": " ", "LATITUD": 4.779031, "LONGITUD": -72.995542, "ALTURA": 325.2659, "NORTE": 2086076.95398, "ESTE": 5000494.1528399996, "IMAGEN_1": "C002_IMG_20260430_073652.jpg", "IMAGEN_2": "C002_IMG_20260430_073658.jpg", "IMAGEN_3": "C002_IMG_20260430_073702.jpg", "VISUALIZAR_IMAGEN_1": "https:\/\/drive.google.com\/uc?export=view&id=13h-bG9XUuozi8nR3oI8ppASrSqNj8UY0", "VISUALIZAR_IMAGEN_2": "https:\/\/drive.google.com\/uc?export=view&id=1pJ9xwM4-ZFpFx9P8Blo658myE37ijor6", "VISUALIZAR_IMAGEN_3": "https:\/\/drive.google.com\/uc?export=view&id=1qStWCCRX3awbPLyhADuyJH15Ps95MCs7", "FUENTE": "IEDDV" }, "geometry": { "type": "Point", "coordinates": [ -72.995542, 4.779031, 325.26589999999851 ] } },
{ "type": "Feature", "properties": { "OBJECTID": 36, "FECHA": "3\/05\/2026 00:00:00 (UTC)", "DEPTO": "META", "MUNICIPIO": "BARRANCA DE UPÍA", "VEREDA": "CARUTAL", "GASODUCTO": "CUSIANA - APIAY - USME", "TRAMO": "Cusiana - PK65", "TP_DUCTO": "Troncal", "DISTRITO": "4", "DIAMETRO": "12\"", "TRM_REG": "CUSIANA - APIAY", "ZONA": "3", "PK": "057+815", "PK_PAT": "57820", "ID_EVENTO": " ", "TP_EVENTO": "REPTACION", "LONG_EVENT": 0.0, "PRIORIDAD": "( )", "AMENAZA": "Alto", "ESTADO_EG": " ", "FX2": "20250708_FX2_C06_CAU_CUS-PK65_PK057+820_VA", "OBSERVACION_GEOTECNISTA": null, "OBSERVACIO": " ", "PROFUNDIDA": 1.9, "COD_ID": " ", "ENTREGA": "E13_R2", "HRMS": " ", "LATITUD": 4.678796, "LONGITUD": -73.043888, "ALTURA": 293.962, "NORTE": 2075001.80269, "ESTE": 4995134.4773300001, "IMAGEN_1": "C002_IMG_20260503_130534.jpg", "IMAGEN_2": "C002_IMG_20260503_130543.jpg", "IMAGEN_3": "C002_IMG_20260503_130549.jpg", "VISUALIZAR_IMAGEN_1": "https:\/\/drive.google.com\/uc?export=view&id=11AFwMhFJezfkJXv4ZaHobjh21viAdEz0", "VISUALIZAR_IMAGEN_2": "https:\/\/drive.google.com\/uc?export=view&id=1hycmj48fe-jhuSMmaLHZQTOe0__BI8zZ", "VISUALIZAR_IMAGEN_3": "https:\/\/drive.google.com\/uc?export=view&id=1c55qqm0sSPv-FOgEq37-vevgF0BRy7r3", "FUENTE": "IEDDV" }, "geometry": { "type": "Point", "coordinates": [ -73.043888, 4.678796, 293.961999999999534 ] } }
]
}
