{
"type": "FeatureCollection",
"name": "CRUCE_AEREO",
"crs": { "type": "name", "properties": { "name": "urn:ogc:def:crs:OGC:1.3:CRS84" } },
"features": [
{ "type": "Feature", "properties": { "FECHA": "10/01/2024 00:00:00 (UTC)", "DEPTO": "TOLIMA", "MPIO": "SAN SEBASTIÁN DE MARIQUITA", "VEREDA": "LAS LOMAS", "GASODUCTO": "MARIQUITA - CALI", "TRM_RML": "Mariquita - Letras", "TP_PK": "Inicio", "PK": "003+174", "TP_DUCTO": "Troncal", "DISTRITO": "7", "DIAMETRO": "20", "TRM_REG": "MARIQUITA - PEREIRA", "ZONA": "2", "SENAL_EX": "SI", "FORMA_ACCE": "Caminando", "TP_ACCESO": "Vía destapada", "EST_ACCESO": "Bueno", "TP_SECCION": "CRUCE DE CUERPO DE AGUA", "NOM_AGUA": "Río Sucio", "ANCHO_AGUA": 12.0, "TP_AGUA": "Secundaria", "UBIC_CRUCE": "Montaña", "CM_TORRENC": "NO", "CANALIZADO": "NO", "ALTERACION": "NO", "ZONA_INUND": "NO", "FORM_CAUCE": "Semirecto", "ESTABILID": "Estable", "TP_MARGEN": "Derecho", "TP_SOPORTE": "Marcos H con cables", "LUZ_SOPORT": 0.0, "EST_SOPORT": "Bueno", "EXIST_CABL": "SI", "EST_CABLE": "Bueno", "MACIZO_ANC": "SI", "EST_MACIZO": "Bueno", "ZONA_TRANS": " ", "TP_REVEST": "Poliken", "AREA_REVES": 0.0, "EST_REVEST": "Bueno", "DEFECT_REV": "N.A.", "DSC_EST_TB": "Bueno", "DEFECT_TUB": "N.A.", "EVENTO_GEO": "No", "OBSERVACIO": " ", "EXISTENTE": "SI", "PROFUNDIDA": 0.0, "LATITUD": 5.2229963590000352, "LONGITUD": -74.916230629999973, "ALTITUD": 694.9333, "IMAGEN_1": "C002_IMG_20240110_075428.jpg", "IMAGEN_2": "C002_IMG_20240110_075433.jpg", "IMAGEN_3": "C002_IMG_20240110_075438.jpg", "ID": "CCA-12", "ENTREGA": "E34_R3", "CREC_SUBIT": "SI", "DIR_TUB": "(PERPENDICULAR)" }, "geometry": { "type": "Point", "coordinates": [ -74.916230629999973, 5.222996359000035, 694.933300000004238 ] } },
{ "type": "Feature", "properties": { "FECHA": "11/01/2024 00:00:00 (UTC)", "DEPTO": "TOLIMA", "MPIO": "SAN SEBASTIÁN DE MARIQUITA", "VEREDA": "EL MERCADO", "GASODUCTO": "MARIQUITA - CALI", "TRM_RML": "Mariquita - Letras", "TP_PK": "Fin", "PK": "009+259", "TP_DUCTO": "Troncal", "DISTRITO": "7", "DIAMETRO": "20", "TRM_REG": "MARIQUITA - PEREIRA", "ZONA": "2", "SENAL_EX": "SI", "FORMA_ACCE": "Caminando", "TP_ACCESO": "Vía destapada", "EST_ACCESO": "Malo", "TP_SECCION": "CRUCE DE CUERPO DE AGUA", "NOM_AGUA": "Quebrada Honda", "ANCHO_AGUA": 10.0, "TP_AGUA": "Secundaria", "UBIC_CRUCE": "Montaña", "CM_TORRENC": "NO", "CANALIZADO": "NO", "ALTERACION": "NO", "ZONA_INUND": "NO", "FORM_CAUCE": "Semirecto", "ESTABILID": "Estable", "TP_MARGEN": "Derecho", "TP_SOPORTE": "Marcos H con cables", "LUZ_SOPORT": 270.0, "EST_SOPORT": "Bueno", "EXIST_CABL": "SI", "EST_CABLE": "Bueno", "MACIZO_ANC": "SI", "EST_MACIZO": "Bueno", "ZONA_TRANS": " ", "TP_REVEST": "Poliken", "AREA_REVES": 0.0, "EST_REVEST": "Bueno", "DEFECT_REV": "N.A.", "DSC_EST_TB": "Bueno", "DEFECT_TUB": "N.A.", "EVENTO_GEO": "No", "OBSERVACIO": " ", "EXISTENTE": "SI", "PROFUNDIDA": 0.0, "LATITUD": 5.2140178060000721, "LONGITUD": -74.961218969999948, "ALTITUD": 915.3667, "IMAGEN_1": "C002_IMG_20240111_094637.jpg", "IMAGEN_2": "C002_IMG_20240111_094437.jpg", "IMAGEN_3": "C002_IMG_20240111_094441.jpg", "ID": "CCA-13", "ENTREGA": "E34_R3", "CREC_SUBIT": "NO", "DIR_TUB": "(PERPENDICULAR)" }, "geometry": { "type": "Point", "coordinates": [ -74.961218969999948, 5.214017806000072, 915.366699999998673 ] } },
{ "type": "Feature", "properties": { "FECHA": "11/01/2024 00:00:00 (UTC)", "DEPTO": "TOLIMA", "MPIO": "SAN SEBASTIÁN DE MARIQUITA", "VEREDA": "EL MERCADO", "GASODUCTO": "MARIQUITA - CALI", "TRM_RML": "Mariquita - Letras", "TP_PK": "Inicio", "PK": "009+000", "TP_DUCTO": "Troncal", "DISTRITO": "7", "DIAMETRO": "20", "TRM_REG": "MARIQUITA - PEREIRA", "ZONA": "2", "SENAL_EX": "SI", "FORMA_ACCE": "Caminando", "TP_ACCESO": "Vía destapada", "EST_ACCESO": "Malo", "TP_SECCION": "CRUCE DE CUERPO DE AGUA", "NOM_AGUA": "Quebrada Honda", "ANCHO_AGUA": 10.0, "TP_AGUA": "Secundaria", "UBIC_CRUCE": "Montaña", "CM_TORRENC": "NO", "CANALIZADO": "NO", "ALTERACION": "NO", "ZONA_INUND": "NO", "FORM_CAUCE": "Semirecto", "ESTABILID": "Estable", "TP_MARGEN": "Derecho", "TP_SOPORTE": "Marcos H con cables", "LUZ_SOPORT": 270.0, "EST_SOPORT": "Bueno", "EXIST_CABL": "SI", "EST_CABLE": "Bueno", "MACIZO_ANC": "SI", "EST_MACIZO": "Bueno", "ZONA_TRANS": " ", "TP_REVEST": "Poliken", "AREA_REVES": 0.0, "EST_REVEST": "Bueno", "DEFECT_REV": "N.A.", "DSC_EST_TB": "Bueno", "DEFECT_TUB": "N.A.", "EVENTO_GEO": "No", "OBSERVACIO": " ", "EXISTENTE": "SI", "PROFUNDIDA": 0.0, "LATITUD": 5.2152642730000593, "LONGITUD": -74.959081848999972, "ALTITUD": 905.10000000000582, "IMAGEN_1": "C002_IMG_20240111_104728.jpg", "IMAGEN_2": "C002_IMG_20240111_104732.jpg", "IMAGEN_3": "C002_IMG_20240111_104735.jpg", "ID": "CCA-14", "ENTREGA": "E34_R3", "CREC_SUBIT": "NO", "DIR_TUB": "(PERPENDICULAR)" }, "geometry": { "type": "Point", "coordinates": [ -74.959081848999972, 5.215264273000059, 905.100000000005821 ] } },
{ "type": "Feature", "properties": { "FECHA": "12/01/2024 00:00:00 (UTC)", "DEPTO": "TOLIMA", "MPIO": "SAN SEBASTIÁN DE MARIQUITA", "VEREDA": "SAN ANDRÉS", "GASODUCTO": "MARIQUITA - CALI", "TRM_RML": "Mariquita - Letras", "TP_PK": "Fin", "PK": "003+376", "TP_DUCTO": "Troncal", "DISTRITO": "7", "DIAMETRO": "20", "TRM_REG": "MARIQUITA - PEREIRA", "ZONA": "2", "SENAL_EX": "SI", "FORMA_ACCE": "Caminando", "TP_ACCESO": "Vía destapada", "EST_ACCESO": "Bueno", "TP_SECCION": "CRUCE DE CUERPO DE AGUA", "NOM_AGUA": "Río Sucio", "ANCHO_AGUA": 12.0, "TP_AGUA": "Secundaria", "UBIC_CRUCE": "Montaña", "CM_TORRENC": "NO", "CANALIZADO": "NO", "ALTERACION": "NO", "ZONA_INUND": "NO", "FORM_CAUCE": "Semirecto", "ESTABILID": "Estable", "TP_MARGEN": "Izquierdo", "TP_SOPORTE": "Marcos H con cables", "LUZ_SOPORT": 0.0, "EST_SOPORT": "Bueno", "EXIST_CABL": "SI", "EST_CABLE": "Bueno", "MACIZO_ANC": "SI", "EST_MACIZO": "Bueno", "ZONA_TRANS": " ", "TP_REVEST": "Poliken", "AREA_REVES": 0.0, "EST_REVEST": "Bueno", "DEFECT_REV": "N.A.", "DSC_EST_TB": "Bueno", "DEFECT_TUB": "N.A.", "EVENTO_GEO": "No", "OBSERVACIO": " ", "EXISTENTE": "SI", "PROFUNDIDA": 0.0, "LATITUD": 5.2235310890000619, "LONGITUD": -74.917869709999934, "ALTITUD": 725.5333, "IMAGEN_1": "C002_IMG_20240112_112139.jpg", "IMAGEN_2": "C002_IMG_20240112_112152.jpg", "IMAGEN_3": "C002_IMG_20240112_112156.jpg", "ID": "CCA-15", "ENTREGA": "E34_R3", "CREC_SUBIT": "SI", "DIR_TUB": "(PERPENDICULAR)" }, "geometry": { "type": "Point", "coordinates": [ -74.917869709999934, 5.223531089000062, 725.533299999995506 ] } },
{ "type": "Feature", "properties": { "FECHA": "16/01/2024 00:00:00 (UTC)", "DEPTO": "TOLIMA", "MPIO": "FRESNO", "VEREDA": "BARRETO", "GASODUCTO": "MARIQUITA - CALI", "TRM_RML": "Mariquita - Letras", "TP_PK": "Fin", "PK": "024+687", "TP_DUCTO": "Troncal", "DISTRITO": "7", "DIAMETRO": "20", "TRM_REG": "MARIQUITA - PEREIRA", "ZONA": "2", "SENAL_EX": "NO", "FORMA_ACCE": "Caminando", "TP_ACCESO": "Vía destapada", "EST_ACCESO": "Bueno", "TP_SECCION": "CRUCE DE CUERPO DE AGUA", "NOM_AGUA": "Quebrada NN", "ANCHO_AGUA": 2.0, "TP_AGUA": "Otro", "UBIC_CRUCE": "Montaña", "CM_TORRENC": "NO", "CANALIZADO": "NO", "ALTERACION": "NO", "ZONA_INUND": "NO", "FORM_CAUCE": "Semirecto", "ESTABILID": "Estable", "TP_MARGEN": "Derecho", "TP_SOPORTE": "Voladizo", "LUZ_SOPORT": 10.0, "EST_SOPORT": "Bueno", "EXIST_CABL": "NO", "EST_CABLE": "Bueno", "MACIZO_ANC": "NO", "EST_MACIZO": "Bueno", "ZONA_TRANS": " ", "TP_REVEST": "Poliken", "AREA_REVES": 0.0, "EST_REVEST": "Regular", "DEFECT_REV": "OTRO", "DSC_EST_TB": "Bueno", "DEFECT_TUB": "Corrosión Generalizada", "EVENTO_GEO": "No", "OBSERVACIO": "Cruce aéreo en voladizo. Defecto de revestimiento, presenta corrosión", "EXISTENTE": "SI", "PROFUNDIDA": 0.0, "LATITUD": 5.173916423000037, "LONGITUD": -75.066337774999965, "ALTITUD": 1765.1, "IMAGEN_1": "C002_IMG_20240116_104904.jpg", "IMAGEN_2": "C002_IMG_20240116_104908.jpg", "IMAGEN_3": "C002_IMG_20240116_104911.jpg", "ID": "CCA-16", "ENTREGA": "E34_R3", "CREC_SUBIT": "NO", "DIR_TUB": "(PERPENDICULAR)" }, "geometry": { "type": "Point", "coordinates": [ -75.066337774999965, 5.173916423000037, 1765.100000000005821 ] } },
{ "type": "Feature", "properties": { "FECHA": "16/01/2024 00:00:00 (UTC)", "DEPTO": "TOLIMA", "MPIO": "FRESNO", "VEREDA": "BARRETO", "GASODUCTO": "MARIQUITA - CALI", "TRM_RML": "Mariquita - Letras", "TP_PK": "Inicio", "PK": "024+677", "TP_DUCTO": "Troncal", "DISTRITO": "7", "DIAMETRO": "20", "TRM_REG": "MARIQUITA - PEREIRA", "ZONA": "2", "SENAL_EX": "SI", "FORMA_ACCE": "Caminando", "TP_ACCESO": "Vía destapada", "EST_ACCESO": "Bueno", "TP_SECCION": "CRUCE DE CUERPO DE AGUA", "NOM_AGUA": "Quebrada NN", "ANCHO_AGUA": 2.0, "TP_AGUA": "Otro", "UBIC_CRUCE": "Montaña", "CM_TORRENC": "NO", "CANALIZADO": "NO", "ALTERACION": "NO", "ZONA_INUND": "NO", "FORM_CAUCE": "Semirecto", "ESTABILID": "Estable", "TP_MARGEN": "Izquierdo", "TP_SOPORTE": "Voladizo", "LUZ_SOPORT": 10.0, "EST_SOPORT": "Bueno", "EXIST_CABL": "NO", "EST_CABLE": "Bueno", "MACIZO_ANC": "NO", "EST_MACIZO": "Bueno", "ZONA_TRANS": " ", "TP_REVEST": "Poliken", "AREA_REVES": 0.0, "EST_REVEST": "Regular", "DEFECT_REV": "OTRO", "DSC_EST_TB": "Bueno", "DEFECT_TUB": "Corrosión Generalizada", "EVENTO_GEO": "No", "OBSERVACIO": "Cruce aéreo en voladizo. Defecto de revestimiento, presenta corrosión", "EXISTENTE": "SI", "PROFUNDIDA": 0.0, "LATITUD": 5.1740003470000602, "LONGITUD": -75.066311850999966, "ALTITUD": 1763.0333, "IMAGEN_1": "C002_IMG_20240116_105221.jpg", "IMAGEN_2": "C002_IMG_20240116_105224.jpg", "IMAGEN_3": "C002_IMG_20240116_105227.jpg", "ID": "CCA-17", "ENTREGA": "E34_R3", "CREC_SUBIT": "NO", "DIR_TUB": "(PERPENDICULAR)" }, "geometry": { "type": "Point", "coordinates": [ -75.066311850999966, 5.17400034700006, 1763.033299999995506 ] } },
{ "type": "Feature", "properties": { "FECHA": "17/01/2024 00:00:00 (UTC)", "DEPTO": "TOLIMA", "MPIO": "FRESNO", "VEREDA": "EL GUAYABO", "GASODUCTO": "MARIQUITA - CALI", "TRM_RML": "Mariquita - Letras", "TP_PK": "Fin", "PK": "021+227", "TP_DUCTO": "Troncal", "DISTRITO": "7", "DIAMETRO": "20", "TRM_REG": "MARIQUITA - PEREIRA", "ZONA": "2", "SENAL_EX": "NO", "FORMA_ACCE": "Caminando", "TP_ACCESO": "Vía destapada", "EST_ACCESO": "Bueno", "TP_SECCION": "CRUCE DE CUERPO DE AGUA", "NOM_AGUA": "Quebrada NN", "ANCHO_AGUA": 4.0, "TP_AGUA": "Otro", "UBIC_CRUCE": "Montaña", "CM_TORRENC": "NO", "CANALIZADO": "NO", "ALTERACION": "NO", "ZONA_INUND": "NO", "FORM_CAUCE": "Semirecto", "ESTABILID": "Estable", "TP_MARGEN": "Derecho", "TP_SOPORTE": "Voladizo", "LUZ_SOPORT": 21.0, "EST_SOPORT": "Bueno", "EXIST_CABL": "NO", "EST_CABLE": "Bueno", "MACIZO_ANC": "NO", "EST_MACIZO": "Bueno", "ZONA_TRANS": " ", "TP_REVEST": "Poliken", "AREA_REVES": 0.0, "EST_REVEST": "Bueno", "DEFECT_REV": "N.A.", "DSC_EST_TB": "Bueno", "DEFECT_TUB": "N.A.", "EVENTO_GEO": "No", "OBSERVACIO": "Cruce aéreo en voladizo", "EXISTENTE": "SI", "PROFUNDIDA": 0.0, "LATITUD": 5.182555, "LONGITUD": -75.046435, "ALTITUD": 1538.8333, "IMAGEN_1": "C002_IMG_20240117_092250.jpg", "IMAGEN_2": "C002_IMG_20240117_092253.jpg", "IMAGEN_3": "C002_IMG_20240117_092257.jpg", "ID": "CCA-18", "ENTREGA": "E34_R3", "CREC_SUBIT": "NO", "DIR_TUB": "(PERPENDICULAR)" }, "geometry": { "type": "Point", "coordinates": [ -75.046435, 5.182555, 1538.833299999998417 ] } },
{ "type": "Feature", "properties": { "FECHA": "17/01/2024 00:00:00 (UTC)", "DEPTO": "TOLIMA", "MPIO": "FRESNO", "VEREDA": "EL GUAYABO", "GASODUCTO": "MARIQUITA - CALI", "TRM_RML": "Mariquita - Letras", "TP_PK": "Inicio", "PK": "021+199", "TP_DUCTO": "Troncal", "DISTRITO": "7", "DIAMETRO": "20", "TRM_REG": "MARIQUITA - PEREIRA", "ZONA": "2", "SENAL_EX": "SI", "FORMA_ACCE": "Caminando", "TP_ACCESO": "Vía destapada", "EST_ACCESO": "Bueno", "TP_SECCION": "CRUCE DE CUERPO DE AGUA", "NOM_AGUA": "Quebrada NN", "ANCHO_AGUA": 4.0, "TP_AGUA": "Otro", "UBIC_CRUCE": "Montaña", "CM_TORRENC": "NO", "CANALIZADO": "NO", "ALTERACION": "NO", "ZONA_INUND": "NO", "FORM_CAUCE": "Semirecto", "ESTABILID": "Estable", "TP_MARGEN": "Izquierdo", "TP_SOPORTE": "Voladizo", "LUZ_SOPORT": 21.0, "EST_SOPORT": "Bueno", "EXIST_CABL": "NO", "EST_CABLE": "Bueno", "MACIZO_ANC": "NO", "EST_MACIZO": "Bueno", "ZONA_TRANS": " ", "TP_REVEST": "Poliken", "AREA_REVES": 0.0, "EST_REVEST": "Bueno", "DEFECT_REV": "N.A.", "DSC_EST_TB": "Bueno", "DEFECT_TUB": "N.A.", "EVENTO_GEO": "No", "OBSERVACIO": "Cruce aéreo en voladizo", "EXISTENTE": "SI", "PROFUNDIDA": 0.0, "LATITUD": 5.1827526680000346, "LONGITUD": -75.046415940999964, "ALTITUD": 1548.4, "IMAGEN_1": "C002_IMG_20240117_092759.jpg", "IMAGEN_2": "C002_IMG_20240117_092802.jpg", "IMAGEN_3": "C002_IMG_20240117_092806.jpg", "ID": "CCA-19", "ENTREGA": "E34_R3", "CREC_SUBIT": "NO", "DIR_TUB": "(PERPENDICULAR)" }, "geometry": { "type": "Point", "coordinates": [ -75.046415940999964, 5.182752668000035, 1548.399999999994179 ] } },
{ "type": "Feature", "properties": { "FECHA": "17/01/2024 00:00:00 (UTC)", "DEPTO": "TOLIMA", "MPIO": "FRESNO", "VEREDA": "EL GUAYABO", "GASODUCTO": "MARIQUITA - CALI", "TRM_RML": "Mariquita - Letras", "TP_PK": "Fin", "PK": "020+555", "TP_DUCTO": "Troncal", "DISTRITO": "7", "DIAMETRO": "20", "TRM_REG": "MARIQUITA - PEREIRA", "ZONA": "2", "SENAL_EX": "SI", "FORMA_ACCE": "Caminando", "TP_ACCESO": "Vía destapada", "EST_ACCESO": "Bueno", "TP_SECCION": "CRUCE DE CUERPO DE AGUA", "NOM_AGUA": "Río Medina", "ANCHO_AGUA": 10.0, "TP_AGUA": "Secundaria", "UBIC_CRUCE": "Montaña", "CM_TORRENC": "NO", "CANALIZADO": "NO", "ALTERACION": "NO", "ZONA_INUND": "NO", "FORM_CAUCE": "Semirecto", "ESTABILID": "Estable", "TP_MARGEN": "Derecho", "TP_SOPORTE": "Marcos H con cables", "LUZ_SOPORT": 250.0, "EST_SOPORT": "Bueno", "EXIST_CABL": "SI", "EST_CABLE": "Bueno", "MACIZO_ANC": "SI", "EST_MACIZO": "Bueno", "ZONA_TRANS": " ", "TP_REVEST": "Poliken", "AREA_REVES": 0.0, "EST_REVEST": "Bueno", "DEFECT_REV": "N.A.", "DSC_EST_TB": "Bueno", "DEFECT_TUB": "N.A.", "EVENTO_GEO": "No", "OBSERVACIO": " ", "EXISTENTE": "SI", "PROFUNDIDA": 0.0, "LATITUD": 5.1858292250000204, "LONGITUD": -75.043587886999944, "ALTITUD": 1510.8667, "IMAGEN_1": "C002_IMG_20240117_101129.jpg", "IMAGEN_2": "C002_IMG_20240117_101132.jpg", "IMAGEN_3": "C002_IMG_20240117_101639.jpg", "ID": "CCA-20", "ENTREGA": "E34_R3", "CREC_SUBIT": "SI", "DIR_TUB": "(INCLINADO)" }, "geometry": { "type": "Point", "coordinates": [ -75.043587886999944, 5.18582922500002, 1510.866699999998673 ] } },
{ "type": "Feature", "properties": { "FECHA": "17/01/2024 00:00:00 (UTC)", "DEPTO": "TOLIMA", "MPIO": "FRESNO", "VEREDA": "CERRO AZUL", "GASODUCTO": "MARIQUITA - CALI", "TRM_RML": "Mariquita - Letras", "TP_PK": "Inicio", "PK": "020+218", "TP_DUCTO": "Troncal", "DISTRITO": "7", "DIAMETRO": "20", "TRM_REG": "MARIQUITA - PEREIRA", "ZONA": "2", "SENAL_EX": "SI", "FORMA_ACCE": "Caminando", "TP_ACCESO": "Vía destapada", "EST_ACCESO": "Bueno", "TP_SECCION": "CRUCE DE CUERPO DE AGUA", "NOM_AGUA": "Río Medina", "ANCHO_AGUA": 10.0, "TP_AGUA": "Secundaria", "UBIC_CRUCE": "Montaña", "CM_TORRENC": "NO", "CANALIZADO": "NO", "ALTERACION": "NO", "ZONA_INUND": "NO", "FORM_CAUCE": "Semirecto", "ESTABILID": "Estable", "TP_MARGEN": "Izquierdo", "TP_SOPORTE": "Marcos H con cables", "LUZ_SOPORT": 250.0, "EST_SOPORT": "Bueno", "EXIST_CABL": "SI", "EST_CABLE": "Bueno", "MACIZO_ANC": "SI", "EST_MACIZO": "Bueno", "ZONA_TRANS": " ", "TP_REVEST": "Poliken", "AREA_REVES": 0.0, "EST_REVEST": "Bueno", "DEFECT_REV": "N.A.", "DSC_EST_TB": "Bueno", "DEFECT_TUB": "N.A.", "EVENTO_GEO": "No", "OBSERVACIO": " ", "EXISTENTE": "SI", "PROFUNDIDA": 0.0, "LATITUD": 5.1862206920000631, "LONGITUD": -75.040992985999935, "ALTITUD": 1540.9333, "IMAGEN_1": "C002_IMG_20240117_104655.jpg", "IMAGEN_2": "C002_IMG_20240117_104659.jpg", "IMAGEN_3": "C002_IMG_20240117_104702.jpg", "ID": "CCA-21", "ENTREGA": "E34_R3", "CREC_SUBIT": "NO", "DIR_TUB": "(PERPENDICULAR)" }, "geometry": { "type": "Point", "coordinates": [ -75.040992985999935, 5.186220692000063, 1540.933300000004238 ] } },
{ "type": "Feature", "properties": { "FECHA": "18/01/2024 00:00:00 (UTC)", "DEPTO": "TOLIMA", "MPIO": "FRESNO", "VEREDA": "ALEGRIAS", "GASODUCTO": "MARIQUITA - CALI", "TRM_RML": "Mariquita - Letras", "TP_PK": "Fin", "PK": "030+094", "TP_DUCTO": "Troncal", "DISTRITO": "7", "DIAMETRO": "20", "TRM_REG": "MARIQUITA - PEREIRA", "ZONA": "2", "SENAL_EX": "NO", "FORMA_ACCE": "DDV", "TP_ACCESO": "Vía destapada", "EST_ACCESO": "Bueno", "TP_SECCION": "CRUCE DE CUERPO DE AGUA", "NOM_AGUA": "Quebrada Campeon", "ANCHO_AGUA": 3.0, "TP_AGUA": "Otro", "UBIC_CRUCE": "Montaña", "CM_TORRENC": "NO", "CANALIZADO": "NO", "ALTERACION": "NO", "ZONA_INUND": "NO", "FORM_CAUCE": "Meandrico", "ESTABILID": "Estable", "TP_MARGEN": "Derecho", "TP_SOPORTE": "Soportes En concreto", "LUZ_SOPORT": 15.0, "EST_SOPORT": "Bueno", "EXIST_CABL": "N.A.", "EST_CABLE": "Bueno", "MACIZO_ANC": "NO", "EST_MACIZO": "Bueno", "ZONA_TRANS": "No existe.", "TP_REVEST": "FBE", "AREA_REVES": 0.0, "EST_REVEST": "Malo", "DEFECT_REV": "Desprendimiento", "DSC_EST_TB": "Malo", "DEFECT_TUB": "Corrosión Generalizada", "EVENTO_GEO": "No", "OBSERVACIO": "Se presenta un cruce aéreo apoyado en los extremos sobre apoyos (soportes) en concreto y cobertura vegetal alta.", "EXISTENTE": "SI", "PROFUNDIDA": 0.0, "LATITUD": 5.1551601690000552, "LONGITUD": -75.096855337999955, "ALTITUD": 1880.85, "IMAGEN_1": "C002_IMG_20240118_135517.jpg", "IMAGEN_2": "C002_IMG_20240118_135522.jpg", "IMAGEN_3": "C002_IMG_20240118_135526.jpg", "ID": "CCA-22", "ENTREGA": "E34_R3", "CREC_SUBIT": "NO", "DIR_TUB": "(PERPENDICULAR)" }, "geometry": { "type": "Point", "coordinates": [ -75.096855337999955, 5.155160169000055, 1880.850000000005821 ] } },
{ "type": "Feature", "properties": { "FECHA": "18/01/2024 00:00:00 (UTC)", "DEPTO": "TOLIMA", "MPIO": "FRESNO", "VEREDA": "ALEGRIAS", "GASODUCTO": "MARIQUITA - CALI", "TRM_RML": "Mariquita - Letras", "TP_PK": "Inicio", "PK": "030+078", "TP_DUCTO": "Troncal", "DISTRITO": "7", "DIAMETRO": "20", "TRM_REG": "MARIQUITA - PEREIRA", "ZONA": "2", "SENAL_EX": "SI", "FORMA_ACCE": "DDV", "TP_ACCESO": "Vía destapada", "EST_ACCESO": "Bueno", "TP_SECCION": "CRUCE DE CUERPO DE AGUA", "NOM_AGUA": "Quebrada Campeon", "ANCHO_AGUA": 3.0, "TP_AGUA": "Otro", "UBIC_CRUCE": "Montaña", "CM_TORRENC": "NO", "CANALIZADO": "NO", "ALTERACION": "NO", "ZONA_INUND": "NO", "FORM_CAUCE": "Meandrico", "ESTABILID": "Estable", "TP_MARGEN": "Izquierdo", "TP_SOPORTE": "Soportes En concreto", "LUZ_SOPORT": 15.0, "EST_SOPORT": "Bueno", "EXIST_CABL": "N.A.", "EST_CABLE": "Bueno", "MACIZO_ANC": "NO", "EST_MACIZO": "Bueno", "ZONA_TRANS": "No existe.", "TP_REVEST": "FBE", "AREA_REVES": 0.0, "EST_REVEST": "Malo", "DEFECT_REV": "Desprendimiento", "DSC_EST_TB": "Malo", "DEFECT_TUB": "Corrosión Generalizada", "EVENTO_GEO": "No", "OBSERVACIO": "Se presenta un cruce aéreo apoyado en los extremos sobre apoyos (soportes) en concreto y cobertura vegetal alta.", "EXISTENTE": "SI", "PROFUNDIDA": 0.0, "LATITUD": 5.1553012470000681, "LONGITUD": -75.09686904299997, "ALTITUD": 1887.0, "IMAGEN_1": "C002_IMG_20240118_135224.jpg", "IMAGEN_2": "C002_IMG_20240118_135228.jpg", "IMAGEN_3": "C002_IMG_20240118_135232.jpg", "ID": "CCA-23", "ENTREGA": "E34_R3", "CREC_SUBIT": "NO", "DIR_TUB": "(PERPENDICULAR)" }, "geometry": { "type": "Point", "coordinates": [ -75.09686904299997, 5.155301247000068, 1887.0 ] } },
{ "type": "Feature", "properties": { "FECHA": "19/01/2024 00:00:00 (UTC)", "DEPTO": "TOLIMA", "MPIO": "FRESNO", "VEREDA": "SAN ANTONIO", "GASODUCTO": "MARIQUITA - CALI", "TRM_RML": "Mariquita - Letras", "TP_PK": "Inicio", "PK": "031+962", "TP_DUCTO": "Troncal", "DISTRITO": "7", "DIAMETRO": "20", "TRM_REG": "MARIQUITA - PEREIRA", "ZONA": "2", "SENAL_EX": "SI", "FORMA_ACCE": "DDV", "TP_ACCESO": "Vía destapada", "EST_ACCESO": "Bueno", "TP_SECCION": "CRUCE DE CUERPO DE AGUA", "NOM_AGUA": "Caño NN", "ANCHO_AGUA": 3.0, "TP_AGUA": "Otro", "UBIC_CRUCE": "Montaña", "CM_TORRENC": "NO", "CANALIZADO": "NO", "ALTERACION": "NO", "ZONA_INUND": "NO", "FORM_CAUCE": "Meandrico", "ESTABILID": "Estable", "TP_MARGEN": "Izquierdo", "TP_SOPORTE": "Soportes En concreto", "LUZ_SOPORT": 15.0, "EST_SOPORT": "Bueno", "EXIST_CABL": "N.A.", "EST_CABLE": "Bueno", "MACIZO_ANC": "NO", "EST_MACIZO": "Bueno", "ZONA_TRANS": "No existe.", "TP_REVEST": "OTRO", "AREA_REVES": 0.0, "EST_REVEST": "Malo", "DEFECT_REV": "Desprendimiento", "DSC_EST_TB": "Malo", "DEFECT_TUB": "Corrosión Generalizada", "EVENTO_GEO": "No", "OBSERVACIO": "Se presenta un cruce aéreo apoyado en los extremos sobre apoyos (soportes) en concreto y cobertura vegetal alta.", "EXISTENTE": "SI", "PROFUNDIDA": 0.0, "LATITUD": 5.147187175000056, "LONGITUD": -75.10656139699995, "ALTITUD": 1968.4, "IMAGEN_1": "C002_IMG_20240119_093424.jpg", "IMAGEN_2": "C002_IMG_20240119_093427.jpg", "IMAGEN_3": "C002_IMG_20240119_093431.jpg", "ID": "CCA-24", "ENTREGA": "E34_R3", "CREC_SUBIT": "NO", "DIR_TUB": "(PERPENDICULAR)" }, "geometry": { "type": "Point", "coordinates": [ -75.10656139699995, 5.147187175000056, 1968.399999999994179 ] } },
{ "type": "Feature", "properties": { "FECHA": "19/01/2024 00:00:00 (UTC)", "DEPTO": "TOLIMA", "MPIO": "FRESNO", "VEREDA": "SAN ANTONIO", "GASODUCTO": "MARIQUITA - CALI", "TRM_RML": "Mariquita - Letras", "TP_PK": "Fin", "PK": "031+984", "TP_DUCTO": "Troncal", "DISTRITO": "7", "DIAMETRO": "20", "TRM_REG": "MARIQUITA - PEREIRA", "ZONA": "2", "SENAL_EX": "NO", "FORMA_ACCE": "DDV", "TP_ACCESO": "Vía destapada", "EST_ACCESO": "Bueno", "TP_SECCION": "CRUCE DE CUERPO DE AGUA", "NOM_AGUA": "Caño NN", "ANCHO_AGUA": 3.0, "TP_AGUA": "Otro", "UBIC_CRUCE": "Montaña", "CM_TORRENC": "NO", "CANALIZADO": "NO", "ALTERACION": "NO", "ZONA_INUND": "NO", "FORM_CAUCE": "Meandrico", "ESTABILID": "Estable", "TP_MARGEN": "Derecho", "TP_SOPORTE": "Soportes En concreto", "LUZ_SOPORT": 12.0, "EST_SOPORT": "Bueno", "EXIST_CABL": "N.A.", "EST_CABLE": "Bueno", "MACIZO_ANC": "NO", "EST_MACIZO": "Bueno", "ZONA_TRANS": "No existe.", "TP_REVEST": "OTRO", "AREA_REVES": 0.0, "EST_REVEST": "Malo", "DEFECT_REV": "Desprendimiento", "DSC_EST_TB": "Bueno", "DEFECT_TUB": "Corrosión Generalizada", "EVENTO_GEO": "No", "OBSERVACIO": "Se presenta un cruce aéreo apoyado en los extremos sobre apoyos (soportes) en concreto y cobertura vegetal alta.", "EXISTENTE": "SI", "PROFUNDIDA": 0.0, "LATITUD": 5.1470020510000722, "LONGITUD": -75.106542288999947, "ALTITUD": 1911.55, "IMAGEN_1": "C002_IMG_20240119_093807.jpg", "IMAGEN_2": "C002_IMG_20240119_093813.jpg", "IMAGEN_3": "C002_IMG_20240119_093816.jpg", "ID": "CCA-25", "ENTREGA": "E34_R3", "CREC_SUBIT": "NO", "DIR_TUB": "(PERPENDICULAR)" }, "geometry": { "type": "Point", "coordinates": [ -75.106542288999947, 5.147002051000072, 1911.55000000000291 ] } },
{ "type": "Feature", "properties": { "FECHA": "19/01/2024 00:00:00 (UTC)", "DEPTO": "TOLIMA", "MPIO": "FRESNO", "VEREDA": "SAN ANTONIO", "GASODUCTO": "MARIQUITA - CALI", "TRM_RML": "Mariquita - Letras", "TP_PK": "Inicio", "PK": "032+362", "TP_DUCTO": "Troncal", "DISTRITO": "7", "DIAMETRO": "20", "TRM_REG": "MARIQUITA - PEREIRA", "ZONA": "2", "SENAL_EX": "SI", "FORMA_ACCE": "DDV", "TP_ACCESO": "Vía destapada", "EST_ACCESO": "Bueno", "TP_SECCION": "CRUCE DE CUERPO DE AGUA", "NOM_AGUA": "Caño NN", "ANCHO_AGUA": 3.0, "TP_AGUA": "Otro", "UBIC_CRUCE": "Montaña", "CM_TORRENC": "NO", "CANALIZADO": "NO", "ALTERACION": "NO", "ZONA_INUND": "NO", "FORM_CAUCE": "Meandrico", "ESTABILID": "Estable", "TP_MARGEN": "Izquierdo", "TP_SOPORTE": "Soportes En concreto", "LUZ_SOPORT": 12.0, "EST_SOPORT": "Bueno", "EXIST_CABL": "N.A.", "EST_CABLE": "Bueno", "MACIZO_ANC": "NO", "EST_MACIZO": "Bueno", "ZONA_TRANS": " ", "TP_REVEST": "OTRO", "AREA_REVES": 0.0, "EST_REVEST": "Malo", "DEFECT_REV": "Desprendimiento", "DSC_EST_TB": "Malo", "DEFECT_TUB": "Corrosión Generalizada", "EVENTO_GEO": "No", "OBSERVACIO": "Se presenta un cruce aéreo apoyado en los extremos sobre apoyos (soportes) en concreto y cobertura vegetal alta.", "EXISTENTE": "SI", "PROFUNDIDA": 0.0, "LATITUD": 5.1463821890000645, "LONGITUD": -75.109265961999938, "ALTITUD": 1957.95, "IMAGEN_1": "C002_IMG_20240119_103447.jpg", "IMAGEN_2": "C002_IMG_20240119_103452.jpg", "IMAGEN_3": "C002_IMG_20240119_103456.jpg", "ID": "CCA-26", "ENTREGA": "E34_R3", "CREC_SUBIT": "NO", "DIR_TUB": "(PERPENDICULAR)" }, "geometry": { "type": "Point", "coordinates": [ -75.109265961999938, 5.146382189000064, 1957.94999999999709 ] } },
{ "type": "Feature", "properties": { "FECHA": "19/01/2024 00:00:00 (UTC)", "DEPTO": "TOLIMA", "MPIO": "FRESNO", "VEREDA": "SAN ANTONIO", "GASODUCTO": "MARIQUITA - CALI", "TRM_RML": "Mariquita - Letras", "TP_PK": "Fin", "PK": "032+381", "TP_DUCTO": "Troncal", "DISTRITO": "7", "DIAMETRO": "20", "TRM_REG": "MARIQUITA - PEREIRA", "ZONA": "2", "SENAL_EX": "NO", "FORMA_ACCE": "DDV", "TP_ACCESO": "Vía destapada", "EST_ACCESO": "Bueno", "TP_SECCION": "CRUCE DE CUERPO DE AGUA", "NOM_AGUA": "Caño NN", "ANCHO_AGUA": 3.0, "TP_AGUA": "Otro", "UBIC_CRUCE": "Montaña", "CM_TORRENC": "NO", "CANALIZADO": "NO", "ALTERACION": "NO", "ZONA_INUND": "NO", "FORM_CAUCE": "Meandrico", "ESTABILID": "Estable", "TP_MARGEN": "Derecho", "TP_SOPORTE": "Soportes En concreto", "LUZ_SOPORT": 12.0, "EST_SOPORT": "Bueno", "EXIST_CABL": "N.A.", "EST_CABLE": "Bueno", "MACIZO_ANC": "NO", "EST_MACIZO": "Bueno", "ZONA_TRANS": " ", "TP_REVEST": "OTRO", "AREA_REVES": 0.0, "EST_REVEST": "Malo", "DEFECT_REV": "Desprendimiento", "DSC_EST_TB": "Malo", "DEFECT_TUB": "Corrosión Generalizada", "EVENTO_GEO": "No", "OBSERVACIO": "Se presenta un cruce aéreo apoyado en los extremos sobre apoyos (soportes) en concreto y cobertura vegetal alta.", "EXISTENTE": "SI", "PROFUNDIDA": 0.0, "LATITUD": 5.1462566020000509, "LONGITUD": -75.109370895999973, "ALTITUD": 1954.95, "IMAGEN_1": "C002_IMG_20240119_105610.jpg", "IMAGEN_2": "C002_IMG_20240119_105621.jpg", "IMAGEN_3": "C002_IMG_20240119_105626.jpg", "ID": "CCA-27", "ENTREGA": "E34_R3", "CREC_SUBIT": "NO", "DIR_TUB": "(PERPENDICULAR)" }, "geometry": { "type": "Point", "coordinates": [ -75.109370895999973, 5.146256602000051, 1954.94999999999709 ] } },
{ "type": "Feature", "properties": { "FECHA": "19/01/2024 00:00:00 (UTC)", "DEPTO": "TOLIMA", "MPIO": "FRESNO", "VEREDA": "CAUCASIA", "GASODUCTO": "MARIQUITA - CALI", "TRM_RML": "Mariquita - Letras", "TP_PK": "Fin", "PK": "035+435", "TP_DUCTO": "Troncal", "DISTRITO": "7", "DIAMETRO": "20", "TRM_REG": "MARIQUITA - PEREIRA", "ZONA": "2", "SENAL_EX": "SI", "FORMA_ACCE": "DDV", "TP_ACCESO": "Vía destapada", "EST_ACCESO": "Bueno", "TP_SECCION": "CRUCE DE CUERPO DE AGUA", "NOM_AGUA": "Caño NN", "ANCHO_AGUA": 3.0, "TP_AGUA": "Otro", "UBIC_CRUCE": "Montaña", "CM_TORRENC": "NO", "CANALIZADO": "NO", "ALTERACION": "NO", "ZONA_INUND": "NO", "FORM_CAUCE": "Semirecto", "ESTABILID": "Estable", "TP_MARGEN": "Derecho", "TP_SOPORTE": "Marcos H", "LUZ_SOPORT": 12.0, "EST_SOPORT": "Bueno", "EXIST_CABL": "N.A.", "EST_CABLE": "Bueno", "MACIZO_ANC": "NO", "EST_MACIZO": "Bueno", "ZONA_TRANS": "No existe.", "TP_REVEST": "OTRO", "AREA_REVES": 0.0, "EST_REVEST": "Regular", "DEFECT_REV": "Desprendimiento", "DSC_EST_TB": "Regular", "DEFECT_TUB": "Corrosión Generalizada", "EVENTO_GEO": "No", "OBSERVACIO": "Se presenta un cruce aéreo apoyado en dos marcos H (total 2), donde presenta cobertura vegetal alta y terreno humedo.", "EXISTENTE": "SI", "PROFUNDIDA": 0.0, "LATITUD": 5.1361988420000557, "LONGITUD": -75.129197786999953, "ALTITUD": 2062.8, "IMAGEN_1": "C002_IMG_20240119_154350.jpg", "IMAGEN_2": "C002_IMG_20240119_154354.jpg", "IMAGEN_3": "C002_IMG_20240119_154357.jpg", "ID": "CCA-28", "ENTREGA": "E34_R3", "CREC_SUBIT": "NO", "DIR_TUB": "(PERPENDICULAR)" }, "geometry": { "type": "Point", "coordinates": [ -75.129197786999953, 5.136198842000056, 2062.80000000000291 ] } },
{ "type": "Feature", "properties": { "FECHA": "19/01/2024 00:00:00 (UTC)", "DEPTO": "TOLIMA", "MPIO": "FRESNO", "VEREDA": "CAUCASIA", "GASODUCTO": "MARIQUITA - CALI", "TRM_RML": "Mariquita - Letras", "TP_PK": "Inicio", "PK": "035+401", "TP_DUCTO": "Troncal", "DISTRITO": "7", "DIAMETRO": "20", "TRM_REG": "MARIQUITA - PEREIRA", "ZONA": "2", "SENAL_EX": "SI", "FORMA_ACCE": "DDV", "TP_ACCESO": "Vía destapada", "EST_ACCESO": "Bueno", "TP_SECCION": "CRUCE DE CUERPO DE AGUA", "NOM_AGUA": "Caño NN", "ANCHO_AGUA": 3.0, "TP_AGUA": "Otro", "UBIC_CRUCE": "Montaña", "CM_TORRENC": "NO", "CANALIZADO": "NO", "ALTERACION": "NO", "ZONA_INUND": "NO", "FORM_CAUCE": "Semirecto", "ESTABILID": "Estable", "TP_MARGEN": "Izquierdo", "TP_SOPORTE": "Marcos H", "LUZ_SOPORT": 12.0, "EST_SOPORT": "Bueno", "EXIST_CABL": "N.A.", "EST_CABLE": "Bueno", "MACIZO_ANC": "NO", "EST_MACIZO": "Bueno", "ZONA_TRANS": "No existe.", "TP_REVEST": "OTRO", "AREA_REVES": 0.0, "EST_REVEST": "Regular", "DEFECT_REV": "Desprendimiento", "DSC_EST_TB": "Regular", "DEFECT_TUB": "Corrosión Generalizada", "EVENTO_GEO": "No", "OBSERVACIO": "Se presenta un cruce aéreo apoyado en dos marcos H (total 2), donde presenta cobertura vegetal alta y terreno humedo.", "EXISTENTE": "SI", "PROFUNDIDA": 0.0, "LATITUD": 5.1365193250000516, "LONGITUD": -75.129131546999986, "ALTITUD": 2059.7, "IMAGEN_1": "C002_IMG_20240119_153353.jpg", "IMAGEN_2": "C002_IMG_20240119_153356.jpg", "IMAGEN_3": "C002_IMG_20240119_153400.jpg", "ID": "CCA-29", "ENTREGA": "E34_R3", "CREC_SUBIT": "NO", "DIR_TUB": "(PERPENDICULAR)" }, "geometry": { "type": "Point", "coordinates": [ -75.129131546999986, 5.136519325000052, 2059.69999999999709 ] } },
{ "type": "Feature", "properties": { "FECHA": "19/01/2024 00:00:00 (UTC)", "DEPTO": "TOLIMA", "MPIO": "FRESNO", "VEREDA": "CAUCASIA", "GASODUCTO": "MARIQUITA - CALI", "TRM_RML": "Mariquita - Letras", "TP_PK": "Fin", "PK": "035+178", "TP_DUCTO": "Troncal", "DISTRITO": "7", "DIAMETRO": "20", "TRM_REG": "MARIQUITA - PEREIRA", "ZONA": "2", "SENAL_EX": "SI", "FORMA_ACCE": "DDV", "TP_ACCESO": "Vía destapada", "EST_ACCESO": "Bueno", "TP_SECCION": "CRUCE DE PROCESO MORFODINAMICO", "NOM_AGUA": "N.A", "ANCHO_AGUA": 0.0, "TP_AGUA": "N.A.", "UBIC_CRUCE": "Montaña", "CM_TORRENC": "NO", "CANALIZADO": "NO", "ALTERACION": "NO", "ZONA_INUND": "NO", "FORM_CAUCE": "N.A.", "ESTABILID": "Estable", "TP_MARGEN": "N.A.", "TP_SOPORTE": "Marcos H con cables", "LUZ_SOPORT": 40.0, "EST_SOPORT": "Bueno", "EXIST_CABL": "SI", "EST_CABLE": "Bueno", "MACIZO_ANC": "SI", "EST_MACIZO": "Bueno", "ZONA_TRANS": "Buena, se encuentra estable.", "TP_REVEST": "OTRO", "AREA_REVES": 0.0, "EST_REVEST": "Bueno", "DEFECT_REV": "N.A.", "DSC_EST_TB": "Bueno", "DEFECT_TUB": "N.A.", "EVENTO_GEO": "No", "OBSERVACIO": "Se presenta un cruce aéreo apoyado en los extremos sobre apoyos en marco h con cables, donde se observa que estan haciendo trabajos para el cruce aereo de CENIT.", "EXISTENTE": "SI", "PROFUNDIDA": 0.0, "LATITUD": 5.1373030250000511, "LONGITUD": -75.127536839999948, "ALTITUD": 2037.8, "IMAGEN_1": "C002_IMG_20240119_145721.jpg", "IMAGEN_2": "C002_IMG_20240119_145725.jpg", "IMAGEN_3": "C002_IMG_20240119_145729.jpg", "ID": "CCA-30", "ENTREGA": "E34_R3", "CREC_SUBIT": "N/A", "DIR_TUB": "(PERPENDICULAR)" }, "geometry": { "type": "Point", "coordinates": [ -75.127536839999948, 5.137303025000051, 2037.80000000000291 ] } },
{ "type": "Feature", "properties": { "FECHA": "19/01/2024 00:00:00 (UTC)", "DEPTO": "TOLIMA", "MPIO": "FRESNO", "VEREDA": "CAUCASIA", "GASODUCTO": "MARIQUITA - CALI", "TRM_RML": "Mariquita - Letras", "TP_PK": "Inicio", "PK": "035+137", "TP_DUCTO": "Troncal", "DISTRITO": "7", "DIAMETRO": "20", "TRM_REG": "MARIQUITA - PEREIRA", "ZONA": "2", "SENAL_EX": "SI", "FORMA_ACCE": "DDV", "TP_ACCESO": "Vía destapada", "EST_ACCESO": "Bueno", "TP_SECCION": "CRUCE DE PROCESO MORFODINAMICO", "NOM_AGUA": "N.A", "ANCHO_AGUA": 0.0, "TP_AGUA": "N.A.", "UBIC_CRUCE": "Montaña", "CM_TORRENC": "NO", "CANALIZADO": "NO", "ALTERACION": "NO", "ZONA_INUND": "NO", "FORM_CAUCE": "N.A.", "ESTABILID": "Estable", "TP_MARGEN": "N.A.", "TP_SOPORTE": "Marcos H con cables", "LUZ_SOPORT": 40.0, "EST_SOPORT": "Bueno", "EXIST_CABL": "N.A.", "EST_CABLE": "Bueno", "MACIZO_ANC": "NO", "EST_MACIZO": "Bueno", "ZONA_TRANS": "Buena, se encuentra estable.", "TP_REVEST": "OTRO", "AREA_REVES": 0.0, "EST_REVEST": "Bueno", "DEFECT_REV": "N.A.", "DSC_EST_TB": "Bueno", "DEFECT_TUB": "N.A.", "EVENTO_GEO": "No", "OBSERVACIO": "Se presenta un cruce aéreo apoyado en los extremos sobre apoyos en marco h con cables, donde se observa que estan haciendo trabajos para el cruce aereo de CENIT.", "EXISTENTE": "SI", "PROFUNDIDA": 0.0, "LATITUD": 5.1372661650000282, "LONGITUD": -75.127144753999971, "ALTITUD": 2022.25, "IMAGEN_1": "C002_IMG_20240119_145659.jpg", "IMAGEN_2": "C002_IMG_20240119_145702.jpg", "IMAGEN_3": "C002_IMG_20240119_145706.jpg", "ID": "CCA-31", "ENTREGA": "E34_R3", "CREC_SUBIT": "N/A", "DIR_TUB": "(PERPENDICULAR)" }, "geometry": { "type": "Point", "coordinates": [ -75.127144753999971, 5.137266165000028, 2022.25 ] } },
{ "type": "Feature", "properties": { "FECHA": "19/01/2024 00:00:00 (UTC)", "DEPTO": "TOLIMA", "MPIO": "FRESNO", "VEREDA": "CAUCASIA", "GASODUCTO": "MARIQUITA - CALI", "TRM_RML": "Mariquita - Letras", "TP_PK": "Fin", "PK": "034+687", "TP_DUCTO": "Troncal", "DISTRITO": "7", "DIAMETRO": "20", "TRM_REG": "MARIQUITA - PEREIRA", "ZONA": "2", "SENAL_EX": "NO", "FORMA_ACCE": "DDV", "TP_ACCESO": "Vía destapada", "EST_ACCESO": "Bueno", "TP_SECCION": "CRUCE DE CUERPO DE AGUA", "NOM_AGUA": "Caño NN", "ANCHO_AGUA": 3.0, "TP_AGUA": "Otro", "UBIC_CRUCE": "Montaña", "CM_TORRENC": "NO", "CANALIZADO": "NO", "ALTERACION": "NO", "ZONA_INUND": "NO", "FORM_CAUCE": "Semirecto", "ESTABILID": "Estable", "TP_MARGEN": "Derecho", "TP_SOPORTE": "Voladizo", "LUZ_SOPORT": 15.0, "EST_SOPORT": "Bueno", "EXIST_CABL": "N.A.", "EST_CABLE": "Bueno", "MACIZO_ANC": "NO", "EST_MACIZO": "Bueno", "ZONA_TRANS": "No existe.", "TP_REVEST": "OTRO", "AREA_REVES": 0.0, "EST_REVEST": "Regular", "DEFECT_REV": "Desprendimiento", "DSC_EST_TB": "Regular", "DEFECT_TUB": "Corrosión Generalizada", "EVENTO_GEO": "No", "OBSERVACIO": "Se presenta un cruce aéreo en voladizo, presenta cobertura vegetal alta y terreno humedo en sus margenes.", "EXISTENTE": "SI", "PROFUNDIDA": 0.0, "LATITUD": 5.1368463590000601, "LONGITUD": -75.123533901999963, "ALTITUD": 1953.75, "IMAGEN_1": "C002_IMG_20240119_141908.jpg", "IMAGEN_2": "C002_IMG_20240119_141912.jpg", "IMAGEN_3": "C002_IMG_20240119_141915.jpg", "ID": "CCA-32", "ENTREGA": "E34_R3", "CREC_SUBIT": "NO", "DIR_TUB": "(PERPENDICULAR)" }, "geometry": { "type": "Point", "coordinates": [ -75.123533901999963, 5.13684635900006, 1953.75 ] } },
{ "type": "Feature", "properties": { "FECHA": "19/01/2024 00:00:00 (UTC)", "DEPTO": "TOLIMA", "MPIO": "FRESNO", "VEREDA": "CAUCASIA", "GASODUCTO": "MARIQUITA - CALI", "TRM_RML": "Mariquita - Letras", "TP_PK": "Inicio", "PK": "034+667", "TP_DUCTO": "Troncal", "DISTRITO": "7", "DIAMETRO": "20", "TRM_REG": "MARIQUITA - PEREIRA", "ZONA": "2", "SENAL_EX": "SI", "FORMA_ACCE": "DDV", "TP_ACCESO": "Vía destapada", "EST_ACCESO": "Bueno", "TP_SECCION": "CRUCE DE CUERPO DE AGUA", "NOM_AGUA": "Caño NN", "ANCHO_AGUA": 3.0, "TP_AGUA": "Otro", "UBIC_CRUCE": "Montaña", "CM_TORRENC": "NO", "CANALIZADO": "NO", "ALTERACION": "NO", "ZONA_INUND": "NO", "FORM_CAUCE": "Semirecto", "ESTABILID": "Estable", "TP_MARGEN": "Izquierdo", "TP_SOPORTE": "Voladizo", "LUZ_SOPORT": 15.0, "EST_SOPORT": "Bueno", "EXIST_CABL": "N.A.", "EST_CABLE": "Bueno", "MACIZO_ANC": "NO", "EST_MACIZO": "Bueno", "ZONA_TRANS": "No existe.", "TP_REVEST": "OTRO", "AREA_REVES": 0.0, "EST_REVEST": "Regular", "DEFECT_REV": "Desprendimiento", "DSC_EST_TB": "Regular", "DEFECT_TUB": "Corrosión Generalizada", "EVENTO_GEO": "No", "OBSERVACIO": "Se presenta un cruce aéreo en voladizo, presenta cobertura vegetal alta y terreno humedo en sus margenes.", "EXISTENTE": "SI", "PROFUNDIDA": 0.0, "LATITUD": 5.1368834550000315, "LONGITUD": -75.123372805999963, "ALTITUD": 1913.15, "IMAGEN_1": "C002_IMG_20240119_141712.jpg", "IMAGEN_2": "C002_IMG_20240119_141716.jpg", "IMAGEN_3": "C002_IMG_20240119_141719.jpg", "ID": "CCA-33", "ENTREGA": "E34_R3", "CREC_SUBIT": "NO", "DIR_TUB": "(PERPENDICULAR)" }, "geometry": { "type": "Point", "coordinates": [ -75.123372805999963, 5.136883455000032, 1913.149999999994179 ] } },
{ "type": "Feature", "properties": { "FECHA": "19/01/2024 00:00:00 (UTC)", "DEPTO": "TOLIMA", "MPIO": "FRESNO", "VEREDA": "LA AGUADITA", "GASODUCTO": "MARIQUITA - CALI", "TRM_RML": "Mariquita - Letras", "TP_PK": "Fin", "PK": "033+220", "TP_DUCTO": "Troncal", "DISTRITO": "7", "DIAMETRO": "20", "TRM_REG": "MARIQUITA - PEREIRA", "ZONA": "2", "SENAL_EX": "SI", "FORMA_ACCE": "DDV", "TP_ACCESO": "Vía destapada", "EST_ACCESO": "Bueno", "TP_SECCION": "CRUCE DE CUERPO DE AGUA", "NOM_AGUA": "Quebrada San Rafael", "ANCHO_AGUA": 3.0, "TP_AGUA": "Otro", "UBIC_CRUCE": "Montaña", "CM_TORRENC": "NO", "CANALIZADO": "NO", "ALTERACION": "NO", "ZONA_INUND": "NO", "FORM_CAUCE": "Meandrico", "ESTABILID": "Estable", "TP_MARGEN": "Derecho", "TP_SOPORTE": "Voladizo", "LUZ_SOPORT": 0.0, "EST_SOPORT": "Bueno", "EXIST_CABL": "N.A.", "EST_CABLE": "Bueno", "MACIZO_ANC": "NO", "EST_MACIZO": "Bueno", "ZONA_TRANS": "No presenta.", "TP_REVEST": "OTRO", "AREA_REVES": 0.0, "EST_REVEST": "Regular", "DEFECT_REV": "Desprendimiento", "DSC_EST_TB": "Regular", "DEFECT_TUB": "Corrosión Generalizada", "EVENTO_GEO": "No", "OBSERVACIO": "Se presenta un cruce aéreo en su parte final en voladizo, donde presenta cobertura vegetal alta en su recorrido y terreno humedo.", "EXISTENTE": "SI", "PROFUNDIDA": 0.0, "LATITUD": 5.141048559000069, "LONGITUD": -75.113616713999988, "ALTITUD": 1983.15, "IMAGEN_1": "C002_IMG_20240119_122629.jpg", "IMAGEN_2": "C002_IMG_20240119_122634.jpg", "IMAGEN_3": "C002_IMG_20240119_122639.jpg", "ID": "CCA-34", "ENTREGA": "E34_R3", "CREC_SUBIT": "NO", "DIR_TUB": "(PERPENDICULAR)" }, "geometry": { "type": "Point", "coordinates": [ -75.113616713999988, 5.141048559000069, 1983.149999999994179 ] } },
{ "type": "Feature", "properties": { "FECHA": "19/01/2024 00:00:00 (UTC)", "DEPTO": "TOLIMA", "MPIO": "FRESNO", "VEREDA": "LA AGUADITA", "GASODUCTO": "MARIQUITA - CALI", "TRM_RML": "Mariquita - Letras", "TP_PK": "Inicio", "PK": "033+127", "TP_DUCTO": "Troncal", "DISTRITO": "7", "DIAMETRO": "20", "TRM_REG": "MARIQUITA - PEREIRA", "ZONA": "2", "SENAL_EX": "SI", "FORMA_ACCE": "DDV", "TP_ACCESO": "Vía destapada", "EST_ACCESO": "Bueno", "TP_SECCION": "CRUCE DE CUERPO DE AGUA", "NOM_AGUA": "Quebrada San Rafael", "ANCHO_AGUA": 3.0, "TP_AGUA": "Otro", "UBIC_CRUCE": "Montaña", "CM_TORRENC": "NO", "CANALIZADO": "NO", "ALTERACION": "NO", "ZONA_INUND": "NO", "FORM_CAUCE": "Meandrico", "ESTABILID": "Estable", "TP_MARGEN": "Izquierdo", "TP_SOPORTE": "Marcos H", "LUZ_SOPORT": 10.0, "EST_SOPORT": "Bueno", "EXIST_CABL": "N.A.", "EST_CABLE": "Bueno", "MACIZO_ANC": "NO", "EST_MACIZO": "Bueno", "ZONA_TRANS": "Buena, se encuentra estable con cobertura vegetal alta.", "TP_REVEST": "OTRO", "AREA_REVES": 0.0, "EST_REVEST": "Regular", "DEFECT_REV": "N.A.", "DSC_EST_TB": "Regular", "DEFECT_TUB": "Corrosión Generalizada", "EVENTO_GEO": "No", "OBSERVACIO": "Se presenta un cruce aéreo en su parte inicial apoyado en marcos H (total 5), donde presenta cobertura vegetal alta en su recorrido y terreno humedo.", "EXISTENTE": "SI", "PROFUNDIDA": 0.0, "LATITUD": 5.1416364230000227, "LONGITUD": -75.1131402, "ALTITUD": 1958.55, "IMAGEN_1": "C002_IMG_20240119_121813.jpg", "IMAGEN_2": "C002_IMG_20240119_121816.jpg", "IMAGEN_3": "C002_IMG_20240119_121819.jpg", "ID": "CCA-35", "ENTREGA": "E34_R3", "CREC_SUBIT": "NO", "DIR_TUB": "(PERPENDICULAR)" }, "geometry": { "type": "Point", "coordinates": [ -75.113140199999975, 5.141636423000023, 1958.55000000000291 ] } },
{ "type": "Feature", "properties": { "FECHA": "19/01/2024 00:00:00 (UTC)", "DEPTO": "TOLIMA", "MPIO": "FRESNO", "VEREDA": "LA AGUADITA", "GASODUCTO": "MARIQUITA - CALI", "TRM_RML": "Mariquita - Letras", "TP_PK": "Fin", "PK": "033+051", "TP_DUCTO": "Troncal", "DISTRITO": "7", "DIAMETRO": "20", "TRM_REG": "MARIQUITA - PEREIRA", "ZONA": "2", "SENAL_EX": "NO", "FORMA_ACCE": "DDV", "TP_ACCESO": "Vía destapada", "EST_ACCESO": "Bueno", "TP_SECCION": "CRUCE DE CUERPO DE AGUA", "NOM_AGUA": "Caño NN", "ANCHO_AGUA": 2.0, "TP_AGUA": "Otro", "UBIC_CRUCE": "Montaña", "CM_TORRENC": "NO", "CANALIZADO": "NO", "ALTERACION": "NO", "ZONA_INUND": "NO", "FORM_CAUCE": "Semirecto", "ESTABILID": "Estable", "TP_MARGEN": "Derecho", "TP_SOPORTE": "Voladizo", "LUZ_SOPORT": 15.0, "EST_SOPORT": "Bueno", "EXIST_CABL": "N.A.", "EST_CABLE": "Bueno", "MACIZO_ANC": "NO", "EST_MACIZO": "Bueno", "ZONA_TRANS": "No existe.", "TP_REVEST": "OTRO", "AREA_REVES": 0.0, "EST_REVEST": "Regular", "DEFECT_REV": "Desprendimiento", "DSC_EST_TB": "Regular", "DEFECT_TUB": "Corrosión Generalizada", "EVENTO_GEO": "No", "OBSERVACIO": "Se presenta un cruce aéreo en voladizo, presenta cobertura vegetal alta y terreno humedo en sus margenes.", "EXISTENTE": "SI", "PROFUNDIDA": 0.0, "LATITUD": 5.1421185840000589, "LONGITUD": -75.112754637999956, "ALTITUD": 1975.0, "IMAGEN_1": "C002_IMG_20240119_121310.jpg", "IMAGEN_2": "C002_IMG_20240119_121314.jpg", "IMAGEN_3": "C002_IMG_20240119_121317.jpg", "ID": "CCA-36", "ENTREGA": "E34_R3", "CREC_SUBIT": "NO", "DIR_TUB": "(PERPENDICULAR)" }, "geometry": { "type": "Point", "coordinates": [ -75.112754637999956, 5.142118584000059, 1975.0 ] } },
{ "type": "Feature", "properties": { "FECHA": "19/01/2024 00:00:00 (UTC)", "DEPTO": "TOLIMA", "MPIO": "FRESNO", "VEREDA": "LA AGUADITA", "GASODUCTO": "MARIQUITA - CALI", "TRM_RML": "Mariquita - Letras", "TP_PK": "Inicio", "PK": "033+038", "TP_DUCTO": "Troncal", "DISTRITO": "7", "DIAMETRO": "20", "TRM_REG": "MARIQUITA - PEREIRA", "ZONA": "2", "SENAL_EX": "SI", "FORMA_ACCE": "DDV", "TP_ACCESO": "Vía destapada", "EST_ACCESO": "Bueno", "TP_SECCION": "CRUCE DE CUERPO DE AGUA", "NOM_AGUA": "Caño NN", "ANCHO_AGUA": 2.0, "TP_AGUA": "Otro", "UBIC_CRUCE": "Montaña", "CM_TORRENC": "NO", "CANALIZADO": "NO", "ALTERACION": "NO", "ZONA_INUND": "NO", "FORM_CAUCE": "Semirecto", "ESTABILID": "Estable", "TP_MARGEN": "Izquierdo", "TP_SOPORTE": "Voladizo", "LUZ_SOPORT": 15.0, "EST_SOPORT": "Bueno", "EXIST_CABL": "N.A.", "EST_CABLE": "Bueno", "MACIZO_ANC": "NO", "EST_MACIZO": "Bueno", "ZONA_TRANS": "No existe.", "TP_REVEST": "OTRO", "AREA_REVES": 0.0, "EST_REVEST": "Regular", "DEFECT_REV": "Desprendimiento", "DSC_EST_TB": "Regular", "DEFECT_TUB": "Corrosión Generalizada", "EVENTO_GEO": "No", "OBSERVACIO": "Se presenta un cruce aéreo en voladizo, presenta cobertura vegetal alta y terreno humedo en sus margenes.", "EXISTENTE": "SI", "PROFUNDIDA": 0.0, "LATITUD": 5.1421988300000407, "LONGITUD": -75.112690653999948, "ALTITUD": 1966.55, "IMAGEN_1": "C002_IMG_20240119_121029.jpg", "IMAGEN_2": "C002_IMG_20240119_121034.jpg", "IMAGEN_3": "C002_IMG_20240119_121037.jpg", "ID": "CCA-37", "ENTREGA": "E34_R3", "CREC_SUBIT": "NO", "DIR_TUB": "(PERPENDICULAR)" }, "geometry": { "type": "Point", "coordinates": [ -75.112690653999948, 5.142198830000041, 1966.55000000000291 ] } },
{ "type": "Feature", "properties": { "FECHA": "21/01/2024 00:00:00 (UTC)", "DEPTO": "TOLIMA", "MPIO": "FRESNO", "VEREDA": "SAN BERNARDO", "GASODUCTO": "MARIQUITA - CALI", "TRM_RML": "Manzanares", "TP_PK": "Inicio", "PK": "008+773", "TP_DUCTO": "Ramal", "DISTRITO": "7", "DIAMETRO": "2", "TRM_REG": "MARIQUITA - PEREIRA", "ZONA": "2", "SENAL_EX": "NO", "FORMA_ACCE": "Caminando", "TP_ACCESO": "Vía destapada", "EST_ACCESO": "Malo", "TP_SECCION": "CRUCE DE CUERPO DE AGUA", "NOM_AGUA": "Rio Guarino", "ANCHO_AGUA": 22.0, "TP_AGUA": "Secundaria", "UBIC_CRUCE": "Montaña", "CM_TORRENC": "NO", "CANALIZADO": "NO", "ALTERACION": "NO", "ZONA_INUND": "NO", "FORM_CAUCE": "Semirecto", "ESTABILID": "Estable", "TP_MARGEN": "Izquierdo", "TP_SOPORTE": "Marcos H con cables", "LUZ_SOPORT": 260.0, "EST_SOPORT": "Bueno", "EXIST_CABL": "SI", "EST_CABLE": "Bueno", "MACIZO_ANC": "SI", "EST_MACIZO": "Bueno", "ZONA_TRANS": " ", "TP_REVEST": "Poliken", "AREA_REVES": 0.0, "EST_REVEST": "Bueno", "DEFECT_REV": "N.A.", "DSC_EST_TB": "Bueno", "DEFECT_TUB": "N.A.", "EVENTO_GEO": "No", "OBSERVACIO": "Punto capturado a lo lejos, no se logró tomar el Inicio del cruce aéreo en campo, se encuentra dentro de sin paso.", "EXISTENTE": "SI", "PROFUNDIDA": 0.0, "LATITUD": 5.2322196500000473, "LONGITUD": -75.078943598999956, "ALTITUD": 1067.4667, "IMAGEN_1": "C002_IMG_20240121_142955.jpg", "IMAGEN_2": "C002_IMG_20240121_143000.jpg", "IMAGEN_3": "C002_IMG_20240121_143005.jpg", "ID": "CCA-38", "ENTREGA": "E34_R3", "CREC_SUBIT": "SI", "DIR_TUB": "(PERPENDICULAR)" }, "geometry": { "type": "Point", "coordinates": [ -75.078943598999956, 5.232219650000047, 1067.466700000004494 ] } },
{ "type": "Feature", "properties": { "FECHA": "23/01/2024 00:00:00 (UTC)", "DEPTO": "CALDAS", "MPIO": "MANZANARES", "VEREDA": "CENTRO", "GASODUCTO": "MARIQUITA - CALI", "TRM_RML": "Manzanares", "TP_PK": "Fin", "PK": "019+323", "TP_DUCTO": "Ramal", "DISTRITO": "7", "DIAMETRO": "2", "TRM_REG": "MARIQUITA - PEREIRA", "ZONA": "2", "SENAL_EX": "NO", "FORMA_ACCE": "Caminando", "TP_ACCESO": "Vía destapada", "EST_ACCESO": "Malo", "TP_SECCION": "CRUCE DE PROCESO MORFODINAMICO", "NOM_AGUA": "N.A", "ANCHO_AGUA": 0.0, "TP_AGUA": "N.A.", "UBIC_CRUCE": "Montaña", "CM_TORRENC": "NO", "CANALIZADO": "NO", "ALTERACION": "NO", "ZONA_INUND": "NO", "FORM_CAUCE": "N.A.", "ESTABILID": "Inestable", "TP_MARGEN": "N.A.", "TP_SOPORTE": "Marcos H", "LUZ_SOPORT": 10.0, "EST_SOPORT": "Bueno", "EXIST_CABL": "SI", "EST_CABLE": "Bueno", "MACIZO_ANC": "SI", "EST_MACIZO": "Bueno", "ZONA_TRANS": " ", "TP_REVEST": "Poliken", "AREA_REVES": 0.0, "EST_REVEST": "Bueno", "DEFECT_REV": "N.A.", "DSC_EST_TB": "Bueno", "DEFECT_TUB": "N.A.", "EVENTO_GEO": "Si", "OBSERVACIO": "Tubería aérea soportada en marcos H, debido a delizamiento.", "EXISTENTE": "SI", "PROFUNDIDA": 0.0, "LATITUD": 5.2494595590000586, "LONGITUD": -75.145752662999939, "ALTITUD": 2139.0, "IMAGEN_1": "C002_IMG_20240123_090059.jpg", "IMAGEN_2": "C002_IMG_20240123_090103.jpg", "IMAGEN_3": "C002_IMG_20240123_090107.jpg", "ID": "CCA-39", "ENTREGA": "E34_R3", "CREC_SUBIT": "N/A", "DIR_TUB": "(PERPENDICULAR)" }, "geometry": { "type": "Point", "coordinates": [ -75.145752662999939, 5.249459559000059, 2139.0 ] } },
{ "type": "Feature", "properties": { "FECHA": "23/01/2024 00:00:00 (UTC)", "DEPTO": "CALDAS", "MPIO": "MANZANARES", "VEREDA": "CENTRO", "GASODUCTO": "MARIQUITA - CALI", "TRM_RML": "Manzanares", "TP_PK": "Inicio", "PK": "019+308", "TP_DUCTO": "Ramal", "DISTRITO": "7", "DIAMETRO": "2", "TRM_REG": "MARIQUITA - PEREIRA", "ZONA": "2", "SENAL_EX": "NO", "FORMA_ACCE": "Caminando", "TP_ACCESO": "Vía destapada", "EST_ACCESO": "Malo", "TP_SECCION": "CRUCE DE PROCESO MORFODINAMICO", "NOM_AGUA": "N.A", "ANCHO_AGUA": 0.0, "TP_AGUA": "N.A.", "UBIC_CRUCE": "Montaña", "CM_TORRENC": "NO", "CANALIZADO": "NO", "ALTERACION": "NO", "ZONA_INUND": "NO", "FORM_CAUCE": "N.A.", "ESTABILID": "Estable", "TP_MARGEN": "N.A.", "TP_SOPORTE": "Marcos H", "LUZ_SOPORT": 10.0, "EST_SOPORT": "Bueno", "EXIST_CABL": "SI", "EST_CABLE": "Bueno", "MACIZO_ANC": "SI", "EST_MACIZO": "Bueno", "ZONA_TRANS": " ", "TP_REVEST": "Poliken", "AREA_REVES": 0.0, "EST_REVEST": "Bueno", "DEFECT_REV": "N.A.", "DSC_EST_TB": "Bueno", "DEFECT_TUB": "N.A.", "EVENTO_GEO": "Si", "OBSERVACIO": "Tubería aérea soportada en marcos H, debido a delizamiento.", "EXISTENTE": "SI", "PROFUNDIDA": 0.0, "LATITUD": 5.2493655730000341, "LONGITUD": -75.145671377999975, "ALTITUD": 2147.7, "IMAGEN_1": "C002_IMG_20240123_090235.jpg", "IMAGEN_2": "C002_IMG_20240123_090239.jpg", "IMAGEN_3": "C002_IMG_20240123_090242.jpg", "ID": "CCA-40", "ENTREGA": "E34_R3", "CREC_SUBIT": "N/A", "DIR_TUB": "(PERPENDICULAR)" }, "geometry": { "type": "Point", "coordinates": [ -75.145671377999975, 5.249365573000034, 2147.69999999999709 ] } },
{ "type": "Feature", "properties": { "FECHA": "25/01/2024 00:00:00 (UTC)", "DEPTO": "CALDAS", "MPIO": "MANZANARES", "VEREDA": "LA CEIBA", "GASODUCTO": "MARIQUITA - CALI", "TRM_RML": "Manzanares", "TP_PK": "Fin", "PK": "009+252", "TP_DUCTO": "Ramal", "DISTRITO": "7", "DIAMETRO": "2", "TRM_REG": "MARIQUITA - PEREIRA", "ZONA": "2", "SENAL_EX": "NO", "FORMA_ACCE": "Caminando", "TP_ACCESO": "Vía destapada", "EST_ACCESO": "Malo", "TP_SECCION": "CRUCE DE CUERPO DE AGUA", "NOM_AGUA": "Quebrada NN", "ANCHO_AGUA": 4.0, "TP_AGUA": "Otro", "UBIC_CRUCE": "Montaña", "CM_TORRENC": "NO", "CANALIZADO": "NO", "ALTERACION": "NO", "ZONA_INUND": "NO", "FORM_CAUCE": "Semirecto", "ESTABILID": "Estable", "TP_MARGEN": "Izquierdo", "TP_SOPORTE": "Marcos H con cables", "LUZ_SOPORT": 25.0, "EST_SOPORT": "Bueno", "EXIST_CABL": "SI", "EST_CABLE": "Bueno", "MACIZO_ANC": "SI", "EST_MACIZO": "Bueno", "ZONA_TRANS": " ", "TP_REVEST": "Poliken", "AREA_REVES": 0.0, "EST_REVEST": "Bueno", "DEFECT_REV": "N.A.", "DSC_EST_TB": "Bueno", "DEFECT_TUB": "N.A.", "EVENTO_GEO": "No", "OBSERVACIO": " ", "EXISTENTE": "SI", "PROFUNDIDA": 0.0, "LATITUD": 5.2352121910000733, "LONGITUD": -75.080802849999941, "ALTITUD": 1071.3667, "IMAGEN_1": "C002_IMG_20240125_142407.jpg", "IMAGEN_2": "C002_IMG_20240125_142428.jpg", "IMAGEN_3": "C002_IMG_20240125_142432.jpg", "ID": "CCA-41", "ENTREGA": "E34_R3", "CREC_SUBIT": "SI", "DIR_TUB": "(PERPENDICULAR)" }, "geometry": { "type": "Point", "coordinates": [ -75.080802849999941, 5.235212191000073, 1071.366699999998673 ] } },
{ "type": "Feature", "properties": { "FECHA": "25/01/2024 00:00:00 (UTC)", "DEPTO": "CALDAS", "MPIO": "MANZANARES", "VEREDA": "LA CEIBA", "GASODUCTO": "MARIQUITA - CALI", "TRM_RML": "Manzanares", "TP_PK": "Inicio", "PK": "009+219", "TP_DUCTO": "Ramal", "DISTRITO": "7", "DIAMETRO": "2", "TRM_REG": "MARIQUITA - PEREIRA", "ZONA": "2", "SENAL_EX": "NO", "FORMA_ACCE": "Caminando", "TP_ACCESO": "Vía destapada", "EST_ACCESO": "Malo", "TP_SECCION": "CRUCE DE CUERPO DE AGUA", "NOM_AGUA": "Quebrada NN", "ANCHO_AGUA": 4.0, "TP_AGUA": "Otro", "UBIC_CRUCE": "Montaña", "CM_TORRENC": "NO", "CANALIZADO": "NO", "ALTERACION": "NO", "ZONA_INUND": "NO", "FORM_CAUCE": "Semirecto", "ESTABILID": "Estable", "TP_MARGEN": "Derecho", "TP_SOPORTE": "Marcos H con cables", "LUZ_SOPORT": 0.0, "EST_SOPORT": "Bueno", "EXIST_CABL": "SI", "EST_CABLE": "Bueno", "MACIZO_ANC": "SI", "EST_MACIZO": "Bueno", "ZONA_TRANS": " ", "TP_REVEST": "Poliken", "AREA_REVES": 0.0, "EST_REVEST": "Bueno", "DEFECT_REV": "N.A.", "DSC_EST_TB": "Bueno", "DEFECT_TUB": "N.A.", "EVENTO_GEO": "Si", "OBSERVACIO": "Muro en concreto presenta socavación en la base.", "EXISTENTE": "SI", "PROFUNDIDA": 0.0, "LATITUD": 5.2349248050000483, "LONGITUD": -75.080876255999954, "ALTITUD": 1082.5667, "IMAGEN_1": "C002_IMG_20240125_141909.jpg", "IMAGEN_2": "C002_IMG_20240125_141917.jpg", "IMAGEN_3": "C002_IMG_20240125_141924.jpg", "ID": "CCA-42", "ENTREGA": "E34_R3", "CREC_SUBIT": "SI", "DIR_TUB": "(PERPENDICULAR)" }, "geometry": { "type": "Point", "coordinates": [ -75.080876255999954, 5.234924805000048, 1082.566699999995762 ] } },
{ "type": "Feature", "properties": { "FECHA": "25/01/2024 00:00:00 (UTC)", "DEPTO": "CALDAS", "MPIO": "MANZANARES", "VEREDA": "LA CEIBA", "GASODUCTO": "MARIQUITA - CALI", "TRM_RML": "Manzanares", "TP_PK": "Fin", "PK": "009+015", "TP_DUCTO": "Ramal", "DISTRITO": "7", "DIAMETRO": "2", "TRM_REG": "MARIQUITA - PEREIRA", "ZONA": "2", "SENAL_EX": "NO", "FORMA_ACCE": "Caminando", "TP_ACCESO": "Vía destapada", "EST_ACCESO": "Malo", "TP_SECCION": "CRUCE DE CUERPO DE AGUA", "NOM_AGUA": "Rio Guarino", "ANCHO_AGUA": 22.0, "TP_AGUA": "Secundaria", "UBIC_CRUCE": "Montaña", "CM_TORRENC": "NO", "CANALIZADO": "NO", "ALTERACION": "NO", "ZONA_INUND": "NO", "FORM_CAUCE": "Semirecto", "ESTABILID": "Estable", "TP_MARGEN": "Derecho", "TP_SOPORTE": "Marcos H con cables", "LUZ_SOPORT": 260.0, "EST_SOPORT": "Bueno", "EXIST_CABL": "SI", "EST_CABLE": "Bueno", "MACIZO_ANC": "SI", "EST_MACIZO": "Bueno", "ZONA_TRANS": " ", "TP_REVEST": "Poliken", "AREA_REVES": 0.0, "EST_REVEST": "Bueno", "DEFECT_REV": "N.A.", "DSC_EST_TB": "Bueno", "DEFECT_TUB": "N.A.", "EVENTO_GEO": "No", "OBSERVACIO": " ", "EXISTENTE": "SI", "PROFUNDIDA": 0.0, "LATITUD": 5.2331889400000478, "LONGITUD": -75.08110645499994, "ALTITUD": 1067.4667, "IMAGEN_1": "C002_IMG_20240125_140645.jpg", "IMAGEN_2": "C002_IMG_20240125_140649.jpg", "IMAGEN_3": "C002_IMG_20240125_140652.jpg", "ID": "CCA-43", "ENTREGA": "E34_R3", "CREC_SUBIT": "SI", "DIR_TUB": "PERPENDICULAR" }, "geometry": { "type": "Point", "coordinates": [ -75.08110645499994, 5.233188940000048, 1067.466700000004494 ] } },
{ "type": "Feature", "properties": { "FECHA": "17/01/2024 00:00:00 (UTC)", "DEPTO": "TOLIMA", "MPIO": "FRESNO", "VEREDA": "CAUCASIA", "GASODUCTO": "MARIQUITA - CALI", "TRM_RML": "Mariquita - Letras", "TP_PK": "Inicio", "PK": "035+747", "TP_DUCTO": "Troncal", "DISTRITO": "7", "DIAMETRO": "20", "TRM_REG": "MARIQUITA - PEREIRA", "ZONA": "2", "SENAL_EX": "SI", "FORMA_ACCE": "DDV", "TP_ACCESO": "Vía destapada", "EST_ACCESO": "Bueno", "TP_SECCION": "CRUCE DE CUERPO DE AGUA", "NOM_AGUA": "Caño NN", "ANCHO_AGUA": 2.0, "TP_AGUA": "Otro", "UBIC_CRUCE": "Montaña", "CM_TORRENC": "NO", "CANALIZADO": "NO", "ALTERACION": "NO", "ZONA_INUND": "NO", "FORM_CAUCE": "Semirecto", "ESTABILID": "Estable", "TP_MARGEN": "Izquierdo", "TP_SOPORTE": "Marcos H", "LUZ_SOPORT": 10.0, "EST_SOPORT": "Bueno", "EXIST_CABL": "N.A.", "EST_CABLE": "Bueno", "MACIZO_ANC": "NO", "EST_MACIZO": "Bueno", "ZONA_TRANS": "Se observa vegetación y ramas caidas al inicio del cruce.", "TP_REVEST": "OTRO", "AREA_REVES": 0.0, "EST_REVEST": "Regular", "DEFECT_REV": "Desprendimiento", "DSC_EST_TB": "Regular", "DEFECT_TUB": "Corrosión Generalizada", "EVENTO_GEO": "No", "OBSERVACIO": "Se observa cruce apoyado sobre 3 marcos H, con vegetación al inicio y fin del cruce aéreo.", "EXISTENTE": "SI", "PROFUNDIDA": 0.0, "LATITUD": 5.1350628510000433, "LONGITUD": -75.131685596999944, "ALTITUD": 2091.0, "IMAGEN_1": "C002_IMG_20240117_130252.jpg", "IMAGEN_2": "C002_IMG_20240117_130257.jpg", "IMAGEN_3": "C002_IMG_20240117_130300.jpg", "ID": "CCA-44", "ENTREGA": "E34_R3", "CREC_SUBIT": "NO", "DIR_TUB": "(PERPENDICULAR)" }, "geometry": { "type": "Point", "coordinates": [ -75.131685596999944, 5.135062851000043, 2091.0 ] } },
{ "type": "Feature", "properties": { "FECHA": "17/01/2024 00:00:00 (UTC)", "DEPTO": "TOLIMA", "MPIO": "FRESNO", "VEREDA": "CAUCASIA", "GASODUCTO": "MARIQUITA - CALI", "TRM_RML": "Mariquita - Letras", "TP_PK": "Fin", "PK": "035+785", "TP_DUCTO": "Troncal", "DISTRITO": "7", "DIAMETRO": "20", "TRM_REG": "MARIQUITA - PEREIRA", "ZONA": "2", "SENAL_EX": "SI", "FORMA_ACCE": "DDV", "TP_ACCESO": "Vía destapada", "EST_ACCESO": "Bueno", "TP_SECCION": "CRUCE DE CUERPO DE AGUA", "NOM_AGUA": "Caño NN", "ANCHO_AGUA": 2.0, "TP_AGUA": "Otro", "UBIC_CRUCE": "Montaña", "CM_TORRENC": "NO", "CANALIZADO": "NO", "ALTERACION": "NO", "ZONA_INUND": "NO", "FORM_CAUCE": "Semirecto", "ESTABILID": "Estable", "TP_MARGEN": "Derecho", "TP_SOPORTE": "Marcos H", "LUZ_SOPORT": 10.0, "EST_SOPORT": "Bueno", "EXIST_CABL": "N.A.", "EST_CABLE": "Bueno", "MACIZO_ANC": "NO", "EST_MACIZO": "Bueno", "ZONA_TRANS": "No presenta.", "TP_REVEST": "OTRO", "AREA_REVES": 0.0, "EST_REVEST": "Regular", "DEFECT_REV": "Desprendimiento", "DSC_EST_TB": "Regular", "DEFECT_TUB": "Corrosión Generalizada", "EVENTO_GEO": "No", "OBSERVACIO": "Se observa cruce apoyado sobre 3 marcos H, con vegetación al inicio y fin del cruce aéreo.", "EXISTENTE": "SI", "PROFUNDIDA": 0.0, "LATITUD": 5.1352324960000715, "LONGITUD": -75.132004695999967, "ALTITUD": 2097.55, "IMAGEN_1": "C002_IMG_20240117_130846.jpg", "IMAGEN_2": "C002_IMG_20240117_130849.jpg", "IMAGEN_3": "C002_IMG_20240117_130853.jpg", "ID": "CCA-45", "ENTREGA": "E34_R3", "CREC_SUBIT": "NO", "DIR_TUB": "(PERPENDICULAR)" }, "geometry": { "type": "Point", "coordinates": [ -75.132004695999967, 5.135232496000071, 2097.55000000000291 ] } },
{ "type": "Feature", "properties": { "FECHA": "17/01/2024 00:00:00 (UTC)", "DEPTO": "TOLIMA", "MPIO": "HERVEO", "VEREDA": "PADUA", "GASODUCTO": "MARIQUITA - CALI", "TRM_RML": "Mariquita - Letras", "TP_PK": "Inicio", "PK": "036+696", "TP_DUCTO": "Troncal", "DISTRITO": "7", "DIAMETRO": "20", "TRM_REG": "MARIQUITA - PEREIRA", "ZONA": "2", "SENAL_EX": "NO", "FORMA_ACCE": "DDV", "TP_ACCESO": "Vía destapada", "EST_ACCESO": "Bueno", "TP_SECCION": "CRUCE DE CUERPO DE AGUA", "NOM_AGUA": "Quebrada NN", "ANCHO_AGUA": 3.0, "TP_AGUA": "Otro", "UBIC_CRUCE": "Montaña", "CM_TORRENC": "SI", "CANALIZADO": "NO", "ALTERACION": "NO", "ZONA_INUND": "NO", "FORM_CAUCE": "Semirecto", "ESTABILID": "Estable", "TP_MARGEN": "Izquierdo", "TP_SOPORTE": "Soportes En concreto", "LUZ_SOPORT": 0.0, "EST_SOPORT": "Bueno", "EXIST_CABL": "N.A.", "EST_CABLE": "Bueno", "MACIZO_ANC": "NO", "EST_MACIZO": "Bueno", "ZONA_TRANS": "No existe.", "TP_REVEST": "OTRO", "AREA_REVES": 0.0, "EST_REVEST": "Regular", "DEFECT_REV": "Desprendimiento", "DSC_EST_TB": "Regular", "DEFECT_TUB": "Corrosión Generalizada", "EVENTO_GEO": "Si", "OBSERVACIO": "Se observa cruce aereo en apoyado en soportes en concreto, en donde los muros que protegen el margen del cuerpo de agua estan perdiendo establidad.", "EXISTENTE": "SI", "PROFUNDIDA": 0.0, "LATITUD": 5.1303158370000688, "LONGITUD": -75.13678095299997, "ALTITUD": 1973.05, "IMAGEN_1": "C002_IMG_20240117_140357.jpg", "IMAGEN_2": "C002_IMG_20240117_140401.jpg", "IMAGEN_3": "C002_IMG_20240117_140406.jpg", "ID": "CCA-46", "ENTREGA": "E34_R3", "CREC_SUBIT": "SI", "DIR_TUB": "(PERPENDICULAR)" }, "geometry": { "type": "Point", "coordinates": [ -75.13678095299997, 5.130315837000069, 1973.05000000000291 ] } },
{ "type": "Feature", "properties": { "FECHA": "17/01/2024 00:00:00 (UTC)", "DEPTO": "TOLIMA", "MPIO": "HERVEO", "VEREDA": "PADUA", "GASODUCTO": "MARIQUITA - CALI", "TRM_RML": "Mariquita - Letras", "TP_PK": "Fin", "PK": "036+705", "TP_DUCTO": "Troncal", "DISTRITO": "7", "DIAMETRO": "20", "TRM_REG": "MARIQUITA - PEREIRA", "ZONA": "2", "SENAL_EX": "SI", "FORMA_ACCE": "DDV", "TP_ACCESO": "Vía destapada", "EST_ACCESO": "Bueno", "TP_SECCION": "CRUCE DE CUERPO DE AGUA", "NOM_AGUA": "Quebrada NN", "ANCHO_AGUA": 3.0, "TP_AGUA": "Otro", "UBIC_CRUCE": "Montaña", "CM_TORRENC": "SI", "CANALIZADO": "NO", "ALTERACION": "NO", "ZONA_INUND": "NO", "FORM_CAUCE": "Semirecto", "ESTABILID": "Estable", "TP_MARGEN": "Derecho", "TP_SOPORTE": "Soportes En concreto", "LUZ_SOPORT": 0.0, "EST_SOPORT": "Bueno", "EXIST_CABL": "N.A.", "EST_CABLE": "Bueno", "MACIZO_ANC": "NO", "EST_MACIZO": "Bueno", "ZONA_TRANS": "No existe.", "TP_REVEST": "OTRO", "AREA_REVES": 0.0, "EST_REVEST": "Regular", "DEFECT_REV": "Desprendimiento", "DSC_EST_TB": "Regular", "DEFECT_TUB": "Corrosión Generalizada", "EVENTO_GEO": "Si", "OBSERVACIO": "Se observa cruce aereo apoyado en soportes en concreto, en donde los muros que protegen el margen del cuerpo de agua estan perdiendo establidad.", "EXISTENTE": "SI", "PROFUNDIDA": 0.0, "LATITUD": 5.1302415350000388, "LONGITUD": -75.136797713999954, "ALTITUD": 1889.3, "IMAGEN_1": "C002_IMG_20240117_140924.jpg", "IMAGEN_2": "C002_IMG_20240117_140928.jpg", "IMAGEN_3": "C002_IMG_20240117_140931.jpg", "ID": "CCA-47", "ENTREGA": "E34_R3", "CREC_SUBIT": "SI", "DIR_TUB": "(PERPENDICULAR)" }, "geometry": { "type": "Point", "coordinates": [ -75.136797713999954, 5.130241535000039, 1889.30000000000291 ] } },
{ "type": "Feature", "properties": { "FECHA": "17/01/2024 00:00:00 (UTC)", "DEPTO": "TOLIMA", "MPIO": "HERVEO", "VEREDA": "PADUA", "GASODUCTO": "MARIQUITA - CALI", "TRM_RML": "Mariquita - Letras", "TP_PK": "Inicio", "PK": "037+466", "TP_DUCTO": "Troncal", "DISTRITO": "7", "DIAMETRO": "20", "TRM_REG": "MARIQUITA - PEREIRA", "ZONA": "2", "SENAL_EX": "SI", "FORMA_ACCE": "DDV", "TP_ACCESO": "Vía destapada", "EST_ACCESO": "Bueno", "TP_SECCION": "CRUCE DE CUERPO DE AGUA", "NOM_AGUA": "Quebrada El Guarumo", "ANCHO_AGUA": 10.0, "TP_AGUA": "Secundaria", "UBIC_CRUCE": "Montaña", "CM_TORRENC": "NO", "CANALIZADO": "NO", "ALTERACION": "NO", "ZONA_INUND": "NO", "FORM_CAUCE": "Semirecto", "ESTABILID": "Estable", "TP_MARGEN": "Izquierdo", "TP_SOPORTE": "Marcos H con cables", "LUZ_SOPORT": 125.0, "EST_SOPORT": "Bueno", "EXIST_CABL": "N.A.", "EST_CABLE": "Bueno", "MACIZO_ANC": "NO", "EST_MACIZO": "Bueno", "ZONA_TRANS": "Buena.", "TP_REVEST": "OTRO", "AREA_REVES": 0.0, "EST_REVEST": "Bueno", "DEFECT_REV": "N.A.", "DSC_EST_TB": "Bueno", "DEFECT_TUB": "N.A.", "EVENTO_GEO": "No", "OBSERVACIO": "Se observa cruce aereo apoyado sobre marco H en cables donde se tiene que bordear para revisar los dos costados.", "EXISTENTE": "SI", "PROFUNDIDA": 0.0, "LATITUD": 5.1287824440000236, "LONGITUD": -75.142490451999947, "ALTITUD": 2052.85, "IMAGEN_1": "C002_IMG_20240117_145847.jpg", "IMAGEN_2": "C002_IMG_20240117_150034.jpg", "IMAGEN_3": "C002_IMG_20240117_145855.jpg", "ID": "CCA-48", "ENTREGA": "E34_R3", "CREC_SUBIT": "NO", "DIR_TUB": "(PERPENDICULAR)" }, "geometry": { "type": "Point", "coordinates": [ -75.142490451999947, 5.128782444000024, 2052.850000000005821 ] } },
{ "type": "Feature", "properties": { "FECHA": "17/01/2024 00:00:00 (UTC)", "DEPTO": "TOLIMA", "MPIO": "HERVEO", "VEREDA": "PADUA", "GASODUCTO": "MARIQUITA - CALI", "TRM_RML": "Mariquita - Letras", "TP_PK": "Fin", "PK": "037+623", "TP_DUCTO": "Troncal", "DISTRITO": "7", "DIAMETRO": "20", "TRM_REG": "MARIQUITA - PEREIRA", "ZONA": "2", "SENAL_EX": "SI", "FORMA_ACCE": "DDV", "TP_ACCESO": "Vía destapada", "EST_ACCESO": "Bueno", "TP_SECCION": "CRUCE DE CUERPO DE AGUA", "NOM_AGUA": "Quebrada El Guarumo", "ANCHO_AGUA": 10.0, "TP_AGUA": "Secundaria", "UBIC_CRUCE": "Montaña", "CM_TORRENC": "NO", "CANALIZADO": "NO", "ALTERACION": "NO", "ZONA_INUND": "NO", "FORM_CAUCE": "Semirecto", "ESTABILID": "Estable", "TP_MARGEN": "Derecho", "TP_SOPORTE": "Marcos H con cables", "LUZ_SOPORT": 125.0, "EST_SOPORT": "Bueno", "EXIST_CABL": "N.A.", "EST_CABLE": "Bueno", "MACIZO_ANC": "NO", "EST_MACIZO": "Bueno", "ZONA_TRANS": "Bueno.", "TP_REVEST": "OTRO", "AREA_REVES": 0.0, "EST_REVEST": "Bueno", "DEFECT_REV": "N.A.", "DSC_EST_TB": "Bueno", "DEFECT_TUB": "N.A.", "EVENTO_GEO": "No", "OBSERVACIO": "Se observa cruce aereo apoyado sobre marco H en cables donde se tiene que bordear para revisar los dos costados", "EXISTENTE": "SI", "PROFUNDIDA": 0.0, "LATITUD": 5.1286790180000708, "LONGITUD": -75.143818280999938, "ALTITUD": 2068.95, "IMAGEN_1": "C002_IMG_20240117_152803.jpg", "IMAGEN_2": "C002_IMG_20240117_152808.jpg", "IMAGEN_3": "C002_IMG_20240117_152812.jpg", "ID": "CCA-49", "ENTREGA": "E34_R3", "CREC_SUBIT": "NO", "DIR_TUB": "(PERPENDICULAR)" }, "geometry": { "type": "Point", "coordinates": [ -75.143818280999938, 5.128679018000071, 2068.94999999999709 ] } },
{ "type": "Feature", "properties": { "FECHA": "20/01/2024 00:00:00 (UTC)", "DEPTO": "TOLIMA", "MPIO": "HERVEO", "VEREDA": "LA CRISTALINA", "GASODUCTO": "MARIQUITA - CALI", "TRM_RML": "Herveo", "TP_PK": "Fin", "PK": "005+145", "TP_DUCTO": "Ramal", "DISTRITO": "7", "DIAMETRO": "2", "TRM_REG": "MARIQUITA - PEREIRA", "ZONA": "2", "SENAL_EX": "NO", "FORMA_ACCE": "DDV", "TP_ACCESO": "Vía pavimentada", "EST_ACCESO": "Malo", "TP_SECCION": "CRUCE DE CUERPO DE AGUA", "NOM_AGUA": "Río Aguacatal", "ANCHO_AGUA": 20.0, "TP_AGUA": "Secundaria", "UBIC_CRUCE": "Montaña", "CM_TORRENC": "NO", "CANALIZADO": "NO", "ALTERACION": "NO", "ZONA_INUND": "NO", "FORM_CAUCE": "Semirecto", "ESTABILID": "Estable", "TP_MARGEN": "Derecho", "TP_SOPORTE": "Marcos H con cables", "LUZ_SOPORT": 50.0, "EST_SOPORT": "Bueno", "EXIST_CABL": "SI", "EST_CABLE": "Bueno", "MACIZO_ANC": "NO", "EST_MACIZO": "Bueno", "ZONA_TRANS": "Presenta vegetación alta, no se puede observar bien.", "TP_REVEST": "OTRO", "AREA_REVES": 0.0, "EST_REVEST": "Bueno", "DEFECT_REV": "N.A.", "DSC_EST_TB": "Bueno", "DEFECT_TUB": "N.A.", "EVENTO_GEO": "No", "OBSERVACIO": "Se observa un cruce areo apoyado sobre marcos H, con cables, se recomienda realizar limpieza y poda del área.", "EXISTENTE": "SI", "PROFUNDIDA": 0.0, "LATITUD": 5.0773927660000595, "LONGITUD": -75.208050681999964, "ALTITUD": 1903.4, "IMAGEN_1": "C002_IMG_20240120_140123.jpg", "IMAGEN_2": "C002_IMG_20240120_140127.jpg", "IMAGEN_3": "C002_IMG_20240120_140131.jpg", "ID": "CCA-50", "ENTREGA": "E34_R3", "CREC_SUBIT": "NO", "DIR_TUB": "(PERPENDICULAR)" }, "geometry": { "type": "Point", "coordinates": [ -75.208050681999964, 5.07739276600006, 1903.399999999994179 ] } },
{ "type": "Feature", "properties": { "FECHA": "20/01/2024 00:00:00 (UTC)", "DEPTO": "TOLIMA", "MPIO": "HERVEO", "VEREDA": "EL PLAN", "GASODUCTO": "MARIQUITA - CALI", "TRM_RML": "Herveo", "TP_PK": "Inicio", "PK": "005+104", "TP_DUCTO": "Ramal", "DISTRITO": "7", "DIAMETRO": "2", "TRM_REG": "MARIQUITA - PEREIRA", "ZONA": "2", "SENAL_EX": "NO", "FORMA_ACCE": "DDV", "TP_ACCESO": "Vía pavimentada", "EST_ACCESO": "Malo", "TP_SECCION": "CRUCE DE CUERPO DE AGUA", "NOM_AGUA": "Río Aguacatal", "ANCHO_AGUA": 20.0, "TP_AGUA": "Secundaria", "UBIC_CRUCE": "Montaña", "CM_TORRENC": "NO", "CANALIZADO": "NO", "ALTERACION": "NO", "ZONA_INUND": "NO", "FORM_CAUCE": "Semirecto", "ESTABILID": "Estable", "TP_MARGEN": "Izquierdo", "TP_SOPORTE": "Marcos H con cables", "LUZ_SOPORT": 50.0, "EST_SOPORT": "Bueno", "EXIST_CABL": "SI", "EST_CABLE": "Bueno", "MACIZO_ANC": "NO", "EST_MACIZO": "Bueno", "ZONA_TRANS": "Presenta vegetación alta, no se puede observar bien.", "TP_REVEST": "OTRO", "AREA_REVES": 0.0, "EST_REVEST": "Bueno", "DEFECT_REV": "N.A.", "DSC_EST_TB": "Bueno", "DEFECT_TUB": "N.A.", "EVENTO_GEO": "No", "OBSERVACIO": "Se observa un cruce areo apoyado sobre marcos H, con cables, se recomienda realizar limpieza y poda del área.", "EXISTENTE": "SI", "PROFUNDIDA": 0.0, "LATITUD": 5.077792344000045, "LONGITUD": -75.208364778999965, "ALTITUD": 1890.35, "IMAGEN_1": "C002_IMG_20240120_135947.jpg", "IMAGEN_2": "C002_IMG_20240120_135951.jpg", "IMAGEN_3": "C002_IMG_20240120_140042.jpg", "ID": "CCA-51", "ENTREGA": "E34_R3", "CREC_SUBIT": "NO", "DIR_TUB": "(PERPENDICULAR)" }, "geometry": { "type": "Point", "coordinates": [ -75.208364778999965, 5.077792344000045, 1890.350000000005821 ] } },
{ "type": "Feature", "properties": { "FECHA": "27/01/2024 00:00:00 (UTC)", "DEPTO": "TOLIMA", "MPIO": "HERVEO", "VEREDA": "MESONES", "GASODUCTO": "MARIQUITA - CALI", "TRM_RML": "Mariquita - Letras", "TP_PK": "Inicio", "PK": "043+186", "TP_DUCTO": "Troncal", "DISTRITO": "7", "DIAMETRO": "20", "TRM_REG": "MARIQUITA - PEREIRA", "ZONA": "2", "SENAL_EX": "SI", "FORMA_ACCE": "DDV", "TP_ACCESO": "Sendero a pie", "EST_ACCESO": "Bueno", "TP_SECCION": "CRUCE DE CUERPO DE AGUA", "NOM_AGUA": "Caño NN", "ANCHO_AGUA": 1.0, "TP_AGUA": "Otro", "UBIC_CRUCE": "Montaña", "CM_TORRENC": "NO", "CANALIZADO": "NO", "ALTERACION": "NO", "ZONA_INUND": "NO", "FORM_CAUCE": "Semirecto", "ESTABILID": "Estable", "TP_MARGEN": "Izquierdo", "TP_SOPORTE": "Marcos H", "LUZ_SOPORT": 15.0, "EST_SOPORT": "Bueno", "EXIST_CABL": "N.A.", "EST_CABLE": "Bueno", "MACIZO_ANC": "NO", "EST_MACIZO": "Bueno", "ZONA_TRANS": "No presenta.", "TP_REVEST": "OTRO", "AREA_REVES": 0.0, "EST_REVEST": "Regular", "DEFECT_REV": "Desprendimiento", "DSC_EST_TB": "Regular", "DEFECT_TUB": "Corrosión Generalizada", "EVENTO_GEO": "No", "OBSERVACIO": "Se presenta un cruce aéreo apoyado en marcos H, presenta cobertura vegetal alta y terreno humedo en sus margenes, donde el Gasoducto realiza un fuerte cambio de direccion al final del cruce.", "EXISTENTE": "SI", "PROFUNDIDA": 0.0, "LATITUD": 5.1266714940000497, "LONGITUD": -75.183730527999955, "ALTITUD": 2460.2, "IMAGEN_1": "C002_IMG_20240127_080724.jpg", "IMAGEN_2": "C002_IMG_20240127_080728.jpg", "IMAGEN_3": "C002_IMG_20240127_080731.jpg", "ID": "CCA-52", "ENTREGA": "E34_R3", "CREC_SUBIT": "NO", "DIR_TUB": "(PERPENDICULAR)" }, "geometry": { "type": "Point", "coordinates": [ -75.183730527999955, 5.12667149400005, 2460.19999999999709 ] } },
{ "type": "Feature", "properties": { "FECHA": "27/01/2024 00:00:00 (UTC)", "DEPTO": "TOLIMA", "MPIO": "HERVEO", "VEREDA": "MESONES", "GASODUCTO": "MARIQUITA - CALI", "TRM_RML": "Mariquita - Letras", "TP_PK": "Fin", "PK": "043+212", "TP_DUCTO": "Troncal", "DISTRITO": "7", "DIAMETRO": "20", "TRM_REG": "MARIQUITA - PEREIRA", "ZONA": "2", "SENAL_EX": "NO", "FORMA_ACCE": "DDV", "TP_ACCESO": "Sendero a pie", "EST_ACCESO": "Bueno", "TP_SECCION": "CRUCE DE CUERPO DE AGUA", "NOM_AGUA": "Caño NN", "ANCHO_AGUA": 1.0, "TP_AGUA": "Otro", "UBIC_CRUCE": "Montaña", "CM_TORRENC": "NO", "CANALIZADO": "NO", "ALTERACION": "NO", "ZONA_INUND": "NO", "FORM_CAUCE": "Semirecto", "ESTABILID": "Estable", "TP_MARGEN": "Derecho", "TP_SOPORTE": "Marcos H", "LUZ_SOPORT": 15.0, "EST_SOPORT": "Bueno", "EXIST_CABL": "N.A.", "EST_CABLE": "Bueno", "MACIZO_ANC": "NO", "EST_MACIZO": "Bueno", "ZONA_TRANS": "No presenta", "TP_REVEST": "OTRO", "AREA_REVES": 0.0, "EST_REVEST": "Regular", "DEFECT_REV": "Desprendimiento", "DSC_EST_TB": "Regular", "DEFECT_TUB": "Corrosión Generalizada", "EVENTO_GEO": "No", "OBSERVACIO": "Se presenta un cruce aéreo apoyado en marcos H, presenta cobertura vegetal alta y terreno humedo en sus margenes, donde el Gasoducto realiza un fuerte cambio de direccion al final del cruce.", "EXISTENTE": "SI", "PROFUNDIDA": 0.0, "LATITUD": 5.126439868000034, "LONGITUD": -75.183896791999985, "ALTITUD": 2449.15, "IMAGEN_1": "C002_IMG_20240127_080240.jpg", "IMAGEN_2": "C002_IMG_20240127_080244.jpg", "IMAGEN_3": "C002_IMG_20240127_080247.jpg", "ID": "CCA-53", "ENTREGA": "E34_R3", "CREC_SUBIT": "NO", "DIR_TUB": "(PERPENDICULAR)" }, "geometry": { "type": "Point", "coordinates": [ -75.183896791999985, 5.126439868000034, 2449.149999999994179 ] } },
{ "type": "Feature", "properties": { "FECHA": "28/01/2024 00:00:00 (UTC)", "DEPTO": "TOLIMA", "MPIO": "HERVEO", "VEREDA": "DELGADITAS", "GASODUCTO": "MARIQUITA - CALI", "TRM_RML": "Mariquita - Letras", "TP_PK": "Fin", "PK": "050+881", "TP_DUCTO": "Troncal", "DISTRITO": "7", "DIAMETRO": "20", "TRM_REG": "MARIQUITA - PEREIRA", "ZONA": "2", "SENAL_EX": "NO", "FORMA_ACCE": "DDV", "TP_ACCESO": "Vía pavimentada", "EST_ACCESO": "Bueno", "TP_SECCION": "CRUCE DE CUERPO DE AGUA", "NOM_AGUA": "Caño NN", "ANCHO_AGUA": 2.0, "TP_AGUA": "Otro", "UBIC_CRUCE": "Montaña", "CM_TORRENC": "NO", "CANALIZADO": "NO", "ALTERACION": "NO", "ZONA_INUND": "NO", "FORM_CAUCE": "Meandrico", "ESTABILID": "Estable", "TP_MARGEN": "Izquierdo", "TP_SOPORTE": "Voladizo", "LUZ_SOPORT": 15.0, "EST_SOPORT": "Bueno", "EXIST_CABL": "N.A.", "EST_CABLE": "Bueno", "MACIZO_ANC": "NO", "EST_MACIZO": "Bueno", "ZONA_TRANS": "No presenta", "TP_REVEST": "OTRO", "AREA_REVES": 0.0, "EST_REVEST": "Bueno", "DEFECT_REV": "N.A.", "DSC_EST_TB": "Bueno", "DEFECT_TUB": "N.A.", "EVENTO_GEO": "No", "OBSERVACIO": "Se observa un cruce aereo, en voladizo, en sus extremos, sus margenes presentan cobertura vegetal alta, las obras existentes estan al costado derecho del DDV.", "EXISTENTE": "SI", "PROFUNDIDA": 0.0, "LATITUD": 5.0952443070000299, "LONGITUD": -75.229190560999939, "ALTITUD": 2532.55, "IMAGEN_1": "C002_IMG_20240128_095423.jpg", "IMAGEN_2": "C002_IMG_20240128_095430.jpg", "IMAGEN_3": "C002_IMG_20240128_095436.jpg", "ID": "CCA-54", "ENTREGA": "E34_R3", "CREC_SUBIT": "NO", "DIR_TUB": "(PERPENDICULAR)" }, "geometry": { "type": "Point", "coordinates": [ -75.229190560999939, 5.09524430700003, 2532.55000000000291 ] } },
{ "type": "Feature", "properties": { "FECHA": "28/01/2024 00:00:00 (UTC)", "DEPTO": "TOLIMA", "MPIO": "HERVEO", "VEREDA": "DELGADITAS", "GASODUCTO": "MARIQUITA - CALI", "TRM_RML": "Mariquita - Letras", "TP_PK": "Inicio", "PK": "050+873", "TP_DUCTO": "Troncal", "DISTRITO": "7", "DIAMETRO": "20", "TRM_REG": "MARIQUITA - PEREIRA", "ZONA": "2", "SENAL_EX": "SI", "FORMA_ACCE": "DDV", "TP_ACCESO": "Vía pavimentada", "EST_ACCESO": "Bueno", "TP_SECCION": "CRUCE DE CUERPO DE AGUA", "NOM_AGUA": "Caño NN", "ANCHO_AGUA": 2.0, "TP_AGUA": "Otro", "UBIC_CRUCE": "Montaña", "CM_TORRENC": "NO", "CANALIZADO": "NO", "ALTERACION": "NO", "ZONA_INUND": "NO", "FORM_CAUCE": "Meandrico", "ESTABILID": "Estable", "TP_MARGEN": "Derecho", "TP_SOPORTE": "Voladizo", "LUZ_SOPORT": 15.0, "EST_SOPORT": "Bueno", "EXIST_CABL": "N.A.", "EST_CABLE": "Bueno", "MACIZO_ANC": "NO", "EST_MACIZO": "Bueno", "ZONA_TRANS": "No presenta", "TP_REVEST": "OTRO", "AREA_REVES": 0.0, "EST_REVEST": "Bueno", "DEFECT_REV": "N.A.", "DSC_EST_TB": "Bueno", "DEFECT_TUB": "N.A.", "EVENTO_GEO": "No", "OBSERVACIO": "Se observa un cruce aereo, en voladizo, en sus extremos, sus margenes presentan cobertura vegetal alta, las obras existentes estan al costado derecho del DDV.", "EXISTENTE": "SI", "PROFUNDIDA": 0.0, "LATITUD": 5.0953072890000612, "LONGITUD": -75.22917524199994, "ALTITUD": 2564.75, "IMAGEN_1": "C002_IMG_20240128_100126.jpg", "IMAGEN_2": "C002_IMG_20240128_100202.jpg", "IMAGEN_3": "C002_IMG_20240128_100220.jpg", "ID": "CCA-55", "ENTREGA": "E34_R3", "CREC_SUBIT": "NO", "DIR_TUB": "(PERPENDICULAR)" }, "geometry": { "type": "Point", "coordinates": [ -75.22917524199994, 5.095307289000061, 2564.75 ] } },
{ "type": "Feature", "properties": { "FECHA": "21/01/2024 00:00:00 (UTC)", "DEPTO": "TOLIMA", "MPIO": "HERVEO", "VEREDA": "LETRAS", "GASODUCTO": "MARIQUITA - CALI", "TRM_RML": "Mariquita - Letras", "TP_PK": "Fin", "PK": "067+136", "TP_DUCTO": "Troncal", "DISTRITO": "7", "DIAMETRO": "20", "TRM_REG": "MARIQUITA - PEREIRA", "ZONA": "2", "SENAL_EX": "SI", "FORMA_ACCE": "DDV", "TP_ACCESO": "Sendero a pie", "EST_ACCESO": "Bueno", "TP_SECCION": "CRUCE DE CUERPO DE AGUA", "NOM_AGUA": "Caño NN", "ANCHO_AGUA": 0.5, "TP_AGUA": "Otro", "UBIC_CRUCE": "Montaña", "CM_TORRENC": "NO", "CANALIZADO": "NO", "ALTERACION": "NO", "ZONA_INUND": "NO", "FORM_CAUCE": "Semirecto", "ESTABILID": "Estable", "TP_MARGEN": "Izquierdo", "TP_SOPORTE": "Marcos H", "LUZ_SOPORT": 0.0, "EST_SOPORT": "Bueno", "EXIST_CABL": "N.A.", "EST_CABLE": "Bueno", "MACIZO_ANC": "NO", "EST_MACIZO": "Bueno", "ZONA_TRANS": "No presenta", "TP_REVEST": "OTRO", "AREA_REVES": 0.0, "EST_REVEST": "Bueno", "DEFECT_REV": "N.A.", "DSC_EST_TB": "Bueno", "DEFECT_TUB": "N.A.", "EVENTO_GEO": "Si", "OBSERVACIO": "Cruce aéreo, apoyado sobre dos marcos H.", "EXISTENTE": "SI", "PROFUNDIDA": 0.0, "LATITUD": 5.0638069490000248, "LONGITUD": -75.334942835999982, "ALTITUD": 3673.2, "IMAGEN_1": "C003_IMG_20240121_080134.jpg", "IMAGEN_2": "C003_IMG_20240121_080146.jpg", "IMAGEN_3": "C003_IMG_20240121_080153.jpg", "ID": "CCA-12", "ENTREGA": "E36_R3", "CREC_SUBIT": "NO", "DIR_TUB": "PERPENDICULAR" }, "geometry": { "type": "Point", "coordinates": [ -75.334942835999982, 5.063806949000025, 3673.19999999999709 ] } },
{ "type": "Feature", "properties": { "FECHA": "21/01/2024 00:00:00 (UTC)", "DEPTO": "TOLIMA", "MPIO": "HERVEO", "VEREDA": "LETRAS", "GASODUCTO": "MARIQUITA - CALI", "TRM_RML": "Mariquita - Letras", "TP_PK": "Inicio", "PK": "067+123", "TP_DUCTO": "Troncal", "DISTRITO": "7", "DIAMETRO": "20", "TRM_REG": "MARIQUITA - PEREIRA", "ZONA": "2", "SENAL_EX": "SI", "FORMA_ACCE": "DDV", "TP_ACCESO": "Sendero a pie", "EST_ACCESO": "Bueno", "TP_SECCION": "CRUCE DE CUERPO DE AGUA", "NOM_AGUA": "Caño NN", "ANCHO_AGUA": 0.5, "TP_AGUA": "Otro", "UBIC_CRUCE": "Montaña", "CM_TORRENC": "NO", "CANALIZADO": "NO", "ALTERACION": "NO", "ZONA_INUND": "NO", "FORM_CAUCE": "Semirecto", "ESTABILID": "Estable", "TP_MARGEN": "Derecho", "TP_SOPORTE": "Marcos H", "LUZ_SOPORT": 15.0, "EST_SOPORT": "Bueno", "EXIST_CABL": "N.A.", "EST_CABLE": "Bueno", "MACIZO_ANC": "NO", "EST_MACIZO": "Bueno", "ZONA_TRANS": "No presenta", "TP_REVEST": "OTRO", "AREA_REVES": 0.0, "EST_REVEST": "Bueno", "DEFECT_REV": "N.A.", "DSC_EST_TB": "Bueno", "DEFECT_TUB": "N.A.", "EVENTO_GEO": "Si", "OBSERVACIO": "Cruce aéreo, apoyado sobre dos marcos H.", "EXISTENTE": "SI", "PROFUNDIDA": 0.0, "LATITUD": 5.0639503200000604, "LONGITUD": -75.334711483999968, "ALTITUD": 3629.85, "IMAGEN_1": "C003_IMG_20240121_074737.jpg", "IMAGEN_2": "C003_IMG_20240121_074745.jpg", "IMAGEN_3": "C003_IMG_20240121_074752.jpg", "ID": "CCA-13", "ENTREGA": "E36_R3", "CREC_SUBIT": "NO", "DIR_TUB": "PERPENDICULAR" }, "geometry": { "type": "Point", "coordinates": [ -75.334711483999968, 5.06395032000006, 3629.850000000005821 ] } },
{ "type": "Feature", "properties": { "FECHA": "21/01/2024 00:00:00 (UTC)", "DEPTO": "TOLIMA", "MPIO": "HERVEO", "VEREDA": "LETRAS", "GASODUCTO": "MARIQUITA - CALI", "TRM_RML": "Letras - Marsella", "TP_PK": "Inicio", "PK": "067+336", "TP_DUCTO": "Troncal", "DISTRITO": "7", "DIAMETRO": "20", "TRM_REG": "MARIQUITA - PEREIRA", "ZONA": "2", "SENAL_EX": "SI", "FORMA_ACCE": "DDV", "TP_ACCESO": "Vía destapada", "EST_ACCESO": "Bueno", "TP_SECCION": "CRUCE DE CUERPO DE AGUA", "NOM_AGUA": "Quebrada Altamira", "ANCHO_AGUA": 3.0, "TP_AGUA": "Otro", "UBIC_CRUCE": "Montaña", "CM_TORRENC": "NO", "CANALIZADO": "NO", "ALTERACION": "NO", "ZONA_INUND": "NO", "FORM_CAUCE": "Trenzado", "ESTABILID": "Estable", "TP_MARGEN": "Derecho", "TP_SOPORTE": "Marcos H", "LUZ_SOPORT": 10.0, "EST_SOPORT": "Bueno", "EXIST_CABL": "NO", "EST_CABLE": "Bueno", "MACIZO_ANC": "NO", "EST_MACIZO": "Bueno", "ZONA_TRANS": " ", "TP_REVEST": "FBE", "AREA_REVES": 0.0, "EST_REVEST": "Bueno", "DEFECT_REV": "N.A.", "DSC_EST_TB": "Bueno", "DEFECT_TUB": "N.A.", "EVENTO_GEO": "No", "OBSERVACIO": " ", "EXISTENTE": "SI", "PROFUNDIDA": 0.0, "LATITUD": 5.0623855870000511, "LONGITUD": -75.337625816999946, "ALTITUD": 3601.2333, "IMAGEN_1": "C003_IMG_20240121_082923.jpg", "IMAGEN_2": "C003_IMG_20240121_082932.jpg", "IMAGEN_3": "C003_IMG_20240121_082940.jpg", "ID": "CCA-14", "ENTREGA": "E36_R3", "CREC_SUBIT": "NO", "DIR_TUB": "PERPENDICULAR" }, "geometry": { "type": "Point", "coordinates": [ -75.337625816999946, 5.062385587000051, 3601.233300000007148 ] } },
{ "type": "Feature", "properties": { "FECHA": "21/01/2024 00:00:00 (UTC)", "DEPTO": "TOLIMA", "MPIO": "HERVEO", "VEREDA": "LETRAS", "GASODUCTO": "MARIQUITA - CALI", "TRM_RML": "Letras - Marsella", "TP_PK": "Fin", "PK": "067+354", "TP_DUCTO": "Troncal", "DISTRITO": "7", "DIAMETRO": "20", "TRM_REG": "MARIQUITA - PEREIRA", "ZONA": "2", "SENAL_EX": "SI", "FORMA_ACCE": "DDV", "TP_ACCESO": "Vía destapada", "EST_ACCESO": "Bueno", "TP_SECCION": "CRUCE DE CUERPO DE AGUA", "NOM_AGUA": "Quebrada Altamira", "ANCHO_AGUA": 3.0, "TP_AGUA": "Otro", "UBIC_CRUCE": "Montaña", "CM_TORRENC": "NO", "CANALIZADO": "NO", "ALTERACION": "NO", "ZONA_INUND": "NO", "FORM_CAUCE": "Trenzado", "ESTABILID": "Estable", "TP_MARGEN": "Izquierdo", "TP_SOPORTE": "Marcos H", "LUZ_SOPORT": 10.0, "EST_SOPORT": "Bueno", "EXIST_CABL": "NO", "EST_CABLE": "Bueno", "MACIZO_ANC": "NO", "EST_MACIZO": "Bueno", "ZONA_TRANS": " ", "TP_REVEST": "FBE", "AREA_REVES": 0.0, "EST_REVEST": "Bueno", "DEFECT_REV": "N.A.", "DSC_EST_TB": "Bueno", "DEFECT_TUB": "N.A.", "EVENTO_GEO": "No", "OBSERVACIO": " ", "EXISTENTE": "SI", "PROFUNDIDA": 0.0, "LATITUD": 5.0622341670000424, "LONGITUD": -75.337812221999968, "ALTITUD": 3595.1833, "IMAGEN_1": "C003_IMG_20240121_083639.jpg", "IMAGEN_2": "C003_IMG_20240121_083648.jpg", "IMAGEN_3": "C003_IMG_20240121_083656.jpg", "ID": "CCA-15", "ENTREGA": "E36_R3", "CREC_SUBIT": "NO", "DIR_TUB": "PERPENDICULAR" }, "geometry": { "type": "Point", "coordinates": [ -75.337812221999968, 5.062234167000042, 3595.183300000004238 ] } },
{ "type": "Feature", "properties": { "FECHA": "21/01/2024 00:00:00 (UTC)", "DEPTO": "CALDAS", "MPIO": "MARULANDA", "VEREDA": "EL ZANCUDO", "GASODUCTO": "MARIQUITA - CALI", "TRM_RML": "Letras - Marsella", "TP_PK": "Inicio", "PK": "068+352", "TP_DUCTO": "Troncal", "DISTRITO": "7", "DIAMETRO": "20", "TRM_REG": "MARIQUITA - PEREIRA", "ZONA": "2", "SENAL_EX": "SI", "FORMA_ACCE": "DDV", "TP_ACCESO": "Vía destapada", "EST_ACCESO": "Bueno", "TP_SECCION": "CRUCE DE CUERPO DE AGUA", "NOM_AGUA": "Quebrada NN", "ANCHO_AGUA": 6.0, "TP_AGUA": "Otro", "UBIC_CRUCE": "Montaña", "CM_TORRENC": "NO", "CANALIZADO": "NO", "ALTERACION": "NO", "ZONA_INUND": "NO", "FORM_CAUCE": "Trenzado", "ESTABILID": "Estable", "TP_MARGEN": "Derecho", "TP_SOPORTE": "Marcos H", "LUZ_SOPORT": 8.0, "EST_SOPORT": "Bueno", "EXIST_CABL": "NO", "EST_CABLE": "Bueno", "MACIZO_ANC": "NO", "EST_MACIZO": "Bueno", "ZONA_TRANS": " ", "TP_REVEST": "FBE", "AREA_REVES": 0.0, "EST_REVEST": "Bueno", "DEFECT_REV": "N.A.", "DSC_EST_TB": "Bueno", "DEFECT_TUB": "N.A.", "EVENTO_GEO": "No", "OBSERVACIO": " ", "EXISTENTE": "SI", "PROFUNDIDA": 0.0, "LATITUD": 5.0591422680000733, "LONGITUD": -75.34850653899997, "ALTITUD": 3607.6667, "IMAGEN_1": "C003_IMG_20240121_101839.jpg", "IMAGEN_2": "C003_IMG_20240121_101854.jpg", "IMAGEN_3": "C003_IMG_20240121_101901.jpg", "ID": "CCA-16", "ENTREGA": "E36_R3", "CREC_SUBIT": "NO", "DIR_TUB": "PERPENDICULAR" }, "geometry": { "type": "Point", "coordinates": [ -75.34850653899997, 5.059142268000073, 3607.666700000001583 ] } },
{ "type": "Feature", "properties": { "FECHA": "21/01/2024 00:00:00 (UTC)", "DEPTO": "CALDAS", "MPIO": "MARULANDA", "VEREDA": "EL ZANCUDO", "GASODUCTO": "MARIQUITA - CALI", "TRM_RML": "Letras - Marsella", "TP_PK": "Fin", "PK": "068+388", "TP_DUCTO": "Troncal", "DISTRITO": "7", "DIAMETRO": "20", "TRM_REG": "MARIQUITA - PEREIRA", "ZONA": "2", "SENAL_EX": "SI", "FORMA_ACCE": "DDV", "TP_ACCESO": "Vía destapada", "EST_ACCESO": "Bueno", "TP_SECCION": "CRUCE DE CUERPO DE AGUA", "NOM_AGUA": "Quebrada NN", "ANCHO_AGUA": 6.0, "TP_AGUA": "Otro", "UBIC_CRUCE": "Montaña", "CM_TORRENC": "NO", "CANALIZADO": "NO", "ALTERACION": "NO", "ZONA_INUND": "NO", "FORM_CAUCE": "Trenzado", "ESTABILID": "Estable", "TP_MARGEN": "Izquierdo", "TP_SOPORTE": "Marcos H", "LUZ_SOPORT": 8.0, "EST_SOPORT": "Bueno", "EXIST_CABL": "NO", "EST_CABLE": "Bueno", "MACIZO_ANC": "NO", "EST_MACIZO": "Bueno", "ZONA_TRANS": " ", "TP_REVEST": "FBE", "AREA_REVES": 0.0, "EST_REVEST": "Bueno", "DEFECT_REV": "N.A.", "DSC_EST_TB": "Bueno", "DEFECT_TUB": "N.A.", "EVENTO_GEO": "No", "OBSERVACIO": " ", "EXISTENTE": "SI", "PROFUNDIDA": 0.0, "LATITUD": 5.0592164620000517, "LONGITUD": -75.348819822999985, "ALTITUD": 3603.1833, "IMAGEN_1": "C003_IMG_20240121_103250.jpg", "IMAGEN_2": "C003_IMG_20240121_103258.jpg", "IMAGEN_3": "C003_IMG_20240121_103305.jpg", "ID": "CCA-17", "ENTREGA": "E36_R3", "CREC_SUBIT": "NO", "DIR_TUB": "PERPENDICULAR" }, "geometry": { "type": "Point", "coordinates": [ -75.348819822999985, 5.059216462000052, 3603.183300000004238 ] } },
{ "type": "Feature", "properties": { "FECHA": "21/01/2024 00:00:00 (UTC)", "DEPTO": "CALDAS", "MPIO": "MARULANDA", "VEREDA": "EL ZANCUDO", "GASODUCTO": "MARIQUITA - CALI", "TRM_RML": "Letras - Marsella", "TP_PK": "Inicio", "PK": "068+823", "TP_DUCTO": "Troncal", "DISTRITO": "7", "DIAMETRO": "20", "TRM_REG": "MARIQUITA - PEREIRA", "ZONA": "2", "SENAL_EX": "SI", "FORMA_ACCE": "DDV", "TP_ACCESO": "Vía destapada", "EST_ACCESO": "Bueno", "TP_SECCION": "CRUCE DE CUERPO DE AGUA", "NOM_AGUA": "Quebrada NN", "ANCHO_AGUA": 5.0, "TP_AGUA": "Otro", "UBIC_CRUCE": "Montaña", "CM_TORRENC": "NO", "CANALIZADO": "NO", "ALTERACION": "NO", "ZONA_INUND": "NO", "FORM_CAUCE": "Trenzado", "ESTABILID": "Estable", "TP_MARGEN": "Derecho", "TP_SOPORTE": "Marcos H", "LUZ_SOPORT": 10.0, "EST_SOPORT": "Bueno", "EXIST_CABL": "NO", "EST_CABLE": "Bueno", "MACIZO_ANC": "NO", "EST_MACIZO": "Bueno", "ZONA_TRANS": " ", "TP_REVEST": "FBE", "AREA_REVES": 0.0, "EST_REVEST": "Bueno", "DEFECT_REV": "N.A.", "DSC_EST_TB": "Bueno", "DEFECT_TUB": "N.A.", "EVENTO_GEO": "No", "OBSERVACIO": " ", "EXISTENTE": "SI", "PROFUNDIDA": 0.0, "LATITUD": 5.0607814090000716, "LONGITUD": -75.352160209999965, "ALTITUD": 3636.5833, "IMAGEN_1": "C003_IMG_20240121_110801.jpg", "IMAGEN_2": "C003_IMG_20240121_110807.jpg", "IMAGEN_3": "C003_IMG_20240121_110815.jpg", "ID": "CCA-18", "ENTREGA": "E36_R3", "CREC_SUBIT": "NO", "DIR_TUB": "PERPENDICULAR" }, "geometry": { "type": "Point", "coordinates": [ -75.352160209999965, 5.060781409000072, 3636.583299999998417 ] } },
{ "type": "Feature", "properties": { "FECHA": "21/01/2024 00:00:00 (UTC)", "DEPTO": "CALDAS", "MPIO": "MARULANDA", "VEREDA": "EL ZANCUDO", "GASODUCTO": "MARIQUITA - CALI", "TRM_RML": "Letras - Marsella", "TP_PK": "Fin", "PK": "068+850", "TP_DUCTO": "Troncal", "DISTRITO": "7", "DIAMETRO": "20", "TRM_REG": "MARIQUITA - PEREIRA", "ZONA": "2", "SENAL_EX": "SI", "FORMA_ACCE": "DDV", "TP_ACCESO": "Vía destapada", "EST_ACCESO": "Bueno", "TP_SECCION": "CRUCE DE CUERPO DE AGUA", "NOM_AGUA": "Quebrada NN", "ANCHO_AGUA": 5.0, "TP_AGUA": "Otro", "UBIC_CRUCE": "Montaña", "CM_TORRENC": "NO", "CANALIZADO": "NO", "ALTERACION": "NO", "ZONA_INUND": "NO", "FORM_CAUCE": "Trenzado", "ESTABILID": "Estable", "TP_MARGEN": "Izquierdo", "TP_SOPORTE": "Marcos H", "LUZ_SOPORT": 10.0, "EST_SOPORT": "Bueno", "EXIST_CABL": "NO", "EST_CABLE": "Bueno", "MACIZO_ANC": "NO", "EST_MACIZO": "Bueno", "ZONA_TRANS": " ", "TP_REVEST": "FBE", "AREA_REVES": 0.0, "EST_REVEST": "Bueno", "DEFECT_REV": "N.A.", "DSC_EST_TB": "Bueno", "DEFECT_TUB": "N.A.", "EVENTO_GEO": "No", "OBSERVACIO": " ", "EXISTENTE": "SI", "PROFUNDIDA": 0.0, "LATITUD": 5.0608982760000458, "LONGITUD": -75.352373083999964, "ALTITUD": 3639.6333, "IMAGEN_1": "C003_IMG_20240121_111304.jpg", "IMAGEN_2": "C003_IMG_20240121_111316.jpg", "IMAGEN_3": "C003_IMG_20240121_111324.jpg", "ID": "CCA-19", "ENTREGA": "E36_R3", "CREC_SUBIT": "NO", "DIR_TUB": "PERPENDICULAR" }, "geometry": { "type": "Point", "coordinates": [ -75.352373083999964, 5.060898276000046, 3639.633300000001327 ] } },
{ "type": "Feature", "properties": { "FECHA": "22/01/2024 00:00:00 (UTC)", "DEPTO": "CALDAS", "MPIO": "MANIZALES", "VEREDA": "LA ESPERANZA", "GASODUCTO": "MARIQUITA - CALI", "TRM_RML": "Letras - Marsella", "TP_PK": "Inicio", "PK": "070+365", "TP_DUCTO": "Troncal", "DISTRITO": "7", "DIAMETRO": "20", "TRM_REG": "MARIQUITA - PEREIRA", "ZONA": "2", "SENAL_EX": "SI", "FORMA_ACCE": "DDV", "TP_ACCESO": "Vía destapada", "EST_ACCESO": "Bueno", "TP_SECCION": "CRUCE DE CUERPO DE AGUA", "NOM_AGUA": "Quebrada NN", "ANCHO_AGUA": 20.0, "TP_AGUA": "Secundaria", "UBIC_CRUCE": "Montaña", "CM_TORRENC": "NO", "CANALIZADO": "NO", "ALTERACION": "NO", "ZONA_INUND": "NO", "FORM_CAUCE": "Trenzado", "ESTABILID": "Estable", "TP_MARGEN": "Izquierdo", "TP_SOPORTE": "Marcos H", "LUZ_SOPORT": 10.0, "EST_SOPORT": "Bueno", "EXIST_CABL": "NO", "EST_CABLE": "Bueno", "MACIZO_ANC": "NO", "EST_MACIZO": "Bueno", "ZONA_TRANS": " ", "TP_REVEST": "FBE", "AREA_REVES": 0.0, "EST_REVEST": "Bueno", "DEFECT_REV": "N.A.", "DSC_EST_TB": "Bueno", "DEFECT_TUB": "N.A.", "EVENTO_GEO": "No", "OBSERVACIO": "1 soporte Marco H", "EXISTENTE": "SI", "PROFUNDIDA": 0.0, "LATITUD": 5.0602218950000406, "LONGITUD": -75.365392917999941, "ALTITUD": 3733.6, "IMAGEN_1": "C003_IMG_20240122_081849.jpg", "IMAGEN_2": "C003_IMG_20240122_081856.jpg", "IMAGEN_3": "C003_IMG_20240122_081905.jpg", "ID": "CCA-20", "ENTREGA": "E36_R3", "CREC_SUBIT": "NO", "DIR_TUB": "PERPENDICULAR" }, "geometry": { "type": "Point", "coordinates": [ -75.365392917999941, 5.060221895000041, 3733.600000000005821 ] } },
{ "type": "Feature", "properties": { "FECHA": "22/01/2024 00:00:00 (UTC)", "DEPTO": "CALDAS", "MPIO": "MANIZALES", "VEREDA": "LA ESPERANZA", "GASODUCTO": "MARIQUITA - CALI", "TRM_RML": "Letras - Marsella", "TP_PK": "Fin", "PK": "070+390", "TP_DUCTO": "Troncal", "DISTRITO": "7", "DIAMETRO": "20", "TRM_REG": "MARIQUITA - PEREIRA", "ZONA": "2", "SENAL_EX": "SI", "FORMA_ACCE": "DDV", "TP_ACCESO": "Vía destapada", "EST_ACCESO": "Bueno", "TP_SECCION": "CRUCE DE CUERPO DE AGUA", "NOM_AGUA": "Quebrada NN", "ANCHO_AGUA": 20.0, "TP_AGUA": "Secundaria", "UBIC_CRUCE": "Montaña", "CM_TORRENC": "NO", "CANALIZADO": "NO", "ALTERACION": "NO", "ZONA_INUND": "NO", "FORM_CAUCE": "Trenzado", "ESTABILID": "Estable", "TP_MARGEN": "Derecho", "TP_SOPORTE": "Marcos H", "LUZ_SOPORT": 10.0, "EST_SOPORT": "Bueno", "EXIST_CABL": "NO", "EST_CABLE": "Bueno", "MACIZO_ANC": "NO", "EST_MACIZO": "Bueno", "ZONA_TRANS": " ", "TP_REVEST": "FBE", "AREA_REVES": 0.0, "EST_REVEST": "Bueno", "DEFECT_REV": "N.A.", "DSC_EST_TB": "Bueno", "DEFECT_TUB": "N.A.", "EVENTO_GEO": "No", "OBSERVACIO": "1 soporte Marco H", "EXISTENTE": "SI", "PROFUNDIDA": 0.0, "LATITUD": 5.0601734480000573, "LONGITUD": -75.365614870999934, "ALTITUD": 3733.8167, "IMAGEN_1": "C003_IMG_20240122_083115.jpg", "IMAGEN_2": "C003_IMG_20240122_083125.jpg", "IMAGEN_3": "C003_IMG_20240122_083347.jpg", "ID": "CCA-21", "ENTREGA": "E36_R3", "CREC_SUBIT": "NO", "DIR_TUB": "PERPENDICULAR" }, "geometry": { "type": "Point", "coordinates": [ -75.365614870999934, 5.060173448000057, 3733.816699999995762 ] } },
{ "type": "Feature", "properties": { "FECHA": "28/01/2024 00:00:00 (UTC)", "DEPTO": "CALDAS", "MPIO": "MANIZALES", "VEREDA": "ÁREA URBANA", "GASODUCTO": "MARIQUITA - CALI", "TRM_RML": "Letras - Marsella", "TP_PK": "Inicio", "PK": "079+121", "TP_DUCTO": "Troncal", "DISTRITO": "7", "DIAMETRO": "20", "TRM_REG": "MARIQUITA - PEREIRA", "ZONA": "2", "SENAL_EX": "SI", "FORMA_ACCE": "DDV", "TP_ACCESO": "Vía pavimentada", "EST_ACCESO": "Bueno", "TP_SECCION": "CRUCE DE CUERPO DE AGUA", "NOM_AGUA": "Quebrada Tesorito", "ANCHO_AGUA": 14.0, "TP_AGUA": "Secundaria", "UBIC_CRUCE": "Montaña", "CM_TORRENC": "NO", "CANALIZADO": "NO", "ALTERACION": "NO", "ZONA_INUND": "NO", "FORM_CAUCE": "Trenzado", "ESTABILID": "Estable", "TP_MARGEN": "Derecho", "TP_SOPORTE": "Marcos H", "LUZ_SOPORT": 10.0, "EST_SOPORT": "Bueno", "EXIST_CABL": "SI", "EST_CABLE": "Bueno", "MACIZO_ANC": "NO", "EST_MACIZO": "Bueno", "ZONA_TRANS": " ", "TP_REVEST": "FBE", "AREA_REVES": 0.0, "EST_REVEST": "Bueno", "DEFECT_REV": "N.A.", "DSC_EST_TB": "Bueno", "DEFECT_TUB": "N.A.", "EVENTO_GEO": "Si", "OBSERVACIO": " ", "EXISTENTE": "SI", "PROFUNDIDA": 0.0, "LATITUD": 5.0332619440000599, "LONGITUD": -75.425932221999972, "ALTITUD": 2368.5333, "IMAGEN_1": "C003_IMG_20240128_065857.jpg", "IMAGEN_2": "C003_IMG_20240128_065905.jpg", "IMAGEN_3": "C003_IMG_20240128_065913.jpg", "ID": "CCA-22", "ENTREGA": "E36_R3", "CREC_SUBIT": "SI", "DIR_TUB": "PERPENDICULAR" }, "geometry": { "type": "Point", "coordinates": [ -75.425932221999972, 5.03326194400006, 2368.533299999995506 ] } },
{ "type": "Feature", "properties": { "FECHA": "28/01/2024 00:00:00 (UTC)", "DEPTO": "CALDAS", "MPIO": "MANIZALES", "VEREDA": "ÁREA URBANA", "GASODUCTO": "MARIQUITA - CALI", "TRM_RML": "Letras - Marsella", "TP_PK": "Fin", "PK": "079+171", "TP_DUCTO": "Troncal", "DISTRITO": "7", "DIAMETRO": "20", "TRM_REG": "MARIQUITA - PEREIRA", "ZONA": "2", "SENAL_EX": "SI", "FORMA_ACCE": "DDV", "TP_ACCESO": "Vía pavimentada", "EST_ACCESO": "Bueno", "TP_SECCION": "CRUCE DE CUERPO DE AGUA", "NOM_AGUA": "Quebrada Tesorito", "ANCHO_AGUA": 14.0, "TP_AGUA": "Secundaria", "UBIC_CRUCE": "Montaña", "CM_TORRENC": "NO", "CANALIZADO": "NO", "ALTERACION": "NO", "ZONA_INUND": "NO", "FORM_CAUCE": "Trenzado", "ESTABILID": "Estable", "TP_MARGEN": "Izquierdo", "TP_SOPORTE": "Marcos H", "LUZ_SOPORT": 10.0, "EST_SOPORT": "Bueno", "EXIST_CABL": "SI", "EST_CABLE": "Bueno", "MACIZO_ANC": "NO", "EST_MACIZO": "Bueno", "ZONA_TRANS": " ", "TP_REVEST": "FBE", "AREA_REVES": 0.0, "EST_REVEST": "Bueno", "DEFECT_REV": "N.A.", "DSC_EST_TB": "Bueno", "DEFECT_TUB": "N.A.", "EVENTO_GEO": "Si", "OBSERVACIO": " ", "EXISTENTE": "SI", "PROFUNDIDA": 0.0, "LATITUD": 5.0328832270000703, "LONGITUD": -75.426108733999968, "ALTITUD": 2360.9667, "IMAGEN_1": "C003_IMG_20240128_072305.jpg", "IMAGEN_2": "C003_IMG_20240128_072312.jpg", "IMAGEN_3": "C003_IMG_20240128_072320.jpg", "ID": "CCA-23", "ENTREGA": "E36_R3", "CREC_SUBIT": "SI", "DIR_TUB": "PERPENDICULAR" }, "geometry": { "type": "Point", "coordinates": [ -75.426108733999968, 5.03288322700007, 2360.966700000004494 ] } },
{ "type": "Feature", "properties": { "FECHA": "28/01/2024 00:00:00 (UTC)", "DEPTO": "CALDAS", "MPIO": "MANIZALES", "VEREDA": "ÁREA URBANA", "GASODUCTO": "MARIQUITA - CALI", "TRM_RML": "Letras - Marsella", "TP_PK": "Inicio", "PK": "079+276", "TP_DUCTO": "Troncal", "DISTRITO": "7", "DIAMETRO": "20", "TRM_REG": "MARIQUITA - PEREIRA", "ZONA": "2", "SENAL_EX": "SI", "FORMA_ACCE": "DDV", "TP_ACCESO": "Vía pavimentada", "EST_ACCESO": "Bueno", "TP_SECCION": "CRUCE DE CUERPO DE AGUA", "NOM_AGUA": "Caño NN", "ANCHO_AGUA": 2.0, "TP_AGUA": "Otro", "UBIC_CRUCE": "Montaña", "CM_TORRENC": "NO", "CANALIZADO": "NO", "ALTERACION": "NO", "ZONA_INUND": "NO", "FORM_CAUCE": "Trenzado", "ESTABILID": "Estable", "TP_MARGEN": "Derecho", "TP_SOPORTE": "Marcos H", "LUZ_SOPORT": 20.0, "EST_SOPORT": "Bueno", "EXIST_CABL": "NO", "EST_CABLE": "Bueno", "MACIZO_ANC": "NO", "EST_MACIZO": "Bueno", "ZONA_TRANS": " ", "TP_REVEST": "FBE", "AREA_REVES": 0.0, "EST_REVEST": "Bueno", "DEFECT_REV": "N.A.", "DSC_EST_TB": "Bueno", "DEFECT_TUB": "N.A.", "EVENTO_GEO": "No", "OBSERVACIO": " ", "EXISTENTE": "SI", "PROFUNDIDA": 0.0, "LATITUD": 5.032073333000028, "LONGITUD": -75.426491110999962, "ALTITUD": 2405.7333, "IMAGEN_1": "C003_IMG_20240128_074839.jpg", "IMAGEN_2": "C003_IMG_20240128_074847.jpg", "IMAGEN_3": "C003_IMG_20240128_074854.jpg", "ID": "CCA-24", "ENTREGA": "E36_R3", "CREC_SUBIT": "NO", "DIR_TUB": "PERPENDICULAR" }, "geometry": { "type": "Point", "coordinates": [ -75.426491110999962, 5.032073333000028, 2405.733300000007148 ] } },
{ "type": "Feature", "properties": { "FECHA": "28/01/2024 00:00:00 (UTC)", "DEPTO": "CALDAS", "MPIO": "MANIZALES", "VEREDA": "ÁREA URBANA", "GASODUCTO": "MARIQUITA - CALI", "TRM_RML": "Letras - Marsella", "TP_PK": "Fin", "PK": "079+295", "TP_DUCTO": "Troncal", "DISTRITO": "7", "DIAMETRO": "20", "TRM_REG": "MARIQUITA - PEREIRA", "ZONA": "2", "SENAL_EX": "NO", "FORMA_ACCE": "DDV", "TP_ACCESO": "Vía pavimentada", "EST_ACCESO": "Bueno", "TP_SECCION": "CRUCE DE CUERPO DE AGUA", "NOM_AGUA": "Caño NN", "ANCHO_AGUA": 2.0, "TP_AGUA": "Otro", "UBIC_CRUCE": "Montaña", "CM_TORRENC": "NO", "CANALIZADO": "NO", "ALTERACION": "NO", "ZONA_INUND": "NO", "FORM_CAUCE": "Trenzado", "ESTABILID": "Estable", "TP_MARGEN": "Izquierdo", "TP_SOPORTE": "Marcos H", "LUZ_SOPORT": 20.0, "EST_SOPORT": "Bueno", "EXIST_CABL": "NO", "EST_CABLE": "Bueno", "MACIZO_ANC": "NO", "EST_MACIZO": "Bueno", "ZONA_TRANS": " ", "TP_REVEST": "FBE", "AREA_REVES": 0.0, "EST_REVEST": "Bueno", "DEFECT_REV": "N.A.", "DSC_EST_TB": "Bueno", "DEFECT_TUB": "N.A.", "EVENTO_GEO": "No", "OBSERVACIO": " ", "EXISTENTE": "SI", "PROFUNDIDA": 0.0, "LATITUD": 5.0319279050000318, "LONGITUD": -75.42654921899998, "ALTITUD": 2395.9333, "IMAGEN_1": "C003_IMG_20240128_075925.jpg", "IMAGEN_2": "C003_IMG_20240128_075933.jpg", "IMAGEN_3": "C003_IMG_20240128_075940.jpg", "ID": "CCA-25", "ENTREGA": "E36_R3", "CREC_SUBIT": "NO", "DIR_TUB": "PERPENDICULAR" }, "geometry": { "type": "Point", "coordinates": [ -75.42654921899998, 5.031927905000032, 2395.933300000004238 ] } },
{ "type": "Feature", "properties": { "FECHA": "27/01/2024 00:00:00 (UTC)", "DEPTO": "CALDAS", "MPIO": "NEIRA", "VEREDA": "BUENOS AIRES", "GASODUCTO": "MARIQUITA - CALI", "TRM_RML": "Neira", "TP_PK": "Fin", "PK": "018+216", "TP_DUCTO": "Ramal", "DISTRITO": "7", "DIAMETRO": "2", "TRM_REG": "MARIQUITA - PEREIRA", "ZONA": "2", "SENAL_EX": "NO", "FORMA_ACCE": "DDV", "TP_ACCESO": "Vía destapada", "EST_ACCESO": "Bueno", "TP_SECCION": "CRUCE DE CUERPO DE AGUA", "NOM_AGUA": "Río Guacaica", "ANCHO_AGUA": 35.0, "TP_AGUA": "Principal", "UBIC_CRUCE": "Montaña", "CM_TORRENC": "NO", "CANALIZADO": "NO", "ALTERACION": "NO", "ZONA_INUND": "NO", "FORM_CAUCE": "Trenzado", "ESTABILID": "Estable", "TP_MARGEN": "Derecho", "TP_SOPORTE": "Marcos H", "LUZ_SOPORT": 30.0, "EST_SOPORT": "Bueno", "EXIST_CABL": "SI", "EST_CABLE": "Bueno", "MACIZO_ANC": "SI", "EST_MACIZO": "Bueno", "ZONA_TRANS": " ", "TP_REVEST": "FBE", "AREA_REVES": 0.0, "EST_REVEST": "Bueno", "DEFECT_REV": "N.A.", "DSC_EST_TB": "Bueno", "DEFECT_TUB": "N.A.", "EVENTO_GEO": "No", "OBSERVACIO": "No se puede cruzar cuerpo de agua", "EXISTENTE": "SI", "PROFUNDIDA": 0.0, "LATITUD": 5.1413023810000595, "LONGITUD": -75.494762440999978, "ALTITUD": 1659.4, "IMAGEN_1": "C003_IMG_20240127_115424.jpg", "IMAGEN_2": "C003_IMG_20240127_115434.jpg", "IMAGEN_3": "C003_IMG_20240127_115442.jpg", "ID": "CCA-26", "ENTREGA": "E36_R3", "CREC_SUBIT": "SI", "DIR_TUB": "PERPENDICULAR" }, "geometry": { "type": "Point", "coordinates": [ -75.494762440999978, 5.14130238100006, 1659.399999999994179 ] } },
{ "type": "Feature", "properties": { "FECHA": "27/01/2024 00:00:00 (UTC)", "DEPTO": "CALDAS", "MPIO": "MANIZALES", "VEREDA": "SANTA RITA", "GASODUCTO": "MARIQUITA - CALI", "TRM_RML": "Neira", "TP_PK": "Inicio", "PK": "018+167", "TP_DUCTO": "Ramal", "DISTRITO": "7", "DIAMETRO": "2", "TRM_REG": "MARIQUITA - PEREIRA", "ZONA": "2", "SENAL_EX": "NO", "FORMA_ACCE": "DDV", "TP_ACCESO": "Vía destapada", "EST_ACCESO": "Bueno", "TP_SECCION": "CRUCE DE CUERPO DE AGUA", "NOM_AGUA": "Río Guacaica", "ANCHO_AGUA": 35.0, "TP_AGUA": "Principal", "UBIC_CRUCE": "Montaña", "CM_TORRENC": "NO", "CANALIZADO": "NO", "ALTERACION": "NO", "ZONA_INUND": "NO", "FORM_CAUCE": "Trenzado", "ESTABILID": "Estable", "TP_MARGEN": "Izquierdo", "TP_SOPORTE": "Marcos H", "LUZ_SOPORT": 30.0, "EST_SOPORT": "Bueno", "EXIST_CABL": "SI", "EST_CABLE": "Bueno", "MACIZO_ANC": "SI", "EST_MACIZO": "Bueno", "ZONA_TRANS": " ", "TP_REVEST": "FBE", "AREA_REVES": 0.0, "EST_REVEST": "Bueno", "DEFECT_REV": "N.A.", "DSC_EST_TB": "Bueno", "DEFECT_TUB": "N.A.", "EVENTO_GEO": "No", "OBSERVACIO": "No se puede cruzar cuerpo de agua", "EXISTENTE": "SI", "PROFUNDIDA": 0.0, "LATITUD": 5.1412917810000636, "LONGITUD": -75.4943586, "ALTITUD": 1655.3, "IMAGEN_1": "C003_IMG_20240127_111737.jpg", "IMAGEN_2": "C003_IMG_20240127_111749.jpg", "IMAGEN_3": "C003_IMG_20240127_111757.jpg", "ID": "CCA-27", "ENTREGA": "E36_R3", "CREC_SUBIT": "SI", "DIR_TUB": "PERPENDICULAR" }, "geometry": { "type": "Point", "coordinates": [ -75.494358599999941, 5.141291781000064, 1655.30000000000291 ] } },
{ "type": "Feature", "properties": { "FECHA": "30/01/2024 00:00:00 (UTC)", "DEPTO": "CALDAS", "MPIO": "MANIZALES", "VEREDA": "MINITAS", "GASODUCTO": "MARIQUITA - CALI", "TRM_RML": "Neira", "TP_PK": "Fin", "PK": "008+349", "TP_DUCTO": "Ramal", "DISTRITO": "7", "DIAMETRO": "2", "TRM_REG": "MARIQUITA - PEREIRA", "ZONA": "2", "SENAL_EX": "NO", "FORMA_ACCE": "DDV", "TP_ACCESO": "Sendero a pie", "EST_ACCESO": "Bueno", "TP_SECCION": "CRUCE DE CUERPO DE AGUA", "NOM_AGUA": "Quebrada El Popal", "ANCHO_AGUA": 3.0, "TP_AGUA": "Otro", "UBIC_CRUCE": "Montaña", "CM_TORRENC": "NO", "CANALIZADO": "NO", "ALTERACION": "NO", "ZONA_INUND": "NO", "FORM_CAUCE": "Trenzado", "ESTABILID": "Estable", "TP_MARGEN": "Derecho", "TP_SOPORTE": "Marcos H", "LUZ_SOPORT": 20.0, "EST_SOPORT": "Bueno", "EXIST_CABL": "SI", "EST_CABLE": "Bueno", "MACIZO_ANC": "SI", "EST_MACIZO": "Bueno", "ZONA_TRANS": " ", "TP_REVEST": "FBE", "AREA_REVES": 0.0, "EST_REVEST": "Bueno", "DEFECT_REV": "N.A.", "DSC_EST_TB": "Bueno", "DEFECT_TUB": "N.A.", "EVENTO_GEO": "No", "OBSERVACIO": " ", "EXISTENTE": "SI", "PROFUNDIDA": 0.0, "LATITUD": 5.0883615220000706, "LONGITUD": -75.460749290999956, "ALTITUD": 2413.8667, "IMAGEN_1": "C003_IMG_20240130_085530.jpg", "IMAGEN_2": "C003_IMG_20240130_085545.jpg", "IMAGEN_3": "C003_IMG_20240130_085550.jpg", "ID": "CCA-28", "ENTREGA": "E36_R3", "CREC_SUBIT": "SI", "DIR_TUB": "PERPENDICULAR" }, "geometry": { "type": "Point", "coordinates": [ -75.460749290999956, 5.088361522000071, 2413.866699999998673 ] } },
{ "type": "Feature", "properties": { "FECHA": "30/01/2024 00:00:00 (UTC)", "DEPTO": "CALDAS", "MPIO": "MANIZALES", "VEREDA": "MINITAS", "GASODUCTO": "MARIQUITA - CALI", "TRM_RML": "Neira", "TP_PK": "Inicio", "PK": "008+338", "TP_DUCTO": "Ramal", "DISTRITO": "7", "DIAMETRO": "2", "TRM_REG": "MARIQUITA - PEREIRA", "ZONA": "2", "SENAL_EX": "NO", "FORMA_ACCE": "DDV", "TP_ACCESO": "Sendero a pie", "EST_ACCESO": "Bueno", "TP_SECCION": "CRUCE DE CUERPO DE AGUA", "NOM_AGUA": "Quebrada El Popal", "ANCHO_AGUA": 3.0, "TP_AGUA": "Otro", "UBIC_CRUCE": "Montaña", "CM_TORRENC": "NO", "CANALIZADO": "NO", "ALTERACION": "NO", "ZONA_INUND": "NO", "FORM_CAUCE": "Trenzado", "ESTABILID": "Estable", "TP_MARGEN": "Izquierdo", "TP_SOPORTE": "Marcos H", "LUZ_SOPORT": 20.0, "EST_SOPORT": "Bueno", "EXIST_CABL": "SI", "EST_CABLE": "Bueno", "MACIZO_ANC": "SI", "EST_MACIZO": "Bueno", "ZONA_TRANS": " ", "TP_REVEST": "FBE", "AREA_REVES": 0.0, "EST_REVEST": "Bueno", "DEFECT_REV": "N.A.", "DSC_EST_TB": "Bueno", "DEFECT_TUB": "N.A.", "EVENTO_GEO": "No", "OBSERVACIO": " ", "EXISTENTE": "SI", "PROFUNDIDA": 0.0, "LATITUD": 5.0883123930000238, "LONGITUD": -75.460661487999971, "ALTITUD": 2392.4667, "IMAGEN_1": "C003_IMG_20240130_091643.jpg", "IMAGEN_2": "C003_IMG_20240130_091647.jpg", "IMAGEN_3": "C003_IMG_20240130_091654.jpg", "ID": "CCA-29", "ENTREGA": "E36_R3", "CREC_SUBIT": "SI", "DIR_TUB": "PERPENDICULAR" }, "geometry": { "type": "Point", "coordinates": [ -75.460661487999971, 5.088312393000024, 2392.466700000004494 ] } },
{ "type": "Feature", "properties": { "FECHA": "1/02/2024 00:00:00 (UTC)", "DEPTO": "CALDAS", "MPIO": "MANIZALES", "VEREDA": "LA ENEA PARTE", "GASODUCTO": "MARIQUITA - CALI", "TRM_RML": "Letras - Marsella", "TP_PK": "Inicio", "PK": "081+294", "TP_DUCTO": "Troncal", "DISTRITO": "7", "DIAMETRO": "20", "TRM_REG": "MARIQUITA - PEREIRA", "ZONA": "2", "SENAL_EX": "SI", "FORMA_ACCE": "DDV", "TP_ACCESO": "Sendero a pie", "EST_ACCESO": "Bueno", "TP_SECCION": "CRUCE DE CUERPO DE AGUA", "NOM_AGUA": "Rio Chinchiná", "ANCHO_AGUA": 60.0, "TP_AGUA": "Principal", "UBIC_CRUCE": "Montaña", "CM_TORRENC": "NO", "CANALIZADO": "NO", "ALTERACION": "NO", "ZONA_INUND": "NO", "FORM_CAUCE": "Trenzado", "ESTABILID": "Estable", "TP_MARGEN": "Derecho", "TP_SOPORTE": "Marcos H", "LUZ_SOPORT": 50.0, "EST_SOPORT": "Bueno", "EXIST_CABL": "SI", "EST_CABLE": "Bueno", "MACIZO_ANC": "NO", "EST_MACIZO": "Bueno", "ZONA_TRANS": " ", "TP_REVEST": "FBE", "AREA_REVES": 0.0, "EST_REVEST": "Bueno", "DEFECT_REV": "N.A.", "DSC_EST_TB": "Bueno", "DEFECT_TUB": "N.A.", "EVENTO_GEO": "No", "OBSERVACIO": "Se debe rodear el río para llegar al otro lado del cruce", "EXISTENTE": "SI", "PROFUNDIDA": 0.0, "LATITUD": 5.0228920550000566, "LONGITUD": -75.439250524999977, "ALTITUD": 2194.4, "IMAGEN_1": "C003_IMG_20240201_064701.jpg", "IMAGEN_2": "C003_IMG_20240201_064707.jpg", "IMAGEN_3": "C003_IMG_20240201_064714.jpg", "ID": "CCA-30", "ENTREGA": "E36_R3", "CREC_SUBIT": "SI", "DIR_TUB": "PERPENDICULAR" }, "geometry": { "type": "Point", "coordinates": [ -75.439250524999977, 5.022892055000057, 2194.399999999994179 ] } },
{ "type": "Feature", "properties": { "FECHA": "1/02/2024 00:00:00 (UTC)", "DEPTO": "CALDAS", "MPIO": "VILLAMARÍA", "VEREDA": "LA FLORIDA", "GASODUCTO": "MARIQUITA - CALI", "TRM_RML": "Letras - Marsella", "TP_PK": "Fin", "PK": "081+360", "TP_DUCTO": "Troncal", "DISTRITO": "7", "DIAMETRO": "20", "TRM_REG": "MARIQUITA - PEREIRA", "ZONA": "2", "SENAL_EX": "SI", "FORMA_ACCE": "DDV", "TP_ACCESO": "Sendero a pie", "EST_ACCESO": "Bueno", "TP_SECCION": "CRUCE DE CUERPO DE AGUA", "NOM_AGUA": "Rio Chinchiná", "ANCHO_AGUA": 60.0, "TP_AGUA": "Principal", "UBIC_CRUCE": "Montaña", "CM_TORRENC": "NO", "CANALIZADO": "NO", "ALTERACION": "NO", "ZONA_INUND": "NO", "FORM_CAUCE": "Trenzado", "ESTABILID": "Estable", "TP_MARGEN": "Izquierdo", "TP_SOPORTE": "Marcos H", "LUZ_SOPORT": 50.0, "EST_SOPORT": "Bueno", "EXIST_CABL": "SI", "EST_CABLE": "Bueno", "MACIZO_ANC": "NO", "EST_MACIZO": "Bueno", "ZONA_TRANS": " ", "TP_REVEST": "FBE", "AREA_REVES": 0.0, "EST_REVEST": "Bueno", "DEFECT_REV": "N.A.", "DSC_EST_TB": "Bueno", "DEFECT_TUB": "N.A.", "EVENTO_GEO": "No", "OBSERVACIO": "Se debe rodear el río para llegar al otro lado del cruce", "EXISTENTE": "SI", "PROFUNDIDA": 0.0, "LATITUD": 5.0224923640000725, "LONGITUD": -75.439556787999948, "ALTITUD": 2188.3333, "IMAGEN_1": "C003_IMG_20240201_071903.jpg", "IMAGEN_2": "C003_IMG_20240201_071909.jpg", "IMAGEN_3": "C003_IMG_20240201_071915.jpg", "ID": "CCA-31", "ENTREGA": "E36_R3", "CREC_SUBIT": "SI", "DIR_TUB": "PERPENDICULAR" }, "geometry": { "type": "Point", "coordinates": [ -75.439556787999948, 5.022492364000072, 2188.333299999998417 ] } },
{ "type": "Feature", "properties": { "FECHA": "17/02/2024 00:00:00 (UTC)", "DEPTO": "RISARALDA", "MPIO": "SANTA ROSA DE CABAL", "VEREDA": "ÁREA URBANA", "GASODUCTO": "MARIQUITA - CALI", "TRM_RML": "Santa Rosa de Cabal", "TP_PK": "Inicio", "PK": "009+759", "TP_DUCTO": "Ramal", "DISTRITO": "7", "DIAMETRO": "3", "TRM_REG": "MARIQUITA - PEREIRA", "ZONA": "2", "SENAL_EX": "NO", "FORMA_ACCE": "DDV", "TP_ACCESO": "Vía destapada", "EST_ACCESO": "Bueno", "TP_SECCION": "CRUCE DE CUERPO DE AGUA", "NOM_AGUA": "Quebrada El Silencio", "ANCHO_AGUA": 10.0, "TP_AGUA": "Secundaria", "UBIC_CRUCE": "Montaña", "CM_TORRENC": "SI", "CANALIZADO": "NO", "ALTERACION": "NO", "ZONA_INUND": "NO", "FORM_CAUCE": "Trenzado", "ESTABILID": "Estable", "TP_MARGEN": "Derecho", "TP_SOPORTE": "(Marcos H)", "LUZ_SOPORT": 10.0, "EST_SOPORT": "Bueno", "EXIST_CABL": "NO", "EST_CABLE": "Bueno", "MACIZO_ANC": "NO", "EST_MACIZO": "Bueno", "ZONA_TRANS": "Estable", "TP_REVEST": "Poliken", "AREA_REVES": 0.0, "EST_REVEST": "Bueno", "DEFECT_REV": "N.A.", "DSC_EST_TB": "Bueno", "DEFECT_TUB": "N.A.", "EVENTO_GEO": "No", "OBSERVACIO": " ", "EXISTENTE": "SI", "PROFUNDIDA": 0.0, "LATITUD": 4.9075465800000302, "LONGITUD": -75.628576308999982, "ALTITUD": 1581.7, "IMAGEN_1": "C002_IMG_20240217_101354.jpg", "IMAGEN_2": "C002_IMG_20240217_101347.jpg", "IMAGEN_3": "C002_IMG_20240217_101343.jpg", "ID": "CCA-12", "ENTREGA": "E37_R3", "CREC_SUBIT": "SI", "DIR_TUB": "(PERPENDICULAR)" }, "geometry": { "type": "Point", "coordinates": [ -75.628576308999982, 4.90754658000003, 1581.69999999999709 ] } },
{ "type": "Feature", "properties": { "FECHA": "17/02/2024 00:00:00 (UTC)", "DEPTO": "RISARALDA", "MPIO": "SANTA ROSA DE CABAL", "VEREDA": "ÁREA URBANA", "GASODUCTO": "MARIQUITA - CALI", "TRM_RML": "Santa Rosa de Cabal", "TP_PK": "Fin", "PK": "009+785", "TP_DUCTO": "Ramal", "DISTRITO": "7", "DIAMETRO": "3", "TRM_REG": "MARIQUITA - PEREIRA", "ZONA": "2", "SENAL_EX": "NO", "FORMA_ACCE": "DDV", "TP_ACCESO": "Vía destapada", "EST_ACCESO": "Bueno", "TP_SECCION": "CRUCE DE CUERPO DE AGUA", "NOM_AGUA": "Quebrada El Silencio", "ANCHO_AGUA": 10.0, "TP_AGUA": "Secundaria", "UBIC_CRUCE": "Montaña", "CM_TORRENC": "SI", "CANALIZADO": "NO", "ALTERACION": "NO", "ZONA_INUND": "NO", "FORM_CAUCE": "Trenzado", "ESTABILID": "Estable", "TP_MARGEN": "Izquierdo", "TP_SOPORTE": "(Marcos H)", "LUZ_SOPORT": 10.0, "EST_SOPORT": "Bueno", "EXIST_CABL": "NO", "EST_CABLE": "Bueno", "MACIZO_ANC": "NO", "EST_MACIZO": "Bueno", "ZONA_TRANS": "Estable", "TP_REVEST": "Poliken", "AREA_REVES": 0.0, "EST_REVEST": "Bueno", "DEFECT_REV": "N.A.", "DSC_EST_TB": "Bueno", "DEFECT_TUB": "N.A.", "EVENTO_GEO": "No", "OBSERVACIO": " ", "EXISTENTE": "SI", "PROFUNDIDA": 0.0, "LATITUD": 4.9073350370000526, "LONGITUD": -75.628660581999952, "ALTITUD": 1578.85, "IMAGEN_1": "C002_IMG_20240217_102028.jpg", "IMAGEN_2": "C002_IMG_20240217_102018.jpg", "IMAGEN_3": "C002_IMG_20240217_102024.jpg", "ID": "CCA-13", "ENTREGA": "E37_R3", "CREC_SUBIT": "SI", "DIR_TUB": "(PERPENDICULAR)" }, "geometry": { "type": "Point", "coordinates": [ -75.628660581999952, 4.907335037000053, 1578.850000000005821 ] } },
{ "type": "Feature", "properties": { "FECHA": "16/02/2024 00:00:00 (UTC)", "DEPTO": "RISARALDA", "MPIO": "SANTA ROSA DE CABAL", "VEREDA": "SAN JUAN", "GASODUCTO": "MARIQUITA - CALI", "TRM_RML": "Santa Rosa de Cabal", "TP_PK": "Inicio", "PK": "003+942", "TP_DUCTO": "Ramal", "DISTRITO": "7", "DIAMETRO": "3", "TRM_REG": "MARIQUITA - PEREIRA", "ZONA": "2", "SENAL_EX": "NO", "FORMA_ACCE": "DDV", "TP_ACCESO": "Vía destapada", "EST_ACCESO": "Bueno", "TP_SECCION": "CRUCE DE CUERPO DE AGUA", "NOM_AGUA": "Quebrada NN", "ANCHO_AGUA": 4.0, "TP_AGUA": "Otro", "UBIC_CRUCE": "Montaña", "CM_TORRENC": "NO", "CANALIZADO": "NO", "ALTERACION": "NO", "ZONA_INUND": "NO", "FORM_CAUCE": "Semirecto", "ESTABILID": "Estable", "TP_MARGEN": "Izquierdo", "TP_SOPORTE": "Marcos H", "LUZ_SOPORT": 6.0, "EST_SOPORT": "Bueno", "EXIST_CABL": "NO", "EST_CABLE": "Bueno", "MACIZO_ANC": "NO", "EST_MACIZO": "Bueno", "ZONA_TRANS": "Estable", "TP_REVEST": "FBE", "AREA_REVES": 0.0, "EST_REVEST": "Bueno", "DEFECT_REV": "N.A.", "DSC_EST_TB": "Bueno", "DEFECT_TUB": "N.A.", "EVENTO_GEO": "No", "OBSERVACIO": " ", "EXISTENTE": "SI", "PROFUNDIDA": 0.0, "LATITUD": 4.9460411800000657, "LONGITUD": -75.620923362999974, "ALTITUD": 1511.9833, "IMAGEN_1": "C002_IMG_20240216_082513.jpg", "IMAGEN_2": "C002_IMG_20240216_082324.jpg", "IMAGEN_3": "C002_IMG_20240216_082328.jpg", "ID": "CCA-14", "ENTREGA": "E37_R3", "CREC_SUBIT": "NO", "DIR_TUB": "PERPENDICULAR" }, "geometry": { "type": "Point", "coordinates": [ -75.620923362999974, 4.946041180000066, 1511.983300000007148 ] } },
{ "type": "Feature", "properties": { "FECHA": "16/02/2024 00:00:00 (UTC)", "DEPTO": "RISARALDA", "MPIO": "SANTA ROSA DE CABAL", "VEREDA": "SAN JUAN", "GASODUCTO": "MARIQUITA - CALI", "TRM_RML": "Santa Rosa de Cabal", "TP_PK": "Fin", "PK": "003+947", "TP_DUCTO": "Ramal", "DISTRITO": "7", "DIAMETRO": "3", "TRM_REG": "MARIQUITA - PEREIRA", "ZONA": "2", "SENAL_EX": "NO", "FORMA_ACCE": "DDV", "TP_ACCESO": "Vía destapada", "EST_ACCESO": "Bueno", "TP_SECCION": "CRUCE DE CUERPO DE AGUA", "NOM_AGUA": "Quebrada NN", "ANCHO_AGUA": 4.0, "TP_AGUA": "Otro", "UBIC_CRUCE": "Montaña", "CM_TORRENC": "NO", "CANALIZADO": "NO", "ALTERACION": "NO", "ZONA_INUND": "NO", "FORM_CAUCE": "Semirecto", "ESTABILID": "Estable", "TP_MARGEN": "Derecho", "TP_SOPORTE": "Marcos H", "LUZ_SOPORT": 6.0, "EST_SOPORT": "Bueno", "EXIST_CABL": "NO", "EST_CABLE": "Bueno", "MACIZO_ANC": "NO", "EST_MACIZO": "Bueno", "ZONA_TRANS": "Estable", "TP_REVEST": "FBE", "AREA_REVES": 0.0, "EST_REVEST": "Bueno", "DEFECT_REV": "N.A.", "DSC_EST_TB": "Bueno", "DEFECT_TUB": "N.A.", "EVENTO_GEO": "No", "OBSERVACIO": " ", "EXISTENTE": "SI", "PROFUNDIDA": 0.0, "LATITUD": 4.9460066220000272, "LONGITUD": -75.620938280999951, "ALTITUD": 1493.5167, "IMAGEN_1": "C002_IMG_20240216_081931.jpg", "IMAGEN_2": "C002_IMG_20240216_081939.jpg", "IMAGEN_3": "C002_IMG_20240216_082023.jpg", "ID": "CCA-15", "ENTREGA": "E37_R3", "CREC_SUBIT": "NO", "DIR_TUB": "PERPENDICULAR" }, "geometry": { "type": "Point", "coordinates": [ -75.620938280999951, 4.946006622000027, 1493.516699999992852 ] } },
{ "type": "Feature", "properties": { "FECHA": "7/02/2024 00:00:00 (UTC)", "DEPTO": "CALDAS", "MPIO": "VILLAMARÍA", "VEREDA": "LLANITOS", "GASODUCTO": "MARIQUITA - CALI", "TRM_RML": "Letras - Marsella", "TP_PK": "Inicio", "PK": "095+617", "TP_DUCTO": "Troncal", "DISTRITO": "7", "DIAMETRO": "20", "TRM_REG": "MARIQUITA - PEREIRA", "ZONA": "2", "SENAL_EX": "SI", "FORMA_ACCE": "DDV", "TP_ACCESO": "Vía destapada", "EST_ACCESO": "Bueno", "TP_SECCION": "CRUCE DE CUERPO DE AGUA", "NOM_AGUA": "Caño NN", "ANCHO_AGUA": 10.0, "TP_AGUA": "Secundaria", "UBIC_CRUCE": "Montaña", "CM_TORRENC": "NO", "CANALIZADO": "NO", "ALTERACION": "NO", "ZONA_INUND": "NO", "FORM_CAUCE": "Semirecto", "ESTABILID": "Estable", "TP_MARGEN": "Derecho", "TP_SOPORTE": "Marcos H", "LUZ_SOPORT": 12.0, "EST_SOPORT": "Bueno", "EXIST_CABL": "NO", "EST_CABLE": "Bueno", "MACIZO_ANC": "NO", "EST_MACIZO": "Bueno", "ZONA_TRANS": " ", "TP_REVEST": "Poliken", "AREA_REVES": 0.0, "EST_REVEST": "Bueno", "DEFECT_REV": "N.A.", "DSC_EST_TB": "Bueno", "DEFECT_TUB": "N.A.", "EVENTO_GEO": "No", "OBSERVACIO": "No es posible llegar al cruce áereo por fuerte topografía y densa vegetación", "EXISTENTE": "SI", "PROFUNDIDA": 0.0, "LATITUD": 4.9980839950000586, "LONGITUD": -75.538739580999959, "ALTITUD": 1719.85, "IMAGEN_1": "C002_IMG_20240207_083040.jpg", "IMAGEN_2": "C002_IMG_20240207_083044.jpg", "IMAGEN_3": "C002_IMG_20240207_083049.jpg", "ID": "CCA-16", "ENTREGA": "E37_R3", "CREC_SUBIT": "NO", "DIR_TUB": "PERPENDICULAR" }, "geometry": { "type": "Point", "coordinates": [ -75.538739580999959, 4.998083995000059, 1719.850000000005821 ] } },
{ "type": "Feature", "properties": { "FECHA": "7/02/2024 00:00:00 (UTC)", "DEPTO": "CALDAS", "MPIO": "VILLAMARÍA", "VEREDA": "EL AVION", "GASODUCTO": "MARIQUITA - CALI", "TRM_RML": "Letras - Marsella", "TP_PK": "Inicio", "PK": "096+226", "TP_DUCTO": "Troncal", "DISTRITO": "7", "DIAMETRO": "20", "TRM_REG": "MARIQUITA - PEREIRA", "ZONA": "2", "SENAL_EX": "SI", "FORMA_ACCE": "DDV", "TP_ACCESO": "Vía destapada", "EST_ACCESO": "Bueno", "TP_SECCION": "CRUCE DE PROCESO MORFODINAMICO", "NOM_AGUA": "N.A", "ANCHO_AGUA": 0.0, "TP_AGUA": "N.A.", "UBIC_CRUCE": "Montaña", "CM_TORRENC": "NO", "CANALIZADO": "NO", "ALTERACION": "NO", "ZONA_INUND": "NO", "FORM_CAUCE": "N.A.", "ESTABILID": "Estable", "TP_MARGEN": "N.A.", "TP_SOPORTE": "Marcos H con cables", "LUZ_SOPORT": 170.0, "EST_SOPORT": "Bueno", "EXIST_CABL": "SI", "EST_CABLE": "Bueno", "MACIZO_ANC": "SI", "EST_MACIZO": "Bueno", "ZONA_TRANS": " ", "TP_REVEST": "Poliken", "AREA_REVES": 0.0, "EST_REVEST": "Bueno", "DEFECT_REV": "N.A.", "DSC_EST_TB": "Bueno", "DEFECT_TUB": "N.A.", "EVENTO_GEO": "Si", "OBSERVACIO": " ", "EXISTENTE": "SI", "PROFUNDIDA": 0.0, "LATITUD": 5.0004434550000383, "LONGITUD": -75.542914183999983, "ALTITUD": 1759.3, "IMAGEN_1": "C002_IMG_20240207_090946.jpg", "IMAGEN_2": "C002_IMG_20240207_090950.jpg", "IMAGEN_3": "C002_IMG_20240207_090953.jpg", "ID": "CCA-17", "ENTREGA": "E37_R3", "CREC_SUBIT": "NO", "DIR_TUB": "INCLINADO" }, "geometry": { "type": "Point", "coordinates": [ -75.542914183999983, 5.000443455000038, 1759.30000000000291 ] } },
{ "type": "Feature", "properties": { "FECHA": "7/02/2024 00:00:00 (UTC)", "DEPTO": "CALDAS", "MPIO": "VILLAMARÍA", "VEREDA": "EL AVION", "GASODUCTO": "MARIQUITA - CALI", "TRM_RML": "Letras - Marsella", "TP_PK": "Fin", "PK": "096+440", "TP_DUCTO": "Troncal", "DISTRITO": "7", "DIAMETRO": "20", "TRM_REG": "MARIQUITA - PEREIRA", "ZONA": "2", "SENAL_EX": "SI", "FORMA_ACCE": "DDV", "TP_ACCESO": "Vía destapada", "EST_ACCESO": "Bueno", "TP_SECCION": "CRUCE DE PROCESO MORFODINAMICO", "NOM_AGUA": "N.A", "ANCHO_AGUA": 0.0, "TP_AGUA": "N.A.", "UBIC_CRUCE": "Montaña", "CM_TORRENC": "NO", "CANALIZADO": "NO", "ALTERACION": "NO", "ZONA_INUND": "NO", "FORM_CAUCE": "N.A.", "ESTABILID": "Estable", "TP_MARGEN": "N.A.", "TP_SOPORTE": "Marcos H con cables", "LUZ_SOPORT": 170.0, "EST_SOPORT": "Bueno", "EXIST_CABL": "SI", "EST_CABLE": "Bueno", "MACIZO_ANC": "SI", "EST_MACIZO": "Bueno", "ZONA_TRANS": "", "TP_REVEST": "Poliken", "AREA_REVES": 0.0, "EST_REVEST": "Bueno", "DEFECT_REV": "N.A.", "DSC_EST_TB": "Bueno", "DEFECT_TUB": "N.A.", "EVENTO_GEO": "Si", "OBSERVACIO": " ", "EXISTENTE": "SI", "PROFUNDIDA": 0.0, "LATITUD": 5.0005735460000551, "LONGITUD": -75.544560668999964, "ALTITUD": 1709.25, "IMAGEN_1": "C002_IMG_20240207_092931.jpg", "IMAGEN_2": "C002_IMG_20240207_092945.jpg", "IMAGEN_3": "C002_IMG_20240207_092949.jpg", "ID": "CCA-18", "ENTREGA": "E37_R3", "CREC_SUBIT": "NO", "DIR_TUB": "INCLINADO" }, "geometry": { "type": "Point", "coordinates": [ -75.544560668999964, 5.000573546000055, 1709.25 ] } },
{ "type": "Feature", "properties": { "FECHA": "7/02/2024 00:00:00 (UTC)", "DEPTO": "CALDAS", "MPIO": "VILLAMARÍA", "VEREDA": "LLANITOS", "GASODUCTO": "MARIQUITA - CALI", "TRM_RML": "Letras - Marsella", "TP_PK": "Fin", "PK": "095+645", "TP_DUCTO": "Troncal", "DISTRITO": "7", "DIAMETRO": "20", "TRM_REG": "MARIQUITA - PEREIRA", "ZONA": "2", "SENAL_EX": "NO", "FORMA_ACCE": "DDV", "TP_ACCESO": "Vía destapada", "EST_ACCESO": "Bueno", "TP_SECCION": "CRUCE DE CUERPO DE AGUA", "NOM_AGUA": "Caño NN", "ANCHO_AGUA": 10.0, "TP_AGUA": "Secundaria", "UBIC_CRUCE": "Montaña", "CM_TORRENC": "NO", "CANALIZADO": "NO", "ALTERACION": "NO", "ZONA_INUND": "NO", "FORM_CAUCE": "Semirecto", "ESTABILID": "Estable", "TP_MARGEN": "Izquierdo", "TP_SOPORTE": "Marcos H", "LUZ_SOPORT": 12.0, "EST_SOPORT": "Bueno", "EXIST_CABL": "NO", "EST_CABLE": "Bueno", "MACIZO_ANC": "NO", "EST_MACIZO": "Bueno", "ZONA_TRANS": " ", "TP_REVEST": "Poliken", "AREA_REVES": 0.0, "EST_REVEST": "Bueno", "DEFECT_REV": "N.A.", "DSC_EST_TB": "Bueno", "DEFECT_TUB": "N.A.", "EVENTO_GEO": "No", "OBSERVACIO": "Punto creado en oficina, no se logró capturar fin del cruce aéreo en campo, ya que se encuentra dentro de sin paso.", "EXISTENTE": "SI", "PROFUNDIDA": 0.0, "LATITUD": 4.9982055660000242, "LONGITUD": -75.538934247999975, "ALTITUD": 1719.85, "IMAGEN_1": "C002_IMG_20240207_083040.jpg", "IMAGEN_2": "C002_IMG_20240207_083044.jpg", "IMAGEN_3": "C002_IMG_20240207_083049.jpg", "ID": "CCA-19", "ENTREGA": "E37_R3", "CREC_SUBIT": "NO", "DIR_TUB": "PERPENDICULAR" }, "geometry": { "type": "Point", "coordinates": [ -75.538934247999975, 4.998205566000024, 1719.850000000005821 ] } },
{ "type": "Feature", "properties": { "FECHA": "10/02/2024 00:00:00 (UTC)", "DEPTO": "CALDAS", "MPIO": "CHINCHINÁ", "VEREDA": "LA CACHUCHA", "GASODUCTO": "MARIQUITA - CALI", "TRM_RML": "Letras - Marsella", "TP_PK": "Inicio", "PK": "114+380", "TP_DUCTO": "Troncal", "DISTRITO": "7", "DIAMETRO": "20", "TRM_REG": "MARIQUITA - PEREIRA", "ZONA": "2", "SENAL_EX": "SI", "FORMA_ACCE": "DDV", "TP_ACCESO": "Vía destapada", "EST_ACCESO": "Bueno", "TP_SECCION": "CRUCE DE CUERPO DE AGUA", "NOM_AGUA": "Quebrada la Estrella", "ANCHO_AGUA": 8.0, "TP_AGUA": "Otro", "UBIC_CRUCE": "Montaña", "CM_TORRENC": "NO", "CANALIZADO": "NO", "ALTERACION": "NO", "ZONA_INUND": "NO", "FORM_CAUCE": "Semirecto", "ESTABILID": "Estable", "TP_MARGEN": "Derecho", "TP_SOPORTE": "Puente colgante", "LUZ_SOPORT": 30.0, "EST_SOPORT": "Bueno", "EXIST_CABL": "SI", "EST_CABLE": "Bueno", "MACIZO_ANC": "NO", "EST_MACIZO": "Bueno", "ZONA_TRANS": "Estable", "TP_REVEST": "Poliken", "AREA_REVES": 0.0, "EST_REVEST": "Bueno", "DEFECT_REV": "N.A.", "DSC_EST_TB": "Bueno", "DEFECT_TUB": "N.A.", "EVENTO_GEO": "No", "OBSERVACIO": " ", "EXISTENTE": "SI", "PROFUNDIDA": 0.0, "LATITUD": 4.9907329860000686, "LONGITUD": -75.680375375999972, "ALTITUD": 1164.45, "IMAGEN_1": "C002_IMG_20240210_114314.jpg", "IMAGEN_2": "C002_IMG_20240210_114541.jpg", "IMAGEN_3": "C002_IMG_20240210_114545.jpg", "ID": "CCA-20", "ENTREGA": "E37_R3", "CREC_SUBIT": "SI", "DIR_TUB": "(PERPENDICULAR)" }, "geometry": { "type": "Point", "coordinates": [ -75.680375375999972, 4.990732986000069, 1164.44999999999709 ] } },
{ "type": "Feature", "properties": { "FECHA": "10/02/2024 00:00:00 (UTC)", "DEPTO": "CALDAS", "MPIO": "CHINCHINÁ", "VEREDA": "LA CACHUCHA", "GASODUCTO": "MARIQUITA - CALI", "TRM_RML": "Letras - Marsella", "TP_PK": "Fin", "PK": "114+425", "TP_DUCTO": "Troncal", "DISTRITO": "7", "DIAMETRO": "20", "TRM_REG": "MARIQUITA - PEREIRA", "ZONA": "2", "SENAL_EX": "SI", "FORMA_ACCE": "DDV", "TP_ACCESO": "Vía destapada", "EST_ACCESO": "Bueno", "TP_SECCION": "CRUCE DE CUERPO DE AGUA", "NOM_AGUA": "Quebrada la Estrella", "ANCHO_AGUA": 8.0, "TP_AGUA": "Otro", "UBIC_CRUCE": "Montaña", "CM_TORRENC": "NO", "CANALIZADO": "NO", "ALTERACION": "NO", "ZONA_INUND": "NO", "FORM_CAUCE": "Semirecto", "ESTABILID": "Estable", "TP_MARGEN": "Izquierdo", "TP_SOPORTE": "Puente colgante", "LUZ_SOPORT": 30.0, "EST_SOPORT": "Bueno", "EXIST_CABL": "SI", "EST_CABLE": "Bueno", "MACIZO_ANC": "NO", "EST_MACIZO": "Bueno", "ZONA_TRANS": "Estable", "TP_REVEST": "Poliken", "AREA_REVES": 0.0, "EST_REVEST": "Bueno", "DEFECT_REV": "N.A.", "DSC_EST_TB": "Bueno", "DEFECT_TUB": "N.A.", "EVENTO_GEO": "No", "OBSERVACIO": " ", "EXISTENTE": "SI", "PROFUNDIDA": 0.0, "LATITUD": 4.9909509910000338, "LONGITUD": -75.680652369999962, "ALTITUD": 1147.4, "IMAGEN_1": "C002_IMG_20240210_115219.jpg", "IMAGEN_2": "C002_IMG_20240210_114634.jpg", "IMAGEN_3": "C002_IMG_20240210_114926.jpg", "ID": "CCA-21", "ENTREGA": "E37_R3", "CREC_SUBIT": "SI", "DIR_TUB": "(PERPENDICULAR)" }, "geometry": { "type": "Point", "coordinates": [ -75.680652369999962, 4.990950991000034, 1147.399999999994179 ] } },
{ "type": "Feature", "properties": { "FECHA": "13/02/2024 00:00:00 (UTC)", "DEPTO": "CALDAS", "MPIO": "CHINCHINÁ", "VEREDA": "LA ESMERALDA", "GASODUCTO": "MARIQUITA - CALI", "TRM_RML": "Letras - Marsella", "TP_PK": "Inicio", "PK": "120+183", "TP_DUCTO": "Troncal", "DISTRITO": "7", "DIAMETRO": "20", "TRM_REG": "MARIQUITA - PEREIRA", "ZONA": "2", "SENAL_EX": "SI", "FORMA_ACCE": "DDV", "TP_ACCESO": "Vía destapada", "EST_ACCESO": "Bueno", "TP_SECCION": "CRUCE DE CUERPO DE AGUA", "NOM_AGUA": "Quebrada Las Mercedez", "ANCHO_AGUA": 4.0, "TP_AGUA": "Otro", "UBIC_CRUCE": "Montaña", "CM_TORRENC": "NO", "CANALIZADO": "NO", "ALTERACION": "NO", "ZONA_INUND": "NO", "FORM_CAUCE": "Semirecto", "ESTABILID": "Estable", "TP_MARGEN": "Izquierdo", "TP_SOPORTE": "Marcos H", "LUZ_SOPORT": 10.0, "EST_SOPORT": "Bueno", "EXIST_CABL": "NO", "EST_CABLE": "Bueno", "MACIZO_ANC": "NO", "EST_MACIZO": "Bueno", "ZONA_TRANS": "Con vegetal alta", "TP_REVEST": "OTRO", "AREA_REVES": 0.0, "EST_REVEST": "Bueno", "DEFECT_REV": "N.A.", "DSC_EST_TB": "Bueno", "DEFECT_TUB": "N.A.", "EVENTO_GEO": "No", "OBSERVACIO": "Cruce aéreo sobre 2 marcos H, ubicada en zona encañonada con vegetación alta.", "EXISTENTE": "SI", "PROFUNDIDA": 0.0, "LATITUD": 5.0144435930000668, "LONGITUD": -75.723613179999973, "ALTITUD": 1090.4, "IMAGEN_1": "C002_IMG_20240213_082723.jpg", "IMAGEN_2": "C002_IMG_20240213_082727.jpg", "IMAGEN_3": "C002_IMG_20240213_082732.jpg", "ID": "CCA-22", "ENTREGA": "E37_R3", "CREC_SUBIT": "SI", "DIR_TUB": "PERPENDICULAR" }, "geometry": { "type": "Point", "coordinates": [ -75.723613179999973, 5.014443593000067, 1090.399999999994179 ] } },
{ "type": "Feature", "properties": { "FECHA": "13/02/2024 00:00:00 (UTC)", "DEPTO": "CALDAS", "MPIO": "CHINCHINÁ", "VEREDA": "LA ESMERALDA", "GASODUCTO": "MARIQUITA - CALI", "TRM_RML": "Letras - Marsella", "TP_PK": "Fin", "PK": "120+268", "TP_DUCTO": "Troncal", "DISTRITO": "7", "DIAMETRO": "20", "TRM_REG": "MARIQUITA - PEREIRA", "ZONA": "2", "SENAL_EX": "SI", "FORMA_ACCE": "DDV", "TP_ACCESO": "Vía destapada", "EST_ACCESO": "Bueno", "TP_SECCION": "CRUCE DE CUERPO DE AGUA", "NOM_AGUA": "Quebrada Las Mercedez", "ANCHO_AGUA": 4.0, "TP_AGUA": "Otro", "UBIC_CRUCE": "Montaña", "CM_TORRENC": "NO", "CANALIZADO": "NO", "ALTERACION": "NO", "ZONA_INUND": "NO", "FORM_CAUCE": "Semirecto", "ESTABILID": "Estable", "TP_MARGEN": "Derecho", "TP_SOPORTE": "Marcos H", "LUZ_SOPORT": 10.0, "EST_SOPORT": "Bueno", "EXIST_CABL": "NO", "EST_CABLE": "Bueno", "MACIZO_ANC": "NO", "EST_MACIZO": "Bueno", "ZONA_TRANS": "Con vegetal alta", "TP_REVEST": "OTRO", "AREA_REVES": 0.0, "EST_REVEST": "Bueno", "DEFECT_REV": "N.A.", "DSC_EST_TB": "Bueno", "DEFECT_TUB": "N.A.", "EVENTO_GEO": "No", "OBSERVACIO": "Cruce aéreo sobre 2 marcos H, ubicada en zona encañonada con vegetación alta.", "EXISTENTE": "SI", "PROFUNDIDA": 0.0, "LATITUD": 5.0145573050000394, "LONGITUD": -75.72424883399998, "ALTITUD": 1103.3, "IMAGEN_1": "C002_IMG_20240213_083704.jpg", "IMAGEN_2": "C002_IMG_20240213_083709.jpg", "IMAGEN_3": "C002_IMG_20240213_083713.jpg", "ID": "CCA-23", "ENTREGA": "E37_R3", "CREC_SUBIT": "SI", "DIR_TUB": "PERPENDICULAR" }, "geometry": { "type": "Point", "coordinates": [ -75.72424883399998, 5.014557305000039, 1103.30000000000291 ] } },
{ "type": "Feature", "properties": { "FECHA": "19/02/2024 00:00:00 (UTC)", "DEPTO": "RISARALDA", "MPIO": "MARSELLA", "VEREDA": "LA MIRANDA", "GASODUCTO": "MARIQUITA - CALI", "TRM_RML": "Letras - Marsella", "TP_PK": "Fin", "PK": "128+804", "TP_DUCTO": "Troncal", "DISTRITO": "7", "DIAMETRO": "20", "TRM_REG": "MARIQUITA - PEREIRA", "ZONA": "2", "SENAL_EX": "SI", "FORMA_ACCE": "DDV", "TP_ACCESO": "Vía destapada", "EST_ACCESO": "Bueno", "TP_SECCION": "CRUCE DE CUERPO DE AGUA", "NOM_AGUA": "Caño NN", "ANCHO_AGUA": 2.0, "TP_AGUA": "Otro", "UBIC_CRUCE": "Montaña", "CM_TORRENC": "NO", "CANALIZADO": "NO", "ALTERACION": "NO", "ZONA_INUND": "NO", "FORM_CAUCE": "Semirecto", "ESTABILID": "Estable", "TP_MARGEN": "Izquierdo", "TP_SOPORTE": "Voladizo", "LUZ_SOPORT": 10.0, "EST_SOPORT": "Bueno", "EXIST_CABL": "NO", "EST_CABLE": "Bueno", "MACIZO_ANC": "NO", "EST_MACIZO": "Bueno", "ZONA_TRANS": "No presenta", "TP_REVEST": "OTRO", "AREA_REVES": 0.0, "EST_REVEST": "Regular", "DEFECT_REV": "Desprendimiento", "DSC_EST_TB": "Regular", "DEFECT_TUB": "Corrosión Generalizada", "EVENTO_GEO": "No", "OBSERVACIO": "Se observa cruce aéreo apoyado sobre un marco H al inicio y al final en voladizo, donde sus margenes presentan cobertura vegetal alta.", "EXISTENTE": "SI", "PROFUNDIDA": 0.0, "LATITUD": 5.0257863240000233, "LONGITUD": -75.759409323999989, "ALTITUD": 874.85000000000582, "IMAGEN_1": "C002_IMG_20240219_114347.jpg", "IMAGEN_2": "C002_IMG_20240219_114351.jpg", "IMAGEN_3": "C002_IMG_20240219_114357.jpg", "ID": "CCA-24", "ENTREGA": "E37_R3", "CREC_SUBIT": "NO", "DIR_TUB": "(PERPENDICULAR)" }, "geometry": { "type": "Point", "coordinates": [ -75.759409323999989, 5.025786324000023, 874.850000000005821 ] } },
{ "type": "Feature", "properties": { "FECHA": "19/02/2024 00:00:00 (UTC)", "DEPTO": "RISARALDA", "MPIO": "MARSELLA", "VEREDA": "LA MIRANDA", "GASODUCTO": "MARIQUITA - CALI", "TRM_RML": "Letras - Marsella", "TP_PK": "Inicio", "PK": "128+794", "TP_DUCTO": "Troncal", "DISTRITO": "7", "DIAMETRO": "20", "TRM_REG": "MARIQUITA - PEREIRA", "ZONA": "2", "SENAL_EX": "SI", "FORMA_ACCE": "DDV", "TP_ACCESO": "Vía destapada", "EST_ACCESO": "Bueno", "TP_SECCION": "CRUCE DE CUERPO DE AGUA", "NOM_AGUA": "Caño NN", "ANCHO_AGUA": 2.0, "TP_AGUA": "Otro", "UBIC_CRUCE": "Montaña", "CM_TORRENC": "NO", "CANALIZADO": "NO", "ALTERACION": "NO", "ZONA_INUND": "NO", "FORM_CAUCE": "Semirecto", "ESTABILID": "Estable", "TP_MARGEN": "Derecho", "TP_SOPORTE": "Marcos H", "LUZ_SOPORT": 10.0, "EST_SOPORT": "Bueno", "EXIST_CABL": "NO", "EST_CABLE": "Bueno", "MACIZO_ANC": "NO", "EST_MACIZO": "Bueno", "ZONA_TRANS": "No presenta", "TP_REVEST": "OTRO", "AREA_REVES": 0.0, "EST_REVEST": "Regular", "DEFECT_REV": "Desprendimiento", "DSC_EST_TB": "Regular", "DEFECT_TUB": "Corrosión Generalizada", "EVENTO_GEO": "No", "OBSERVACIO": "Se observa cruce aéreo apoyado sobre un marco H al inicio y al final en voladizo, donde sus margenes presentan cobertura vegetal alta.", "EXISTENTE": "SI", "PROFUNDIDA": 0.0, "LATITUD": 5.0258996350000302, "LONGITUD": -75.759385268999949, "ALTITUD": 838.45, "IMAGEN_1": "C002_IMG_20240219_114231.jpg", "IMAGEN_2": "C002_IMG_20240219_114235.jpg", "IMAGEN_3": "C002_IMG_20240219_114238.jpg", "ID": "CCA-25", "ENTREGA": "E37_R3", "CREC_SUBIT": "NO", "DIR_TUB": "(PERPENDICULAR)" }, "geometry": { "type": "Point", "coordinates": [ -75.759385268999949, 5.02589963500003, 838.44999999999709 ] } },
{ "type": "Feature", "properties": { "FECHA": "19/02/2024 00:00:00 (UTC)", "DEPTO": "RISARALDA", "MPIO": "MARSELLA", "VEREDA": "LA MIRANDA", "GASODUCTO": "MARIQUITA - CALI", "TRM_RML": "Letras - Marsella", "TP_PK": "Fin", "PK": "129+303", "TP_DUCTO": "Troncal", "DISTRITO": "7", "DIAMETRO": "20", "TRM_REG": "MARIQUITA - PEREIRA", "ZONA": "2", "SENAL_EX": "SI", "FORMA_ACCE": "DDV", "TP_ACCESO": "Vía destapada", "EST_ACCESO": "Bueno", "TP_SECCION": "CRUCE DE CUERPO DE AGUA", "NOM_AGUA": "Quebrada Las Brujas", "ANCHO_AGUA": 1.0, "TP_AGUA": "Otro", "UBIC_CRUCE": "Montaña", "CM_TORRENC": "NO", "CANALIZADO": "NO", "ALTERACION": "NO", "ZONA_INUND": "NO", "FORM_CAUCE": "Semirecto", "ESTABILID": "Estable", "TP_MARGEN": "Izquierdo", "TP_SOPORTE": "Marcos H", "LUZ_SOPORT": 20.0, "EST_SOPORT": "Bueno", "EXIST_CABL": "NO", "EST_CABLE": "Bueno", "MACIZO_ANC": "NO", "EST_MACIZO": "Bueno", "ZONA_TRANS": "No presenta", "TP_REVEST": "OTRO", "AREA_REVES": 0.0, "EST_REVEST": "Bueno", "DEFECT_REV": "N.A.", "DSC_EST_TB": "Bueno", "DEFECT_TUB": "N.A.", "EVENTO_GEO": "No", "OBSERVACIO": "Se observa cruce aéreo apoyado sobre dos marcos H, donde sus márgenes presentan cobertura vegetal alta.", "EXISTENTE": "SI", "PROFUNDIDA": 0.0, "LATITUD": 5.0217763520000744, "LONGITUD": -75.760833414999979, "ALTITUD": 939.05, "IMAGEN_1": "C002_IMG_20240219_131830.jpg", "IMAGEN_2": "C002_IMG_20240219_131826.jpg", "IMAGEN_3": "C002_IMG_20240219_131822.jpg", "ID": "CCA-26", "ENTREGA": "E37_R3", "CREC_SUBIT": "NO", "DIR_TUB": "(PERPENDICULAR)" }, "geometry": { "type": "Point", "coordinates": [ -75.760833414999979, 5.021776352000074, 939.05000000000291 ] } },
{ "type": "Feature", "properties": { "FECHA": "19/02/2024 00:00:00 (UTC)", "DEPTO": "RISARALDA", "MPIO": "MARSELLA", "VEREDA": "LA MIRANDA", "GASODUCTO": "MARIQUITA - CALI", "TRM_RML": "Letras - Marsella", "TP_PK": "Inicio", "PK": "129+275", "TP_DUCTO": "Troncal", "DISTRITO": "7", "DIAMETRO": "20", "TRM_REG": "MARIQUITA - PEREIRA", "ZONA": "2", "SENAL_EX": "SI", "FORMA_ACCE": "DDV", "TP_ACCESO": "Vía destapada", "EST_ACCESO": "Bueno", "TP_SECCION": "CRUCE DE CUERPO DE AGUA", "NOM_AGUA": "Quebrada Las Brujas", "ANCHO_AGUA": 1.0, "TP_AGUA": "Otro", "UBIC_CRUCE": "Montaña", "CM_TORRENC": "NO", "CANALIZADO": "NO", "ALTERACION": "NO", "ZONA_INUND": "NO", "FORM_CAUCE": "Semirecto", "ESTABILID": "Estable", "TP_MARGEN": "Derecho", "TP_SOPORTE": "Marcos H", "LUZ_SOPORT": 20.0, "EST_SOPORT": "Bueno", "EXIST_CABL": "NO", "EST_CABLE": "Bueno", "MACIZO_ANC": "NO", "EST_MACIZO": "Bueno", "ZONA_TRANS": "No presenta", "TP_REVEST": "OTRO", "AREA_REVES": 0.0, "EST_REVEST": "Bueno", "DEFECT_REV": "N.A.", "DSC_EST_TB": "Bueno", "DEFECT_TUB": "N.A.", "EVENTO_GEO": "No", "OBSERVACIO": "Se observa cruce aéreo apoyado sobre dos marcos H, donde sus márgenes presentan cobertura vegetal alta.", "EXISTENTE": "SI", "PROFUNDIDA": 0.0, "LATITUD": 5.0218951370000582, "LONGITUD": -75.760663937999936, "ALTITUD": 967.7, "IMAGEN_1": "C002_IMG_20240219_130349.jpg", "IMAGEN_2": "C002_IMG_20240219_130408.jpg", "IMAGEN_3": "C002_IMG_20240219_130435.jpg", "ID": "CCA-27", "ENTREGA": "E37_R3", "CREC_SUBIT": "NO", "DIR_TUB": "PERPENDICULAR" }, "geometry": { "type": "Point", "coordinates": [ -75.760663937999936, 5.021895137000058, 967.69999999999709 ] } },
{ "type": "Feature", "properties": { "FECHA": "20/02/2024 00:00:00 (UTC)", "DEPTO": "RISARALDA", "MPIO": "MARSELLA", "VEREDA": "LA MIRANDA", "GASODUCTO": "MARIQUITA - CALI", "TRM_RML": "Letras - Marsella", "TP_PK": "Inicio", "PK": "130+796", "TP_DUCTO": "Troncal", "DISTRITO": "7", "DIAMETRO": "20", "TRM_REG": "MARIQUITA - PEREIRA", "ZONA": "2", "SENAL_EX": "SI", "FORMA_ACCE": "DDV", "TP_ACCESO": "Vía destapada", "EST_ACCESO": "Bueno", "TP_SECCION": "CRUCE DE CUERPO DE AGUA", "NOM_AGUA": "Caño NN", "ANCHO_AGUA": 4.0, "TP_AGUA": "Otro", "UBIC_CRUCE": "Montaña", "CM_TORRENC": "NO", "CANALIZADO": "NO", "ALTERACION": "NO", "ZONA_INUND": "NO", "FORM_CAUCE": "Semirecto", "ESTABILID": "Estable", "TP_MARGEN": "Derecho", "TP_SOPORTE": "Marcos H", "LUZ_SOPORT": 10.0, "EST_SOPORT": "Bueno", "EXIST_CABL": "NO", "EST_CABLE": "Bueno", "MACIZO_ANC": "NO", "EST_MACIZO": "Bueno", "ZONA_TRANS": "Estable", "TP_REVEST": "OTRO", "AREA_REVES": 0.0, "EST_REVEST": "Bueno", "DEFECT_REV": "N.A.", "DSC_EST_TB": "Bueno", "DEFECT_TUB": "N.A.", "EVENTO_GEO": "No", "OBSERVACIO": "Cruce aéreo apoyado sobre dos marcos H, ubicada en zona encañonada con vegetación alta.", "EXISTENTE": "SI", "PROFUNDIDA": 0.0, "LATITUD": 5.0111823890000551, "LONGITUD": -75.763726744999985, "ALTITUD": 969.55, "IMAGEN_1": "C002_IMG_20240220_085801.jpg", "IMAGEN_2": "C002_IMG_20240220_085805.jpg", "IMAGEN_3": "C002_IMG_20240220_085810.jpg", "ID": "CCA-28", "ENTREGA": "E37_R3", "CREC_SUBIT": "NO", "DIR_TUB": "(PERPENDICULAR)" }, "geometry": { "type": "Point", "coordinates": [ -75.763726744999985, 5.011182389000055, 969.55000000000291 ] } },
{ "type": "Feature", "properties": { "FECHA": "20/02/2024 00:00:00 (UTC)", "DEPTO": "RISARALDA", "MPIO": "MARSELLA", "VEREDA": "LA MIRANDA", "GASODUCTO": "MARIQUITA - CALI", "TRM_RML": "Letras - Marsella", "TP_PK": "Fin", "PK": "130+825", "TP_DUCTO": "Troncal", "DISTRITO": "7", "DIAMETRO": "20", "TRM_REG": "MARIQUITA - PEREIRA", "ZONA": "2", "SENAL_EX": "SI", "FORMA_ACCE": "DDV", "TP_ACCESO": "Vía destapada", "EST_ACCESO": "Bueno", "TP_SECCION": "CRUCE DE CUERPO DE AGUA", "NOM_AGUA": "Caño NN", "ANCHO_AGUA": 4.0, "TP_AGUA": "Otro", "UBIC_CRUCE": "Montaña", "CM_TORRENC": "NO", "CANALIZADO": "NO", "ALTERACION": "NO", "ZONA_INUND": "NO", "FORM_CAUCE": "Semirecto", "ESTABILID": "Estable", "TP_MARGEN": "Izquierdo", "TP_SOPORTE": "Marcos H", "LUZ_SOPORT": 10.0, "EST_SOPORT": "Bueno", "EXIST_CABL": "NO", "EST_CABLE": "Bueno", "MACIZO_ANC": "NO", "EST_MACIZO": "Bueno", "ZONA_TRANS": "Estable", "TP_REVEST": "OTRO", "AREA_REVES": 0.0, "EST_REVEST": "Bueno", "DEFECT_REV": "N.A.", "DSC_EST_TB": "Bueno", "DEFECT_TUB": "N.A.", "EVENTO_GEO": "No", "OBSERVACIO": "Cruce aéreo apoyado sobre dos marcos H, ubicada en zona encañonada con vegetación alta. Donde presenta un muro en gavion en cada margen.", "EXISTENTE": "SI", "PROFUNDIDA": 0.0, "LATITUD": 5.0109538920000318, "LONGITUD": -75.763667135999981, "ALTITUD": 977.35000000000582, "IMAGEN_1": "C002_IMG_20240220_090250.jpg", "IMAGEN_2": "C002_IMG_20240220_090206.jpg", "IMAGEN_3": "C002_IMG_20240220_090159.jpg", "ID": "CCA-29", "ENTREGA": "E37_R3", "CREC_SUBIT": "NO", "DIR_TUB": "(PERPENDICULAR)" }, "geometry": { "type": "Point", "coordinates": [ -75.763667135999981, 5.010953892000032, 977.350000000005821 ] } },
{ "type": "Feature", "properties": { "FECHA": "20/02/2024 00:00:00 (UTC)", "DEPTO": "RISARALDA", "MPIO": "MARSELLA", "VEREDA": "LA MIRANDA", "GASODUCTO": "MARIQUITA - CALI", "TRM_RML": "Letras - Marsella", "TP_PK": "Inicio", "PK": "131+079", "TP_DUCTO": "Troncal", "DISTRITO": "7", "DIAMETRO": "20", "TRM_REG": "MARIQUITA - PEREIRA", "ZONA": "2", "SENAL_EX": "SI", "FORMA_ACCE": "DDV", "TP_ACCESO": "Vía destapada", "EST_ACCESO": "Bueno", "TP_SECCION": "CRUCE DE CUERPO DE AGUA", "NOM_AGUA": "Quebrada La Siria", "ANCHO_AGUA": 20.0, "TP_AGUA": "Secundaria", "UBIC_CRUCE": "Montaña", "CM_TORRENC": "NO", "CANALIZADO": "NO", "ALTERACION": "NO", "ZONA_INUND": "NO", "FORM_CAUCE": "Semirecto", "ESTABILID": "Estable", "TP_MARGEN": "Derecho", "TP_SOPORTE": "Puente colgante", "LUZ_SOPORT": 20.0, "EST_SOPORT": "Bueno", "EXIST_CABL": "NO", "EST_CABLE": "Bueno", "MACIZO_ANC": "NO", "EST_MACIZO": "Bueno", "ZONA_TRANS": "Estable", "TP_REVEST": "OTRO", "AREA_REVES": 0.0, "EST_REVEST": "Bueno", "DEFECT_REV": "N.A.", "DSC_EST_TB": "Bueno", "DEFECT_TUB": "N.A.", "EVENTO_GEO": "No", "OBSERVACIO": "Área encañonada y con vegetación alta,  con pendiente de 45° en su descenso, por seguridad se paso por el DDV de ECOPETROL.", "EXISTENTE": "SI", "PROFUNDIDA": 0.0, "LATITUD": 5.0089345430000662, "LONGITUD": -75.764053700999966, "ALTITUD": 965.2, "IMAGEN_1": "C002_IMG_20240220_092128.jpg", "IMAGEN_2": "C002_IMG_20240220_092149.jpg", "IMAGEN_3": "C002_IMG_20240220_092141.jpg", "ID": "CCA-30", "ENTREGA": "E37_R3", "CREC_SUBIT": "NO", "DIR_TUB": "(PERPENDICULAR)" }, "geometry": { "type": "Point", "coordinates": [ -75.764053700999966, 5.008934543000066, 965.19999999999709 ] } },
{ "type": "Feature", "properties": { "FECHA": "20/02/2024 00:00:00 (UTC)", "DEPTO": "RISARALDA", "MPIO": "MARSELLA", "VEREDA": "LA MIRANDA", "GASODUCTO": "MARIQUITA - CALI", "TRM_RML": "Letras - Marsella", "TP_PK": "Fin", "PK": "131+127", "TP_DUCTO": "Troncal", "DISTRITO": "7", "DIAMETRO": "20", "TRM_REG": "MARIQUITA - PEREIRA", "ZONA": "2", "SENAL_EX": "SI", "FORMA_ACCE": "DDV", "TP_ACCESO": "Vía destapada", "EST_ACCESO": "Bueno", "TP_SECCION": "CRUCE DE CUERPO DE AGUA", "NOM_AGUA": "Quebrada La Siria", "ANCHO_AGUA": 20.0, "TP_AGUA": "Secundaria", "UBIC_CRUCE": "Montaña", "CM_TORRENC": "NO", "CANALIZADO": "NO", "ALTERACION": "NO", "ZONA_INUND": "NO", "FORM_CAUCE": "Semirecto", "ESTABILID": "Estable", "TP_MARGEN": "Izquierdo", "TP_SOPORTE": "Puente colgante", "LUZ_SOPORT": 20.0, "EST_SOPORT": "Bueno", "EXIST_CABL": "NO", "EST_CABLE": "Bueno", "MACIZO_ANC": "NO", "EST_MACIZO": "Bueno", "ZONA_TRANS": "Estable", "TP_REVEST": "OTRO", "AREA_REVES": 0.0, "EST_REVEST": "Bueno", "DEFECT_REV": "N.A.", "DSC_EST_TB": "Bueno", "DEFECT_TUB": "N.A.", "EVENTO_GEO": "No", "OBSERVACIO": "Área encañonada y con vegetación alta,  con pendiente de 45° en su descenso, por seguridad se paso por el DDV de ECOPETROL.", "EXISTENTE": "SI", "PROFUNDIDA": 0.0, "LATITUD": 5.0085659460000329, "LONGITUD": -75.764283021999972, "ALTITUD": 960.89999999999418, "IMAGEN_1": "C002_IMG_20240220_093604.jpg", "IMAGEN_2": "C002_IMG_20240220_093611.jpg", "IMAGEN_3": "C002_IMG_20240220_093614.jpg", "ID": "CCA-31", "ENTREGA": "E37_R3", "CREC_SUBIT": "NO", "DIR_TUB": "(PERPENDICULAR)" }, "geometry": { "type": "Point", "coordinates": [ -75.764283021999972, 5.008565946000033, 960.899999999994179 ] } },
{ "type": "Feature", "properties": { "FECHA": "20/02/2024 00:00:00 (UTC)", "DEPTO": "RISARALDA", "MPIO": "MARSELLA", "VEREDA": "LA MIRANDA", "GASODUCTO": "MARIQUITA - CALI", "TRM_RML": "Letras - Marsella", "TP_PK": "Inicio", "PK": "131+943", "TP_DUCTO": "Troncal", "DISTRITO": "7", "DIAMETRO": "20", "TRM_REG": "MARIQUITA - PEREIRA", "ZONA": "2", "SENAL_EX": "SI", "FORMA_ACCE": "DDV", "TP_ACCESO": "Vía destapada", "EST_ACCESO": "Bueno", "TP_SECCION": "CRUCE DE CUERPO DE AGUA", "NOM_AGUA": "Quebrada Napoles", "ANCHO_AGUA": 1.0, "TP_AGUA": "Otro", "UBIC_CRUCE": "Montaña", "CM_TORRENC": "NO", "CANALIZADO": "NO", "ALTERACION": "NO", "ZONA_INUND": "NO", "FORM_CAUCE": "Semirecto", "ESTABILID": "Estable", "TP_MARGEN": "Derecho", "TP_SOPORTE": "Voladizo", "LUZ_SOPORT": 10.0, "EST_SOPORT": "Bueno", "EXIST_CABL": "NO", "EST_CABLE": "Bueno", "MACIZO_ANC": "NO", "EST_MACIZO": "Bueno", "ZONA_TRANS": "Estable", "TP_REVEST": "OTRO", "AREA_REVES": 0.0, "EST_REVEST": "Bueno", "DEFECT_REV": "N.A.", "DSC_EST_TB": "Bueno", "DEFECT_TUB": "N.A.", "EVENTO_GEO": "No", "OBSERVACIO": " ", "EXISTENTE": "SI", "PROFUNDIDA": 0.0, "LATITUD": 5.0056662240000378, "LONGITUD": -75.770244264999974, "ALTITUD": 860.05, "IMAGEN_1": "C002_IMG_20240220_121359.jpg", "IMAGEN_2": "C002_IMG_20240220_121402.jpg", "IMAGEN_3": "C002_IMG_20240220_121406.jpg", "ID": "CCA-32", "ENTREGA": "E37_R3", "CREC_SUBIT": "NO", "DIR_TUB": "(PERPENDICULAR)" }, "geometry": { "type": "Point", "coordinates": [ -75.770244264999974, 5.005666224000038, 860.05000000000291 ] } },
{ "type": "Feature", "properties": { "FECHA": "20/02/2024 00:00:00 (UTC)", "DEPTO": "RISARALDA", "MPIO": "MARSELLA", "VEREDA": "LA MIRANDA", "GASODUCTO": "MARIQUITA - CALI", "TRM_RML": "Letras - Marsella", "TP_PK": "Fin", "PK": "131+977", "TP_DUCTO": "Troncal", "DISTRITO": "7", "DIAMETRO": "20", "TRM_REG": "MARIQUITA - PEREIRA", "ZONA": "2", "SENAL_EX": "SI", "FORMA_ACCE": "DDV", "TP_ACCESO": "Vía destapada", "EST_ACCESO": "Bueno", "TP_SECCION": "CRUCE DE CUERPO DE AGUA", "NOM_AGUA": "Quebrada Napoles", "ANCHO_AGUA": 1.0, "TP_AGUA": "Otro", "UBIC_CRUCE": "Montaña", "CM_TORRENC": "NO", "CANALIZADO": "NO", "ALTERACION": "NO", "ZONA_INUND": "NO", "FORM_CAUCE": "Semirecto", "ESTABILID": "Estable", "TP_MARGEN": "Izquierdo", "TP_SOPORTE": "Voladizo", "LUZ_SOPORT": 10.0, "EST_SOPORT": "Bueno", "EXIST_CABL": "NO", "EST_CABLE": "Bueno", "MACIZO_ANC": "NO", "EST_MACIZO": "Bueno", "ZONA_TRANS": "Estable", "TP_REVEST": "OTRO", "AREA_REVES": 0.0, "EST_REVEST": "Bueno", "DEFECT_REV": "N.A.", "DSC_EST_TB": "Bueno", "DEFECT_TUB": "N.A.", "EVENTO_GEO": "No", "OBSERVACIO": " ", "EXISTENTE": "SI", "PROFUNDIDA": 0.0, "LATITUD": 5.0054601820000357, "LONGITUD": -75.770464761999961, "ALTITUD": 843.39999999999418, "IMAGEN_1": "C002_IMG_20240220_121631.jpg", "IMAGEN_2": "C002_IMG_20240220_121627.jpg", "IMAGEN_3": "C002_IMG_20240220_121620.jpg", "ID": "CCA-33", "ENTREGA": "E37_R3", "CREC_SUBIT": "NO", "DIR_TUB": "(PERPENDICULAR)" }, "geometry": { "type": "Point", "coordinates": [ -75.770464761999961, 5.005460182000036, 843.399999999994179 ] } },
{ "type": "Feature", "properties": { "FECHA": "20/02/2024 00:00:00 (UTC)", "DEPTO": "RISARALDA", "MPIO": "MARSELLA", "VEREDA": "BELTRAN", "GASODUCTO": "MARIQUITA - CALI", "TRM_RML": "Letras - Marsella", "TP_PK": "Inicio", "PK": "132+714", "TP_DUCTO": "Troncal", "DISTRITO": "7", "DIAMETRO": "20", "TRM_REG": "MARIQUITA - PEREIRA", "ZONA": "2", "SENAL_EX": "SI", "FORMA_ACCE": "DDV", "TP_ACCESO": "Vía destapada", "EST_ACCESO": "Bueno", "TP_SECCION": "CRUCE DE CUERPO DE AGUA", "NOM_AGUA": "Quebrada La Mica", "ANCHO_AGUA": 6.0, "TP_AGUA": "Otro", "UBIC_CRUCE": "Montaña", "CM_TORRENC": "NO", "CANALIZADO": "NO", "ALTERACION": "NO", "ZONA_INUND": "NO", "FORM_CAUCE": "Semirecto", "ESTABILID": "Estable", "TP_MARGEN": "Derecho", "TP_SOPORTE": "Marcos H", "LUZ_SOPORT": 10.0, "EST_SOPORT": "Bueno", "EXIST_CABL": "NO", "EST_CABLE": "Bueno", "MACIZO_ANC": "NO", "EST_MACIZO": "Bueno", "ZONA_TRANS": "Estable", "TP_REVEST": "OTRO", "AREA_REVES": 0.0, "EST_REVEST": "Bueno", "DEFECT_REV": "N.A.", "DSC_EST_TB": "Bueno", "DEFECT_TUB": "N.A.", "EVENTO_GEO": "No", "OBSERVACIO": "Cruce aéreo sobre 2 marcos H, ubicada en zona encañonada con vegetación alta.", "EXISTENTE": "SI", "PROFUNDIDA": 0.0, "LATITUD": 5.000594005000039, "LONGITUD": -75.775201145999972, "ALTITUD": 903.64999999999418, "IMAGEN_1": "C002_IMG_20240220_141038.jpg", "IMAGEN_2": "C002_IMG_20240220_141045.jpg", "IMAGEN_3": "C002_IMG_20240220_141048.jpg", "ID": "CCA-34", "ENTREGA": "E37_R3", "CREC_SUBIT": "NO", "DIR_TUB": "(PERPENDICULAR)" }, "geometry": { "type": "Point", "coordinates": [ -75.775201145999972, 5.000594005000039, 903.649999999994179 ] } },
{ "type": "Feature", "properties": { "FECHA": "20/02/2024 00:00:00 (UTC)", "DEPTO": "RISARALDA", "MPIO": "MARSELLA", "VEREDA": "BELTRAN", "GASODUCTO": "MARIQUITA - CALI", "TRM_RML": "Letras - Marsella", "TP_PK": "Fin", "PK": "132+748", "TP_DUCTO": "Troncal", "DISTRITO": "7", "DIAMETRO": "20", "TRM_REG": "MARIQUITA - PEREIRA", "ZONA": "2", "SENAL_EX": "SI", "FORMA_ACCE": "DDV", "TP_ACCESO": "Vía destapada", "EST_ACCESO": "Bueno", "TP_SECCION": "CRUCE DE CUERPO DE AGUA", "NOM_AGUA": "Quebrada La Mica", "ANCHO_AGUA": 6.0, "TP_AGUA": "Otro", "UBIC_CRUCE": "Montaña", "CM_TORRENC": "NO", "CANALIZADO": "NO", "ALTERACION": "NO", "ZONA_INUND": "NO", "FORM_CAUCE": "Semirecto", "ESTABILID": "Estable", "TP_MARGEN": "Izquierdo", "TP_SOPORTE": "Marcos H", "LUZ_SOPORT": 10.0, "EST_SOPORT": "Bueno", "EXIST_CABL": "NO", "EST_CABLE": "Bueno", "MACIZO_ANC": "NO", "EST_MACIZO": "Bueno", "ZONA_TRANS": "Estable", "TP_REVEST": "OTRO", "AREA_REVES": 0.0, "EST_REVEST": "Bueno", "DEFECT_REV": "N.A.", "DSC_EST_TB": "Bueno", "DEFECT_TUB": "N.A.", "EVENTO_GEO": "No", "OBSERVACIO": "Cruce aéreo sobre 2 marcos H, ubicada en zona encañonada con vegetación alta.", "EXISTENTE": "SI", "PROFUNDIDA": 0.0, "LATITUD": 5.0002915280000479, "LONGITUD": -75.775136979999957, "ALTITUD": 879.64999999999418, "IMAGEN_1": "C002_IMG_20240220_141247.jpg", "IMAGEN_2": "C002_IMG_20240220_141242.jpg", "IMAGEN_3": "C002_IMG_20240220_141238.jpg", "ID": "CCA-35", "ENTREGA": "E37_R3", "CREC_SUBIT": "NO", "DIR_TUB": "(PERPENDICULAR)" }, "geometry": { "type": "Point", "coordinates": [ -75.775136979999957, 5.000291528000048, 879.649999999994179 ] } },
{ "type": "Feature", "properties": { "FECHA": "16/02/2024 00:00:00 (UTC)", "DEPTO": "RISARALDA", "MPIO": "MARSELLA", "VEREDA": "LA ARGENTINA", "GASODUCTO": "MARIQUITA - CALI", "TRM_RML": "Marsella - Obando", "TP_PK": "Inicio", "PK": "139+146", "TP_DUCTO": "Troncal", "DISTRITO": "7", "DIAMETRO": "20", "TRM_REG": "PEREIRA - ARMENIA", "ZONA": "2", "SENAL_EX": "SI", "FORMA_ACCE": "DDV", "TP_ACCESO": "Sendero a pie", "EST_ACCESO": "Bueno", "TP_SECCION": "CRUCE DE CUERPO DE AGUA", "NOM_AGUA": "Quebrada La Coneja", "ANCHO_AGUA": 10.0, "TP_AGUA": "Secundaria", "UBIC_CRUCE": "Llanura", "CM_TORRENC": "NO", "CANALIZADO": "NO", "ALTERACION": "NO", "ZONA_INUND": "NO", "FORM_CAUCE": "Semirecto", "ESTABILID": "Estable", "TP_MARGEN": "Derecho", "TP_SOPORTE": "(Marcos H)", "LUZ_SOPORT": 30.0, "EST_SOPORT": "Bueno", "EXIST_CABL": "SI", "EST_CABLE": "Bueno", "MACIZO_ANC": "NO", "EST_MACIZO": "Bueno", "ZONA_TRANS": " ", "TP_REVEST": "FBE", "AREA_REVES": 0.0, "EST_REVEST": "Bueno", "DEFECT_REV": "N.A.", "DSC_EST_TB": "Bueno", "DEFECT_TUB": "N.A.", "EVENTO_GEO": "No", "OBSERVACIO": " ", "EXISTENTE": "SI", "PROFUNDIDA": 0.0, "LATITUD": 4.9497832800000765, "LONGITUD": -75.78410910499997, "ALTITUD": 943.62, "IMAGEN_1": "C003_IMG_20240216_110005.jpg", "IMAGEN_2": "C003_IMG_20240216_105952.jpg", "IMAGEN_3": "C003_IMG_20240216_105937.jpg", "ID": "CCA-12", "ENTREGA": "E39_R3", "CREC_SUBIT": "SI", "DIR_TUB": "PERPENDICULAR" }, "geometry": { "type": "Point", "coordinates": [ -75.78410910499997, 4.949783280000077, 943.619999999995343 ] } },
{ "type": "Feature", "properties": { "FECHA": "16/02/2024 00:00:00 (UTC)", "DEPTO": "RISARALDA", "MPIO": "MARSELLA", "VEREDA": "LA ARGENTINA", "GASODUCTO": "MARIQUITA - CALI", "TRM_RML": "Marsella - Obando", "TP_PK": "Fin", "PK": "139+189", "TP_DUCTO": "Troncal", "DISTRITO": "7", "DIAMETRO": "20", "TRM_REG": "PEREIRA - ARMENIA", "ZONA": "2", "SENAL_EX": "SI", "FORMA_ACCE": "DDV", "TP_ACCESO": "Sendero a pie", "EST_ACCESO": "Bueno", "TP_SECCION": "CRUCE DE CUERPO DE AGUA", "NOM_AGUA": "Quebrada La Coneja", "ANCHO_AGUA": 10.0, "TP_AGUA": "Secundaria", "UBIC_CRUCE": "Llanura", "CM_TORRENC": "NO", "CANALIZADO": "NO", "ALTERACION": "NO", "ZONA_INUND": "NO", "FORM_CAUCE": "Semirecto", "ESTABILID": "Estable", "TP_MARGEN": "Izquierdo", "TP_SOPORTE": "(Marcos H)", "LUZ_SOPORT": 30.0, "EST_SOPORT": "Bueno", "EXIST_CABL": "SI", "EST_CABLE": "Bueno", "MACIZO_ANC": "NO", "EST_MACIZO": "Bueno", "ZONA_TRANS": " ", "TP_REVEST": "FBE", "AREA_REVES": 0.0, "EST_REVEST": "Bueno", "DEFECT_REV": "N.A.", "DSC_EST_TB": "Bueno", "DEFECT_TUB": "N.A.", "EVENTO_GEO": "Si", "OBSERVACIO": " ", "EXISTENTE": "SI", "PROFUNDIDA": 0.0, "LATITUD": 4.9495046430000684, "LONGITUD": -75.784206857999948, "ALTITUD": 938.3, "IMAGEN_1": "C003_IMG_20240216_111913.jpg", "IMAGEN_2": "C003_IMG_20240216_111921.jpg", "IMAGEN_3": "C003_IMG_20240216_111928.jpg", "ID": "CCA-13", "ENTREGA": "E39_R3", "CREC_SUBIT": "SI", "DIR_TUB": "PERPENDICULAR" }, "geometry": { "type": "Point", "coordinates": [ -75.784206857999948, 4.949504643000068, 938.30000000000291 ] } },
{ "type": "Feature", "properties": { "FECHA": "19/02/2024 00:00:00 (UTC)", "DEPTO": "RISARALDA", "MPIO": "PEREIRA", "VEREDA": "COMBIA BAJA", "GASODUCTO": "MARIQUITA - CALI", "TRM_RML": "Marsella - Obando", "TP_PK": "Inicio", "PK": "151+512", "TP_DUCTO": "Troncal", "DISTRITO": "7", "DIAMETRO": "20", "TRM_REG": "PEREIRA - ARMENIA", "ZONA": "2", "SENAL_EX": "SI", "FORMA_ACCE": "Caminando", "TP_ACCESO": "Sendero a pie", "EST_ACCESO": "Bueno", "TP_SECCION": "CRUCE DE CUERPO DE AGUA", "NOM_AGUA": "Caño NN", "ANCHO_AGUA": 2.0, "TP_AGUA": "Otro", "UBIC_CRUCE": "Montaña", "CM_TORRENC": "NO", "CANALIZADO": "NO", "ALTERACION": "NO", "ZONA_INUND": "NO", "FORM_CAUCE": "Semirecto", "ESTABILID": "Estable", "TP_MARGEN": "Derecho", "TP_SOPORTE": "(Marcos H)", "LUZ_SOPORT": 30.0, "EST_SOPORT": "Bueno", "EXIST_CABL": "NO", "EST_CABLE": "Bueno", "MACIZO_ANC": "NO", "EST_MACIZO": "Bueno", "ZONA_TRANS": " ", "TP_REVEST": "Poliken", "AREA_REVES": 0.0, "EST_REVEST": "Bueno", "DEFECT_REV": "N.A.", "DSC_EST_TB": "Bueno", "DEFECT_TUB": "N.A.", "EVENTO_GEO": "No", "OBSERVACIO": " ", "EXISTENTE": "SI", "PROFUNDIDA": 0.0, "LATITUD": 4.8602496360000487, "LONGITUD": -75.801006306999966, "ALTITUD": 1123.9333, "IMAGEN_1": "C003_IMG_20240219_075107.jpg", "IMAGEN_2": "C003_IMG_20240219_075116.jpg", "IMAGEN_3": "C003_IMG_20240219_075124.jpg", "ID": "CCA-14", "ENTREGA": "E39_R3", "CREC_SUBIT": "NO", "DIR_TUB": "PERPENDICULAR" }, "geometry": { "type": "Point", "coordinates": [ -75.801006306999966, 4.860249636000049, 1123.933300000004238 ] } },
{ "type": "Feature", "properties": { "FECHA": "19/02/2024 00:00:00 (UTC)", "DEPTO": "RISARALDA", "MPIO": "PEREIRA", "VEREDA": "COMBIA BAJA", "GASODUCTO": "MARIQUITA - CALI", "TRM_RML": "Marsella - Obando", "TP_PK": "Fin", "PK": "151+544", "TP_DUCTO": "Troncal", "DISTRITO": "7", "DIAMETRO": "20", "TRM_REG": "PEREIRA - ARMENIA", "ZONA": "2", "SENAL_EX": "SI", "FORMA_ACCE": "Caminando", "TP_ACCESO": "Sendero a pie", "EST_ACCESO": "Bueno", "TP_SECCION": "CRUCE DE CUERPO DE AGUA", "NOM_AGUA": "Caño NN", "ANCHO_AGUA": 2.0, "TP_AGUA": "Otro", "UBIC_CRUCE": "Montaña", "CM_TORRENC": "NO", "CANALIZADO": "NO", "ALTERACION": "NO", "ZONA_INUND": "NO", "FORM_CAUCE": "Semirecto", "ESTABILID": "Estable", "TP_MARGEN": "Izquierdo", "TP_SOPORTE": "(Marcos H)", "LUZ_SOPORT": 30.0, "EST_SOPORT": "Bueno", "EXIST_CABL": "NO", "EST_CABLE": "Bueno", "MACIZO_ANC": "NO", "EST_MACIZO": "Bueno", "ZONA_TRANS": " ", "TP_REVEST": "Poliken", "AREA_REVES": 0.0, "EST_REVEST": "Bueno", "DEFECT_REV": "N.A.", "DSC_EST_TB": "Bueno", "DEFECT_TUB": "N.A.", "EVENTO_GEO": "No", "OBSERVACIO": " ", "EXISTENTE": "SI", "PROFUNDIDA": 0.0, "LATITUD": 4.8599941670000248, "LONGITUD": -75.801116666999974, "ALTITUD": 1125.6333, "IMAGEN_1": "C003_IMG_20240219_075413.jpg", "IMAGEN_2": "C003_IMG_20240219_075431.jpg", "IMAGEN_3": "C003_IMG_20240219_075440.jpg", "ID": "CCA-15", "ENTREGA": "E39_R3", "CREC_SUBIT": "NO", "DIR_TUB": "PERPENDICULAR" }, "geometry": { "type": "Point", "coordinates": [ -75.801116666999974, 4.859994167000025, 1125.633300000001327 ] } },
{ "type": "Feature", "properties": { "FECHA": "19/02/2024 00:00:00 (UTC)", "DEPTO": "RISARALDA", "MPIO": "PEREIRA", "VEREDA": "COMBIA BAJA", "GASODUCTO": "MARIQUITA - CALI", "TRM_RML": "Marsella - Obando", "TP_PK": "Inicio", "PK": "153+448", "TP_DUCTO": "Troncal", "DISTRITO": "7", "DIAMETRO": "20", "TRM_REG": "PEREIRA - ARMENIA", "ZONA": "2", "SENAL_EX": "SI", "FORMA_ACCE": "Camiando", "TP_ACCESO": "Vía destapada", "EST_ACCESO": "Bueno", "TP_SECCION": "CRUCE DE CUERPO DE AGUA", "NOM_AGUA": "Rio Otún", "ANCHO_AGUA": 23.0, "TP_AGUA": "Secundaria", "UBIC_CRUCE": "Montaña", "CM_TORRENC": "NO", "CANALIZADO": "NO", "ALTERACION": "NO", "ZONA_INUND": "NO", "FORM_CAUCE": "Semirecto", "ESTABILID": "Estable", "TP_MARGEN": "Derecho", "TP_SOPORTE": "(Marcos H con cables)", "LUZ_SOPORT": 190.0, "EST_SOPORT": "Bueno", "EXIST_CABL": "SI", "EST_CABLE": "Bueno", "MACIZO_ANC": "SI", "EST_MACIZO": "Bueno", "ZONA_TRANS": " ", "TP_REVEST": "Poliken", "AREA_REVES": 0.0, "EST_REVEST": "Bueno", "DEFECT_REV": "N.A.", "DSC_EST_TB": "Bueno", "DEFECT_TUB": "N.A.", "EVENTO_GEO": "No", "OBSERVACIO": " ", "EXISTENTE": "SI", "PROFUNDIDA": 0.0, "LATITUD": 4.8486613830000351, "LONGITUD": -75.809340715999951, "ALTITUD": 1054.2667, "IMAGEN_1": "C003_IMG_20240219_090400.jpg", "IMAGEN_2": "C003_IMG_20240219_090407.jpg", "IMAGEN_3": "C003_IMG_20240219_090416.jpg", "ID": "CCA-16", "ENTREGA": "E39_R3", "CREC_SUBIT": "SI", "DIR_TUB": "PERPENDICULAR" }, "geometry": { "type": "Point", "coordinates": [ -75.809340715999951, 4.848661383000035, 1054.266699999992852 ] } },
{ "type": "Feature", "properties": { "FECHA": "19/02/2024 00:00:00 (UTC)", "DEPTO": "RISARALDA", "MPIO": "PEREIRA", "VEREDA": "CAIMALITO", "GASODUCTO": "MARIQUITA - CALI", "TRM_RML": "Marsella - Obando", "TP_PK": "Fin", "PK": "153+867", "TP_DUCTO": "Troncal", "DISTRITO": "7", "DIAMETRO": "20", "TRM_REG": "PEREIRA - ARMENIA", "ZONA": "2", "SENAL_EX": "SI", "FORMA_ACCE": "Caminando", "TP_ACCESO": "Vía destapada", "EST_ACCESO": "Bueno", "TP_SECCION": "CRUCE DE CUERPO DE AGUA", "NOM_AGUA": "Rio Otún", "ANCHO_AGUA": 23.0, "TP_AGUA": "Secundaria", "UBIC_CRUCE": "Montaña", "CM_TORRENC": "NO", "CANALIZADO": "NO", "ALTERACION": "NO", "ZONA_INUND": "NO", "FORM_CAUCE": "Semirecto", "ESTABILID": "Estable", "TP_MARGEN": "Izquierdo", "TP_SOPORTE": "(Marcos H con cables)", "LUZ_SOPORT": 190.0, "EST_SOPORT": "Bueno", "EXIST_CABL": "SI", "EST_CABLE": "Bueno", "MACIZO_ANC": "SI", "EST_MACIZO": "Bueno", "ZONA_TRANS": " ", "TP_REVEST": "Poliken", "AREA_REVES": 0.0, "EST_REVEST": "Bueno", "DEFECT_REV": "N.A.", "DSC_EST_TB": "Bueno", "DEFECT_TUB": "N.A.", "EVENTO_GEO": "No", "OBSERVACIO": " ", "EXISTENTE": "SI", "PROFUNDIDA": 0.0, "LATITUD": 4.8472739560000377, "LONGITUD": -75.81020166899998, "ALTITUD": 1054.8, "IMAGEN_1": "C003_IMG_20240219_112740.jpg", "IMAGEN_2": "C003_IMG_20240219_112814.jpg", "IMAGEN_3": "C003_IMG_20240219_112824.jpg", "ID": "CCA-17", "ENTREGA": "E39_R3", "CREC_SUBIT": "SI", "DIR_TUB": "PERPENDICULAR" }, "geometry": { "type": "Point", "coordinates": [ -75.81020166899998, 4.847273956000038, 1054.80000000000291 ] } },
{ "type": "Feature", "properties": { "FECHA": "22/02/2024 00:00:00 (UTC)", "DEPTO": "RISARALDA", "MPIO": "PEREIRA", "VEREDA": "PUERTO CALDAS", "GASODUCTO": "MARIQUITA - CALI", "TRM_RML": "Marsella - Obando", "TP_PK": "Inicio", "PK": "166+555", "TP_DUCTO": "Troncal", "DISTRITO": "7", "DIAMETRO": "20", "TRM_REG": "PEREIRA - ARMENIA", "ZONA": "2", "SENAL_EX": "NO", "FORMA_ACCE": "Caminando", "TP_ACCESO": "Vía destapada", "EST_ACCESO": "Bueno", "TP_SECCION": "CRUCE DE CUERPO DE AGUA", "NOM_AGUA": "Quebrada Santa Agueda", "ANCHO_AGUA": 3.0, "TP_AGUA": "Otro", "UBIC_CRUCE": "Llanura", "CM_TORRENC": "NO", "CANALIZADO": "NO", "ALTERACION": "NO", "ZONA_INUND": "NO", "FORM_CAUCE": "Semirecto", "ESTABILID": "Estable", "TP_MARGEN": "Derecho", "TP_SOPORTE": "(Marcos H)", "LUZ_SOPORT": 0.0, "EST_SOPORT": "Bueno", "EXIST_CABL": "NO", "EST_CABLE": "Bueno", "MACIZO_ANC": "NO", "EST_MACIZO": "Bueno", "ZONA_TRANS": " ", "TP_REVEST": "Poliken", "AREA_REVES": 0.0, "EST_REVEST": "Bueno", "DEFECT_REV": "N.A.", "DSC_EST_TB": "Bueno", "DEFECT_TUB": "N.A.", "EVENTO_GEO": "No", "OBSERVACIO": " ", "EXISTENTE": "SI", "PROFUNDIDA": 0.0, "LATITUD": 4.7816554800000404, "LONGITUD": -75.882565796999984, "ALTITUD": 978.5, "IMAGEN_1": "C003_IMG_20240222_120043.jpg", "IMAGEN_2": "C003_IMG_20240222_120051.jpg", "IMAGEN_3": "C003_IMG_20240222_120103.jpg", "ID": "CCA-18", "ENTREGA": "E39_R3", "CREC_SUBIT": "NO", "DIR_TUB": "PERPENDICULAR" }, "geometry": { "type": "Point", "coordinates": [ -75.882565796999984, 4.78165548000004, 978.5 ] } },
{ "type": "Feature", "properties": { "FECHA": "22/02/2024 00:00:00 (UTC)", "DEPTO": "RISARALDA", "MPIO": "PEREIRA", "VEREDA": "PUERTO CALDAS", "GASODUCTO": "MARIQUITA - CALI", "TRM_RML": "Marsella - Obando", "TP_PK": "Fin", "PK": "166+590", "TP_DUCTO": "Troncal", "DISTRITO": "7", "DIAMETRO": "20", "TRM_REG": "PEREIRA - ARMENIA", "ZONA": "2", "SENAL_EX": "NO", "FORMA_ACCE": "Caminando", "TP_ACCESO": "Vía destapada", "EST_ACCESO": "Bueno", "TP_SECCION": "CRUCE DE CUERPO DE AGUA", "NOM_AGUA": "Quebrada Santa Agueda", "ANCHO_AGUA": 3.0, "TP_AGUA": "Otro", "UBIC_CRUCE": "Llanura", "CM_TORRENC": "NO", "CANALIZADO": "NO", "ALTERACION": "NO", "ZONA_INUND": "NO", "FORM_CAUCE": "Semirecto", "ESTABILID": "Estable", "TP_MARGEN": "Derecho", "TP_SOPORTE": "(Marcos H)", "LUZ_SOPORT": 0.0, "EST_SOPORT": "Bueno", "EXIST_CABL": "NO", "EST_CABLE": "Bueno", "MACIZO_ANC": "NO", "EST_MACIZO": "Bueno", "ZONA_TRANS": " ", "TP_REVEST": "Poliken", "AREA_REVES": 0.0, "EST_REVEST": "Bueno", "DEFECT_REV": "N.A.", "DSC_EST_TB": "Bueno", "DEFECT_TUB": "N.A.", "EVENTO_GEO": "No", "OBSERVACIO": " ", "EXISTENTE": "SI", "PROFUNDIDA": 0.0, "LATITUD": 4.781319111000073, "LONGITUD": -75.882795718999944, "ALTITUD": 987.9667, "IMAGEN_1": "C003_IMG_20240222_121226.jpg", "IMAGEN_2": "C003_IMG_20240222_121234.jpg", "IMAGEN_3": "C003_IMG_20240222_121243.jpg", "ID": "CCA-19", "ENTREGA": "E39_R3", "CREC_SUBIT": "NO", "DIR_TUB": "PERPENDICULAR" }, "geometry": { "type": "Point", "coordinates": [ -75.882795718999944, 4.781319111000073, 987.966700000004494 ] } },
{ "type": "Feature", "properties": { "FECHA": "21/02/2024 00:00:00 (UTC)", "DEPTO": "RISARALDA", "MPIO": "PEREIRA", "VEREDA": "CARRITOS", "GASODUCTO": "MARIQUITA - CALI", "TRM_RML": "Marsella - Obando", "TP_PK": "Inicio", "PK": "163+504", "TP_DUCTO": "Troncal", "DISTRITO": "7", "DIAMETRO": "20", "TRM_REG": "PEREIRA - ARMENIA", "ZONA": "2", "SENAL_EX": "SI", "FORMA_ACCE": "Caminando", "TP_ACCESO": "Vía destapada", "EST_ACCESO": "Bueno", "TP_SECCION": "CRUCE DE CUERPO DE AGUA", "NOM_AGUA": "Caño NN", "ANCHO_AGUA": 2.0, "TP_AGUA": "Otro", "UBIC_CRUCE": "Montaña", "CM_TORRENC": "NO", "CANALIZADO": "NO", "ALTERACION": "NO", "ZONA_INUND": "NO", "FORM_CAUCE": "Semirecto", "ESTABILID": "Estable", "TP_MARGEN": "Derecho", "TP_SOPORTE": "(Marcos H)", "LUZ_SOPORT": 25.0, "EST_SOPORT": "Bueno", "EXIST_CABL": "NO", "EST_CABLE": "Bueno", "MACIZO_ANC": "NO", "EST_MACIZO": "Bueno", "ZONA_TRANS": " ", "TP_REVEST": "Poliken", "AREA_REVES": 0.0, "EST_REVEST": "Bueno", "DEFECT_REV": "N.A.", "DSC_EST_TB": "Bueno", "DEFECT_TUB": "N.A.", "EVENTO_GEO": "No", "OBSERVACIO": " ", "EXISTENTE": "SI", "PROFUNDIDA": 0.0, "LATITUD": 4.8024505560000534, "LONGITUD": -75.869714721999969, "ALTITUD": 1082.1667, "IMAGEN_1": "C003_IMG_20240221_113806.jpg", "IMAGEN_2": "C003_IMG_20240221_113826.jpg", "IMAGEN_3": "C003_IMG_20240221_113832.jpg", "ID": "CCA-20", "ENTREGA": "E39_R3", "CREC_SUBIT": "NO", "DIR_TUB": "PERPENDICULAR" }, "geometry": { "type": "Point", "coordinates": [ -75.869714721999969, 4.802450556000053, 1082.166700000001583 ] } },
{ "type": "Feature", "properties": { "FECHA": "21/02/2024 00:00:00 (UTC)", "DEPTO": "RISARALDA", "MPIO": "PEREIRA", "VEREDA": "CARRITOS", "GASODUCTO": "MARIQUITA - CALI", "TRM_RML": "Marsella - Obando", "TP_PK": "Fin", "PK": "163+532", "TP_DUCTO": "Troncal", "DISTRITO": "7", "DIAMETRO": "20", "TRM_REG": "PEREIRA - ARMENIA", "ZONA": "2", "SENAL_EX": "SI", "FORMA_ACCE": "Caminando", "TP_ACCESO": "Vía destapada", "EST_ACCESO": "Bueno", "TP_SECCION": "CRUCE DE CUERPO DE AGUA", "NOM_AGUA": "Caño NN", "ANCHO_AGUA": 2.0, "TP_AGUA": "Otro", "UBIC_CRUCE": "Montaña", "CM_TORRENC": "NO", "CANALIZADO": "NO", "ALTERACION": "NO", "ZONA_INUND": "NO", "FORM_CAUCE": "Semirecto", "ESTABILID": "Estable", "TP_MARGEN": "Izquierdo", "TP_SOPORTE": "(Marcos H)", "LUZ_SOPORT": 25.0, "EST_SOPORT": "Bueno", "EXIST_CABL": "NO", "EST_CABLE": "Bueno", "MACIZO_ANC": "NO", "EST_MACIZO": "Bueno", "ZONA_TRANS": " ", "TP_REVEST": "Poliken", "AREA_REVES": 0.0, "EST_REVEST": "Bueno", "DEFECT_REV": "N.A.", "DSC_EST_TB": "Bueno", "DEFECT_TUB": "N.A.", "EVENTO_GEO": "No", "OBSERVACIO": " ", "EXISTENTE": "SI", "PROFUNDIDA": 0.0, "LATITUD": 4.8022348680000277, "LONGITUD": -75.869799427999965, "ALTITUD": 1079.3333, "IMAGEN_1": "C003_IMG_20240221_114944.jpg", "IMAGEN_2": "C003_IMG_20240221_114956.jpg", "IMAGEN_3": "C003_IMG_20240221_115004.jpg", "ID": "CCA-21", "ENTREGA": "E39_R3", "CREC_SUBIT": "NO", "DIR_TUB": "PERPENDICULAR" }, "geometry": { "type": "Point", "coordinates": [ -75.869799427999965, 4.802234868000028, 1079.333299999998417 ] } },
{ "type": "Feature", "properties": { "FECHA": "22/02/2024 00:00:00 (UTC)", "DEPTO": "RISARALDA", "MPIO": "PEREIRA", "VEREDA": "PUERTO CALDAS", "GASODUCTO": "MARIQUITA - CALI", "TRM_RML": "Marsella - Obando", "TP_PK": "Inicio", "PK": "164+081", "TP_DUCTO": "Troncal", "DISTRITO": "7", "DIAMETRO": "20", "TRM_REG": "PEREIRA - ARMENIA", "ZONA": "2", "SENAL_EX": "NO", "FORMA_ACCE": "Caminando", "TP_ACCESO": "Vía destapada", "EST_ACCESO": "Bueno", "TP_SECCION": "CRUCE DE CUERPO DE AGUA", "NOM_AGUA": "Caño NN", "ANCHO_AGUA": 3.0, "TP_AGUA": "Otro", "UBIC_CRUCE": "Montaña", "CM_TORRENC": "NO", "CANALIZADO": "NO", "ALTERACION": "NO", "ZONA_INUND": "NO", "FORM_CAUCE": "Semirecto", "ESTABILID": "Estable", "TP_MARGEN": "Derecho", "TP_SOPORTE": "(Marcos H)", "LUZ_SOPORT": 20.0, "EST_SOPORT": "Bueno", "EXIST_CABL": "NO", "EST_CABLE": "Bueno", "MACIZO_ANC": "NO", "EST_MACIZO": "Bueno", "ZONA_TRANS": " ", "TP_REVEST": "Poliken", "AREA_REVES": 0.0, "EST_REVEST": "Bueno", "DEFECT_REV": "N.A.", "DSC_EST_TB": "Bueno", "DEFECT_TUB": "N.A.", "EVENTO_GEO": "No", "OBSERVACIO": " ", "EXISTENTE": "SI", "PROFUNDIDA": 0.0, "LATITUD": 4.7980647540000518, "LONGITUD": -75.870885838999982, "ALTITUD": 1099.6333, "IMAGEN_1": "C003_IMG_20240222_065611.jpg", "IMAGEN_2": "C003_IMG_20240222_065620.jpg", "IMAGEN_3": "C003_IMG_20240222_065631.jpg", "ID": "CCA-22", "ENTREGA": "E39_R3", "CREC_SUBIT": "NO", "DIR_TUB": "PERPENDICULAR" }, "geometry": { "type": "Point", "coordinates": [ -75.870885838999982, 4.798064754000052, 1099.633300000001327 ] } },
{ "type": "Feature", "properties": { "FECHA": "22/02/2024 00:00:00 (UTC)", "DEPTO": "RISARALDA", "MPIO": "PEREIRA", "VEREDA": "PUERTO CALDAS", "GASODUCTO": "MARIQUITA - CALI", "TRM_RML": "Marsella - Obando", "TP_PK": "Fin", "PK": "164+101", "TP_DUCTO": "Troncal", "DISTRITO": "7", "DIAMETRO": "20", "TRM_REG": "PEREIRA - ARMENIA", "ZONA": "2", "SENAL_EX": "NO", "FORMA_ACCE": "Caminando", "TP_ACCESO": "Vía destapada", "EST_ACCESO": "Bueno", "TP_SECCION": "CRUCE DE CUERPO DE AGUA", "NOM_AGUA": "Caño NN", "ANCHO_AGUA": 3.0, "TP_AGUA": "Otro", "UBIC_CRUCE": "Montaña", "CM_TORRENC": "NO", "CANALIZADO": "NO", "ALTERACION": "NO", "ZONA_INUND": "NO", "FORM_CAUCE": "Semirecto", "ESTABILID": "Estable", "TP_MARGEN": "Izquierdo", "TP_SOPORTE": "(Marcos H)", "LUZ_SOPORT": 20.0, "EST_SOPORT": "Bueno", "EXIST_CABL": "NO", "EST_CABLE": "Bueno", "MACIZO_ANC": "NO", "EST_MACIZO": "Bueno", "ZONA_TRANS": " ", "TP_REVEST": "Poliken", "AREA_REVES": 0.0, "EST_REVEST": "Bueno", "DEFECT_REV": "N.A.", "DSC_EST_TB": "Bueno", "DEFECT_TUB": "N.A.", "EVENTO_GEO": "No", "OBSERVACIO": " ", "EXISTENTE": "SI", "PROFUNDIDA": 0.0, "LATITUD": 4.7979068490000714, "LONGITUD": -75.87095441799994, "ALTITUD": 1100.9667, "IMAGEN_1": "C003_IMG_20240222_070522.jpg", "IMAGEN_2": "C003_IMG_20240222_070531.jpg", "IMAGEN_3": "C003_IMG_20240222_070538.jpg", "ID": "CCA-23", "ENTREGA": "E39_R3", "CREC_SUBIT": "NO", "DIR_TUB": "PERPENDICULAR" }, "geometry": { "type": "Point", "coordinates": [ -75.87095441799994, 4.797906849000071, 1100.966700000004494 ] } },
{ "type": "Feature", "properties": { "FECHA": "22/02/2024 00:00:00 (UTC)", "DEPTO": "RISARALDA", "MPIO": "PEREIRA", "VEREDA": "PUERTO CALDAS", "GASODUCTO": "MARIQUITA - CALI", "TRM_RML": "Marsella - Obando", "TP_PK": "Inicio", "PK": "164+213", "TP_DUCTO": "Troncal", "DISTRITO": "7", "DIAMETRO": "20", "TRM_REG": "PEREIRA - ARMENIA", "ZONA": "2", "SENAL_EX": "NO", "FORMA_ACCE": "Caminando", "TP_ACCESO": "Vía destapada", "EST_ACCESO": "Bueno", "TP_SECCION": "CRUCE DE CUERPO DE AGUA", "NOM_AGUA": "Caño NN", "ANCHO_AGUA": 2.0, "TP_AGUA": "Otro", "UBIC_CRUCE": "Montaña", "CM_TORRENC": "NO", "CANALIZADO": "NO", "ALTERACION": "NO", "ZONA_INUND": "NO", "FORM_CAUCE": "Semirecto", "ESTABILID": "Estable", "TP_MARGEN": "Derecho", "TP_SOPORTE": "(Marcos H)", "LUZ_SOPORT": 30.0, "EST_SOPORT": "Bueno", "EXIST_CABL": "NO", "EST_CABLE": "Bueno", "MACIZO_ANC": "NO", "EST_MACIZO": "Bueno", "ZONA_TRANS": " ", "TP_REVEST": "Poliken", "AREA_REVES": 0.0, "EST_REVEST": "Bueno", "DEFECT_REV": "N.A.", "DSC_EST_TB": "Bueno", "DEFECT_TUB": "N.A.", "EVENTO_GEO": "No", "OBSERVACIO": " ", "EXISTENTE": "SI", "PROFUNDIDA": 0.0, "LATITUD": 4.797000525000044, "LONGITUD": -75.871292704999973, "ALTITUD": 1104.6333, "IMAGEN_1": "C003_IMG_20240222_071229.jpg", "IMAGEN_2": "C003_IMG_20240222_071237.jpg", "IMAGEN_3": "C003_IMG_20240222_071245.jpg", "ID": "CCA-24", "ENTREGA": "E39_R3", "CREC_SUBIT": "NO", "DIR_TUB": "PERPENDICULAR" }, "geometry": { "type": "Point", "coordinates": [ -75.871292704999973, 4.797000525000044, 1104.633300000001327 ] } },
{ "type": "Feature", "properties": { "FECHA": "22/02/2024 00:00:00 (UTC)", "DEPTO": "RISARALDA", "MPIO": "PEREIRA", "VEREDA": "PUERTO CALDAS", "GASODUCTO": "MARIQUITA - CALI", "TRM_RML": "Marsella - Obando", "TP_PK": "Fin", "PK": "164+246", "TP_DUCTO": "Troncal", "DISTRITO": "7", "DIAMETRO": "20", "TRM_REG": "PEREIRA - ARMENIA", "ZONA": "2", "SENAL_EX": "NO", "FORMA_ACCE": "Caminando", "TP_ACCESO": "Vía destapada", "EST_ACCESO": "Bueno", "TP_SECCION": "CRUCE DE CUERPO DE AGUA", "NOM_AGUA": "Caño NN", "ANCHO_AGUA": 2.0, "TP_AGUA": "Otro", "UBIC_CRUCE": "Montaña", "CM_TORRENC": "NO", "CANALIZADO": "NO", "ALTERACION": "NO", "ZONA_INUND": "NO", "FORM_CAUCE": "Semirecto", "ESTABILID": "Estable", "TP_MARGEN": "Izquierdo", "TP_SOPORTE": "(Marcos H)", "LUZ_SOPORT": 30.0, "EST_SOPORT": "Bueno", "EXIST_CABL": "NO", "EST_CABLE": "Bueno", "MACIZO_ANC": "NO", "EST_MACIZO": "Bueno", "ZONA_TRANS": " ", "TP_REVEST": "Poliken", "AREA_REVES": 0.0, "EST_REVEST": "Bueno", "DEFECT_REV": "N.A.", "DSC_EST_TB": "Bueno", "DEFECT_TUB": "N.A.", "EVENTO_GEO": "No", "OBSERVACIO": " ", "EXISTENTE": "SI", "PROFUNDIDA": 0.0, "LATITUD": 4.7967521750000515, "LONGITUD": -75.871436842999969, "ALTITUD": 1085.1333, "IMAGEN_1": "C003_IMG_20240222_072102.jpg", "IMAGEN_2": "C003_IMG_20240222_072111.jpg", "IMAGEN_3": "C003_IMG_20240222_072119.jpg", "ID": "CCA-25", "ENTREGA": "E39_R3", "CREC_SUBIT": "NO", "DIR_TUB": "PERPENDICULAR" }, "geometry": { "type": "Point", "coordinates": [ -75.871436842999969, 4.796752175000051, 1085.133300000001327 ] } },
{ "type": "Feature", "properties": { "FECHA": "22/02/2024 00:00:00 (UTC)", "DEPTO": "RISARALDA", "MPIO": "PEREIRA", "VEREDA": "PUERTO CALDAS", "GASODUCTO": "MARIQUITA - CALI", "TRM_RML": "Marsella - Obando", "TP_PK": "Inicio", "PK": "165+286", "TP_DUCTO": "Troncal", "DISTRITO": "7", "DIAMETRO": "20", "TRM_REG": "PEREIRA - ARMENIA", "ZONA": "2", "SENAL_EX": "NO", "FORMA_ACCE": "Caminando", "TP_ACCESO": "Vía destapada", "EST_ACCESO": "Bueno", "TP_SECCION": "CRUCE DE CUERPO DE AGUA", "NOM_AGUA": "Caño NN", "ANCHO_AGUA": 1.0, "TP_AGUA": "Otro", "UBIC_CRUCE": "Llanura", "CM_TORRENC": "NO", "CANALIZADO": "NO", "ALTERACION": "NO", "ZONA_INUND": "NO", "FORM_CAUCE": "Semirecto", "ESTABILID": "Estable", "TP_MARGEN": "Derecho", "TP_SOPORTE": "(Marcos H)", "LUZ_SOPORT": 0.0, "EST_SOPORT": "Bueno", "EXIST_CABL": "NO", "EST_CABLE": "Bueno", "MACIZO_ANC": "NO", "EST_MACIZO": "Bueno", "ZONA_TRANS": " ", "TP_REVEST": "Poliken", "AREA_REVES": 0.0, "EST_REVEST": "Bueno", "DEFECT_REV": "N.A.", "DSC_EST_TB": "Bueno", "DEFECT_TUB": "N.A.", "EVENTO_GEO": "No", "OBSERVACIO": " ", "EXISTENTE": "SI", "PROFUNDIDA": 0.0, "LATITUD": 4.7914051170000675, "LONGITUD": -75.878300014999979, "ALTITUD": 1048.4667, "IMAGEN_1": "C003_IMG_20240222_093500.jpg", "IMAGEN_2": "C003_IMG_20240222_093509.jpg", "IMAGEN_3": "C003_IMG_20240222_093516.jpg", "ID": "CCA-26", "ENTREGA": "E39_R3", "CREC_SUBIT": "NO", "DIR_TUB": "PERPENDICULAR" }, "geometry": { "type": "Point", "coordinates": [ -75.878300014999979, 4.791405117000068, 1048.466700000004494 ] } },
{ "type": "Feature", "properties": { "FECHA": "22/02/2024 00:00:00 (UTC)", "DEPTO": "RISARALDA", "MPIO": "PEREIRA", "VEREDA": "PUERTO CALDAS", "GASODUCTO": "MARIQUITA - CALI", "TRM_RML": "Marsella - Obando", "TP_PK": "Fin", "PK": "165+306", "TP_DUCTO": "Troncal", "DISTRITO": "7", "DIAMETRO": "20", "TRM_REG": "PEREIRA - ARMENIA", "ZONA": "2", "SENAL_EX": "NO", "FORMA_ACCE": "Caminando", "TP_ACCESO": "Vía destapada", "EST_ACCESO": "Bueno", "TP_SECCION": "CRUCE DE CUERPO DE AGUA", "NOM_AGUA": "Caño NN", "ANCHO_AGUA": 1.0, "TP_AGUA": "Otro", "UBIC_CRUCE": "Llanura", "CM_TORRENC": "NO", "CANALIZADO": "NO", "ALTERACION": "NO", "ZONA_INUND": "NO", "FORM_CAUCE": "Semirecto", "ESTABILID": "Estable", "TP_MARGEN": "Derecho", "TP_SOPORTE": "(Marcos H)", "LUZ_SOPORT": 0.0, "EST_SOPORT": "Bueno", "EXIST_CABL": "NO", "EST_CABLE": "Bueno", "MACIZO_ANC": "NO", "EST_MACIZO": "Bueno", "ZONA_TRANS": " ", "TP_REVEST": "Poliken", "AREA_REVES": 0.0, "EST_REVEST": "Bueno", "DEFECT_REV": "N.A.", "DSC_EST_TB": "Bueno", "DEFECT_TUB": "N.A.", "EVENTO_GEO": "No", "OBSERVACIO": " ", "EXISTENTE": "SI", "PROFUNDIDA": 0.0, "LATITUD": 4.7913123390000578, "LONGITUD": -75.87846878199997, "ALTITUD": 1047.3667, "IMAGEN_1": "C003_IMG_20240222_093948.jpg", "IMAGEN_2": "C003_IMG_20240222_094005.jpg", "IMAGEN_3": "C003_IMG_20240222_094012.jpg", "ID": "CCA-27", "ENTREGA": "E39_R3", "CREC_SUBIT": "NO", "DIR_TUB": "PERPENDICULAR" }, "geometry": { "type": "Point", "coordinates": [ -75.87846878199997, 4.791312339000058, 1047.366699999998673 ] } },
{ "type": "Feature", "properties": { "FECHA": "22/02/2024 00:00:00 (UTC)", "DEPTO": "RISARALDA", "MPIO": "PEREIRA", "VEREDA": "PUERTO CALDAS", "GASODUCTO": "MARIQUITA - CALI", "TRM_RML": "Marsella - Obando", "TP_PK": "Inicio", "PK": "165+743", "TP_DUCTO": "Troncal", "DISTRITO": "7", "DIAMETRO": "20", "TRM_REG": "PEREIRA - ARMENIA", "ZONA": "2", "SENAL_EX": "NO", "FORMA_ACCE": "Caminando", "TP_ACCESO": "Vía destapada", "EST_ACCESO": "Bueno", "TP_SECCION": "CRUCE DE CUERPO DE AGUA", "NOM_AGUA": "Caño NN", "ANCHO_AGUA": 3.0, "TP_AGUA": "Otro", "UBIC_CRUCE": "Llanura", "CM_TORRENC": "NO", "CANALIZADO": "NO", "ALTERACION": "NO", "ZONA_INUND": "NO", "FORM_CAUCE": "Semirecto", "ESTABILID": "Estable", "TP_MARGEN": "Derecho", "TP_SOPORTE": "(Marcos H)", "LUZ_SOPORT": 0.0, "EST_SOPORT": "Bueno", "EXIST_CABL": "NO", "EST_CABLE": "Bueno", "MACIZO_ANC": "NO", "EST_MACIZO": "Bueno", "ZONA_TRANS": " ", "TP_REVEST": "Poliken", "AREA_REVES": 0.0, "EST_REVEST": "Bueno", "DEFECT_REV": "N.A.", "DSC_EST_TB": "Bueno", "DEFECT_TUB": "N.A.", "EVENTO_GEO": "Si", "OBSERVACIO": " ", "EXISTENTE": "SI", "PROFUNDIDA": 0.0, "LATITUD": 4.7880951390000632, "LONGITUD": -75.880619443999933, "ALTITUD": 1000.6, "IMAGEN_1": "C003_IMG_20240222_101540.jpg", "IMAGEN_2": "C003_IMG_20240222_101548.jpg", "IMAGEN_3": "C003_IMG_20240222_101557.jpg", "ID": "CCA-28", "ENTREGA": "E39_R3", "CREC_SUBIT": "SI", "DIR_TUB": "PERPENDICULAR" }, "geometry": { "type": "Point", "coordinates": [ -75.880619443999933, 4.788095139000063, 1000.600000000005821 ] } },
{ "type": "Feature", "properties": { "FECHA": "22/02/2024 00:00:00 (UTC)", "DEPTO": "RISARALDA", "MPIO": "PEREIRA", "VEREDA": "PUERTO CALDAS", "GASODUCTO": "MARIQUITA - CALI", "TRM_RML": "Marsella - Obando", "TP_PK": "Fin", "PK": "165+760", "TP_DUCTO": "Troncal", "DISTRITO": "7", "DIAMETRO": "20", "TRM_REG": "PEREIRA - ARMENIA", "ZONA": "2", "SENAL_EX": "NO", "FORMA_ACCE": "Caminando", "TP_ACCESO": "Vía destapada", "EST_ACCESO": "Bueno", "TP_SECCION": "CRUCE DE CUERPO DE AGUA", "NOM_AGUA": "Caño NN", "ANCHO_AGUA": 3.0, "TP_AGUA": "Otro", "UBIC_CRUCE": "Llanura", "CM_TORRENC": "NO", "CANALIZADO": "NO", "ALTERACION": "NO", "ZONA_INUND": "NO", "FORM_CAUCE": "Semirecto", "ESTABILID": "Estable", "TP_MARGEN": "Derecho", "TP_SOPORTE": "(Marcos H)", "LUZ_SOPORT": 0.0, "EST_SOPORT": "Bueno", "EXIST_CABL": "NO", "EST_CABLE": "Bueno", "MACIZO_ANC": "NO", "EST_MACIZO": "Bueno", "ZONA_TRANS": " ", "TP_REVEST": "Poliken", "AREA_REVES": 0.0, "EST_REVEST": "Bueno", "DEFECT_REV": "N.A.", "DSC_EST_TB": "Bueno", "DEFECT_TUB": "N.A.", "EVENTO_GEO": "Si", "OBSERVACIO": " ", "EXISTENTE": "SI", "PROFUNDIDA": 0.0, "LATITUD": 4.7879336580000427, "LONGITUD": -75.880658392999976, "ALTITUD": 997.9333, "IMAGEN_1": "C003_IMG_20240222_102727.jpg", "IMAGEN_2": "C003_IMG_20240222_102740.jpg", "IMAGEN_3": "C003_IMG_20240222_102754.jpg", "ID": "CCA-29", "ENTREGA": "E39_R3", "CREC_SUBIT": "SI", "DIR_TUB": "PERPENDICULAR" }, "geometry": { "type": "Point", "coordinates": [ -75.880658392999976, 4.787933658000043, 997.933300000004238 ] } },
{ "type": "Feature", "properties": { "FECHA": "22/02/2024 00:00:00 (UTC)", "DEPTO": "RISARALDA", "MPIO": "PEREIRA", "VEREDA": "PUERTO CALDAS", "GASODUCTO": "MARIQUITA - CALI", "TRM_RML": "Marsella - Obando", "TP_PK": "Inicio", "PK": "165+911", "TP_DUCTO": "Troncal", "DISTRITO": "7", "DIAMETRO": "20", "TRM_REG": "PEREIRA - ARMENIA", "ZONA": "2", "SENAL_EX": "SI", "FORMA_ACCE": "Caminando", "TP_ACCESO": "Vía destapada", "EST_ACCESO": "Bueno", "TP_SECCION": "CRUCE DE CUERPO DE AGUA", "NOM_AGUA": "Quebrada El Bosque", "ANCHO_AGUA": 3.0, "TP_AGUA": "Otro", "UBIC_CRUCE": "Llanura", "CM_TORRENC": "NO", "CANALIZADO": "NO", "ALTERACION": "NO", "ZONA_INUND": "NO", "FORM_CAUCE": "Semirecto", "ESTABILID": "Estable", "TP_MARGEN": "Derecho", "TP_SOPORTE": "(Marcos H)", "LUZ_SOPORT": 0.0, "EST_SOPORT": "Bueno", "EXIST_CABL": "NO", "EST_CABLE": "Bueno", "MACIZO_ANC": "NO", "EST_MACIZO": "Bueno", "ZONA_TRANS": " ", "TP_REVEST": "Poliken", "AREA_REVES": 0.0, "EST_REVEST": "Bueno", "DEFECT_REV": "N.A.", "DSC_EST_TB": "Bueno", "DEFECT_TUB": "N.A.", "EVENTO_GEO": "Si", "OBSERVACIO": " ", "EXISTENTE": "SI", "PROFUNDIDA": 0.0, "LATITUD": 4.7864886110000384, "LONGITUD": -75.880979166999964, "ALTITUD": 1004.9333, "IMAGEN_1": "C003_IMG_20240222_110146.jpg", "IMAGEN_2": "C003_IMG_20240222_110158.jpg", "IMAGEN_3": "C003_IMG_20240222_110211.jpg", "ID": "CCA-30", "ENTREGA": "E39_R3", "CREC_SUBIT": "SI", "DIR_TUB": "PERPENDICULAR" }, "geometry": { "type": "Point", "coordinates": [ -75.880979166999964, 4.786488611000038, 1004.933300000004238 ] } },
{ "type": "Feature", "properties": { "FECHA": "22/02/2024 00:00:00 (UTC)", "DEPTO": "RISARALDA", "MPIO": "PEREIRA", "VEREDA": "PUERTO CALDAS", "GASODUCTO": "MARIQUITA - CALI", "TRM_RML": "Marsella - Obando", "TP_PK": "Fin", "PK": "165+924", "TP_DUCTO": "Troncal", "DISTRITO": "7", "DIAMETRO": "20", "TRM_REG": "PEREIRA - ARMENIA", "ZONA": "2", "SENAL_EX": "SI", "FORMA_ACCE": "Caminando", "TP_ACCESO": "Vía destapada", "EST_ACCESO": "Bueno", "TP_SECCION": "CRUCE DE CUERPO DE AGUA", "NOM_AGUA": "Quebrada El Bosque", "ANCHO_AGUA": 3.0, "TP_AGUA": "Otro", "UBIC_CRUCE": "Llanura", "CM_TORRENC": "NO", "CANALIZADO": "NO", "ALTERACION": "NO", "ZONA_INUND": "NO", "FORM_CAUCE": "Semirecto", "ESTABILID": "Estable", "TP_MARGEN": "Derecho", "TP_SOPORTE": "(Marcos H)", "LUZ_SOPORT": 0.0, "EST_SOPORT": "Bueno", "EXIST_CABL": "NO", "EST_CABLE": "Bueno", "MACIZO_ANC": "NO", "EST_MACIZO": "Bueno", "ZONA_TRANS": " ", "TP_REVEST": "Poliken", "AREA_REVES": 0.0, "EST_REVEST": "Bueno", "DEFECT_REV": "N.A.", "DSC_EST_TB": "Bueno", "DEFECT_TUB": "N.A.", "EVENTO_GEO": "No", "OBSERVACIO": " ", "EXISTENTE": "SI", "PROFUNDIDA": 0.0, "LATITUD": 4.7863686110000572, "LONGITUD": -75.881002776999935, "ALTITUD": 1010.5333, "IMAGEN_1": "C003_IMG_20240222_111340.jpg", "IMAGEN_2": "C003_IMG_20240222_111359.jpg", "IMAGEN_3": "C003_IMG_20240222_111407.jpg", "ID": "CCA-31", "ENTREGA": "E39_R3", "CREC_SUBIT": "SI", "DIR_TUB": "PERPENDICULAR" }, "geometry": { "type": "Point", "coordinates": [ -75.881002776999935, 4.786368611000057, 1010.533299999995506 ] } },
{ "type": "Feature", "properties": { "FECHA": "22/02/2024 00:00:00 (UTC)", "DEPTO": "RISARALDA", "MPIO": "PEREIRA", "VEREDA": "PUERTO CALDAS", "GASODUCTO": "MARIQUITA - CALI", "TRM_RML": "Marsella - Obando", "TP_PK": "Fin", "PK": "164+462", "TP_DUCTO": "Troncal", "DISTRITO": "7", "DIAMETRO": "20", "TRM_REG": "PEREIRA - ARMENIA", "ZONA": "2", "SENAL_EX": "NO", "FORMA_ACCE": "DDV", "TP_ACCESO": "Vía destapada", "EST_ACCESO": "Bueno", "TP_SECCION": "CRUCE DE CUERPO DE AGUA", "NOM_AGUA": "Quebrada Pilas", "ANCHO_AGUA": 3.0, "TP_AGUA": "Otro", "UBIC_CRUCE": "Montaña", "CM_TORRENC": "NO", "CANALIZADO": "NO", "ALTERACION": "NO", "ZONA_INUND": "NO", "FORM_CAUCE": "Semirecto", "ESTABILID": "Estable", "TP_MARGEN": "Izquierdo", "TP_SOPORTE": "(Marcos H)", "LUZ_SOPORT": 0.0, "EST_SOPORT": "Bueno", "EXIST_CABL": "NO", "EST_CABLE": "Bueno", "MACIZO_ANC": "NO", "EST_MACIZO": "Bueno", "ZONA_TRANS": " ", "TP_REVEST": "OTRO", "AREA_REVES": 0.0, "EST_REVEST": "Bueno", "DEFECT_REV": "N.A.", "DSC_EST_TB": "Bueno", "DEFECT_TUB": "N.A.", "EVENTO_GEO": "No", "OBSERVACIO": "No es posible bajar al inicio del cruce aéreo por escarpe vertical, se debe rodear para llegar al otro lado del cruce", "EXISTENTE": "SI", "PROFUNDIDA": 0.0, "LATITUD": 4.7950653780000607, "LONGITUD": -75.872217988999978, "ALTITUD": 1072.95, "IMAGEN_1": "C003_IMG_20240222_083719.jpg", "IMAGEN_2": "C003_IMG_20240222_083727.jpg", "IMAGEN_3": "C003_IMG_20240222_083737.jpg", "ID": "CCA-32", "ENTREGA": "E39_R3", "CREC_SUBIT": "SI", "DIR_TUB": "PERPENDICULAR" }, "geometry": { "type": "Point", "coordinates": [ -75.872217988999978, 4.795065378000061, 1072.94999999999709 ] } },
{ "type": "Feature", "properties": { "FECHA": "22/02/2024 00:00:00 (UTC)", "DEPTO": "RISARALDA", "MPIO": "PEREIRA", "VEREDA": "PUERTO CALDAS", "GASODUCTO": "MARIQUITA - CALI", "TRM_RML": "Marsella - Obando", "TP_PK": "Inicio", "PK": "164+443", "TP_DUCTO": "Troncal", "DISTRITO": "7", "DIAMETRO": "20", "TRM_REG": "PEREIRA - ARMENIA", "ZONA": "2", "SENAL_EX": "NO", "FORMA_ACCE": "DDV", "TP_ACCESO": "Vía destapada", "EST_ACCESO": "Bueno", "TP_SECCION": "CRUCE DE CUERPO DE AGUA", "NOM_AGUA": "Quebrada Pilas", "ANCHO_AGUA": 3.0, "TP_AGUA": "Otro", "UBIC_CRUCE": "Montaña", "CM_TORRENC": "NO", "CANALIZADO": "NO", "ALTERACION": "NO", "ZONA_INUND": "NO", "FORM_CAUCE": "Semirecto", "ESTABILID": "Estable", "TP_MARGEN": "Izquierdo", "TP_SOPORTE": "(Marcos H)", "LUZ_SOPORT": 0.0, "EST_SOPORT": "Bueno", "EXIST_CABL": "NO", "EST_CABLE": "Bueno", "MACIZO_ANC": "NO", "EST_MACIZO": "Bueno", "ZONA_TRANS": " ", "TP_REVEST": "OTRO", "AREA_REVES": 0.0, "EST_REVEST": "Bueno", "DEFECT_REV": "N.A.", "DSC_EST_TB": "Bueno", "DEFECT_TUB": "N.A.", "EVENTO_GEO": "No", "OBSERVACIO": "No es posible bajar al inicio del cruce aéreo por escarpe vertical, se debe rodear para llegar al otro lado del cruce", "EXISTENTE": "SI", "PROFUNDIDA": 0.0, "LATITUD": 4.7952183890000697, "LONGITUD": -75.87215251899994, "ALTITUD": 1072.95, "IMAGEN_1": "C003_IMG_20240222_083019.jpg", "IMAGEN_2": "C003_IMG_20240222_083032.jpg", "IMAGEN_3": "C003_IMG_20240222_083054.jpg", "ID": "CCA-33", "ENTREGA": "E39_R3", "CREC_SUBIT": "SI", "DIR_TUB": "PERPENDICULAR" }, "geometry": { "type": "Point", "coordinates": [ -75.87215251899994, 4.79521838900007, 1072.94999999999709 ] } },
{ "type": "Feature", "properties": { "FECHA": "28/02/2024 00:00:00 (UTC)", "DEPTO": "RISARALDA", "MPIO": "PEREIRA", "VEREDA": "PUERTO CALDAS", "GASODUCTO": "MARIQUITA - CALI", "TRM_RML": "Marsella - Obando", "TP_PK": "Inicio", "PK": "168+388", "TP_DUCTO": "Troncal", "DISTRITO": "7", "DIAMETRO": "20", "TRM_REG": "PEREIRA - ARMENIA", "ZONA": "2", "SENAL_EX": "NO", "FORMA_ACCE": "Caminando", "TP_ACCESO": "Vía destapada", "EST_ACCESO": "Bueno", "TP_SECCION": "CRUCE DE CUERPO DE AGUA", "NOM_AGUA": "Caño NN", "ANCHO_AGUA": 2.0, "TP_AGUA": "Otro", "UBIC_CRUCE": "Llanura", "CM_TORRENC": "NO", "CANALIZADO": "NO", "ALTERACION": "NO", "ZONA_INUND": "NO", "FORM_CAUCE": "Semirecto", "ESTABILID": "Estable", "TP_MARGEN": "Derecho", "TP_SOPORTE": "(Marcos H)", "LUZ_SOPORT": 0.0, "EST_SOPORT": "Bueno", "EXIST_CABL": "NO", "EST_CABLE": "Bueno", "MACIZO_ANC": "NO", "EST_MACIZO": "Bueno", "ZONA_TRANS": " ", "TP_REVEST": "Poliken", "AREA_REVES": 0.0, "EST_REVEST": "Bueno", "DEFECT_REV": "N.A.", "DSC_EST_TB": "Bueno", "DEFECT_TUB": "N.A.", "EVENTO_GEO": "No", "OBSERVACIO": " ", "EXISTENTE": "SI", "PROFUNDIDA": 0.0, "LATITUD": 4.7678061950000483, "LONGITUD": -75.889587679999977, "ALTITUD": 1003.4, "IMAGEN_1": "C003_IMG_20240228_081034.jpg", "IMAGEN_2": "C003_IMG_20240228_081042.jpg", "IMAGEN_3": "C003_IMG_20240228_081051.jpg", "ID": "CCA-34", "ENTREGA": "E39_R3", "CREC_SUBIT": "NO", "DIR_TUB": "PERPENDICULAR" }, "geometry": { "type": "Point", "coordinates": [ -75.889587679999977, 4.767806195000048, 1003.399999999994179 ] } },
{ "type": "Feature", "properties": { "FECHA": "28/02/2024 00:00:00 (UTC)", "DEPTO": "RISARALDA", "MPIO": "PEREIRA", "VEREDA": "PUERTO CALDAS", "GASODUCTO": "MARIQUITA - CALI", "TRM_RML": "Marsella - Obando", "TP_PK": "Fin", "PK": "168+396", "TP_DUCTO": "Troncal", "DISTRITO": "7", "DIAMETRO": "20", "TRM_REG": "PEREIRA - ARMENIA", "ZONA": "2", "SENAL_EX": "NO", "FORMA_ACCE": "Caminando", "TP_ACCESO": "Vía destapada", "EST_ACCESO": "Bueno", "TP_SECCION": "CRUCE DE CUERPO DE AGUA", "NOM_AGUA": "Caño NN", "ANCHO_AGUA": 2.0, "TP_AGUA": "Otro", "UBIC_CRUCE": "Llanura", "CM_TORRENC": "NO", "CANALIZADO": "NO", "ALTERACION": "NO", "ZONA_INUND": "NO", "FORM_CAUCE": "Semirecto", "ESTABILID": "Estable", "TP_MARGEN": "Derecho", "TP_SOPORTE": "(Marcos H)", "LUZ_SOPORT": 0.0, "EST_SOPORT": "Bueno", "EXIST_CABL": "NO", "EST_CABLE": "Bueno", "MACIZO_ANC": "NO", "EST_MACIZO": "Bueno", "ZONA_TRANS": " ", "TP_REVEST": "Poliken", "AREA_REVES": 0.0, "EST_REVEST": "Bueno", "DEFECT_REV": "N.A.", "DSC_EST_TB": "Bueno", "DEFECT_TUB": "N.A.", "EVENTO_GEO": "No", "OBSERVACIO": " ", "EXISTENTE": "SI", "PROFUNDIDA": 0.0, "LATITUD": 4.7677151850000428, "LONGITUD": -75.88960041699994, "ALTITUD": 995.0, "IMAGEN_1": "C003_IMG_20240228_081802.jpg", "IMAGEN_2": "C003_IMG_20240228_081811.jpg", "IMAGEN_3": "C003_IMG_20240228_081819.jpg", "ID": "CCA-35", "ENTREGA": "E39_R3", "CREC_SUBIT": "NO", "DIR_TUB": "PERPENDICULAR" }, "geometry": { "type": "Point", "coordinates": [ -75.88960041699994, 4.767715185000043, 995.0 ] } },
{ "type": "Feature", "properties": { "FECHA": "1/03/2024 00:00:00 (UTC)", "DEPTO": "VALLE DEL CAUCA", "MPIO": "CARTAGO", "VEREDA": "PIEDRA DE MOLER", "GASODUCTO": "MARIQUITA - CALI", "TRM_RML": "Marsella - Obando", "TP_PK": "Fin", "PK": "171+577", "TP_DUCTO": "Troncal", "DISTRITO": "7", "DIAMETRO": "20", "TRM_REG": "PEREIRA - ARMENIA", "ZONA": "2", "SENAL_EX": "NO", "FORMA_ACCE": "Caminando", "TP_ACCESO": "Vía pavimentada", "EST_ACCESO": "Bueno", "TP_SECCION": "CRUCE DE CUERPO DE AGUA", "NOM_AGUA": "Quebrada Tamboral", "ANCHO_AGUA": 6.0, "TP_AGUA": "Otro", "UBIC_CRUCE": "Montaña", "CM_TORRENC": "NO", "CANALIZADO": "NO", "ALTERACION": "NO", "ZONA_INUND": "NO", "FORM_CAUCE": "Semirecto", "ESTABILID": "Estable", "TP_MARGEN": "Izquierdo", "TP_SOPORTE": "(Marcos H)", "LUZ_SOPORT": 25.0, "EST_SOPORT": "Bueno", "EXIST_CABL": "NO", "EST_CABLE": "Bueno", "MACIZO_ANC": "NO", "EST_MACIZO": "Bueno", "ZONA_TRANS": " ", "TP_REVEST": "Poliken", "AREA_REVES": 0.0, "EST_REVEST": "Bueno", "DEFECT_REV": "N.A.", "DSC_EST_TB": "Bueno", "DEFECT_TUB": "N.A.", "EVENTO_GEO": "No", "OBSERVACIO": " ", "EXISTENTE": "SI", "PROFUNDIDA": 0.0, "LATITUD": 4.7493195130000458, "LONGITUD": -75.878428420999967, "ALTITUD": 955.73330000000715, "IMAGEN_1": "C003_IMG_20240301_110422.jpg", "IMAGEN_2": "C003_IMG_20240301_110435.jpg", "IMAGEN_3": "C003_IMG_20240301_110444.jpg", "ID": "CCA-36", "ENTREGA": "E39_R3", "CREC_SUBIT": "SI", "DIR_TUB": "PERPENDICULAR" }, "geometry": { "type": "Point", "coordinates": [ -75.878428420999967, 4.749319513000046, 955.733300000007148 ] } },
{ "type": "Feature", "properties": { "FECHA": "1/03/2024 00:00:00 (UTC)", "DEPTO": "VALLE DEL CAUCA", "MPIO": "CARTAGO", "VEREDA": "PIEDRA DE MOLER", "GASODUCTO": "MARIQUITA - CALI", "TRM_RML": "Marsella - Obando", "TP_PK": "Inicio", "PK": "171+553", "TP_DUCTO": "Troncal", "DISTRITO": "7", "DIAMETRO": "20", "TRM_REG": "PEREIRA - ARMENIA", "ZONA": "2", "SENAL_EX": "NO", "FORMA_ACCE": "Caminando", "TP_ACCESO": "Vía pavimentada", "EST_ACCESO": "Bueno", "TP_SECCION": "CRUCE DE CUERPO DE AGUA", "NOM_AGUA": "Quebrada Tamboral", "ANCHO_AGUA": 6.0, "TP_AGUA": "Otro", "UBIC_CRUCE": "Montaña", "CM_TORRENC": "NO", "CANALIZADO": "NO", "ALTERACION": "NO", "ZONA_INUND": "NO", "FORM_CAUCE": "Semirecto", "ESTABILID": "Estable", "TP_MARGEN": "Derecho", "TP_SOPORTE": "(Marcos H)", "LUZ_SOPORT": 25.0, "EST_SOPORT": "Bueno", "EXIST_CABL": "NO", "EST_CABLE": "Bueno", "MACIZO_ANC": "NO", "EST_MACIZO": "Bueno", "ZONA_TRANS": " ", "TP_REVEST": "Poliken", "AREA_REVES": 0.0, "EST_REVEST": "Bueno", "DEFECT_REV": "N.A.", "DSC_EST_TB": "Bueno", "DEFECT_TUB": "N.A.", "EVENTO_GEO": "No", "OBSERVACIO": " ", "EXISTENTE": "SI", "PROFUNDIDA": 0.0, "LATITUD": 4.7495194440000432, "LONGITUD": -75.878485277999971, "ALTITUD": 965.3, "IMAGEN_1": "C003_IMG_20240301_111000.jpg", "IMAGEN_2": "C003_IMG_20240301_111015.jpg", "IMAGEN_3": "C003_IMG_20240301_111023.jpg", "ID": "CCA-37", "ENTREGA": "E39_R3", "CREC_SUBIT": "SI", "DIR_TUB": "PERPENDICULAR" }, "geometry": { "type": "Point", "coordinates": [ -75.878485277999971, 4.749519444000043, 965.30000000000291 ] } },
{ "type": "Feature", "properties": { "FECHA": "19/03/2024 00:00:00 (UTC)", "DEPTO": "QUINDIO", "MPIO": "FILANDIA", "VEREDA": "LA CAUCHERA", "GASODUCTO": "MARIQUITA - CALI", "TRM_RML": "Salento", "TP_PK": "Inicio", "PK": "001+755", "TP_DUCTO": "Ramal", "DISTRITO": "7", "DIAMETRO": "2", "TRM_REG": "PEREIRA - ARMENIA", "ZONA": "2", "SENAL_EX": "SI", "FORMA_ACCE": "Caminando", "TP_ACCESO": "Vía destapada", "EST_ACCESO": "Bueno", "TP_SECCION": "CRUCE DE CUERPO DE AGUA", "NOM_AGUA": "Rio El Roble", "ANCHO_AGUA": 25.0, "TP_AGUA": "Secundaria", "UBIC_CRUCE": "Montaña", "CM_TORRENC": "NO", "CANALIZADO": "NO", "ALTERACION": "NO", "ZONA_INUND": "NO", "FORM_CAUCE": "Semirecto", "ESTABILID": "Estable", "TP_MARGEN": "Derecho", "TP_SOPORTE": "(Marcos H con cables)", "LUZ_SOPORT": 25.0, "EST_SOPORT": "Bueno", "EXIST_CABL": "SI", "EST_CABLE": "Bueno", "MACIZO_ANC": "NO", "EST_MACIZO": "Bueno", "ZONA_TRANS": "Bueno", "TP_REVEST": "Poliken", "AREA_REVES": 0.0, "EST_REVEST": "Bueno", "DEFECT_REV": "N.A.", "DSC_EST_TB": "Bueno", "DEFECT_TUB": "N.A.", "EVENTO_GEO": "No", "OBSERVACIO": " ", "EXISTENTE": "SI", "PROFUNDIDA": 0.0, "LATITUD": 4.6264904540000202, "LONGITUD": -75.676211147999936, "ALTITUD": 1510.8, "IMAGEN_1": "C004_IMG_20240319_084025.jpg", "IMAGEN_2": "C004_IMG_20240319_084036.jpg", "IMAGEN_3": "C004_IMG_20240319_084040.jpg", "ID": "CCA-12", "ENTREGA": "E41_R3", "CREC_SUBIT": "SI", "DIR_TUB": "PERPENDICULAR" }, "geometry": { "type": "Point", "coordinates": [ -75.676211147999936, 4.62649045400002, 1510.80000000000291 ] } },
{ "type": "Feature", "properties": { "FECHA": "19/03/2024 00:00:00 (UTC)", "DEPTO": "QUINDIO", "MPIO": "FILANDIA", "VEREDA": "LA CAUCHERA", "GASODUCTO": "MARIQUITA - CALI", "TRM_RML": "Salento", "TP_PK": "Fin", "PK": "001+782", "TP_DUCTO": "Ramal", "DISTRITO": "7", "DIAMETRO": "2", "TRM_REG": "PEREIRA - ARMENIA", "ZONA": "2", "SENAL_EX": "SI", "FORMA_ACCE": "Caminando", "TP_ACCESO": "Vía destapada", "EST_ACCESO": "Bueno", "TP_SECCION": "CRUCE DE CUERPO DE AGUA", "NOM_AGUA": "Rio El Roble", "ANCHO_AGUA": 25.0, "TP_AGUA": "Secundaria", "UBIC_CRUCE": "Montaña", "CM_TORRENC": "NO", "CANALIZADO": "NO", "ALTERACION": "NO", "ZONA_INUND": "NO", "FORM_CAUCE": "Semirecto", "ESTABILID": "Estable", "TP_MARGEN": "Izquierdo", "TP_SOPORTE": "(Marcos H con cables)", "LUZ_SOPORT": 25.0, "EST_SOPORT": "Bueno", "EXIST_CABL": "SI", "EST_CABLE": "Bueno", "MACIZO_ANC": "NO", "EST_MACIZO": "Bueno", "ZONA_TRANS": "Bueno", "TP_REVEST": "Poliken", "AREA_REVES": 0.0, "EST_REVEST": "Bueno", "DEFECT_REV": "N.A.", "DSC_EST_TB": "Bueno", "DEFECT_TUB": "N.A.", "EVENTO_GEO": "No", "OBSERVACIO": " ", "EXISTENTE": "SI", "PROFUNDIDA": 0.0, "LATITUD": 4.6263644050000607, "LONGITUD": -75.675957838999977, "ALTITUD": 1509.6667, "IMAGEN_1": "C004_IMG_20240319_084414.jpg", "IMAGEN_2": "C004_IMG_20240319_084431.jpg", "IMAGEN_3": "C004_IMG_20240319_084437.jpg", "ID": "CCA-13", "ENTREGA": "E41_R3", "CREC_SUBIT": "SI", "DIR_TUB": "PERPENDICULAR" }, "geometry": { "type": "Point", "coordinates": [ -75.675957838999977, 4.626364405000061, 1509.666700000001583 ] } },
{ "type": "Feature", "properties": { "FECHA": "22/03/2024 00:00:00 (UTC)", "DEPTO": "QUINDIO", "MPIO": "ARMENIA", "VEREDA": "EL CAIMO", "GASODUCTO": "MARIQUITA - CALI", "TRM_RML": "Calarcá", "TP_PK": "Fin", "PK": "004+505", "TP_DUCTO": "Ramal", "DISTRITO": "7", "DIAMETRO": "3", "TRM_REG": "PEREIRA - ARMENIA", "ZONA": "2", "SENAL_EX": "NO", "FORMA_ACCE": "Caminando", "TP_ACCESO": "Vía destapada", "EST_ACCESO": "Bueno", "TP_SECCION": "CRUCE DE CUERPO DE AGUA", "NOM_AGUA": "Caño NN", "ANCHO_AGUA": 4.0, "TP_AGUA": "Secundaria", "UBIC_CRUCE": "Montaña", "CM_TORRENC": "NO", "CANALIZADO": "NO", "ALTERACION": "NO", "ZONA_INUND": "NO", "FORM_CAUCE": "Semirecto", "ESTABILID": "Estable", "TP_MARGEN": "Izquierdo", "TP_SOPORTE": "(Marcos H)", "LUZ_SOPORT": 15.0, "EST_SOPORT": "Bueno", "EXIST_CABL": "NO", "EST_CABLE": "Bueno", "MACIZO_ANC": "NO", "EST_MACIZO": "Bueno", "ZONA_TRANS": "Bueno", "TP_REVEST": "Poliken", "AREA_REVES": 0.0, "EST_REVEST": "Bueno", "DEFECT_REV": "N.A.", "DSC_EST_TB": "Bueno", "DEFECT_TUB": "N.A.", "EVENTO_GEO": "No", "OBSERVACIO": " ", "EXISTENTE": "SI", "PROFUNDIDA": 0.0, "LATITUD": 4.4786262660000489, "LONGITUD": -75.706482748999974, "ALTITUD": 1343.7333, "IMAGEN_1": "C003_IMG_20240322_081841.jpg", "IMAGEN_2": "C003_IMG_20240322_081857.jpg", "IMAGEN_3": "C003_IMG_20240322_081906.jpg", "ID": "CCA-14", "ENTREGA": "E41_R3", "CREC_SUBIT": "NO", "DIR_TUB": "PERPENDICULAR" }, "geometry": { "type": "Point", "coordinates": [ -75.706482748999974, 4.478626266000049, 1343.733300000007148 ] } },
{ "type": "Feature", "properties": { "FECHA": "22/03/2024 00:00:00 (UTC)", "DEPTO": "QUINDIO", "MPIO": "ARMENIA", "VEREDA": "EL CAIMO", "GASODUCTO": "MARIQUITA - CALI", "TRM_RML": "Calarcá", "TP_PK": "Inicio", "PK": "004+488", "TP_DUCTO": "Ramal", "DISTRITO": "7", "DIAMETRO": "3", "TRM_REG": "PEREIRA - ARMENIA", "ZONA": "2", "SENAL_EX": "NO", "FORMA_ACCE": "Caminando", "TP_ACCESO": "Vía pavimentada", "EST_ACCESO": "Bueno", "TP_SECCION": "CRUCE DE CUERPO DE AGUA", "NOM_AGUA": "Caño NN", "ANCHO_AGUA": 4.0, "TP_AGUA": "Secundaria", "UBIC_CRUCE": "Montaña", "CM_TORRENC": "NO", "CANALIZADO": "NO", "ALTERACION": "NO", "ZONA_INUND": "NO", "FORM_CAUCE": "Semirecto", "ESTABILID": "Estable", "TP_MARGEN": "Derecho", "TP_SOPORTE": "(Marcos H)", "LUZ_SOPORT": 15.0, "EST_SOPORT": "Bueno", "EXIST_CABL": "NO", "EST_CABLE": "Bueno", "MACIZO_ANC": "NO", "EST_MACIZO": "Bueno", "ZONA_TRANS": "Bueno", "TP_REVEST": "Poliken", "AREA_REVES": 0.0, "EST_REVEST": "Bueno", "DEFECT_REV": "N.A.", "DSC_EST_TB": "Bueno", "DEFECT_TUB": "N.A.", "EVENTO_GEO": "No", "OBSERVACIO": " ", "EXISTENTE": "SI", "PROFUNDIDA": 0.0, "LATITUD": 4.4785638510000467, "LONGITUD": -75.706619283999942, "ALTITUD": 1342.0333, "IMAGEN_1": "C003_IMG_20240322_082324.jpg", "IMAGEN_2": "C003_IMG_20240322_082334.jpg", "IMAGEN_3": "C003_IMG_20240322_082342.jpg", "ID": "CCA-15", "ENTREGA": "E41_R3", "CREC_SUBIT": "NO", "DIR_TUB": "PERPENDICULAR" }, "geometry": { "type": "Point", "coordinates": [ -75.706619283999942, 4.478563851000047, 1342.033299999995506 ] } },
{ "type": "Feature", "properties": { "FECHA": "4/03/2024 00:00:00 (UTC)", "DEPTO": "VALLE DEL CAUCA", "MPIO": "ZARZAL", "VEREDA": "GUASIMAL", "GASODUCTO": "MARIQUITA - CALI", "TRM_RML": "Obando - Tuluá", "TP_PK": "Fin", "PK": "211+261", "TP_DUCTO": "Troncal", "DISTRITO": "8", "DIAMETRO": "20", "TRM_REG": "ARMENIA - CALI", "ZONA": "2", "SENAL_EX": "SI", "FORMA_ACCE": "DDV", "TP_ACCESO": "Vía destapada", "EST_ACCESO": "Bueno", "TP_SECCION": "CRUCE DE CUERPO DE AGUA", "NOM_AGUA": "Quebrada La Honda", "ANCHO_AGUA": 2.0, "TP_AGUA": "Otro", "UBIC_CRUCE": "Llanura", "CM_TORRENC": "NO", "CANALIZADO": "NO", "ALTERACION": "NO", "ZONA_INUND": "NO", "FORM_CAUCE": "Semirecto", "ESTABILID": "Estable", "TP_MARGEN": "Izquierdo", "TP_SOPORTE": "(Marcos H)", "LUZ_SOPORT": 10.0, "EST_SOPORT": "Bueno", "EXIST_CABL": "N.A.", "EST_CABLE": "Bueno", "MACIZO_ANC": "NO", "EST_MACIZO": "Bueno", "ZONA_TRANS": "Estable.", "TP_REVEST": "OTRO", "AREA_REVES": 0.0, "EST_REVEST": "Bueno", "DEFECT_REV": "N.A.", "DSC_EST_TB": "Bueno", "DEFECT_TUB": "N.A.", "EVENTO_GEO": "No", "OBSERVACIO": "Cruce aereo apoyado sobre marco H.", "EXISTENTE": "SI", "PROFUNDIDA": 0.0, "LATITUD": 4.4652679830000466, "LONGITUD": -76.042439283999954, "ALTITUD": 927.2, "IMAGEN_1": "C004_IMG_20240304_082036.jpg", "IMAGEN_2": "C004_IMG_20240304_082048.jpg", "IMAGEN_3": "C004_IMG_20240304_082054.jpg", "ID": "CCA-12", "ENTREGA": "E42_R3", "CREC_SUBIT": "NO", "DIR_TUB": "(PERPENDICULAR)" }, "geometry": { "type": "Point", "coordinates": [ -76.042439283999954, 4.465267983000047, 927.19999999999709 ] } },
{ "type": "Feature", "properties": { "FECHA": "4/03/2024 00:00:00 (UTC)", "DEPTO": "VALLE DEL CAUCA", "MPIO": "LA VICTORIA", "VEREDA": "SAN JOSÉ", "GASODUCTO": "MARIQUITA - CALI", "TRM_RML": "Obando - Tuluá", "TP_PK": "Inicio", "PK": "211+216", "TP_DUCTO": "Troncal", "DISTRITO": "8", "DIAMETRO": "20", "TRM_REG": "ARMENIA - CALI", "ZONA": "2", "SENAL_EX": "SI", "FORMA_ACCE": "DDV", "TP_ACCESO": "Vía destapada", "EST_ACCESO": "Bueno", "TP_SECCION": "CRUCE DE CUERPO DE AGUA", "NOM_AGUA": "Quebrada La Honda", "ANCHO_AGUA": 2.0, "TP_AGUA": "Otro", "UBIC_CRUCE": "Llanura", "CM_TORRENC": "NO", "CANALIZADO": "NO", "ALTERACION": "NO", "ZONA_INUND": "NO", "FORM_CAUCE": "Semirecto", "ESTABILID": "Estable", "TP_MARGEN": "Derecho", "TP_SOPORTE": "(Marcos H)", "LUZ_SOPORT": 10.0, "EST_SOPORT": "Bueno", "EXIST_CABL": "N.A.", "EST_CABLE": "Bueno", "MACIZO_ANC": "NO", "EST_MACIZO": "Bueno", "ZONA_TRANS": "Estable.", "TP_REVEST": "OTRO", "AREA_REVES": 0.0, "EST_REVEST": "Bueno", "DEFECT_REV": "N.A.", "DSC_EST_TB": "Bueno", "DEFECT_TUB": "N.A.", "EVENTO_GEO": "No", "OBSERVACIO": "Cruce aereo apoyado sobre marco H.", "EXISTENTE": "SI", "PROFUNDIDA": 0.0, "LATITUD": 4.4656661690000305, "LONGITUD": -76.042305716999977, "ALTITUD": 924.7, "IMAGEN_1": "C004_IMG_20240304_080936.jpg", "IMAGEN_2": "C004_IMG_20240304_080949.jpg", "IMAGEN_3": "C004_IMG_20240304_080953.jpg", "ID": "CCA-13", "ENTREGA": "E42_R3", "CREC_SUBIT": "NO", "DIR_TUB": "(PERPENDICULAR)" }, "geometry": { "type": "Point", "coordinates": [ -76.042305716999977, 4.465666169000031, 924.69999999999709 ] } },
{ "type": "Feature", "properties": { "FECHA": "7/03/2024 00:00:00 (UTC)", "DEPTO": "VALLE DEL CAUCA", "MPIO": "ZARZAL", "VEREDA": "UÑA DE GATO", "GASODUCTO": "MARIQUITA - CALI", "TRM_RML": "Obando - Tuluá", "TP_PK": "Inicio", "PK": "226+297", "TP_DUCTO": "Troncal", "DISTRITO": "8", "DIAMETRO": "20", "TRM_REG": "ARMENIA - CALI", "ZONA": "2", "SENAL_EX": "SI", "FORMA_ACCE": "DDV", "TP_ACCESO": "Vía destapada", "EST_ACCESO": "Bueno", "TP_SECCION": "CRUCE DE CUERPO DE AGUA", "NOM_AGUA": "Quebrada Las Cañas", "ANCHO_AGUA": 15.0, "TP_AGUA": "Secundaria", "UBIC_CRUCE": "Llanura", "CM_TORRENC": "NO", "CANALIZADO": "NO", "ALTERACION": "NO", "ZONA_INUND": "NO", "FORM_CAUCE": "Semirecto", "ESTABILID": "Estable", "TP_MARGEN": "Derecho", "TP_SOPORTE": "Marcos H", "LUZ_SOPORT": 25.0, "EST_SOPORT": "Bueno", "EXIST_CABL": "SI", "EST_CABLE": "Bueno", "MACIZO_ANC": "SI", "EST_MACIZO": "Bueno", "ZONA_TRANS": "Estable.", "TP_REVEST": "FBE", "AREA_REVES": 0.0, "EST_REVEST": "Bueno", "DEFECT_REV": "N.A.", "DSC_EST_TB": "Bueno", "DEFECT_TUB": "N.A.", "EVENTO_GEO": "No", "OBSERVACIO": " ", "EXISTENTE": "SI", "PROFUNDIDA": 0.0, "LATITUD": 4.3525865370000361, "LONGITUD": -76.06984674399996, "ALTITUD": 962.98330000000715, "IMAGEN_1": "C004_IMG_20240307_081443.jpg", "IMAGEN_2": "C004_IMG_20240307_081450.jpg", "IMAGEN_3": "C004_IMG_20240307_081455.jpg", "ID": "CCA-14", "ENTREGA": "E42_R3", "CREC_SUBIT": "NO", "DIR_TUB": "(PERPENDICULAR)" }, "geometry": { "type": "Point", "coordinates": [ -76.06984674399996, 4.352586537000036, 962.983300000007148 ] } },
{ "type": "Feature", "properties": { "FECHA": "7/03/2024 00:00:00 (UTC)", "DEPTO": "VALLE DEL CAUCA", "MPIO": "ZARZAL", "VEREDA": "LA PAILA", "GASODUCTO": "MARIQUITA - CALI", "TRM_RML": "Obando - Tuluá", "TP_PK": "Fin", "PK": "226+344", "TP_DUCTO": "Troncal", "DISTRITO": "8", "DIAMETRO": "20", "TRM_REG": "ARMENIA - CALI", "ZONA": "2", "SENAL_EX": "SI", "FORMA_ACCE": "DDV", "TP_ACCESO": "Vía destapada", "EST_ACCESO": "Bueno", "TP_SECCION": "CRUCE DE CUERPO DE AGUA", "NOM_AGUA": "Quebrada Las Cañas", "ANCHO_AGUA": 15.0, "TP_AGUA": "Secundaria", "UBIC_CRUCE": "Llanura", "CM_TORRENC": "NO", "CANALIZADO": "NO", "ALTERACION": "NO", "ZONA_INUND": "NO", "FORM_CAUCE": "Semirecto", "ESTABILID": "Estable", "TP_MARGEN": "Izquierdo", "TP_SOPORTE": "Marcos H", "LUZ_SOPORT": 25.0, "EST_SOPORT": "Bueno", "EXIST_CABL": "SI", "EST_CABLE": "Bueno", "MACIZO_ANC": "SI", "EST_MACIZO": "Bueno", "ZONA_TRANS": "Estable.", "TP_REVEST": "FBE", "AREA_REVES": 0.0, "EST_REVEST": "Bueno", "DEFECT_REV": "N.A.", "DSC_EST_TB": "Bueno", "DEFECT_TUB": "N.A.", "EVENTO_GEO": "No", "OBSERVACIO": " ", "EXISTENTE": "SI", "PROFUNDIDA": 0.0, "LATITUD": 4.3522004160000733, "LONGITUD": -76.069789657999934, "ALTITUD": 962.3167, "IMAGEN_1": "C004_IMG_20240307_082818.jpg", "IMAGEN_2": "C004_IMG_20240307_082822.jpg", "IMAGEN_3": "C004_IMG_20240307_082826.jpg", "ID": "CCA-15", "ENTREGA": "E42_R3", "CREC_SUBIT": "NO", "DIR_TUB": "(PERPENDICULAR)" }, "geometry": { "type": "Point", "coordinates": [ -76.069789657999934, 4.352200416000073, 962.316699999995762 ] } },
{ "type": "Feature", "properties": { "FECHA": "15/03/2024 00:00:00 (UTC)", "DEPTO": "VALLE DEL CAUCA", "MPIO": "ZARZAL", "VEREDA": "QUEBRADA NUEVA", "GASODUCTO": "MARIQUITA - CALI", "TRM_RML": "Armenia", "TP_PK": "Inicio", "PK": "013+273", "TP_DUCTO": "Ramal", "DISTRITO": "7", "DIAMETRO": "6", "TRM_REG": "PEREIRA - ARMENIA", "ZONA": "2", "SENAL_EX": "NO", "FORMA_ACCE": "Por el DDV", "TP_ACCESO": "Vía destapada", "EST_ACCESO": "Bueno", "TP_SECCION": "CRUCE DE CUERPO DE AGUA", "NOM_AGUA": "Zanjón de El Novenza", "ANCHO_AGUA": 3.0, "TP_AGUA": "Otro", "UBIC_CRUCE": "Montaña", "CM_TORRENC": "SI", "CANALIZADO": "NO", "ALTERACION": "NO", "ZONA_INUND": "NO", "FORM_CAUCE": "Semirecto", "ESTABILID": "Estable", "TP_MARGEN": "Derecho", "TP_SOPORTE": "N/A", "LUZ_SOPORT": 0.0, "EST_SOPORT": "Bueno", "EXIST_CABL": "NO", "EST_CABLE": "Bueno", "MACIZO_ANC": "NO", "EST_MACIZO": "Bueno", "ZONA_TRANS": "Bueno", "TP_REVEST": "Poliken", "AREA_REVES": 0.0, "EST_REVEST": "Bueno", "DEFECT_REV": "N.A.", "DSC_EST_TB": "Bueno", "DEFECT_TUB": "N.A.", "EVENTO_GEO": "No", "OBSERVACIO": " ", "EXISTENTE": "SI", "PROFUNDIDA": 0.0, "LATITUD": 4.3937328810000622, "LONGITUD": -75.952728854999975, "ALTITUD": 1112.7, "IMAGEN_1": "C002_IMG_20240315_115333.jpg", "IMAGEN_2": "C002_IMG_20240315_115324.jpg", "IMAGEN_3": "C002_IMG_20240315_115327.jpg", "ID": "CCA-12", "ENTREGA": "E44_R3", "CREC_SUBIT": "SI", "DIR_TUB": "PERPENDICULAR" }, "geometry": { "type": "Point", "coordinates": [ -75.952728854999975, 4.393732881000062, 1112.69999999999709 ] } },
{ "type": "Feature", "properties": { "FECHA": "15/03/2024 00:00:00 (UTC)", "DEPTO": "VALLE DEL CAUCA", "MPIO": "ZARZAL", "VEREDA": "QUEBRADA NUEVA", "GASODUCTO": "MARIQUITA - CALI", "TRM_RML": "Armenia", "TP_PK": "Fin", "PK": "013+280", "TP_DUCTO": "Ramal", "DISTRITO": "7", "DIAMETRO": "6", "TRM_REG": "PEREIRA - ARMENIA", "ZONA": "2", "SENAL_EX": "NO", "FORMA_ACCE": "Por el DDV", "TP_ACCESO": "Vía destapada", "EST_ACCESO": "Bueno", "TP_SECCION": "CRUCE DE CUERPO DE AGUA", "NOM_AGUA": "Zanjón de El Novenza", "ANCHO_AGUA": 3.0, "TP_AGUA": "Otro", "UBIC_CRUCE": "Montaña", "CM_TORRENC": "SI", "CANALIZADO": "NO", "ALTERACION": "NO", "ZONA_INUND": "NO", "FORM_CAUCE": "Semirecto", "ESTABILID": "Estable", "TP_MARGEN": "Izquierdo", "TP_SOPORTE": "N/A", "LUZ_SOPORT": 0.0, "EST_SOPORT": "Bueno", "EXIST_CABL": "NO", "EST_CABLE": "Bueno", "MACIZO_ANC": "NO", "EST_MACIZO": "Bueno", "ZONA_TRANS": "Bueno", "TP_REVEST": "Poliken", "AREA_REVES": 0.0, "EST_REVEST": "Bueno", "DEFECT_REV": "N.A.", "DSC_EST_TB": "Bueno", "DEFECT_TUB": "N.A.", "EVENTO_GEO": "No", "OBSERVACIO": " ", "EXISTENTE": "SI", "PROFUNDIDA": 0.0, "LATITUD": 4.3937551980000649, "LONGITUD": -75.952667334999944, "ALTITUD": 1116.64, "IMAGEN_1": "C002_IMG_20240315_115951.jpg", "IMAGEN_2": "C002_IMG_20240315_115543.jpg", "IMAGEN_3": "C002_IMG_20240315_115539.jpg", "ID": "CCA-13", "ENTREGA": "E44_R3", "CREC_SUBIT": "SI", "DIR_TUB": "PERPENDICULAR" }, "geometry": { "type": "Point", "coordinates": [ -75.952667334999944, 4.393755198000065, 1116.639999999999418 ] } },
{ "type": "Feature", "properties": { "FECHA": "22/03/2024 00:00:00 (UTC)", "DEPTO": "QUINDIO", "MPIO": "MONTENEGRO", "VEREDA": "SAN JOSÉ", "GASODUCTO": "MARIQUITA - CALI", "TRM_RML": "Armenia", "TP_PK": "Inicio", "PK": "029+850", "TP_DUCTO": "Ramal", "DISTRITO": "7", "DIAMETRO": "6", "TRM_REG": "PEREIRA - ARMENIA", "ZONA": "2", "SENAL_EX": "NO", "FORMA_ACCE": "Por el DDV", "TP_ACCESO": "Vía destapada", "EST_ACCESO": "Bueno", "TP_SECCION": "CRUCE DE CUERPO DE AGUA", "NOM_AGUA": "Río Espejo", "ANCHO_AGUA": 30.0, "TP_AGUA": "Principal", "UBIC_CRUCE": "Montaña", "CM_TORRENC": "SI", "CANALIZADO": "NO", "ALTERACION": "NO", "ZONA_INUND": "NO", "FORM_CAUCE": "Semirecto", "ESTABILID": "Estable", "TP_MARGEN": "Izquierdo", "TP_SOPORTE": "Marcos H con cables", "LUZ_SOPORT": 22.0, "EST_SOPORT": "Bueno", "EXIST_CABL": "SI", "EST_CABLE": "Bueno", "MACIZO_ANC": "SI", "EST_MACIZO": "Bueno", "ZONA_TRANS": "Bueno", "TP_REVEST": "Poliken", "AREA_REVES": 0.0, "EST_REVEST": "Bueno", "DEFECT_REV": "N.A.", "DSC_EST_TB": "Bueno", "DEFECT_TUB": "N.A.", "EVENTO_GEO": "No", "OBSERVACIO": "Requiere roceria", "EXISTENTE": "SI", "PROFUNDIDA": 0.0, "LATITUD": 4.4562420400000633, "LONGITUD": -75.850395773999935, "ALTITUD": 1051.96, "IMAGEN_1": "C002_IMG_20240322_123743.jpg", "IMAGEN_2": "C002_IMG_20240322_124038.jpg", "IMAGEN_3": "C002_IMG_20240322_123758.jpg", "ID": "CCA-14", "ENTREGA": "E44_R3", "CREC_SUBIT": "SI", "DIR_TUB": "PERPENDICULAR" }, "geometry": { "type": "Point", "coordinates": [ -75.850395773999935, 4.456242040000063, 1051.960000000006403 ] } },
{ "type": "Feature", "properties": { "FECHA": "23/03/2024 00:00:00 (UTC)", "DEPTO": "QUINDIO", "MPIO": "MONTENEGRO", "VEREDA": "SAN JOSÉ", "GASODUCTO": "MARIQUITA - CALI", "TRM_RML": "Armenia", "TP_PK": "Fin", "PK": "029+878", "TP_DUCTO": "Ramal", "DISTRITO": "7", "DIAMETRO": "6", "TRM_REG": "PEREIRA - ARMENIA", "ZONA": "2", "SENAL_EX": "NO", "FORMA_ACCE": "Por el DDV", "TP_ACCESO": "Vía destapada", "EST_ACCESO": "Bueno", "TP_SECCION": "CRUCE DE CUERPO DE AGUA", "NOM_AGUA": "Río Espejo", "ANCHO_AGUA": 30.0, "TP_AGUA": "Principal", "UBIC_CRUCE": "Montaña", "CM_TORRENC": "SI", "CANALIZADO": "NO", "ALTERACION": "NO", "ZONA_INUND": "NO", "FORM_CAUCE": "Semirecto", "ESTABILID": "Estable", "TP_MARGEN": "Derecho", "TP_SOPORTE": "Marcos H con cables", "LUZ_SOPORT": 22.0, "EST_SOPORT": "Bueno", "EXIST_CABL": "SI", "EST_CABLE": "Bueno", "MACIZO_ANC": "SI", "EST_MACIZO": "Bueno", "ZONA_TRANS": "Bueno", "TP_REVEST": "Poliken", "AREA_REVES": 0.0, "EST_REVEST": "Bueno", "DEFECT_REV": "N.A.", "DSC_EST_TB": "Bueno", "DEFECT_TUB": "N.A.", "EVENTO_GEO": "No", "OBSERVACIO": "Requiere roceria", "EXISTENTE": "SI", "PROFUNDIDA": 0.0, "LATITUD": 4.4565322240000569, "LONGITUD": -75.850439688999984, "ALTITUD": 1055.92, "IMAGEN_1": "C002_IMG_20240323_120329.jpg", "IMAGEN_2": "C002_IMG_20240323_120336.jpg", "IMAGEN_3": "C002_IMG_20240323_120339.jpg", "ID": "CCA-15", "ENTREGA": "E44_R3", "CREC_SUBIT": "SI", "DIR_TUB": "PERPENDICULAR" }, "geometry": { "type": "Point", "coordinates": [ -75.850439688999984, 4.456532224000057, 1055.919999999998254 ] } },
{ "type": "Feature", "properties": { "FECHA": "7/04/2024 00:00:00 (UTC)", "DEPTO": "QUINDIO", "MPIO": "LA TEBAIDA", "VEREDA": "PADILLA", "GASODUCTO": "MARIQUITA - CALI", "TRM_RML": "Armenia", "TP_PK": "Fin", "PK": "036+948", "TP_DUCTO": "Ramal", "DISTRITO": "7", "DIAMETRO": "6", "TRM_REG": "PEREIRA - ARMENIA", "ZONA": "2", "SENAL_EX": "NO", "FORMA_ACCE": "Por el DDV", "TP_ACCESO": "Vía destapada", "EST_ACCESO": "Bueno", "TP_SECCION": "CRUCE DE CUERPO DE AGUA", "NOM_AGUA": "Río Espejo", "ANCHO_AGUA": 100.0, "TP_AGUA": "Principal", "UBIC_CRUCE": "Montaña", "CM_TORRENC": "SI", "CANALIZADO": "NO", "ALTERACION": "NO", "ZONA_INUND": "NO", "FORM_CAUCE": "Semirecto", "ESTABILID": "Estable", "TP_MARGEN": "Izquierdo", "TP_SOPORTE": "Marcos H con cables", "LUZ_SOPORT": 132.0, "EST_SOPORT": "Bueno", "EXIST_CABL": "SI", "EST_CABLE": "Bueno", "MACIZO_ANC": "SI", "EST_MACIZO": "Bueno", "ZONA_TRANS": "Bueno", "TP_REVEST": "Poliken", "AREA_REVES": 0.0, "EST_REVEST": "Bueno", "DEFECT_REV": "N.A.", "DSC_EST_TB": "Bueno", "DEFECT_TUB": "N.A.", "EVENTO_GEO": "No", "OBSERVACIO": "Requiere roceria", "EXISTENTE": "SI", "PROFUNDIDA": 0.0, "LATITUD": 4.4709591440000622, "LONGITUD": -75.804728865999948, "ALTITUD": 1204.24, "IMAGEN_1": "C003_IMG_20240407_092426.jpg", "IMAGEN_2": "C003_IMG_20240407_092443.jpg", "IMAGEN_3": "C003_IMG_20240407_092451.jpg", "ID": "CCA-16", "ENTREGA": "E44_R3", "CREC_SUBIT": "SI", "DIR_TUB": "PERPENDICULAR" }, "geometry": { "type": "Point", "coordinates": [ -75.804728865999948, 4.470959144000062, 1204.240000000005239 ] } },
{ "type": "Feature", "properties": { "FECHA": "7/04/2024 00:00:00 (UTC)", "DEPTO": "QUINDIO", "MPIO": "MONTENEGRO", "VEREDA": "PUEBLO TAPAO", "GASODUCTO": "MARIQUITA - CALI", "TRM_RML": "Armenia", "TP_PK": "Inicio", "PK": "036+784", "TP_DUCTO": "Ramal", "DISTRITO": "7", "DIAMETRO": "6", "TRM_REG": "PEREIRA - ARMENIA", "ZONA": "2", "SENAL_EX": "NO", "FORMA_ACCE": "Por el DDV", "TP_ACCESO": "Vía destapada", "EST_ACCESO": "Bueno", "TP_SECCION": "CRUCE DE CUERPO DE AGUA", "NOM_AGUA": "Río Espejo", "ANCHO_AGUA": 100.0, "TP_AGUA": "Principal", "UBIC_CRUCE": "Montaña", "CM_TORRENC": "SI", "CANALIZADO": "NO", "ALTERACION": "NO", "ZONA_INUND": "NO", "FORM_CAUCE": "Semirecto", "ESTABILID": "Estable", "TP_MARGEN": "Derecho", "TP_SOPORTE": "Marcos H con cables", "LUZ_SOPORT": 132.0, "EST_SOPORT": "Bueno", "EXIST_CABL": "SI", "EST_CABLE": "Bueno", "MACIZO_ANC": "SI", "EST_MACIZO": "Bueno", "ZONA_TRANS": "Bueno", "TP_REVEST": "Poliken", "AREA_REVES": 0.0, "EST_REVEST": "Bueno", "DEFECT_REV": "N.A.", "DSC_EST_TB": "Bueno", "DEFECT_TUB": "N.A.", "EVENTO_GEO": "No", "OBSERVACIO": "Requiere roceria. Punto creado en oficina, no se pudo acceder debido a nuevo sin paso, se mantienen las fotos del fin del cruce aéreo que si se pudo capturar.", "EXISTENTE": "SI", "PROFUNDIDA": 0.0, "LATITUD": 4.470966752000038, "LONGITUD": -75.806161723999935, "ALTITUD": 1204.24, "IMAGEN_1": "C003_IMG_20240407_092426.jpg", "IMAGEN_2": "C003_IMG_20240407_092443.jpg", "IMAGEN_3": "C003_IMG_20240407_092451.jpg", "ID": "CCA-17", "ENTREGA": "E44_R3", "CREC_SUBIT": "SI", "DIR_TUB": "PERPENDICULAR" }, "geometry": { "type": "Point", "coordinates": [ -75.806161723999935, 4.470966752000038, 1204.240000000005239 ] } },
{ "type": "Feature", "properties": { "FECHA": "22/03/2024 00:00:00 (UTC)", "DEPTO": "QUINDIO", "MPIO": "LA TEBAIDA", "VEREDA": "ALAMBRADO", "GASODUCTO": "MARIQUITA - CALI", "TRM_RML": "Loop - Ramal Armenia", "TP_PK": "Inicio", "PK": "030+247", "TP_DUCTO": "Ramal", "DISTRITO": "7", "DIAMETRO": "8", "TRM_REG": "PEREIRA - ARMENIA", "ZONA": "2", "SENAL_EX": "NO", "FORMA_ACCE": "Por el DDV", "TP_ACCESO": "Sendero a pie", "EST_ACCESO": "Bueno", "TP_SECCION": "CRUCE DE CUERPO DE AGUA", "NOM_AGUA": "Río Espejo", "ANCHO_AGUA": 30.0, "TP_AGUA": "Principal", "UBIC_CRUCE": "Montaña", "CM_TORRENC": "SI", "CANALIZADO": "NO", "ALTERACION": "NO", "ZONA_INUND": "NO", "FORM_CAUCE": "Semirecto", "ESTABILID": "Estable", "TP_MARGEN": "Izquierdo", "TP_SOPORTE": "Marcos H con cables", "LUZ_SOPORT": 19.0, "EST_SOPORT": "Bueno", "EXIST_CABL": "SI", "EST_CABLE": "Bueno", "MACIZO_ANC": "SI", "EST_MACIZO": "Bueno", "ZONA_TRANS": "4", "TP_REVEST": "Poliken", "AREA_REVES": 0.0, "EST_REVEST": "Bueno", "DEFECT_REV": "N.A.", "DSC_EST_TB": "Bueno", "DEFECT_TUB": "N.A.", "EVENTO_GEO": "No", "OBSERVACIO": " ", "EXISTENTE": "SI", "PROFUNDIDA": 0.0, "LATITUD": 4.454322912000066, "LONGITUD": -75.846020217999978, "ALTITUD": 1068.56, "IMAGEN_1": "C002_IMG_20240322_141254.jpg", "IMAGEN_2": "C002_IMG_20240322_141258.jpg", "IMAGEN_3": "C002_IMG_20240322_141303.jpg", "ID": "CCA-12", "ENTREGA": "E45_R3", "CREC_SUBIT": "SI", "DIR_TUB": "PERPENDICULAR" }, "geometry": { "type": "Point", "coordinates": [ -75.846020217999978, 4.454322912000066, 1068.559999999997672 ] } },
{ "type": "Feature", "properties": { "FECHA": "23/03/2024 00:00:00 (UTC)", "DEPTO": "QUINDIO", "MPIO": "MONTENEGRO", "VEREDA": "SAN JOSÉ", "GASODUCTO": "MARIQUITA - CALI", "TRM_RML": "Loop - Ramal Armenia", "TP_PK": "Fin", "PK": "030+287", "TP_DUCTO": "Ramal", "DISTRITO": "7", "DIAMETRO": "8", "TRM_REG": "PEREIRA - ARMENIA", "ZONA": "2", "SENAL_EX": "NO", "FORMA_ACCE": "Por el DDV", "TP_ACCESO": "Sendero a pie", "EST_ACCESO": "Bueno", "TP_SECCION": "CRUCE DE CUERPO DE AGUA", "NOM_AGUA": "Río Espejo", "ANCHO_AGUA": 30.0, "TP_AGUA": "Principal", "UBIC_CRUCE": "Montaña", "CM_TORRENC": "SI", "CANALIZADO": "NO", "ALTERACION": "NO", "ZONA_INUND": "NO", "FORM_CAUCE": "Semirecto", "ESTABILID": "Estable", "TP_MARGEN": "Derecho", "TP_SOPORTE": "Marcos H con cables", "LUZ_SOPORT": 19.0, "EST_SOPORT": "Bueno", "EXIST_CABL": "SI", "EST_CABLE": "Bueno", "MACIZO_ANC": "SI", "EST_MACIZO": "Bueno", "ZONA_TRANS": "6", "TP_REVEST": "Poliken", "AREA_REVES": 0.0, "EST_REVEST": "Bueno", "DEFECT_REV": "N.A.", "DSC_EST_TB": "Bueno", "DEFECT_TUB": "N.A.", "EVENTO_GEO": "No", "OBSERVACIO": " ", "EXISTENTE": "SI", "PROFUNDIDA": 0.0, "LATITUD": 4.4546487620000335, "LONGITUD": -75.845897030999936, "ALTITUD": 1060.72, "IMAGEN_1": "C002_IMG_20240323_081322.jpg", "IMAGEN_2": "C002_IMG_20240323_081041.jpg", "IMAGEN_3": "C002_IMG_20240323_081044.jpg", "ID": "CCA-13", "ENTREGA": "E45_R3", "CREC_SUBIT": "SI", "DIR_TUB": "PERPENDICULAR" }, "geometry": { "type": "Point", "coordinates": [ -75.845897030999936, 4.454648762000033, 1060.720000000001164 ] } },
{ "type": "Feature", "properties": { "FECHA": "7/04/2024 00:00:00 (UTC)", "DEPTO": "QUINDIO", "MPIO": "LA TEBAIDA", "VEREDA": "PADILLA", "GASODUCTO": "MARIQUITA - CALI", "TRM_RML": "Loop - Ramal Armenia", "TP_PK": "Fin", "PK": "036+049", "TP_DUCTO": "Ramal", "DISTRITO": "7", "DIAMETRO": "8", "TRM_REG": "PEREIRA - ARMENIA", "ZONA": "2", "SENAL_EX": "NO", "FORMA_ACCE": "Por el DDV", "TP_ACCESO": "Vía destapada", "EST_ACCESO": "Bueno", "TP_SECCION": "CRUCE DE CUERPO DE AGUA", "NOM_AGUA": "Río Espejo", "ANCHO_AGUA": 30.0, "TP_AGUA": "Principal", "UBIC_CRUCE": "Montaña", "CM_TORRENC": "SI", "CANALIZADO": "NO", "ALTERACION": "NO", "ZONA_INUND": "NO", "FORM_CAUCE": "Semirecto", "ESTABILID": "Estable", "TP_MARGEN": "Izquierdo", "TP_SOPORTE": "Marcos H con cables", "LUZ_SOPORT": 35.0, "EST_SOPORT": "Bueno", "EXIST_CABL": "SI", "EST_CABLE": "Bueno", "MACIZO_ANC": "SI", "EST_MACIZO": "Bueno", "ZONA_TRANS": "6", "TP_REVEST": "Poliken", "AREA_REVES": 0.0, "EST_REVEST": "Bueno", "DEFECT_REV": "N.A.", "DSC_EST_TB": "Bueno", "DEFECT_TUB": "N.A.", "EVENTO_GEO": "No", "OBSERVACIO": " ", "EXISTENTE": "SI", "PROFUNDIDA": 0.0, "LATITUD": 4.4721239420000529, "LONGITUD": -75.802710708999939, "ALTITUD": 1174.24, "IMAGEN_1": "C003_IMG_20240407_090219.jpg", "IMAGEN_2": "C003_IMG_20240407_090227.jpg", "IMAGEN_3": "C003_IMG_20240407_090239.jpg", "ID": "CCA-14", "ENTREGA": "E45_R3", "CREC_SUBIT": "SI", "DIR_TUB": "PERPENDICULAR" }, "geometry": { "type": "Point", "coordinates": [ -75.802710708999939, 4.472123942000053, 1174.240000000005239 ] } },
{ "type": "Feature", "properties": { "FECHA": "7/04/2024 00:00:00 (UTC)", "DEPTO": "QUINDIO", "MPIO": "MONTENEGRO", "VEREDA": "PUEBLO TAPAO", "GASODUCTO": "MARIQUITA - CALI", "TRM_RML": "Loop - Ramal Armenia", "TP_PK": "Inicio", "PK": "036+002", "TP_DUCTO": "Ramal", "DISTRITO": "7", "DIAMETRO": "8", "TRM_REG": "PEREIRA - ARMENIA", "ZONA": "2", "SENAL_EX": "NO", "FORMA_ACCE": "Por el DDV", "TP_ACCESO": "Vía destapada", "EST_ACCESO": "Bueno", "TP_SECCION": "CRUCE DE CUERPO DE AGUA", "NOM_AGUA": "Río Espejo", "ANCHO_AGUA": 30.0, "TP_AGUA": "Principal", "UBIC_CRUCE": "Montaña", "CM_TORRENC": "SI", "CANALIZADO": "NO", "ALTERACION": "NO", "ZONA_INUND": "NO", "FORM_CAUCE": "Semirecto", "ESTABILID": "Estable", "TP_MARGEN": "Derecho", "TP_SOPORTE": "Marcos H con cables", "LUZ_SOPORT": 35.0, "EST_SOPORT": "Bueno", "EXIST_CABL": "SI", "EST_CABLE": "Bueno", "MACIZO_ANC": "SI", "EST_MACIZO": "Bueno", "ZONA_TRANS": "6", "TP_REVEST": "Poliken", "AREA_REVES": 0.0, "EST_REVEST": "Bueno", "DEFECT_REV": "N.A.", "DSC_EST_TB": "Bueno", "DEFECT_TUB": "N.A.", "EVENTO_GEO": "No", "OBSERVACIO": "Punto creado en Oficina, no se logró capturar el punto Inicio del cruce aéreo en campo, se encuentra dentro de sin paso. Se mantienen las fotos del punto que si fue capturado.", "EXISTENTE": "SI", "PROFUNDIDA": 0.0, "LATITUD": 4.4726061790000244, "LONGITUD": -75.802681572999973, "ALTITUD": 1174.24, "IMAGEN_1": "C003_IMG_20240407_090219.jpg", "IMAGEN_2": "C003_IMG_20240407_090227.jpg", "IMAGEN_3": "C003_IMG_20240407_090239.jpg", "ID": "CCA-15", "ENTREGA": "E45_R3", "CREC_SUBIT": "SI", "DIR_TUB": "PERPENDICULAR" }, "geometry": { "type": "Point", "coordinates": [ -75.802681572999973, 4.472606179000024, 1174.240000000005239 ] } },
{ "type": "Feature", "properties": { "FECHA": "20/04/2024 00:00:00 (UTC)", "DEPTO": "VALLE DEL CAUCA", "MPIO": "PALMIRA", "VEREDA": "PALMASECA", "GASODUCTO": "MARIQUITA - CALI", "TRM_RML": "Pradera", "TP_PK": "Inicio", "PK": "020+788", "TP_DUCTO": "Ramal", "DISTRITO": "8", "DIAMETRO": "6", "TRM_REG": "ARMENIA - CALI", "ZONA": "2", "SENAL_EX": "NO", "FORMA_ACCE": "DDV", "TP_ACCESO": "Vía destapada", "EST_ACCESO": "Bueno", "TP_SECCION": "CRUCE DE CUERPO DE AGUA", "NOM_AGUA": "Caño NN", "ANCHO_AGUA": 6.0, "TP_AGUA": "Otro", "UBIC_CRUCE": "Llanura", "CM_TORRENC": "NO", "CANALIZADO": "NO", "ALTERACION": "NO", "ZONA_INUND": "NO", "FORM_CAUCE": "Semirecto", "ESTABILID": "Estable", "TP_MARGEN": "Derecho", "TP_SOPORTE": "Voladizo", "LUZ_SOPORT": 0.0, "EST_SOPORT": "Bueno", "EXIST_CABL": "N.A.", "EST_CABLE": "Bueno", "MACIZO_ANC": "NO", "EST_MACIZO": "Bueno", "ZONA_TRANS": "No presenta", "TP_REVEST": "OTRO", "AREA_REVES": 0.0, "EST_REVEST": "Bueno", "DEFECT_REV": "N.A.", "DSC_EST_TB": "Bueno", "DEFECT_TUB": "N.A.", "EVENTO_GEO": "Si", "OBSERVACIO": "Se observa cruce aéreo en el paso de un cuerpo de agua con vegetación alta, donde el gasoducto esta en voladizo en los dos extremos.", "EXISTENTE": "SI", "PROFUNDIDA": 0.0, "LATITUD": 3.5202053810000393, "LONGITUD": -76.332912467999961, "ALTITUD": 1002.35, "IMAGEN_1": "C004_IMG_20240420_083647.jpg", "IMAGEN_2": "C004_IMG_20240420_083653.jpg", "IMAGEN_3": "C004_IMG_20240420_083657.jpg", "ID": "CCA-12", "ENTREGA": "E46_R3", "CREC_SUBIT": "NO", "DIR_TUB": "PERPENDICULAR" }, "geometry": { "type": "Point", "coordinates": [ -76.332912467999961, 3.520205381000039, 1002.350000000005821 ] } },
{ "type": "Feature", "properties": { "FECHA": "20/04/2024 00:00:00 (UTC)", "DEPTO": "VALLE DEL CAUCA", "MPIO": "PALMIRA", "VEREDA": "PALMASECA", "GASODUCTO": "MARIQUITA - CALI", "TRM_RML": "Pradera", "TP_PK": "Fin", "PK": "020+797", "TP_DUCTO": "Ramal", "DISTRITO": "8", "DIAMETRO": "6", "TRM_REG": "ARMENIA - CALI", "ZONA": "2", "SENAL_EX": "NO", "FORMA_ACCE": "DDV", "TP_ACCESO": "Vía destapada", "EST_ACCESO": "Bueno", "TP_SECCION": "CRUCE DE CUERPO DE AGUA", "NOM_AGUA": "Caño NN", "ANCHO_AGUA": 6.0, "TP_AGUA": "Otro", "UBIC_CRUCE": "Llanura", "CM_TORRENC": "NO", "CANALIZADO": "NO", "ALTERACION": "NO", "ZONA_INUND": "NO", "FORM_CAUCE": "Semirecto", "ESTABILID": "Estable", "TP_MARGEN": "Izquierdo", "TP_SOPORTE": "Voladizo", "LUZ_SOPORT": 0.0, "EST_SOPORT": "Bueno", "EXIST_CABL": "N.A.", "EST_CABLE": "Bueno", "MACIZO_ANC": "NO", "EST_MACIZO": "Bueno", "ZONA_TRANS": "No presenta", "TP_REVEST": "OTRO", "AREA_REVES": 0.0, "EST_REVEST": "Bueno", "DEFECT_REV": "N.A.", "DSC_EST_TB": "Bueno", "DEFECT_TUB": "N.A.", "EVENTO_GEO": "Si", "OBSERVACIO": "Se observa cruce aéreo en el paso de un cuerpo de agua con vegetación alta, donde el gasoducto esta en voladizo en los dos extremos.", "EXISTENTE": "SI", "PROFUNDIDA": 0.0, "LATITUD": 3.5201056140000446, "LONGITUD": -76.332926759999964, "ALTITUD": 997.35000000000582, "IMAGEN_1": "C004_IMG_20240420_084301.jpg", "IMAGEN_2": "C004_IMG_20240420_084307.jpg", "IMAGEN_3": "C004_IMG_20240420_084311.jpg", "ID": "CCA-13", "ENTREGA": "E46_R3", "CREC_SUBIT": "NO", "DIR_TUB": "PERPENDICULAR" }, "geometry": { "type": "Point", "coordinates": [ -76.332926759999964, 3.520105614000045, 997.350000000005821 ] } },
{ "type": "Feature", "properties": { "FECHA": "14/04/2024 00:00:00 (UTC)", "DEPTO": "VALLE DEL CAUCA", "MPIO": "SEVILLA", "VEREDA": "PALOMINO", "GASODUCTO": "MARIQUITA - CALI", "TRM_RML": "Sevilla", "TP_PK": "Fin", "PK": "006+116", "TP_DUCTO": "Ramal", "DISTRITO": "8", "DIAMETRO": "2", "TRM_REG": "PEREIRA - ARMENIA", "ZONA": "2", "SENAL_EX": "NO", "FORMA_ACCE": "DDV", "TP_ACCESO": "Vía pavimentada", "EST_ACCESO": "Bueno", "TP_SECCION": "CRUCE DE CUERPO DE AGUA", "NOM_AGUA": "Río Pijao", "ANCHO_AGUA": 15.0, "TP_AGUA": "Secundaria", "UBIC_CRUCE": "Montaña", "CM_TORRENC": "SI", "CANALIZADO": "NO", "ALTERACION": "SI", "ZONA_INUND": "SI", "FORM_CAUCE": "Meandrico", "ESTABILID": "Estable", "TP_MARGEN": "Izquierdo", "TP_SOPORTE": "Marcos H con cables", "LUZ_SOPORT": 30.0, "EST_SOPORT": "Bueno", "EXIST_CABL": "SI", "EST_CABLE": "Regular", "MACIZO_ANC": "SI", "EST_MACIZO": "Bueno", "ZONA_TRANS": "Presenta cobertura vegetal alta.", "TP_REVEST": "OTRO", "AREA_REVES": 0.0, "EST_REVEST": "Regular", "DEFECT_REV": "Desprendimiento", "DSC_EST_TB": "Regular", "DEFECT_TUB": "Corrosión Generalizada", "EVENTO_GEO": "No", "OBSERVACIO": "Falta roceria y limpieza del cruce aéreo, la estructura se encuentra deteriorada y la tubería flectada por el peso de troncos y ramas apoyados sobre esta", "EXISTENTE": "SI", "PROFUNDIDA": 0.0, "LATITUD": 4.3151597470000524, "LONGITUD": -75.880856604999963, "ALTITUD": 1187.1, "IMAGEN_1": "C003_IMG_20240414_111048.jpg", "IMAGEN_2": "C003_IMG_20240414_111053.jpg", "IMAGEN_3": "C003_IMG_20240414_111101.jpg", "ID": "CCA-14", "ENTREGA": "E46_R3", "CREC_SUBIT": "SI", "DIR_TUB": "PERPENDICULAR" }, "geometry": { "type": "Point", "coordinates": [ -75.880856604999963, 4.315159747000052, 1187.100000000005821 ] } },
{ "type": "Feature", "properties": { "FECHA": "14/04/2024 00:00:00 (UTC)", "DEPTO": "VALLE DEL CAUCA", "MPIO": "CAICEDONIA", "VEREDA": "LIMONES", "GASODUCTO": "MARIQUITA - CALI", "TRM_RML": "Sevilla", "TP_PK": "Inicio", "PK": "006+068", "TP_DUCTO": "Ramal", "DISTRITO": "8", "DIAMETRO": "2", "TRM_REG": "PEREIRA - ARMENIA", "ZONA": "2", "SENAL_EX": "NO", "FORMA_ACCE": "DDV", "TP_ACCESO": "Vía pavimentada", "EST_ACCESO": "Bueno", "TP_SECCION": "CRUCE DE CUERPO DE AGUA", "NOM_AGUA": "Río Pijao", "ANCHO_AGUA": 15.0, "TP_AGUA": "Secundaria", "UBIC_CRUCE": "Montaña", "CM_TORRENC": "SI", "CANALIZADO": "NO", "ALTERACION": "SI", "ZONA_INUND": "SI", "FORM_CAUCE": "Meandrico", "ESTABILID": "Estable", "TP_MARGEN": "Derecho", "TP_SOPORTE": "Marcos H con cables", "LUZ_SOPORT": 30.0, "EST_SOPORT": "Bueno", "EXIST_CABL": "SI", "EST_CABLE": "Regular", "MACIZO_ANC": "SI", "EST_MACIZO": "Bueno", "ZONA_TRANS": "Presenta cobertura vegetal alta.", "TP_REVEST": "OTRO", "AREA_REVES": 0.0, "EST_REVEST": "Regular", "DEFECT_REV": "Desprendimiento", "DSC_EST_TB": "Regular", "DEFECT_TUB": "Corrosión Generalizada", "EVENTO_GEO": "No", "OBSERVACIO": "Falta roceria y limpieza del cruce aéreo, la estructura se encuentra deteriorada y la tubería flectada por el peso de troncos y ramas apoyados sobre esta", "EXISTENTE": "SI", "PROFUNDIDA": 0.0, "LATITUD": 4.3153221120000467, "LONGITUD": -75.880394105999983, "ALTITUD": 1187.1, "IMAGEN_1": "C003_IMG_20240414_113013.jpg", "IMAGEN_2": "C003_IMG_20240414_113020.jpg", "IMAGEN_3": "C003_IMG_20240414_113027.jpg", "ID": "CCA-15", "ENTREGA": "E46_R3", "CREC_SUBIT": "SI", "DIR_TUB": "PERPENDICULAR" }, "geometry": { "type": "Point", "coordinates": [ -75.880394105999983, 4.315322112000047, 1187.100000000005821 ] } },
{ "type": "Feature", "properties": { "FECHA": "16/03/2024 00:00:00 (UTC)", "DEPTO": "VALLE DEL CAUCA", "MPIO": "TULUÁ", "VEREDA": "EL PICACHO", "GASODUCTO": "MARIQUITA - CALI", "TRM_RML": "Obando - Tuluá", "TP_PK": "Inicio", "PK": "263+331", "TP_DUCTO": "Troncal", "DISTRITO": "8", "DIAMETRO": "20", "TRM_REG": "ARMENIA - CALI", "ZONA": "2", "SENAL_EX": "SI", "FORMA_ACCE": "DDV", "TP_ACCESO": "Vía pavimentada", "EST_ACCESO": "Bueno", "TP_SECCION": "CRUCE DE CUERPO DE AGUA", "NOM_AGUA": "Quebrada El Ahorcado", "ANCHO_AGUA": 22.0, "TP_AGUA": "Secundaria", "UBIC_CRUCE": "Llanura", "CM_TORRENC": "NO", "CANALIZADO": "NO", "ALTERACION": "NO", "ZONA_INUND": "NO", "FORM_CAUCE": "Meandrico", "ESTABILID": "Estable", "TP_MARGEN": "Derecho", "TP_SOPORTE": "(Marcos H)", "LUZ_SOPORT": 20.0, "EST_SOPORT": "Bueno", "EXIST_CABL": "NO", "EST_CABLE": "Bueno", "MACIZO_ANC": "NO", "EST_MACIZO": "Bueno", "ZONA_TRANS": "Estable", "TP_REVEST": "FBE", "AREA_REVES": 0.0, "EST_REVEST": "Bueno", "DEFECT_REV": "N.A.", "DSC_EST_TB": "Bueno", "DEFECT_TUB": "N.A.", "EVENTO_GEO": "No", "OBSERVACIO": " ", "EXISTENTE": "SI", "PROFUNDIDA": 0.0, "LATITUD": 4.0829633410000383, "LONGITUD": -76.172049490999939, "ALTITUD": 1021.35, "IMAGEN_1": "C004_IMG_20240316_075526.jpg", "IMAGEN_2": "C004_IMG_20240316_075705.jpg", "IMAGEN_3": "C004_IMG_20240316_075709.jpg", "ID": "CCA-12", "ENTREGA": "E47_R3", "CREC_SUBIT": "NO", "DIR_TUB": "(PERPENDICULAR)" }, "geometry": { "type": "Point", "coordinates": [ -76.172049490999939, 4.082963341000038, 1021.350000000005821 ] } },
{ "type": "Feature", "properties": { "FECHA": "16/03/2024 00:00:00 (UTC)", "DEPTO": "VALLE DEL CAUCA", "MPIO": "TULUÁ", "VEREDA": "EL PICACHO", "GASODUCTO": "MARIQUITA - CALI", "TRM_RML": "Obando - Tuluá", "TP_PK": "Fin", "PK": "263+361", "TP_DUCTO": "Troncal", "DISTRITO": "8", "DIAMETRO": "20", "TRM_REG": "ARMENIA - CALI", "ZONA": "2", "SENAL_EX": "SI", "FORMA_ACCE": "DDV", "TP_ACCESO": "Vía pavimentada", "EST_ACCESO": "Bueno", "TP_SECCION": "CRUCE DE CUERPO DE AGUA", "NOM_AGUA": "Quebrada El Ahorcado", "ANCHO_AGUA": 22.0, "TP_AGUA": "Secundaria", "UBIC_CRUCE": "Llanura", "CM_TORRENC": "NO", "CANALIZADO": "NO", "ALTERACION": "NO", "ZONA_INUND": "NO", "FORM_CAUCE": "Meandrico", "ESTABILID": "Estable", "TP_MARGEN": "Izquierdo", "TP_SOPORTE": "(Marcos H)", "LUZ_SOPORT": 20.0, "EST_SOPORT": "Bueno", "EXIST_CABL": "NO", "EST_CABLE": "Bueno", "MACIZO_ANC": "NO", "EST_MACIZO": "Bueno", "ZONA_TRANS": "Estable", "TP_REVEST": "FBE", "AREA_REVES": 0.0, "EST_REVEST": "Bueno", "DEFECT_REV": "N.A.", "DSC_EST_TB": "Bueno", "DEFECT_TUB": "N.A.", "EVENTO_GEO": "No", "OBSERVACIO": " ", "EXISTENTE": "SI", "PROFUNDIDA": 0.0, "LATITUD": 4.0827245910000443, "LONGITUD": -76.172054602999935, "ALTITUD": 1023.6833, "IMAGEN_1": "C004_IMG_20240316_080554.jpg", "IMAGEN_2": "C004_IMG_20240316_080605.jpg", "IMAGEN_3": "C004_IMG_20240316_080609.jpg", "ID": "CCA-13", "ENTREGA": "E47_R3", "CREC_SUBIT": "NO", "DIR_TUB": "(PERPENDICULAR)" }, "geometry": { "type": "Point", "coordinates": [ -76.172054602999935, 4.082724591000044, 1023.683300000004238 ] } },
{ "type": "Feature", "properties": { "FECHA": "16/03/2024 00:00:00 (UTC)", "DEPTO": "VALLE DEL CAUCA", "MPIO": "TULUÁ", "VEREDA": "MATEGUADUA", "GASODUCTO": "MARIQUITA - CALI", "TRM_RML": "Obando - Tuluá", "TP_PK": "Inicio", "PK": "266+546", "TP_DUCTO": "Troncal", "DISTRITO": "8", "DIAMETRO": "20", "TRM_REG": "ARMENIA - CALI", "ZONA": "2", "SENAL_EX": "NO", "FORMA_ACCE": "DDV", "TP_ACCESO": "Vía pavimentada", "EST_ACCESO": "Bueno", "TP_SECCION": "CRUCE DE CUERPO DE AGUA", "NOM_AGUA": "Caño NN", "ANCHO_AGUA": 6.0, "TP_AGUA": "Otro", "UBIC_CRUCE": "Llanura", "CM_TORRENC": "NO", "CANALIZADO": "NO", "ALTERACION": "NO", "ZONA_INUND": "NO", "FORM_CAUCE": "Meandrico", "ESTABILID": "Estable", "TP_MARGEN": "Derecho", "TP_SOPORTE": "N/A", "LUZ_SOPORT": 0.0, "EST_SOPORT": "Bueno", "EXIST_CABL": "NO", "EST_CABLE": "Bueno", "MACIZO_ANC": "NO", "EST_MACIZO": "Bueno", "ZONA_TRANS": "Estable", "TP_REVEST": "FBE", "AREA_REVES": 0.0, "EST_REVEST": "Bueno", "DEFECT_REV": "N.A.", "DSC_EST_TB": "Bueno", "DEFECT_TUB": "N.A.", "EVENTO_GEO": "No", "OBSERVACIO": " ", "EXISTENTE": "SI", "PROFUNDIDA": 0.0, "LATITUD": 4.0556669060000559, "LONGITUD": -76.183541634999983, "ALTITUD": 1059.7667, "IMAGEN_1": "C004_IMG_20240316_113134.jpg", "IMAGEN_2": "C004_IMG_20240316_113208.jpg", "IMAGEN_3": "C004_IMG_20240316_113215.jpg", "ID": "CCA-14", "ENTREGA": "E47_R3", "CREC_SUBIT": "SI", "DIR_TUB": "(PERPENDICULAR)" }, "geometry": { "type": "Point", "coordinates": [ -76.183541634999983, 4.055666906000056, 1059.766699999992852 ] } },
{ "type": "Feature", "properties": { "FECHA": "16/03/2024 00:00:00 (UTC)", "DEPTO": "VALLE DEL CAUCA", "MPIO": "TULUÁ", "VEREDA": "MATEGUADUA", "GASODUCTO": "MARIQUITA - CALI", "TRM_RML": "Obando - Tuluá", "TP_PK": "Fin", "PK": "266+555", "TP_DUCTO": "Troncal", "DISTRITO": "8", "DIAMETRO": "20", "TRM_REG": "ARMENIA - CALI", "ZONA": "2", "SENAL_EX": "NO", "FORMA_ACCE": "DDV", "TP_ACCESO": "Vía pavimentada", "EST_ACCESO": "Bueno", "TP_SECCION": "CRUCE DE CUERPO DE AGUA", "NOM_AGUA": "Caño NN", "ANCHO_AGUA": 6.0, "TP_AGUA": "Otro", "UBIC_CRUCE": "Llanura", "CM_TORRENC": "NO", "CANALIZADO": "NO", "ALTERACION": "NO", "ZONA_INUND": "NO", "FORM_CAUCE": "Meandrico", "ESTABILID": "Estable", "TP_MARGEN": "Izquierdo", "TP_SOPORTE": "N/A", "LUZ_SOPORT": 0.0, "EST_SOPORT": "Bueno", "EXIST_CABL": "NO", "EST_CABLE": "Bueno", "MACIZO_ANC": "NO", "EST_MACIZO": "Bueno", "ZONA_TRANS": "Estable", "TP_REVEST": "FBE", "AREA_REVES": 0.0, "EST_REVEST": "Bueno", "DEFECT_REV": "N.A.", "DSC_EST_TB": "Bueno", "DEFECT_TUB": "N.A.", "EVENTO_GEO": "No", "OBSERVACIO": " ", "EXISTENTE": "SI", "PROFUNDIDA": 0.0, "LATITUD": 4.0556217950000359, "LONGITUD": -76.183614051999939, "ALTITUD": 1053.2, "IMAGEN_1": "C004_IMG_20240316_113739.jpg", "IMAGEN_2": "C004_IMG_20240316_113746.jpg", "IMAGEN_3": "C004_IMG_20240316_113751.jpg", "ID": "CCA-15", "ENTREGA": "E47_R3", "CREC_SUBIT": "SI", "DIR_TUB": "PERPENDICULAR" }, "geometry": { "type": "Point", "coordinates": [ -76.183614051999939, 4.055621795000036, 1053.19999999999709 ] } },
{ "type": "Feature", "properties": { "FECHA": "12/09/2023 00:00:00 (UTC)", "DEPTO": "CUNDINAMARCA", "MPIO": "PARATEBUENO", "VEREDA": "SANTA INES", "GASODUCTO": "CUSIANA - APIAY - USME", "TRM_RML": "PK65 - Apiay", "TP_PK": "Inicio", "PK": "117+917", "TP_DUCTO": "Troncal", "DISTRITO": "4", "DIAMETRO": "10", "TRM_REG": "CUSIANA - APIAY", "ZONA": "3", "SENAL_EX": "SI", "FORMA_ACCE": "DDV", "TP_ACCESO": "Vía destapada", "EST_ACCESO": "Bueno", "TP_SECCION": "CRUCE DE CUERPO DE AGUA", "NOM_AGUA": "Caño El Rolfo", "ANCHO_AGUA": 50.0, "TP_AGUA": "Principal", "UBIC_CRUCE": "Llanura", "CM_TORRENC": "NO", "CANALIZADO": "NO", "ALTERACION": "NO", "ZONA_INUND": "NO", "FORM_CAUCE": "Semirecto", "ESTABILID": "Estable", "TP_MARGEN": "Derecho", "TP_SOPORTE": "Puente colgante", "LUZ_SOPORT": 76.0, "EST_SOPORT": "Bueno", "EXIST_CABL": "SI", "EST_CABLE": "Bueno", "MACIZO_ANC": "SI", "EST_MACIZO": "Bueno", "ZONA_TRANS": "La longitud de la zona de transición es de 43m y presenta recubrimiento tipo Alquitran de Hulla.", "TP_REVEST": "Alquitran de Hulla", "AREA_REVES": 0.0, "EST_REVEST": "Bueno", "DEFECT_REV": "N.A.", "DSC_EST_TB": "Bueno", "DEFECT_TUB": "N.A.", "EVENTO_GEO": "No", "OBSERVACIO": " ", "EXISTENTE": "SI", "PROFUNDIDA": 0.0, "LATITUD": 4.3315863230000673, "LONGITUD": -73.367029536999951, "ALTITUD": 370.2259, "IMAGEN_1": "C007_IMG_20230912_090518.jpg", "IMAGEN_2": "C007_IMG_20230912_090525.jpg", "IMAGEN_3": "C007_IMG_20230912_090531.jpg", "ID": "CCA-12", "ENTREGA": "E17_R3", "CREC_SUBIT": "NO", "DIR_TUB": "PERPENDICULAR" }, "geometry": { "type": "Point", "coordinates": [ -73.367029536999951, 4.331586323000067, 370.225900000004913 ] } },
{ "type": "Feature", "properties": { "FECHA": "12/09/2023 00:00:00 (UTC)", "DEPTO": "CUNDINAMARCA", "MPIO": "PARATEBUENO", "VEREDA": "SANTA INES", "GASODUCTO": "CUSIANA - APIAY - USME", "TRM_RML": "PK65 - Apiay", "TP_PK": "Fin", "PK": "118+056", "TP_DUCTO": "Troncal", "DISTRITO": "4", "DIAMETRO": "10", "TRM_REG": "CUSIANA - APIAY", "ZONA": "3", "SENAL_EX": "SI", "FORMA_ACCE": "DDV", "TP_ACCESO": "Vía destapada", "EST_ACCESO": "Bueno", "TP_SECCION": "CRUCE DE CUERPO DE AGUA", "NOM_AGUA": "Caño El Rolfo", "ANCHO_AGUA": 50.0, "TP_AGUA": "Principal", "UBIC_CRUCE": "Llanura", "CM_TORRENC": "NO", "CANALIZADO": "NO", "ALTERACION": "NO", "ZONA_INUND": "NO", "FORM_CAUCE": "Semirecto", "ESTABILID": "Estable", "TP_MARGEN": "Izquierdo", "TP_SOPORTE": "Puente colgante", "LUZ_SOPORT": 76.0, "EST_SOPORT": "Bueno", "EXIST_CABL": "SI", "EST_CABLE": "Bueno", "MACIZO_ANC": "SI", "EST_MACIZO": "Bueno", "ZONA_TRANS": "La longitud de la zona de transición es de 23m y presenta recubrimiento tipo Alquitran de Hulla.", "TP_REVEST": "Alquitran de Hulla", "AREA_REVES": 0.0, "EST_REVEST": "Bueno", "DEFECT_REV": "N.A.", "DSC_EST_TB": "Bueno", "DEFECT_TUB": "N.A.", "EVENTO_GEO": "No", "OBSERVACIO": " ", "EXISTENTE": "SI", "PROFUNDIDA": 0.0, "LATITUD": 4.3311796130000744, "LONGITUD": -73.368211480999946, "ALTITUD": 369.5344999999943, "IMAGEN_1": "C007_IMG_20230912_092001.jpg", "IMAGEN_2": "C007_IMG_20230912_092007.jpg", "IMAGEN_3": "C007_IMG_20230912_092012.jpg", "ID": "CCA-13", "ENTREGA": "E17_R3", "CREC_SUBIT": "NO", "DIR_TUB": "PERPENDICULAR" }, "geometry": { "type": "Point", "coordinates": [ -73.368211480999946, 4.331179613000074, 369.534499999994296 ] } },
{ "type": "Feature", "properties": { "FECHA": "12/09/2023 00:00:00 (UTC)", "DEPTO": "CUNDINAMARCA", "MPIO": "PARATEBUENO", "VEREDA": "SANTA INES", "GASODUCTO": "CUSIANA - APIAY - USME", "TRM_RML": "PK65 - Apiay", "TP_PK": "Inicio", "PK": "118+574", "TP_DUCTO": "Troncal", "DISTRITO": "4", "DIAMETRO": "10", "TRM_REG": "CUSIANA - APIAY", "ZONA": "3", "SENAL_EX": "SI", "FORMA_ACCE": "DDV", "TP_ACCESO": "Vía destapada", "EST_ACCESO": "Bueno", "TP_SECCION": "CRUCE DE CUERPO DE AGUA", "NOM_AGUA": "Caño El Cafuche", "ANCHO_AGUA": 30.0, "TP_AGUA": "Principal", "UBIC_CRUCE": "Llanura", "CM_TORRENC": "NO", "CANALIZADO": "NO", "ALTERACION": "NO", "ZONA_INUND": "NO", "FORM_CAUCE": "Semirecto", "ESTABILID": "Estable", "TP_MARGEN": "Derecho", "TP_SOPORTE": "Puente colgante", "LUZ_SOPORT": 48.0, "EST_SOPORT": "Bueno", "EXIST_CABL": "SI", "EST_CABLE": "Bueno", "MACIZO_ANC": "SI", "EST_MACIZO": "Bueno", "ZONA_TRANS": "La longitud de la zona de transición es de 34m y presenta recubrimiento tipo Alquitran de Hulla.", "TP_REVEST": "Alquitran de Hulla", "AREA_REVES": 0.0, "EST_REVEST": "Bueno", "DEFECT_REV": "N.A.", "DSC_EST_TB": "Bueno", "DEFECT_TUB": "N.A.", "EVENTO_GEO": "No", "OBSERVACIO": " ", "EXISTENTE": "SI", "PROFUNDIDA": 0.0, "LATITUD": 4.3294585490000372, "LONGITUD": -73.372703049999984, "ALTITUD": 308.9293, "IMAGEN_1": "C007_IMG_20230912_100715.jpg", "IMAGEN_2": "C007_IMG_20230912_100721.jpg", "IMAGEN_3": "C007_IMG_20230912_100728.jpg", "ID": "CCA-14", "ENTREGA": "E17_R3", "CREC_SUBIT": "NO", "DIR_TUB": "PERPENDICULAR" }, "geometry": { "type": "Point", "coordinates": [ -73.372703049999984, 4.329458549000037, 308.929300000003423 ] } },
{ "type": "Feature", "properties": { "FECHA": "12/09/2023 00:00:00 (UTC)", "DEPTO": "CUNDINAMARCA", "MPIO": "PARATEBUENO", "VEREDA": "SANTA INES", "GASODUCTO": "CUSIANA - APIAY - USME", "TRM_RML": "PK65 - Apiay", "TP_PK": "Fin", "PK": "118+684", "TP_DUCTO": "Troncal", "DISTRITO": "4", "DIAMETRO": "10", "TRM_REG": "CUSIANA - APIAY", "ZONA": "3", "SENAL_EX": "SI", "FORMA_ACCE": "DDV", "TP_ACCESO": "Vía destapada", "EST_ACCESO": "Bueno", "TP_SECCION": "CRUCE DE CUERPO DE AGUA", "NOM_AGUA": "Caño El Cafuche", "ANCHO_AGUA": 30.0, "TP_AGUA": "Principal", "UBIC_CRUCE": "Llanura", "CM_TORRENC": "NO", "CANALIZADO": "NO", "ALTERACION": "NO", "ZONA_INUND": "NO", "FORM_CAUCE": "Semirecto", "ESTABILID": "Estable", "TP_MARGEN": "Izquierdo", "TP_SOPORTE": "Puente colgante", "LUZ_SOPORT": 48.0, "EST_SOPORT": "Bueno", "EXIST_CABL": "SI", "EST_CABLE": "Bueno", "MACIZO_ANC": "SI", "EST_MACIZO": "Bueno", "ZONA_TRANS": "La longitud de la zona de transición es de 28m y presenta recubrimiento tipo Alquitran de Hulla.", "TP_REVEST": "Alquitran de Hulla", "AREA_REVES": 0.0, "EST_REVEST": "Bueno", "DEFECT_REV": "N.A.", "DSC_EST_TB": "Bueno", "DEFECT_TUB": "N.A.", "EVENTO_GEO": "No", "OBSERVACIO": " ", "EXISTENTE": "SI", "PROFUNDIDA": 0.0, "LATITUD": 4.3289360430000556, "LONGITUD": -73.373606204999987, "ALTITUD": 311.94590000000608, "IMAGEN_1": "C007_IMG_20230912_103229.jpg", "IMAGEN_2": "C007_IMG_20230912_103241.jpg", "IMAGEN_3": "C007_IMG_20230912_103247.jpg", "ID": "CCA-15", "ENTREGA": "E17_R3", "CREC_SUBIT": "NO", "DIR_TUB": "PERPENDICULAR" }, "geometry": { "type": "Point", "coordinates": [ -73.373606204999987, 4.328936043000056, 311.945900000006077 ] } },
{ "type": "Feature", "properties": { "FECHA": "17/09/2023 00:00:00 (UTC)", "DEPTO": "CUNDINAMARCA", "MPIO": "PARATEBUENO", "VEREDA": "MACAPAY ALTO", "GASODUCTO": "CUSIANA - APIAY - USME", "TRM_RML": "PK65 - Apiay", "TP_PK": "Inicio", "PK": "093+237", "TP_DUCTO": "Troncal", "DISTRITO": "4", "DIAMETRO": "10", "TRM_REG": "CUSIANA - APIAY", "ZONA": "3", "SENAL_EX": "SI", "FORMA_ACCE": "DDV", "TP_ACCESO": "Vía destapada", "EST_ACCESO": "Bueno", "TP_SECCION": "CRUCE DE CUERPO DE AGUA", "NOM_AGUA": "Caño NN", "ANCHO_AGUA": 6.0, "TP_AGUA": "Secundaria", "UBIC_CRUCE": "Llanura", "CM_TORRENC": "NO", "CANALIZADO": "NO", "ALTERACION": "NO", "ZONA_INUND": "NO", "FORM_CAUCE": "Semirecto", "ESTABILID": "Estable", "TP_MARGEN": "Izquierdo", "TP_SOPORTE": "Puente colgante", "LUZ_SOPORT": 105.0, "EST_SOPORT": "Bueno", "EXIST_CABL": "SI", "EST_CABLE": "Bueno", "MACIZO_ANC": "SI", "EST_MACIZO": "Bueno", "ZONA_TRANS": "La longitud de la zona de transición es de 34m y presenta recubrimiento tipo Alquitran de Hulla.", "TP_REVEST": "Alquitran de Hulla", "AREA_REVES": 0.0, "EST_REVEST": "Bueno", "DEFECT_REV": "N.A.", "DSC_EST_TB": "Bueno", "DEFECT_TUB": "N.A.", "EVENTO_GEO": "No", "OBSERVACIO": " ", "EXISTENTE": "SI", "PROFUNDIDA": 0.0, "LATITUD": 4.4307410940000409, "LONGITUD": -73.194078717999957, "ALTITUD": 286.9198, "IMAGEN_1": "C007_IMG_20230917_092308.jpg", "IMAGEN_2": "C007_IMG_20230917_092315.jpg", "IMAGEN_3": "C007_IMG_20230917_093018.jpg", "ID": "CCA-16", "ENTREGA": "E17_R3", "CREC_SUBIT": "NO", "DIR_TUB": "PERPENDICULAR" }, "geometry": { "type": "Point", "coordinates": [ -73.194078717999957, 4.430741094000041, 286.919800000003306 ] } },
{ "type": "Feature", "properties": { "FECHA": "17/09/2023 00:00:00 (UTC)", "DEPTO": "CUNDINAMARCA", "MPIO": "PARATEBUENO", "VEREDA": "MACAPAY ALTO", "GASODUCTO": "CUSIANA - APIAY - USME", "TRM_RML": "PK65 - Apiay", "TP_PK": "Fin", "PK": "093+406", "TP_DUCTO": "Troncal", "DISTRITO": "4", "DIAMETRO": "10", "TRM_REG": "CUSIANA - APIAY", "ZONA": "3", "SENAL_EX": "SI", "FORMA_ACCE": "DDV", "TP_ACCESO": "Vía destapada", "EST_ACCESO": "Bueno", "TP_SECCION": "CRUCE DE CUERPO DE AGUA", "NOM_AGUA": "Caño NN", "ANCHO_AGUA": 6.0, "TP_AGUA": "Secundaria", "UBIC_CRUCE": "Llanura", "CM_TORRENC": "NO", "CANALIZADO": "NO", "ALTERACION": "NO", "ZONA_INUND": "NO", "FORM_CAUCE": "Semirecto", "ESTABILID": "Estable", "TP_MARGEN": "Derecho", "TP_SOPORTE": "Puente colgante", "LUZ_SOPORT": 105.0, "EST_SOPORT": "Bueno", "EXIST_CABL": "SI", "EST_CABLE": "Bueno", "MACIZO_ANC": "SI", "EST_MACIZO": "Bueno", "ZONA_TRANS": "La longitud de la zona de transición es de 30m y presenta recubrimiento tipo Alquitran de Hulla.", "TP_REVEST": "Alquitran de Hulla", "AREA_REVES": 0.0, "EST_REVEST": "Bueno", "DEFECT_REV": "N.A.", "DSC_EST_TB": "Bueno", "DEFECT_TUB": "N.A.", "EVENTO_GEO": "No", "OBSERVACIO": " ", "EXISTENTE": "SI", "PROFUNDIDA": 0.0, "LATITUD": 4.4291397260000736, "LONGITUD": -73.195533502999979, "ALTITUD": 286.9722, "IMAGEN_1": "C007_IMG_20230917_094158.jpg", "IMAGEN_2": "C007_IMG_20230917_092936.jpg", "IMAGEN_3": "C007_IMG_20230917_092942.jpg", "ID": "CCA-17", "ENTREGA": "E17_R3", "CREC_SUBIT": "NO", "DIR_TUB": "PERPENDICULAR" }, "geometry": { "type": "Point", "coordinates": [ -73.195533502999979, 4.429139726000074, 286.972200000003795 ] } },
{ "type": "Feature", "properties": { "FECHA": "17/09/2023 00:00:00 (UTC)", "DEPTO": "CUNDINAMARCA", "MPIO": "PARATEBUENO", "VEREDA": "MACAPAY ALTO", "GASODUCTO": "CUSIANA - APIAY - USME", "TRM_RML": "PK65 - Apiay", "TP_PK": "Inicio", "PK": "093+508", "TP_DUCTO": "Troncal", "DISTRITO": "4", "DIAMETRO": "10", "TRM_REG": "CUSIANA - APIAY", "ZONA": "3", "SENAL_EX": "SI", "FORMA_ACCE": "DDV", "TP_ACCESO": "Vía destapada", "EST_ACCESO": "Bueno", "TP_SECCION": "CRUCE DE CUERPO DE AGUA", "NOM_AGUA": "Caño NN", "ANCHO_AGUA": 8.0, "TP_AGUA": "Secundaria", "UBIC_CRUCE": "Llanura", "CM_TORRENC": "NO", "CANALIZADO": "NO", "ALTERACION": "NO", "ZONA_INUND": "NO", "FORM_CAUCE": "Semirecto", "ESTABILID": "Estable", "TP_MARGEN": "Izquierdo", "TP_SOPORTE": "Puente colgante", "LUZ_SOPORT": 137.0, "EST_SOPORT": "Bueno", "EXIST_CABL": "SI", "EST_CABLE": "Bueno", "MACIZO_ANC": "SI", "EST_MACIZO": "Bueno", "ZONA_TRANS": "La longitud de la zona de transición es de 37m y presenta recubrimiento tipo Alquitran de Hulla.", "TP_REVEST": "Alquitran de Hulla", "AREA_REVES": 0.0, "EST_REVEST": "Bueno", "DEFECT_REV": "N.A.", "DSC_EST_TB": "Bueno", "DEFECT_TUB": "N.A.", "EVENTO_GEO": "No", "OBSERVACIO": " ", "EXISTENTE": "SI", "PROFUNDIDA": 0.0, "LATITUD": 4.4288485670000455, "LONGITUD": -73.196748452999941, "ALTITUD": 287.4972, "IMAGEN_1": "C007_IMG_20230917_095208.jpg", "IMAGEN_2": "C007_IMG_20230917_095216.jpg", "IMAGEN_3": "C007_IMG_20230917_095221.jpg", "ID": "CCA-18", "ENTREGA": "E17_R3", "CREC_SUBIT": "SI", "DIR_TUB": "PERPENDICULAR" }, "geometry": { "type": "Point", "coordinates": [ -73.196748452999941, 4.428848567000045, 287.497199999997974 ] } },
{ "type": "Feature", "properties": { "FECHA": "17/09/2023 00:00:00 (UTC)", "DEPTO": "CUNDINAMARCA", "MPIO": "PARATEBUENO", "VEREDA": "MACAPAY ALTO", "GASODUCTO": "CUSIANA - APIAY - USME", "TRM_RML": "PK65 - Apiay", "TP_PK": "Fin", "PK": "093+732", "TP_DUCTO": "Troncal", "DISTRITO": "4", "DIAMETRO": "10", "TRM_REG": "CUSIANA - APIAY", "ZONA": "3", "SENAL_EX": "SI", "FORMA_ACCE": "DDV", "TP_ACCESO": "Vía destapada", "EST_ACCESO": "Bueno", "TP_SECCION": "CRUCE DE CUERPO DE AGUA", "NOM_AGUA": "Caño NN", "ANCHO_AGUA": 8.0, "TP_AGUA": "Secundaria", "UBIC_CRUCE": "Llanura", "CM_TORRENC": "NO", "CANALIZADO": "NO", "ALTERACION": "NO", "ZONA_INUND": "NO", "FORM_CAUCE": "Semirecto", "ESTABILID": "Estable", "TP_MARGEN": "Derecho", "TP_SOPORTE": "Puente colgante", "LUZ_SOPORT": 137.0, "EST_SOPORT": "Bueno", "EXIST_CABL": "SI", "EST_CABLE": "Bueno", "MACIZO_ANC": "SI", "EST_MACIZO": "Bueno", "ZONA_TRANS": "La longitud de la zona de transición es de 60m y presenta recubrimiento tipo Alquitran de Hulla.", "TP_REVEST": "Alquitran de Hulla", "AREA_REVES": 0.0, "EST_REVEST": "Bueno", "DEFECT_REV": "N.A.", "DSC_EST_TB": "Bueno", "DEFECT_TUB": "N.A.", "EVENTO_GEO": "No", "OBSERVACIO": " ", "EXISTENTE": "SI", "PROFUNDIDA": 0.0, "LATITUD": 4.428001881000057, "LONGITUD": -73.198238756999956, "ALTITUD": 293.8125, "IMAGEN_1": "C007_IMG_20230917_100347.jpg", "IMAGEN_2": "C007_IMG_20230917_100405.jpg", "IMAGEN_3": "C007_IMG_20230917_100412.jpg", "ID": "CCA-19", "ENTREGA": "E17_R3", "CREC_SUBIT": "NO", "DIR_TUB": "PERPENDICULAR" }, "geometry": { "type": "Point", "coordinates": [ -73.198238756999956, 4.428001881000057, 293.8125 ] } },
{ "type": "Feature", "properties": { "FECHA": "17/09/2023 00:00:00 (UTC)", "DEPTO": "CUNDINAMARCA", "MPIO": "PARATEBUENO", "VEREDA": "PALOMAS MARARABE", "GASODUCTO": "CUSIANA - APIAY - USME", "TRM_RML": "PK65 - Apiay", "TP_PK": "Inicio", "PK": "095+584", "TP_DUCTO": "Troncal", "DISTRITO": "4", "DIAMETRO": "10", "TRM_REG": "CUSIANA - APIAY", "ZONA": "3", "SENAL_EX": "SI", "FORMA_ACCE": "DDV", "TP_ACCESO": "Sendero a pie", "EST_ACCESO": "Bueno", "TP_SECCION": "CRUCE DE CUERPO DE AGUA", "NOM_AGUA": "Caño NN", "ANCHO_AGUA": 10.0, "TP_AGUA": "Secundaria", "UBIC_CRUCE": "Llanura", "CM_TORRENC": "NO", "CANALIZADO": "NO", "ALTERACION": "NO", "ZONA_INUND": "NO", "FORM_CAUCE": "Semirecto", "ESTABILID": "Estable", "TP_MARGEN": "Izquierdo", "TP_SOPORTE": "Puente colgante", "LUZ_SOPORT": 109.0, "EST_SOPORT": "Bueno", "EXIST_CABL": "SI", "EST_CABLE": "Bueno", "MACIZO_ANC": "SI", "EST_MACIZO": "Bueno", "ZONA_TRANS": "La longitud de la zona de transición es de 36m y presenta recubrimiento tipo Alquitran de Hulla.", "TP_REVEST": "Alquitran de Hulla", "AREA_REVES": 0.0, "EST_REVEST": "Bueno", "DEFECT_REV": "N.A.", "DSC_EST_TB": "Bueno", "DEFECT_TUB": "N.A.", "EVENTO_GEO": "No", "OBSERVACIO": " ", "EXISTENTE": "SI", "PROFUNDIDA": 0.0, "LATITUD": 4.4205576150000638, "LONGITUD": -73.211911413999985, "ALTITUD": 296.8649, "IMAGEN_1": "C007_IMG_20230917_121802.jpg", "IMAGEN_2": "C007_IMG_20230917_121809.jpg", "IMAGEN_3": "C007_IMG_20230917_121814.jpg", "ID": "CCA-20", "ENTREGA": "E17_R3", "CREC_SUBIT": "SI", "DIR_TUB": "PERPENDICULAR" }, "geometry": { "type": "Point", "coordinates": [ -73.211911413999985, 4.420557615000064, 296.864900000000489 ] } },
{ "type": "Feature", "properties": { "FECHA": "17/09/2023 00:00:00 (UTC)", "DEPTO": "CUNDINAMARCA", "MPIO": "PARATEBUENO", "VEREDA": "PALOMAS MARARABE", "GASODUCTO": "CUSIANA - APIAY - USME", "TRM_RML": "PK65 - Apiay", "TP_PK": "Fin", "PK": "095+762", "TP_DUCTO": "Troncal", "DISTRITO": "4", "DIAMETRO": "10", "TRM_REG": "CUSIANA - APIAY", "ZONA": "3", "SENAL_EX": "SI", "FORMA_ACCE": "DDV", "TP_ACCESO": "Sendero a pie", "EST_ACCESO": "Bueno", "TP_SECCION": "CRUCE DE CUERPO DE AGUA", "NOM_AGUA": "Caño NN", "ANCHO_AGUA": 10.0, "TP_AGUA": "Secundaria", "UBIC_CRUCE": "Llanura", "CM_TORRENC": "NO", "CANALIZADO": "NO", "ALTERACION": "NO", "ZONA_INUND": "NO", "FORM_CAUCE": "Semirecto", "ESTABILID": "Estable", "TP_MARGEN": "Derecho", "TP_SOPORTE": "Puente colgante", "LUZ_SOPORT": 109.0, "EST_SOPORT": "Bueno", "EXIST_CABL": "SI", "EST_CABLE": "Bueno", "MACIZO_ANC": "SI", "EST_MACIZO": "Bueno", "ZONA_TRANS": "La longitud de la zona de transición es de 32m y presenta recubrimiento tipo Alquitran de Hulla.", "TP_REVEST": "Alquitran de Hulla", "AREA_REVES": 0.0, "EST_REVEST": "Bueno", "DEFECT_REV": "N.A.", "DSC_EST_TB": "Bueno", "DEFECT_TUB": "N.A.", "EVENTO_GEO": "Si", "OBSERVACIO": " ", "EXISTENTE": "SI", "PROFUNDIDA": 0.0, "LATITUD": 4.4193671560000212, "LONGITUD": -73.212785965999956, "ALTITUD": 306.98850000000675, "IMAGEN_1": "C007_IMG_20230917_122907.jpg", "IMAGEN_2": "C007_IMG_20230917_122913.jpg", "IMAGEN_3": "C007_IMG_20230917_122918.jpg", "ID": "CCA-21", "ENTREGA": "E17_R3", "CREC_SUBIT": "NO", "DIR_TUB": "PERPENDICULAR" }, "geometry": { "type": "Point", "coordinates": [ -73.212785965999956, 4.419367156000021, 306.988500000006752 ] } },
{ "type": "Feature", "properties": { "FECHA": "17/09/2023 00:00:00 (UTC)", "DEPTO": "CUNDINAMARCA", "MPIO": "PARATEBUENO", "VEREDA": "PALOMAS MARARABE", "GASODUCTO": "CUSIANA - APIAY - USME", "TRM_RML": "PK65 - Apiay", "TP_PK": "Inicio", "PK": "096+659", "TP_DUCTO": "Troncal", "DISTRITO": "4", "DIAMETRO": "10", "TRM_REG": "CUSIANA - APIAY", "ZONA": "3", "SENAL_EX": "NO", "FORMA_ACCE": "DDV", "TP_ACCESO": "Sendero a pie", "EST_ACCESO": "Bueno", "TP_SECCION": "CRUCE DE CUERPO DE AGUA", "NOM_AGUA": "Caño Libertad", "ANCHO_AGUA": 6.0, "TP_AGUA": "Secundaria", "UBIC_CRUCE": "Llanura", "CM_TORRENC": "NO", "CANALIZADO": "NO", "ALTERACION": "NO", "ZONA_INUND": "NO", "FORM_CAUCE": "Meandrico", "ESTABILID": "Estable", "TP_MARGEN": "Izquierdo", "TP_SOPORTE": "Marcos H con cables", "LUZ_SOPORT": 25.0, "EST_SOPORT": "Bueno", "EXIST_CABL": "SI", "EST_CABLE": "Bueno", "MACIZO_ANC": "NO", "EST_MACIZO": "Bueno", "ZONA_TRANS": "En buen estado", "TP_REVEST": "Alquitran de Hulla", "AREA_REVES": 0.0, "EST_REVEST": "Bueno", "DEFECT_REV": "N.A.", "DSC_EST_TB": "Bueno", "DEFECT_TUB": "N.A.", "EVENTO_GEO": "No", "OBSERVACIO": " ", "EXISTENTE": "SI", "PROFUNDIDA": 0.0, "LATITUD": 4.4149125090000325, "LONGITUD": -73.219009317999962, "ALTITUD": 309.239, "IMAGEN_1": "C007_IMG_20230917_132603.jpg", "IMAGEN_2": "C007_IMG_20230917_132609.jpg", "IMAGEN_3": "C007_IMG_20230917_132613.jpg", "ID": "CCA-22", "ENTREGA": "E17_R3", "CREC_SUBIT": "SI", "DIR_TUB": "PERPENDICULAR" }, "geometry": { "type": "Point", "coordinates": [ -73.219009317999962, 4.414912509000033, 309.239000000001397 ] } },
{ "type": "Feature", "properties": { "FECHA": "17/09/2023 00:00:00 (UTC)", "DEPTO": "CUNDINAMARCA", "MPIO": "PARATEBUENO", "VEREDA": "PALOMAS MARARABE", "GASODUCTO": "CUSIANA - APIAY - USME", "TRM_RML": "PK65 - Apiay", "TP_PK": "Fin", "PK": "096+673", "TP_DUCTO": "Troncal", "DISTRITO": "4", "DIAMETRO": "10", "TRM_REG": "CUSIANA - APIAY", "ZONA": "3", "SENAL_EX": "SI", "FORMA_ACCE": "DDV", "TP_ACCESO": "Sendero a pie", "EST_ACCESO": "Bueno", "TP_SECCION": "CRUCE DE CUERPO DE AGUA", "NOM_AGUA": "Caño Libertad", "ANCHO_AGUA": 6.0, "TP_AGUA": "Secundaria", "UBIC_CRUCE": "Llanura", "CM_TORRENC": "NO", "CANALIZADO": "NO", "ALTERACION": "NO", "ZONA_INUND": "NO", "FORM_CAUCE": "Meandrico", "ESTABILID": "Inestable", "TP_MARGEN": "Derecho", "TP_SOPORTE": "Marcos H con cables", "LUZ_SOPORT": 25.0, "EST_SOPORT": "Bueno", "EXIST_CABL": "SI", "EST_CABLE": "Bueno", "MACIZO_ANC": "SI", "EST_MACIZO": "Bueno", "ZONA_TRANS": "En buen estado", "TP_REVEST": "Alquitran de Hulla", "AREA_REVES": 0.0, "EST_REVEST": "Bueno", "DEFECT_REV": "N.A.", "DSC_EST_TB": "Bueno", "DEFECT_TUB": "N.A.", "EVENTO_GEO": "Si", "OBSERVACIO": " ", "EXISTENTE": "SI", "PROFUNDIDA": 0.0, "LATITUD": 4.4148418550000201, "LONGITUD": -73.219099058999973, "ALTITUD": 308.74099999999453, "IMAGEN_1": "C007_IMG_20230917_133026.jpg", "IMAGEN_2": "C007_IMG_20230917_133032.jpg", "IMAGEN_3": "C007_IMG_20230917_133038.jpg", "ID": "CCA-23", "ENTREGA": "E17_R3", "CREC_SUBIT": "SI", "DIR_TUB": "PERPENDICULAR" }, "geometry": { "type": "Point", "coordinates": [ -73.219099058999973, 4.41484185500002, 308.740999999994528 ] } },
{ "type": "Feature", "properties": { "FECHA": "17/09/2023 00:00:00 (UTC)", "DEPTO": "CUNDINAMARCA", "MPIO": "PARATEBUENO", "VEREDA": "QUIENQUITA", "GASODUCTO": "CUSIANA - APIAY - USME", "TRM_RML": "PK65 - Apiay", "TP_PK": "Inicio", "PK": "097+223", "TP_DUCTO": "Troncal", "DISTRITO": "4", "DIAMETRO": "10", "TRM_REG": "CUSIANA - APIAY", "ZONA": "3", "SENAL_EX": "NO", "FORMA_ACCE": "DDV", "TP_ACCESO": "Sendero a pie", "EST_ACCESO": "Bueno", "TP_SECCION": "CRUCE DE CUERPO DE AGUA", "NOM_AGUA": "Caño Banco", "ANCHO_AGUA": 10.0, "TP_AGUA": "Secundaria", "UBIC_CRUCE": "Llanura", "CM_TORRENC": "NO", "CANALIZADO": "NO", "ALTERACION": "NO", "ZONA_INUND": "NO", "FORM_CAUCE": "Semirecto", "ESTABILID": "Estable", "TP_MARGEN": "Izquierdo", "TP_SOPORTE": "Puente colgante", "LUZ_SOPORT": 101.0, "EST_SOPORT": "Bueno", "EXIST_CABL": "SI", "EST_CABLE": "Bueno", "MACIZO_ANC": "SI", "EST_MACIZO": "Bueno", "ZONA_TRANS": "La longitud de la zona de transición es de 32m y presenta recubrimiento tipo Alquitran de Hulla.", "TP_REVEST": "Alquitran de Hulla", "AREA_REVES": 0.0, "EST_REVEST": "Bueno", "DEFECT_REV": "N.A.", "DSC_EST_TB": "Bueno", "DEFECT_TUB": "N.A.", "EVENTO_GEO": "No", "OBSERVACIO": " ", "EXISTENTE": "SI", "PROFUNDIDA": 0.0, "LATITUD": 4.4118740980000553, "LONGITUD": -73.222890273999951, "ALTITUD": 315.5866, "IMAGEN_1": "C007_IMG_20230917_141534.jpg", "IMAGEN_2": "C007_IMG_20230917_141541.jpg", "IMAGEN_3": "C007_IMG_20230917_141546.jpg", "ID": "CCA-24", "ENTREGA": "E17_R3", "CREC_SUBIT": "NO", "DIR_TUB": "PERPENDICULAR" }, "geometry": { "type": "Point", "coordinates": [ -73.222890273999951, 4.411874098000055, 315.586599999995087 ] } },
{ "type": "Feature", "properties": { "FECHA": "17/09/2023 00:00:00 (UTC)", "DEPTO": "CUNDINAMARCA", "MPIO": "PARATEBUENO", "VEREDA": "QUIENQUITA", "GASODUCTO": "CUSIANA - APIAY - USME", "TRM_RML": "PK65 - Apiay", "TP_PK": "Fin", "PK": "097+400", "TP_DUCTO": "Troncal", "DISTRITO": "4", "DIAMETRO": "10", "TRM_REG": "CUSIANA - APIAY", "ZONA": "3", "SENAL_EX": "SI", "FORMA_ACCE": "DDV", "TP_ACCESO": "Sendero a pie", "EST_ACCESO": "Bueno", "TP_SECCION": "CRUCE DE CUERPO DE AGUA", "NOM_AGUA": "Caño Banco", "ANCHO_AGUA": 10.0, "TP_AGUA": "Secundaria", "UBIC_CRUCE": "Llanura", "CM_TORRENC": "NO", "CANALIZADO": "NO", "ALTERACION": "NO", "ZONA_INUND": "NO", "FORM_CAUCE": "Semirecto", "ESTABILID": "Estable", "TP_MARGEN": "Derecho", "TP_SOPORTE": "Puente colgante", "LUZ_SOPORT": 101.0, "EST_SOPORT": "Bueno", "EXIST_CABL": "SI", "EST_CABLE": "Bueno", "MACIZO_ANC": "SI", "EST_MACIZO": "Bueno", "ZONA_TRANS": "La longitud de la zona de transición es de 44m y presenta recubrimiento tipo Alquitran de Hulla.", "TP_REVEST": "Alquitran de Hulla", "AREA_REVES": 0.0, "EST_REVEST": "Bueno", "DEFECT_REV": "N.A.", "DSC_EST_TB": "Bueno", "DEFECT_TUB": "N.A.", "EVENTO_GEO": "No", "OBSERVACIO": " ", "EXISTENTE": "SI", "PROFUNDIDA": 0.0, "LATITUD": 4.4107172280000668, "LONGITUD": -73.224347030999979, "ALTITUD": 318.9406, "IMAGEN_1": "C007_IMG_20230917_142125.jpg", "IMAGEN_2": "C007_IMG_20230917_142132.jpg", "IMAGEN_3": "C007_IMG_20230917_142144.jpg", "ID": "CCA-25", "ENTREGA": "E17_R3", "CREC_SUBIT": "NO", "DIR_TUB": "PERPENDICULAR" }, "geometry": { "type": "Point", "coordinates": [ -73.224347030999979, 4.410717228000067, 318.940600000001723 ] } },
{ "type": "Feature", "properties": { "FECHA": "17/09/2023 00:00:00 (UTC)", "DEPTO": "CUNDINAMARCA", "MPIO": "PARATEBUENO", "VEREDA": "BRASILIA", "GASODUCTO": "CUSIANA - APIAY - USME", "TRM_RML": "PK65 - Apiay", "TP_PK": "Inicio", "PK": "098+398", "TP_DUCTO": "Troncal", "DISTRITO": "4", "DIAMETRO": "10", "TRM_REG": "CUSIANA - APIAY", "ZONA": "3", "SENAL_EX": "SI", "FORMA_ACCE": "DDV", "TP_ACCESO": "Sendero a pie", "EST_ACCESO": "Bueno", "TP_SECCION": "CRUCE DE CUERPO DE AGUA", "NOM_AGUA": "Caño Algarrobo", "ANCHO_AGUA": 10.0, "TP_AGUA": "Secundaria", "UBIC_CRUCE": "Llanura", "CM_TORRENC": "NO", "CANALIZADO": "NO", "ALTERACION": "NO", "ZONA_INUND": "NO", "FORM_CAUCE": "Semirecto", "ESTABILID": "Estable", "TP_MARGEN": "Izquierdo", "TP_SOPORTE": "Puente colgante", "LUZ_SOPORT": 53.0, "EST_SOPORT": "Regular", "EXIST_CABL": "SI", "EST_CABLE": "Malo", "MACIZO_ANC": "SI", "EST_MACIZO": "Bueno", "ZONA_TRANS": "La longitud de la zona de transición es de 44m y presenta recubrimiento tipo Alquitran de Hulla.", "TP_REVEST": "Alquitran de Hulla", "AREA_REVES": 0.0, "EST_REVEST": "Bueno", "DEFECT_REV": "N.A.", "DSC_EST_TB": "Bueno", "DEFECT_TUB": "N.A.", "EVENTO_GEO": "No", "OBSERVACIO": "La torre del puente colgante al inicio del cruce aéreo presenta una aleta suelta y con corrosión generalizada", "EXISTENTE": "SI", "PROFUNDIDA": 0.0, "LATITUD": 4.4045261130000313, "LONGITUD": -73.231367281999951, "ALTITUD": 304.32180000000517, "IMAGEN_1": "C007_IMG_20230917_152005.jpg", "IMAGEN_2": "C007_IMG_20230917_151621.jpg", "IMAGEN_3": "C007_IMG_20230917_151629.jpg", "ID": "CCA-26", "ENTREGA": "E17_R3", "CREC_SUBIT": "NO", "DIR_TUB": "PERPENDICULAR" }, "geometry": { "type": "Point", "coordinates": [ -73.231367281999951, 4.404526113000031, 304.321800000005169 ] } },
{ "type": "Feature", "properties": { "FECHA": "17/09/2023 00:00:00 (UTC)", "DEPTO": "CUNDINAMARCA", "MPIO": "PARATEBUENO", "VEREDA": "BRASILIA", "GASODUCTO": "CUSIANA - APIAY - USME", "TRM_RML": "PK65 - Apiay", "TP_PK": "Fin", "PK": "098+528", "TP_DUCTO": "Troncal", "DISTRITO": "4", "DIAMETRO": "10", "TRM_REG": "CUSIANA - APIAY", "ZONA": "3", "SENAL_EX": "SI", "FORMA_ACCE": "DDV", "TP_ACCESO": "Sendero a pie", "EST_ACCESO": "Bueno", "TP_SECCION": "CRUCE DE CUERPO DE AGUA", "NOM_AGUA": "Caño Algarrobo", "ANCHO_AGUA": 10.0, "TP_AGUA": "Secundaria", "UBIC_CRUCE": "Llanura", "CM_TORRENC": "NO", "CANALIZADO": "NO", "ALTERACION": "NO", "ZONA_INUND": "NO", "FORM_CAUCE": "Semirecto", "ESTABILID": "Estable", "TP_MARGEN": "Derecho", "TP_SOPORTE": "Puente colgante", "LUZ_SOPORT": 53.0, "EST_SOPORT": "Bueno", "EXIST_CABL": "SI", "EST_CABLE": "Bueno", "MACIZO_ANC": "SI", "EST_MACIZO": "Bueno", "ZONA_TRANS": "La longitud de la zona de transición es de 33m y presenta recubrimiento tipo Alquitran de Hulla.", "TP_REVEST": "Alquitran de Hulla", "AREA_REVES": 0.0, "EST_REVEST": "Bueno", "DEFECT_REV": "N.A.", "DSC_EST_TB": "Bueno", "DEFECT_TUB": "N.A.", "EVENTO_GEO": "Si", "OBSERVACIO": " ", "EXISTENTE": "SI", "PROFUNDIDA": 0.0, "LATITUD": 4.4044316750000689, "LONGITUD": -73.232359851999945, "ALTITUD": 300.90760000000591, "IMAGEN_1": "C007_IMG_20230917_153059.jpg", "IMAGEN_2": "C007_IMG_20230917_153113.jpg", "IMAGEN_3": "C007_IMG_20230917_153119.jpg", "ID": "CCA-27", "ENTREGA": "E17_R3", "CREC_SUBIT": "NO", "DIR_TUB": "PERPENDICULAR" }, "geometry": { "type": "Point", "coordinates": [ -73.232359851999945, 4.404431675000069, 300.907600000005914 ] } },
{ "type": "Feature", "properties": { "FECHA": "17/09/2023 00:00:00 (UTC)", "DEPTO": "CUNDINAMARCA", "MPIO": "PARATEBUENO", "VEREDA": "BRASILIA", "GASODUCTO": "CUSIANA - APIAY - USME", "TRM_RML": "PK65 - Apiay", "TP_PK": "Inicio", "PK": "098+648", "TP_DUCTO": "Troncal", "DISTRITO": "4", "DIAMETRO": "10", "TRM_REG": "CUSIANA - APIAY", "ZONA": "3", "SENAL_EX": "SI", "FORMA_ACCE": "DDV", "TP_ACCESO": "Sendero a pie", "EST_ACCESO": "Bueno", "TP_SECCION": "CRUCE DE CUERPO DE AGUA", "NOM_AGUA": "Caño NN", "ANCHO_AGUA": 10.0, "TP_AGUA": "Secundaria", "UBIC_CRUCE": "Llanura", "CM_TORRENC": "NO", "CANALIZADO": "NO", "ALTERACION": "NO", "ZONA_INUND": "NO", "FORM_CAUCE": "Meandrico", "ESTABILID": "Estable", "TP_MARGEN": "Izquierdo", "TP_SOPORTE": "Marcos H con cables", "LUZ_SOPORT": 18.0, "EST_SOPORT": "Bueno", "EXIST_CABL": "SI", "EST_CABLE": "Bueno", "MACIZO_ANC": "SI", "EST_MACIZO": "Bueno", "ZONA_TRANS": "En buen estado", "TP_REVEST": "Alquitran de Hulla", "AREA_REVES": 0.0, "EST_REVEST": "Bueno", "DEFECT_REV": "N.A.", "DSC_EST_TB": "Bueno", "DEFECT_TUB": "N.A.", "EVENTO_GEO": "No", "OBSERVACIO": "REVISAR UBICACION CRUCE AEREO, SOPORTES Y SEÑALES?", "EXISTENTE": "SI", "PROFUNDIDA": 0.0, "LATITUD": 4.4038585910000734, "LONGITUD": -73.23309398899994, "ALTITUD": 298.2604, "IMAGEN_1": "C007_IMG_20230917_154122.jpg", "IMAGEN_2": "C007_IMG_20230917_154219.jpg", "IMAGEN_3": "C007_IMG_20230917_154229.jpg", "ID": "CCA-28", "ENTREGA": "E17_R3", "CREC_SUBIT": "NO", "DIR_TUB": "PERPENDICULAR" }, "geometry": { "type": "Point", "coordinates": [ -73.23309398899994, 4.403858591000073, 298.260399999999208 ] } },
{ "type": "Feature", "properties": { "FECHA": "17/09/2023 00:00:00 (UTC)", "DEPTO": "CUNDINAMARCA", "MPIO": "PARATEBUENO", "VEREDA": "BRASILIA", "GASODUCTO": "CUSIANA - APIAY - USME", "TRM_RML": "PK65 - Apiay", "TP_PK": "Fin", "PK": "098+662", "TP_DUCTO": "Troncal", "DISTRITO": "4", "DIAMETRO": "10", "TRM_REG": "CUSIANA - APIAY", "ZONA": "3", "SENAL_EX": "SI", "FORMA_ACCE": "DDV", "TP_ACCESO": "Sendero a pie", "EST_ACCESO": "Bueno", "TP_SECCION": "CRUCE DE CUERPO DE AGUA", "NOM_AGUA": "Caño NN", "ANCHO_AGUA": 10.0, "TP_AGUA": "Secundaria", "UBIC_CRUCE": "Llanura", "CM_TORRENC": "NO", "CANALIZADO": "NO", "ALTERACION": "NO", "ZONA_INUND": "NO", "FORM_CAUCE": "Meandrico", "ESTABILID": "Estable", "TP_MARGEN": "Derecho", "TP_SOPORTE": "Marcos H con cables", "LUZ_SOPORT": 18.0, "EST_SOPORT": "Bueno", "EXIST_CABL": "SI", "EST_CABLE": "Bueno", "MACIZO_ANC": "SI", "EST_MACIZO": "Bueno", "ZONA_TRANS": "En buen estado", "TP_REVEST": "Alquitran de Hulla", "AREA_REVES": 0.0, "EST_REVEST": "Bueno", "DEFECT_REV": "N.A.", "DSC_EST_TB": "Bueno", "DEFECT_TUB": "N.A.", "EVENTO_GEO": "No", "OBSERVACIO": "REVISAR UBICACION CRUCE AEREO, SOPORTES Y SEÑALES?", "EXISTENTE": "SI", "PROFUNDIDA": 0.0, "LATITUD": 4.4037941740000406, "LONGITUD": -73.23318354099996, "ALTITUD": 299.71219999999448, "IMAGEN_1": "C007_IMG_20230917_155549.jpg", "IMAGEN_2": "C007_IMG_20230917_155641.jpg", "IMAGEN_3": "C007_IMG_20230917_155701.jpg", "ID": "CCA-29", "ENTREGA": "E17_R3", "CREC_SUBIT": "NO", "DIR_TUB": "PERPENDICULAR" }, "geometry": { "type": "Point", "coordinates": [ -73.23318354099996, 4.403794174000041, 299.712199999994482 ] } },
{ "type": "Feature", "properties": { "FECHA": "15/09/2023 00:00:00 (UTC)", "DEPTO": "CUNDINAMARCA", "MPIO": "PARATEBUENO", "VEREDA": "LA EUROPA", "GASODUCTO": "CUSIANA - APIAY - USME", "TRM_RML": "PK65 - Apiay", "TP_PK": "Inicio", "PK": "101+987", "TP_DUCTO": "Troncal", "DISTRITO": "4", "DIAMETRO": "10", "TRM_REG": "CUSIANA - APIAY", "ZONA": "3", "SENAL_EX": "SI", "FORMA_ACCE": "DDV", "TP_ACCESO": "Vía destapada", "EST_ACCESO": "Bueno", "TP_SECCION": "CRUCE DE CUERPO DE AGUA", "NOM_AGUA": "Caño Naguaya", "ANCHO_AGUA": 20.0, "TP_AGUA": "Secundaria", "UBIC_CRUCE": "Llanura", "CM_TORRENC": "NO", "CANALIZADO": "NO", "ALTERACION": "NO", "ZONA_INUND": "NO", "FORM_CAUCE": "Semirecto", "ESTABILID": "Estable", "TP_MARGEN": "Izquierdo", "TP_SOPORTE": "Puente colgante", "LUZ_SOPORT": 85.0, "EST_SOPORT": "Bueno", "EXIST_CABL": "SI", "EST_CABLE": "Bueno", "MACIZO_ANC": "SI", "EST_MACIZO": "Bueno", "ZONA_TRANS": "La longitud de la zona de transición es de 21m y presenta recubrimiento tipo Alquitran de Hulla.", "TP_REVEST": "Alquitran de Hulla", "AREA_REVES": 0.0, "EST_REVEST": "Bueno", "DEFECT_REV": "N.A.", "DSC_EST_TB": "Bueno", "DEFECT_TUB": "N.A.", "EVENTO_GEO": "No", "OBSERVACIO": " ", "EXISTENTE": "SI", "PROFUNDIDA": 0.0, "LATITUD": 4.3912545190000287, "LONGITUD": -73.259420359999979, "ALTITUD": 315.413, "IMAGEN_1": "C007_IMG_20230915_113101.jpg", "IMAGEN_2": "C007_IMG_20230915_113107.jpg", "IMAGEN_3": "C007_IMG_20230915_113113.jpg", "ID": "CCA-30", "ENTREGA": "E17_R3", "CREC_SUBIT": "NO", "DIR_TUB": "PERPENDICULAR" }, "geometry": { "type": "Point", "coordinates": [ -73.259420359999979, 4.391254519000029, 315.413000000000466 ] } },
{ "type": "Feature", "properties": { "FECHA": "15/09/2023 00:00:00 (UTC)", "DEPTO": "CUNDINAMARCA", "MPIO": "PARATEBUENO", "VEREDA": "LA EUROPA", "GASODUCTO": "CUSIANA - APIAY - USME", "TRM_RML": "PK65 - Apiay", "TP_PK": "Fin", "PK": "102+125", "TP_DUCTO": "Troncal", "DISTRITO": "4", "DIAMETRO": "10", "TRM_REG": "CUSIANA - APIAY", "ZONA": "3", "SENAL_EX": "NO", "FORMA_ACCE": "DDV", "TP_ACCESO": "Vía destapada", "EST_ACCESO": "Bueno", "TP_SECCION": "CRUCE DE CUERPO DE AGUA", "NOM_AGUA": "Caño Naguaya", "ANCHO_AGUA": 20.0, "TP_AGUA": "Secundaria", "UBIC_CRUCE": "Llanura", "CM_TORRENC": "NO", "CANALIZADO": "NO", "ALTERACION": "NO", "ZONA_INUND": "NO", "FORM_CAUCE": "Semirecto", "ESTABILID": "Estable", "TP_MARGEN": "Derecho", "TP_SOPORTE": "Puente colgante", "LUZ_SOPORT": 85.0, "EST_SOPORT": "Bueno", "EXIST_CABL": "SI", "EST_CABLE": "Bueno", "MACIZO_ANC": "SI", "EST_MACIZO": "Bueno", "ZONA_TRANS": "La longitud de la zona de transición es de 37m y presenta recubrimiento tipo Alquitran de Hulla.", "TP_REVEST": "Alquitran de Hulla", "AREA_REVES": 0.0, "EST_REVEST": "Bueno", "DEFECT_REV": "N.A.", "DSC_EST_TB": "Bueno", "DEFECT_TUB": "N.A.", "EVENTO_GEO": "No", "OBSERVACIO": " ", "EXISTENTE": "SI", "PROFUNDIDA": 0.0, "LATITUD": 4.3905835560000241, "LONGITUD": -73.26051427699997, "ALTITUD": 315.16220000000612, "IMAGEN_1": "C007_IMG_20230915_113855.jpg", "IMAGEN_2": "C007_IMG_20230915_113841.jpg", "IMAGEN_3": "C007_IMG_20230915_113847.jpg", "ID": "CCA-31", "ENTREGA": "E17_R3", "CREC_SUBIT": "NO", "DIR_TUB": "PERPENDICULAR" }, "geometry": { "type": "Point", "coordinates": [ -73.26051427699997, 4.390583556000024, 315.162200000006123 ] } },
{ "type": "Feature", "properties": { "FECHA": "16/09/2023 00:00:00 (UTC)", "DEPTO": "CUNDINAMARCA", "MPIO": "PARATEBUENO", "VEREDA": "LA EUROPA", "GASODUCTO": "CUSIANA - APIAY - USME", "TRM_RML": "PK65 - Apiay", "TP_PK": "Inicio", "PK": "104+024", "TP_DUCTO": "Troncal", "DISTRITO": "4", "DIAMETRO": "10", "TRM_REG": "CUSIANA - APIAY", "ZONA": "3", "SENAL_EX": "SI", "FORMA_ACCE": "DDV", "TP_ACCESO": "Vía destapada", "EST_ACCESO": "Bueno", "TP_SECCION": "CRUCE DE CUERPO DE AGUA", "NOM_AGUA": "Caño Los Muertos", "ANCHO_AGUA": 10.0, "TP_AGUA": "Otro", "UBIC_CRUCE": "Llanura", "CM_TORRENC": "NO", "CANALIZADO": "NO", "ALTERACION": "NO", "ZONA_INUND": "NO", "FORM_CAUCE": "Semirecto", "ESTABILID": "Estable", "TP_MARGEN": "Izquierdo", "TP_SOPORTE": "Puente colgante", "LUZ_SOPORT": 84.0, "EST_SOPORT": "Bueno", "EXIST_CABL": "SI", "EST_CABLE": "Bueno", "MACIZO_ANC": "SI", "EST_MACIZO": "Bueno", "ZONA_TRANS": "La longitud de la zona de transición es de 35m y presenta recubrimiento tipo Alquitran de Hulla.", "TP_REVEST": "Alquitran de Hulla", "AREA_REVES": 0.0, "EST_REVEST": "Bueno", "DEFECT_REV": "N.A.", "DSC_EST_TB": "Bueno", "DEFECT_TUB": "N.A.", "EVENTO_GEO": "No", "OBSERVACIO": " ", "EXISTENTE": "SI", "PROFUNDIDA": 0.0, "LATITUD": 4.38712586500003, "LONGITUD": -73.277675141999964, "ALTITUD": 294.8691, "IMAGEN_1": "C007_IMG_20230916_083157.jpg", "IMAGEN_2": "C007_IMG_20230916_083204.jpg", "IMAGEN_3": "C007_IMG_20230916_083209.jpg", "ID": "CCA-32", "ENTREGA": "E17_R3", "CREC_SUBIT": "NO", "DIR_TUB": "PERPENDICULAR" }, "geometry": { "type": "Point", "coordinates": [ -73.277675141999964, 4.38712586500003, 294.869099999996251 ] } },
{ "type": "Feature", "properties": { "FECHA": "16/09/2023 00:00:00 (UTC)", "DEPTO": "CUNDINAMARCA", "MPIO": "PARATEBUENO", "VEREDA": "LA EUROPA", "GASODUCTO": "CUSIANA - APIAY - USME", "TRM_RML": "PK65 - Apiay", "TP_PK": "Fin", "PK": "104+192", "TP_DUCTO": "Troncal", "DISTRITO": "4", "DIAMETRO": "10", "TRM_REG": "CUSIANA - APIAY", "ZONA": "3", "SENAL_EX": "SI", "FORMA_ACCE": "DDV", "TP_ACCESO": "Vía destapada", "EST_ACCESO": "Bueno", "TP_SECCION": "CRUCE DE CUERPO DE AGUA", "NOM_AGUA": "Caño Los Muertos", "ANCHO_AGUA": 10.0, "TP_AGUA": "Otro", "UBIC_CRUCE": "Llanura", "CM_TORRENC": "NO", "CANALIZADO": "NO", "ALTERACION": "NO", "ZONA_INUND": "NO", "FORM_CAUCE": "Semirecto", "ESTABILID": "Estable", "TP_MARGEN": "Derecho", "TP_SOPORTE": "Puente colgante", "LUZ_SOPORT": 84.0, "EST_SOPORT": "Bueno", "EXIST_CABL": "SI", "EST_CABLE": "Bueno", "MACIZO_ANC": "SI", "EST_MACIZO": "Bueno", "ZONA_TRANS": "La longitud de la zona de transición es de 50m y presenta recubrimiento tipo Alquitran de Hulla.", "TP_REVEST": "Alquitran de Hulla", "AREA_REVES": 0.0, "EST_REVEST": "Bueno", "DEFECT_REV": "N.A.", "DSC_EST_TB": "Bueno", "DEFECT_TUB": "N.A.", "EVENTO_GEO": "No", "OBSERVACIO": " ", "EXISTENTE": "SI", "PROFUNDIDA": 0.0, "LATITUD": 4.3878274140000713, "LONGITUD": -73.278897910999945, "ALTITUD": 298.4997, "IMAGEN_1": "C007_IMG_20230916_084139.jpg", "IMAGEN_2": "C007_IMG_20230916_084144.jpg", "IMAGEN_3": "C007_IMG_20230916_084150.jpg", "ID": "CCA-33", "ENTREGA": "E17_R3", "CREC_SUBIT": "SI", "DIR_TUB": "PERPENDICULAR" }, "geometry": { "type": "Point", "coordinates": [ -73.278897910999945, 4.387827414000071, 298.499700000000303 ] } },
{ "type": "Feature", "properties": { "FECHA": "16/09/2023 00:00:00 (UTC)", "DEPTO": "CUNDINAMARCA", "MPIO": "PARATEBUENO", "VEREDA": "LA EUROPA", "GASODUCTO": "CUSIANA - APIAY - USME", "TRM_RML": "PK65 - Apiay", "TP_PK": "Inicio", "PK": "105+573", "TP_DUCTO": "Troncal", "DISTRITO": "4", "DIAMETRO": "10", "TRM_REG": "CUSIANA - APIAY", "ZONA": "3", "SENAL_EX": "SI", "FORMA_ACCE": "DDV", "TP_ACCESO": "Vía destapada", "EST_ACCESO": "Bueno", "TP_SECCION": "CRUCE DE CUERPO DE AGUA", "NOM_AGUA": "Río Humea", "ANCHO_AGUA": 120.0, "TP_AGUA": "Principal", "UBIC_CRUCE": "Llanura", "CM_TORRENC": "NO", "CANALIZADO": "NO", "ALTERACION": "NO", "ZONA_INUND": "NO", "FORM_CAUCE": "Semirecto", "ESTABILID": "Estable", "TP_MARGEN": "Izquierdo", "TP_SOPORTE": "Puente colgante", "LUZ_SOPORT": 181.0, "EST_SOPORT": "Bueno", "EXIST_CABL": "SI", "EST_CABLE": "Bueno", "MACIZO_ANC": "SI", "EST_MACIZO": "Bueno", "ZONA_TRANS": "La longitud de la zona de transición es de 63m y presenta recubrimiento tipo Alquitran de Hulla.", "TP_REVEST": "Alquitran de Hulla", "AREA_REVES": 0.0, "EST_REVEST": "Bueno", "DEFECT_REV": "N.A.", "DSC_EST_TB": "Bueno", "DEFECT_TUB": "N.A.", "EVENTO_GEO": "No", "OBSERVACIO": " ", "EXISTENTE": "SI", "PROFUNDIDA": 0.0, "LATITUD": 4.3907190650000416, "LONGITUD": -73.290344384999969, "ALTITUD": 287.89569999999367, "IMAGEN_1": "C007_IMG_20230916_102806.jpg", "IMAGEN_2": "C007_IMG_20230916_102813.jpg", "IMAGEN_3": "C007_IMG_20230916_102822.jpg", "ID": "CCA-34", "ENTREGA": "E17_R3", "CREC_SUBIT": "NO", "DIR_TUB": "PERPENDICULAR" }, "geometry": { "type": "Point", "coordinates": [ -73.290344384999969, 4.390719065000042, 287.895699999993667 ] } },
{ "type": "Feature", "properties": { "FECHA": "14/09/2023 00:00:00 (UTC)", "DEPTO": "CUNDINAMARCA", "MPIO": "PARATEBUENO", "VEREDA": "JAPON", "GASODUCTO": "CUSIANA - APIAY - USME", "TRM_RML": "PK65 - Apiay", "TP_PK": "Fin", "PK": "105+896", "TP_DUCTO": "Troncal", "DISTRITO": "4", "DIAMETRO": "10", "TRM_REG": "CUSIANA - APIAY", "ZONA": "3", "SENAL_EX": "SI", "FORMA_ACCE": "DDV", "TP_ACCESO": "Vía destapada", "EST_ACCESO": "Bueno", "TP_SECCION": "CRUCE DE CUERPO DE AGUA", "NOM_AGUA": "Río Humea", "ANCHO_AGUA": 120.0, "TP_AGUA": "Principal", "UBIC_CRUCE": "Llanura", "CM_TORRENC": "NO", "CANALIZADO": "NO", "ALTERACION": "NO", "ZONA_INUND": "NO", "FORM_CAUCE": "Semirecto", "ESTABILID": "Estable", "TP_MARGEN": "Derecho", "TP_SOPORTE": "Puente colgante", "LUZ_SOPORT": 181.0, "EST_SOPORT": "Bueno", "EXIST_CABL": "SI", "EST_CABLE": "Bueno", "MACIZO_ANC": "SI", "EST_MACIZO": "Bueno", "ZONA_TRANS": "La longitud de la zona de transición es de 73m y presenta recubrimiento tipo Alquitran de Hulla.", "TP_REVEST": "Alquitran de Hulla", "AREA_REVES": 0.0, "EST_REVEST": "Bueno", "DEFECT_REV": "N.A.", "DSC_EST_TB": "Bueno", "DEFECT_TUB": "N.A.", "EVENTO_GEO": "Si", "OBSERVACIO": " ", "EXISTENTE": "SI", "PROFUNDIDA": 0.0, "LATITUD": 4.3902287920000731, "LONGITUD": -73.293189425999969, "ALTITUD": 287.2392, "IMAGEN_1": "C007_IMG_20230914_081925.jpg", "IMAGEN_2": "C007_IMG_20230914_081934.jpg", "IMAGEN_3": "C007_IMG_20230914_081940.jpg", "ID": "CCA-35", "ENTREGA": "E17_R3", "CREC_SUBIT": "SI", "DIR_TUB": "PERPENDICULAR" }, "geometry": { "type": "Point", "coordinates": [ -73.293189425999969, 4.390228792000073, 287.239199999996345 ] } },
{ "type": "Feature", "properties": { "FECHA": "14/09/2023 00:00:00 (UTC)", "DEPTO": "CUNDINAMARCA", "MPIO": "PARATEBUENO", "VEREDA": "JAPON", "GASODUCTO": "CUSIANA - APIAY - USME", "TRM_RML": "PK65 - Apiay", "TP_PK": "Inicio", "PK": "106+163", "TP_DUCTO": "Troncal", "DISTRITO": "4", "DIAMETRO": "10", "TRM_REG": "CUSIANA - APIAY", "ZONA": "3", "SENAL_EX": "SI", "FORMA_ACCE": "DDV", "TP_ACCESO": "Vía destapada", "EST_ACCESO": "Bueno", "TP_SECCION": "CRUCE DE CUERPO DE AGUA", "NOM_AGUA": "Caño Arenal", "ANCHO_AGUA": 15.0, "TP_AGUA": "Secundaria", "UBIC_CRUCE": "Llanura", "CM_TORRENC": "NO", "CANALIZADO": "NO", "ALTERACION": "NO", "ZONA_INUND": "NO", "FORM_CAUCE": "Semirecto", "ESTABILID": "Estable", "TP_MARGEN": "Izquierdo", "TP_SOPORTE": "Puente colgante", "LUZ_SOPORT": 113.0, "EST_SOPORT": "Bueno", "EXIST_CABL": "SI", "EST_CABLE": "Bueno", "MACIZO_ANC": "SI", "EST_MACIZO": "Bueno", "ZONA_TRANS": "La longitud de la zona de transición es de 35m y presenta recubrimiento tipo Alquitran de Hulla.", "TP_REVEST": "Alquitran de Hulla", "AREA_REVES": 0.0, "EST_REVEST": "Bueno", "DEFECT_REV": "N.A.", "DSC_EST_TB": "Bueno", "DEFECT_TUB": "N.A.", "EVENTO_GEO": "No", "OBSERVACIO": " ", "EXISTENTE": "SI", "PROFUNDIDA": 0.0, "LATITUD": 4.3900028060000409, "LONGITUD": -73.295478025999955, "ALTITUD": 298.8615, "IMAGEN_1": "C007_IMG_20230914_085755.jpg", "IMAGEN_2": "C007_IMG_20230914_085751.jpg", "IMAGEN_3": "C007_IMG_20230914_085744.jpg", "ID": "CCA-36", "ENTREGA": "E17_R3", "CREC_SUBIT": "NO", "DIR_TUB": "PERPENDICULAR" }, "geometry": { "type": "Point", "coordinates": [ -73.295478025999955, 4.390002806000041, 298.861499999999069 ] } },
{ "type": "Feature", "properties": { "FECHA": "14/09/2023 00:00:00 (UTC)", "DEPTO": "CUNDINAMARCA", "MPIO": "PARATEBUENO", "VEREDA": "JAPON", "GASODUCTO": "CUSIANA - APIAY - USME", "TRM_RML": "PK65 - Apiay", "TP_PK": "Fin", "PK": "106+343", "TP_DUCTO": "Troncal", "DISTRITO": "4", "DIAMETRO": "10", "TRM_REG": "CUSIANA - APIAY", "ZONA": "3", "SENAL_EX": "NO", "FORMA_ACCE": "DDV", "TP_ACCESO": "Vía destapada", "EST_ACCESO": "Bueno", "TP_SECCION": "CRUCE DE CUERPO DE AGUA", "NOM_AGUA": "Caño Arenal", "ANCHO_AGUA": 15.0, "TP_AGUA": "Secundaria", "UBIC_CRUCE": "Llanura", "CM_TORRENC": "NO", "CANALIZADO": "NO", "ALTERACION": "NO", "ZONA_INUND": "NO", "FORM_CAUCE": "Semirecto", "ESTABILID": "Estable", "TP_MARGEN": "Derecho", "TP_SOPORTE": "Puente colgante", "LUZ_SOPORT": 113.0, "EST_SOPORT": "Bueno", "EXIST_CABL": "SI", "EST_CABLE": "Bueno", "MACIZO_ANC": "SI", "EST_MACIZO": "Bueno", "ZONA_TRANS": "La longitud de la zona de transición es de 31m y presenta recubrimiento tipo Alquitran de Hulla.", "TP_REVEST": "Alquitran de Hulla", "AREA_REVES": 0.0, "EST_REVEST": "Bueno", "DEFECT_REV": "N.A.", "DSC_EST_TB": "Bueno", "DEFECT_TUB": "N.A.", "EVENTO_GEO": "No", "OBSERVACIO": " ", "EXISTENTE": "SI", "PROFUNDIDA": 0.0, "LATITUD": 4.3885520070000439, "LONGITUD": -73.296252047999985, "ALTITUD": 293.2628, "IMAGEN_1": "C007_IMG_20230914_090718.jpg", "IMAGEN_2": "C007_IMG_20230914_090724.jpg", "IMAGEN_3": "C007_IMG_20230914_090730.jpg", "ID": "CCA-37", "ENTREGA": "E17_R3", "CREC_SUBIT": "NO", "DIR_TUB": "PERPENDICULAR" }, "geometry": { "type": "Point", "coordinates": [ -73.296252047999985, 4.388552007000044, 293.262799999996787 ] } },
{ "type": "Feature", "properties": { "FECHA": "14/09/2023 00:00:00 (UTC)", "DEPTO": "CUNDINAMARCA", "MPIO": "PARATEBUENO", "VEREDA": "JAPON", "GASODUCTO": "CUSIANA - APIAY - USME", "TRM_RML": "PK65 - Apiay", "TP_PK": "Inicio", "PK": "109+581", "TP_DUCTO": "Troncal", "DISTRITO": "4", "DIAMETRO": "10", "TRM_REG": "CUSIANA - APIAY", "ZONA": "3", "SENAL_EX": "SI", "FORMA_ACCE": "DDV", "TP_ACCESO": "Vía destapada", "EST_ACCESO": "Bueno", "TP_SECCION": "CRUCE DE CUERPO DE AGUA", "NOM_AGUA": "Caño Nancuya", "ANCHO_AGUA": 20.0, "TP_AGUA": "Secundaria", "UBIC_CRUCE": "Llanura", "CM_TORRENC": "NO", "CANALIZADO": "NO", "ALTERACION": "NO", "ZONA_INUND": "NO", "FORM_CAUCE": "Semirecto", "ESTABILID": "Estable", "TP_MARGEN": "Izquierdo", "TP_SOPORTE": "Puente colgante", "LUZ_SOPORT": 89.0, "EST_SOPORT": "Bueno", "EXIST_CABL": "SI", "EST_CABLE": "Bueno", "MACIZO_ANC": "SI", "EST_MACIZO": "Bueno", "ZONA_TRANS": "La longitud de la zona de transición es de 36m y presenta recubrimiento tipo Alquitran de Hulla.", "TP_REVEST": "Alquitran de Hulla", "AREA_REVES": 0.0, "EST_REVEST": "Bueno", "DEFECT_REV": "N.A.", "DSC_EST_TB": "Bueno", "DEFECT_TUB": "N.A.", "EVENTO_GEO": "No", "OBSERVACIO": " ", "EXISTENTE": "SI", "PROFUNDIDA": 0.0, "LATITUD": 4.3612420570000268, "LONGITUD": -73.307402191999984, "ALTITUD": 301.44469999999274, "IMAGEN_1": "C007_IMG_20230914_131456.jpg", "IMAGEN_2": "C007_IMG_20230914_131501.jpg", "IMAGEN_3": "C007_IMG_20230914_131507.jpg", "ID": "CCA-38", "ENTREGA": "E17_R3", "CREC_SUBIT": "SI", "DIR_TUB": "PERPENDICULAR" }, "geometry": { "type": "Point", "coordinates": [ -73.307402191999984, 4.361242057000027, 301.444699999992736 ] } },
{ "type": "Feature", "properties": { "FECHA": "14/09/2023 00:00:00 (UTC)", "DEPTO": "CUNDINAMARCA", "MPIO": "PARATEBUENO", "VEREDA": "JAPON", "GASODUCTO": "CUSIANA - APIAY - USME", "TRM_RML": "PK65 - Apiay", "TP_PK": "Fin", "PK": "109+750", "TP_DUCTO": "Troncal", "DISTRITO": "4", "DIAMETRO": "10", "TRM_REG": "CUSIANA - APIAY", "ZONA": "3", "SENAL_EX": "SI", "FORMA_ACCE": "DDV", "TP_ACCESO": "Vía destapada", "EST_ACCESO": "Bueno", "TP_SECCION": "CRUCE DE CUERPO DE AGUA", "NOM_AGUA": "Caño Nancuya", "ANCHO_AGUA": 20.0, "TP_AGUA": "Secundaria", "UBIC_CRUCE": "Llanura", "CM_TORRENC": "NO", "CANALIZADO": "NO", "ALTERACION": "NO", "ZONA_INUND": "NO", "FORM_CAUCE": "Semirecto", "ESTABILID": "Estable", "TP_MARGEN": "Derecho", "TP_SOPORTE": "Puente colgante", "LUZ_SOPORT": 89.0, "EST_SOPORT": "Bueno", "EXIST_CABL": "SI", "EST_CABLE": "Bueno", "MACIZO_ANC": "SI", "EST_MACIZO": "Bueno", "ZONA_TRANS": "La longitud de la zona de transición es de 43m y presenta recubrimiento tipo Alquitran de Hulla.", "TP_REVEST": "Alquitran de Hulla", "AREA_REVES": 0.0, "EST_REVEST": "Bueno", "DEFECT_REV": "N.A.", "DSC_EST_TB": "Bueno", "DEFECT_TUB": "N.A.", "EVENTO_GEO": "No", "OBSERVACIO": " ", "EXISTENTE": "SI", "PROFUNDIDA": 0.0, "LATITUD": 4.360060120000071, "LONGITUD": -73.308045483999933, "ALTITUD": 297.9779, "IMAGEN_1": "C007_IMG_20230914_132423.jpg", "IMAGEN_2": "C007_IMG_20230914_132430.jpg", "IMAGEN_3": "C007_IMG_20230914_132436.jpg", "ID": "CCA-39", "ENTREGA": "E17_R3", "CREC_SUBIT": "SI", "DIR_TUB": "PERPENDICULAR" }, "geometry": { "type": "Point", "coordinates": [ -73.308045483999933, 4.360060120000071, 297.977899999998044 ] } },
{ "type": "Feature", "properties": { "FECHA": "19/09/2023 00:00:00 (UTC)", "DEPTO": "CUNDINAMARCA", "MPIO": "PARATEBUENO", "VEREDA": "MACAPAY ALTO", "GASODUCTO": "CUSIANA - APIAY - USME", "TRM_RML": "PK65 - Apiay", "TP_PK": "Inicio", "PK": "090+848", "TP_DUCTO": "Troncal", "DISTRITO": "4", "DIAMETRO": "10", "TRM_REG": "CUSIANA - APIAY", "ZONA": "3", "SENAL_EX": "SI", "FORMA_ACCE": "DDV", "TP_ACCESO": "Vía destapada", "EST_ACCESO": "Bueno", "TP_SECCION": "CRUCE DE CUERPO DE AGUA", "NOM_AGUA": "Caño La Raya", "ANCHO_AGUA": 30.0, "TP_AGUA": "Principal", "UBIC_CRUCE": "Llanura", "CM_TORRENC": "NO", "CANALIZADO": "NO", "ALTERACION": "NO", "ZONA_INUND": "NO", "FORM_CAUCE": "Meandrico", "ESTABILID": "Estable", "TP_MARGEN": "Izquierdo", "TP_SOPORTE": "Puente colgante", "LUZ_SOPORT": 100.0, "EST_SOPORT": "Bueno", "EXIST_CABL": "SI", "EST_CABLE": "Bueno", "MACIZO_ANC": "SI", "EST_MACIZO": "Bueno", "ZONA_TRANS": "La longitud de la zona de transición es de 40m y presenta recubrimiento tipo Alquitran de Hulla.", "TP_REVEST": "Alquitran de Hulla", "AREA_REVES": 0.0, "EST_REVEST": "Bueno", "DEFECT_REV": "N.A.", "DSC_EST_TB": "Bueno", "DEFECT_TUB": "N.A.", "EVENTO_GEO": "Si", "OBSERVACIO": " ", "EXISTENTE": "SI", "PROFUNDIDA": 0.0, "LATITUD": 4.4408769510000639, "LONGITUD": -73.174271566999948, "ALTITUD": 252.5379, "IMAGEN_1": "C007_IMG_20230919_124942.jpg", "IMAGEN_2": "C007_IMG_20230919_124947.jpg", "IMAGEN_3": "C007_IMG_20230919_124952.jpg", "ID": "CCA-40", "ENTREGA": "E17_R3", "CREC_SUBIT": "SI", "DIR_TUB": "PERPENDICULAR" }, "geometry": { "type": "Point", "coordinates": [ -73.174271566999948, 4.440876951000064, 252.537899999995716 ] } },
{ "type": "Feature", "properties": { "FECHA": "19/09/2023 00:00:00 (UTC)", "DEPTO": "CUNDINAMARCA", "MPIO": "PARATEBUENO", "VEREDA": "MACAPAY ALTO", "GASODUCTO": "CUSIANA - APIAY - USME", "TRM_RML": "PK65 - Apiay", "TP_PK": "Fin", "PK": "091+019", "TP_DUCTO": "Troncal", "DISTRITO": "4", "DIAMETRO": "10", "TRM_REG": "CUSIANA - APIAY", "ZONA": "3", "SENAL_EX": "SI", "FORMA_ACCE": "DDV", "TP_ACCESO": "Vía destapada", "EST_ACCESO": "Bueno", "TP_SECCION": "CRUCE DE CUERPO DE AGUA", "NOM_AGUA": "Caño La Raya", "ANCHO_AGUA": 30.0, "TP_AGUA": "Principal", "UBIC_CRUCE": "Llanura", "CM_TORRENC": "NO", "CANALIZADO": "NO", "ALTERACION": "NO", "ZONA_INUND": "NO", "FORM_CAUCE": "Meandrico", "ESTABILID": "Estable", "TP_MARGEN": "Derecho", "TP_SOPORTE": "Puente colgante", "LUZ_SOPORT": 100.0, "EST_SOPORT": "Bueno", "EXIST_CABL": "SI", "EST_CABLE": "Bueno", "MACIZO_ANC": "SI", "EST_MACIZO": "Bueno", "ZONA_TRANS": "La longitud de la zona de transición es de 32m y presenta recubrimiento tipo Alquitran de Hulla.", "TP_REVEST": "Alquitran de Hulla", "AREA_REVES": 0.0, "EST_REVEST": "Bueno", "DEFECT_REV": "N.A.", "DSC_EST_TB": "Bueno", "DEFECT_TUB": "N.A.", "EVENTO_GEO": "No", "OBSERVACIO": " ", "EXISTENTE": "SI", "PROFUNDIDA": 0.0, "LATITUD": 4.4399975430000609, "LONGITUD": -73.175534308999943, "ALTITUD": 254.12480000000505, "IMAGEN_1": "C007_IMG_20230919_125853.jpg", "IMAGEN_2": "C007_IMG_20230919_125859.jpg", "IMAGEN_3": "C007_IMG_20230919_125907.jpg", "ID": "CCA-41", "ENTREGA": "E17_R3", "CREC_SUBIT": "NO", "DIR_TUB": "PERPENDICULAR" }, "geometry": { "type": "Point", "coordinates": [ -73.175534308999943, 4.439997543000061, 254.124800000005052 ] } },
{ "type": "Feature", "properties": { "FECHA": "19/09/2023 00:00:00 (UTC)", "DEPTO": "CUNDINAMARCA", "MPIO": "PARATEBUENO", "VEREDA": "MACAPAY ALTO", "GASODUCTO": "CUSIANA - APIAY - USME", "TRM_RML": "PK65 - Apiay", "TP_PK": "Inicio", "PK": "092+027", "TP_DUCTO": "Troncal", "DISTRITO": "4", "DIAMETRO": "10", "TRM_REG": "CUSIANA - APIAY", "ZONA": "3", "SENAL_EX": "SI", "FORMA_ACCE": "DDV", "TP_ACCESO": "Vía destapada", "EST_ACCESO": "Bueno", "TP_SECCION": "CRUCE DE CUERPO DE AGUA", "NOM_AGUA": "Caño NN", "ANCHO_AGUA": 4.0, "TP_AGUA": "Otro", "UBIC_CRUCE": "Llanura", "CM_TORRENC": "NO", "CANALIZADO": "NO", "ALTERACION": "NO", "ZONA_INUND": "NO", "FORM_CAUCE": "Semirecto", "ESTABILID": "Estable", "TP_MARGEN": "Izquierdo", "TP_SOPORTE": "Voladizo", "LUZ_SOPORT": 0.0, "EST_SOPORT": "Bueno", "EXIST_CABL": "NO", "EST_CABLE": "Bueno", "MACIZO_ANC": "NO", "EST_MACIZO": "Bueno", "ZONA_TRANS": "En buen estado", "TP_REVEST": "Poliken", "AREA_REVES": 0.0, "EST_REVEST": "Bueno", "DEFECT_REV": "N.A.", "DSC_EST_TB": "Bueno", "DEFECT_TUB": "N.A.", "EVENTO_GEO": "Si", "OBSERVACIO": "No presenta soportes", "EXISTENTE": "SI", "PROFUNDIDA": 0.0, "LATITUD": 4.4357418040000312, "LONGITUD": -73.183536371999935, "ALTITUD": 273.23759999999311, "IMAGEN_1": "C007_IMG_20230919_134955.jpg", "IMAGEN_2": "C007_IMG_20230919_135001.jpg", "IMAGEN_3": "C007_IMG_20230919_135007.jpg", "ID": "CCA-42", "ENTREGA": "E17_R3", "CREC_SUBIT": "NO", "DIR_TUB": "PERPENDICULAR" }, "geometry": { "type": "Point", "coordinates": [ -73.183536371999935, 4.435741804000031, 273.237599999993108 ] } },
{ "type": "Feature", "properties": { "FECHA": "19/09/2023 00:00:00 (UTC)", "DEPTO": "CUNDINAMARCA", "MPIO": "PARATEBUENO", "VEREDA": "MACAPAY ALTO", "GASODUCTO": "CUSIANA - APIAY - USME", "TRM_RML": "PK65 - Apiay", "TP_PK": "Fin", "PK": "092+042", "TP_DUCTO": "Troncal", "DISTRITO": "4", "DIAMETRO": "10", "TRM_REG": "CUSIANA - APIAY", "ZONA": "3", "SENAL_EX": "SI", "FORMA_ACCE": "DDV", "TP_ACCESO": "Vía destapada", "EST_ACCESO": "Bueno", "TP_SECCION": "CRUCE DE CUERPO DE AGUA", "NOM_AGUA": "Caño NN", "ANCHO_AGUA": 4.0, "TP_AGUA": "Otro", "UBIC_CRUCE": "Llanura", "CM_TORRENC": "NO", "CANALIZADO": "NO", "ALTERACION": "NO", "ZONA_INUND": "NO", "FORM_CAUCE": "Semirecto", "ESTABILID": "Estable", "TP_MARGEN": "Derecho", "TP_SOPORTE": "Voladizo", "LUZ_SOPORT": 0.0, "EST_SOPORT": "Bueno", "EXIST_CABL": "NO", "EST_CABLE": "Bueno", "MACIZO_ANC": "NO", "EST_MACIZO": "Bueno", "ZONA_TRANS": "En buen estado", "TP_REVEST": "Poliken", "AREA_REVES": 0.0, "EST_REVEST": "Bueno", "DEFECT_REV": "N.A.", "DSC_EST_TB": "Bueno", "DEFECT_TUB": "N.A.", "EVENTO_GEO": "No", "OBSERVACIO": "No presenta soportes", "EXISTENTE": "SI", "PROFUNDIDA": 0.0, "LATITUD": 4.4356832710000731, "LONGITUD": -73.183650468999986, "ALTITUD": 274.7276, "IMAGEN_1": "C007_IMG_20230919_135035.jpg", "IMAGEN_2": "C007_IMG_20230919_135049.jpg", "IMAGEN_3": "C007_IMG_20230919_135055.jpg", "ID": "CCA-43", "ENTREGA": "E17_R3", "CREC_SUBIT": "SI", "DIR_TUB": "PERPENDICULAR" }, "geometry": { "type": "Point", "coordinates": [ -73.183650468999986, 4.435683271000073, 274.727599999998347 ] } },
{ "type": "Feature", "properties": { "FECHA": "19/09/2023 00:00:00 (UTC)", "DEPTO": "CUNDINAMARCA", "MPIO": "PARATEBUENO", "VEREDA": "MACAPAY ALTO", "GASODUCTO": "CUSIANA - APIAY - USME", "TRM_RML": "PK65 - Apiay", "TP_PK": "Inicio", "PK": "092+588", "TP_DUCTO": "Troncal", "DISTRITO": "4", "DIAMETRO": "10", "TRM_REG": "CUSIANA - APIAY", "ZONA": "3", "SENAL_EX": "SI", "FORMA_ACCE": "DDV", "TP_ACCESO": "Vía destapada", "EST_ACCESO": "Bueno", "TP_SECCION": "CRUCE DE CUERPO DE AGUA", "NOM_AGUA": "Caño Chapetón", "ANCHO_AGUA": 30.0, "TP_AGUA": "Secundaria", "UBIC_CRUCE": "Llanura", "CM_TORRENC": "NO", "CANALIZADO": "NO", "ALTERACION": "NO", "ZONA_INUND": "NO", "FORM_CAUCE": "Meandrico", "ESTABILID": "Estable", "TP_MARGEN": "Izquierdo", "TP_SOPORTE": "Puente colgante", "LUZ_SOPORT": 76.0, "EST_SOPORT": "Bueno", "EXIST_CABL": "SI", "EST_CABLE": "Bueno", "MACIZO_ANC": "SI", "EST_MACIZO": "Bueno", "ZONA_TRANS": "La longitud de la zona de transición es de 19m y presenta recubrimiento tipo Alquitran de Hulla.", "TP_REVEST": "Alquitran de Hulla", "AREA_REVES": 0.0, "EST_REVEST": "Bueno", "DEFECT_REV": "N.A.", "DSC_EST_TB": "Bueno", "DEFECT_TUB": "N.A.", "EVENTO_GEO": "No", "OBSERVACIO": " ", "EXISTENTE": "SI", "PROFUNDIDA": 0.0, "LATITUD": 4.4333168580000688, "LONGITUD": -73.187979523999957, "ALTITUD": 274.51179999999295, "IMAGEN_1": "C007_IMG_20230919_141213.jpg", "IMAGEN_2": "C007_IMG_20230919_141219.jpg", "IMAGEN_3": "C007_IMG_20230919_141224.jpg", "ID": "CCA-44", "ENTREGA": "E17_R3", "CREC_SUBIT": "SI", "DIR_TUB": "PERPENDICULAR" }, "geometry": { "type": "Point", "coordinates": [ -73.187979523999957, 4.433316858000069, 274.511799999992945 ] } },
{ "type": "Feature", "properties": { "FECHA": "19/09/2023 00:00:00 (UTC)", "DEPTO": "CUNDINAMARCA", "MPIO": "PARATEBUENO", "VEREDA": "MACAPAY ALTO", "GASODUCTO": "CUSIANA - APIAY - USME", "TRM_RML": "PK65 - Apiay", "TP_PK": "Fin", "PK": "092+702", "TP_DUCTO": "Troncal", "DISTRITO": "4", "DIAMETRO": "10", "TRM_REG": "CUSIANA - APIAY", "ZONA": "3", "SENAL_EX": "SI", "FORMA_ACCE": "DDV", "TP_ACCESO": "Vía destapada", "EST_ACCESO": "Bueno", "TP_SECCION": "CRUCE DE CUERPO DE AGUA", "NOM_AGUA": "Caño Chapetón", "ANCHO_AGUA": 30.0, "TP_AGUA": "Secundaria", "UBIC_CRUCE": "Llanura", "CM_TORRENC": "NO", "CANALIZADO": "NO", "ALTERACION": "NO", "ZONA_INUND": "NO", "FORM_CAUCE": "Meandrico", "ESTABILID": "Estable", "TP_MARGEN": "Derecho", "TP_SOPORTE": "Puente colgante", "LUZ_SOPORT": 76.0, "EST_SOPORT": "Bueno", "EXIST_CABL": "SI", "EST_CABLE": "Bueno", "MACIZO_ANC": "SI", "EST_MACIZO": "Bueno", "ZONA_TRANS": "La longitud de la zona de transición es de 27m y presenta recubrimiento tipo Alquitran de Hulla.", "TP_REVEST": "Alquitran de Hulla", "AREA_REVES": 0.0, "EST_REVEST": "Bueno", "DEFECT_REV": "N.A.", "DSC_EST_TB": "Bueno", "DEFECT_TUB": "N.A.", "EVENTO_GEO": "No", "OBSERVACIO": "Densa vegetación", "EXISTENTE": "SI", "PROFUNDIDA": 0.0, "LATITUD": 4.4326416850000214, "LONGITUD": -73.188746134999974, "ALTITUD": 273.38340000000608, "IMAGEN_1": "C007_IMG_20230919_141850.jpg", "IMAGEN_2": "C007_IMG_20230919_141856.jpg", "IMAGEN_3": "C007_IMG_20230919_141902.jpg", "ID": "CCA-45", "ENTREGA": "E17_R3", "CREC_SUBIT": "NO", "DIR_TUB": "PERPENDICULAR" }, "geometry": { "type": "Point", "coordinates": [ -73.188746134999974, 4.432641685000021, 273.383400000006077 ] } },
{ "type": "Feature", "properties": { "FECHA": "19/09/2023 00:00:00 (UTC)", "DEPTO": "CUNDINAMARCA", "MPIO": "PARATEBUENO", "VEREDA": "BRISAS DE MACAPAY", "GASODUCTO": "CUSIANA - APIAY - USME", "TRM_RML": "PK65 - Apiay", "TP_PK": "Inicio", "PK": "087+154", "TP_DUCTO": "Troncal", "DISTRITO": "4", "DIAMETRO": "10", "TRM_REG": "CUSIANA - APIAY", "ZONA": "3", "SENAL_EX": "SI", "FORMA_ACCE": "DDV", "TP_ACCESO": "Vía destapada", "EST_ACCESO": "Bueno", "TP_SECCION": "CRUCE DE CUERPO DE AGUA", "NOM_AGUA": "Caño Naranjitas", "ANCHO_AGUA": 8.0, "TP_AGUA": "Secundaria", "UBIC_CRUCE": "Llanura", "CM_TORRENC": "NO", "CANALIZADO": "NO", "ALTERACION": "NO", "ZONA_INUND": "NO", "FORM_CAUCE": "Semirecto", "ESTABILID": "Estable", "TP_MARGEN": "Izquierdo", "TP_SOPORTE": "Puente colgante", "LUZ_SOPORT": 83.0, "EST_SOPORT": "Bueno", "EXIST_CABL": "SI", "EST_CABLE": "Bueno", "MACIZO_ANC": "SI", "EST_MACIZO": "Bueno", "ZONA_TRANS": "La longitud de la zona de transición es de 27m y presenta recubrimiento tipo poliken.", "TP_REVEST": "Poliken", "AREA_REVES": 0.0, "EST_REVEST": "Bueno", "DEFECT_REV": "N.A.", "DSC_EST_TB": "Bueno", "DEFECT_TUB": "N.A.", "EVENTO_GEO": "No", "OBSERVACIO": " ", "EXISTENTE": "SI", "PROFUNDIDA": 0.0, "LATITUD": 4.4617390570000452, "LONGITUD": -73.14934750599997, "ALTITUD": 253.26609999999346, "IMAGEN_1": "C007_IMG_20230919_082400.jpg", "IMAGEN_2": "C007_IMG_20230919_082406.jpg", "IMAGEN_3": "C007_IMG_20230919_082415.jpg", "ID": "CCA-46", "ENTREGA": "E17_R3", "CREC_SUBIT": "NO", "DIR_TUB": "PERPENDICULAR" }, "geometry": { "type": "Point", "coordinates": [ -73.14934750599997, 4.461739057000045, 253.266099999993457 ] } },
{ "type": "Feature", "properties": { "FECHA": "19/09/2023 00:00:00 (UTC)", "DEPTO": "CUNDINAMARCA", "MPIO": "PARATEBUENO", "VEREDA": "BRISAS DE MACAPAY", "GASODUCTO": "CUSIANA - APIAY - USME", "TRM_RML": "PK65 - Apiay", "TP_PK": "Inicio", "PK": "088+115", "TP_DUCTO": "Troncal", "DISTRITO": "4", "DIAMETRO": "10", "TRM_REG": "CUSIANA - APIAY", "ZONA": "3", "SENAL_EX": "SI", "FORMA_ACCE": "DDV", "TP_ACCESO": "Vía destapada", "EST_ACCESO": "Bueno", "TP_SECCION": "CRUCE DE CUERPO DE AGUA", "NOM_AGUA": "Caño Palomas Macapay", "ANCHO_AGUA": 14.0, "TP_AGUA": "Secundaria", "UBIC_CRUCE": "Llanura", "CM_TORRENC": "NO", "CANALIZADO": "NO", "ALTERACION": "NO", "ZONA_INUND": "NO", "FORM_CAUCE": "Semirecto", "ESTABILID": "Estable", "TP_MARGEN": "Izquierdo", "TP_SOPORTE": "Puente colgante", "LUZ_SOPORT": 103.0, "EST_SOPORT": "Bueno", "EXIST_CABL": "SI", "EST_CABLE": "Bueno", "MACIZO_ANC": "SI", "EST_MACIZO": "Bueno", "ZONA_TRANS": "La longitud de la zona de transición es de 24m y presenta recubrimiento tipo poliken.", "TP_REVEST": "Poliken", "AREA_REVES": 0.0, "EST_REVEST": "Bueno", "DEFECT_REV": "N.A.", "DSC_EST_TB": "Bueno", "DEFECT_TUB": "N.A.", "EVENTO_GEO": "No", "OBSERVACIO": " ", "EXISTENTE": "SI", "PROFUNDIDA": 0.0, "LATITUD": 4.4550129870000319, "LONGITUD": -73.154475221999974, "ALTITUD": 263.1882, "IMAGEN_1": "C007_IMG_20230919_091744.jpg", "IMAGEN_2": "C007_IMG_20230919_091754.jpg", "IMAGEN_3": "C007_IMG_20230919_091801.jpg", "ID": "CCA-47", "ENTREGA": "E17_R3", "CREC_SUBIT": "SI", "DIR_TUB": "PERPENDICULAR" }, "geometry": { "type": "Point", "coordinates": [ -73.154475221999974, 4.455012987000032, 263.188200000004144 ] } },
{ "type": "Feature", "properties": { "FECHA": "19/09/2023 00:00:00 (UTC)", "DEPTO": "CUNDINAMARCA", "MPIO": "PARATEBUENO", "VEREDA": "MACAPAY ALTO", "GASODUCTO": "CUSIANA - APIAY - USME", "TRM_RML": "PK65 - Apiay", "TP_PK": "Fin", "PK": "088+269", "TP_DUCTO": "Troncal", "DISTRITO": "4", "DIAMETRO": "10", "TRM_REG": "CUSIANA - APIAY", "ZONA": "3", "SENAL_EX": "SI", "FORMA_ACCE": "DDV", "TP_ACCESO": "Vía destapada", "EST_ACCESO": "Bueno", "TP_SECCION": "CRUCE DE CUERPO DE AGUA", "NOM_AGUA": "Caño Palomas Macapay", "ANCHO_AGUA": 14.0, "TP_AGUA": "Secundaria", "UBIC_CRUCE": "Llanura", "CM_TORRENC": "NO", "CANALIZADO": "NO", "ALTERACION": "NO", "ZONA_INUND": "NO", "FORM_CAUCE": "Semirecto", "ESTABILID": "Estable", "TP_MARGEN": "Derecho", "TP_SOPORTE": "Puente colgante", "LUZ_SOPORT": 103.0, "EST_SOPORT": "Bueno", "EXIST_CABL": "SI", "EST_CABLE": "Bueno", "MACIZO_ANC": "SI", "EST_MACIZO": "Bueno", "ZONA_TRANS": "La longitud de la zona de transición es de 5m y presenta recubrimiento tipo poliken.", "TP_REVEST": "Poliken", "AREA_REVES": 0.0, "EST_REVEST": "Bueno", "DEFECT_REV": "N.A.", "DSC_EST_TB": "Bueno", "DEFECT_TUB": "N.A.", "EVENTO_GEO": "No", "OBSERVACIO": " ", "EXISTENTE": "SI", "PROFUNDIDA": 0.0, "LATITUD": 4.4537722980000467, "LONGITUD": -73.15505040499994, "ALTITUD": 235.76850000000559, "IMAGEN_1": "C007_IMG_20230919_095304.jpg", "IMAGEN_2": "C007_IMG_20230919_095313.jpg", "IMAGEN_3": "C007_IMG_20230919_095320.jpg", "ID": "CCA-48", "ENTREGA": "E17_R3", "CREC_SUBIT": "SI", "DIR_TUB": "PERPENDICULAR" }, "geometry": { "type": "Point", "coordinates": [ -73.15505040499994, 4.453772298000047, 235.768500000005588 ] } },
{ "type": "Feature", "properties": { "FECHA": "19/09/2023 00:00:00 (UTC)", "DEPTO": "CUNDINAMARCA", "MPIO": "PARATEBUENO", "VEREDA": "BRISAS DE MACAPAY", "GASODUCTO": "CUSIANA - APIAY - USME", "TRM_RML": "PK65 - Apiay", "TP_PK": "Fin", "PK": "087+294", "TP_DUCTO": "Troncal", "DISTRITO": "4", "DIAMETRO": "10", "TRM_REG": "CUSIANA - APIAY", "ZONA": "3", "SENAL_EX": "SI", "FORMA_ACCE": "DDV", "TP_ACCESO": "Vía destapada", "EST_ACCESO": "Bueno", "TP_SECCION": "CRUCE DE CUERPO DE AGUA", "NOM_AGUA": "Caño Naranjitas", "ANCHO_AGUA": 8.0, "TP_AGUA": "Secundaria", "UBIC_CRUCE": "Llanura", "CM_TORRENC": "NO", "CANALIZADO": "NO", "ALTERACION": "NO", "ZONA_INUND": "NO", "FORM_CAUCE": "Semirecto", "ESTABILID": "Estable", "TP_MARGEN": "Derecho", "TP_SOPORTE": "Puente colgante", "LUZ_SOPORT": 83.0, "EST_SOPORT": "Bueno", "EXIST_CABL": "SI", "EST_CABLE": "Bueno", "MACIZO_ANC": "SI", "EST_MACIZO": "Bueno", "ZONA_TRANS": "La longitud de la zona de transición es de 26m y presenta recubrimiento tipo poliken.", "TP_REVEST": "Poliken", "AREA_REVES": 0.0, "EST_REVEST": "Bueno", "DEFECT_REV": "N.A.", "DSC_EST_TB": "Bueno", "DEFECT_TUB": "N.A.", "EVENTO_GEO": "No", "OBSERVACIO": " ", "EXISTENTE": "SI", "PROFUNDIDA": 0.0, "LATITUD": 4.4607611870000596, "LONGITUD": -73.150066868999943, "ALTITUD": 256.29180000000633, "IMAGEN_1": "C007_IMG_20230919_083229.jpg", "IMAGEN_2": "C007_IMG_20230919_083235.jpg", "IMAGEN_3": "C007_IMG_20230919_083241.jpg", "ID": "CCA-49", "ENTREGA": "E17_R3", "CREC_SUBIT": "NO", "DIR_TUB": "PERPENDICULAR" }, "geometry": { "type": "Point", "coordinates": [ -73.150066868999943, 4.46076118700006, 256.291800000006333 ] } },
{ "type": "Feature", "properties": { "FECHA": "23/09/2023 00:00:00 (UTC)", "DEPTO": "META", "MPIO": "BARRANCA DE UPÍA", "VEREDA": "ALIANZA", "GASODUCTO": "CUSIANA - APIAY - USME", "TRM_RML": "Cusiana - PK65", "TP_PK": "Fin", "PK": "061+324", "TP_DUCTO": "Troncal", "DISTRITO": "4", "DIAMETRO": "12", "TRM_REG": "CUSIANA - APIAY", "ZONA": "3", "SENAL_EX": "SI", "FORMA_ACCE": "DDV", "TP_ACCESO": "Vía destapada", "EST_ACCESO": "Bueno", "TP_SECCION": "CRUCE DE CUERPO DE AGUA", "NOM_AGUA": "Caño La Sucia", "ANCHO_AGUA": 6.0, "TP_AGUA": "Otro", "UBIC_CRUCE": "Montaña", "CM_TORRENC": "NO", "CANALIZADO": "NO", "ALTERACION": "NO", "ZONA_INUND": "NO", "FORM_CAUCE": "Semirecto", "ESTABILID": "Estable", "TP_MARGEN": "Derecho", "TP_SOPORTE": "Puente colgante", "LUZ_SOPORT": 41.0, "EST_SOPORT": "Bueno", "EXIST_CABL": "SI", "EST_CABLE": "Bueno", "MACIZO_ANC": "SI", "EST_MACIZO": "Bueno", "ZONA_TRANS": "La longitud de la zona de transición es de 25m presenta recubrimiento tipo poliken en un tramo de 2m.", "TP_REVEST": "Poliken", "AREA_REVES": 0.0, "EST_REVEST": "Bueno", "DEFECT_REV": "N.A.", "DSC_EST_TB": "Bueno", "DEFECT_TUB": "N.A.", "EVENTO_GEO": "No", "OBSERVACIO": " ", "EXISTENTE": "SI", "PROFUNDIDA": 0.0, "LATITUD": 4.6550631210000688, "LONGITUD": -73.049166227999933, "ALTITUD": 291.5812, "IMAGEN_1": "C007_IMG_20230923_100357.jpg", "IMAGEN_2": "C007_IMG_20230923_100403.jpg", "IMAGEN_3": "C007_IMG_20230923_100408.jpg", "ID": "CCA-50", "ENTREGA": "E17_R3", "CREC_SUBIT": "SI", "DIR_TUB": "(PERPENDICULAR)" }, "geometry": { "type": "Point", "coordinates": [ -73.049166227999933, 4.655063121000069, 291.581200000000536 ] } },
{ "type": "Feature", "properties": { "FECHA": "23/09/2023 00:00:00 (UTC)", "DEPTO": "META", "MPIO": "BARRANCA DE UPÍA", "VEREDA": "CARUTAL", "GASODUCTO": "CUSIANA - APIAY - USME", "TRM_RML": "Cusiana - PK65", "TP_PK": "Inicio", "PK": "061+227", "TP_DUCTO": "Troncal", "DISTRITO": "4", "DIAMETRO": "12", "TRM_REG": "CUSIANA - APIAY", "ZONA": "3", "SENAL_EX": "NO", "FORMA_ACCE": "DDV", "TP_ACCESO": "Vía destapada", "EST_ACCESO": "Bueno", "TP_SECCION": "CRUCE DE CUERPO DE AGUA", "NOM_AGUA": "Caño La Sucia", "ANCHO_AGUA": 6.0, "TP_AGUA": "Otro", "UBIC_CRUCE": "Montaña", "CM_TORRENC": "NO", "CANALIZADO": "NO", "ALTERACION": "NO", "ZONA_INUND": "NO", "FORM_CAUCE": "Semirecto", "ESTABILID": "Estable", "TP_MARGEN": "Izquierdo", "TP_SOPORTE": "Puente colgante", "LUZ_SOPORT": 41.0, "EST_SOPORT": "Bueno", "EXIST_CABL": "SI", "EST_CABLE": "Bueno", "MACIZO_ANC": "SI", "EST_MACIZO": "Bueno", "ZONA_TRANS": "La longitud de la zona de transición es de 16m presenta recubrimiento tipo poliken en un tramo de 2m.", "TP_REVEST": "Poliken", "AREA_REVES": 0.0, "EST_REVEST": "Bueno", "DEFECT_REV": "N.A.", "DSC_EST_TB": "Bueno", "DEFECT_TUB": "N.A.", "EVENTO_GEO": "No", "OBSERVACIO": " ", "EXISTENTE": "SI", "PROFUNDIDA": 0.0, "LATITUD": 4.6557316990000572, "LONGITUD": -73.049693269999977, "ALTITUD": 287.8798, "IMAGEN_1": "C007_IMG_20230923_095918.jpg", "IMAGEN_2": "C007_IMG_20230923_095929.jpg", "IMAGEN_3": "C007_IMG_20230923_095938.jpg", "ID": "CCA-51", "ENTREGA": "E17_R3", "CREC_SUBIT": "SI", "DIR_TUB": "(PERPENDICULAR)" }, "geometry": { "type": "Point", "coordinates": [ -73.049693269999977, 4.655731699000057, 287.879799999995157 ] } },
{ "type": "Feature", "properties": { "FECHA": "26/08/2023 00:00:00 (UTC)", "DEPTO": "CUNDINAMARCA", "MPIO": "PARATEBUENO", "VEREDA": "BOQUERON", "GASODUCTO": "CUSIANA - APIAY - USME", "TRM_RML": "PK65 - Apiay", "TP_PK": "Inicio", "PK": "123+298", "TP_DUCTO": "Troncal", "DISTRITO": "4", "DIAMETRO": "10", "TRM_REG": "CUSIANA - APIAY", "ZONA": "3", "SENAL_EX": "SI", "FORMA_ACCE": "DDV", "TP_ACCESO": "Sendero a pie", "EST_ACCESO": "Bueno", "TP_SECCION": "CRUCE DE CUERPO DE AGUA", "NOM_AGUA": "Río Guacavia", "ANCHO_AGUA": 110.0, "TP_AGUA": "Otro", "UBIC_CRUCE": "Llanura", "CM_TORRENC": "NO", "CANALIZADO": "NO", "ALTERACION": "NO", "ZONA_INUND": "NO", "FORM_CAUCE": "Semirecto", "ESTABILID": "Estable", "TP_MARGEN": "Izquierdo", "TP_SOPORTE": "Puente colgante", "LUZ_SOPORT": 180.0, "EST_SOPORT": "Bueno", "EXIST_CABL": "SI", "EST_CABLE": "Bueno", "MACIZO_ANC": "SI", "EST_MACIZO": "Bueno", "ZONA_TRANS": "La longitud de la zona de tansición es de  aproximadamente 52m", "TP_REVEST": "OTRO", "AREA_REVES": 0.0, "EST_REVEST": "Bueno", "DEFECT_REV": "N.A.", "DSC_EST_TB": "Bueno", "DEFECT_TUB": "N.A.", "EVENTO_GEO": "No", "OBSERVACIO": " ", "EXISTENTE": "SI", "PROFUNDIDA": 0.0, "LATITUD": 4.3137653400000318, "LONGITUD": -73.41099659799994, "ALTITUD": 362.0, "IMAGEN_1": "C001_IMG_20230826_145045.jpg", "IMAGEN_2": "C001_IMG_20230826_145055.jpg", "IMAGEN_3": "C001_IMG_20230826_145100.jpg", "ID": "CCA-52", "ENTREGA": "E17_R3", "CREC_SUBIT": "N/A", "DIR_TUB": "PERPENDICULAR" }, "geometry": { "type": "Point", "coordinates": [ -73.41099659799994, 4.313765340000032, 362.0 ] } },
{ "type": "Feature", "properties": { "FECHA": "26/08/2023 00:00:00 (UTC)", "DEPTO": "META", "MPIO": "CUMARAL", "VEREDA": "CHEPERO", "GASODUCTO": "CUSIANA - APIAY - USME", "TRM_RML": "PK65 - Apiay", "TP_PK": "Fin", "PK": "123+569", "TP_DUCTO": "Troncal", "DISTRITO": "4", "DIAMETRO": "10", "TRM_REG": "CUSIANA - APIAY", "ZONA": "3", "SENAL_EX": "SI", "FORMA_ACCE": "DDV", "TP_ACCESO": "Sendero a pie", "EST_ACCESO": "Bueno", "TP_SECCION": "CRUCE DE CUERPO DE AGUA", "NOM_AGUA": "Río Guacavia", "ANCHO_AGUA": 110.0, "TP_AGUA": "Otro", "UBIC_CRUCE": "Llanura", "CM_TORRENC": "NO", "CANALIZADO": "NO", "ALTERACION": "NO", "ZONA_INUND": "NO", "FORM_CAUCE": "Semirecto", "ESTABILID": "Estable", "TP_MARGEN": "Derecho", "TP_SOPORTE": "Puente colgante", "LUZ_SOPORT": 180.0, "EST_SOPORT": "Bueno", "EXIST_CABL": "SI", "EST_CABLE": "Bueno", "MACIZO_ANC": "SI", "EST_MACIZO": "Bueno", "ZONA_TRANS": "La longitud de la zona de tansición es de  aproximadamente 28m", "TP_REVEST": "OTRO", "AREA_REVES": 0.0, "EST_REVEST": "Bueno", "DEFECT_REV": "N.A.", "DSC_EST_TB": "Bueno", "DEFECT_TUB": "N.A.", "EVENTO_GEO": "No", "OBSERVACIO": " ", "EXISTENTE": "SI", "PROFUNDIDA": 0.0, "LATITUD": 4.3114689370000292, "LONGITUD": -73.411657943999955, "ALTITUD": 365.4667, "IMAGEN_1": "C001_IMG_20230826_140726.jpg", "IMAGEN_2": "C001_IMG_20230826_140734.jpg", "IMAGEN_3": "C001_IMG_20230826_140740.jpg", "ID": "CCA-53", "ENTREGA": "E17_R3", "CREC_SUBIT": "N/A", "DIR_TUB": "PERPENDICULAR" }, "geometry": { "type": "Point", "coordinates": [ -73.411657943999955, 4.311468937000029, 365.466700000004494 ] } },
{ "type": "Feature", "properties": { "FECHA": "18/10/2023 00:00:00 (UTC)", "DEPTO": "META", "MPIO": "ACACÍAS", "VEREDA": "LABERINTO", "GASODUCTO": "CUSIANA - APIAY - USME", "TRM_RML": "Villavicencio - Usme", "TP_PK": "Fin", "PK": "044+338", "TP_DUCTO": "Troncal", "DISTRITO": "4", "DIAMETRO": "6", "TRM_REG": "APIAY - USME", "ZONA": "3", "SENAL_EX": "SI", "FORMA_ACCE": "Por el DDV", "TP_ACCESO": "Vía destapada", "EST_ACCESO": "Bueno", "TP_SECCION": "CRUCE DE CUERPO DE AGUA", "NOM_AGUA": "Río Guayuriba", "ANCHO_AGUA": 200.0, "TP_AGUA": "Principal", "UBIC_CRUCE": "Llanura", "CM_TORRENC": "SI", "CANALIZADO": "NO", "ALTERACION": "NO", "ZONA_INUND": "NO", "FORM_CAUCE": "Semirecto", "ESTABILID": "Estable", "TP_MARGEN": "Izquierdo", "TP_SOPORTE": "Puente colgante", "LUZ_SOPORT": 250.0, "EST_SOPORT": "Bueno", "EXIST_CABL": "SI", "EST_CABLE": "Bueno", "MACIZO_ANC": "SI", "EST_MACIZO": "Bueno", "ZONA_TRANS": "Buen estado. Longitud zona de transición 50m.", "TP_REVEST": "OTRO", "AREA_REVES": 0.0, "EST_REVEST": "Bueno", "DEFECT_REV": "N.A.", "DSC_EST_TB": "Bueno", "DEFECT_TUB": "N.A.", "EVENTO_GEO": "Si", "OBSERVACIO": "Tuberia superficial con pintura de poliuretano de altos sólidos (tipo poliuretano alifático) para exteriores.", "EXISTENTE": "SI", "PROFUNDIDA": 0.0, "LATITUD": 4.1538305920000198, "LONGITUD": -73.716190984999969, "ALTITUD": 696.0091, "IMAGEN_1": "C007_IMG_20231018_134904.jpg", "IMAGEN_2": "C007_IMG_20231018_134856.jpg", "IMAGEN_3": "C007_IMG_20231018_134852.jpg", "ID": "CCA-12", "ENTREGA": "E21_R3", "CREC_SUBIT": "SI", "DIR_TUB": "(PERPENDICULAR)" }, "geometry": { "type": "Point", "coordinates": [ -73.716190984999969, 4.15383059200002, 696.009099999995669 ] } },
{ "type": "Feature", "properties": { "FECHA": "22/08/2023 00:00:00 (UTC)", "DEPTO": "META", "MPIO": "VILLAVICENCIO", "VEREDA": "SAMARÍA", "GASODUCTO": "CUSIANA - APIAY - USME", "TRM_RML": "Villavicencio - Usme", "TP_PK": "Inicio", "PK": "044+033", "TP_DUCTO": "Troncal", "DISTRITO": "4", "DIAMETRO": "6", "TRM_REG": "APIAY - USME", "ZONA": "3", "SENAL_EX": "NO", "FORMA_ACCE": "Por el DDV", "TP_ACCESO": "Vía destapada", "EST_ACCESO": "Bueno", "TP_SECCION": "CRUCE DE CUERPO DE AGUA", "NOM_AGUA": "Río Guayuriba", "ANCHO_AGUA": 200.0, "TP_AGUA": "Principal", "UBIC_CRUCE": "Llanura", "CM_TORRENC": "SI", "CANALIZADO": "NO", "ALTERACION": "NO", "ZONA_INUND": "NO", "FORM_CAUCE": "Semirecto", "ESTABILID": "Estable", "TP_MARGEN": "Derecho", "TP_SOPORTE": "Puente colgante", "LUZ_SOPORT": 250.0, "EST_SOPORT": "Bueno", "EXIST_CABL": "SI", "EST_CABLE": "Bueno", "MACIZO_ANC": "SI", "EST_MACIZO": "Bueno", "ZONA_TRANS": "Buen estado. Longitud zona de transición 5m.", "TP_REVEST": "OTRO", "AREA_REVES": 0.0, "EST_REVEST": "Bueno", "DEFECT_REV": "N.A.", "DSC_EST_TB": "Bueno", "DEFECT_TUB": "N.A.", "EVENTO_GEO": "Si", "OBSERVACIO": "Tuberia superficial con pintura de poliuretano de altos sólidos (tipo poliuretano alifático) para exteriores.", "EXISTENTE": "SI", "PROFUNDIDA": 0.0, "LATITUD": 4.1526942580000537, "LONGITUD": -73.71395830299997, "ALTITUD": 711.0273, "IMAGEN_1": "C001_IMG_20230822_152725.jpg", "IMAGEN_2": "C001_IMG_20230822_152744.jpg", "IMAGEN_3": "C001_IMG_20230822_152750.jpg", "ID": "CCA-13", "ENTREGA": "E21_R3", "CREC_SUBIT": "NO", "DIR_TUB": "N/A" }, "geometry": { "type": "Point", "coordinates": [ -73.71395830299997, 4.152694258000054, 711.02730000000156 ] } },
{ "type": "Feature", "properties": { "FECHA": "20/10/2023 00:00:00 (UTC)", "DEPTO": "CUNDINAMARCA", "MPIO": "GUAYABETAL", "VEREDA": "SAN ANTONIO", "GASODUCTO": "CUSIANA - APIAY - USME", "TRM_RML": "Villavicencio - Usme", "TP_PK": "Inicio", "PK": "060+814", "TP_DUCTO": "Troncal", "DISTRITO": "4", "DIAMETRO": "6", "TRM_REG": "APIAY - USME", "ZONA": "3", "SENAL_EX": "NO", "FORMA_ACCE": "Por el DDV", "TP_ACCESO": "Sendero a pie", "EST_ACCESO": "Bueno", "TP_SECCION": "CRUCE DE CUERPO DE AGUA", "NOM_AGUA": "Quebrada NN", "ANCHO_AGUA": 6.0, "TP_AGUA": "Secundaria", "UBIC_CRUCE": "Llanura", "CM_TORRENC": "SI", "CANALIZADO": "NO", "ALTERACION": "NO", "ZONA_INUND": "NO", "FORM_CAUCE": "Semirecto", "ESTABILID": "Estable", "TP_MARGEN": "Derecho", "TP_SOPORTE": "Puente colgante", "LUZ_SOPORT": 118.0, "EST_SOPORT": "Bueno", "EXIST_CABL": "SI", "EST_CABLE": "Bueno", "MACIZO_ANC": "SI", "EST_MACIZO": "Bueno", "ZONA_TRANS": "Buen estado. Longitud zona de transición 11m.", "TP_REVEST": "OTRO", "AREA_REVES": 0.0, "EST_REVEST": "Bueno", "DEFECT_REV": "N.A.", "DSC_EST_TB": "Bueno", "DEFECT_TUB": "N.A.", "EVENTO_GEO": "No", "OBSERVACIO": "Tuberia superficial con pintura de poliuretano de altos sólidos (tipo poliuretano alifático) para exteriores.", "EXISTENTE": "SI", "PROFUNDIDA": 0.0, "LATITUD": 4.1970467180000242, "LONGITUD": -73.816199164999944, "ALTITUD": 1097.7667, "IMAGEN_1": "C007_IMG_20231020_111111.jpg", "IMAGEN_2": "C007_IMG_20231020_110946.jpg", "IMAGEN_3": "C007_IMG_20231020_110952.jpg", "ID": "CCA-14", "ENTREGA": "E21_R3", "CREC_SUBIT": "SI", "DIR_TUB": "(PERPENDICULAR)" }, "geometry": { "type": "Point", "coordinates": [ -73.816199164999944, 4.197046718000024, 1097.766699999992852 ] } },
{ "type": "Feature", "properties": { "FECHA": "20/10/2023 00:00:00 (UTC)", "DEPTO": "CUNDINAMARCA", "MPIO": "GUAYABETAL", "VEREDA": "JABONERAS", "GASODUCTO": "CUSIANA - APIAY - USME", "TRM_RML": "Villavicencio - Usme", "TP_PK": "Inicio", "PK": "062+229", "TP_DUCTO": "Troncal", "DISTRITO": "4", "DIAMETRO": "6", "TRM_REG": "APIAY - USME", "ZONA": "3", "SENAL_EX": "SI", "FORMA_ACCE": "Por el DDV", "TP_ACCESO": "Sendero a pie", "EST_ACCESO": "Bueno", "TP_SECCION": "CRUCE DE CUERPO DE AGUA", "NOM_AGUA": "Río Blanco", "ANCHO_AGUA": 15.0, "TP_AGUA": "Principal", "UBIC_CRUCE": "Montaña", "CM_TORRENC": "SI", "CANALIZADO": "NO", "ALTERACION": "NO", "ZONA_INUND": "NO", "FORM_CAUCE": "Semirecto", "ESTABILID": "Estable", "TP_MARGEN": "Derecho", "TP_SOPORTE": "Marcos H con cables", "LUZ_SOPORT": 0.0, "EST_SOPORT": "Bueno", "EXIST_CABL": "SI", "EST_CABLE": "Bueno", "MACIZO_ANC": "SI", "EST_MACIZO": "Bueno", "ZONA_TRANS": "Buen estado. Longitud zona de transición 1m.", "TP_REVEST": "OTRO", "AREA_REVES": 0.0, "EST_REVEST": "Regular", "DEFECT_REV": "Desprendimiento", "DSC_EST_TB": "Regular", "DEFECT_TUB": "Corrosión Generalizada", "EVENTO_GEO": "No", "OBSERVACIO": "No se tiene la luz entre los soportes ya que no se pudo capturar el fin del cruce aéreo por SIN PASO debido a vegetación densa y pendiente fuerte.", "EXISTENTE": "SI", "PROFUNDIDA": 0.0, "LATITUD": 4.2078705560000458, "LONGITUD": -73.816305832999944, "ALTITUD": 955.8222, "IMAGEN_1": "C007_IMG_20231020_125002.jpg", "IMAGEN_2": "C007_IMG_20231020_125010.jpg", "IMAGEN_3": "C007_IMG_20231020_125018.jpg", "ID": "CCA-15", "ENTREGA": "E21_R3", "CREC_SUBIT": "SI", "DIR_TUB": "(PERPENDICULAR)" }, "geometry": { "type": "Point", "coordinates": [ -73.816305832999944, 4.207870556000046, 955.822199999995064 ] } },
{ "type": "Feature", "properties": { "FECHA": "7/11/2023 00:00:00 (UTC)", "DEPTO": "CUNDINAMARCA", "MPIO": "FOSCA", "VEREDA": "SAN MANUEL", "GASODUCTO": "CUSIANA - APIAY - USME", "TRM_RML": "Fosca", "TP_PK": "Inicio", "PK": "000+847", "TP_DUCTO": "Ramal", "DISTRITO": "4", "DIAMETRO": "2", "TRM_REG": "APIAY - USME", "ZONA": "3", "SENAL_EX": "NO", "FORMA_ACCE": "Sendero a pie por el DDV", "TP_ACCESO": "Vía destapada", "EST_ACCESO": "Bueno", "TP_SECCION": "CRUCE DE CUERPO DE AGUA", "NOM_AGUA": "Quebrada La honda", "ANCHO_AGUA": 4.0, "TP_AGUA": "Secundaria", "UBIC_CRUCE": "Montaña", "CM_TORRENC": "SI", "CANALIZADO": "NO", "ALTERACION": "NO", "ZONA_INUND": "NO", "FORM_CAUCE": "Semirecto", "ESTABILID": "Estable", "TP_MARGEN": "Izquierdo", "TP_SOPORTE": "Marcos H", "LUZ_SOPORT": 15.0, "EST_SOPORT": "Bueno", "EXIST_CABL": "NO", "EST_CABLE": "Bueno", "MACIZO_ANC": "NO", "EST_MACIZO": "Bueno", "ZONA_TRANS": "Buen estado. Longitud zona de transición 6m.", "TP_REVEST": "OTRO", "AREA_REVES": 0.0, "EST_REVEST": "Bueno", "DEFECT_REV": "N.A.", "DSC_EST_TB": "Bueno", "DEFECT_TUB": "N.A.", "EVENTO_GEO": "Si", "OBSERVACIO": "Tuberia superficial con pintura de poliuretano de altos sólidos (tipo poliuretano alifático) para exteriores.", "EXISTENTE": "SI", "PROFUNDIDA": 0.0, "LATITUD": 4.3562542440000698, "LONGITUD": -73.943214697999963, "ALTITUD": 2308.9778, "IMAGEN_1": "C007_IMG_20231107_110802.jpg", "IMAGEN_2": "C007_IMG_20231107_110807.jpg", "IMAGEN_3": "C007_IMG_20231107_110813.jpg", "ID": "CCA-16", "ENTREGA": "E21_R3", "CREC_SUBIT": "NO", "DIR_TUB": "PERPENDICULAR" }, "geometry": { "type": "Point", "coordinates": [ -73.943214697999963, 4.35625424400007, 2308.977799999993294 ] } },
{ "type": "Feature", "properties": { "FECHA": "7/11/2023 00:00:00 (UTC)", "DEPTO": "CUNDINAMARCA", "MPIO": "FOSCA", "VEREDA": "SAN MANUEL", "GASODUCTO": "CUSIANA - APIAY - USME", "TRM_RML": "Fosca", "TP_PK": "Fin", "PK": "000+907", "TP_DUCTO": "Ramal", "DISTRITO": "4", "DIAMETRO": "2", "TRM_REG": "APIAY - USME", "ZONA": "3", "SENAL_EX": "SI", "FORMA_ACCE": "Sendero a pie por el DDV", "TP_ACCESO": "Vía destapada", "EST_ACCESO": "Bueno", "TP_SECCION": "CRUCE DE CUERPO DE AGUA", "NOM_AGUA": "Quebrada La honda", "ANCHO_AGUA": 4.0, "TP_AGUA": "Secundaria", "UBIC_CRUCE": "Montaña", "CM_TORRENC": "SI", "CANALIZADO": "NO", "ALTERACION": "NO", "ZONA_INUND": "NO", "FORM_CAUCE": "Semirecto", "ESTABILID": "Estable", "TP_MARGEN": "Derecho", "TP_SOPORTE": "Marcos H", "LUZ_SOPORT": 15.0, "EST_SOPORT": "Bueno", "EXIST_CABL": "NO", "EST_CABLE": "Bueno", "MACIZO_ANC": "NO", "EST_MACIZO": "Bueno", "ZONA_TRANS": "Buen estado. Longitud zona de transición 6m.", "TP_REVEST": "OTRO", "AREA_REVES": 0.0, "EST_REVEST": "Bueno", "DEFECT_REV": "N.A.", "DSC_EST_TB": "Bueno", "DEFECT_TUB": "N.A.", "EVENTO_GEO": "Si", "OBSERVACIO": "Tuberia superficial con pintura de poliuretano de altos sólidos (tipo poliuretano alifático) para exteriores.", "EXISTENTE": "SI", "PROFUNDIDA": 0.0, "LATITUD": 4.356064841000034, "LONGITUD": -73.943328297999983, "ALTITUD": 2303.8556, "IMAGEN_1": "C007_IMG_20231107_110523.jpg", "IMAGEN_2": "C007_IMG_20231107_110531.jpg", "IMAGEN_3": "C007_IMG_20231107_110537.jpg", "ID": "CCA-17", "ENTREGA": "E21_R3", "CREC_SUBIT": "NO", "DIR_TUB": "PERPENDICULAR" }, "geometry": { "type": "Point", "coordinates": [ -73.943328297999983, 4.356064841000034, 2303.85559999999532 ] } },
{ "type": "Feature", "properties": { "FECHA": "12/11/2023 00:00:00 (UTC)", "DEPTO": "CUNDINAMARCA", "MPIO": "QUETAME", "VEREDA": "CENTRO", "GASODUCTO": "CUSIANA - APIAY - USME", "TRM_RML": "Quetame", "TP_PK": "Fin", "PK": "002+840", "TP_DUCTO": "Ramal", "DISTRITO": "4", "DIAMETRO": "2", "TRM_REG": "APIAY - USME", "ZONA": "3", "SENAL_EX": "SI", "FORMA_ACCE": "Sendero a pie por el DDV", "TP_ACCESO": "Vía destapada", "EST_ACCESO": "Bueno", "TP_SECCION": "CRUCE DE CUERPO DE AGUA", "NOM_AGUA": "Río Negro", "ANCHO_AGUA": 5.0, "TP_AGUA": "Principal", "UBIC_CRUCE": "Montaña", "CM_TORRENC": "NO", "CANALIZADO": "NO", "ALTERACION": "NO", "ZONA_INUND": "NO", "FORM_CAUCE": "Semirecto", "ESTABILID": "Estable", "TP_MARGEN": "Derecho", "TP_SOPORTE": "Marcos H con cables", "LUZ_SOPORT": 73.0, "EST_SOPORT": "Bueno", "EXIST_CABL": "SI", "EST_CABLE": "Bueno", "MACIZO_ANC": "SI", "EST_MACIZO": "Bueno", "ZONA_TRANS": "Buen estado. Longitud zona de transición 3m.", "TP_REVEST": "Poliken", "AREA_REVES": 0.0, "EST_REVEST": "Bueno", "DEFECT_REV": "N.A.", "DSC_EST_TB": "Bueno", "DEFECT_TUB": "N.A.", "EVENTO_GEO": "No", "OBSERVACIO": "Tuberia superficial con pintura de poliuretano de altos sólidos (tipo poliuretano alifático) para exteriores en el tramo del cruce aéreo. Río con bajo caudal.", "EXISTENTE": "SI", "PROFUNDIDA": 0.0, "LATITUD": 4.3277188030000389, "LONGITUD": -73.868225034999966, "ALTITUD": 1348.5636, "IMAGEN_1": "C007_IMG_20231112_140358.jpg", "IMAGEN_2": "C007_IMG_20231112_140413.jpg", "IMAGEN_3": "C007_IMG_20231112_140423.jpg", "ID": "CCA-18", "ENTREGA": "E21_R3", "CREC_SUBIT": "NO", "DIR_TUB": "(PERPENDICULAR)" }, "geometry": { "type": "Point", "coordinates": [ -73.868225034999966, 4.327718803000039, 1348.56359999999404 ] } },
{ "type": "Feature", "properties": { "FECHA": "12/11/2023 00:00:00 (UTC)", "DEPTO": "CUNDINAMARCA", "MPIO": "QUETAME", "VEREDA": "CENTRO", "GASODUCTO": "CUSIANA - APIAY - USME", "TRM_RML": "Quetame", "TP_PK": "Inicio", "PK": "002+913", "TP_DUCTO": "Ramal", "DISTRITO": "4", "DIAMETRO": "2", "TRM_REG": "APIAY - USME", "ZONA": "3", "SENAL_EX": "NO", "FORMA_ACCE": "Sendero a pie por el DDV", "TP_ACCESO": "Vía destapada", "EST_ACCESO": "Bueno", "TP_SECCION": "CRUCE DE PROCESO MORFODINAMICO", "NOM_AGUA": "N.A.", "ANCHO_AGUA": 0.0, "TP_AGUA": "N.A.", "UBIC_CRUCE": "Montaña", "CM_TORRENC": "NO", "CANALIZADO": "NO", "ALTERACION": "NO", "ZONA_INUND": "NO", "FORM_CAUCE": "N.A.", "ESTABILID": "Estable", "TP_MARGEN": "Derecho", "TP_SOPORTE": "Marcos H", "LUZ_SOPORT": 5.0, "EST_SOPORT": "Regular", "EXIST_CABL": "NO", "EST_CABLE": "Bueno", "MACIZO_ANC": "NO", "EST_MACIZO": "Bueno", "ZONA_TRANS": "Estado regular", "TP_REVEST": "OTRO", "AREA_REVES": 2.794, "EST_REVEST": "Regular", "DEFECT_REV": "Desprendimiento", "DSC_EST_TB": "Regular", "DEFECT_TUB": "Corrosión Generalizada", "EVENTO_GEO": "No", "OBSERVACIO": "Tuberia superficial con pintura de poliuretano de altos sólidos (tipo poliuretano alifático) para exteriores. No se tiene fin de cruce aéreo por SIN PASO", "EXISTENTE": "SI", "PROFUNDIDA": 0.0, "LATITUD": 4.3281073440000455, "LONGITUD": -73.867662450999944, "ALTITUD": 1381.2727, "IMAGEN_1": "C007_IMG_20231112_141820.jpg", "IMAGEN_2": "C007_IMG_20231112_141826.jpg", "IMAGEN_3": "C007_IMG_20231112_141834.jpg", "ID": "CCA-19", "ENTREGA": "E21_R3", "CREC_SUBIT": "N/A", "DIR_TUB": "N/A" }, "geometry": { "type": "Point", "coordinates": [ -73.867662450999944, 4.328107344000045, 1381.27270000000135 ] } },
{ "type": "Feature", "properties": { "FECHA": "12/11/2023 00:00:00 (UTC)", "DEPTO": "CUNDINAMARCA", "MPIO": "QUETAME", "VEREDA": "GUACAPATE", "GASODUCTO": "CUSIANA - APIAY - USME", "TRM_RML": "Quetame", "TP_PK": "Inicio", "PK": "002+767", "TP_DUCTO": "Ramal", "DISTRITO": "4", "DIAMETRO": "2", "TRM_REG": "APIAY - USME", "ZONA": "3", "SENAL_EX": "NO", "FORMA_ACCE": "Sendero a pie por el DDV", "TP_ACCESO": "Vía destapada", "EST_ACCESO": "Bueno", "TP_SECCION": "CRUCE DE CUERPO DE AGUA", "NOM_AGUA": "Río Negro", "ANCHO_AGUA": 5.0, "TP_AGUA": "Principal", "UBIC_CRUCE": "Montaña", "CM_TORRENC": "NO", "CANALIZADO": "NO", "ALTERACION": "NO", "ZONA_INUND": "NO", "FORM_CAUCE": "Semirecto", "ESTABILID": "Estable", "TP_MARGEN": "Izquierdo", "TP_SOPORTE": "Marcos H con cables", "LUZ_SOPORT": 73.0, "EST_SOPORT": "Bueno", "EXIST_CABL": "SI", "EST_CABLE": "Bueno", "MACIZO_ANC": "SI", "EST_MACIZO": "Bueno", "ZONA_TRANS": "Buen estado. Longitud zona de transición 3m.", "TP_REVEST": "Poliken", "AREA_REVES": 0.0, "EST_REVEST": "Bueno", "DEFECT_REV": "N.A.", "DSC_EST_TB": "Bueno", "DEFECT_TUB": "N.A.", "EVENTO_GEO": "No", "OBSERVACIO": "Tuberia superficial con pintura de poliuretano de altos sólidos (tipo poliuretano alifático) para exteriores en el tramo del cruce aéreo. Río con bajo caudal. PUNTO CREADO EN OFICINA", "EXISTENTE": "SI", "PROFUNDIDA": 0.0, "LATITUD": 4.3271570160000579, "LONGITUD": -73.868836579999936, "ALTITUD": 1363.8636, "IMAGEN_1": "C007_IMG_20231112_120553.jpg", "IMAGEN_2": "C007_IMG_20231112_120549.jpg", "IMAGEN_3": "C007_IMG_20231112_120544.jpg", "ID": "CCA-20", "ENTREGA": "E21_R3", "CREC_SUBIT": "NO", "DIR_TUB": "(PERPENDICULAR)" }, "geometry": { "type": "Point", "coordinates": [ -73.868836579999936, 4.327157016000058, 1363.86359999999695 ] } },
{ "type": "Feature", "properties": { "FECHA": "12/11/2023 00:00:00 (UTC)", "DEPTO": "CUNDINAMARCA", "MPIO": "QUETAME", "VEREDA": "CENTRO", "GASODUCTO": "CUSIANA - APIAY - USME", "TRM_RML": "Quetame", "TP_PK": "Fin", "PK": "002+913", "TP_DUCTO": "Ramal", "DISTRITO": "4", "DIAMETRO": "2", "TRM_REG": "APIAY - USME", "ZONA": "3", "SENAL_EX": "NO", "FORMA_ACCE": "Sendero a pie por el DDV", "TP_ACCESO": "Vía destapada", "EST_ACCESO": "Bueno", "TP_SECCION": "CRUCE DE PROCESO MORFODINAMICO", "NOM_AGUA": "N.A.", "ANCHO_AGUA": 0.0, "TP_AGUA": "N.A.", "UBIC_CRUCE": "Montaña", "CM_TORRENC": "NO", "CANALIZADO": "NO", "ALTERACION": "NO", "ZONA_INUND": "NO", "FORM_CAUCE": "N.A.", "ESTABILID": "Estable", "TP_MARGEN": "Derecho", "TP_SOPORTE": "Marcos H", "LUZ_SOPORT": 5.0, "EST_SOPORT": "Regular", "EXIST_CABL": "NO", "EST_CABLE": "Bueno", "MACIZO_ANC": "NO", "EST_MACIZO": "Bueno", "ZONA_TRANS": "Estado regular", "TP_REVEST": "OTRO", "AREA_REVES": 2.794, "EST_REVEST": "Regular", "DEFECT_REV": "Desprendimiento", "DSC_EST_TB": "Regular", "DEFECT_TUB": "Corrosión Generalizada", "EVENTO_GEO": "No", "OBSERVACIO": "BORRAR---Tuberia superficial con pintura de poliuretano de altos sólidos (tipo poliuretano alifático) para exteriores. No se tiene fin de cruce aéreo por SIN PASO", "EXISTENTE": "SI", "PROFUNDIDA": 0.0, "LATITUD": 4.3281073440000455, "LONGITUD": -73.867662450999944, "ALTITUD": 1381.2727, "IMAGEN_1": "C007_IMG_20231112_141820.jpg", "IMAGEN_2": "C007_IMG_20231112_141826.jpg", "IMAGEN_3": "C007_IMG_20231112_141834.jpg", "ID": "CCA-21", "ENTREGA": "E21_R3", "CREC_SUBIT": "N/A", "DIR_TUB": "N/A" }, "geometry": { "type": "Point", "coordinates": [ -73.867662450999944, 4.328107344000045, 1381.27270000000135 ] } },
{ "type": "Feature", "properties": { "FECHA": "20/10/2023 00:00:00 (UTC)", "DEPTO": "CUNDINAMARCA", "MPIO": "GUAYABETAL", "VEREDA": "SAN ANTONIO", "GASODUCTO": "CUSIANA - APIAY - USME", "TRM_RML": "Villavicencio - Usme", "TP_PK": "Fin", "PK": "060+980", "TP_DUCTO": "Troncal", "DISTRITO": "4", "DIAMETRO": "6", "TRM_REG": "APIAY - USME", "ZONA": "3", "SENAL_EX": "NO", "FORMA_ACCE": "Por el DDV", "TP_ACCESO": "Sendero a pie", "EST_ACCESO": "Bueno", "TP_SECCION": "CRUCE DE CUERPO DE AGUA", "NOM_AGUA": "Quebrada NN", "ANCHO_AGUA": 6.0, "TP_AGUA": "Secundaria", "UBIC_CRUCE": "Llanura", "CM_TORRENC": "SI", "CANALIZADO": "NO", "ALTERACION": "NO", "ZONA_INUND": "NO", "FORM_CAUCE": "Semirecto", "ESTABILID": "Estable", "TP_MARGEN": "Derecho", "TP_SOPORTE": "Puente colgante", "LUZ_SOPORT": 118.0, "EST_SOPORT": "Bueno", "EXIST_CABL": "SI", "EST_CABLE": "Bueno", "MACIZO_ANC": "SI", "EST_MACIZO": "Bueno", "ZONA_TRANS": "Buen estado. Longitud zona de transición 11m.", "TP_REVEST": "OTRO", "AREA_REVES": 0.0, "EST_REVEST": "Bueno", "DEFECT_REV": "N.A.", "DSC_EST_TB": "Bueno", "DEFECT_TUB": "N.A.", "EVENTO_GEO": "No", "OBSERVACIO": "Tuberia superficial con pintura de poliuretano de altos sólidos (tipo poliuretano alifático) para exteriores. Punto creado en oficina esta dentro de un SIN PASO.", "EXISTENTE": "SI", "PROFUNDIDA": 0.0, "LATITUD": 4.1981234370000493, "LONGITUD": -73.816933095999957, "ALTITUD": 1097.7667, "IMAGEN_1": "C007_IMG_20231020_111111.jpg", "IMAGEN_2": "C007_IMG_20231020_110946.jpg", "IMAGEN_3": "C007_IMG_20231020_110952.jpg", "ID": "CCA-22", "ENTREGA": "E21_R3", "CREC_SUBIT": "SI", "DIR_TUB": "(PERPENDICULAR)" }, "geometry": { "type": "Point", "coordinates": [ -73.816933095999957, 4.198123437000049, 1097.766699999992852 ] } },
{ "type": "Feature", "properties": { "FECHA": "20/10/2023 00:00:00 (UTC)", "DEPTO": "CUNDINAMARCA", "MPIO": "GUAYABETAL", "VEREDA": "JABONERAS", "GASODUCTO": "CUSIANA - APIAY - USME", "TRM_RML": "Villavicencio - Usme", "TP_PK": "Fin", "PK": "062+229", "TP_DUCTO": "Troncal", "DISTRITO": "4", "DIAMETRO": "6", "TRM_REG": "APIAY - USME", "ZONA": "3", "SENAL_EX": "SI", "FORMA_ACCE": "Por el DDV", "TP_ACCESO": "Sendero a pie", "EST_ACCESO": "Bueno", "TP_SECCION": "CRUCE DE CUERPO DE AGUA", "NOM_AGUA": "Río Blanco", "ANCHO_AGUA": 15.0, "TP_AGUA": "Principal", "UBIC_CRUCE": "Montaña", "CM_TORRENC": "SI", "CANALIZADO": "NO", "ALTERACION": "NO", "ZONA_INUND": "NO", "FORM_CAUCE": "Semirecto", "ESTABILID": "Estable", "TP_MARGEN": "Derecho", "TP_SOPORTE": "Marcos H con cables", "LUZ_SOPORT": 0.0, "EST_SOPORT": "Bueno", "EXIST_CABL": "SI", "EST_CABLE": "Bueno", "MACIZO_ANC": "SI", "EST_MACIZO": "Bueno", "ZONA_TRANS": "Buen estado. Longitud zona de transición 1m.", "TP_REVEST": "OTRO", "AREA_REVES": 0.0, "EST_REVEST": "Regular", "DEFECT_REV": "Desprendimiento", "DSC_EST_TB": "Regular", "DEFECT_TUB": "Corrosión Generalizada", "EVENTO_GEO": "No", "OBSERVACIO": "BORRAR---No se tiene la luz entre los soportes ya que no se pudo capturar el fin del cruce aéreo por SIN PASO debido a vegetación densa y pendiente fuerte.", "EXISTENTE": "SI", "PROFUNDIDA": 0.0, "LATITUD": 4.2078705560000458, "LONGITUD": -73.816305832999944, "ALTITUD": 955.8222, "IMAGEN_1": "C007_IMG_20231020_125002.jpg", "IMAGEN_2": "C007_IMG_20231020_125010.jpg", "IMAGEN_3": "C007_IMG_20231020_125018.jpg", "ID": "CCA-23", "ENTREGA": "E21_R3", "CREC_SUBIT": "SI", "DIR_TUB": "(PERPENDICULAR)" }, "geometry": { "type": "Point", "coordinates": [ -73.816305832999944, 4.207870556000046, 955.822199999995064 ] } },
{ "type": "Feature", "properties": { "FECHA": "15/11/2023 00:00:00 (UTC)", "DEPTO": "CUNDINAMARCA", "MPIO": "CHIPAQUE", "VEREDA": "ALTO DEL RAMO", "GASODUCTO": "CUSIANA - APIAY - USME", "TRM_RML": "Chipaque", "TP_PK": "Inicio", "PK": "002+060", "TP_DUCTO": "Ramal", "DISTRITO": "4", "DIAMETRO": "2", "TRM_REG": "APIAY - USME", "ZONA": "3", "SENAL_EX": "SI", "FORMA_ACCE": "Sendero a pie por el DDV", "TP_ACCESO": "Vía pavimentada", "EST_ACCESO": "Bueno", "TP_SECCION": "CRUCE DE CUERPO DE AGUA", "NOM_AGUA": "Quebrada Río Kente", "ANCHO_AGUA": 4.0, "TP_AGUA": "Secundaria", "UBIC_CRUCE": "Montaña", "CM_TORRENC": "SI", "CANALIZADO": "NO", "ALTERACION": "NO", "ZONA_INUND": "NO", "FORM_CAUCE": "Semirecto", "ESTABILID": "Estable", "TP_MARGEN": "Derecho", "TP_SOPORTE": "Marcos H con cables", "LUZ_SOPORT": 23.0, "EST_SOPORT": "Bueno", "EXIST_CABL": "SI", "EST_CABLE": "Bueno", "MACIZO_ANC": "NO", "EST_MACIZO": "Bueno", "ZONA_TRANS": "Buen estado. Longitud zona de transición 1m.", "TP_REVEST": "OTRO", "AREA_REVES": 0.0, "EST_REVEST": "Bueno", "DEFECT_REV": "N.A.", "DSC_EST_TB": "Bueno", "DEFECT_TUB": "N.A.", "EVENTO_GEO": "Si", "OBSERVACIO": "Tuberia superficial con pintura de poliuretano de altos sólidos (tipo poliuretano alifático) para exteriores.", "EXISTENTE": "SI", "PROFUNDIDA": 0.0, "LATITUD": 4.446899485000074, "LONGITUD": -74.055556183999954, "ALTITUD": 2562.0333, "IMAGEN_1": "C007_IMG_20231115_111256.jpg", "IMAGEN_2": "C007_IMG_20231115_111303.jpg", "IMAGEN_3": "C007_IMG_20231115_111308.jpg", "ID": "CCA-24", "ENTREGA": "E21_R3", "CREC_SUBIT": "SI", "DIR_TUB": "PERPENDICULAR" }, "geometry": { "type": "Point", "coordinates": [ -74.055556183999954, 4.446899485000074, 2562.033299999995506 ] } },
{ "type": "Feature", "properties": { "FECHA": "15/11/2023 00:00:00 (UTC)", "DEPTO": "CUNDINAMARCA", "MPIO": "CHIPAQUE", "VEREDA": "ALTO DEL RAMO", "GASODUCTO": "CUSIANA - APIAY - USME", "TRM_RML": "Chipaque", "TP_PK": "Fin", "PK": "002+083", "TP_DUCTO": "Ramal", "DISTRITO": "4", "DIAMETRO": "2", "TRM_REG": "APIAY - USME", "ZONA": "3", "SENAL_EX": "SI", "FORMA_ACCE": "Sendero a pie por el DDV", "TP_ACCESO": "Vía pavimentada", "EST_ACCESO": "Bueno", "TP_SECCION": "CRUCE DE CUERPO DE AGUA", "NOM_AGUA": "Quebrada Río Kente", "ANCHO_AGUA": 4.0, "TP_AGUA": "Secundaria", "UBIC_CRUCE": "Montaña", "CM_TORRENC": "SI", "CANALIZADO": "NO", "ALTERACION": "NO", "ZONA_INUND": "NO", "FORM_CAUCE": "Semirecto", "ESTABILID": "Estable", "TP_MARGEN": "Izquierdo", "TP_SOPORTE": "Marcos H con cables", "LUZ_SOPORT": 23.0, "EST_SOPORT": "Bueno", "EXIST_CABL": "SI", "EST_CABLE": "Bueno", "MACIZO_ANC": "NO", "EST_MACIZO": "Bueno", "ZONA_TRANS": "Buen estado. Longitud zona de transición 1m.", "TP_REVEST": "OTRO", "AREA_REVES": 0.0, "EST_REVEST": "Bueno", "DEFECT_REV": "N.A.", "DSC_EST_TB": "Bueno", "DEFECT_TUB": "N.A.", "EVENTO_GEO": "Si", "OBSERVACIO": "Tuberia superficial con pintura de poliuretano de altos sólidos (tipo poliuretano alifático) para exteriores.", "EXISTENTE": "SI", "PROFUNDIDA": 0.0, "LATITUD": 4.4470140790000414, "LONGITUD": -74.055371505999972, "ALTITUD": 2565.4667, "IMAGEN_1": "C007_IMG_20231115_112127.jpg", "IMAGEN_2": "C007_IMG_20231115_112136.jpg", "IMAGEN_3": "C007_IMG_20231115_112140.jpg", "ID": "CCA-25", "ENTREGA": "E21_R3", "CREC_SUBIT": "SI", "DIR_TUB": "PERPENDICULAR" }, "geometry": { "type": "Point", "coordinates": [ -74.055371505999972, 4.447014079000041, 2565.466700000004494 ] } },
{ "type": "Feature", "properties": { "FECHA": "1/12/2023 00:00:00 (UTC)", "DEPTO": "CASANARE", "MPIO": "MONTERREY", "VEREDA": "TIERRA GRATA", "GASODUCTO": "CUSIANA - APIAY - USME", "TRM_RML": "Cusiana - PK65", "TP_PK": "Fin", "PK": "031+249", "TP_DUCTO": "Troncal", "DISTRITO": "4", "DIAMETRO": "12", "TRM_REG": "CUSIANA - APIAY", "ZONA": "3", "SENAL_EX": "NO", "FORMA_ACCE": "DDV", "TP_ACCESO": "Vía destapada", "EST_ACCESO": "Bueno", "TP_SECCION": "CRUCE DE CUERPO DE AGUA", "NOM_AGUA": "Caño El Muerto", "ANCHO_AGUA": 15.0, "TP_AGUA": "Secundaria", "UBIC_CRUCE": "Llanura", "CM_TORRENC": "NO", "CANALIZADO": "NO", "ALTERACION": "NO", "ZONA_INUND": "NO", "FORM_CAUCE": "Semirecto", "ESTABILID": "Estable", "TP_MARGEN": "Derecho", "TP_SOPORTE": "Puente colgante", "LUZ_SOPORT": 89.0, "EST_SOPORT": "Bueno", "EXIST_CABL": "NO", "EST_CABLE": "Bueno", "MACIZO_ANC": "SI", "EST_MACIZO": "Bueno", "ZONA_TRANS": "Longitud de la zona de transición es de 24m y se encuentra en buen estado.", "TP_REVEST": "Alquitran de Hulla", "AREA_REVES": 0.0, "EST_REVEST": "Bueno", "DEFECT_REV": "N.A.", "DSC_EST_TB": "Bueno", "DEFECT_TUB": "N.A.", "EVENTO_GEO": "No", "OBSERVACIO": " ", "EXISTENTE": "SI", "PROFUNDIDA": 0.0, "LATITUD": 4.8711891600000286, "LONGITUD": -72.916030776999946, "ALTITUD": 423.05, "IMAGEN_1": "C007_IMG_20231201_130038.jpg", "IMAGEN_2": "C007_IMG_20231201_130044.jpg", "IMAGEN_3": "C007_IMG_20231201_130048.jpg", "ID": "CCA-12", "ENTREGA": "E27_R3", "CREC_SUBIT": "SI", "DIR_TUB": "(PERPENDICULAR)" }, "geometry": { "type": "Point", "coordinates": [ -72.916030776999946, 4.871189160000029, 423.05000000000291 ] } },
{ "type": "Feature", "properties": { "FECHA": "1/12/2023 00:00:00 (UTC)", "DEPTO": "CASANARE", "MPIO": "MONTERREY", "VEREDA": "TIERRA GRATA", "GASODUCTO": "CUSIANA - APIAY - USME", "TRM_RML": "Cusiana - PK65", "TP_PK": "Inicio", "PK": "031+101", "TP_DUCTO": "Troncal", "DISTRITO": "4", "DIAMETRO": "12", "TRM_REG": "CUSIANA - APIAY", "ZONA": "3", "SENAL_EX": "SI", "FORMA_ACCE": "DDV", "TP_ACCESO": "Vía destapada", "EST_ACCESO": "Bueno", "TP_SECCION": "CRUCE DE CUERPO DE AGUA", "NOM_AGUA": "Caño El Muerto", "ANCHO_AGUA": 15.0, "TP_AGUA": "Secundaria", "UBIC_CRUCE": "Llanura", "CM_TORRENC": "NO", "CANALIZADO": "NO", "ALTERACION": "NO", "ZONA_INUND": "NO", "FORM_CAUCE": "Semirecto", "ESTABILID": "Estable", "TP_MARGEN": "Izquierdo", "TP_SOPORTE": "Puente colgante", "LUZ_SOPORT": 89.0, "EST_SOPORT": "Bueno", "EXIST_CABL": "NO", "EST_CABLE": "Bueno", "MACIZO_ANC": "SI", "EST_MACIZO": "Bueno", "ZONA_TRANS": "Longitud de la zona de transición es de 24m y se encuentra en buen estado.", "TP_REVEST": "Alquitran de Hulla", "AREA_REVES": 0.0, "EST_REVEST": "Bueno", "DEFECT_REV": "N.A.", "DSC_EST_TB": "Bueno", "DEFECT_TUB": "N.A.", "EVENTO_GEO": "No", "OBSERVACIO": " ", "EXISTENTE": "SI", "PROFUNDIDA": 0.0, "LATITUD": 4.8721601700000292, "LONGITUD": -72.915205822999951, "ALTITUD": 427.25, "IMAGEN_1": "C007_IMG_20231201_124346.jpg", "IMAGEN_2": "C007_IMG_20231201_124352.jpg", "IMAGEN_3": "C007_IMG_20231201_124356.jpg", "ID": "CCA-13", "ENTREGA": "E27_R3", "CREC_SUBIT": "SI", "DIR_TUB": "(PERPENDICULAR)" }, "geometry": { "type": "Point", "coordinates": [ -72.915205822999951, 4.872160170000029, 427.25 ] } },
{ "type": "Feature", "properties": { "FECHA": "2/12/2023 00:00:00 (UTC)", "DEPTO": "CASANARE", "MPIO": "MONTERREY", "VEREDA": "GUANEYES", "GASODUCTO": "CUSIANA - APIAY - USME", "TRM_RML": "Cusiana - PK65", "TP_PK": "Fin", "PK": "034+375", "TP_DUCTO": "Troncal", "DISTRITO": "4", "DIAMETRO": "12", "TRM_REG": "CUSIANA - APIAY", "ZONA": "3", "SENAL_EX": "SI", "FORMA_ACCE": "DDV", "TP_ACCESO": "Sendero a pie", "EST_ACCESO": "Bueno", "TP_SECCION": "CRUCE DE CUERPO DE AGUA", "NOM_AGUA": "Caño Hondano", "ANCHO_AGUA": 20.0, "TP_AGUA": "Secundaria", "UBIC_CRUCE": "Llanura", "CM_TORRENC": "NO", "CANALIZADO": "NO", "ALTERACION": "NO", "ZONA_INUND": "NO", "FORM_CAUCE": "Semirecto", "ESTABILID": "Estable", "TP_MARGEN": "Derecho", "TP_SOPORTE": "Puente colgante", "LUZ_SOPORT": 82.0, "EST_SOPORT": "Bueno", "EXIST_CABL": "SI", "EST_CABLE": "Bueno", "MACIZO_ANC": "SI", "EST_MACIZO": "Bueno", "ZONA_TRANS": "Longitud de la zona de transición es de 42m y se encuentra en buen estado.", "TP_REVEST": "Alquitran de Hulla", "AREA_REVES": 0.0, "EST_REVEST": "Bueno", "DEFECT_REV": "N.A.", "DSC_EST_TB": "Bueno", "DEFECT_TUB": "N.A.", "EVENTO_GEO": "No", "OBSERVACIO": " ", "EXISTENTE": "SI", "PROFUNDIDA": 0.0, "LATITUD": 4.8487785670000676, "LONGITUD": -72.930987493999964, "ALTITUD": 409.9111, "IMAGEN_1": "C007_IMG_20231202_122451.jpg", "IMAGEN_2": "C007_IMG_20231202_122459.jpg", "IMAGEN_3": "C007_IMG_20231202_122512.jpg", "ID": "CCA-14", "ENTREGA": "E27_R3", "CREC_SUBIT": "SI", "DIR_TUB": "(PERPENDICULAR)" }, "geometry": { "type": "Point", "coordinates": [ -72.930987493999964, 4.848778567000068, 409.911099999997532 ] } },
{ "type": "Feature", "properties": { "FECHA": "3/12/2023 00:00:00 (UTC)", "DEPTO": "CASANARE", "MPIO": "MONTERREY", "VEREDA": "GUANEYES", "GASODUCTO": "CUSIANA - APIAY - USME", "TRM_RML": "Cusiana - PK65", "TP_PK": "Inicio", "PK": "036+769", "TP_DUCTO": "Troncal", "DISTRITO": "4", "DIAMETRO": "12", "TRM_REG": "CUSIANA - APIAY", "ZONA": "3", "SENAL_EX": "NO", "FORMA_ACCE": "DDV", "TP_ACCESO": "Vía destapada", "EST_ACCESO": "Bueno", "TP_SECCION": "CRUCE DE CUERPO DE AGUA", "NOM_AGUA": "Caño Los Quemones", "ANCHO_AGUA": 25.0, "TP_AGUA": "Secundaria", "UBIC_CRUCE": "Llanura", "CM_TORRENC": "SI", "CANALIZADO": "NO", "ALTERACION": "NO", "ZONA_INUND": "NO", "FORM_CAUCE": "Semirecto", "ESTABILID": "Estable", "TP_MARGEN": "Izquierdo", "TP_SOPORTE": "Puente colgante", "LUZ_SOPORT": 101.0, "EST_SOPORT": "Bueno", "EXIST_CABL": "SI", "EST_CABLE": "Bueno", "MACIZO_ANC": "SI", "EST_MACIZO": "Bueno", "ZONA_TRANS": "Longitud de la zona de transición es de 41m y se encuentra en buen estado.", "TP_REVEST": "Alquitran de Hulla", "AREA_REVES": 0.0, "EST_REVEST": "Bueno", "DEFECT_REV": "N.A.", "DSC_EST_TB": "Bueno", "DEFECT_TUB": "N.A.", "EVENTO_GEO": "No", "OBSERVACIO": " ", "EXISTENTE": "SI", "PROFUNDIDA": 0.0, "LATITUD": 4.8306213740000317, "LONGITUD": -72.944791565999935, "ALTITUD": 397.23330000000715, "IMAGEN_1": "C007_IMG_20231203_100343.jpg", "IMAGEN_2": "C007_IMG_20231203_100351.jpg", "IMAGEN_3": "C007_IMG_20231203_100404.jpg", "ID": "CCA-15", "ENTREGA": "E27_R3", "CREC_SUBIT": "SI", "DIR_TUB": "(PERPENDICULAR)" }, "geometry": { "type": "Point", "coordinates": [ -72.944791565999935, 4.830621374000032, 397.233300000007148 ] } },
{ "type": "Feature", "properties": { "FECHA": "3/12/2023 00:00:00 (UTC)", "DEPTO": "CASANARE", "MPIO": "MONTERREY", "VEREDA": "IGUARO", "GASODUCTO": "CUSIANA - APIAY - USME", "TRM_RML": "Cusiana - PK65", "TP_PK": "Fin", "PK": "036+954", "TP_DUCTO": "Troncal", "DISTRITO": "4", "DIAMETRO": "12", "TRM_REG": "CUSIANA - APIAY", "ZONA": "3", "SENAL_EX": "SI", "FORMA_ACCE": "DDV", "TP_ACCESO": "Vía destapada", "EST_ACCESO": "Bueno", "TP_SECCION": "CRUCE DE CUERPO DE AGUA", "NOM_AGUA": "Caño Los Quemones", "ANCHO_AGUA": 25.0, "TP_AGUA": "Secundaria", "UBIC_CRUCE": "Llanura", "CM_TORRENC": "SI", "CANALIZADO": "NO", "ALTERACION": "NO", "ZONA_INUND": "NO", "FORM_CAUCE": "Semirecto", "ESTABILID": "Estable", "TP_MARGEN": "Derecho", "TP_SOPORTE": "Puente colgante", "LUZ_SOPORT": 101.0, "EST_SOPORT": "Bueno", "EXIST_CABL": "SI", "EST_CABLE": "Bueno", "MACIZO_ANC": "SI", "EST_MACIZO": "Bueno", "ZONA_TRANS": "Longitud de la zona de transición es de 43m y se encuentra en buen estado.", "TP_REVEST": "Alquitran de Hulla", "AREA_REVES": 0.0, "EST_REVEST": "Bueno", "DEFECT_REV": "N.A.", "DSC_EST_TB": "Bueno", "DEFECT_TUB": "N.A.", "EVENTO_GEO": "No", "OBSERVACIO": " ", "EXISTENTE": "SI", "PROFUNDIDA": 0.0, "LATITUD": 4.8292410900000391, "LONGITUD": -72.94570688999994, "ALTITUD": 395.0333, "IMAGEN_1": "C007_IMG_20231203_101524.jpg", "IMAGEN_2": "C007_IMG_20231203_101529.jpg", "IMAGEN_3": "C007_IMG_20231203_101537.jpg", "ID": "CCA-16", "ENTREGA": "E27_R3", "CREC_SUBIT": "SI", "DIR_TUB": "(PERPENDICULAR)" }, "geometry": { "type": "Point", "coordinates": [ -72.94570688999994, 4.829241090000039, 395.033299999995506 ] } },
{ "type": "Feature", "properties": { "FECHA": "2/12/2023 00:00:00 (UTC)", "DEPTO": "CASANARE", "MPIO": "MONTERREY", "VEREDA": "TIERRA GRATA", "GASODUCTO": "CUSIANA - APIAY - USME", "TRM_RML": "Cusiana - PK65", "TP_PK": "Inicio", "PK": "034+186", "TP_DUCTO": "Troncal", "DISTRITO": "4", "DIAMETRO": "12", "TRM_REG": "CUSIANA - APIAY", "ZONA": "3", "SENAL_EX": "NO", "FORMA_ACCE": "DDV", "TP_ACCESO": "Sendero a pie", "EST_ACCESO": "Bueno", "TP_SECCION": "CRUCE DE CUERPO DE AGUA", "NOM_AGUA": "Caño Hondano", "ANCHO_AGUA": 20.0, "TP_AGUA": "Secundaria", "UBIC_CRUCE": "Llanura", "CM_TORRENC": "NO", "CANALIZADO": "NO", "ALTERACION": "NO", "ZONA_INUND": "NO", "FORM_CAUCE": "Semirecto", "ESTABILID": "Estable", "TP_MARGEN": "Izquierdo", "TP_SOPORTE": "Puente colgante", "LUZ_SOPORT": 82.0, "EST_SOPORT": "Bueno", "EXIST_CABL": "SI", "EST_CABLE": "Bueno", "MACIZO_ANC": "SI", "EST_MACIZO": "Bueno", "ZONA_TRANS": "Longitud de la zona de transición es de 36m y se encuentra en buen estado.", "TP_REVEST": "Alquitran de Hulla", "AREA_REVES": 0.0, "EST_REVEST": "Bueno", "DEFECT_REV": "N.A.", "DSC_EST_TB": "Bueno", "DEFECT_TUB": "N.A.", "EVENTO_GEO": "No", "OBSERVACIO": " ", "EXISTENTE": "SI", "PROFUNDIDA": 0.0, "LATITUD": 4.8501742080000554, "LONGITUD": -72.930175792999989, "ALTITUD": 411.89999999999418, "IMAGEN_1": "C007_IMG_20231202_120643.jpg", "IMAGEN_2": "C007_IMG_20231202_120651.jpg", "IMAGEN_3": "C007_IMG_20231202_120700.jpg", "ID": "CCA-17", "ENTREGA": "E27_R3", "CREC_SUBIT": "SI", "DIR_TUB": "(PERPENDICULAR)" }, "geometry": { "type": "Point", "coordinates": [ -72.930175792999989, 4.850174208000055, 411.899999999994179 ] } },
{ "type": "Feature", "properties": { "FECHA": "2/12/2023 00:00:00 (UTC)", "DEPTO": "CASANARE", "MPIO": "MONTERREY", "VEREDA": "TIERRA GRATA", "GASODUCTO": "CUSIANA - APIAY - USME", "TRM_RML": "Cusiana - PK65", "TP_PK": "Inicio", "PK": "032+185", "TP_DUCTO": "Troncal", "DISTRITO": "4", "DIAMETRO": "12", "TRM_REG": "CUSIANA - APIAY", "ZONA": "3", "SENAL_EX": "NO", "FORMA_ACCE": "DDV", "TP_ACCESO": "Sendero a pie", "EST_ACCESO": "Bueno", "TP_SECCION": "CRUCE DE CUERPO DE AGUA", "NOM_AGUA": "Caño NN", "ANCHO_AGUA": 10.0, "TP_AGUA": "Secundaria", "UBIC_CRUCE": "Llanura", "CM_TORRENC": "NO", "CANALIZADO": "NO", "ALTERACION": "NO", "ZONA_INUND": "NO", "FORM_CAUCE": "Semirecto", "ESTABILID": "Estable", "TP_MARGEN": "Izquierdo", "TP_SOPORTE": "Puente colgante", "LUZ_SOPORT": 67.0, "EST_SOPORT": "Bueno", "EXIST_CABL": "SI", "EST_CABLE": "Bueno", "MACIZO_ANC": "SI", "EST_MACIZO": "Bueno", "ZONA_TRANS": "Longitud de la zona de transición es de 22m y se encuentra en buen estado.", "TP_REVEST": "Alquitran de Hulla", "AREA_REVES": 0.0, "EST_REVEST": "Bueno", "DEFECT_REV": "N.A.", "DSC_EST_TB": "Bueno", "DEFECT_TUB": "N.A.", "EVENTO_GEO": "No", "OBSERVACIO": " ", "EXISTENTE": "SI", "PROFUNDIDA": 0.0, "LATITUD": 4.8647073220000721, "LONGITUD": -72.920823003999942, "ALTITUD": 420.39999999999418, "IMAGEN_1": "C007_IMG_20231202_094206.jpg", "IMAGEN_2": "C007_IMG_20231202_094215.jpg", "IMAGEN_3": "C007_IMG_20231202_094220.jpg", "ID": "CCA-18", "ENTREGA": "E27_R3", "CREC_SUBIT": "SI", "DIR_TUB": "(PERPENDICULAR)" }, "geometry": { "type": "Point", "coordinates": [ -72.920823003999942, 4.864707322000072, 420.399999999994179 ] } },
{ "type": "Feature", "properties": { "FECHA": "2/12/2023 00:00:00 (UTC)", "DEPTO": "CASANARE", "MPIO": "MONTERREY", "VEREDA": "TIERRA GRATA", "GASODUCTO": "CUSIANA - APIAY - USME", "TRM_RML": "Cusiana - PK65", "TP_PK": "Fin", "PK": "032+283", "TP_DUCTO": "Troncal", "DISTRITO": "4", "DIAMETRO": "12", "TRM_REG": "CUSIANA - APIAY", "ZONA": "3", "SENAL_EX": "SI", "FORMA_ACCE": "DDV", "TP_ACCESO": "Sendero a pie", "EST_ACCESO": "Bueno", "TP_SECCION": "CRUCE DE CUERPO DE AGUA", "NOM_AGUA": "Caño NN", "ANCHO_AGUA": 10.0, "TP_AGUA": "Secundaria", "UBIC_CRUCE": "Llanura", "CM_TORRENC": "NO", "CANALIZADO": "NO", "ALTERACION": "NO", "ZONA_INUND": "NO", "FORM_CAUCE": "Semirecto", "ESTABILID": "Estable", "TP_MARGEN": "Derecho", "TP_SOPORTE": "Puente colgante", "LUZ_SOPORT": 67.0, "EST_SOPORT": "Bueno", "EXIST_CABL": "SI", "EST_CABLE": "Bueno", "MACIZO_ANC": "SI", "EST_MACIZO": "Bueno", "ZONA_TRANS": "Longitud de la zona de transición es de 27m y se encuentra en buen estado.", "TP_REVEST": "Alquitran de Hulla", "AREA_REVES": 0.0, "EST_REVEST": "Bueno", "DEFECT_REV": "N.A.", "DSC_EST_TB": "Bueno", "DEFECT_TUB": "N.A.", "EVENTO_GEO": "No", "OBSERVACIO": " ", "EXISTENTE": "SI", "PROFUNDIDA": 0.0, "LATITUD": 4.8645154100000241, "LONGITUD": -72.921662940999965, "ALTITUD": 431.45, "IMAGEN_1": "C007_IMG_20231202_094924.jpg", "IMAGEN_2": "C007_IMG_20231202_094917.jpg", "IMAGEN_3": "C007_IMG_20231202_094909.jpg", "ID": "CCA-19", "ENTREGA": "E27_R3", "CREC_SUBIT": "SI", "DIR_TUB": "(PERPENDICULAR)" }, "geometry": { "type": "Point", "coordinates": [ -72.921662940999965, 4.864515410000024, 431.44999999999709 ] } },
{ "type": "Feature", "properties": { "FECHA": "2/12/2023 00:00:00 (UTC)", "DEPTO": "CASANARE", "MPIO": "MONTERREY", "VEREDA": "TIERRA GRATA", "GASODUCTO": "CUSIANA - APIAY - USME", "TRM_RML": "Cusiana - PK65", "TP_PK": "Inicio", "PK": "033+068", "TP_DUCTO": "Troncal", "DISTRITO": "4", "DIAMETRO": "12", "TRM_REG": "CUSIANA - APIAY", "ZONA": "3", "SENAL_EX": "NO", "FORMA_ACCE": "DDV", "TP_ACCESO": "Sendero a pie", "EST_ACCESO": "Bueno", "TP_SECCION": "CRUCE DE CUERPO DE AGUA", "NOM_AGUA": "Caño El Tigre", "ANCHO_AGUA": 10.0, "TP_AGUA": "Secundaria", "UBIC_CRUCE": "Llanura", "CM_TORRENC": "NO", "CANALIZADO": "NO", "ALTERACION": "NO", "ZONA_INUND": "NO", "FORM_CAUCE": "Semirecto", "ESTABILID": "Estable", "TP_MARGEN": "Izquierdo", "TP_SOPORTE": "Puente colgante", "LUZ_SOPORT": 48.0, "EST_SOPORT": "Bueno", "EXIST_CABL": "SI", "EST_CABLE": "Bueno", "MACIZO_ANC": "SI", "EST_MACIZO": "Bueno", "ZONA_TRANS": "Longitud de la zona de transición es de 17m y se encuentra en buen estado.", "TP_REVEST": "Alquitran de Hulla", "AREA_REVES": 0.0, "EST_REVEST": "Bueno", "DEFECT_REV": "N.A.", "DSC_EST_TB": "Bueno", "DEFECT_TUB": "N.A.", "EVENTO_GEO": "No", "OBSERVACIO": " ", "EXISTENTE": "SI", "PROFUNDIDA": 0.0, "LATITUD": 4.85874379400002, "LONGITUD": -72.925345342999947, "ALTITUD": 415.0, "IMAGEN_1": "C007_IMG_20231202_105858.jpg", "IMAGEN_2": "C007_IMG_20231202_104801.jpg", "IMAGEN_3": "C007_IMG_20231202_104807.jpg", "ID": "CCA-20", "ENTREGA": "E27_R3", "CREC_SUBIT": "SI", "DIR_TUB": "(PERPENDICULAR)" }, "geometry": { "type": "Point", "coordinates": [ -72.925345342999947, 4.85874379400002, 415.0 ] } },
{ "type": "Feature", "properties": { "FECHA": "2/12/2023 00:00:00 (UTC)", "DEPTO": "CASANARE", "MPIO": "MONTERREY", "VEREDA": "TIERRA GRATA", "GASODUCTO": "CUSIANA - APIAY - USME", "TRM_RML": "Cusiana - PK65", "TP_PK": "Fin", "PK": "033+185", "TP_DUCTO": "Troncal", "DISTRITO": "4", "DIAMETRO": "12", "TRM_REG": "CUSIANA - APIAY", "ZONA": "3", "SENAL_EX": "NO", "FORMA_ACCE": "DDV", "TP_ACCESO": "Sendero a pie", "EST_ACCESO": "Bueno", "TP_SECCION": "CRUCE DE CUERPO DE AGUA", "NOM_AGUA": "Caño El Tigre", "ANCHO_AGUA": 10.0, "TP_AGUA": "Secundaria", "UBIC_CRUCE": "Llanura", "CM_TORRENC": "NO", "CANALIZADO": "NO", "ALTERACION": "NO", "ZONA_INUND": "NO", "FORM_CAUCE": "Semirecto", "ESTABILID": "Estable", "TP_MARGEN": "Derecho", "TP_SOPORTE": "Puente colgante", "LUZ_SOPORT": 48.0, "EST_SOPORT": "Bueno", "EXIST_CABL": "SI", "EST_CABLE": "Bueno", "MACIZO_ANC": "SI", "EST_MACIZO": "Bueno", "ZONA_TRANS": "Longitud de la zona de transición es de 48m y se encuentra en buen estado.", "TP_REVEST": "Alquitran de Hulla", "AREA_REVES": 0.0, "EST_REVEST": "Bueno", "DEFECT_REV": "N.A.", "DSC_EST_TB": "Bueno", "DEFECT_TUB": "N.A.", "EVENTO_GEO": "No", "OBSERVACIO": " ", "EXISTENTE": "SI", "PROFUNDIDA": 0.0, "LATITUD": 4.8577403730000697, "LONGITUD": -72.925651043999949, "ALTITUD": 425.35000000000582, "IMAGEN_1": "C007_IMG_20231202_105832.jpg", "IMAGEN_2": "C007_IMG_20231202_105139.jpg", "IMAGEN_3": "C007_IMG_20231202_105144.jpg", "ID": "CCA-21", "ENTREGA": "E27_R3", "CREC_SUBIT": "SI", "DIR_TUB": "(PERPENDICULAR)" }, "geometry": { "type": "Point", "coordinates": [ -72.925651043999949, 4.85774037300007, 425.350000000005821 ] } },
{ "type": "Feature", "properties": { "FECHA": "6/12/2023 00:00:00 (UTC)", "DEPTO": "CASANARE", "MPIO": "AGUAZUL", "VEREDA": "EL SALITRE", "GASODUCTO": "CUSIANA - APIAY - USME", "TRM_RML": "Aguazul", "TP_PK": "Inicio", "PK": "028+747", "TP_DUCTO": "Ramal", "DISTRITO": "4", "DIAMETRO": "2", "TRM_REG": "CUSIANA - APIAY", "ZONA": "3", "SENAL_EX": "NO", "FORMA_ACCE": "Caminando", "TP_ACCESO": "Vía pavimentada", "EST_ACCESO": "Bueno", "TP_SECCION": "CRUCE DE CUERPO DE AGUA", "NOM_AGUA": "Río Unete", "ANCHO_AGUA": 90.0, "TP_AGUA": "Principal", "UBIC_CRUCE": "Llanura", "CM_TORRENC": "NO", "CANALIZADO": "NO", "ALTERACION": "NO", "ZONA_INUND": "NO", "FORM_CAUCE": "Semirecto", "ESTABILID": "Estable", "TP_MARGEN": "Derecho", "TP_SOPORTE": "Marcos H con cables", "LUZ_SOPORT": 219.0, "EST_SOPORT": "Bueno", "EXIST_CABL": "SI", "EST_CABLE": "Bueno", "MACIZO_ANC": "SI", "EST_MACIZO": "Bueno", "ZONA_TRANS": " ", "TP_REVEST": "Poliken", "AREA_REVES": 0.0, "EST_REVEST": "Bueno", "DEFECT_REV": "N.A.", "DSC_EST_TB": "Bueno", "DEFECT_TUB": "N.A.", "EVENTO_GEO": "No", "OBSERVACIO": "Cruce aéreo de ecopetrol ducto sujeto con abrazaderas", "EXISTENTE": "SI", "PROFUNDIDA": 0.0, "LATITUD": 5.1775467170000411, "LONGITUD": -72.567115653999963, "ALTITUD": 300.5, "IMAGEN_1": "C007_IMG_20231206_125238.jpg", "IMAGEN_2": "C007_IMG_20231206_125244.jpg", "IMAGEN_3": "C007_IMG_20231206_125249.jpg", "ID": "CCA-12", "ENTREGA": "E28_R3", "CREC_SUBIT": "NO", "DIR_TUB": "PERPENDICULAR" }, "geometry": { "type": "Point", "coordinates": [ -72.567115653999963, 5.177546717000041, 300.5 ] } },
{ "type": "Feature", "properties": { "FECHA": "6/12/2023 00:00:00 (UTC)", "DEPTO": "CASANARE", "MPIO": "AGUAZUL", "VEREDA": "ÁREA URBANA", "GASODUCTO": "CUSIANA - APIAY - USME", "TRM_RML": "Aguazul", "TP_PK": "Fin", "PK": "028+987", "TP_DUCTO": "Ramal", "DISTRITO": "4", "DIAMETRO": "2", "TRM_REG": "CUSIANA - APIAY", "ZONA": "3", "SENAL_EX": "NO", "FORMA_ACCE": "Caminando", "TP_ACCESO": "Vía pavimentada", "EST_ACCESO": "Bueno", "TP_SECCION": "CRUCE DE CUERPO DE AGUA", "NOM_AGUA": "Río Unete", "ANCHO_AGUA": 90.0, "TP_AGUA": "Principal", "UBIC_CRUCE": "Llanura", "CM_TORRENC": "NO", "CANALIZADO": "NO", "ALTERACION": "NO", "ZONA_INUND": "NO", "FORM_CAUCE": "Semirecto", "ESTABILID": "Estable", "TP_MARGEN": "Izquierdo", "TP_SOPORTE": "Marcos H", "LUZ_SOPORT": 219.0, "EST_SOPORT": "Bueno", "EXIST_CABL": "SI", "EST_CABLE": "Bueno", "MACIZO_ANC": "SI", "EST_MACIZO": "Bueno", "ZONA_TRANS": " ", "TP_REVEST": "Poliken", "AREA_REVES": 0.0, "EST_REVEST": "Bueno", "DEFECT_REV": "N.A.", "DSC_EST_TB": "Bueno", "DEFECT_TUB": "N.A.", "EVENTO_GEO": "No", "OBSERVACIO": "Cruce aéreo de ecopetrol ducto sujeto con abrazaderas", "EXISTENTE": "SI", "PROFUNDIDA": 0.0, "LATITUD": 5.1792673990000253, "LONGITUD": -72.566207162999945, "ALTITUD": 299.8667, "IMAGEN_1": "C007_IMG_20231206_132251.jpg", "IMAGEN_2": "C007_IMG_20231206_132257.jpg", "IMAGEN_3": "C007_IMG_20231206_132302.jpg", "ID": "CCA-13", "ENTREGA": "E28_R3", "CREC_SUBIT": "NO", "DIR_TUB": "PERPENDICULAR" }, "geometry": { "type": "Point", "coordinates": [ -72.566207162999945, 5.179267399000025, 299.866699999998673 ] } },
{ "type": "Feature", "properties": { "FECHA": "18/12/2023 00:00:00 (UTC)", "DEPTO": "META", "MPIO": "CUMARAL", "VEREDA": "INSPECCIÓN PRESENTADO", "GASODUCTO": "CUSIANA - APIAY - USME", "TRM_RML": "PK65 - Apiay", "TP_PK": "Inicio", "PK": "126+804", "TP_DUCTO": "Troncal", "DISTRITO": "4", "DIAMETRO": "10", "TRM_REG": "CUSIANA - APIAY", "ZONA": "3", "SENAL_EX": "SI", "FORMA_ACCE": "DDV", "TP_ACCESO": "Vía destapada", "EST_ACCESO": "Bueno", "TP_SECCION": "CRUCE DE CUERPO DE AGUA", "NOM_AGUA": "Caño Peluca", "ANCHO_AGUA": 15.0, "TP_AGUA": "Secundaria", "UBIC_CRUCE": "Llanura", "CM_TORRENC": "NO", "CANALIZADO": "NO", "ALTERACION": "NO", "ZONA_INUND": "NO", "FORM_CAUCE": "Meandrico", "ESTABILID": "Estable", "TP_MARGEN": "Izquierdo", "TP_SOPORTE": "Puente colgante", "LUZ_SOPORT": 46.0, "EST_SOPORT": "Bueno", "EXIST_CABL": "SI", "EST_CABLE": "Bueno", "MACIZO_ANC": "SI", "EST_MACIZO": "Bueno", "ZONA_TRANS": "La longitud de la zona de transición es de 29m y presenta recubrimiento tipo Alquitran de Hulla.", "TP_REVEST": "Alquitran de Hulla", "AREA_REVES": 0.0, "EST_REVEST": "Bueno", "DEFECT_REV": "N.A.", "DSC_EST_TB": "Bueno", "DEFECT_TUB": "N.A.", "EVENTO_GEO": "No", "OBSERVACIO": " ", "EXISTENTE": "SI", "PROFUNDIDA": 0.0, "LATITUD": 4.2830210690000285, "LONGITUD": -73.408478770999977, "ALTITUD": 332.67389999999432, "IMAGEN_1": "C007_IMG_20231218_115639.jpg", "IMAGEN_2": "C007_IMG_20231218_115949.jpg", "IMAGEN_3": "C007_IMG_20231218_115804.jpg", "ID": "CCA-1", "ENTREGA": "E02_R4", "CREC_SUBIT": "NO", "DIR_TUB": "PERPENDICULAR" }, "geometry": { "type": "Point", "coordinates": [ -73.408478770999977, 4.283021069000029, 332.673899999994319 ] } },
{ "type": "Feature", "properties": { "FECHA": "18/12/2023 00:00:00 (UTC)", "DEPTO": "META", "MPIO": "CUMARAL", "VEREDA": "INSPECCIÓN PRESENTADO", "GASODUCTO": "CUSIANA - APIAY - USME", "TRM_RML": "PK65 - Apiay", "TP_PK": "Fin", "PK": "126+900", "TP_DUCTO": "Troncal", "DISTRITO": "4", "DIAMETRO": "10", "TRM_REG": "CUSIANA - APIAY", "ZONA": "3", "SENAL_EX": "SI", "FORMA_ACCE": "DDV", "TP_ACCESO": "Vía destapada", "EST_ACCESO": "Bueno", "TP_SECCION": "CRUCE DE CUERPO DE AGUA", "NOM_AGUA": "Caño Peluca", "ANCHO_AGUA": 15.0, "TP_AGUA": "Secundaria", "UBIC_CRUCE": "Llanura", "CM_TORRENC": "NO", "CANALIZADO": "NO", "ALTERACION": "NO", "ZONA_INUND": "NO", "FORM_CAUCE": "Meandrico", "ESTABILID": "Estable", "TP_MARGEN": "Derecho", "TP_SOPORTE": "Puente colgante", "LUZ_SOPORT": 46.0, "EST_SOPORT": "Bueno", "EXIST_CABL": "SI", "EST_CABLE": "Bueno", "MACIZO_ANC": "SI", "EST_MACIZO": "Bueno", "ZONA_TRANS": "La longitud de la zona de transición es de 20m y presenta recubrimiento tipo Alquitran de Hulla.", "TP_REVEST": "Alquitran de Hulla", "AREA_REVES": 0.0, "EST_REVEST": "Bueno", "DEFECT_REV": "N.A.", "DSC_EST_TB": "Bueno", "DEFECT_TUB": "N.A.", "EVENTO_GEO": "No", "OBSERVACIO": " ", "EXISTENTE": "SI", "PROFUNDIDA": 0.0, "LATITUD": 4.2824837140000227, "LONGITUD": -73.40781371099996, "ALTITUD": 339.6094, "IMAGEN_1": "C007_IMG_20231218_141937.jpg", "IMAGEN_2": "C007_IMG_20231218_141946.jpg", "IMAGEN_3": "C007_IMG_20231218_141949.jpg", "ID": "CCA-2", "ENTREGA": "E02_R4", "CREC_SUBIT": "SI", "DIR_TUB": "PERPENDICULAR" }, "geometry": { "type": "Point", "coordinates": [ -73.40781371099996, 4.282483714000023, 339.609400000001187 ] } },
{ "type": "Feature", "properties": { "FECHA": "20/12/2023 00:00:00 (UTC)", "DEPTO": "META", "MPIO": "CUMARAL", "VEREDA": "INSPECCION SAN NICOLAS", "GASODUCTO": "CUSIANA - APIAY - USME", "TRM_RML": "PK65 - Apiay", "TP_PK": "Inicio", "PK": "137+087", "TP_DUCTO": "Troncal", "DISTRITO": "4", "DIAMETRO": "10", "TRM_REG": "CUSIANA - APIAY", "ZONA": "3", "SENAL_EX": "SI", "FORMA_ACCE": "DDV", "TP_ACCESO": "Vía destapada", "EST_ACCESO": "Bueno", "TP_SECCION": "CRUCE DE CUERPO DE AGUA", "NOM_AGUA": "Caño Arenoso", "ANCHO_AGUA": 20.0, "TP_AGUA": "Secundaria", "UBIC_CRUCE": "Llanura", "CM_TORRENC": "NO", "CANALIZADO": "NO", "ALTERACION": "NO", "ZONA_INUND": "NO", "FORM_CAUCE": "Meandrico", "ESTABILID": "Estable", "TP_MARGEN": "Izquierdo", "TP_SOPORTE": "Puente colgante", "LUZ_SOPORT": 78.0, "EST_SOPORT": "Bueno", "EXIST_CABL": "SI", "EST_CABLE": "Bueno", "MACIZO_ANC": "SI", "EST_MACIZO": "Bueno", "ZONA_TRANS": "La longitud de la zona de transición es de 22m y presenta recubrimiento tipo Alquitran de Hulla.", "TP_REVEST": "Alquitran de Hulla", "AREA_REVES": 0.0, "EST_REVEST": "Bueno", "DEFECT_REV": "N.A.", "DSC_EST_TB": "Bueno", "DEFECT_TUB": "N.A.", "EVENTO_GEO": "No", "OBSERVACIO": " ", "EXISTENTE": "SI", "PROFUNDIDA": 0.0, "LATITUD": 4.1929019740000513, "LONGITUD": -73.393386136999936, "ALTITUD": 332.93369999999413, "IMAGEN_1": "C007_IMG_20231220_131018.jpg", "IMAGEN_2": "C007_IMG_20231220_131101.jpg", "IMAGEN_3": "C007_IMG_20231220_131118.jpg", "ID": "CCA-3", "ENTREGA": "E02_R4", "CREC_SUBIT": "SI", "DIR_TUB": "PERPENDICULAR" }, "geometry": { "type": "Point", "coordinates": [ -73.393386136999936, 4.192901974000051, 332.933699999994133 ] } },
{ "type": "Feature", "properties": { "FECHA": "20/12/2023 00:00:00 (UTC)", "DEPTO": "META", "MPIO": "CUMARAL", "VEREDA": "INSPECCION SAN NICOLAS", "GASODUCTO": "CUSIANA - APIAY - USME", "TRM_RML": "PK65 - Apiay", "TP_PK": "Fin", "PK": "137+218", "TP_DUCTO": "Troncal", "DISTRITO": "4", "DIAMETRO": "10", "TRM_REG": "CUSIANA - APIAY", "ZONA": "3", "SENAL_EX": "SI", "FORMA_ACCE": "DDV", "TP_ACCESO": "Vía destapada", "EST_ACCESO": "Bueno", "TP_SECCION": "CRUCE DE CUERPO DE AGUA", "NOM_AGUA": "Caño Arenoso", "ANCHO_AGUA": 20.0, "TP_AGUA": "Secundaria", "UBIC_CRUCE": "Llanura", "CM_TORRENC": "NO", "CANALIZADO": "NO", "ALTERACION": "NO", "ZONA_INUND": "NO", "FORM_CAUCE": "Meandrico", "ESTABILID": "Estable", "TP_MARGEN": "Derecho", "TP_SOPORTE": "Puente colgante", "LUZ_SOPORT": 78.0, "EST_SOPORT": "Bueno", "EXIST_CABL": "SI", "EST_CABLE": "Bueno", "MACIZO_ANC": "SI", "EST_MACIZO": "Bueno", "ZONA_TRANS": "La longitud de la zona de transición es de 25m y presenta recubrimiento tipo Alquitran de Hulla.", "TP_REVEST": "Alquitran de Hulla", "AREA_REVES": 0.0, "EST_REVEST": "Bueno", "DEFECT_REV": "N.A.", "DSC_EST_TB": "Bueno", "DEFECT_TUB": "N.A.", "EVENTO_GEO": "No", "OBSERVACIO": " ", "EXISTENTE": "SI", "PROFUNDIDA": 0.0, "LATITUD": 4.1917277470000727, "LONGITUD": -73.393424817999971, "ALTITUD": 331.4384, "IMAGEN_1": "C007_IMG_20231220_132403.jpg", "IMAGEN_2": "C007_IMG_20231220_132413.jpg", "IMAGEN_3": "C007_IMG_20231220_132422.jpg", "ID": "CCA-4", "ENTREGA": "E02_R4", "CREC_SUBIT": "SI", "DIR_TUB": "PERPENDICULAR" }, "geometry": { "type": "Point", "coordinates": [ -73.393424817999971, 4.191727747000073, 331.438399999999092 ] } },
{ "type": "Feature", "properties": { "FECHA": "4/10/2023 00:00:00 (UTC)", "DEPTO": "META", "MPIO": "ACACÍAS", "VEREDA": "ÁREA URBANA", "GASODUCTO": "GASODUCTO DEL ARIARI", "TRM_RML": "Gasoducto del Ariari", "TP_PK": "Inicio", "PK": "003+429", "TP_DUCTO": "Troncal", "DISTRITO": "4", "DIAMETRO": "3", "TRM_REG": "GASODUCTO DEL ARIARI", "ZONA": "3", "SENAL_EX": "NO", "FORMA_ACCE": "DDV", "TP_ACCESO": "Vía pavimentada", "EST_ACCESO": "Bueno", "TP_SECCION": "CRUCE DE CUERPO DE AGUA", "NOM_AGUA": "Caño NN", "ANCHO_AGUA": 3.0, "TP_AGUA": "Otro", "UBIC_CRUCE": "Llanura", "CM_TORRENC": "NO", "CANALIZADO": "NO", "ALTERACION": "NO", "ZONA_INUND": "NO", "FORM_CAUCE": "Semirecto", "ESTABILID": "Estable", "TP_MARGEN": "Derecho", "TP_SOPORTE": "Marcos H con cables", "LUZ_SOPORT": 21.0, "EST_SOPORT": "Bueno", "EXIST_CABL": "SI", "EST_CABLE": "Bueno", "MACIZO_ANC": "SI", "EST_MACIZO": "Bueno", "ZONA_TRANS": "Zona de transición de 8m la tubería se encuentra lastrada en concreto.", "TP_REVEST": "OTRO", "AREA_REVES": 0.0, "EST_REVEST": "Bueno", "DEFECT_REV": "N.A.", "DSC_EST_TB": "Bueno", "DEFECT_TUB": "N.A.", "EVENTO_GEO": "No", "OBSERVACIO": "Tubería aéreo con protección en encamisado metálico suspendido en marco H y guaya metálica con soporte en concreto, paso de tubería aérea por bajo topográfico. ", "EXISTENTE": "SI", "PROFUNDIDA": 0.0, "LATITUD": 3.9822, "LONGITUD": -73.7541, "ALTITUD": 502.0, "IMAGEN_1": "C007_IMG_20231004_121059.jpg", "IMAGEN_2": "C007_IMG_20231004_121105.jpg", "IMAGEN_3": "C007_IMG_20231004_121111.jpg", "ID": "CCA-12", "ENTREGA": "E19_R3", "CREC_SUBIT": "NO", "DIR_TUB": "PERPENDICULAR" }, "geometry": { "type": "Point", "coordinates": [ -73.7541, 3.9822, 502.0 ] } },
{ "type": "Feature", "properties": { "FECHA": "4/10/2023 00:00:00 (UTC)", "DEPTO": "META", "MPIO": "ACACÍAS", "VEREDA": "ÁREA URBANA", "GASODUCTO": "GASODUCTO DEL ARIARI", "TRM_RML": "Gasoducto del Ariari", "TP_PK": "Fin", "PK": "003+464", "TP_DUCTO": "Troncal", "DISTRITO": "4", "DIAMETRO": "3", "TRM_REG": "GASODUCTO DEL ARIARI", "ZONA": "3", "SENAL_EX": "NO", "FORMA_ACCE": "DDV", "TP_ACCESO": "Vía pavimentada", "EST_ACCESO": "Bueno", "TP_SECCION": "CRUCE DE CUERPO DE AGUA", "NOM_AGUA": "Caño NN", "ANCHO_AGUA": 3.0, "TP_AGUA": "Otro", "UBIC_CRUCE": "Llanura", "CM_TORRENC": "NO", "CANALIZADO": "NO", "ALTERACION": "NO", "ZONA_INUND": "NO", "FORM_CAUCE": "Semirecto", "ESTABILID": "Estable", "TP_MARGEN": "Izquierdo", "TP_SOPORTE": "Marcos H con cables", "LUZ_SOPORT": 21.0, "EST_SOPORT": "Bueno", "EXIST_CABL": "SI", "EST_CABLE": "Bueno", "MACIZO_ANC": "SI", "EST_MACIZO": "Bueno", "ZONA_TRANS": "Zona de transición de 8m la tubería se encuentra lastrada en concreto.", "TP_REVEST": "OTRO", "AREA_REVES": 0.0, "EST_REVEST": "Bueno", "DEFECT_REV": "N.A.", "DSC_EST_TB": "Bueno", "DEFECT_TUB": "N.A.", "EVENTO_GEO": "No", "OBSERVACIO": "Tubería aéreo con protección en encamisado metálico suspendido en marco H y guaya metálica con soporte en concreto, paso de tubería aérea por bajo topográfico. ", "EXISTENTE": "SI", "PROFUNDIDA": 0.0, "LATITUD": 3.9819028380000532, "LONGITUD": -73.754205204999948, "ALTITUD": 502.0, "IMAGEN_1": "C007_IMG_20231004_121322.jpg", "IMAGEN_2": "C007_IMG_20231004_121344.jpg", "IMAGEN_3": "C007_IMG_20231004_121352.jpg", "ID": "CCA-13", "ENTREGA": "E19_R3", "CREC_SUBIT": "NO", "DIR_TUB": "PERPENDICULAR" }, "geometry": { "type": "Point", "coordinates": [ -73.754205204999948, 3.981902838000053, 502.0 ] } },
{ "type": "Feature", "properties": { "FECHA": "16/11/2023 00:00:00 (UTC)", "DEPTO": "SANTANDER", "MPIO": "BARRANCABERMEJA", "VEREDA": "ISLAS DEL RIO MAGDALENA", "GASODUCTO": "SUR DE BOLIVAR", "TRM_RML": "Galán - Termobarranca", "TP_PK": "Inicio", "PK": "000+000", "TP_DUCTO": "Aislado", "DISTRITO": "1", "DIAMETRO": "6", "TRM_REG": "RAMALES SUR DE BOLIVAR", "ZONA": "1", "SENAL_EX": "NO", "FORMA_ACCE": "DDV", "TP_ACCESO": "Vía pavimentada", "EST_ACCESO": "Bueno", "TP_SECCION": "CRUCE DE PROCESO MORFODINAMICO", "NOM_AGUA": "N/A", "ANCHO_AGUA": 0.0, "TP_AGUA": "N.A.", "UBIC_CRUCE": "Llanura", "CM_TORRENC": "NO", "CANALIZADO": "NO", "ALTERACION": "NO", "ZONA_INUND": "NO", "FORM_CAUCE": "N.A.", "ESTABILID": "N.A.", "TP_MARGEN": "N.A.", "TP_SOPORTE": "Marcos H", "LUZ_SOPORT": 10.0, "EST_SOPORT": "Regular", "EXIST_CABL": "N.A.", "EST_CABLE": "Bueno", "MACIZO_ANC": "NO", "EST_MACIZO": "Bueno", "ZONA_TRANS": "La longitud de la zona de transición es de 2m.La tubería presenta corrosión generalizada.Se recomienda rocería.", "TP_REVEST": "OTRO", "AREA_REVES": 9.6012, "EST_REVEST": "Regular", "DEFECT_REV": "Desprendimiento", "DSC_EST_TB": "Regular", "DEFECT_TUB": "Corrosión Generalizada", "EVENTO_GEO": "No", "OBSERVACIO": "Tuberia superficial con pintura de poliuretano de altos sólidos (tipo poliuretano alifático) para exteriores de color blanco la cual presenta corrosión generalizada.Se recomienda una nueva aplicación de pintura anticorrosiva incluyendo sandblasti", "EXISTENTE": "SI", "PROFUNDIDA": 0.0, "LATITUD": 7.0826282820000301, "LONGITUD": -73.892207750999944, "ALTITUD": 82.166700000001583, "IMAGEN_1": "C001_IMG_20231116_081151.jpg", "IMAGEN_2": "C001_IMG_20231116_081154.jpg", "IMAGEN_3": "C001_IMG_20231116_081202.jpg", "ID": "CCA-12", "ENTREGA": "E26_R3", "CREC_SUBIT": "N/A", "DIR_TUB": "PERPENDICULAR" }, "geometry": { "type": "Point", "coordinates": [ -73.892207750999944, 7.08262828200003, 82.166700000001583 ] } },
{ "type": "Feature", "properties": { "FECHA": "16/11/2023 00:00:00 (UTC)", "DEPTO": "SANTANDER", "MPIO": "BARRANCABERMEJA", "VEREDA": "ISLAS DEL RIO MAGDALENA", "GASODUCTO": "SUR DE BOLIVAR", "TRM_RML": "Galán - Termobarranca", "TP_PK": "Fin", "PK": "000+063", "TP_DUCTO": "Aislado", "DISTRITO": "1", "DIAMETRO": "6", "TRM_REG": "RAMALES SUR DE BOLIVAR", "ZONA": "1", "SENAL_EX": "NO", "FORMA_ACCE": "DDV", "TP_ACCESO": "Vía pavimentada", "EST_ACCESO": "Bueno", "TP_SECCION": "CRUCE DE PROCESO MORFODINAMICO", "NOM_AGUA": "N/A", "ANCHO_AGUA": 0.0, "TP_AGUA": "N.A.", "UBIC_CRUCE": "Llanura", "CM_TORRENC": "NO", "CANALIZADO": "NO", "ALTERACION": "NO", "ZONA_INUND": "NO", "FORM_CAUCE": "N.A.", "ESTABILID": "N.A.", "TP_MARGEN": "N.A.", "TP_SOPORTE": "Marcos H", "LUZ_SOPORT": 10.0, "EST_SOPORT": "Regular", "EXIST_CABL": "N.A.", "EST_CABLE": "Bueno", "MACIZO_ANC": "NO", "EST_MACIZO": "Bueno", "ZONA_TRANS": "La longitud de la zona de transición es de 9m.La tubería presenta corrosión generalizada.Se recomienda rocería.", "TP_REVEST": "OTRO", "AREA_REVES": 9.6012, "EST_REVEST": "Regular", "DEFECT_REV": "Desprendimiento", "DSC_EST_TB": "Regular", "DEFECT_TUB": "Corrosión Generalizada", "EVENTO_GEO": "No", "OBSERVACIO": "Tuberia superficial con pintura de poliuretano de altos sólidos (tipo poliuretano alifático) para exteriores de color blanco la cual presenta corrosión generalizada.Se recomienda una nueva aplicación de pintura anticorrosiva incluyendo sandblasti", "EXISTENTE": "SI", "PROFUNDIDA": 0.0, "LATITUD": 7.0830327770000281, "LONGITUD": -73.892604786999982, "ALTITUD": 85.733300000007148, "IMAGEN_1": "C001_IMG_20231116_082717.jpg", "IMAGEN_2": "C001_IMG_20231116_082744.jpg", "IMAGEN_3": "C001_IMG_20231116_082758.jpg", "ID": "CCA-13", "ENTREGA": "E26_R3", "CREC_SUBIT": "N/A", "DIR_TUB": "PERPENDICULAR" }, "geometry": { "type": "Point", "coordinates": [ -73.892604786999982, 7.083032777000028, 85.733300000007148 ] } },
{ "type": "Feature", "properties": { "FECHA": "16/11/2023 00:00:00 (UTC)", "DEPTO": "SANTANDER", "MPIO": "BARRANCABERMEJA", "VEREDA": "CAMPO GALÁN", "GASODUCTO": "SUR DE BOLIVAR", "TRM_RML": "Galán - Termobarranca", "TP_PK": "Inicio", "PK": "000+284", "TP_DUCTO": "Aislado", "DISTRITO": "1", "DIAMETRO": "6", "TRM_REG": "RAMALES SUR DE BOLIVAR", "ZONA": "1", "SENAL_EX": "NO", "FORMA_ACCE": "DDV", "TP_ACCESO": "Vía pavimentada", "EST_ACCESO": "Bueno", "TP_SECCION": "CRUCE DE PROCESO MORFODINAMICO", "NOM_AGUA": "N/A", "ANCHO_AGUA": 0.0, "TP_AGUA": "N.A.", "UBIC_CRUCE": "Llanura", "CM_TORRENC": "NO", "CANALIZADO": "NO", "ALTERACION": "NO", "ZONA_INUND": "NO", "FORM_CAUCE": "N.A.", "ESTABILID": "N.A.", "TP_MARGEN": "N.A.", "TP_SOPORTE": "Marcos H", "LUZ_SOPORT": 10.0, "EST_SOPORT": "Regular", "EXIST_CABL": "N.A.", "EST_CABLE": "Bueno", "MACIZO_ANC": "NO", "EST_MACIZO": "Bueno", "ZONA_TRANS": "La longitud de la zona de transición es de 9m.La tubería presenta corrosión generalizada.Se recomienda rocería.", "TP_REVEST": "OTRO", "AREA_REVES": 7.7724, "EST_REVEST": "Regular", "DEFECT_REV": "Desprendimiento", "DSC_EST_TB": "Regular", "DEFECT_TUB": "Corrosión Generalizada", "EVENTO_GEO": "Si", "OBSERVACIO": "Tuberia superficial con pintura de poliuretano de altos sólidos (tipo poliuretano alifático) para exteriores de color blanco la cual presenta corrosión generalizada.Se recomienda una nueva aplicación de pintura anticorrosiva incluyendo sandblasti", "EXISTENTE": "SI", "PROFUNDIDA": 0.0, "LATITUD": 7.0845680980000338, "LONGITUD": -73.893793805999962, "ALTITUD": 76.966700000004494, "IMAGEN_1": "C001_IMG_20231116_085623.jpg", "IMAGEN_2": "C001_IMG_20231116_085632.jpg", "IMAGEN_3": "C001_IMG_20231116_085639.jpg", "ID": "CCA-14", "ENTREGA": "E26_R3", "CREC_SUBIT": "N/A", "DIR_TUB": "PERPENDICULAR" }, "geometry": { "type": "Point", "coordinates": [ -73.893793805999962, 7.084568098000034, 76.966700000004494 ] } },
{ "type": "Feature", "properties": { "FECHA": "16/11/2023 00:00:00 (UTC)", "DEPTO": "SANTANDER", "MPIO": "BARRANCABERMEJA", "VEREDA": "CAMPO GALÁN", "GASODUCTO": "SUR DE BOLIVAR", "TRM_RML": "Galán - Termobarranca", "TP_PK": "Fin", "PK": "000+462", "TP_DUCTO": "Aislado", "DISTRITO": "1", "DIAMETRO": "6", "TRM_REG": "RAMALES SUR DE BOLIVAR", "ZONA": "1", "SENAL_EX": "NO", "FORMA_ACCE": "DDV", "TP_ACCESO": "Vía pavimentada", "EST_ACCESO": "Bueno", "TP_SECCION": "CRUCE DE PROCESO MORFODINAMICO", "NOM_AGUA": "N/A", "ANCHO_AGUA": 0.0, "TP_AGUA": "N.A.", "UBIC_CRUCE": "Llanura", "CM_TORRENC": "NO", "CANALIZADO": "NO", "ALTERACION": "NO", "ZONA_INUND": "NO", "FORM_CAUCE": "N.A.", "ESTABILID": "N.A.", "TP_MARGEN": "N.A.", "TP_SOPORTE": "Marcos H", "LUZ_SOPORT": 10.0, "EST_SOPORT": "Regular", "EXIST_CABL": "N.A.", "EST_CABLE": "Bueno", "MACIZO_ANC": "NO", "EST_MACIZO": "Bueno", "ZONA_TRANS": "La longitud de la zona de transición es de 5m.La tubería presenta corrosión generalizada.Se recomienda rocería.", "TP_REVEST": "OTRO", "AREA_REVES": 7.7724, "EST_REVEST": "Regular", "DEFECT_REV": "Desprendimiento", "DSC_EST_TB": "Regular", "DEFECT_TUB": "Corrosión Generalizada", "EVENTO_GEO": "Si", "OBSERVACIO": "Tuberia superficial con pintura de poliuretano de altos sólidos (tipo poliuretano alifático) para exteriores de color blanco la cual presenta corrosión generalizada.Se recomienda una nueva aplicación de pintura anticorrosiva incluyendo sandblasti", "EXISTENTE": "SI", "PROFUNDIDA": 0.0, "LATITUD": 7.08608107200007, "LONGITUD": -73.894268602999944, "ALTITUD": 75.19999999999709, "IMAGEN_1": "C001_IMG_20231116_093217.jpg", "IMAGEN_2": "C001_IMG_20231116_093234.jpg", "IMAGEN_3": "C001_IMG_20231116_093238.jpg", "ID": "CCA-15", "ENTREGA": "E26_R3", "CREC_SUBIT": "N/A", "DIR_TUB": "PERPENDICULAR" }, "geometry": { "type": "Point", "coordinates": [ -73.894268602999944, 7.08608107200007, 75.19999999999709 ] } },
{ "type": "Feature", "properties": { "FECHA": "16/11/2023 00:00:00 (UTC)", "DEPTO": "SANTANDER", "MPIO": "BARRANCABERMEJA", "VEREDA": "ISLAS DEL RIO MAGDALENA", "GASODUCTO": "SUR DE BOLIVAR", "TRM_RML": "Galán - Yondó", "TP_PK": "Fin", "PK": "000+312", "TP_DUCTO": "Aislado", "DISTRITO": "1", "DIAMETRO": "6", "TRM_REG": "RAMALES SUR DE BOLIVAR", "ZONA": "1", "SENAL_EX": "NO", "FORMA_ACCE": "DDV", "TP_ACCESO": "Vía pavimentada", "EST_ACCESO": "Bueno", "TP_SECCION": "CRUCE DE PROCESO MORFODINAMICO", "NOM_AGUA": "N/A", "ANCHO_AGUA": 0.0, "TP_AGUA": "N.A.", "UBIC_CRUCE": "Llanura", "CM_TORRENC": "NO", "CANALIZADO": "NO", "ALTERACION": "NO", "ZONA_INUND": "NO", "FORM_CAUCE": "N.A.", "ESTABILID": "N.A.", "TP_MARGEN": "N.A.", "TP_SOPORTE": "Marcos H", "LUZ_SOPORT": 10.0, "EST_SOPORT": "Regular", "EXIST_CABL": "N.A.", "EST_CABLE": "Bueno", "MACIZO_ANC": "NO", "EST_MACIZO": "Bueno", "ZONA_TRANS": "La longitud de la zona de transición es de 9m.La tubería presenta corrosión generalizada.Se recomienda rocería.", "TP_REVEST": "OTRO", "AREA_REVES": 9.6012, "EST_REVEST": "Regular", "DEFECT_REV": "Desprendimiento", "DSC_EST_TB": "Regular", "DEFECT_TUB": "Corrosión Generalizada", "EVENTO_GEO": "No", "OBSERVACIO": "Tuberia superficial con pintura de poliuretano de altos sólidos (tipo poliuretano alifático) para exteriores de color blanco la cual presenta corrosión generalizada.Se recomienda una nueva aplicación de pintura anticorrosiva incluyendo sandblasti", "EXISTENTE": "SI", "PROFUNDIDA": 0.0, "LATITUD": 7.0829892770000242, "LONGITUD": -73.892611791999968, "ALTITUD": 82.966700000004494, "IMAGEN_1": "C001_IMG_20231116_082817.jpg", "IMAGEN_2": "C001_IMG_20231116_082822.jpg", "IMAGEN_3": "C001_IMG_20231116_082828.jpg", "ID": "CCA-16", "ENTREGA": "E26_R3", "CREC_SUBIT": "N/A", "DIR_TUB": "PERPENDICULAR" }, "geometry": { "type": "Point", "coordinates": [ -73.892611791999968, 7.082989277000024, 82.966700000004494 ] } },
{ "type": "Feature", "properties": { "FECHA": "16/11/2023 00:00:00 (UTC)", "DEPTO": "SANTANDER", "MPIO": "BARRANCABERMEJA", "VEREDA": "ISLAS DEL RIO MAGDALENA", "GASODUCTO": "SUR DE BOLIVAR", "TRM_RML": "Galán - Yondó", "TP_PK": "Inicio", "PK": "000+238", "TP_DUCTO": "Aislado", "DISTRITO": "1", "DIAMETRO": "6", "TRM_REG": "RAMALES SUR DE BOLIVAR", "ZONA": "1", "SENAL_EX": "NO", "FORMA_ACCE": "DDV", "TP_ACCESO": "Vía pavimentada", "EST_ACCESO": "Bueno", "TP_SECCION": "CRUCE DE PROCESO MORFODINAMICO", "NOM_AGUA": "N/A", "ANCHO_AGUA": 0.0, "TP_AGUA": "N.A.", "UBIC_CRUCE": "Llanura", "CM_TORRENC": "NO", "CANALIZADO": "NO", "ALTERACION": "NO", "ZONA_INUND": "NO", "FORM_CAUCE": "N.A.", "ESTABILID": "N.A.", "TP_MARGEN": "N.A.", "TP_SOPORTE": "Marcos H", "LUZ_SOPORT": 10.0, "EST_SOPORT": "Regular", "EXIST_CABL": "N.A.", "EST_CABLE": "Bueno", "MACIZO_ANC": "NO", "EST_MACIZO": "Bueno", "ZONA_TRANS": "La longitud de la zona de transición es de 2m.La tubería presenta corrosión generalizada.Se recomienda rocería.", "TP_REVEST": "OTRO", "AREA_REVES": 9.6012, "EST_REVEST": "Regular", "DEFECT_REV": "Desprendimiento", "DSC_EST_TB": "Regular", "DEFECT_TUB": "Corrosión Generalizada", "EVENTO_GEO": "No", "OBSERVACIO": "Tuberia superficial con pintura de poliuretano de altos sólidos (tipo poliuretano alifático) para exteriores de color blanco la cual presenta corrosión generalizada.Se recomienda una nueva aplicación de pintura anticorrosiva incluyendo sandblasti", "EXISTENTE": "SI", "PROFUNDIDA": 0.0, "LATITUD": 7.0825377090000643, "LONGITUD": -73.892188725999972, "ALTITUD": 93.633300000001327, "IMAGEN_1": "C001_IMG_20231116_112547.jpg", "IMAGEN_2": "C001_IMG_20231116_112554.jpg", "IMAGEN_3": "C001_IMG_20231116_112559.jpg", "ID": "CCA-17", "ENTREGA": "E26_R3", "CREC_SUBIT": "N/A", "DIR_TUB": "PERPENDICULAR" }, "geometry": { "type": "Point", "coordinates": [ -73.892188725999972, 7.082537709000064, 93.633300000001327 ] } },
{ "type": "Feature", "properties": { "FECHA": "16/11/2023 00:00:00 (UTC)", "DEPTO": "SANTANDER", "MPIO": "BARRANCABERMEJA", "VEREDA": "CAMPO GALÁN", "GASODUCTO": "SUR DE BOLIVAR", "TRM_RML": "Galán - Termobarranca", "TP_PK": "Fin", "PK": "001+716", "TP_DUCTO": "Aislado", "DISTRITO": "1", "DIAMETRO": "6", "TRM_REG": "RAMALES SUR DE BOLIVAR", "ZONA": "1", "SENAL_EX": "NO", "FORMA_ACCE": "DDV", "TP_ACCESO": "Vía destapada", "EST_ACCESO": "Bueno", "TP_SECCION": "CRUCE DE PROCESO MORFODINAMICO", "NOM_AGUA": "N/A", "ANCHO_AGUA": 0.0, "TP_AGUA": "N.A.", "UBIC_CRUCE": "Llanura", "CM_TORRENC": "NO", "CANALIZADO": "NO", "ALTERACION": "NO", "ZONA_INUND": "NO", "FORM_CAUCE": "N.A.", "ESTABILID": "N.A.", "TP_MARGEN": "N.A.", "TP_SOPORTE": "Marcos H", "LUZ_SOPORT": 10.0, "EST_SOPORT": "Regular", "EXIST_CABL": "N.A.", "EST_CABLE": "Bueno", "MACIZO_ANC": "NO", "EST_MACIZO": "Bueno", "ZONA_TRANS": "La longitud de la zona de transición es de 13m.La tubería presenta corrosión generalizada.Se recomienda rocería.", "TP_REVEST": "OTRO", "AREA_REVES": 27.1272, "EST_REVEST": "Regular", "DEFECT_REV": "Desprendimiento", "DSC_EST_TB": "Regular", "DEFECT_TUB": "Corrosión Generalizada", "EVENTO_GEO": "No", "OBSERVACIO": "Tuberia superficial con pintura de poliuretano de altos sólidos (tipo poliuretano alifático) para exteriores de color blanco la cual presenta corrosión generalizada.Se recomienda una nueva aplicación de pintura anticorrosiva incluyendo sandblasti", "EXISTENTE": "SI", "PROFUNDIDA": 0.0, "LATITUD": 7.0957640630000469, "LONGITUD": -73.894894288999978, "ALTITUD": 72.666700000001583, "IMAGEN_1": "C001_IMG_20231116_105229.jpg", "IMAGEN_2": "C001_IMG_20231116_105236.jpg", "IMAGEN_3": "C001_IMG_20231116_105240.jpg", "ID": "CCA-18", "ENTREGA": "E26_R3", "CREC_SUBIT": "N/A", "DIR_TUB": "PERPENDICULAR" }, "geometry": { "type": "Point", "coordinates": [ -73.894894288999978, 7.095764063000047, 72.666700000001583 ] } },
{ "type": "Feature", "properties": { "FECHA": "4/12/2023 00:00:00 (UTC)", "DEPTO": "SANTANDER", "MPIO": "SAN VICENTE DE CHUCURÍ", "VEREDA": "PALMIRA", "GASODUCTO": "SUR DE BOLIVAR", "TRM_RML": "San Vicente - Playa Roja", "TP_PK": "Fin", "PK": "019+786", "TP_DUCTO": "Aislado", "DISTRITO": "1", "DIAMETRO": "2", "TRM_REG": "RAMALES SUR DE BOLIVAR", "ZONA": "1", "SENAL_EX": "NO", "FORMA_ACCE": "DDV", "TP_ACCESO": "Vía pavimentada", "EST_ACCESO": "Bueno", "TP_SECCION": "CRUCE DE CUERPO DE AGUA", "NOM_AGUA": "Caño NN", "ANCHO_AGUA": 2.0, "TP_AGUA": "Otro", "UBIC_CRUCE": "Montaña", "CM_TORRENC": "SI", "CANALIZADO": "NO", "ALTERACION": "NO", "ZONA_INUND": "NO", "FORM_CAUCE": "Semirecto", "ESTABILID": "Inestable", "TP_MARGEN": "Izquierdo", "TP_SOPORTE": "Marcos H", "LUZ_SOPORT": 4.0, "EST_SOPORT": "Bueno", "EXIST_CABL": "N.A.", "EST_CABLE": "Bueno", "MACIZO_ANC": "NO", "EST_MACIZO": "Bueno", "ZONA_TRANS": "La longitud de la zona de transición es de 2m.", "TP_REVEST": "OTRO", "AREA_REVES": 0.0, "EST_REVEST": "Bueno", "DEFECT_REV": "N.A.", "DSC_EST_TB": "Bueno", "DEFECT_TUB": "N.A.", "EVENTO_GEO": "Si", "OBSERVACIO": "Se observa cruce aéreo sobre marcos H, en su inicio y centro, terminando sobre un caño, el cual su margen izquierda esta inestable. En la zona media se visualiza movimiento del terreno a nivel superficial generando desplazamiento de los marcos H.", "EXISTENTE": "SI", "PROFUNDIDA": 0.0, "LATITUD": 6.8959586260000378, "LONGITUD": -73.443202990999964, "ALTITUD": 602.60000000000582, "IMAGEN_1": "C001_IMG_20231204_111108.jpg", "IMAGEN_2": "C001_IMG_20231204_111125.jpg", "IMAGEN_3": "C001_IMG_20231204_111131.jpg", "ID": "CCA-19", "ENTREGA": "E26_R3", "CREC_SUBIT": "SI", "DIR_TUB": "(PERPENDICULAR)" }, "geometry": { "type": "Point", "coordinates": [ -73.443202990999964, 6.895958626000038, 602.600000000005821 ] } },
{ "type": "Feature", "properties": { "FECHA": "4/12/2023 00:00:00 (UTC)", "DEPTO": "SANTANDER", "MPIO": "SAN VICENTE DE CHUCURÍ", "VEREDA": "PALMIRA", "GASODUCTO": "SUR DE BOLIVAR", "TRM_RML": "San Vicente - Playa Roja", "TP_PK": "Inicio", "PK": "020+228", "TP_DUCTO": "Aislado", "DISTRITO": "1", "DIAMETRO": "2", "TRM_REG": "RAMALES SUR DE BOLIVAR", "ZONA": "1", "SENAL_EX": "NO", "FORMA_ACCE": "DDV", "TP_ACCESO": "Vía pavimentada", "EST_ACCESO": "Bueno", "TP_SECCION": "CRUCE DE PROCESO MORFODINAMICO", "NOM_AGUA": "N.A.", "ANCHO_AGUA": 0.0, "TP_AGUA": "N.A.", "UBIC_CRUCE": "Montaña", "CM_TORRENC": "NO", "CANALIZADO": "NO", "ALTERACION": "NO", "ZONA_INUND": "NO", "FORM_CAUCE": "N.A.", "ESTABILID": "N.A.", "TP_MARGEN": "N.A.", "TP_SOPORTE": "Marcos H", "LUZ_SOPORT": 8.0, "EST_SOPORT": "Bueno", "EXIST_CABL": "N.A.", "EST_CABLE": "Bueno", "MACIZO_ANC": "NO", "EST_MACIZO": "Bueno", "ZONA_TRANS": "La longitud de la zona de transición es de 6m.", "TP_REVEST": "OTRO", "AREA_REVES": 0.0, "EST_REVEST": "Bueno", "DEFECT_REV": "N.A.", "DSC_EST_TB": "Bueno", "DEFECT_TUB": "N.A.", "EVENTO_GEO": "No", "OBSERVACIO": "Se observa cruce aéreo sobre marcos H, en todo su recorrido en buen estado bajando una ladera; en su parte media, se encuentra un lastrado en concreto sobre la tubería para el paso de semovientes de la zona.", "EXISTENTE": "SI", "PROFUNDIDA": 0.0, "LATITUD": 6.8951313420000702, "LONGITUD": -73.439539122999975, "ALTITUD": 518.2, "IMAGEN_1": "C001_IMG_20231204_115908.jpg", "IMAGEN_2": "C001_IMG_20231204_115915.jpg", "IMAGEN_3": "C001_IMG_20231204_115926.jpg", "ID": "CCA-20", "ENTREGA": "E26_R3", "CREC_SUBIT": "N/A", "DIR_TUB": "(N/A)" }, "geometry": { "type": "Point", "coordinates": [ -73.439539122999975, 6.89513134200007, 518.19999999999709 ] } },
{ "type": "Feature", "properties": { "FECHA": "4/12/2023 00:00:00 (UTC)", "DEPTO": "SANTANDER", "MPIO": "SAN VICENTE DE CHUCURÍ", "VEREDA": "PALMIRA", "GASODUCTO": "SUR DE BOLIVAR", "TRM_RML": "San Vicente - Playa Roja", "TP_PK": "Fin", "PK": "020+370", "TP_DUCTO": "Aislado", "DISTRITO": "1", "DIAMETRO": "2", "TRM_REG": "RAMALES SUR DE BOLIVAR", "ZONA": "1", "SENAL_EX": "NO", "FORMA_ACCE": "DDV", "TP_ACCESO": "Vía pavimentada", "EST_ACCESO": "Bueno", "TP_SECCION": "CRUCE DE PROCESO MORFODINAMICO", "NOM_AGUA": "N.A.", "ANCHO_AGUA": 0.0, "TP_AGUA": "N.A.", "UBIC_CRUCE": "Montaña", "CM_TORRENC": "NO", "CANALIZADO": "NO", "ALTERACION": "NO", "ZONA_INUND": "NO", "FORM_CAUCE": "N.A.", "ESTABILID": "N.A.", "TP_MARGEN": "N.A.", "TP_SOPORTE": "Marcos H", "LUZ_SOPORT": 8.0, "EST_SOPORT": "Bueno", "EXIST_CABL": "N.A.", "EST_CABLE": "Bueno", "MACIZO_ANC": "NO", "EST_MACIZO": "Bueno", "ZONA_TRANS": "La longitud de la zona de transición es de 19m.", "TP_REVEST": "OTRO", "AREA_REVES": 0.0, "EST_REVEST": "Bueno", "DEFECT_REV": "N.A.", "DSC_EST_TB": "Bueno", "DEFECT_TUB": "N.A.", "EVENTO_GEO": "No", "OBSERVACIO": "Se observa cruce aéreo sobre marcos H, en todo su recorrido en buen estado bajando una ladera; en su parte media, se encuentra un lastrado en concreto sobre la tubería para el paso de semovientes de la zona.", "EXISTENTE": "SI", "PROFUNDIDA": 0.0, "LATITUD": 6.8948009200000229, "LONGITUD": -73.438356688999988, "ALTITUD": 504.0, "IMAGEN_1": "C001_IMG_20231204_121320.jpg", "IMAGEN_2": "C001_IMG_20231204_121326.jpg", "IMAGEN_3": "C001_IMG_20231204_121331.jpg", "ID": "CCA-21", "ENTREGA": "E26_R3", "CREC_SUBIT": "N/A", "DIR_TUB": "(N/A)" }, "geometry": { "type": "Point", "coordinates": [ -73.438356688999988, 6.894800920000023, 504.0 ] } },
{ "type": "Feature", "properties": { "FECHA": "4/12/2023 00:00:00 (UTC)", "DEPTO": "SANTANDER", "MPIO": "SAN VICENTE DE CHUCURÍ", "VEREDA": "PALMIRA", "GASODUCTO": "SUR DE BOLIVAR", "TRM_RML": "San Vicente - Playa Roja", "TP_PK": "Fin", "PK": "018+867", "TP_DUCTO": "Aislado", "DISTRITO": "1", "DIAMETRO": "2", "TRM_REG": "RAMALES SUR DE BOLIVAR", "ZONA": "1", "SENAL_EX": "NO", "FORMA_ACCE": "DDV", "TP_ACCESO": "Vía pavimentada", "EST_ACCESO": "Bueno", "TP_SECCION": "CRUCE DE PROCESO MORFODINAMICO", "NOM_AGUA": "N.A.", "ANCHO_AGUA": 0.0, "TP_AGUA": "N.A.", "UBIC_CRUCE": "Montaña", "CM_TORRENC": "NO", "CANALIZADO": "NO", "ALTERACION": "NO", "ZONA_INUND": "NO", "FORM_CAUCE": "N.A.", "ESTABILID": "N.A.", "TP_MARGEN": "N.A.", "TP_SOPORTE": "Marcos H", "LUZ_SOPORT": 4.0, "EST_SOPORT": "Regular", "EXIST_CABL": "N.A.", "EST_CABLE": "Bueno", "MACIZO_ANC": "NO", "EST_MACIZO": "Bueno", "ZONA_TRANS": "La longitud de la zona de transición es de 5m.", "TP_REVEST": "OTRO", "AREA_REVES": 2.2352, "EST_REVEST": "Regular", "DEFECT_REV": "Desprendimiento", "DSC_EST_TB": "Regular", "DEFECT_TUB": "Corrosión Generalizada", "EVENTO_GEO": "No", "OBSERVACIO": "Se observa cruce aéreo sobre marcos H, en todo su recorrido en buen estado subiendo una ladera.", "EXISTENTE": "SI", "PROFUNDIDA": 0.0, "LATITUD": 6.896225930000071, "LONGITUD": -73.451029519999963, "ALTITUD": 769.85000000000582, "IMAGEN_1": "C001_IMG_20231204_093656.jpg", "IMAGEN_2": "C001_IMG_20231204_093703.jpg", "IMAGEN_3": "C001_IMG_20231204_093715.jpg", "ID": "CCA-22", "ENTREGA": "E26_R3", "CREC_SUBIT": "N/A", "DIR_TUB": "(N/A)" }, "geometry": { "type": "Point", "coordinates": [ -73.451029519999963, 6.896225930000071, 769.850000000005821 ] } },
{ "type": "Feature", "properties": { "FECHA": "4/12/2023 00:00:00 (UTC)", "DEPTO": "SANTANDER", "MPIO": "SAN VICENTE DE CHUCURÍ", "VEREDA": "PALMIRA", "GASODUCTO": "SUR DE BOLIVAR", "TRM_RML": "San Vicente - Playa Roja", "TP_PK": "Inicio", "PK": "018+850", "TP_DUCTO": "Aislado", "DISTRITO": "1", "DIAMETRO": "2", "TRM_REG": "RAMALES SUR DE BOLIVAR", "ZONA": "1", "SENAL_EX": "NO", "FORMA_ACCE": "DDV", "TP_ACCESO": "Vía pavimentada", "EST_ACCESO": "Bueno", "TP_SECCION": "CRUCE DE PROCESO MORFODINAMICO", "NOM_AGUA": "N.A.", "ANCHO_AGUA": 0.0, "TP_AGUA": "N.A.", "UBIC_CRUCE": "Montaña", "CM_TORRENC": "NO", "CANALIZADO": "NO", "ALTERACION": "NO", "ZONA_INUND": "NO", "FORM_CAUCE": "N.A.", "ESTABILID": "N.A.", "TP_MARGEN": "N.A.", "TP_SOPORTE": "Marcos H", "LUZ_SOPORT": 4.0, "EST_SOPORT": "Regular", "EXIST_CABL": "N.A.", "EST_CABLE": "Bueno", "MACIZO_ANC": "NO", "EST_MACIZO": "Bueno", "ZONA_TRANS": "La longitud de la zona de transición es de 5m.", "TP_REVEST": "OTRO", "AREA_REVES": 2.2352, "EST_REVEST": "Regular", "DEFECT_REV": "Desprendimiento", "DSC_EST_TB": "Regular", "DEFECT_TUB": "Corrosión Generalizada", "EVENTO_GEO": "No", "OBSERVACIO": "Se observa cruce aéreo sobre marcos H, en todo su recorrido en buen estado subiendo una ladera.", "EXISTENTE": "SI", "PROFUNDIDA": 0.0, "LATITUD": 6.8962024630000656, "LONGITUD": -73.45117137799997, "ALTITUD": 761.60000000000582, "IMAGEN_1": "C001_IMG_20231204_093431.jpg", "IMAGEN_2": "C001_IMG_20231204_093435.jpg", "IMAGEN_3": "C001_IMG_20231204_093439.jpg", "ID": "CCA-23", "ENTREGA": "E26_R3", "CREC_SUBIT": "N/A", "DIR_TUB": "(N/A)" }, "geometry": { "type": "Point", "coordinates": [ -73.45117137799997, 6.896202463000066, 761.600000000005821 ] } },
{ "type": "Feature", "properties": { "FECHA": "4/12/2023 00:00:00 (UTC)", "DEPTO": "SANTANDER", "MPIO": "SAN VICENTE DE CHUCURÍ", "VEREDA": "PALMIRA", "GASODUCTO": "SUR DE BOLIVAR", "TRM_RML": "San Vicente - Playa Roja", "TP_PK": "Fin", "PK": "018+814", "TP_DUCTO": "Aislado", "DISTRITO": "1", "DIAMETRO": "2", "TRM_REG": "RAMALES SUR DE BOLIVAR", "ZONA": "1", "SENAL_EX": "NO", "FORMA_ACCE": "DDV", "TP_ACCESO": "Vía pavimentada", "EST_ACCESO": "Bueno", "TP_SECCION": "CRUCE DE PROCESO MORFODINAMICO", "NOM_AGUA": "N.A.", "ANCHO_AGUA": 0.0, "TP_AGUA": "N.A.", "UBIC_CRUCE": "Montaña", "CM_TORRENC": "NO", "CANALIZADO": "NO", "ALTERACION": "NO", "ZONA_INUND": "NO", "FORM_CAUCE": "N.A.", "ESTABILID": "N.A.", "TP_MARGEN": "N.A.", "TP_SOPORTE": "Marcos H", "LUZ_SOPORT": 7.0, "EST_SOPORT": "Regular", "EXIST_CABL": "N.A.", "EST_CABLE": "Bueno", "MACIZO_ANC": "NO", "EST_MACIZO": "Bueno", "ZONA_TRANS": "La longitud de la zona de transición es de 5m.", "TP_REVEST": "OTRO", "AREA_REVES": 0.8636, "EST_REVEST": "Regular", "DEFECT_REV": "Desprendimiento", "DSC_EST_TB": "Regular", "DEFECT_TUB": "Corrosión Generalizada", "EVENTO_GEO": "Si", "OBSERVACIO": "Se observa cruce aéreo sobre marcos H, en todo su recorrido. En la zona media se visualiza movimiento del terreno a nivel superficial generando desplazamiento de los marcos H.", "EXISTENTE": "SI", "PROFUNDIDA": 0.0, "LATITUD": 6.8961693950000722, "LONGITUD": -73.451489267999989, "ALTITUD": 754.45, "IMAGEN_1": "C001_IMG_20231204_093211.jpg", "IMAGEN_2": "C001_IMG_20231204_093220.jpg", "IMAGEN_3": "C001_IMG_20231204_093234.jpg", "ID": "CCA-24", "ENTREGA": "E26_R3", "CREC_SUBIT": "N/A", "DIR_TUB": "(N/A)" }, "geometry": { "type": "Point", "coordinates": [ -73.451489267999989, 6.896169395000072, 754.44999999999709 ] } },
{ "type": "Feature", "properties": { "FECHA": "4/12/2023 00:00:00 (UTC)", "DEPTO": "SANTANDER", "MPIO": "SAN VICENTE DE CHUCURÍ", "VEREDA": "PALMIRA", "GASODUCTO": "SUR DE BOLIVAR", "TRM_RML": "San Vicente - Playa Roja", "TP_PK": "Inicio", "PK": "018+770", "TP_DUCTO": "Aislado", "DISTRITO": "1", "DIAMETRO": "2", "TRM_REG": "RAMALES SUR DE BOLIVAR", "ZONA": "1", "SENAL_EX": "NO", "FORMA_ACCE": "DDV", "TP_ACCESO": "Vía pavimentada", "EST_ACCESO": "Bueno", "TP_SECCION": "CRUCE DE PROCESO MORFODINAMICO", "NOM_AGUA": "N.A.", "ANCHO_AGUA": 0.0, "TP_AGUA": "N.A.", "UBIC_CRUCE": "Montaña", "CM_TORRENC": "NO", "CANALIZADO": "NO", "ALTERACION": "NO", "ZONA_INUND": "NO", "FORM_CAUCE": "N.A.", "ESTABILID": "N.A.", "TP_MARGEN": "N.A.", "TP_SOPORTE": "Marcos H", "LUZ_SOPORT": 7.0, "EST_SOPORT": "Regular", "EXIST_CABL": "N.A.", "EST_CABLE": "Bueno", "MACIZO_ANC": "NO", "EST_MACIZO": "Bueno", "ZONA_TRANS": "La longitud de la zona de transición es de 5m.", "TP_REVEST": "OTRO", "AREA_REVES": 0.8636, "EST_REVEST": "Regular", "DEFECT_REV": "Desprendimiento", "DSC_EST_TB": "Regular", "DEFECT_TUB": "Corrosión Generalizada", "EVENTO_GEO": "Si", "OBSERVACIO": "Se observa cruce aéreo sobre marcos H, en todo su recorrido. En la zona media se visualiza movimiento del terreno a nivel superficial generando desplazamiento de los marcos H.", "EXISTENTE": "SI", "PROFUNDIDA": 0.0, "LATITUD": 6.896132031000036, "LONGITUD": -73.45188047399995, "ALTITUD": 743.10000000000582, "IMAGEN_1": "C001_IMG_20231204_092827.jpg", "IMAGEN_2": "C001_IMG_20231204_092833.jpg", "IMAGEN_3": "C001_IMG_20231204_092837.jpg", "ID": "CCA-25", "ENTREGA": "E26_R3", "CREC_SUBIT": "N/A", "DIR_TUB": "(N/A)" }, "geometry": { "type": "Point", "coordinates": [ -73.45188047399995, 6.896132031000036, 743.100000000005821 ] } },
{ "type": "Feature", "properties": { "FECHA": "4/12/2023 00:00:00 (UTC)", "DEPTO": "SANTANDER", "MPIO": "SAN VICENTE DE CHUCURÍ", "VEREDA": "PALMIRA", "GASODUCTO": "SUR DE BOLIVAR", "TRM_RML": "San Vicente - Playa Roja", "TP_PK": "Fin", "PK": "018+753", "TP_DUCTO": "Aislado", "DISTRITO": "1", "DIAMETRO": "2", "TRM_REG": "RAMALES SUR DE BOLIVAR", "ZONA": "1", "SENAL_EX": "NO", "FORMA_ACCE": "DDV", "TP_ACCESO": "Vía destapada", "EST_ACCESO": "Bueno", "TP_SECCION": "CRUCE DE PROCESO MORFODINAMICO", "NOM_AGUA": "N.A.", "ANCHO_AGUA": 0.0, "TP_AGUA": "N.A.", "UBIC_CRUCE": "Montaña", "CM_TORRENC": "NO", "CANALIZADO": "NO", "ALTERACION": "NO", "ZONA_INUND": "NO", "FORM_CAUCE": "N.A.", "ESTABILID": "Estable", "TP_MARGEN": "N.A.", "TP_SOPORTE": "Marcos H", "LUZ_SOPORT": 4.0, "EST_SOPORT": "Bueno", "EXIST_CABL": "N.A.", "EST_CABLE": "Bueno", "MACIZO_ANC": "NO", "EST_MACIZO": "Bueno", "ZONA_TRANS": "Estable, pero presenta cobertura vegetal alta.La longitud de la zona de transición es de 3m.", "TP_REVEST": "OTRO", "AREA_REVES": 0.6604, "EST_REVEST": "Regular", "DEFECT_REV": "Desprendimiento", "DSC_EST_TB": "Regular", "DEFECT_TUB": "Corrosión Generalizada", "EVENTO_GEO": "No", "OBSERVACIO": "Se observa cruce aéreo sobre marcos H, en todo su recorrido en buen estado subiendo una ladera; en su parte media, se visualiza concentración de agua de escorrentia.", "EXISTENTE": "SI", "PROFUNDIDA": 0.0, "LATITUD": 6.896113266000043, "LONGITUD": -73.452028388999963, "ALTITUD": 741.3, "IMAGEN_1": "C001_IMG_20231204_092704.jpg", "IMAGEN_2": "C001_IMG_20231204_092710.jpg", "IMAGEN_3": "C001_IMG_20231204_092715.jpg", "ID": "CCA-26", "ENTREGA": "E26_R3", "CREC_SUBIT": "N/A", "DIR_TUB": "(N/A)" }, "geometry": { "type": "Point", "coordinates": [ -73.452028388999963, 6.896113266000043, 741.30000000000291 ] } },
{ "type": "Feature", "properties": { "FECHA": "4/12/2023 00:00:00 (UTC)", "DEPTO": "SANTANDER", "MPIO": "SAN VICENTE DE CHUCURÍ", "VEREDA": "PALMIRA", "GASODUCTO": "SUR DE BOLIVAR", "TRM_RML": "San Vicente - Playa Roja", "TP_PK": "Inicio", "PK": "018+736", "TP_DUCTO": "Aislado", "DISTRITO": "1", "DIAMETRO": "2", "TRM_REG": "RAMALES SUR DE BOLIVAR", "ZONA": "1", "SENAL_EX": "NO", "FORMA_ACCE": "DDV", "TP_ACCESO": "Vía destapada", "EST_ACCESO": "Bueno", "TP_SECCION": "CRUCE DE PROCESO MORFODINAMICO", "NOM_AGUA": "N.A.", "ANCHO_AGUA": 0.0, "TP_AGUA": "N.A.", "UBIC_CRUCE": "Montaña", "CM_TORRENC": "NO", "CANALIZADO": "NO", "ALTERACION": "NO", "ZONA_INUND": "NO", "FORM_CAUCE": "N.A.", "ESTABILID": "Estable", "TP_MARGEN": "N.A.", "TP_SOPORTE": "Marcos H", "LUZ_SOPORT": 4.0, "EST_SOPORT": "Bueno", "EXIST_CABL": "N.A.", "EST_CABLE": "Bueno", "MACIZO_ANC": "NO", "EST_MACIZO": "Bueno", "ZONA_TRANS": "Estable, pero presenta cobertura vegetal alta.La longitud de la zona de transición es de 2m.", "TP_REVEST": "OTRO", "AREA_REVES": 0.6604, "EST_REVEST": "Regular", "DEFECT_REV": "Desprendimiento", "DSC_EST_TB": "Regular", "DEFECT_TUB": "Corrosión Generalizada", "EVENTO_GEO": "No", "OBSERVACIO": "Se observa cruce aéreo sobre marcos H, en todo su recorrido en buen estado subiendo una ladera; en su parte media, se visualiza concentración de agua de escorrentia.", "EXISTENTE": "SI", "PROFUNDIDA": 0.0, "LATITUD": 6.8961294950000251, "LONGITUD": -73.452172194999946, "ALTITUD": 729.2, "IMAGEN_1": "C001_IMG_20231204_092454.jpg", "IMAGEN_2": "C001_IMG_20231204_092505.jpg", "IMAGEN_3": "C001_IMG_20231204_092509.jpg", "ID": "CCA-27", "ENTREGA": "E26_R3", "CREC_SUBIT": "N/A", "DIR_TUB": "(N/A)" }, "geometry": { "type": "Point", "coordinates": [ -73.452172194999946, 6.896129495000025, 729.19999999999709 ] } },
{ "type": "Feature", "properties": { "FECHA": "2/12/2023 00:00:00 (UTC)", "DEPTO": "SANTANDER", "MPIO": "SAN VICENTE DE CHUCURÍ", "VEREDA": "NUEVO MUNDO", "GASODUCTO": "SUR DE BOLIVAR", "TRM_RML": "San Vicente - Playa Roja", "TP_PK": "Fin", "PK": "011+335", "TP_DUCTO": "Aislado", "DISTRITO": "1", "DIAMETRO": "2", "TRM_REG": "RAMALES SUR DE BOLIVAR", "ZONA": "1", "SENAL_EX": "NO", "FORMA_ACCE": "DDV", "TP_ACCESO": "Vía destapada", "EST_ACCESO": "Bueno", "TP_SECCION": "CRUCE DE CUERPO DE AGUA", "NOM_AGUA": "Quebrada Cole Pato", "ANCHO_AGUA": 5.0, "TP_AGUA": "Otro", "UBIC_CRUCE": "Montaña", "CM_TORRENC": "SI", "CANALIZADO": "NO", "ALTERACION": "NO", "ZONA_INUND": "NO", "FORM_CAUCE": "Semirecto", "ESTABILID": "Inestable", "TP_MARGEN": "Derecho", "TP_SOPORTE": "Marcos H con cables", "LUZ_SOPORT": 6.0, "EST_SOPORT": "Bueno", "EXIST_CABL": "SI", "EST_CABLE": "Malo", "MACIZO_ANC": "NO", "EST_MACIZO": "Bueno", "ZONA_TRANS": "La longitud de la zona de transición es de 6m.", "TP_REVEST": "OTRO", "AREA_REVES": 8.0772, "EST_REVEST": "Regular", "DEFECT_REV": "Desprendimiento", "DSC_EST_TB": "Regular", "DEFECT_TUB": "Corrosión Generalizada", "EVENTO_GEO": "Si", "OBSERVACIO": "Se observa cruce aéreo al inicio apoyada superficial y al final inestable sobre el paso de un cuerpo de agua, dónde la tuberia cuenta con pintura de poliuretano de altos sólidos(tipo poliuretano alifático), se recomienda apoyar y tensionar la tub", "EXISTENTE": "SI", "PROFUNDIDA": 0.0, "LATITUD": 6.8779742850000503, "LONGITUD": -73.510851898999988, "ALTITUD": 431.85000000000582, "IMAGEN_1": "C001_IMG_20231202_135459.jpg", "IMAGEN_2": "C001_IMG_20231202_135504.jpg", "IMAGEN_3": "C001_IMG_20231202_135509.jpg", "ID": "CCA-28", "ENTREGA": "E26_R3", "CREC_SUBIT": "SI", "DIR_TUB": "(PERPENDICULAR)" }, "geometry": { "type": "Point", "coordinates": [ -73.510851898999988, 6.87797428500005, 431.850000000005821 ] } },
{ "type": "Feature", "properties": { "FECHA": "2/12/2023 00:00:00 (UTC)", "DEPTO": "SANTANDER", "MPIO": "SAN VICENTE DE CHUCURÍ", "VEREDA": "NUEVO MUNDO", "GASODUCTO": "SUR DE BOLIVAR", "TRM_RML": "San Vicente - Playa Roja", "TP_PK": "Inicio", "PK": "011+208", "TP_DUCTO": "Aislado", "DISTRITO": "1", "DIAMETRO": "2", "TRM_REG": "RAMALES SUR DE BOLIVAR", "ZONA": "1", "SENAL_EX": "NO", "FORMA_ACCE": "DDV", "TP_ACCESO": "Vía destapada", "EST_ACCESO": "Bueno", "TP_SECCION": "CRUCE DE CUERPO DE AGUA", "NOM_AGUA": "Quebrada Cole Pato", "ANCHO_AGUA": 5.0, "TP_AGUA": "Otro", "UBIC_CRUCE": "Montaña", "CM_TORRENC": "SI", "CANALIZADO": "NO", "ALTERACION": "NO", "ZONA_INUND": "NO", "FORM_CAUCE": "Semirecto", "ESTABILID": "Inestable", "TP_MARGEN": "Izquierdo", "TP_SOPORTE": "Marcos H con cables", "LUZ_SOPORT": 6.0, "EST_SOPORT": "Bueno", "EXIST_CABL": "SI", "EST_CABLE": "Malo", "MACIZO_ANC": "NO", "EST_MACIZO": "Bueno", "ZONA_TRANS": "La longitud de la zona de transición es de 2m.La tubería presenta pérdida de recubrimiento.", "TP_REVEST": "OTRO", "AREA_REVES": 8.0772, "EST_REVEST": "Regular", "DEFECT_REV": "Desprendimiento", "DSC_EST_TB": "Regular", "DEFECT_TUB": "Corrosión Generalizada", "EVENTO_GEO": "Si", "OBSERVACIO": "Se observa cruce aéreo al inicio apoyada superficial y al final inestable sobre el paso de un cuerpo de agua, dónde la tuberia cuenta con pintura de poliuretano de altos sólidos(tipo poliuretano alifático), se recomienda apoyar y tensionar la tub", "EXISTENTE": "SI", "PROFUNDIDA": 0.0, "LATITUD": 6.8777190540000674, "LONGITUD": -73.51196863499996, "ALTITUD": 427.5, "IMAGEN_1": "C001_IMG_20231202_141636.jpg", "IMAGEN_2": "C001_IMG_20231202_141648.jpg", "IMAGEN_3": "C001_IMG_20231202_141655.jpg", "ID": "CCA-29", "ENTREGA": "E26_R3", "CREC_SUBIT": "SI", "DIR_TUB": "(PERPENDICULAR)" }, "geometry": { "type": "Point", "coordinates": [ -73.51196863499996, 6.877719054000067, 427.5 ] } },
{ "type": "Feature", "properties": { "FECHA": "2/12/2023 00:00:00 (UTC)", "DEPTO": "SANTANDER", "MPIO": "SAN VICENTE DE CHUCURÍ", "VEREDA": "NUEVO MUNDO", "GASODUCTO": "SUR DE BOLIVAR", "TRM_RML": "San Vicente - Playa Roja", "TP_PK": "Fin", "PK": "011+083", "TP_DUCTO": "Aislado", "DISTRITO": "1", "DIAMETRO": "2", "TRM_REG": "RAMALES SUR DE BOLIVAR", "ZONA": "1", "SENAL_EX": "NO", "FORMA_ACCE": "DDV", "TP_ACCESO": "Vía destapada", "EST_ACCESO": "Bueno", "TP_SECCION": "CRUCE DE PROCESO MORFODINAMICO", "NOM_AGUA": "N/A", "ANCHO_AGUA": 0.0, "TP_AGUA": "N.A.", "UBIC_CRUCE": "Montaña", "CM_TORRENC": "NO", "CANALIZADO": "NO", "ALTERACION": "NO", "ZONA_INUND": "NO", "FORM_CAUCE": "N.A.", "ESTABILID": "N.A.", "TP_MARGEN": "N.A.", "TP_SOPORTE": "Marcos H", "LUZ_SOPORT": 6.0, "EST_SOPORT": "Regular", "EXIST_CABL": "N.A.", "EST_CABLE": "Bueno", "MACIZO_ANC": "NO", "EST_MACIZO": "Bueno", "ZONA_TRANS": "La longitud de la zona de transición es de 7m.La tubería presenta corrosión generalizada.Se recomienda rocería.", "TP_REVEST": "OTRO", "AREA_REVES": 10.2108, "EST_REVEST": "Regular", "DEFECT_REV": "Desprendimiento", "DSC_EST_TB": "Regular", "DEFECT_TUB": "Corrosión Generalizada", "EVENTO_GEO": "Si", "OBSERVACIO": "Se observa cruce aereo de forma superficial, dónde sobre el Pk010+909 se observa movimiento del terreno y suelo saturado, generando el volcamiento de varios Marcos H.", "EXISTENTE": "SI", "PROFUNDIDA": 0.0, "LATITUD": 6.8774924730000748, "LONGITUD": -73.513072610999984, "ALTITUD": 448.45, "IMAGEN_1": "C001_IMG_20231202_143623.jpg", "IMAGEN_2": "C001_IMG_20231202_143628.jpg", "IMAGEN_3": "C001_IMG_20231202_143633.jpg", "ID": "CCA-30", "ENTREGA": "E26_R3", "CREC_SUBIT": "NO", "DIR_TUB": "(PERPENDICULAR)" }, "geometry": { "type": "Point", "coordinates": [ -73.513072610999984, 6.877492473000075, 448.44999999999709 ] } },
{ "type": "Feature", "properties": { "FECHA": "2/12/2023 00:00:00 (UTC)", "DEPTO": "SANTANDER", "MPIO": "SAN VICENTE DE CHUCURÍ", "VEREDA": "NUEVO MUNDO", "GASODUCTO": "SUR DE BOLIVAR", "TRM_RML": "San Vicente - Playa Roja", "TP_PK": "Inicio", "PK": "010+574", "TP_DUCTO": "Aislado", "DISTRITO": "1", "DIAMETRO": "2", "TRM_REG": "RAMALES SUR DE BOLIVAR", "ZONA": "1", "SENAL_EX": "NO", "FORMA_ACCE": "DDV", "TP_ACCESO": "Vía destapada", "EST_ACCESO": "Bueno", "TP_SECCION": "CRUCE DE PROCESO MORFODINAMICO", "NOM_AGUA": "N/A", "ANCHO_AGUA": 0.0, "TP_AGUA": "N.A.", "UBIC_CRUCE": "Montaña", "CM_TORRENC": "NO", "CANALIZADO": "NO", "ALTERACION": "NO", "ZONA_INUND": "NO", "FORM_CAUCE": "N.A.", "ESTABILID": "N.A.", "TP_MARGEN": "N.A.", "TP_SOPORTE": "Marcos H", "LUZ_SOPORT": 6.0, "EST_SOPORT": "Regular", "EXIST_CABL": "N.A.", "EST_CABLE": "Bueno", "MACIZO_ANC": "NO", "EST_MACIZO": "Bueno", "ZONA_TRANS": "La longitud de la zona de transición es de 5m.La tubería presenta corrosión generalizada.Se recomienda rocería.", "TP_REVEST": "OTRO", "AREA_REVES": 10.2108, "EST_REVEST": "Regular", "DEFECT_REV": "Desprendimiento", "DSC_EST_TB": "Regular", "DEFECT_TUB": "Corrosión Generalizada", "EVENTO_GEO": "Si", "OBSERVACIO": "Se observa cruce aereo de forma superficial, dónde sobre el Pk010+909 se observa movimiento del terreno y suelo saturado, generando el volcamiento de varios Marcos H.", "EXISTENTE": "SI", "PROFUNDIDA": 0.0, "LATITUD": 6.8801342530000511, "LONGITUD": -73.5165659, "ALTITUD": 332.25, "IMAGEN_1": "C001_IMG_20231202_154823.jpg", "IMAGEN_2": "C001_IMG_20231202_154833.jpg", "IMAGEN_3": "C001_IMG_20231202_154838.jpg", "ID": "CCA-31", "ENTREGA": "E26_R3", "CREC_SUBIT": "NO", "DIR_TUB": "(PERPENDICULAR)" }, "geometry": { "type": "Point", "coordinates": [ -73.516565899999989, 6.880134253000051, 332.25 ] } },
{ "type": "Feature", "properties": { "FECHA": "3/12/2023 00:00:00 (UTC)", "DEPTO": "SANTANDER", "MPIO": "SAN VICENTE DE CHUCURÍ", "VEREDA": "GUADUAL", "GASODUCTO": "SUR DE BOLIVAR", "TRM_RML": "San Vicente - Playa Roja", "TP_PK": "Inicio", "PK": "014+605", "TP_DUCTO": "Aislado", "DISTRITO": "1", "DIAMETRO": "2", "TRM_REG": "RAMALES SUR DE BOLIVAR", "ZONA": "1", "SENAL_EX": "NO", "FORMA_ACCE": "DDV", "TP_ACCESO": "Vía destapada", "EST_ACCESO": "Bueno", "TP_SECCION": "CRUCE DE PROCESO MORFODINAMICO", "NOM_AGUA": "N.A.", "ANCHO_AGUA": 0.0, "TP_AGUA": "N.A.", "UBIC_CRUCE": "Montaña", "CM_TORRENC": "NO", "CANALIZADO": "NO", "ALTERACION": "NO", "ZONA_INUND": "NO", "FORM_CAUCE": "N.A.", "ESTABILID": "Estable", "TP_MARGEN": "N.A.", "TP_SOPORTE": "Marcos H con cables", "LUZ_SOPORT": 26.0, "EST_SOPORT": "Bueno", "EXIST_CABL": "SI", "EST_CABLE": "Bueno", "MACIZO_ANC": "SI", "EST_MACIZO": "Bueno", "ZONA_TRANS": "La longitud de la zona de transición es de 5m.", "TP_REVEST": "OTRO", "AREA_REVES": 6.4516, "EST_REVEST": "Regular", "DEFECT_REV": "Desprendimiento", "DSC_EST_TB": "Regular", "DEFECT_TUB": "Corrosión Generalizada", "EVENTO_GEO": "No", "OBSERVACIO": "Tuberia superficial con pintura de poliuretano de altos sólidos (tipo poliuretano alifático) para exteriores de color blanco la cual presenta corrosión generalizada.Se recomienda una nueva aplicación de pintura anticorrosiva incluyendo sandblasti", "EXISTENTE": "SI", "PROFUNDIDA": 0.0, "LATITUD": 6.8873157370000513, "LONGITUD": -73.486335547999943, "ALTITUD": 760.8, "IMAGEN_1": "C001_IMG_20231203_080343.jpg", "IMAGEN_2": "C001_IMG_20231203_080346.jpg", "IMAGEN_3": "C001_IMG_20231203_080351.jpg", "ID": "CCA-32", "ENTREGA": "E26_R3", "CREC_SUBIT": "N/A", "DIR_TUB": "(PERPENDICULAR)" }, "geometry": { "type": "Point", "coordinates": [ -73.486335547999943, 6.887315737000051, 760.80000000000291 ] } },
{ "type": "Feature", "properties": { "FECHA": "3/12/2023 00:00:00 (UTC)", "DEPTO": "SANTANDER", "MPIO": "SAN VICENTE DE CHUCURÍ", "VEREDA": "GUADUAL", "GASODUCTO": "SUR DE BOLIVAR", "TRM_RML": "San Vicente - Playa Roja", "TP_PK": "Fin", "PK": "014+662", "TP_DUCTO": "Aislado", "DISTRITO": "1", "DIAMETRO": "2", "TRM_REG": "RAMALES SUR DE BOLIVAR", "ZONA": "1", "SENAL_EX": "NO", "FORMA_ACCE": "DDV", "TP_ACCESO": "Vía destapada", "EST_ACCESO": "Bueno", "TP_SECCION": "CRUCE DE PROCESO MORFODINAMICO", "NOM_AGUA": "N.A.", "ANCHO_AGUA": 0.0, "TP_AGUA": "N.A.", "UBIC_CRUCE": "Montaña", "CM_TORRENC": "NO", "CANALIZADO": "NO", "ALTERACION": "NO", "ZONA_INUND": "NO", "FORM_CAUCE": "N.A.", "ESTABILID": "Estable", "TP_MARGEN": "N.A.", "TP_SOPORTE": "Marcos H con cables", "LUZ_SOPORT": 26.0, "EST_SOPORT": "Bueno", "EXIST_CABL": "SI", "EST_CABLE": "Bueno", "MACIZO_ANC": "SI", "EST_MACIZO": "Bueno", "ZONA_TRANS": "La longitud de la zona de transición es de 4m.", "TP_REVEST": "OTRO", "AREA_REVES": 6.4516, "EST_REVEST": "Regular", "DEFECT_REV": "Desprendimiento", "DSC_EST_TB": "Regular", "DEFECT_TUB": "Corrosión Generalizada", "EVENTO_GEO": "No", "OBSERVACIO": "Tuberia superficial con pintura de poliuretano de altos sólidos (tipo poliuretano alifático) para exteriores de color blanco la cual presenta corrosión generalizada.Se recomienda una nueva aplicación de pintura anticorrosiva incluyendo sandblasti", "EXISTENTE": "SI", "PROFUNDIDA": 0.0, "LATITUD": 6.8874098720000347, "LONGITUD": -73.485826233999944, "ALTITUD": 734.7, "IMAGEN_1": "C001_IMG_20231203_081444.jpg", "IMAGEN_2": "C001_IMG_20231203_081448.jpg", "IMAGEN_3": "C001_IMG_20231203_081453.jpg", "ID": "CCA-33", "ENTREGA": "E26_R3", "CREC_SUBIT": "N/A", "DIR_TUB": "(PERPENDICULAR)" }, "geometry": { "type": "Point", "coordinates": [ -73.485826233999944, 6.887409872000035, 734.69999999999709 ] } },
{ "type": "Feature", "properties": { "FECHA": "3/12/2023 00:00:00 (UTC)", "DEPTO": "SANTANDER", "MPIO": "SAN VICENTE DE CHUCURÍ", "VEREDA": "GUADUAL", "GASODUCTO": "SUR DE BOLIVAR", "TRM_RML": "San Vicente - Playa Roja", "TP_PK": "Inicio", "PK": "015+181", "TP_DUCTO": "Aislado", "DISTRITO": "1", "DIAMETRO": "2", "TRM_REG": "RAMALES SUR DE BOLIVAR", "ZONA": "1", "SENAL_EX": "NO", "FORMA_ACCE": "DDV", "TP_ACCESO": "Vía destapada", "EST_ACCESO": "Bueno", "TP_SECCION": "CRUCE DE PROCESO MORFODINAMICO", "NOM_AGUA": "N.A.", "ANCHO_AGUA": 0.0, "TP_AGUA": "N.A.", "UBIC_CRUCE": "Montaña", "CM_TORRENC": "NO", "CANALIZADO": "NO", "ALTERACION": "NO", "ZONA_INUND": "NO", "FORM_CAUCE": "N.A.", "ESTABILID": "Inestable", "TP_MARGEN": "N.A.", "TP_SOPORTE": "Marcos H", "LUZ_SOPORT": 5.0, "EST_SOPORT": "Malo", "EXIST_CABL": "N.A.", "EST_CABLE": "Malo", "MACIZO_ANC": "NO", "EST_MACIZO": "Bueno", "ZONA_TRANS": "La longitud de la zona de transición es de 7m.", "TP_REVEST": "OTRO", "AREA_REVES": 2.8956, "EST_REVEST": "Regular", "DEFECT_REV": "Desprendimiento", "DSC_EST_TB": "Regular", "DEFECT_TUB": "Corrosión Generalizada", "EVENTO_GEO": "Si", "OBSERVACIO": "Se observa cruce aéreo en mal estado, dónde el terreno está saturado y en constante movimiento en la zona baja de la vía de acceso. Se recomienda de forma urgente cambiar el alineamiento del tramo.", "EXISTENTE": "SI", "PROFUNDIDA": 0.0, "LATITUD": 6.8885015730000418, "LONGITUD": -73.481396982999968, "ALTITUD": 721.89999999999418, "IMAGEN_1": "C001_IMG_20231203_085541.jpg", "IMAGEN_2": "C001_IMG_20231203_085553.jpg", "IMAGEN_3": "C001_IMG_20231203_085557.jpg", "ID": "CCA-34", "ENTREGA": "E26_R3", "CREC_SUBIT": "N/A", "DIR_TUB": "(PERPENDICULAR)" }, "geometry": { "type": "Point", "coordinates": [ -73.481396982999968, 6.888501573000042, 721.899999999994179 ] } },
{ "type": "Feature", "properties": { "FECHA": "3/12/2023 00:00:00 (UTC)", "DEPTO": "SANTANDER", "MPIO": "SAN VICENTE DE CHUCURÍ", "VEREDA": "GUADUAL", "GASODUCTO": "SUR DE BOLIVAR", "TRM_RML": "San Vicente - Playa Roja", "TP_PK": "Fin", "PK": "015+230", "TP_DUCTO": "Aislado", "DISTRITO": "1", "DIAMETRO": "2", "TRM_REG": "RAMALES SUR DE BOLIVAR", "ZONA": "1", "SENAL_EX": "NO", "FORMA_ACCE": "DDV", "TP_ACCESO": "Vía destapada", "EST_ACCESO": "Bueno", "TP_SECCION": "CRUCE DE PROCESO MORFODINAMICO", "NOM_AGUA": "N.A.", "ANCHO_AGUA": 0.0, "TP_AGUA": "N.A.", "UBIC_CRUCE": "Montaña", "CM_TORRENC": "NO", "CANALIZADO": "NO", "ALTERACION": "NO", "ZONA_INUND": "NO", "FORM_CAUCE": "N.A.", "ESTABILID": "Inestable", "TP_MARGEN": "N.A.", "TP_SOPORTE": "Marcos H", "LUZ_SOPORT": 5.0, "EST_SOPORT": "Malo", "EXIST_CABL": "N.A.", "EST_CABLE": "Malo", "MACIZO_ANC": "NO", "EST_MACIZO": "Bueno", "ZONA_TRANS": "La longitud de la zona de transición es de 24m.", "TP_REVEST": "OTRO", "AREA_REVES": 2.8956, "EST_REVEST": "Regular", "DEFECT_REV": "Desprendimiento", "DSC_EST_TB": "Regular", "DEFECT_TUB": "Corrosión Generalizada", "EVENTO_GEO": "Si", "OBSERVACIO": "Se observa cruce aéreo en mal estado, dónde el terreno está saturado y en constante movimiento en la zona baja de la vía de acceso. Se recomienda de forma urgente cambiar el alineamiento del tramo.", "EXISTENTE": "SI", "PROFUNDIDA": 0.0, "LATITUD": 6.8886225370000602, "LONGITUD": -73.480985987999986, "ALTITUD": 727.25, "IMAGEN_1": "C001_IMG_20231203_090624.jpg", "IMAGEN_2": "C001_IMG_20231203_090630.jpg", "IMAGEN_3": "C001_IMG_20231203_090635.jpg", "ID": "CCA-35", "ENTREGA": "E26_R3", "CREC_SUBIT": "N/A", "DIR_TUB": "(PERPENDICULAR)" }, "geometry": { "type": "Point", "coordinates": [ -73.480985987999986, 6.88862253700006, 727.25 ] } },
{ "type": "Feature", "properties": { "FECHA": "3/12/2023 00:00:00 (UTC)", "DEPTO": "SANTANDER", "MPIO": "SAN VICENTE DE CHUCURÍ", "VEREDA": "GUADUAL", "GASODUCTO": "SUR DE BOLIVAR", "TRM_RML": "San Vicente - Playa Roja", "TP_PK": "Inicio", "PK": "015+265", "TP_DUCTO": "Aislado", "DISTRITO": "1", "DIAMETRO": "2", "TRM_REG": "RAMALES SUR DE BOLIVAR", "ZONA": "1", "SENAL_EX": "NO", "FORMA_ACCE": "DDV", "TP_ACCESO": "Vía destapada", "EST_ACCESO": "Bueno", "TP_SECCION": "CRUCE DE CUERPO DE AGUA", "NOM_AGUA": "Caño NN", "ANCHO_AGUA": 1.0, "TP_AGUA": "Otro", "UBIC_CRUCE": "Montaña", "CM_TORRENC": "NO", "CANALIZADO": "SI", "ALTERACION": "NO", "ZONA_INUND": "NO", "FORM_CAUCE": "Meandrico", "ESTABILID": "N.A.", "TP_MARGEN": "Derecho", "TP_SOPORTE": "Marcos H", "LUZ_SOPORT": 5.0, "EST_SOPORT": "Regular", "EXIST_CABL": "N.A.", "EST_CABLE": "Bueno", "MACIZO_ANC": "NO", "EST_MACIZO": "Bueno", "ZONA_TRANS": "Estable, pero presenta cobertura vegetal alta.La longitud de la zona de transición es de 3m.", "TP_REVEST": "OTRO", "AREA_REVES": 2.4892, "EST_REVEST": "Regular", "DEFECT_REV": "Desprendimiento", "DSC_EST_TB": "Regular", "DEFECT_TUB": "Corrosión Generalizada", "EVENTO_GEO": "Si", "OBSERVACIO": "Se observan 3 soportes tipo marco H buenos y un canal en piedra pegada en mal estado. La tubería aérea presenta recubrimiento de pintura de poliuretano de altos sólidos (tipo poliuretano alifático)la cual presenta corrosión general.", "EXISTENTE": "SI", "PROFUNDIDA": 0.0, "LATITUD": 6.8887104, "LONGITUD": -73.480687456999988, "ALTITUD": 697.10000000000582, "IMAGEN_1": "C001_IMG_20231203_091101.jpg", "IMAGEN_2": "C001_IMG_20231203_091104.jpg", "IMAGEN_3": "C001_IMG_20231203_091109.jpg", "ID": "CCA-36", "ENTREGA": "E26_R3", "CREC_SUBIT": "NO", "DIR_TUB": "(PERPENDICULAR)" }, "geometry": { "type": "Point", "coordinates": [ -73.480687456999988, 6.888710400000036, 697.100000000005821 ] } },
{ "type": "Feature", "properties": { "FECHA": "3/12/2023 00:00:00 (UTC)", "DEPTO": "SANTANDER", "MPIO": "SAN VICENTE DE CHUCURÍ", "VEREDA": "GUADUAL", "GASODUCTO": "SUR DE BOLIVAR", "TRM_RML": "San Vicente - Playa Roja", "TP_PK": "Fin", "PK": "015+278", "TP_DUCTO": "Aislado", "DISTRITO": "1", "DIAMETRO": "2", "TRM_REG": "RAMALES SUR DE BOLIVAR", "ZONA": "1", "SENAL_EX": "NO", "FORMA_ACCE": "DDV", "TP_ACCESO": "Vía destapada", "EST_ACCESO": "Bueno", "TP_SECCION": "CRUCE DE CUERPO DE AGUA", "NOM_AGUA": "Caño NN", "ANCHO_AGUA": 1.0, "TP_AGUA": "Otro", "UBIC_CRUCE": "Montaña", "CM_TORRENC": "NO", "CANALIZADO": "SI", "ALTERACION": "NO", "ZONA_INUND": "NO", "FORM_CAUCE": "Meandrico", "ESTABILID": "N.A.", "TP_MARGEN": "Izquierdo", "TP_SOPORTE": "Marcos H", "LUZ_SOPORT": 5.0, "EST_SOPORT": "Regular", "EXIST_CABL": "N.A.", "EST_CABLE": "Bueno", "MACIZO_ANC": "NO", "EST_MACIZO": "Bueno", "ZONA_TRANS": "Estable, pero presenta cobertura vegetal alta.La longitud de la zona de transición es de 4m.", "TP_REVEST": "OTRO", "AREA_REVES": 2.4892, "EST_REVEST": "Regular", "DEFECT_REV": "Desprendimiento", "DSC_EST_TB": "Regular", "DEFECT_TUB": "Corrosión Generalizada", "EVENTO_GEO": "Si", "OBSERVACIO": "Se observan 3 soportes tipo marco H buenos y un canal en piedra pegada en mal estado. La tubería aérea presenta recubrimiento de pintura de poliuretano de altos sólidos (tipo poliuretano alifático)la cual presenta corrosión general.", "EXISTENTE": "SI", "PROFUNDIDA": 0.0, "LATITUD": 6.8887318670000468, "LONGITUD": -73.480579784999975, "ALTITUD": 724.0, "IMAGEN_1": "C001_IMG_20231203_091501.jpg", "IMAGEN_2": "C001_IMG_20231203_091505.jpg", "IMAGEN_3": "C001_IMG_20231203_091511.jpg", "ID": "CCA-37", "ENTREGA": "E26_R3", "CREC_SUBIT": "NO", "DIR_TUB": "(PERPENDICULAR)" }, "geometry": { "type": "Point", "coordinates": [ -73.480579784999975, 6.888731867000047, 724.0 ] } },
{ "type": "Feature", "properties": { "FECHA": "4/12/2023 00:00:00 (UTC)", "DEPTO": "SANTANDER", "MPIO": "SAN VICENTE DE CHUCURÍ", "VEREDA": "MERIDA", "GASODUCTO": "SUR DE BOLIVAR", "TRM_RML": "San Vicente - Playa Roja", "TP_PK": "Inicio", "PK": "021+409", "TP_DUCTO": "Aislado", "DISTRITO": "1", "DIAMETRO": "2", "TRM_REG": "RAMALES SUR DE BOLIVAR", "ZONA": "1", "SENAL_EX": "NO", "FORMA_ACCE": "DDV", "TP_ACCESO": "Sendero a pie", "EST_ACCESO": "Bueno", "TP_SECCION": "CRUCE DE PROCESO MORFODINAMICO", "NOM_AGUA": "N.A.", "ANCHO_AGUA": 0.0, "TP_AGUA": "N.A.", "UBIC_CRUCE": "Montaña", "CM_TORRENC": "NO", "CANALIZADO": "NO", "ALTERACION": "NO", "ZONA_INUND": "NO", "FORM_CAUCE": "N.A.", "ESTABILID": "N.A.", "TP_MARGEN": "N.A.", "TP_SOPORTE": "Marcos H", "LUZ_SOPORT": 21.0, "EST_SOPORT": "Bueno", "EXIST_CABL": "N.A.", "EST_CABLE": "Bueno", "MACIZO_ANC": "NO", "EST_MACIZO": "Bueno", "ZONA_TRANS": "La longitud de la zona de transición es de 2m.", "TP_REVEST": "OTRO", "AREA_REVES": 0.0, "EST_REVEST": "Bueno", "DEFECT_REV": "N.A.", "DSC_EST_TB": "Bueno", "DEFECT_TUB": "N.A.", "EVENTO_GEO": "No", "OBSERVACIO": "Se observa cruce aéreo a media ladera sobre marcos H con cable sueltos en sus extremos, en su parte media, se visualiza concentración de agua, generando deposito lento de material, al punto que la tubería está a nivel de terreno.", "EXISTENTE": "SI", "PROFUNDIDA": 0.0, "LATITUD": 6.8890007660000379, "LONGITUD": -73.431866445999958, "ALTITUD": 472.64999999999418, "IMAGEN_1": "C001_IMG_20231204_133825.jpg", "IMAGEN_2": "C001_IMG_20231204_133837.jpg", "IMAGEN_3": "C001_IMG_20231204_133841.jpg", "ID": "CCA-38", "ENTREGA": "E26_R3", "CREC_SUBIT": "N/A", "DIR_TUB": "(PERPENDICULAR)" }, "geometry": { "type": "Point", "coordinates": [ -73.431866445999958, 6.889000766000038, 472.649999999994179 ] } },
{ "type": "Feature", "properties": { "FECHA": "4/12/2023 00:00:00 (UTC)", "DEPTO": "SANTANDER", "MPIO": "SAN VICENTE DE CHUCURÍ", "VEREDA": "MERIDA", "GASODUCTO": "SUR DE BOLIVAR", "TRM_RML": "San Vicente - Playa Roja", "TP_PK": "Fin", "PK": "021+444", "TP_DUCTO": "Aislado", "DISTRITO": "1", "DIAMETRO": "2", "TRM_REG": "RAMALES SUR DE BOLIVAR", "ZONA": "1", "SENAL_EX": "NO", "FORMA_ACCE": "DDV", "TP_ACCESO": "Sendero a pie", "EST_ACCESO": "Bueno", "TP_SECCION": "CRUCE DE PROCESO MORFODINAMICO", "NOM_AGUA": "N.A.", "ANCHO_AGUA": 0.0, "TP_AGUA": "N.A.", "UBIC_CRUCE": "Montaña", "CM_TORRENC": "NO", "CANALIZADO": "NO", "ALTERACION": "NO", "ZONA_INUND": "NO", "FORM_CAUCE": "N.A.", "ESTABILID": "N.A.", "TP_MARGEN": "N.A.", "TP_SOPORTE": "Marcos H", "LUZ_SOPORT": 21.0, "EST_SOPORT": "Bueno", "EXIST_CABL": "N.A.", "EST_CABLE": "Bueno", "MACIZO_ANC": "NO", "EST_MACIZO": "Bueno", "ZONA_TRANS": "La longitud de la zona de transición es de 3m.", "TP_REVEST": "OTRO", "AREA_REVES": 0.0, "EST_REVEST": "Bueno", "DEFECT_REV": "N.A.", "DSC_EST_TB": "Bueno", "DEFECT_TUB": "N.A.", "EVENTO_GEO": "No", "OBSERVACIO": "Se observa cruce aéreo a media ladera sobre marcos H con cable sueltos en sus extremos, en su parte media, se visualiza concentración de agua, generando deposito lento de material, al punto que la tubería está a nivel de terreno.", "EXISTENTE": "SI", "PROFUNDIDA": 0.0, "LATITUD": 6.8887336220000748, "LONGITUD": -73.43172167299997, "ALTITUD": 471.45, "IMAGEN_1": "C001_IMG_20231204_133918.jpg", "IMAGEN_2": "C001_IMG_20231204_133934.jpg", "IMAGEN_3": "C001_IMG_20231204_133939.jpg", "ID": "CCA-39", "ENTREGA": "E26_R3", "CREC_SUBIT": "N/A", "DIR_TUB": "(PERPENDICULAR)" }, "geometry": { "type": "Point", "coordinates": [ -73.43172167299997, 6.888733622000075, 471.44999999999709 ] } },
{ "type": "Feature", "properties": { "FECHA": "16/11/2023 00:00:00 (UTC)", "DEPTO": "SANTANDER", "MPIO": "BARRANCABERMEJA", "VEREDA": "CAMPO GALÁN", "GASODUCTO": "SUR DE BOLIVAR", "TRM_RML": "Galán - Termobarranca", "TP_PK": "Inicio", "PK": "001+649", "TP_DUCTO": "Aislado", "DISTRITO": "1", "DIAMETRO": "6", "TRM_REG": "RAMALES SUR DE BOLIVAR", "ZONA": "1", "SENAL_EX": "NO", "FORMA_ACCE": "DDV", "TP_ACCESO": "Vía destapada", "EST_ACCESO": "Bueno", "TP_SECCION": "CRUCE DE PROCESO MORFODINAMICO", "NOM_AGUA": "N/A", "ANCHO_AGUA": 0.0, "TP_AGUA": "N.A.", "UBIC_CRUCE": "Llanura", "CM_TORRENC": "NO", "CANALIZADO": "NO", "ALTERACION": "NO", "ZONA_INUND": "NO", "FORM_CAUCE": "N.A.", "ESTABILID": "N.A.", "TP_MARGEN": "N.A.", "TP_SOPORTE": "Marcos H", "LUZ_SOPORT": 10.0, "EST_SOPORT": "Regular", "EXIST_CABL": "N.A.", "EST_CABLE": "Bueno", "MACIZO_ANC": "NO", "EST_MACIZO": "Bueno", "ZONA_TRANS": "La longitud de la zona de transición es de 5m.La tubería presenta corrosión generalizada.Se recomienda rocería.", "TP_REVEST": "OTRO", "AREA_REVES": 27.1272, "EST_REVEST": "Regular", "DEFECT_REV": "Desprendimiento", "DSC_EST_TB": "Regular", "DEFECT_TUB": "Corrosión Generalizada", "EVENTO_GEO": "No", "OBSERVACIO": "Punto creado en oficina, No se pudo tomar el inicio del cruce por SIN PASO, presenta restriccion de terceros ,Tuberia superficial con pintura de poliuretano de altos sólidos (tipo poliuretano alifático) para exteriores de color blanco", "EXISTENTE": "SI", "PROFUNDIDA": 0.0, "LATITUD": 7.0957006360000605, "LONGITUD": -73.895486540999968, "ALTITUD": 80.066699999995762, "IMAGEN_1": "C001_IMG_20231116_105229.jpg", "IMAGEN_2": "C001_IMG_20231116_105236.jpg", "IMAGEN_3": "C001_IMG_20231116_105240.jpg", "ID": "CCA-40", "ENTREGA": "E26_R3", "CREC_SUBIT": "N/A", "DIR_TUB": "PERPENDICULAR" }, "geometry": { "type": "Point", "coordinates": [ -73.895486540999968, 7.095700636000061, 80.066699999995762 ] } },
{ "type": "Feature", "properties": { "FECHA": "4/12/2023 00:00:00 (UTC)", "DEPTO": "SANTANDER", "MPIO": "SAN VICENTE DE CHUCURÍ", "VEREDA": "PALMIRA", "GASODUCTO": "SUR DE BOLIVAR", "TRM_RML": "San Vicente - Playa Roja", "TP_PK": "Inicio", "PK": "019+521", "TP_DUCTO": "Aislado", "DISTRITO": "1", "DIAMETRO": "2", "TRM_REG": "RAMALES SUR DE BOLIVAR", "ZONA": "1", "SENAL_EX": "NO", "FORMA_ACCE": "DDV", "TP_ACCESO": "Vía pavimentada", "EST_ACCESO": "Bueno", "TP_SECCION": "CRUCE DE CUERPO DE AGUA", "NOM_AGUA": "Caño NN", "ANCHO_AGUA": 2.0, "TP_AGUA": "Otro", "UBIC_CRUCE": "Montaña", "CM_TORRENC": "SI", "CANALIZADO": "NO", "ALTERACION": "NO", "ZONA_INUND": "NO", "FORM_CAUCE": "Semirecto", "ESTABILID": "Inestable", "TP_MARGEN": "Derecho", "TP_SOPORTE": "Marcos H", "LUZ_SOPORT": 4.0, "EST_SOPORT": "Bueno", "EXIST_CABL": "N.A.", "EST_CABLE": "Bueno", "MACIZO_ANC": "NO", "EST_MACIZO": "Bueno", "ZONA_TRANS": "La longitud de la zona de transición es de 4m.", "TP_REVEST": "OTRO", "AREA_REVES": 0.0, "EST_REVEST": "Bueno", "DEFECT_REV": "N.A.", "DSC_EST_TB": "Bueno", "DEFECT_TUB": "N.A.", "EVENTO_GEO": "Si", "OBSERVACIO": "Punto creado en oficina, No se pudo tomar el inicio del cruce por SIN PASO, presenta OBSTÁCULO NATURAL, cruce aéreo sobre marcos H,  En la zona media se visualiza movimiento del terreno a nivel superficial generando desplazamiento de los marcos H.", "EXISTENTE": "SI", "PROFUNDIDA": 0.0, "LATITUD": 6.8958194090000688, "LONGITUD": -73.445467946999941, "ALTITUD": 639.39999999999418, "IMAGEN_1": "C001_IMG_20231204_111108.jpg", "IMAGEN_2": "C001_IMG_20231204_111125.jpg", "IMAGEN_3": "C001_IMG_20231204_111131.jpg", "ID": "CCA-41", "ENTREGA": "E26_R3", "CREC_SUBIT": "SI", "DIR_TUB": "(PERPENDICULAR)" }, "geometry": { "type": "Point", "coordinates": [ -73.445467946999941, 6.895819409000069, 639.399999999994179 ] } },
{ "type": "Feature", "properties": { "FECHA": "27/01/2023 00:00:00 (UTC)", "DEPTO": "BOYACÁ", "MPIO": "SAMACÁ", "VEREDA": "CHURUVITA", "GASODUCTO": "PORVENIR - LA BELLEZA", "TRM_RML": "Miraflores - Sutamarchan", "TP_PK": "Inicio", "PK": "146+701", "TP_DUCTO": "Troncal", "DISTRITO": "5", "DIAMETRO": "20", "TRM_REG": "EL PORVENIR - LA BELLEZA", "ZONA": "3", "SENAL_EX": "SI", "FORMA_ACCE": "DDV", "TP_ACCESO": "Vía destapada", "EST_ACCESO": "Bueno", "TP_SECCION": "CRUCE DE CUERPO DE AGUA", "NOM_AGUA": "Quebrada Churuvita", "ANCHO_AGUA": 3.0, "TP_AGUA": "Otro", "UBIC_CRUCE": "Montaña", "CM_TORRENC": "SI", "CANALIZADO": "NO", "ALTERACION": "NO", "ZONA_INUND": "NO", "FORM_CAUCE": "Semirecto", "ESTABILID": "Estable", "TP_MARGEN": "Derecho", "TP_SOPORTE": "Marcos H", "LUZ_SOPORT": 0.0, "EST_SOPORT": "Bueno", "EXIST_CABL": "N.A.", "EST_CABLE": "Bueno", "MACIZO_ANC": "NO", "EST_MACIZO": "Bueno", "ZONA_TRANS": "0", "TP_REVEST": "Poliken", "AREA_REVES": 0.0, "EST_REVEST": "Bueno", "DEFECT_REV": "N.A.", "DSC_EST_TB": "Bueno", "DEFECT_TUB": "N.A.", "EVENTO_GEO": "No", "OBSERVACIO": " ", "EXISTENTE": "SI", "PROFUNDIDA": 0.0, "LATITUD": 5.5473682400000257, "LONGITUD": -73.507804026999963, "ALTITUD": 2564.7555, "IMAGEN_1": "C001_IMG_20230127_114705.jpg", "IMAGEN_2": "C001_IMG_20230127_114710.jpg", "IMAGEN_3": "C001_IMG_20230127_114715.jpg", "ID": "CCA-169", "ENTREGA": "E39_R2", "CREC_SUBIT": "SI", "DIR_TUB": "(PERPENDICULAR)" }, "geometry": { "type": "Point", "coordinates": [ -73.507804026999963, 5.547368240000026, 2564.755499999999302 ] } },
{ "type": "Feature", "properties": { "FECHA": "27/01/2023 00:00:00 (UTC)", "DEPTO": "BOYACÁ", "MPIO": "SÁCHICA", "VEREDA": "ARRAYAN", "GASODUCTO": "PORVENIR - LA BELLEZA", "TRM_RML": "Miraflores - Sutamarchan", "TP_PK": "Fin", "PK": "146+715", "TP_DUCTO": "Troncal", "DISTRITO": "5", "DIAMETRO": "20", "TRM_REG": "EL PORVENIR - LA BELLEZA", "ZONA": "3", "SENAL_EX": "SI", "FORMA_ACCE": "DDV", "TP_ACCESO": "Vía destapada", "EST_ACCESO": "Bueno", "TP_SECCION": "CRUCE DE CUERPO DE AGUA", "NOM_AGUA": "Quebrada Churuvita", "ANCHO_AGUA": 3.0, "TP_AGUA": "Otro", "UBIC_CRUCE": "Montaña", "CM_TORRENC": "SI", "CANALIZADO": "NO", "ALTERACION": "NO", "ZONA_INUND": "NO", "FORM_CAUCE": "Semirecto", "ESTABILID": "Estable", "TP_MARGEN": "Izquierdo", "TP_SOPORTE": "Marcos H con cables", "LUZ_SOPORT": 0.0, "EST_SOPORT": "Bueno", "EXIST_CABL": "SI", "EST_CABLE": "Bueno", "MACIZO_ANC": "SI", "EST_MACIZO": "Bueno", "ZONA_TRANS": "5", "TP_REVEST": "Poliken", "AREA_REVES": 0.0, "EST_REVEST": "Bueno", "DEFECT_REV": "N.A.", "DSC_EST_TB": "Bueno", "DEFECT_TUB": "N.A.", "EVENTO_GEO": "No", "OBSERVACIO": " ", "EXISTENTE": "SI", "PROFUNDIDA": 0.0, "LATITUD": 5.5474586, "LONGITUD": -73.507877049999934, "ALTITUD": 2554.9889, "IMAGEN_1": "C001_IMG_20230127_120109.jpg", "IMAGEN_2": "C001_IMG_20230127_120115.jpg", "IMAGEN_3": "C001_IMG_20230127_120121.jpg", "ID": "CCA-170", "ENTREGA": "E39_R2", "CREC_SUBIT": "SI", "DIR_TUB": "(PERPENDICULAR)" }, "geometry": { "type": "Point", "coordinates": [ -73.507877049999934, 5.547458600000027, 2554.988899999996647 ] } },
{ "type": "Feature", "properties": { "FECHA": "27/01/2023 00:00:00 (UTC)", "DEPTO": "BOYACÁ", "MPIO": "SAMACÁ", "VEREDA": "CHURUVITA", "GASODUCTO": "PORVENIR - LA BELLEZA", "TRM_RML": "Miraflores - Puente Guillermo", "TP_PK": "Inicio", "PK": "148+238", "TP_DUCTO": "Loop", "DISTRITO": "5", "DIAMETRO": "20", "TRM_REG": "EL PORVENIR - LA BELLEZA", "ZONA": "3", "SENAL_EX": "SI", "FORMA_ACCE": "DDV", "TP_ACCESO": "Vía destapada", "EST_ACCESO": "Bueno", "TP_SECCION": "CRUCE DE CUERPO DE AGUA", "NOM_AGUA": "Quebrada Churuvita", "ANCHO_AGUA": 20.0, "TP_AGUA": "Secundaria", "UBIC_CRUCE": "Llanura", "CM_TORRENC": "NO", "CANALIZADO": "NO", "ALTERACION": "NO", "ZONA_INUND": "NO", "FORM_CAUCE": "Semirecto", "ESTABILID": "Estable", "TP_MARGEN": "Derecho", "TP_SOPORTE": "Marcos H", "LUZ_SOPORT": 23.0, "EST_SOPORT": "Bueno", "EXIST_CABL": "NO", "EST_CABLE": "Bueno", "MACIZO_ANC": "NO", "EST_MACIZO": "Bueno", "ZONA_TRANS": "Buen estado.La longitud de la zona de transición al inicio es de 2m aproximadamente.", "TP_REVEST": "OTRO", "AREA_REVES": 0.0, "EST_REVEST": "Bueno", "DEFECT_REV": "N.A.", "DSC_EST_TB": "Bueno", "DEFECT_TUB": "N.A.", "EVENTO_GEO": "No", "OBSERVACIO": "Tuberia superficial con pintura de poliuretano de altos sólidos (tipo poliuretano alifático) para exteriores.", "EXISTENTE": "SI", "PROFUNDIDA": 0.0, "LATITUD": 5.5473578520000615, "LONGITUD": -73.507738680999978, "ALTITUD": 2552.22, "IMAGEN_1": "C001_IMG_20230127_114051.jpg", "IMAGEN_2": "C001_IMG_20230127_114100.jpg", "IMAGEN_3": "C001_IMG_20230127_114108.jpg", "ID": "CCA-175", "ENTREGA": "E40_R2", "CREC_SUBIT": "NO", "DIR_TUB": "(PERPENDICULAR)" }, "geometry": { "type": "Point", "coordinates": [ -73.507738680999978, 5.547357852000061, 2552.220000000001164 ] } },
{ "type": "Feature", "properties": { "FECHA": "27/01/2023 00:00:00 (UTC)", "DEPTO": "BOYACÁ", "MPIO": "SÁCHICA", "VEREDA": "ARRAYAN", "GASODUCTO": "PORVENIR - LA BELLEZA", "TRM_RML": "Miraflores - Puente Guillermo", "TP_PK": "Fin", "PK": "148+261", "TP_DUCTO": "Loop", "DISTRITO": "5", "DIAMETRO": "20", "TRM_REG": "EL PORVENIR - LA BELLEZA", "ZONA": "3", "SENAL_EX": "SI", "FORMA_ACCE": "DDV", "TP_ACCESO": "Vía destapada", "EST_ACCESO": "Bueno", "TP_SECCION": "CRUCE DE CUERPO DE AGUA", "NOM_AGUA": "Quebrada Churuvita", "ANCHO_AGUA": 20.0, "TP_AGUA": "Secundaria", "UBIC_CRUCE": "Llanura", "CM_TORRENC": "NO", "CANALIZADO": "NO", "ALTERACION": "NO", "ZONA_INUND": "NO", "FORM_CAUCE": "Semirecto", "ESTABILID": "Estable", "TP_MARGEN": "Izquierdo", "TP_SOPORTE": "Marcos H", "LUZ_SOPORT": 23.0, "EST_SOPORT": "Bueno", "EXIST_CABL": "NO", "EST_CABLE": "Bueno", "MACIZO_ANC": "NO", "EST_MACIZO": "Bueno", "ZONA_TRANS": "Buen estado.La longitud de la zona de transición al inicio es de 2m aproximadamente.", "TP_REVEST": "OTRO", "AREA_REVES": 0.0, "EST_REVEST": "Bueno", "DEFECT_REV": "N.A.", "DSC_EST_TB": "Bueno", "DEFECT_TUB": "N.A.", "EVENTO_GEO": "No", "OBSERVACIO": "Tuberia superficial con pintura de poliuretano de altos sólidos (tipo poliuretano alifático) para exteriores.", "EXISTENTE": "SI", "PROFUNDIDA": 0.0, "LATITUD": 5.5475125340000204, "LONGITUD": -73.507866184999955, "ALTITUD": 2554.9, "IMAGEN_1": "C001_IMG_20230127_120303.jpg", "IMAGEN_2": "C001_IMG_20230127_120307.jpg", "IMAGEN_3": "C001_IMG_20230127_120313.jpg", "ID": "CCA-176", "ENTREGA": "E40_R2", "CREC_SUBIT": "NO", "DIR_TUB": "(PERPENDICULAR)" }, "geometry": { "type": "Point", "coordinates": [ -73.507866184999955, 5.54751253400002, 2554.899999999994179 ] } },
{ "type": "Feature", "properties": { "FECHA": "22/02/2023 00:00:00 (UTC)", "DEPTO": "SANTANDER", "MPIO": "ALBANIA", "VEREDA": "EL HATILLO", "GASODUCTO": "PORVENIR - LA BELLEZA", "TRM_RML": "Sutamarchan - La Belleza", "TP_PK": "Inicio", "PK": "194+249", "TP_DUCTO": "Troncal", "DISTRITO": "5", "DIAMETRO": "20", "TRM_REG": "EL PORVENIR - LA BELLEZA", "ZONA": "3", "SENAL_EX": "SI", "FORMA_ACCE": " ", "TP_ACCESO": "Sendero a pie", "EST_ACCESO": "Bueno", "TP_SECCION": "CRUCE DE CUERPO DE AGUA", "NOM_AGUA": "Caño NN", "ANCHO_AGUA": 10.0, "TP_AGUA": "Secundaria", "UBIC_CRUCE": "Montaña", "CM_TORRENC": "NO", "CANALIZADO": "NO", "ALTERACION": "NO", "ZONA_INUND": "NO", "FORM_CAUCE": "Trenzado", "ESTABILID": "Estable", "TP_MARGEN": "Derecho", "TP_SOPORTE": "Voladizo", "LUZ_SOPORT": 15.0, "EST_SOPORT": "Bueno", "EXIST_CABL": "NO", "EST_CABLE": "Bueno", "MACIZO_ANC": "NO", "EST_MACIZO": "Bueno", "ZONA_TRANS": "En buen estado", "TP_REVEST": "OTRO", "AREA_REVES": 0.0, "EST_REVEST": "Bueno", "DEFECT_REV": "N.A.", "DSC_EST_TB": "Bueno", "DEFECT_TUB": "N.A.", "EVENTO_GEO": "No", "OBSERVACIO": "Tuberia superficial con pintura de poliuretano de altos sólidos (tipo poliuretano alifático). Sin soporte", "EXISTENTE": "SI", "PROFUNDIDA": 0.0, "LATITUD": 5.8088271650000252, "LONGITUD": -73.759931275999975, "ALTITUD": 2270.78, "IMAGEN_1": "C002_IMG_20230222_095739.jpg", "IMAGEN_2": "C002_IMG_20230222_095744.jpg", "IMAGEN_3": "C002_IMG_20230222_095751.jpg", "ID": "CCA-195", "ENTREGA": "E43_R2", "CREC_SUBIT": "NO", "DIR_TUB": "PERPENDICULAR" }, "geometry": { "type": "Point", "coordinates": [ -73.759931275999975, 5.808827165000025, 2270.779999999998836 ] } },
{ "type": "Feature", "properties": { "FECHA": "22/02/2023 00:00:00 (UTC)", "DEPTO": "SANTANDER", "MPIO": "ALBANIA", "VEREDA": "EL HATILLO", "GASODUCTO": "PORVENIR - LA BELLEZA", "TRM_RML": "Sutamarchan - La Belleza", "TP_PK": "Fin", "PK": "194+272", "TP_DUCTO": "Troncal", "DISTRITO": "5", "DIAMETRO": "20", "TRM_REG": "EL PORVENIR - LA BELLEZA", "ZONA": "3", "SENAL_EX": "NO", "FORMA_ACCE": " ", "TP_ACCESO": "Sendero a pie", "EST_ACCESO": "Bueno", "TP_SECCION": "CRUCE DE CUERPO DE AGUA", "NOM_AGUA": "Caño NN", "ANCHO_AGUA": 10.0, "TP_AGUA": "Secundaria", "UBIC_CRUCE": "Montaña", "CM_TORRENC": "NO", "CANALIZADO": "NO", "ALTERACION": "NO", "ZONA_INUND": "NO", "FORM_CAUCE": "Trenzado", "ESTABILID": "Estable", "TP_MARGEN": "Izquierdo", "TP_SOPORTE": "Marcos H", "LUZ_SOPORT": 15.0, "EST_SOPORT": "Bueno", "EXIST_CABL": "NO", "EST_CABLE": "Bueno", "MACIZO_ANC": "NO", "EST_MACIZO": "Bueno", "ZONA_TRANS": "En buen estado", "TP_REVEST": "OTRO", "AREA_REVES": 0.0, "EST_REVEST": "Bueno", "DEFECT_REV": "N.A.", "DSC_EST_TB": "Bueno", "DEFECT_TUB": "N.A.", "EVENTO_GEO": "No", "OBSERVACIO": "Tuberia superficial con pintura de poliuretano de altos sólidos (tipo poliuretano alifático) presenta un marco H", "EXISTENTE": "SI", "PROFUNDIDA": 0.0, "LATITUD": 5.8088063520000333, "LONGITUD": -73.760129517999985, "ALTITUD": 2275.16, "IMAGEN_1": "C002_IMG_20230222_100758.jpg", "IMAGEN_2": "C002_IMG_20230222_100804.jpg", "IMAGEN_3": "C002_IMG_20230222_100808.jpg", "ID": "CCA-196", "ENTREGA": "E43_R2", "CREC_SUBIT": "NO", "DIR_TUB": "PERPENDICULAR" }, "geometry": { "type": "Point", "coordinates": [ -73.760129517999985, 5.808806352000033, 2275.160000000003492 ] } },
{ "type": "Feature", "properties": { "FECHA": "23/02/2023 00:00:00 (UTC)", "DEPTO": "SANTANDER", "MPIO": "ALBANIA", "VEREDA": "PUEBLO VIEJO", "GASODUCTO": "PORVENIR - LA BELLEZA", "TRM_RML": "Sutamarchan - La Belleza", "TP_PK": "Fin", "PK": "198+113", "TP_DUCTO": "Troncal", "DISTRITO": "5", "DIAMETRO": "20", "TRM_REG": "EL PORVENIR - LA BELLEZA", "ZONA": "3", "SENAL_EX": "SI", "FORMA_ACCE": " ", "TP_ACCESO": "Sendero a pie", "EST_ACCESO": "Bueno", "TP_SECCION": "CRUCE DE CUERPO DE AGUA", "NOM_AGUA": "Quebrada Potreros", "ANCHO_AGUA": 30.0, "TP_AGUA": "Secundaria", "UBIC_CRUCE": "Montaña", "CM_TORRENC": "NO", "CANALIZADO": "NO", "ALTERACION": "NO", "ZONA_INUND": "NO", "FORM_CAUCE": "Trenzado", "ESTABILID": "Estable", "TP_MARGEN": "Izquierdo", "TP_SOPORTE": "Puente colgante", "LUZ_SOPORT": 50.0, "EST_SOPORT": "Bueno", "EXIST_CABL": "SI", "EST_CABLE": "Bueno", "MACIZO_ANC": "SI", "EST_MACIZO": "Bueno", "ZONA_TRANS": "En buen estado", "TP_REVEST": "OTRO", "AREA_REVES": 0.0, "EST_REVEST": "Bueno", "DEFECT_REV": "N.A.", "DSC_EST_TB": "Bueno", "DEFECT_TUB": "N.A.", "EVENTO_GEO": "No", "OBSERVACIO": "Realineamiento 2023. Tuberia superficial con pintura de poliuretano de altos sólidos (tipo poliuretano alifático)", "EXISTENTE": "SI", "PROFUNDIDA": 0.0, "LATITUD": 5.8189707790000398, "LONGITUD": -73.791434117999984, "ALTITUD": 1900.4875, "IMAGEN_1": "C002_IMG_20230223_110907.jpg", "IMAGEN_2": "C002_IMG_20230223_110915.jpg", "IMAGEN_3": "C002_IMG_20230223_110921.jpg", "ID": "CCA-197", "ENTREGA": "E43_R2", "CREC_SUBIT": "NO", "DIR_TUB": "PERPENDICULAR" }, "geometry": { "type": "Point", "coordinates": [ -73.791434117999984, 5.81897077900004, 1900.48750000000291 ] } },
{ "type": "Feature", "properties": { "FECHA": "23/02/2023 00:00:00 (UTC)", "DEPTO": "SANTANDER", "MPIO": "ALBANIA", "VEREDA": "PUEBLO VIEJO", "GASODUCTO": "PORVENIR - LA BELLEZA", "TRM_RML": "Sutamarchan - La Belleza", "TP_PK": "Inicio", "PK": "198+026", "TP_DUCTO": "Troncal", "DISTRITO": "5", "DIAMETRO": "20", "TRM_REG": "EL PORVENIR - LA BELLEZA", "ZONA": "3", "SENAL_EX": "SI", "FORMA_ACCE": " ", "TP_ACCESO": "Sendero a pie", "EST_ACCESO": "Bueno", "TP_SECCION": "CRUCE DE CUERPO DE AGUA", "NOM_AGUA": "Quebrada Potreros", "ANCHO_AGUA": 30.0, "TP_AGUA": "Secundaria", "UBIC_CRUCE": "Montaña", "CM_TORRENC": "NO", "CANALIZADO": "NO", "ALTERACION": "NO", "ZONA_INUND": "NO", "FORM_CAUCE": "Trenzado", "ESTABILID": "Estable", "TP_MARGEN": "Derecho", "TP_SOPORTE": "Puente colgante", "LUZ_SOPORT": 50.0, "EST_SOPORT": "Bueno", "EXIST_CABL": "SI", "EST_CABLE": "Bueno", "MACIZO_ANC": "SI", "EST_MACIZO": "Bueno", "ZONA_TRANS": "En buen estado", "TP_REVEST": "OTRO", "AREA_REVES": 0.0, "EST_REVEST": "Bueno", "DEFECT_REV": "N.A.", "DSC_EST_TB": "Bueno", "DEFECT_TUB": "N.A.", "EVENTO_GEO": "No", "OBSERVACIO": "Realineamiento 2023. Tuberia superficial con pintura de poliuretano de altos sólidos (tipo poliuretano alifático)", "EXISTENTE": "SI", "PROFUNDIDA": 0.0, "LATITUD": 5.8189279230000466, "LONGITUD": -73.790668606999986, "ALTITUD": 1899.86, "IMAGEN_1": "C002_IMG_20230223_110515.jpg", "IMAGEN_2": "C002_IMG_20230223_110521.jpg", "IMAGEN_3": "C002_IMG_20230223_110525.jpg", "ID": "CCA-198", "ENTREGA": "E43_R2", "CREC_SUBIT": "NO", "DIR_TUB": "PERPENDICULAR" }, "geometry": { "type": "Point", "coordinates": [ -73.790668606999986, 5.818927923000047, 1899.860000000000582 ] } },
{ "type": "Feature", "properties": { "FECHA": "27/02/2023 00:00:00 (UTC)", "DEPTO": "SANTANDER", "MPIO": "PUENTE NACIONAL", "VEREDA": "RIO SUAREZ", "GASODUCTO": "PORVENIR - LA BELLEZA", "TRM_RML": "Sutamarchan - La Belleza", "TP_PK": "Inicio", "PK": "187+631", "TP_DUCTO": "Troncal", "DISTRITO": "5", "DIAMETRO": "20", "TRM_REG": "EL PORVENIR - LA BELLEZA", "ZONA": "3", "SENAL_EX": "SI", "FORMA_ACCE": " ", "TP_ACCESO": "Sendero a pie", "EST_ACCESO": "Bueno", "TP_SECCION": "CRUCE DE CUERPO DE AGUA", "NOM_AGUA": "Río Suarez", "ANCHO_AGUA": 80.0, "TP_AGUA": "Principal", "UBIC_CRUCE": "Montaña", "CM_TORRENC": "NO", "CANALIZADO": "NO", "ALTERACION": "NO", "ZONA_INUND": "NO", "FORM_CAUCE": "Semirecto", "ESTABILID": "Estable", "TP_MARGEN": "Derecho", "TP_SOPORTE": "Puente colgante", "LUZ_SOPORT": 92.0, "EST_SOPORT": "Bueno", "EXIST_CABL": "SI", "EST_CABLE": "Bueno", "MACIZO_ANC": "SI", "EST_MACIZO": "Bueno", "ZONA_TRANS": "En buen estado", "TP_REVEST": "OTRO", "AREA_REVES": 0.0, "EST_REVEST": "Bueno", "DEFECT_REV": "N.A.", "DSC_EST_TB": "Bueno", "DEFECT_TUB": "N.A.", "EVENTO_GEO": "Si", "OBSERVACIO": "Tuberia superficial con pintura de poliuretano de altos sólidos (tipo poliuretano alifático)", "EXISTENTE": "SI", "PROFUNDIDA": 0.0, "LATITUD": 5.8101782890000209, "LONGITUD": -73.702425809999966, "ALTITUD": 2028.66, "IMAGEN_1": "C002_IMG_20230227_135309.jpg", "IMAGEN_2": "C002_IMG_20230227_135313.jpg", "IMAGEN_3": "C002_IMG_20230227_135317.jpg", "ID": "CCA-199", "ENTREGA": "E43_R2", "CREC_SUBIT": "NO", "DIR_TUB": "PERPENDICULAR" }, "geometry": { "type": "Point", "coordinates": [ -73.702425809999966, 5.810178289000021, 2028.660000000003492 ] } },
{ "type": "Feature", "properties": { "FECHA": "26/02/2023 00:00:00 (UTC)", "DEPTO": "SANTANDER", "MPIO": "PUENTE NACIONAL", "VEREDA": "RIO SUAREZ", "GASODUCTO": "PORVENIR - LA BELLEZA", "TRM_RML": "Sutamarchan - La Belleza", "TP_PK": "Fin", "PK": "187+761", "TP_DUCTO": "Troncal", "DISTRITO": "5", "DIAMETRO": "20", "TRM_REG": "EL PORVENIR - LA BELLEZA", "ZONA": "3", "SENAL_EX": "SI", "FORMA_ACCE": " ", "TP_ACCESO": "Sendero a pie", "EST_ACCESO": "Bueno", "TP_SECCION": "CRUCE DE CUERPO DE AGUA", "NOM_AGUA": "Río Suarez", "ANCHO_AGUA": 80.0, "TP_AGUA": "Principal", "UBIC_CRUCE": "Montaña", "CM_TORRENC": "NO", "CANALIZADO": "NO", "ALTERACION": "NO", "ZONA_INUND": "NO", "FORM_CAUCE": "Semirecto", "ESTABILID": "Estable", "TP_MARGEN": "Izquierdo", "TP_SOPORTE": "Puente colgante", "LUZ_SOPORT": 92.0, "EST_SOPORT": "Bueno", "EXIST_CABL": "SI", "EST_CABLE": "Bueno", "MACIZO_ANC": "SI", "EST_MACIZO": "Bueno", "ZONA_TRANS": "En buen estado", "TP_REVEST": "OTRO", "AREA_REVES": 0.0, "EST_REVEST": "Bueno", "DEFECT_REV": "N.A.", "DSC_EST_TB": "Bueno", "DEFECT_TUB": "N.A.", "EVENTO_GEO": "No", "OBSERVACIO": "Tuberia superficial con pintura de poliuretano de altos sólidos (tipo poliuretano alifático)", "EXISTENTE": "SI", "PROFUNDIDA": 0.0, "LATITUD": 5.8104515570000217, "LONGITUD": -73.703513933999943, "ALTITUD": 2010.7, "IMAGEN_1": "C002_IMG_20230226_131957.jpg", "IMAGEN_2": "C002_IMG_20230226_132002.jpg", "IMAGEN_3": "C002_IMG_20230226_132006.jpg", "ID": "CCA-200", "ENTREGA": "E43_R2", "CREC_SUBIT": "NO", "DIR_TUB": "PERPENDICULAR" }, "geometry": { "type": "Point", "coordinates": [ -73.703513933999943, 5.810451557000022, 2010.69999999999709 ] } },
{ "type": "Feature", "properties": { "FECHA": "3/03/2023 00:00:00 (UTC)", "DEPTO": "SANTANDER", "MPIO": "PUENTE NACIONAL", "VEREDA": "MONTES", "GASODUCTO": "PORVENIR - LA BELLEZA", "TRM_RML": "Sutamarchan - La Belleza", "TP_PK": "Inicio", "PK": "184+110", "TP_DUCTO": "Troncal", "DISTRITO": "5", "DIAMETRO": "20", "TRM_REG": "EL PORVENIR - LA BELLEZA", "ZONA": "3", "SENAL_EX": "SI", "FORMA_ACCE": " ", "TP_ACCESO": "Sendero a pie", "EST_ACCESO": "Bueno", "TP_SECCION": "CRUCE DE CUERPO DE AGUA", "NOM_AGUA": "Caño NN", "ANCHO_AGUA": 6.0, "TP_AGUA": "Otro", "UBIC_CRUCE": "Montaña", "CM_TORRENC": "NO", "CANALIZADO": "NO", "ALTERACION": "NO", "ZONA_INUND": "NO", "FORM_CAUCE": "Semirecto", "ESTABILID": "Estable", "TP_MARGEN": "Derecho", "TP_SOPORTE": "Marcos H", "LUZ_SOPORT": 0.0, "EST_SOPORT": "Bueno", "EXIST_CABL": "NO", "EST_CABLE": "Bueno", "MACIZO_ANC": "NO", "EST_MACIZO": "Bueno", "ZONA_TRANS": "En buen estado", "TP_REVEST": "OTRO", "AREA_REVES": 0.0, "EST_REVEST": "Bueno", "DEFECT_REV": "N.A.", "DSC_EST_TB": "Bueno", "DEFECT_TUB": "N.A.", "EVENTO_GEO": "No", "OBSERVACIO": "Tuberia superficial con pintura de poliuretano de altos sólidos (tipo poliuretano alifático) presenta un marco H", "EXISTENTE": "SI", "PROFUNDIDA": 0.0, "LATITUD": 5.8086081060000652, "LONGITUD": -73.671810263999987, "ALTITUD": 2199.3, "IMAGEN_1": "C002_IMG_20230303_075912.jpg", "IMAGEN_2": "C002_IMG_20230303_075917.jpg", "IMAGEN_3": "C002_IMG_20230303_075921.jpg", "ID": "CCA-201", "ENTREGA": "E43_R2", "CREC_SUBIT": "NO", "DIR_TUB": "PERPENDICULAR" }, "geometry": { "type": "Point", "coordinates": [ -73.671810263999987, 5.808608106000065, 2199.30000000000291 ] } },
{ "type": "Feature", "properties": { "FECHA": "3/03/2023 00:00:00 (UTC)", "DEPTO": "SANTANDER", "MPIO": "PUENTE NACIONAL", "VEREDA": "MONTES", "GASODUCTO": "PORVENIR - LA BELLEZA", "TRM_RML": "Sutamarchan - La Belleza", "TP_PK": "Fin", "PK": "184+124", "TP_DUCTO": "Troncal", "DISTRITO": "5", "DIAMETRO": "20", "TRM_REG": "EL PORVENIR - LA BELLEZA", "ZONA": "3", "SENAL_EX": "SI", "FORMA_ACCE": " ", "TP_ACCESO": "Sendero a pie", "EST_ACCESO": "Bueno", "TP_SECCION": "CRUCE DE CUERPO DE AGUA", "NOM_AGUA": "Caño NN", "ANCHO_AGUA": 6.0, "TP_AGUA": "Otro", "UBIC_CRUCE": "Montaña", "CM_TORRENC": "NO", "CANALIZADO": "NO", "ALTERACION": "NO", "ZONA_INUND": "NO", "FORM_CAUCE": "Semirecto", "ESTABILID": "Estable", "TP_MARGEN": "Izquierdo", "TP_SOPORTE": "Voladizo", "LUZ_SOPORT": 0.0, "EST_SOPORT": "Bueno", "EXIST_CABL": "N.A.", "EST_CABLE": "Bueno", "MACIZO_ANC": "NO", "EST_MACIZO": "Bueno", "ZONA_TRANS": "En buen estado", "TP_REVEST": "OTRO", "AREA_REVES": 0.0, "EST_REVEST": "Bueno", "DEFECT_REV": "N.A.", "DSC_EST_TB": "Bueno", "DEFECT_TUB": "N.A.", "EVENTO_GEO": "No", "OBSERVACIO": "Tuberia superficial con pintura de poliuretano de altos sólidos (tipo poliuretano alifático). Sin soporte", "EXISTENTE": "SI", "PROFUNDIDA": 0.0, "LATITUD": 5.8086660880000522, "LONGITUD": -73.671922986999959, "ALTITUD": 2195.18, "IMAGEN_1": "C002_IMG_20230303_080737.jpg", "IMAGEN_2": "C002_IMG_20230303_080740.jpg", "IMAGEN_3": "C002_IMG_20230303_080744.jpg", "ID": "CCA-202", "ENTREGA": "E43_R2", "CREC_SUBIT": "NO", "DIR_TUB": "PERPENDICULAR" }, "geometry": { "type": "Point", "coordinates": [ -73.671922986999959, 5.808666088000052, 2195.179999999993015 ] } },
{ "type": "Feature", "properties": { "FECHA": "3/03/2023 00:00:00 (UTC)", "DEPTO": "SANTANDER", "MPIO": "PUENTE NACIONAL", "VEREDA": "MONTES", "GASODUCTO": "PORVENIR - LA BELLEZA", "TRM_RML": "Miraflores - Puente Guillermo", "TP_PK": "Inicio", "PK": "185+855", "TP_DUCTO": "Loop", "DISTRITO": "5", "DIAMETRO": "20", "TRM_REG": "EL PORVENIR - LA BELLEZA", "ZONA": "3", "SENAL_EX": "NO", "FORMA_ACCE": "DDV", "TP_ACCESO": "Sendero a pie", "EST_ACCESO": "Bueno", "TP_SECCION": "CRUCE DE CUERPO DE AGUA", "NOM_AGUA": "Caño NN", "ANCHO_AGUA": 5.0, "TP_AGUA": "Otro", "UBIC_CRUCE": "Montaña", "CM_TORRENC": "NO", "CANALIZADO": "NO", "ALTERACION": "NO", "ZONA_INUND": "NO", "FORM_CAUCE": "Semirecto", "ESTABILID": "Estable", "TP_MARGEN": "Derecho", "TP_SOPORTE": "Marcos H", "LUZ_SOPORT": 12.0, "EST_SOPORT": "Bueno", "EXIST_CABL": "NO", "EST_CABLE": "Bueno", "MACIZO_ANC": "NO", "EST_MACIZO": "Bueno", "ZONA_TRANS": "En buen estado", "TP_REVEST": "OTRO", "AREA_REVES": 0.0, "EST_REVEST": "Bueno", "DEFECT_REV": "N.A.", "DSC_EST_TB": "Bueno", "DEFECT_TUB": "N.A.", "EVENTO_GEO": "No", "OBSERVACIO": "Tuberia aérea con pintura de poliuretano de altos sólidos (tipo poliuretano alifático)", "EXISTENTE": "SI", "PROFUNDIDA": 0.0, "LATITUD": 5.8086695320000672, "LONGITUD": -73.671783382999934, "ALTITUD": 2209.1667, "IMAGEN_1": "C002_IMG_20230303_080244.jpg", "IMAGEN_2": "C002_IMG_20230303_080248.jpg", "IMAGEN_3": "C002_IMG_20230303_080253.jpg", "ID": "CCA-231", "ENTREGA": "E44_R2", "CREC_SUBIT": "NO", "DIR_TUB": "PERPENDICULAR" }, "geometry": { "type": "Point", "coordinates": [ -73.671783382999934, 5.808669532000067, 2209.166700000001583 ] } },
{ "type": "Feature", "properties": { "FECHA": "3/03/2023 00:00:00 (UTC)", "DEPTO": "SANTANDER", "MPIO": "PUENTE NACIONAL", "VEREDA": "MONTES", "GASODUCTO": "PORVENIR - LA BELLEZA", "TRM_RML": "Miraflores - Puente Guillermo", "TP_PK": "Fin", "PK": "185+872", "TP_DUCTO": "Loop", "DISTRITO": "5", "DIAMETRO": "20", "TRM_REG": "EL PORVENIR - LA BELLEZA", "ZONA": "3", "SENAL_EX": "NO", "FORMA_ACCE": "DDV", "TP_ACCESO": "Sendero a pie", "EST_ACCESO": "Bueno", "TP_SECCION": "CRUCE DE CUERPO DE AGUA", "NOM_AGUA": "Caño NN", "ANCHO_AGUA": 5.0, "TP_AGUA": "Otro", "UBIC_CRUCE": "Montaña", "CM_TORRENC": "NO", "CANALIZADO": "NO", "ALTERACION": "NO", "ZONA_INUND": "NO", "FORM_CAUCE": "Semirecto", "ESTABILID": "Estable", "TP_MARGEN": "Izquierdo", "TP_SOPORTE": "Marcos H", "LUZ_SOPORT": 12.0, "EST_SOPORT": "Bueno", "EXIST_CABL": "NO", "EST_CABLE": "Bueno", "MACIZO_ANC": "NO", "EST_MACIZO": "Bueno", "ZONA_TRANS": "En buen estado", "TP_REVEST": "OTRO", "AREA_REVES": 0.0, "EST_REVEST": "Bueno", "DEFECT_REV": "N.A.", "DSC_EST_TB": "Bueno", "DEFECT_TUB": "N.A.", "EVENTO_GEO": "No", "OBSERVACIO": "Tuberia aérea con pintura de poliuretano de altos sólidos (tipo poliuretano alifático)", "EXISTENTE": "SI", "PROFUNDIDA": 0.0, "LATITUD": 5.8087338980000709, "LONGITUD": -73.671911871999953, "ALTITUD": 2207.4667, "IMAGEN_1": "C002_IMG_20230303_080756.jpg", "IMAGEN_2": "C002_IMG_20230303_080759.jpg", "IMAGEN_3": "C002_IMG_20230303_080803.jpg", "ID": "CCA-232", "ENTREGA": "E44_R2", "CREC_SUBIT": "SI", "DIR_TUB": "INCLINADO" }, "geometry": { "type": "Point", "coordinates": [ -73.671911871999953, 5.808733898000071, 2207.466700000004494 ] } },
{ "type": "Feature", "properties": { "FECHA": "6/03/2023 00:00:00 (UTC)", "DEPTO": "BOYACÁ", "MPIO": "SANTA SOFÍA", "VEREDA": "GUATOQUE", "GASODUCTO": "PORVENIR - LA BELLEZA", "TRM_RML": "Miraflores - Puente Guillermo", "TP_PK": "Inicio", "PK": "174+068", "TP_DUCTO": "Loop", "DISTRITO": "5", "DIAMETRO": "20", "TRM_REG": "EL PORVENIR - LA BELLEZA", "ZONA": "3", "SENAL_EX": "SI", "FORMA_ACCE": "DDV", "TP_ACCESO": "Sendero a pie", "EST_ACCESO": "Bueno", "TP_SECCION": "CRUCE DE PROCESO MORFODINAMICO", "NOM_AGUA": "Caño NN", "ANCHO_AGUA": 0.0, "TP_AGUA": "N.A.", "UBIC_CRUCE": "Montaña", "CM_TORRENC": "NO", "CANALIZADO": "NO", "ALTERACION": "NO", "ZONA_INUND": "NO", "FORM_CAUCE": "Semirecto", "ESTABILID": "Estable", "TP_MARGEN": "Derecho", "TP_SOPORTE": "Marcos H", "LUZ_SOPORT": 10.0, "EST_SOPORT": "Bueno", "EXIST_CABL": "N.A.", "EST_CABLE": "Bueno", "MACIZO_ANC": "NO", "EST_MACIZO": "Bueno", "ZONA_TRANS": "En buen estado", "TP_REVEST": "OTRO", "AREA_REVES": 0.0, "EST_REVEST": "Bueno", "DEFECT_REV": "N.A.", "DSC_EST_TB": "Bueno", "DEFECT_TUB": "N.A.", "EVENTO_GEO": "No", "OBSERVACIO": "Tuberia aérea con pintura de poliuretano de altos sólidos (tipo poliuretano alifático)", "EXISTENTE": "SI", "PROFUNDIDA": 0.0, "LATITUD": 5.7516590270000734, "LONGITUD": -73.596851097999945, "ALTITUD": 2294.2, "IMAGEN_1": "C002_IMG_20230306_115408.jpg", "IMAGEN_2": "C002_IMG_20230306_115415.jpg", "IMAGEN_3": "C002_IMG_20230306_115419.jpg", "ID": "CCA-233", "ENTREGA": "E44_R2", "CREC_SUBIT": "NO", "DIR_TUB": "PERPENDICULAR" }, "geometry": { "type": "Point", "coordinates": [ -73.596851097999945, 5.751659027000073, 2294.19999999999709 ] } },
{ "type": "Feature", "properties": { "FECHA": "6/03/2023 00:00:00 (UTC)", "DEPTO": "BOYACÁ", "MPIO": "SANTA SOFÍA", "VEREDA": "GUATOQUE", "GASODUCTO": "PORVENIR - LA BELLEZA", "TRM_RML": "Miraflores - Puente Guillermo", "TP_PK": "Fin", "PK": "174+177", "TP_DUCTO": "Loop", "DISTRITO": "5", "DIAMETRO": "20", "TRM_REG": "EL PORVENIR - LA BELLEZA", "ZONA": "3", "SENAL_EX": "NO", "FORMA_ACCE": "DDV", "TP_ACCESO": "Sendero a pie", "EST_ACCESO": "Bueno", "TP_SECCION": "CRUCE DE PROCESO MORFODINAMICO", "NOM_AGUA": "Caño NN", "ANCHO_AGUA": 0.0, "TP_AGUA": "N.A.", "UBIC_CRUCE": "Montaña", "CM_TORRENC": "NO", "CANALIZADO": "NO", "ALTERACION": "NO", "ZONA_INUND": "NO", "FORM_CAUCE": "Semirecto", "ESTABILID": "Estable", "TP_MARGEN": "Izquierdo", "TP_SOPORTE": "Marcos H", "LUZ_SOPORT": 10.0, "EST_SOPORT": "Bueno", "EXIST_CABL": "N.A.", "EST_CABLE": "Bueno", "MACIZO_ANC": "NO", "EST_MACIZO": "Bueno", "ZONA_TRANS": "En buen estado", "TP_REVEST": "OTRO", "AREA_REVES": 0.0, "EST_REVEST": "Bueno", "DEFECT_REV": "N.A.", "DSC_EST_TB": "Bueno", "DEFECT_TUB": "N.A.", "EVENTO_GEO": "No", "OBSERVACIO": "Tuberia aérea con pintura de poliuretano de altos sólidos (tipo poliuretano alifático)", "EXISTENTE": "SI", "PROFUNDIDA": 0.0, "LATITUD": 5.7526014660000442, "LONGITUD": -73.59705291399996, "ALTITUD": 2294.2, "IMAGEN_1": "C002_IMG_20230306_112517.jpg", "IMAGEN_2": "C002_IMG_20230306_112521.jpg", "IMAGEN_3": "C002_IMG_20230306_112524.jpg", "ID": "CCA-234", "ENTREGA": "E44_R2", "CREC_SUBIT": "NO", "DIR_TUB": "PERPENDICULAR" }, "geometry": { "type": "Point", "coordinates": [ -73.59705291399996, 5.752601466000044, 2294.19999999999709 ] } },
{ "type": "Feature", "properties": { "FECHA": "18/08/2024 00:00:00 (UTC)", "DEPTO": "SANTANDER", "MPIO": "JESÚS MARÍA", "VEREDA": "ARCINIEGAS", "GASODUCTO": "BOYACA - SANTANDER", "TRM_RML": "Bolívar", "TP_PK": "Inicio", "PK": "006+557", "TP_DUCTO": "Ramal", "DISTRITO": "5", "DIAMETRO": "2", "TRM_REG": "GASODUCTO RAMALES BOYACA - SANTANDER", "ZONA": "3", "SENAL_EX": "SI", "FORMA_ACCE": "Vía urbana Jesús Maria costado derecho del gasoducto a 5m", "TP_ACCESO": "Vía pavimentada", "EST_ACCESO": "Bueno", "TP_SECCION": "CRUCE DE PROCESO MORFODINAMICO", "NOM_AGUA": "N.A.", "ANCHO_AGUA": 0.0, "TP_AGUA": "N.A.", "UBIC_CRUCE": "Montaña", "CM_TORRENC": "NO", "CANALIZADO": "NO", "ALTERACION": "NO", "ZONA_INUND": "NO", "FORM_CAUCE": "N.A.", "ESTABILID": "Estable", "TP_MARGEN": "Derecho", "TP_SOPORTE": "Marcos H con cables", "LUZ_SOPORT": 40.0, "EST_SOPORT": "Bueno", "EXIST_CABL": "SI", "EST_CABLE": "Bueno", "MACIZO_ANC": "SI", "EST_MACIZO": "Bueno", "ZONA_TRANS": "5m", "TP_REVEST": "Poliken", "AREA_REVES": 20.26, "EST_REVEST": "Regular", "DEFECT_REV": "Desprendimiento", "DSC_EST_TB": "Bueno", "DEFECT_TUB": "N.A.", "EVENTO_GEO": "No", "OBSERVACIO": "Cruce aéreo de tubería colgante con un total de 13 péndolas de acero cada 3m. El área total de recubrimiento es de 20.26cm2. Se identifica desprendimiento del recubrimiento en una longitud de 10cm en la zona de transición de la tubería.", "EXISTENTE": "SI", "PROFUNDIDA": 0.0, "LATITUD": 5.8746491710000441, "LONGITUD": -73.786115634999987, "ALTITUD": 1882.1, "IMAGEN_1": "C001_IMG_20240818_125826.jpg", "IMAGEN_2": "C001_IMG_20240818_125830.jpg", "IMAGEN_3": "C001_IMG_20240818_125833.jpg", "ID": "CCA-51", "ENTREGA": "E14_R4", "CREC_SUBIT": "N/A", "DIR_TUB": "N/A" }, "geometry": { "type": "Point", "coordinates": [ -73.786115634999987, 5.874649171000044, 1882.100000000005821 ] } },
{ "type": "Feature", "properties": { "FECHA": "18/08/2024 00:00:00 (UTC)", "DEPTO": "SANTANDER", "MPIO": "JESÚS MARÍA", "VEREDA": "ÁREA URBANA", "GASODUCTO": "BOYACA - SANTANDER", "TRM_RML": "Bolívar", "TP_PK": "Fin", "PK": "006+604", "TP_DUCTO": "Ramal", "DISTRITO": "5", "DIAMETRO": "2", "TRM_REG": "GASODUCTO RAMALES BOYACA - SANTANDER", "ZONA": "3", "SENAL_EX": "NO", "FORMA_ACCE": "Vía urbana Jesús Maria costado derecho del gasoducto a 5m", "TP_ACCESO": "Vía pavimentada", "EST_ACCESO": "Bueno", "TP_SECCION": "CRUCE DE PROCESO MORFODINAMICO", "NOM_AGUA": "N.A.", "ANCHO_AGUA": 0.0, "TP_AGUA": "N.A.", "UBIC_CRUCE": "Montaña", "CM_TORRENC": "NO", "CANALIZADO": "NO", "ALTERACION": "NO", "ZONA_INUND": "NO", "FORM_CAUCE": "N.A.", "ESTABILID": "Estable", "TP_MARGEN": "Izquierdo", "TP_SOPORTE": "Marcos H con cables", "LUZ_SOPORT": 40.0, "EST_SOPORT": "Bueno", "EXIST_CABL": "SI", "EST_CABLE": "Bueno", "MACIZO_ANC": "SI", "EST_MACIZO": "Bueno", "ZONA_TRANS": "5m", "TP_REVEST": "Poliken", "AREA_REVES": 20.26, "EST_REVEST": "Regular", "DEFECT_REV": "Desprendimiento", "DSC_EST_TB": "Bueno", "DEFECT_TUB": "N.A.", "EVENTO_GEO": "No", "OBSERVACIO": "Cruce aéreo de tubería colgante con un total de 13 péndolas de acero cada 3m. El área total de recubrimiento es de 20.26cm2. Se identifica desprendimiento del recubrimiento en una longitud de 10cm en la zona de transición de la tubería.", "EXISTENTE": "SI", "PROFUNDIDA": 0.0, "LATITUD": 5.8750238650000597, "LONGITUD": -73.785938740999939, "ALTITUD": 1878.8667, "IMAGEN_1": "C001_IMG_20240818_125333.jpg", "IMAGEN_2": "C001_IMG_20240818_125338.jpg", "IMAGEN_3": "C001_IMG_20240818_125345.jpg", "ID": "CCA-52", "ENTREGA": "E14_R4", "CREC_SUBIT": "N/A", "DIR_TUB": "N/A" }, "geometry": { "type": "Point", "coordinates": [ -73.785938740999939, 5.87502386500006, 1878.866699999998673 ] } },
{ "type": "Feature", "properties": { "FECHA": "11/08/2024 00:00:00 (UTC)", "DEPTO": "SANTANDER", "MPIO": "GÜEPSA", "VEREDA": "SANTA ROSA", "GASODUCTO": "BOYACA - SANTANDER", "TRM_RML": "Otero - Santana", "TP_PK": "Inicio", "PK": "028+834", "TP_DUCTO": "Troncal", "DISTRITO": "5", "DIAMETRO": "8", "TRM_REG": "GASODUCTO RAMALES BOYACA - SANTANDER", "ZONA": "3", "SENAL_EX": "NO", "FORMA_ACCE": "DDV", "TP_ACCESO": "Sendero a pie", "EST_ACCESO": "Bueno", "TP_SECCION": "CRUCE DE PROCESO MORFODINAMICO", "NOM_AGUA": " ", "ANCHO_AGUA": 0.0, "TP_AGUA": "N.A.", "UBIC_CRUCE": "Montaña", "CM_TORRENC": "NO", "CANALIZADO": "NO", "ALTERACION": "NO", "ZONA_INUND": "NO", "FORM_CAUCE": "N.A.", "ESTABILID": "N.A.", "TP_MARGEN": "N.A.", "TP_SOPORTE": "Marcos H", "LUZ_SOPORT": 12.0, "EST_SOPORT": "Bueno", "EXIST_CABL": "N.A.", "EST_CABLE": "Bueno", "MACIZO_ANC": "NO", "EST_MACIZO": "Bueno", "ZONA_TRANS": "0", "TP_REVEST": "Poliken", "AREA_REVES": 0.0, "EST_REVEST": "Bueno", "DEFECT_REV": "N.A.", "DSC_EST_TB": "Bueno", "DEFECT_TUB": "N.A.", "EVENTO_GEO": "Si", "OBSERVACIO": "No se evidencia en el momento cuerpo de agua.\r\n", "EXISTENTE": "SI", "PROFUNDIDA": 0.0, "LATITUD": 5.9987844210000389, "LONGITUD": -73.590239338999936, "ALTITUD": 1466.3833, "IMAGEN_1": "C003_IMG_20240811_112538.jpg", "IMAGEN_2": "C003_IMG_20240811_112550.jpg", "IMAGEN_3": "C003_IMG_20240811_112558.jpg", "ID": "CCA-49", "ENTREGA": "E14_R4", "CREC_SUBIT": "NO", "DIR_TUB": "PERPENDICULAR" }, "geometry": { "type": "Point", "coordinates": [ -73.590239338999936, 5.998784421000039, 1466.383300000001327 ] } },
{ "type": "Feature", "properties": { "FECHA": "11/08/2024 00:00:00 (UTC)", "DEPTO": "SANTANDER", "MPIO": "GÜEPSA", "VEREDA": "SANTA ROSA", "GASODUCTO": "BOYACA - SANTANDER", "TRM_RML": "Otero - Santana", "TP_PK": "Fin", "PK": "028+884", "TP_DUCTO": "Troncal", "DISTRITO": "5", "DIAMETRO": "8", "TRM_REG": "GASODUCTO RAMALES BOYACA - SANTANDER", "ZONA": "3", "SENAL_EX": "NO", "FORMA_ACCE": "DDV", "TP_ACCESO": "Sendero a pie", "EST_ACCESO": "Bueno", "TP_SECCION": "CRUCE DE PROCESO MORFODINAMICO", "NOM_AGUA": " ", "ANCHO_AGUA": 0.0, "TP_AGUA": "N.A.", "UBIC_CRUCE": "Montaña", "CM_TORRENC": "NO", "CANALIZADO": "NO", "ALTERACION": "NO", "ZONA_INUND": "NO", "FORM_CAUCE": "N.A.", "ESTABILID": "N.A.", "TP_MARGEN": "N.A.", "TP_SOPORTE": "Marcos H", "LUZ_SOPORT": 12.0, "EST_SOPORT": "Bueno", "EXIST_CABL": "N.A.", "EST_CABLE": "Bueno", "MACIZO_ANC": "NO", "EST_MACIZO": "Bueno", "ZONA_TRANS": "0", "TP_REVEST": "Poliken", "AREA_REVES": 0.0, "EST_REVEST": "Bueno", "DEFECT_REV": "N.A.", "DSC_EST_TB": "Bueno", "DEFECT_TUB": "Abolladura", "EVENTO_GEO": "Si", "OBSERVACIO": "Falta roceria y limpieza", "EXISTENTE": "SI", "PROFUNDIDA": 0.0, "LATITUD": 5.9990939030000732, "LONGITUD": -73.58991668799996, "ALTITUD": 1462.8333, "IMAGEN_1": "C003_IMG_20240811_113654.jpg", "IMAGEN_2": "C003_IMG_20240811_113706.jpg", "IMAGEN_3": "C003_IMG_20240811_113715.jpg", "ID": "CCA-50", "ENTREGA": "E14_R4", "CREC_SUBIT": "NO", "DIR_TUB": "PERPENDICULAR" }, "geometry": { "type": "Point", "coordinates": [ -73.58991668799996, 5.999093903000073, 1462.833299999998417 ] } },
{ "type": "Feature", "properties": { "FECHA": "7/08/2024 00:00:00 (UTC)", "DEPTO": "BOYACÁ", "MPIO": "MONIQUIRÁ", "VEREDA": "NEVAL Y CRUCES", "GASODUCTO": "BOYACA - SANTANDER", "TRM_RML": "Togui", "TP_PK": "Inicio", "PK": "006+675", "TP_DUCTO": "Ramal", "DISTRITO": "5", "DIAMETRO": "2", "TRM_REG": "GASODUCTO RAMALES BOYACA - SANTANDER", "ZONA": "3", "SENAL_EX": "NO", "FORMA_ACCE": "DDV", "TP_ACCESO": "Vía destapada", "EST_ACCESO": "Bueno", "TP_SECCION": "CRUCE DE PROCESO MORFODINAMICO", "NOM_AGUA": " ", "ANCHO_AGUA": 0.0, "TP_AGUA": "N.A.", "UBIC_CRUCE": "Montaña", "CM_TORRENC": "NO", "CANALIZADO": "NO", "ALTERACION": "NO", "ZONA_INUND": "NO", "FORM_CAUCE": "N.A.", "ESTABILID": "Estable", "TP_MARGEN": "N.A.", "TP_SOPORTE": "Marcos H", "LUZ_SOPORT": 2.0, "EST_SOPORT": "Bueno", "EXIST_CABL": "NO", "EST_CABLE": "Bueno", "MACIZO_ANC": "NO", "EST_MACIZO": "Bueno", "ZONA_TRANS": "4", "TP_REVEST": "Poliken", "AREA_REVES": 0.0, "EST_REVEST": "Bueno", "DEFECT_REV": "N.A.", "DSC_EST_TB": "Bueno", "DEFECT_TUB": "N.A.", "EVENTO_GEO": "Si", "OBSERVACIO": "No existe cuerpo de agua", "EXISTENTE": "SI", "PROFUNDIDA": 0.0, "LATITUD": 5.8931808360000559, "LONGITUD": -73.568402788999947, "ALTITUD": 1764.1494, "IMAGEN_1": "C003_IMG_20240807_092716.jpg", "IMAGEN_2": "C003_IMG_20240807_092721.jpg", "IMAGEN_3": "C003_IMG_20240807_092725.jpg", "ID": "CCA-47", "ENTREGA": "E13_R4", "CREC_SUBIT": "SI", "DIR_TUB": "PERPENDICULAR" }, "geometry": { "type": "Point", "coordinates": [ -73.568402788999947, 5.893180836000056, 1764.149399999994785 ] } },
{ "type": "Feature", "properties": { "FECHA": "7/08/2024 00:00:00 (UTC)", "DEPTO": "BOYACÁ", "MPIO": "MONIQUIRÁ", "VEREDA": "NEVAL Y CRUCES", "GASODUCTO": "BOYACA - SANTANDER", "TRM_RML": "Togui", "TP_PK": "Fin", "PK": "006+719", "TP_DUCTO": "Ramal", "DISTRITO": "5", "DIAMETRO": "2", "TRM_REG": "GASODUCTO RAMALES BOYACA - SANTANDER", "ZONA": "3", "SENAL_EX": "SI", "FORMA_ACCE": "DDV", "TP_ACCESO": "Vía destapada", "EST_ACCESO": "Bueno", "TP_SECCION": "CRUCE DE PROCESO MORFODINAMICO", "NOM_AGUA": " ", "ANCHO_AGUA": 0.0, "TP_AGUA": "N.A.", "UBIC_CRUCE": "Montaña", "CM_TORRENC": "NO", "CANALIZADO": "NO", "ALTERACION": "NO", "ZONA_INUND": "NO", "FORM_CAUCE": "N.A.", "ESTABILID": "Estable", "TP_MARGEN": "N.A.", "TP_SOPORTE": "Marcos H", "LUZ_SOPORT": 2.0, "EST_SOPORT": "Bueno", "EXIST_CABL": "NO", "EST_CABLE": "Bueno", "MACIZO_ANC": "NO", "EST_MACIZO": "Bueno", "ZONA_TRANS": "4", "TP_REVEST": "Poliken", "AREA_REVES": 0.0, "EST_REVEST": "Bueno", "DEFECT_REV": "N.A.", "DSC_EST_TB": "Bueno", "DEFECT_TUB": "N.A.", "EVENTO_GEO": "Si", "OBSERVACIO": "No existe cuerpo de agua", "EXISTENTE": "SI", "PROFUNDIDA": 0.0, "LATITUD": 5.8928138890000241, "LONGITUD": -73.56849353399997, "ALTITUD": 1760.4616, "IMAGEN_1": "C003_IMG_20240807_090547.jpg", "IMAGEN_2": "C003_IMG_20240807_090603.jpg", "IMAGEN_3": "C003_IMG_20240807_090607.jpg", "ID": "CCA-48", "ENTREGA": "E13_R4", "CREC_SUBIT": "NO", "DIR_TUB": "PERPENDICULAR" }, "geometry": { "type": "Point", "coordinates": [ -73.56849353399997, 5.892813889000024, 1760.461599999995087 ] } },
{ "type": "Feature", "properties": { "FECHA": "26/02/2023 00:00:00 (UTC)", "DEPTO": "BOYACÁ", "MPIO": "PUERTO BOYACÁ", "VEREDA": "LAS QUINCHAS", "GASODUCTO": "CENTRO - ORIENTE", "TRM_RML": "La Belleza - Vasconia", "TP_PK": "Inicio", "PK": "277+751", "TP_DUCTO": "Troncal", "DISTRITO": "1", "DIAMETRO": "12", "TRM_REG": "LA BELLEZA - VASCONIA", "ZONA": "1", "SENAL_EX": "SI", "FORMA_ACCE": " ", "TP_ACCESO": "Sendero a pie", "EST_ACCESO": "Bueno", "TP_SECCION": "CRUCE DE CUERPO DE AGUA", "NOM_AGUA": "Quebrada NN", "ANCHO_AGUA": 10.0, "TP_AGUA": "Secundaria", "UBIC_CRUCE": "Montaña", "CM_TORRENC": "NO", "CANALIZADO": "NO", "ALTERACION": "NO", "ZONA_INUND": "NO", "FORM_CAUCE": "Semirecto", "ESTABILID": "Estable", "TP_MARGEN": "Izquierdo", "TP_SOPORTE": "Marcos H con cables", "LUZ_SOPORT": 14.0, "EST_SOPORT": "Regular", "EXIST_CABL": "SI", "EST_CABLE": "Bueno", "MACIZO_ANC": "NO", "EST_MACIZO": "Bueno", "ZONA_TRANS": "En buen estado. Su longitud es de 2m.", "TP_REVEST": "OTRO", "AREA_REVES": 5.5, "EST_REVEST": "Regular", "DEFECT_REV": "Desprendimiento", "DSC_EST_TB": "Regular", "DEFECT_TUB": "Corrosión Generalizada", "EVENTO_GEO": "No", "OBSERVACIO": "Tuberia superficial la cual presenta corrosión generalizada.Se recomienda una nueva aplicación de pintura anticorrosiva incluyendo sandblasting.", "EXISTENTE": "SI", "PROFUNDIDA": 0.0, "LATITUD": 5.8322103970000398, "LONGITUD": -74.317840733999958, "ALTITUD": 371.9167, "IMAGEN_1": "C001_IMG_20230226_071803.jpg", "IMAGEN_2": "C001_IMG_20230226_071808.jpg", "IMAGEN_3": "C001_IMG_20230226_071813.jpg", "ID": "CCA-191", "ENTREGA": "E47_R2", "CREC_SUBIT": "NO", "DIR_TUB": "PERPENDICULAR" }, "geometry": { "type": "Point", "coordinates": [ -74.317840733999958, 5.83221039700004, 371.916700000001583 ] } },
{ "type": "Feature", "properties": { "FECHA": "26/02/2023 00:00:00 (UTC)", "DEPTO": "BOYACÁ", "MPIO": "PUERTO BOYACÁ", "VEREDA": "LAS QUINCHAS", "GASODUCTO": "CENTRO - ORIENTE", "TRM_RML": "La Belleza - Vasconia", "TP_PK": "Fin", "PK": "277+774", "TP_DUCTO": "Troncal", "DISTRITO": "1", "DIAMETRO": "12", "TRM_REG": "LA BELLEZA - VASCONIA", "ZONA": "1", "SENAL_EX": "SI", "FORMA_ACCE": " ", "TP_ACCESO": "Sendero a pie", "EST_ACCESO": "Bueno", "TP_SECCION": "CRUCE DE CUERPO DE AGUA", "NOM_AGUA": "Quebrada NN", "ANCHO_AGUA": 10.0, "TP_AGUA": "Secundaria", "UBIC_CRUCE": "Montaña", "CM_TORRENC": "NO", "CANALIZADO": "NO", "ALTERACION": "NO", "ZONA_INUND": "NO", "FORM_CAUCE": "Semirecto", "ESTABILID": "Estable", "TP_MARGEN": "Derecho", "TP_SOPORTE": "Marcos H con cables", "LUZ_SOPORT": 14.0, "EST_SOPORT": "Regular", "EXIST_CABL": "SI", "EST_CABLE": "Bueno", "MACIZO_ANC": "NO", "EST_MACIZO": "Bueno", "ZONA_TRANS": "En buen estado. Su longitud es de 2m.", "TP_REVEST": "OTRO", "AREA_REVES": 5.5, "EST_REVEST": "Regular", "DEFECT_REV": "Desprendimiento", "DSC_EST_TB": "Regular", "DEFECT_TUB": "Corrosión Generalizada", "EVENTO_GEO": "No", "OBSERVACIO": "Tuberia superficial la cual presenta corrosión generalizada.Se recomienda una nueva aplicación de pintura anticorrosiva incluyendo sandblasting.", "EXISTENTE": "SI", "PROFUNDIDA": 0.0, "LATITUD": 5.8323637100000383, "LONGITUD": -74.317914322999968, "ALTITUD": 373.0, "IMAGEN_1": "C001_IMG_20230226_072250.jpg", "IMAGEN_2": "C001_IMG_20230226_072308.jpg", "IMAGEN_3": "C001_IMG_20230226_072320.jpg", "ID": "CCA-192", "ENTREGA": "E47_R2", "CREC_SUBIT": "NO", "DIR_TUB": "PERPENDICULAR" }, "geometry": { "type": "Point", "coordinates": [ -74.317914322999968, 5.832363710000038, 373.0 ] } },
{ "type": "Feature", "properties": { "FECHA": "26/02/2023 00:00:00 (UTC)", "DEPTO": "BOYACÁ", "MPIO": "PUERTO BOYACÁ", "VEREDA": "LAS QUINCHAS", "GASODUCTO": "CENTRO - ORIENTE", "TRM_RML": "La Belleza - Vasconia", "TP_PK": "Inicio", "PK": "278+275", "TP_DUCTO": "Troncal", "DISTRITO": "1", "DIAMETRO": "12", "TRM_REG": "LA BELLEZA - VASCONIA", "ZONA": "1", "SENAL_EX": "NO", "FORMA_ACCE": " ", "TP_ACCESO": "Sendero a pie", "EST_ACCESO": "Bueno", "TP_SECCION": "CRUCE DE CUERPO DE AGUA", "NOM_AGUA": "Quebrada NN", "ANCHO_AGUA": 8.0, "TP_AGUA": "Otro", "UBIC_CRUCE": "Montaña", "CM_TORRENC": "NO", "CANALIZADO": "NO", "ALTERACION": "NO", "ZONA_INUND": "NO", "FORM_CAUCE": "Semirecto", "ESTABILID": "Estable", "TP_MARGEN": "Izquierdo", "TP_SOPORTE": "Marcos H", "LUZ_SOPORT": 26.0, "EST_SOPORT": "Bueno", "EXIST_CABL": "SI", "EST_CABLE": "Bueno", "MACIZO_ANC": "NO", "EST_MACIZO": "Bueno", "ZONA_TRANS": "En buen estado. Su longitud es de 5m.", "TP_REVEST": "OTRO", "AREA_REVES": 12.2, "EST_REVEST": "Regular", "DEFECT_REV": "Desprendimiento", "DSC_EST_TB": "Regular", "DEFECT_TUB": "Corrosión Generalizada", "EVENTO_GEO": "No", "OBSERVACIO": "Tuberia superficial la cual presenta corrosión generalizada.Se recomienda una nueva aplicación de pintura anticorrosiva incluyendo sandblasting.", "EXISTENTE": "SI", "PROFUNDIDA": 0.0, "LATITUD": 5.8352786830000696, "LONGITUD": -74.320615484999962, "ALTITUD": 409.4167, "IMAGEN_1": "C001_IMG_20230226_084504.jpg", "IMAGEN_2": "C001_IMG_20230226_084513.jpg", "IMAGEN_3": "C001_IMG_20230226_084519.jpg", "ID": "CCA-193", "ENTREGA": "E47_R2", "CREC_SUBIT": "NO", "DIR_TUB": "PERPENDICULAR" }, "geometry": { "type": "Point", "coordinates": [ -74.320615484999962, 5.83527868300007, 409.416700000001583 ] } },
{ "type": "Feature", "properties": { "FECHA": "26/02/2023 00:00:00 (UTC)", "DEPTO": "BOYACÁ", "MPIO": "PUERTO BOYACÁ", "VEREDA": "LAS QUINCHAS", "GASODUCTO": "CENTRO - ORIENTE", "TRM_RML": "La Belleza - Vasconia", "TP_PK": "Fin", "PK": "278+306", "TP_DUCTO": "Troncal", "DISTRITO": "1", "DIAMETRO": "12", "TRM_REG": "LA BELLEZA - VASCONIA", "ZONA": "1", "SENAL_EX": "SI", "FORMA_ACCE": " ", "TP_ACCESO": "Sendero a pie", "EST_ACCESO": "Bueno", "TP_SECCION": "CRUCE DE CUERPO DE AGUA", "NOM_AGUA": "Quebrada NN", "ANCHO_AGUA": 8.0, "TP_AGUA": "Otro", "UBIC_CRUCE": "Montaña", "CM_TORRENC": "NO", "CANALIZADO": "NO", "ALTERACION": "NO", "ZONA_INUND": "NO", "FORM_CAUCE": "Semirecto", "ESTABILID": "Estable", "TP_MARGEN": "Derecho", "TP_SOPORTE": "Marcos H con cables", "LUZ_SOPORT": 26.0, "EST_SOPORT": "Bueno", "EXIST_CABL": "SI", "EST_CABLE": "Bueno", "MACIZO_ANC": "NO", "EST_MACIZO": "Bueno", "ZONA_TRANS": "En buen estado. Su longitud es de 9m.", "TP_REVEST": "OTRO", "AREA_REVES": 12.2, "EST_REVEST": "Regular", "DEFECT_REV": "Desprendimiento", "DSC_EST_TB": "Regular", "DEFECT_TUB": "Corrosión Generalizada", "EVENTO_GEO": "No", "OBSERVACIO": "Tuberia superficial la cual presenta corrosión generalizada.Se recomienda una nueva aplicación de pintura anticorrosiva incluyendo sandblasting.", "EXISTENTE": "SI", "PROFUNDIDA": 0.0, "LATITUD": 5.8354978320000441, "LONGITUD": -74.32077396699998, "ALTITUD": 405.26669999999285, "IMAGEN_1": "C001_IMG_20230226_084354.jpg", "IMAGEN_2": "C001_IMG_20230226_084403.jpg", "IMAGEN_3": "C001_IMG_20230226_084419.jpg", "ID": "CCA-194", "ENTREGA": "E47_R2", "CREC_SUBIT": "NO", "DIR_TUB": "PERPENDICULAR" }, "geometry": { "type": "Point", "coordinates": [ -74.32077396699998, 5.835497832000044, 405.266699999992852 ] } },
{ "type": "Feature", "properties": { "FECHA": "27/02/2023 00:00:00 (UTC)", "DEPTO": "BOYACÁ", "MPIO": "PUERTO BOYACÁ", "VEREDA": "LAS QUINCHAS", "GASODUCTO": "CENTRO - ORIENTE", "TRM_RML": "La Belleza - Vasconia", "TP_PK": "Inicio", "PK": "056+209", "TP_DUCTO": "Loop", "DISTRITO": "1", "DIAMETRO": "16", "TRM_REG": "LA BELLEZA - VASCONIA", "ZONA": "1", "SENAL_EX": "SI", "FORMA_ACCE": "DDV", "TP_ACCESO": "Sendero a pie", "EST_ACCESO": "Bueno", "TP_SECCION": "CRUCE DE CUERPO DE AGUA", "NOM_AGUA": "Quebrada La Escuadra", "ANCHO_AGUA": 2.0, "TP_AGUA": "Otro", "UBIC_CRUCE": "Montaña", "CM_TORRENC": "NO", "CANALIZADO": "NO", "ALTERACION": "NO", "ZONA_INUND": "NO", "FORM_CAUCE": "Semirecto", "ESTABILID": "Estable", "TP_MARGEN": "Derecho", "TP_SOPORTE": "Marcos H", "LUZ_SOPORT": 30.0, "EST_SOPORT": "Bueno", "EXIST_CABL": "NO", "EST_CABLE": "Bueno", "MACIZO_ANC": "NO", "EST_MACIZO": "Bueno", "ZONA_TRANS": "3", "TP_REVEST": "Poliken", "AREA_REVES": 0.0, "EST_REVEST": "Bueno", "DEFECT_REV": "N.A.", "DSC_EST_TB": "Bueno", "DEFECT_TUB": "N.A.", "EVENTO_GEO": "No", "OBSERVACIO": "", "EXISTENTE": "SI", "PROFUNDIDA": 0.0, "LATITUD": 5.8384804340000755, "LONGITUD": -74.322759746999964, "ALTITUD": 483.10000000000582, "IMAGEN_1": "C001_IMG_20230227_094350.jpg", "IMAGEN_2": "C001_IMG_20230227_094402.jpg", "IMAGEN_3": "C001_IMG_20230227_094411.jpg", "ID": "CCA-235", "ENTREGA": "E48_R2", "CREC_SUBIT": "NO", "DIR_TUB": "PERPENDICULAR" }, "geometry": { "type": "Point", "coordinates": [ -74.322759746999964, 5.838480434000076, 483.100000000005821 ] } },
{ "type": "Feature", "properties": { "FECHA": "27/02/2023 00:00:00 (UTC)", "DEPTO": "BOYACÁ", "MPIO": "PUERTO BOYACÁ", "VEREDA": "LAS QUINCHAS", "GASODUCTO": "CENTRO - ORIENTE", "TRM_RML": "La Belleza - Vasconia", "TP_PK": "Fin", "PK": "056+602", "TP_DUCTO": "Loop", "DISTRITO": "1", "DIAMETRO": "16", "TRM_REG": "LA BELLEZA - VASCONIA", "ZONA": "1", "SENAL_EX": "SI", "FORMA_ACCE": "DDV", "TP_ACCESO": "Sendero a pie", "EST_ACCESO": "Bueno", "TP_SECCION": "CRUCE DE CUERPO DE AGUA", "NOM_AGUA": "Quebrada NN", "ANCHO_AGUA": 5.0, "TP_AGUA": "Otro", "UBIC_CRUCE": "Montaña", "CM_TORRENC": "NO", "CANALIZADO": "NO", "ALTERACION": "NO", "ZONA_INUND": "NO", "FORM_CAUCE": "Semirecto", "ESTABILID": "Estable", "TP_MARGEN": "Derecho", "TP_SOPORTE": "Marcos H", "LUZ_SOPORT": 15.0, "EST_SOPORT": "Bueno", "EXIST_CABL": "NO", "EST_CABLE": "Bueno", "MACIZO_ANC": "NO", "EST_MACIZO": "Bueno", "ZONA_TRANS": "3", "TP_REVEST": "Poliken", "AREA_REVES": 0.0, "EST_REVEST": "Bueno", "DEFECT_REV": "N.A.", "DSC_EST_TB": "Bueno", "DEFECT_TUB": "N.A.", "EVENTO_GEO": "Si", "OBSERVACIO": "", "EXISTENTE": "SI", "PROFUNDIDA": 0.0, "LATITUD": 5.840530680000029, "LONGITUD": -74.325009318999946, "ALTITUD": 512.89999999999418, "IMAGEN_1": "C001_IMG_20230227_103920.jpg", "IMAGEN_2": "C001_IMG_20230227_103607.jpg", "IMAGEN_3": "C001_IMG_20230227_103634.jpg", "ID": "CCA-236", "ENTREGA": "E48_R2", "CREC_SUBIT": "NO", "DIR_TUB": "PERPENDICULAR" }, "geometry": { "type": "Point", "coordinates": [ -74.325009318999946, 5.840530680000029, 512.899999999994179 ] } },
{ "type": "Feature", "properties": { "FECHA": "27/02/2023 00:00:00 (UTC)", "DEPTO": "BOYACÁ", "MPIO": "PUERTO BOYACÁ", "VEREDA": "LAS QUINCHAS", "GASODUCTO": "CENTRO - ORIENTE", "TRM_RML": "La Belleza - Vasconia", "TP_PK": "Inicio", "PK": "056+583", "TP_DUCTO": "Loop", "DISTRITO": "1", "DIAMETRO": "16", "TRM_REG": "LA BELLEZA - VASCONIA", "ZONA": "1", "SENAL_EX": "NO", "FORMA_ACCE": "DDV", "TP_ACCESO": "Sendero a pie", "EST_ACCESO": "Bueno", "TP_SECCION": "CRUCE DE CUERPO DE AGUA", "NOM_AGUA": "Quebrada NN", "ANCHO_AGUA": 5.0, "TP_AGUA": "Otro", "UBIC_CRUCE": "Montaña", "CM_TORRENC": "NO", "CANALIZADO": "NO", "ALTERACION": "NO", "ZONA_INUND": "NO", "FORM_CAUCE": "Semirecto", "ESTABILID": "Estable", "TP_MARGEN": "Izquierdo", "TP_SOPORTE": "Marcos H", "LUZ_SOPORT": 15.0, "EST_SOPORT": "Bueno", "EXIST_CABL": "NO", "EST_CABLE": "Bueno", "MACIZO_ANC": "NO", "EST_MACIZO": "Bueno", "ZONA_TRANS": "2", "TP_REVEST": "Poliken", "AREA_REVES": 0.0, "EST_REVEST": "Bueno", "DEFECT_REV": "N.A.", "DSC_EST_TB": "Bueno", "DEFECT_TUB": "N.A.", "EVENTO_GEO": "Si", "OBSERVACIO": "", "EXISTENTE": "SI", "PROFUNDIDA": 0.0, "LATITUD": 5.8405028150000362, "LONGITUD": -74.324844483999982, "ALTITUD": 466.0, "IMAGEN_1": "C001_IMG_20230227_102446.jpg", "IMAGEN_2": "C001_IMG_20230227_102459.jpg", "IMAGEN_3": "C001_IMG_20230227_102514.jpg", "ID": "CCA-237", "ENTREGA": "E48_R2", "CREC_SUBIT": "NO", "DIR_TUB": "PERPENDICULAR" }, "geometry": { "type": "Point", "coordinates": [ -74.324844483999982, 5.840502815000036, 466.0 ] } },
{ "type": "Feature", "properties": { "FECHA": "27/02/2023 00:00:00 (UTC)", "DEPTO": "BOYACÁ", "MPIO": "PUERTO BOYACÁ", "VEREDA": "LAS QUINCHAS", "GASODUCTO": "CENTRO - ORIENTE", "TRM_RML": "La Belleza - Vasconia", "TP_PK": "Fin", "PK": "056+243", "TP_DUCTO": "Loop", "DISTRITO": "1", "DIAMETRO": "16", "TRM_REG": "LA BELLEZA - VASCONIA", "ZONA": "1", "SENAL_EX": "NO", "FORMA_ACCE": "DDV", "TP_ACCESO": "Sendero a pie", "EST_ACCESO": "Bueno", "TP_SECCION": "CRUCE DE CUERPO DE AGUA", "NOM_AGUA": "Quebrada La Escuadra", "ANCHO_AGUA": 2.0, "TP_AGUA": "Otro", "UBIC_CRUCE": "Montaña", "CM_TORRENC": "NO", "CANALIZADO": "NO", "ALTERACION": "NO", "ZONA_INUND": "NO", "FORM_CAUCE": "Semirecto", "ESTABILID": "Estable", "TP_MARGEN": "Derecho", "TP_SOPORTE": "Marcos H", "LUZ_SOPORT": 30.0, "EST_SOPORT": "Bueno", "EXIST_CABL": "NO", "EST_CABLE": "Bueno", "MACIZO_ANC": "NO", "EST_MACIZO": "Bueno", "ZONA_TRANS": "2", "TP_REVEST": "Poliken", "AREA_REVES": 0.0, "EST_REVEST": "Bueno", "DEFECT_REV": "N.A.", "DSC_EST_TB": "Bueno", "DEFECT_TUB": "N.A.", "EVENTO_GEO": "No", "OBSERVACIO": "", "EXISTENTE": "SI", "PROFUNDIDA": 0.0, "LATITUD": 5.8387521200000378, "LONGITUD": -74.322878012999979, "ALTITUD": 483.10000000000582, "IMAGEN_1": "C001_IMG_20230227_094728.jpg", "IMAGEN_2": "C001_IMG_20230227_094736.jpg", "IMAGEN_3": "C001_IMG_20230227_094745.jpg", "ID": "CCA-238", "ENTREGA": "E48_R2", "CREC_SUBIT": "NO", "DIR_TUB": "PERPENDICULAR" }, "geometry": { "type": "Point", "coordinates": [ -74.322878012999979, 5.838752120000038, 483.100000000005821 ] } },
{ "type": "Feature", "properties": { "FECHA": "27/02/2023 00:00:00 (UTC)", "DEPTO": "BOYACÁ", "MPIO": "PAUNA", "VEREDA": "TRAVESIAS Y OTRO MUNDO", "GASODUCTO": "CENTRO - ORIENTE", "TRM_RML": "La Belleza - Vasconia", "TP_PK": "Inicio", "PK": "238+206", "TP_DUCTO": "Troncal", "DISTRITO": "1", "DIAMETRO": "12", "TRM_REG": "LA BELLEZA - VASCONIA", "ZONA": "1", "SENAL_EX": "SI", "FORMA_ACCE": " ", "TP_ACCESO": "Sendero a pie", "EST_ACCESO": "Bueno", "TP_SECCION": "CRUCE DE CUERPO DE AGUA", "NOM_AGUA": "Río Minero", "ANCHO_AGUA": 98.0, "TP_AGUA": "Principal", "UBIC_CRUCE": "Montaña", "CM_TORRENC": "NO", "CANALIZADO": "NO", "ALTERACION": "NO", "ZONA_INUND": "NO", "FORM_CAUCE": "Semirecto", "ESTABILID": "Estable", "TP_MARGEN": "Derecho", "TP_SOPORTE": "Puente colgante", "LUZ_SOPORT": 159.0, "EST_SOPORT": "Bueno", "EXIST_CABL": "SI", "EST_CABLE": "Bueno", "MACIZO_ANC": "SI", "EST_MACIZO": "Bueno", "ZONA_TRANS": "En buen estado. Su longitud es de 8m.", "TP_REVEST": "OTRO", "AREA_REVES": 0.0, "EST_REVEST": "Bueno", "DEFECT_REV": "N.A.", "DSC_EST_TB": "Bueno", "DEFECT_TUB": "N.A.", "EVENTO_GEO": "No", "OBSERVACIO": "Tuberia aérea con pintura de poliuretano de altos sólidos (tipo poliuretano alifático)", "EXISTENTE": "SI", "PROFUNDIDA": 0.0, "LATITUD": 5.8177708320000647, "LONGITUD": -74.078253985999936, "ALTITUD": 352.2778, "IMAGEN_1": "C007_IMG_20230227_124436.jpg", "IMAGEN_2": "C007_IMG_20230227_124046.jpg", "IMAGEN_3": "C007_IMG_20230227_124055.jpg", "ID": "CCA-227", "ENTREGA": "E50_R2", "CREC_SUBIT": "SI", "DIR_TUB": "PERPENDICULAR" }, "geometry": { "type": "Point", "coordinates": [ -74.078253985999936, 5.817770832000065, 352.277799999996205 ] } },
{ "type": "Feature", "properties": { "FECHA": "19/02/2023 00:00:00 (UTC)", "DEPTO": "BOYACÁ", "MPIO": "OTANCHE", "VEREDA": "CARTAGENA", "GASODUCTO": "CENTRO - ORIENTE", "TRM_RML": "La Belleza - Vasconia", "TP_PK": "Fin", "PK": "238+355", "TP_DUCTO": "Troncal", "DISTRITO": "1", "DIAMETRO": "12", "TRM_REG": "LA BELLEZA - VASCONIA", "ZONA": "1", "SENAL_EX": "SI", "FORMA_ACCE": " ", "TP_ACCESO": "Sendero a pie", "EST_ACCESO": "Bueno", "TP_SECCION": "CRUCE DE CUERPO DE AGUA", "NOM_AGUA": "Río Minero", "ANCHO_AGUA": 98.0, "TP_AGUA": "Principal", "UBIC_CRUCE": "Montaña", "CM_TORRENC": "NO", "CANALIZADO": "NO", "ALTERACION": "NO", "ZONA_INUND": "NO", "FORM_CAUCE": "Semirecto", "ESTABILID": "Estable", "TP_MARGEN": "Izquierdo", "TP_SOPORTE": "Puente colgante", "LUZ_SOPORT": 159.0, "EST_SOPORT": "Bueno", "EXIST_CABL": "SI", "EST_CABLE": "Bueno", "MACIZO_ANC": "SI", "EST_MACIZO": "Bueno", "ZONA_TRANS": "En buen estado. Su longitud es de 3m.", "TP_REVEST": "OTRO", "AREA_REVES": 0.0, "EST_REVEST": "Bueno", "DEFECT_REV": "N.A.", "DSC_EST_TB": "Bueno", "DEFECT_TUB": "N.A.", "EVENTO_GEO": "No", "OBSERVACIO": "Tuberia aérea con pintura de poliuretano de altos sólidos (tipo poliuretano alifático)", "EXISTENTE": "SI", "PROFUNDIDA": 0.0, "LATITUD": 5.8178123890000393, "LONGITUD": -74.079570162999971, "ALTITUD": 340.47779999999329, "IMAGEN_1": "C001_IMG_20230219_111207.jpg", "IMAGEN_2": "C001_IMG_20230219_111212.jpg", "IMAGEN_3": "C001_IMG_20230219_111221.jpg", "ID": "CCA-228", "ENTREGA": "E50_R2", "CREC_SUBIT": "SI", "DIR_TUB": "PERPENDICULAR" }, "geometry": { "type": "Point", "coordinates": [ -74.079570162999971, 5.817812389000039, 340.477799999993294 ] } },
{ "type": "Feature", "properties": { "FECHA": "20/02/2023 00:00:00 (UTC)", "DEPTO": "BOYACÁ", "MPIO": "OTANCHE", "VEREDA": "ALTAZOR", "GASODUCTO": "CENTRO - ORIENTE", "TRM_RML": "La Belleza - Vasconia", "TP_PK": "Inicio", "PK": "248+857", "TP_DUCTO": "Troncal", "DISTRITO": "1", "DIAMETRO": "12", "TRM_REG": "LA BELLEZA - VASCONIA", "ZONA": "1", "SENAL_EX": "SI", "FORMA_ACCE": " ", "TP_ACCESO": "Sendero a pie", "EST_ACCESO": "Malo", "TP_SECCION": "CRUCE DE PROCESO MORFODINAMICO", "NOM_AGUA": "N.A.", "ANCHO_AGUA": 0.0, "TP_AGUA": "Otro", "UBIC_CRUCE": "Montaña", "CM_TORRENC": "NO", "CANALIZADO": "NO", "ALTERACION": "NO", "ZONA_INUND": "NO", "FORM_CAUCE": "N.A.", "ESTABILID": "Estable", "TP_MARGEN": "N.A.", "TP_SOPORTE": "Marcos H", "LUZ_SOPORT": 8.0, "EST_SOPORT": "Bueno", "EXIST_CABL": "NO", "EST_CABLE": "Bueno", "MACIZO_ANC": "NO", "EST_MACIZO": "Bueno", "ZONA_TRANS": "En buen estado. Su longitud es de 6m.", "TP_REVEST": "OTRO", "AREA_REVES": 0.0, "EST_REVEST": "Bueno", "DEFECT_REV": "N.A.", "DSC_EST_TB": "Bueno", "DEFECT_TUB": "N.A.", "EVENTO_GEO": "No", "OBSERVACIO": "Tuberia aérea con pintura de poliuretano de altos sólidos (tipo poliuretano alifático)", "EXISTENTE": "SI", "PROFUNDIDA": 0.0, "LATITUD": 5.8176021520000631, "LONGITUD": -74.138274560999946, "ALTITUD": 1016.5333, "IMAGEN_1": "C001_IMG_20230220_063207.jpg", "IMAGEN_2": "C001_IMG_20230220_063223.jpg", "IMAGEN_3": "C001_IMG_20230220_063231.jpg", "ID": "CCA-229", "ENTREGA": "E50_R2", "CREC_SUBIT": "NO", "DIR_TUB": "PERPENDICULAR" }, "geometry": { "type": "Point", "coordinates": [ -74.138274560999946, 5.817602152000063, 1016.533299999995506 ] } },
{ "type": "Feature", "properties": { "FECHA": "21/02/2023 00:00:00 (UTC)", "DEPTO": "BOYACÁ", "MPIO": "OTANCHE", "VEREDA": "ALTAZOR", "GASODUCTO": "CENTRO - ORIENTE", "TRM_RML": "La Belleza - Vasconia", "TP_PK": "Fin", "PK": "249+329", "TP_DUCTO": "Troncal", "DISTRITO": "1", "DIAMETRO": "12", "TRM_REG": "LA BELLEZA - VASCONIA", "ZONA": "1", "SENAL_EX": "SI", "FORMA_ACCE": " ", "TP_ACCESO": "Sendero a pie", "EST_ACCESO": "Bueno", "TP_SECCION": "CRUCE DE PROCESO MORFODINAMICO", "NOM_AGUA": "N.A.", "ANCHO_AGUA": 0.0, "TP_AGUA": "Otro", "UBIC_CRUCE": "Montaña", "CM_TORRENC": "NO", "CANALIZADO": "NO", "ALTERACION": "NO", "ZONA_INUND": "NO", "FORM_CAUCE": "N.A.", "ESTABILID": "Estable", "TP_MARGEN": "N.A.", "TP_SOPORTE": "Marcos H", "LUZ_SOPORT": 8.0, "EST_SOPORT": "Bueno", "EXIST_CABL": "NO", "EST_CABLE": "Bueno", "MACIZO_ANC": "NO", "EST_MACIZO": "Bueno", "ZONA_TRANS": "En buen estado. Su longitud es de 116m.", "TP_REVEST": "OTRO", "AREA_REVES": 0.0, "EST_REVEST": "Bueno", "DEFECT_REV": "N.A.", "DSC_EST_TB": "Bueno", "DEFECT_TUB": "N.A.", "EVENTO_GEO": "No", "OBSERVACIO": "Tuberia aérea con pintura de poliuretano de altos sólidos (tipo poliuretano alifático) ", "EXISTENTE": "SI", "PROFUNDIDA": 1.25, "LATITUD": 5.8143418740000357, "LONGITUD": -74.140548927999987, "ALTITUD": 1009.4333, "IMAGEN_1": "C001_IMG_20230221_164655.jpg", "IMAGEN_2": "C001_IMG_20230221_164656.jpg", "IMAGEN_3": "C001_IMG_20230221_164657.jpg", "ID": "CCA-230", "ENTREGA": "E50_R2", "CREC_SUBIT": "NO", "DIR_TUB": "PERPENDICULAR" }, "geometry": { "type": "Point", "coordinates": [ -74.140548927999987, 5.814341874000036, 1009.433300000004238 ] } },
{ "type": "Feature", "properties": { "FECHA": "27/02/2023 00:00:00 (UTC)", "DEPTO": "BOYACÁ", "MPIO": "PAUNA", "VEREDA": "TRAVESIAS Y OTRO MUNDO", "GASODUCTO": "CENTRO - ORIENTE", "TRM_RML": "La Belleza - Vasconia", "TP_PK": "Inicio", "PK": "015+847", "TP_DUCTO": "Loop", "DISTRITO": "1", "DIAMETRO": "16", "TRM_REG": "LA BELLEZA - VASCONIA", "ZONA": "1", "SENAL_EX": "SI", "FORMA_ACCE": " ", "TP_ACCESO": "Sendero a pie", "EST_ACCESO": "Bueno", "TP_SECCION": "CRUCE DE CUERPO DE AGUA", "NOM_AGUA": "Río Minero", "ANCHO_AGUA": 189.0, "TP_AGUA": "Principal", "UBIC_CRUCE": "Montaña", "CM_TORRENC": "SI", "CANALIZADO": "NO", "ALTERACION": "NO", "ZONA_INUND": "NO", "FORM_CAUCE": "Semirecto", "ESTABILID": "Estable", "TP_MARGEN": "Derecho", "TP_SOPORTE": "Marcos H", "LUZ_SOPORT": 170.0, "EST_SOPORT": "Bueno", "EXIST_CABL": "SI", "EST_CABLE": "Bueno", "MACIZO_ANC": "SI", "EST_MACIZO": "Bueno", "ZONA_TRANS": "3", "TP_REVEST": "Poliken", "AREA_REVES": 0.0, "EST_REVEST": "Bueno", "DEFECT_REV": "N.A.", "DSC_EST_TB": "Bueno", "DEFECT_TUB": "N.A.", "EVENTO_GEO": "No", "OBSERVACIO": " ", "EXISTENTE": "SI", "PROFUNDIDA": 0.0, "LATITUD": 5.8179994680000391, "LONGITUD": -74.078142200999935, "ALTITUD": 351.5111, "IMAGEN_1": "C007_IMG_20230227_124458.jpg", "IMAGEN_2": "C007_IMG_20230227_124251.jpg", "IMAGEN_3": "C007_IMG_20230227_124257.jpg", "ID": "CCA-249", "ENTREGA": "E51_R2", "CREC_SUBIT": "SI", "DIR_TUB": "PERPENDICULAR" }, "geometry": { "type": "Point", "coordinates": [ -74.078142200999935, 5.817999468000039, 351.511100000003353 ] } },
{ "type": "Feature", "properties": { "FECHA": "19/02/2023 00:00:00 (UTC)", "DEPTO": "BOYACÁ", "MPIO": "OTANCHE", "VEREDA": "CARTAGENA", "GASODUCTO": "CENTRO - ORIENTE", "TRM_RML": "La Belleza - Vasconia", "TP_PK": "Fin", "PK": "016+030", "TP_DUCTO": "Loop", "DISTRITO": "1", "DIAMETRO": "16", "TRM_REG": "LA BELLEZA - VASCONIA", "ZONA": "1", "SENAL_EX": "SI", "FORMA_ACCE": " ", "TP_ACCESO": "Sendero a pie", "EST_ACCESO": "Bueno", "TP_SECCION": "CRUCE DE CUERPO DE AGUA", "NOM_AGUA": "Río Minero", "ANCHO_AGUA": 189.0, "TP_AGUA": "Principal", "UBIC_CRUCE": "Montaña", "CM_TORRENC": "SI", "CANALIZADO": "NO", "ALTERACION": "NO", "ZONA_INUND": "NO", "FORM_CAUCE": "Semirecto", "ESTABILID": "Estable", "TP_MARGEN": "Izquierdo", "TP_SOPORTE": "Marcos H", "LUZ_SOPORT": 170.0, "EST_SOPORT": "Bueno", "EXIST_CABL": "SI", "EST_CABLE": "Bueno", "MACIZO_ANC": "SI", "EST_MACIZO": "Bueno", "ZONA_TRANS": "6", "TP_REVEST": "Poliken", "AREA_REVES": 0.0, "EST_REVEST": "Bueno", "DEFECT_REV": "N.A.", "DSC_EST_TB": "Bueno", "DEFECT_TUB": "N.A.", "EVENTO_GEO": "No", "OBSERVACIO": " ", "EXISTENTE": "SI", "PROFUNDIDA": 0.0, "LATITUD": 5.8179460100000711, "LONGITUD": -74.079773474999968, "ALTITUD": 335.1444, "IMAGEN_1": "C001_IMG_20230219_110629.jpg", "IMAGEN_2": "C001_IMG_20230219_110635.jpg", "IMAGEN_3": "C001_IMG_20230219_110639.jpg", "ID": "CCA-250", "ENTREGA": "E51_R2", "CREC_SUBIT": "SI", "DIR_TUB": "PERPENDICULAR" }, "geometry": { "type": "Point", "coordinates": [ -74.079773474999968, 5.817946010000071, 335.14440000000468 ] } },
{ "type": "Feature", "properties": { "FECHA": "21/02/2023 00:00:00 (UTC)", "DEPTO": "BOYACÁ", "MPIO": "OTANCHE", "VEREDA": "ALTAZOR", "GASODUCTO": "CENTRO - ORIENTE", "TRM_RML": "La Belleza - Vasconia", "TP_PK": "Inicio", "PK": "026+429", "TP_DUCTO": "Loop", "DISTRITO": "1", "DIAMETRO": "16", "TRM_REG": "LA BELLEZA - VASCONIA", "ZONA": "1", "SENAL_EX": "NO", "FORMA_ACCE": "Caminando", "TP_ACCESO": "Sendero a pie", "EST_ACCESO": "Bueno", "TP_SECCION": "CRUCE DE PROCESO MORFODINAMICO", "NOM_AGUA": "N.A", "ANCHO_AGUA": 0.0, "TP_AGUA": "N.A.", "UBIC_CRUCE": "Montaña", "CM_TORRENC": "NO", "CANALIZADO": "NO", "ALTERACION": "NO", "ZONA_INUND": "NO", "FORM_CAUCE": "Semirecto", "ESTABILID": "Estable", "TP_MARGEN": "N.A.", "TP_SOPORTE": "Marcos H", "LUZ_SOPORT": 10.0, "EST_SOPORT": "Bueno", "EXIST_CABL": "SI", "EST_CABLE": "Bueno", "MACIZO_ANC": "NO", "EST_MACIZO": "Bueno", "ZONA_TRANS": "5", "TP_REVEST": "Poliken", "AREA_REVES": 0.0, "EST_REVEST": "Bueno", "DEFECT_REV": "N.A.", "DSC_EST_TB": "Bueno", "DEFECT_TUB": "N.A.", "EVENTO_GEO": "No", "OBSERVACIO": "Inicio tubería superficial soportada en marcos H", "EXISTENTE": "SI", "PROFUNDIDA": 0.0, "LATITUD": 5.8176085160000639, "LONGITUD": -74.138259712999968, "ALTITUD": 1009.2667, "IMAGEN_1": "C001_IMG_20230221_073446.jpg", "IMAGEN_2": "C001_IMG_20230221_073453.jpg", "IMAGEN_3": "C001_IMG_20230221_073459.jpg", "ID": "CCA-251", "ENTREGA": "E51_R2", "CREC_SUBIT": "NO", "DIR_TUB": "INCLINADO" }, "geometry": { "type": "Point", "coordinates": [ -74.138259712999968, 5.817608516000064, 1009.266699999992852 ] } },
{ "type": "Feature", "properties": { "FECHA": "21/02/2023 00:00:00 (UTC)", "DEPTO": "BOYACÁ", "MPIO": "OTANCHE", "VEREDA": "ALTAZOR", "GASODUCTO": "CENTRO - ORIENTE", "TRM_RML": "La Belleza - Vasconia", "TP_PK": "Fin", "PK": "026+895", "TP_DUCTO": "Loop", "DISTRITO": "1", "DIAMETRO": "16", "TRM_REG": "LA BELLEZA - VASCONIA", "ZONA": "1", "SENAL_EX": "NO", "FORMA_ACCE": "Caminando", "TP_ACCESO": "Sendero a pie", "EST_ACCESO": "Bueno", "TP_SECCION": "CRUCE DE PROCESO MORFODINAMICO", "NOM_AGUA": "N.A", "ANCHO_AGUA": 0.0, "TP_AGUA": "N.A.", "UBIC_CRUCE": "Montaña", "CM_TORRENC": "NO", "CANALIZADO": "NO", "ALTERACION": "NO", "ZONA_INUND": "NO", "FORM_CAUCE": "Semirecto", "ESTABILID": "Estable", "TP_MARGEN": "N.A.", "TP_SOPORTE": "Marcos H", "LUZ_SOPORT": 10.0, "EST_SOPORT": "Bueno", "EXIST_CABL": "SI", "EST_CABLE": "Bueno", "MACIZO_ANC": "NO", "EST_MACIZO": "Bueno", "ZONA_TRANS": "6", "TP_REVEST": "Poliken", "AREA_REVES": 0.0, "EST_REVEST": "Bueno", "DEFECT_REV": "N.A.", "DSC_EST_TB": "Bueno", "DEFECT_TUB": "N.A.", "EVENTO_GEO": "No", "OBSERVACIO": "Fin de tubería aérea soportada en marco H", "EXISTENTE": "SI", "PROFUNDIDA": 0.0, "LATITUD": 5.8143242830000759, "LONGITUD": -74.140544584999986, "ALTITUD": 1009.1, "IMAGEN_1": "C001_IMG_20230221_164652.jpg", "IMAGEN_2": "C001_IMG_20230221_164653.jpg", "IMAGEN_3": "C001_IMG_20230221_164654.jpg", "ID": "CCA-252", "ENTREGA": "E51_R2", "CREC_SUBIT": "NO", "DIR_TUB": "INCLINADO" }, "geometry": { "type": "Point", "coordinates": [ -74.140544584999986, 5.814324283000076, 1009.100000000005821 ] } },
{ "type": "Feature", "properties": { "FECHA": "20/05/2024 00:00:00 (UTC)", "DEPTO": "TOLIMA", "MPIO": "HONDA", "VEREDA": "PERICO", "GASODUCTO": "CENTRO - ORIENTE", "TRM_RML": "La Victoria", "TP_PK": "Inicio", "PK": "000+780", "TP_DUCTO": "Ramal", "DISTRITO": "2", "DIAMETRO": "2", "TRM_REG": "VASCONIA - MARIQUITA", "ZONA": "2", "SENAL_EX": "NO", "FORMA_ACCE": "DDV", "TP_ACCESO": "Vía destapada", "EST_ACCESO": "Bueno", "TP_SECCION": "CRUCE DE CUERPO DE AGUA", "NOM_AGUA": "Rio Guarino", "ANCHO_AGUA": 40.0, "TP_AGUA": "Principal", "UBIC_CRUCE": "Llanura", "CM_TORRENC": "NO", "CANALIZADO": "NO", "ALTERACION": "NO", "ZONA_INUND": "NO", "FORM_CAUCE": "Semirecto", "ESTABILID": "Estable", "TP_MARGEN": "Derecho", "TP_SOPORTE": "Marcos H", "LUZ_SOPORT": 6.0, "EST_SOPORT": "Bueno", "EXIST_CABL": "SI", "EST_CABLE": "Bueno", "MACIZO_ANC": "SI", "EST_MACIZO": "Bueno", "ZONA_TRANS": "Estable", "TP_REVEST": "FBE", "AREA_REVES": 0.0, "EST_REVEST": "Bueno", "DEFECT_REV": "N.A.", "DSC_EST_TB": "Bueno", "DEFECT_TUB": "N.A.", "EVENTO_GEO": "Si", "OBSERVACIO": " ", "EXISTENTE": "SI", "PROFUNDIDA": 0.0, "LATITUD": 5.3143778670000756, "LONGITUD": -74.844109612999944, "ALTITUD": 297.6219, "IMAGEN_1": "C003_IMG_20240520_091147.jpg", "IMAGEN_2": "C003_IMG_20240520_091157.jpg", "IMAGEN_3": "C003_IMG_20240520_091204.jpg", "ID": "CCA-5", "ENTREGA": "E04_R4", "CREC_SUBIT": "NO", "DIR_TUB": "PERPENDICULAR" }, "geometry": { "type": "Point", "coordinates": [ -74.844109612999944, 5.314377867000076, 297.621899999998277 ] } },
{ "type": "Feature", "properties": { "FECHA": "20/05/2024 00:00:00 (UTC)", "DEPTO": "CALDAS", "MPIO": "VICTORIA", "VEREDA": "EL LLANO", "GASODUCTO": "CENTRO - ORIENTE", "TRM_RML": "La Victoria", "TP_PK": "Fin", "PK": "001+262", "TP_DUCTO": "Ramal", "DISTRITO": "2", "DIAMETRO": "2", "TRM_REG": "VASCONIA - MARIQUITA", "ZONA": "2", "SENAL_EX": "NO", "FORMA_ACCE": "DDV", "TP_ACCESO": "Vía destapada", "EST_ACCESO": "Bueno", "TP_SECCION": "CRUCE DE CUERPO DE AGUA", "NOM_AGUA": "Rio Guarino", "ANCHO_AGUA": 40.0, "TP_AGUA": "Principal", "UBIC_CRUCE": "Llanura", "CM_TORRENC": "NO", "CANALIZADO": "NO", "ALTERACION": "NO", "ZONA_INUND": "NO", "FORM_CAUCE": "Semirecto", "ESTABILID": "Estable", "TP_MARGEN": "Izquierdo", "TP_SOPORTE": "Marcos H", "LUZ_SOPORT": 6.0, "EST_SOPORT": "Bueno", "EXIST_CABL": "SI", "EST_CABLE": "Bueno", "MACIZO_ANC": "SI", "EST_MACIZO": "Bueno", "ZONA_TRANS": "Estable", "TP_REVEST": "FBE", "AREA_REVES": 0.0, "EST_REVEST": "Bueno", "DEFECT_REV": "N.A.", "DSC_EST_TB": "Bueno", "DEFECT_TUB": "N.A.", "EVENTO_GEO": "No", "OBSERVACIO": " ", "EXISTENTE": "SI", "PROFUNDIDA": 0.0, "LATITUD": 5.3175394720000213, "LONGITUD": -74.845299357999977, "ALTITUD": 304.8561, "IMAGEN_1": "C003_IMG_20240520_080843.jpg", "IMAGEN_2": "C003_IMG_20240520_080848.jpg", "IMAGEN_3": "C003_IMG_20240520_080901.jpg", "ID": "CCA-6", "ENTREGA": "E04_R4", "CREC_SUBIT": "NO", "DIR_TUB": "PERPENDICULAR" }, "geometry": { "type": "Point", "coordinates": [ -74.845299357999977, 5.317539472000021, 304.856100000004517 ] } },
{ "type": "Feature", "properties": { "FECHA": "14/06/2024 00:00:00 (UTC)", "DEPTO": "TOLIMA", "MPIO": "LÉRIDA", "VEREDA": "INSPECCIÓN DE POLICIA LA SIERRA", "GASODUCTO": "CENTRO - ORIENTE", "TRM_RML": "Mariquita - Gualanday", "TP_PK": "Inicio", "PK": "347+463", "TP_DUCTO": "Troncal", "DISTRITO": "2", "DIAMETRO": "6", "TRM_REG": "MARIQUITA - GUALANDAY", "ZONA": "2", "SENAL_EX": "SI", "FORMA_ACCE": "DDV", "TP_ACCESO": "Vía destapada", "EST_ACCESO": "Bueno", "TP_SECCION": "CRUCE DE PROCESO MORFODINAMICO", "NOM_AGUA": "N.A.", "ANCHO_AGUA": 0.0, "TP_AGUA": "N.A.", "UBIC_CRUCE": "Montaña", "CM_TORRENC": "NO", "CANALIZADO": "NO", "ALTERACION": "NO", "ZONA_INUND": "NO", "FORM_CAUCE": "N.A.", "ESTABILID": "Estable", "TP_MARGEN": "N.A.", "TP_SOPORTE": "Marcos H", "LUZ_SOPORT": 15.0, "EST_SOPORT": "Bueno", "EXIST_CABL": "NO", "EST_CABLE": "Bueno", "MACIZO_ANC": "NO", "EST_MACIZO": "Bueno", "ZONA_TRANS": "10", "TP_REVEST": "Poliken", "AREA_REVES": 0.0, "EST_REVEST": "Bueno", "DEFECT_REV": "N.A.", "DSC_EST_TB": "Bueno", "DEFECT_TUB": "N.A.", "EVENTO_GEO": "No", "OBSERVACIO": "En el cruce aereo no se ha identificado ningun evento, sin embargo se deja proceso morfodinamico ya que no existe mas dominios para clasificarlo ", "EXISTENTE": "SI", "PROFUNDIDA": 0.0, "LATITUD": 4.797534335000023, "LONGITUD": -74.933134485999972, "ALTITUD": 485.9727, "IMAGEN_1": "C003_IMG_20240614_112335.jpg", "IMAGEN_2": "C003_IMG_20240614_112344.jpg", "IMAGEN_3": "C003_IMG_20240614_112354.jpg", "ID": "CCA-5", "ENTREGA": "E05_R4", "CREC_SUBIT": "NO", "DIR_TUB": "PERPENDICULAR" }, "geometry": { "type": "Point", "coordinates": [ -74.933134485999972, 4.797534335000023, 485.97269999999844 ] } },
{ "type": "Feature", "properties": { "FECHA": "14/06/2024 00:00:00 (UTC)", "DEPTO": "TOLIMA", "MPIO": "LÉRIDA", "VEREDA": "INSPECCIÓN DE POLICIA LA SIERRA", "GASODUCTO": "CENTRO - ORIENTE", "TRM_RML": "Mariquita - Gualanday", "TP_PK": "Fin", "PK": "347+698", "TP_DUCTO": "Troncal", "DISTRITO": "2", "DIAMETRO": "6", "TRM_REG": "MARIQUITA - GUALANDAY", "ZONA": "2", "SENAL_EX": "SI", "FORMA_ACCE": "DDV", "TP_ACCESO": "Vía destapada", "EST_ACCESO": "Bueno", "TP_SECCION": "CRUCE DE PROCESO MORFODINAMICO", "NOM_AGUA": "N.A.", "ANCHO_AGUA": 0.0, "TP_AGUA": "N.A.", "UBIC_CRUCE": "Montaña", "CM_TORRENC": "NO", "CANALIZADO": "NO", "ALTERACION": "NO", "ZONA_INUND": "NO", "FORM_CAUCE": "N.A.", "ESTABILID": "Estable", "TP_MARGEN": "N.A.", "TP_SOPORTE": "Marcos H", "LUZ_SOPORT": 15.0, "EST_SOPORT": "Bueno", "EXIST_CABL": "NO", "EST_CABLE": "Bueno", "MACIZO_ANC": "NO", "EST_MACIZO": "Bueno", "ZONA_TRANS": "10", "TP_REVEST": "Poliken", "AREA_REVES": 0.0, "EST_REVEST": "Bueno", "DEFECT_REV": "N.A.", "DSC_EST_TB": "Bueno", "DEFECT_TUB": "N.A.", "EVENTO_GEO": "No", "OBSERVACIO": "En el cruce aereo no se ha identificado ningun evento, sin embargo se deja proceso morfodinamico ya que no existe mas dominios para clasificarlo ", "EXISTENTE": "SI", "PROFUNDIDA": 0.0, "LATITUD": 4.7959448920000227, "LONGITUD": -74.934209947999989, "ALTITUD": 433.3, "IMAGEN_1": "C003_IMG_20240614_115724.jpg", "IMAGEN_2": "C003_IMG_20240614_115734.jpg", "IMAGEN_3": "C003_IMG_20240614_115748.jpg", "ID": "CCA-6", "ENTREGA": "E05_R4", "CREC_SUBIT": "NO", "DIR_TUB": "PERPENDICULAR" }, "geometry": { "type": "Point", "coordinates": [ -74.934209947999989, 4.795944892000023, 433.30000000000291 ] } },
{ "type": "Feature", "properties": { "FECHA": "14/06/2024 00:00:00 (UTC)", "DEPTO": "TOLIMA", "MPIO": "LÉRIDA", "VEREDA": "INSPECCIÓN DE POLICIA LA SIERRA", "GASODUCTO": "CENTRO - ORIENTE", "TRM_RML": "Mariquita - Gualanday", "TP_PK": "Inicio", "PK": "348+284", "TP_DUCTO": "Troncal", "DISTRITO": "2", "DIAMETRO": "6", "TRM_REG": "MARIQUITA - GUALANDAY", "ZONA": "2", "SENAL_EX": "SI", "FORMA_ACCE": "DDV", "TP_ACCESO": "Sendero a pie", "EST_ACCESO": "Bueno", "TP_SECCION": "CRUCE DE CUERPO DE AGUA", "NOM_AGUA": "Río Recio", "ANCHO_AGUA": 40.0, "TP_AGUA": "Principal", "UBIC_CRUCE": "Llanura", "CM_TORRENC": "SI", "CANALIZADO": "NO", "ALTERACION": "NO", "ZONA_INUND": "NO", "FORM_CAUCE": "Semirecto", "ESTABILID": "Estable", "TP_MARGEN": "Izquierdo", "TP_SOPORTE": "Puente colgante", "LUZ_SOPORT": 69.0, "EST_SOPORT": "Bueno", "EXIST_CABL": "SI", "EST_CABLE": "Bueno", "MACIZO_ANC": "SI", "EST_MACIZO": "Bueno", "ZONA_TRANS": "6", "TP_REVEST": "Poliken", "AREA_REVES": 0.0, "EST_REVEST": "Bueno", "DEFECT_REV": "N.A.", "DSC_EST_TB": "Bueno", "DEFECT_TUB": "N.A.", "EVENTO_GEO": "No", "OBSERVACIO": "Caudal alto y encañonado.", "EXISTENTE": "SI", "PROFUNDIDA": 0.0, "LATITUD": 4.791388593000022, "LONGITUD": -74.932150307999962, "ALTITUD": 389.3364, "IMAGEN_1": "C003_IMG_20240614_123436.jpg", "IMAGEN_2": "C003_IMG_20240614_123453.jpg", "IMAGEN_3": "C003_IMG_20240614_123502.jpg", "ID": "CCA-7", "ENTREGA": "E05_R4", "CREC_SUBIT": "SI", "DIR_TUB": "PERPENDICULAR" }, "geometry": { "type": "Point", "coordinates": [ -74.932150307999962, 4.791388593000022, 389.33640000000014 ] } },
{ "type": "Feature", "properties": { "FECHA": "15/06/2024 00:00:00 (UTC)", "DEPTO": "TOLIMA", "MPIO": "VENADILLO", "VEREDA": "MESA DE RIO RECIO", "GASODUCTO": "CENTRO - ORIENTE", "TRM_RML": "Mariquita - Gualanday", "TP_PK": "Fin", "PK": "348+387", "TP_DUCTO": "Troncal", "DISTRITO": "2", "DIAMETRO": "6", "TRM_REG": "MARIQUITA - GUALANDAY", "ZONA": "2", "SENAL_EX": "SI", "FORMA_ACCE": "DDV", "TP_ACCESO": "Sendero a pie", "EST_ACCESO": "Bueno", "TP_SECCION": "CRUCE DE CUERPO DE AGUA", "NOM_AGUA": "Río Recio", "ANCHO_AGUA": 40.0, "TP_AGUA": "Principal", "UBIC_CRUCE": "Llanura", "CM_TORRENC": "SI", "CANALIZADO": "NO", "ALTERACION": "NO", "ZONA_INUND": "NO", "FORM_CAUCE": "Semirecto", "ESTABILID": "Estable", "TP_MARGEN": "Derecho", "TP_SOPORTE": "Puente colgante", "LUZ_SOPORT": 69.0, "EST_SOPORT": "Bueno", "EXIST_CABL": "SI", "EST_CABLE": "Bueno", "MACIZO_ANC": "SI", "EST_MACIZO": "Bueno", "ZONA_TRANS": "6", "TP_REVEST": "Poliken", "AREA_REVES": 0.0, "EST_REVEST": "Bueno", "DEFECT_REV": "N.A.", "DSC_EST_TB": "Bueno", "DEFECT_TUB": "N.A.", "EVENTO_GEO": "No", "OBSERVACIO": "Caudal alto y encañonado.", "EXISTENTE": "SI", "PROFUNDIDA": 0.0, "LATITUD": 4.7905005760000563, "LONGITUD": -74.932351060999963, "ALTITUD": 388.4455, "IMAGEN_1": "C003_IMG_20240615_085038.jpg", "IMAGEN_2": "C003_IMG_20240615_085047.jpg", "IMAGEN_3": "C003_IMG_20240615_085051.jpg", "ID": "CCA-8", "ENTREGA": "E05_R4", "CREC_SUBIT": "SI", "DIR_TUB": "PERPENDICULAR" }, "geometry": { "type": "Point", "coordinates": [ -74.932351060999963, 4.790500576000056, 388.44550000000163 ] } },
{ "type": "Feature", "properties": { "FECHA": "19/06/2024 00:00:00 (UTC)", "DEPTO": "TOLIMA", "MPIO": "ALVARADO", "VEREDA": "CABECERA MUNICIPAL", "GASODUCTO": "CENTRO - ORIENTE", "TRM_RML": "Mariquita - Gualanday", "TP_PK": "Inicio", "PK": "381+269", "TP_DUCTO": "Troncal", "DISTRITO": "2", "DIAMETRO": "6", "TRM_REG": "MARIQUITA - GUALANDAY", "ZONA": "2", "SENAL_EX": "NO", "FORMA_ACCE": "Por el DDV", "TP_ACCESO": "Sendero a pie", "EST_ACCESO": "Bueno", "TP_SECCION": "CRUCE DE CUERPO DE AGUA", "NOM_AGUA": "Río Alvarado", "ANCHO_AGUA": 28.0, "TP_AGUA": "Secundaria", "UBIC_CRUCE": "Montaña", "CM_TORRENC": "NO", "CANALIZADO": "NO", "ALTERACION": "NO", "ZONA_INUND": "NO", "FORM_CAUCE": "Semirecto", "ESTABILID": "Estable", "TP_MARGEN": "Izquierdo", "TP_SOPORTE": "Puente colgante", "LUZ_SOPORT": 85.0, "EST_SOPORT": "Bueno", "EXIST_CABL": "SI", "EST_CABLE": "Bueno", "MACIZO_ANC": "SI", "EST_MACIZO": "Bueno", "ZONA_TRANS": "12", "TP_REVEST": "FBE", "AREA_REVES": 0.0, "EST_REVEST": "Bueno", "DEFECT_REV": "N.A.", "DSC_EST_TB": "Bueno", "DEFECT_TUB": "N.A.", "EVENTO_GEO": "No", "OBSERVACIO": " ", "EXISTENTE": "SI", "PROFUNDIDA": 0.0, "LATITUD": 4.5168074640000668, "LONGITUD": -74.981657095999935, "ALTITUD": 523.8, "IMAGEN_1": "C003_IMG_20240619_123957.jpg", "IMAGEN_2": "C003_IMG_20240619_124004.jpg", "IMAGEN_3": "C003_IMG_20240619_124009.jpg", "ID": "CCA-11", "ENTREGA": "E06_R4", "CREC_SUBIT": "SI", "DIR_TUB": "PERPENDICULAR" }, "geometry": { "type": "Point", "coordinates": [ -74.981657095999935, 4.516807464000067, 523.80000000000291 ] } },
{ "type": "Feature", "properties": { "FECHA": "20/06/2024 00:00:00 (UTC)", "DEPTO": "TOLIMA", "MPIO": "ALVARADO", "VEREDA": "CABECERA MUNICIPAL", "GASODUCTO": "CENTRO - ORIENTE", "TRM_RML": "Mariquita - Gualanday", "TP_PK": "Fin", "PK": "381+380", "TP_DUCTO": "Troncal", "DISTRITO": "2", "DIAMETRO": "6", "TRM_REG": "MARIQUITA - GUALANDAY", "ZONA": "2", "SENAL_EX": "SI", "FORMA_ACCE": "Por vía Principal Alvarado-Ibague se toma un camino perimetral al río Alvarado", "TP_ACCESO": "Sendero a pie", "EST_ACCESO": "Bueno", "TP_SECCION": "CRUCE DE CUERPO DE AGUA", "NOM_AGUA": "Río Alvarado", "ANCHO_AGUA": 28.0, "TP_AGUA": "Secundaria", "UBIC_CRUCE": "Montaña", "CM_TORRENC": "NO", "CANALIZADO": "NO", "ALTERACION": "NO", "ZONA_INUND": "NO", "FORM_CAUCE": "Semirecto", "ESTABILID": "Estable", "TP_MARGEN": "Derecho", "TP_SOPORTE": "Puente colgante", "LUZ_SOPORT": 85.0, "EST_SOPORT": "Bueno", "EXIST_CABL": "SI", "EST_CABLE": "Bueno", "MACIZO_ANC": "SI", "EST_MACIZO": "Bueno", "ZONA_TRANS": "8", "TP_REVEST": "FBE", "AREA_REVES": 0.0, "EST_REVEST": "Bueno", "DEFECT_REV": "N.A.", "DSC_EST_TB": "Bueno", "DEFECT_TUB": "N.A.", "EVENTO_GEO": "No", "OBSERVACIO": " ", "EXISTENTE": "SI", "PROFUNDIDA": 0.0, "LATITUD": 4.5158477600000424, "LONGITUD": -74.98190644999994, "ALTITUD": 526.2, "IMAGEN_1": "C003_IMG_20240620_071823.jpg", "IMAGEN_2": "C003_IMG_20240620_071834.jpg", "IMAGEN_3": "C003_IMG_20240620_071841.jpg", "ID": "CCA-12", "ENTREGA": "E06_R4", "CREC_SUBIT": "SI", "DIR_TUB": "PERPENDICULAR" }, "geometry": { "type": "Point", "coordinates": [ -74.98190644999994, 4.515847760000042, 526.19999999999709 ] } },
{ "type": "Feature", "properties": { "FECHA": "20/06/2024 00:00:00 (UTC)", "DEPTO": "TOLIMA", "MPIO": "ALVARADO", "VEREDA": "CABECERA MUNICIPAL", "GASODUCTO": "CENTRO - ORIENTE", "TRM_RML": "Mariquita - Gualanday", "TP_PK": "Inicio", "PK": "384+320", "TP_DUCTO": "Troncal", "DISTRITO": "2", "DIAMETRO": "6", "TRM_REG": "MARIQUITA - GUALANDAY", "ZONA": "2", "SENAL_EX": "SI", "FORMA_ACCE": "Por el DDV", "TP_ACCESO": "Sendero a pie", "EST_ACCESO": "Bueno", "TP_SECCION": "CRUCE DE CUERPO DE AGUA", "NOM_AGUA": "Quebrada Zanja Honda", "ANCHO_AGUA": 8.0, "TP_AGUA": "Secundaria", "UBIC_CRUCE": "Montaña", "CM_TORRENC": "NO", "CANALIZADO": "NO", "ALTERACION": "NO", "ZONA_INUND": "NO", "FORM_CAUCE": "Semirecto", "ESTABILID": "Estable", "TP_MARGEN": "Izquierdo", "TP_SOPORTE": "Marcos H", "LUZ_SOPORT": 20.0, "EST_SOPORT": "Bueno", "EXIST_CABL": "N.A.", "EST_CABLE": "Bueno", "MACIZO_ANC": "NO", "EST_MACIZO": "Bueno", "ZONA_TRANS": "7", "TP_REVEST": "FBE", "AREA_REVES": 0.0, "EST_REVEST": "Bueno", "DEFECT_REV": "N.A.", "DSC_EST_TB": "Bueno", "DEFECT_TUB": "N.A.", "EVENTO_GEO": "No", "OBSERVACIO": " ", "EXISTENTE": "SI", "PROFUNDIDA": 0.0, "LATITUD": 4.4906925370000295, "LONGITUD": -74.979377166999939, "ALTITUD": 589.1167, "IMAGEN_1": "C003_IMG_20240620_100155.jpg", "IMAGEN_2": "C003_IMG_20240620_100210.jpg", "IMAGEN_3": "C003_IMG_20240620_100218.jpg", "ID": "CCA-13", "ENTREGA": "E06_R4", "CREC_SUBIT": "SI", "DIR_TUB": "PERPENDICULAR" }, "geometry": { "type": "Point", "coordinates": [ -74.979377166999939, 4.490692537000029, 589.116699999998673 ] } },
{ "type": "Feature", "properties": { "FECHA": "20/06/2024 00:00:00 (UTC)", "DEPTO": "TOLIMA", "MPIO": "ALVARADO", "VEREDA": "CABECERA MUNICIPAL", "GASODUCTO": "CENTRO - ORIENTE", "TRM_RML": "Mariquita - Gualanday", "TP_PK": "Fin", "PK": "384+342", "TP_DUCTO": "Troncal", "DISTRITO": "2", "DIAMETRO": "6", "TRM_REG": "MARIQUITA - GUALANDAY", "ZONA": "2", "SENAL_EX": "SI", "FORMA_ACCE": "Por el DDV", "TP_ACCESO": "Sendero a pie", "EST_ACCESO": "Bueno", "TP_SECCION": "CRUCE DE CUERPO DE AGUA", "NOM_AGUA": "Quebrada Zanja Honda", "ANCHO_AGUA": 8.0, "TP_AGUA": "Secundaria", "UBIC_CRUCE": "Montaña", "CM_TORRENC": "NO", "CANALIZADO": "NO", "ALTERACION": "NO", "ZONA_INUND": "NO", "FORM_CAUCE": "Semirecto", "ESTABILID": "Estable", "TP_MARGEN": "Derecho", "TP_SOPORTE": "Marcos H", "LUZ_SOPORT": 20.0, "EST_SOPORT": "Bueno", "EXIST_CABL": "N.A.", "EST_CABLE": "Bueno", "MACIZO_ANC": "NO", "EST_MACIZO": "Bueno", "ZONA_TRANS": "8", "TP_REVEST": "FBE", "AREA_REVES": 0.0, "EST_REVEST": "Bueno", "DEFECT_REV": "N.A.", "DSC_EST_TB": "Bueno", "DEFECT_TUB": "N.A.", "EVENTO_GEO": "No", "OBSERVACIO": "Margen derecha de alta pendiente con maleza y vegetación espesa", "EXISTENTE": "SI", "PROFUNDIDA": 0.0, "LATITUD": 4.4905031560000452, "LONGITUD": -74.979348386999959, "ALTITUD": 577.0833, "IMAGEN_1": "C003_IMG_20240620_101231.jpg", "IMAGEN_2": "C003_IMG_20240620_101256.jpg", "IMAGEN_3": "C003_IMG_20240620_101309.jpg", "ID": "CCA-14", "ENTREGA": "E06_R4", "CREC_SUBIT": "SI", "DIR_TUB": "PERPENDICULAR" }, "geometry": { "type": "Point", "coordinates": [ -74.979348386999959, 4.490503156000045, 577.083299999998417 ] } },
{ "type": "Feature", "properties": { "FECHA": "20/06/2024 00:00:00 (UTC)", "DEPTO": "TOLIMA", "MPIO": "ALVARADO", "VEREDA": "CABECERA MUNICIPAL", "GASODUCTO": "CENTRO - ORIENTE", "TRM_RML": "Mariquita - Gualanday", "TP_PK": "Inicio", "PK": "384+778", "TP_DUCTO": "Troncal", "DISTRITO": "2", "DIAMETRO": "6", "TRM_REG": "MARIQUITA - GUALANDAY", "ZONA": "2", "SENAL_EX": "SI", "FORMA_ACCE": "Por el DDV", "TP_ACCESO": "Sendero a pie", "EST_ACCESO": "Bueno", "TP_SECCION": "CRUCE DE CUERPO DE AGUA", "NOM_AGUA": "Río Chipalo", "ANCHO_AGUA": 25.0, "TP_AGUA": "Secundaria", "UBIC_CRUCE": "Llanura", "CM_TORRENC": "NO", "CANALIZADO": "NO", "ALTERACION": "NO", "ZONA_INUND": "NO", "FORM_CAUCE": "Semirecto", "ESTABILID": "Estable", "TP_MARGEN": "Izquierdo", "TP_SOPORTE": "Puente colgante", "LUZ_SOPORT": 100.0, "EST_SOPORT": "Bueno", "EXIST_CABL": "SI", "EST_CABLE": "Bueno", "MACIZO_ANC": "SI", "EST_MACIZO": "Bueno", "ZONA_TRANS": "7", "TP_REVEST": "FBE", "AREA_REVES": 0.0, "EST_REVEST": "Bueno", "DEFECT_REV": "N.A.", "DSC_EST_TB": "Regular", "DEFECT_TUB": "Corrosión Generalizada", "EVENTO_GEO": "No", "OBSERVACIO": "La tubería presenta corrosión en algunos tramos del cruce aéreo.", "EXISTENTE": "SI", "PROFUNDIDA": 0.0, "LATITUD": 4.4870137670000645, "LONGITUD": -74.979924927999946, "ALTITUD": 551.7, "IMAGEN_1": "C003_IMG_20240620_103635.jpg", "IMAGEN_2": "C003_IMG_20240620_103645.jpg", "IMAGEN_3": "C003_IMG_20240620_103652.jpg", "ID": "CCA-15", "ENTREGA": "E06_R4", "CREC_SUBIT": "SI", "DIR_TUB": "PERPENDICULAR" }, "geometry": { "type": "Point", "coordinates": [ -74.979924927999946, 4.487013767000064, 551.69999999999709 ] } },
{ "type": "Feature", "properties": { "FECHA": "20/06/2024 00:00:00 (UTC)", "DEPTO": "TOLIMA", "MPIO": "PIEDRAS", "VEREDA": "PARADERO CHIPALO", "GASODUCTO": "CENTRO - ORIENTE", "TRM_RML": "Mariquita - Gualanday", "TP_PK": "Fin", "PK": "384+926", "TP_DUCTO": "Troncal", "DISTRITO": "2", "DIAMETRO": "6", "TRM_REG": "MARIQUITA - GUALANDAY", "ZONA": "2", "SENAL_EX": "SI", "FORMA_ACCE": "Ingreso por Finca El Chaco", "TP_ACCESO": "Sendero a pie", "EST_ACCESO": "Bueno", "TP_SECCION": "CRUCE DE CUERPO DE AGUA", "NOM_AGUA": "Río Chipalo", "ANCHO_AGUA": 25.0, "TP_AGUA": "Secundaria", "UBIC_CRUCE": "Llanura", "CM_TORRENC": "NO", "CANALIZADO": "NO", "ALTERACION": "NO", "ZONA_INUND": "NO", "FORM_CAUCE": "Semirecto", "ESTABILID": "Estable", "TP_MARGEN": "Derecho", "TP_SOPORTE": "Puente colgante", "LUZ_SOPORT": 100.0, "EST_SOPORT": "Bueno", "EXIST_CABL": "SI", "EST_CABLE": "Bueno", "MACIZO_ANC": "SI", "EST_MACIZO": "Bueno", "ZONA_TRANS": "20", "TP_REVEST": "FBE", "AREA_REVES": 1.0, "EST_REVEST": "Regular", "DEFECT_REV": "Desprendimiento", "DSC_EST_TB": "Regular", "DEFECT_TUB": "N.A.", "EVENTO_GEO": "No", "OBSERVACIO": "En la zona de transición de aéreo a enterrado se observa perdida de recubrimiento en un área de 8x5cm", "EXISTENTE": "SI", "PROFUNDIDA": 0.0, "LATITUD": 4.4872091790000468, "LONGITUD": -74.978650903999949, "ALTITUD": 559.2167, "IMAGEN_1": "C003_IMG_20240620_110159.jpg", "IMAGEN_2": "C003_IMG_20240620_110212.jpg", "IMAGEN_3": "C003_IMG_20240620_110219.jpg", "ID": "CCA-16", "ENTREGA": "E06_R4", "CREC_SUBIT": "SI", "DIR_TUB": "PERPENDICULAR" }, "geometry": { "type": "Point", "coordinates": [ -74.978650903999949, 4.487209179000047, 559.216700000004494 ] } },
{ "type": "Feature", "properties": { "FECHA": "7/06/2024 00:00:00 (UTC)", "DEPTO": "TOLIMA", "MPIO": "VENADILLO", "VEREDA": "PALMAROSA", "GASODUCTO": "CENTRO - ORIENTE", "TRM_RML": "Mariquita - Gualanday", "TP_PK": "Inicio", "PK": "364+116", "TP_DUCTO": "Troncal", "DISTRITO": "2", "DIAMETRO": "6", "TRM_REG": "MARIQUITA - GUALANDAY", "ZONA": "2", "SENAL_EX": "SI", "FORMA_ACCE": "Por el DDV", "TP_ACCESO": "Vía destapada", "EST_ACCESO": "Bueno", "TP_SECCION": "CRUCE DE CUERPO DE AGUA", "NOM_AGUA": "Río Totaré", "ANCHO_AGUA": 20.0, "TP_AGUA": "Secundaria", "UBIC_CRUCE": "Llanura", "CM_TORRENC": "NO", "CANALIZADO": "NO", "ALTERACION": "NO", "ZONA_INUND": "NO", "FORM_CAUCE": "Semirecto", "ESTABILID": "Estable", "TP_MARGEN": "Izquierdo", "TP_SOPORTE": "Puente colgante", "LUZ_SOPORT": 80.0, "EST_SOPORT": "Bueno", "EXIST_CABL": "SI", "EST_CABLE": "Bueno", "MACIZO_ANC": "SI", "EST_MACIZO": "Bueno", "ZONA_TRANS": "0", "TP_REVEST": "FBE", "AREA_REVES": 0.0, "EST_REVEST": "Bueno", "DEFECT_REV": "N.A.", "DSC_EST_TB": "Bueno", "DEFECT_TUB": "N.A.", "EVENTO_GEO": "No", "OBSERVACIO": "No se puede inspeccionar bien el cruce aéreo debido a pastos altos y tupidos que impiden tanto la visual como el avance hacia el cruce con el río", "EXISTENTE": "SI", "PROFUNDIDA": 0.0, "LATITUD": 4.6549898380000627, "LONGITUD": -74.935910330999945, "ALTITUD": 410.9167, "IMAGEN_1": "C004_IMG_20240607_105207.jpg", "IMAGEN_2": "C004_IMG_20240607_105211.jpg", "IMAGEN_3": "C004_IMG_20240607_105327.jpg", "ID": "CCA-17", "ENTREGA": "E06_R4", "CREC_SUBIT": "NO", "DIR_TUB": "PERPENDICULAR" }, "geometry": { "type": "Point", "coordinates": [ -74.935910330999945, 4.654989838000063, 410.916700000001583 ] } },
{ "type": "Feature", "properties": { "FECHA": "7/06/2024 00:00:00 (UTC)", "DEPTO": "TOLIMA", "MPIO": "ALVARADO", "VEREDA": "CRUCERO DEL LLANO", "GASODUCTO": "CENTRO - ORIENTE", "TRM_RML": "Mariquita - Gualanday", "TP_PK": "Fin", "PK": "364+204", "TP_DUCTO": "Troncal", "DISTRITO": "2", "DIAMETRO": "6", "TRM_REG": "MARIQUITA - GUALANDAY", "ZONA": "2", "SENAL_EX": "SI", "FORMA_ACCE": "Por el DDV", "TP_ACCESO": "Vía destapada", "EST_ACCESO": "Bueno", "TP_SECCION": "CRUCE DE CUERPO DE AGUA", "NOM_AGUA": "Río Totaré", "ANCHO_AGUA": 20.0, "TP_AGUA": "Secundaria", "UBIC_CRUCE": "Llanura", "CM_TORRENC": "NO", "CANALIZADO": "NO", "ALTERACION": "NO", "ZONA_INUND": "NO", "FORM_CAUCE": "Semirecto", "ESTABILID": "Estable", "TP_MARGEN": "Derecho", "TP_SOPORTE": "Puente colgante", "LUZ_SOPORT": 80.0, "EST_SOPORT": "Bueno", "EXIST_CABL": "SI", "EST_CABLE": "Bueno", "MACIZO_ANC": "SI", "EST_MACIZO": "Bueno", "ZONA_TRANS": "8", "TP_REVEST": "FBE", "AREA_REVES": 0.0, "EST_REVEST": "Bueno", "DEFECT_REV": "N.A.", "DSC_EST_TB": "Bueno", "DEFECT_TUB": "N.A.", "EVENTO_GEO": "No", "OBSERVACIO": "En la zona de transición de la tubería se observa reparación con un parche por posible pitting", "EXISTENTE": "SI", "PROFUNDIDA": 0.0, "LATITUD": 4.6544948960000738, "LONGITUD": -74.93652183599994, "ALTITUD": 414.0833, "IMAGEN_1": "C004_IMG_20240607_114937.jpg", "IMAGEN_2": "C004_IMG_20240607_114942.jpg", "IMAGEN_3": "C004_IMG_20240607_114946.jpg", "ID": "CCA-18", "ENTREGA": "E06_R4", "CREC_SUBIT": "NO", "DIR_TUB": "PERPENDICULAR" }, "geometry": { "type": "Point", "coordinates": [ -74.93652183599994, 4.654494896000074, 414.083299999998417 ] } },
{ "type": "Feature", "properties": { "FECHA": "8/06/2024 00:00:00 (UTC)", "DEPTO": "TOLIMA", "MPIO": "ALVARADO", "VEREDA": "CALDAS VIEJO", "GASODUCTO": "CENTRO - ORIENTE", "TRM_RML": "Mariquita - Gualanday", "TP_PK": "Inicio", "PK": "366+688", "TP_DUCTO": "Troncal", "DISTRITO": "2", "DIAMETRO": "6", "TRM_REG": "MARIQUITA - GUALANDAY", "ZONA": "2", "SENAL_EX": "SI", "FORMA_ACCE": "Por el DDV", "TP_ACCESO": "Vía destapada", "EST_ACCESO": "Bueno", "TP_SECCION": "CRUCE DE CUERPO DE AGUA", "NOM_AGUA": "Río La China", "ANCHO_AGUA": 35.0, "TP_AGUA": "Principal", "UBIC_CRUCE": "Llanura", "CM_TORRENC": "NO", "CANALIZADO": "NO", "ALTERACION": "NO", "ZONA_INUND": "NO", "FORM_CAUCE": "Semirecto", "ESTABILID": "Estable", "TP_MARGEN": "Izquierdo", "TP_SOPORTE": "Puente colgante", "LUZ_SOPORT": 50.0, "EST_SOPORT": "Bueno", "EXIST_CABL": "SI", "EST_CABLE": "Bueno", "MACIZO_ANC": "SI", "EST_MACIZO": "Bueno", "ZONA_TRANS": "12", "TP_REVEST": "FBE", "AREA_REVES": 0.0, "EST_REVEST": "Bueno", "DEFECT_REV": "N.A.", "DSC_EST_TB": "Bueno", "DEFECT_TUB": "N.A.", "EVENTO_GEO": "No", "OBSERVACIO": "Cruce aéreo compartido con Ecopetrol", "EXISTENTE": "SI", "PROFUNDIDA": 0.0, "LATITUD": 4.6325153940000519, "LONGITUD": -74.934509330999958, "ALTITUD": 378.0, "IMAGEN_1": "C004_IMG_20240608_094133.jpg", "IMAGEN_2": "C004_IMG_20240608_094138.jpg", "IMAGEN_3": "C004_IMG_20240608_094142.jpg", "ID": "CCA-19", "ENTREGA": "E06_R4", "CREC_SUBIT": "NO", "DIR_TUB": "PERPENDICULAR" }, "geometry": { "type": "Point", "coordinates": [ -74.934509330999958, 4.632515394000052, 378.0 ] } },
{ "type": "Feature", "properties": { "FECHA": "8/06/2024 00:00:00 (UTC)", "DEPTO": "TOLIMA", "MPIO": "ALVARADO", "VEREDA": "CALDAS VIEJO", "GASODUCTO": "CENTRO - ORIENTE", "TRM_RML": "Mariquita - Gualanday", "TP_PK": "Fin", "PK": "366+783", "TP_DUCTO": "Troncal", "DISTRITO": "2", "DIAMETRO": "6", "TRM_REG": "MARIQUITA - GUALANDAY", "ZONA": "2", "SENAL_EX": "NO", "FORMA_ACCE": "Por acceso a vivienda privada", "TP_ACCESO": "Vía destapada", "EST_ACCESO": "Bueno", "TP_SECCION": "CRUCE DE CUERPO DE AGUA", "NOM_AGUA": "Río La China", "ANCHO_AGUA": 35.0, "TP_AGUA": "Principal", "UBIC_CRUCE": "Llanura", "CM_TORRENC": "NO", "CANALIZADO": "NO", "ALTERACION": "NO", "ZONA_INUND": "NO", "FORM_CAUCE": "Semirecto", "ESTABILID": "Estable", "TP_MARGEN": "Derecho", "TP_SOPORTE": "Puente colgante", "LUZ_SOPORT": 50.0, "EST_SOPORT": "Bueno", "EXIST_CABL": "SI", "EST_CABLE": "Bueno", "MACIZO_ANC": "SI", "EST_MACIZO": "Bueno", "ZONA_TRANS": "12", "TP_REVEST": "FBE", "AREA_REVES": 0.0, "EST_REVEST": "Bueno", "DEFECT_REV": "N.A.", "DSC_EST_TB": "Bueno", "DEFECT_TUB": "N.A.", "EVENTO_GEO": "No", "OBSERVACIO": "Cruce aéreo compartido con Ecopetrol", "EXISTENTE": "SI", "PROFUNDIDA": 0.0, "LATITUD": 4.6318560200000434, "LONGITUD": -74.935056853999981, "ALTITUD": 366.1667, "IMAGEN_1": "C004_IMG_20240608_095316.jpg", "IMAGEN_2": "C004_IMG_20240608_095321.jpg", "IMAGEN_3": "C004_IMG_20240608_095324.jpg", "ID": "CCA-20", "ENTREGA": "E06_R4", "CREC_SUBIT": "NO", "DIR_TUB": "PERPENDICULAR" }, "geometry": { "type": "Point", "coordinates": [ -74.935056853999981, 4.631856020000043, 366.166700000001583 ] } },
{ "type": "Feature", "properties": { "FECHA": "17/06/2024 00:00:00 (UTC)", "DEPTO": "TOLIMA", "MPIO": "IBAGUÉ", "VEREDA": "BRICEÑO", "GASODUCTO": "CENTRO - ORIENTE", "TRM_RML": "Mariquita - Gualanday", "TP_PK": "Inicio", "PK": "412+234", "TP_DUCTO": "Troncal", "DISTRITO": "2", "DIAMETRO": "6", "TRM_REG": "MARIQUITA - GUALANDAY", "ZONA": "2", "SENAL_EX": "SI", "FORMA_ACCE": "Por el DDV", "TP_ACCESO": "Sendero a pie", "EST_ACCESO": "Bueno", "TP_SECCION": "CRUCE DE CUERPO DE AGUA", "NOM_AGUA": "Quebrada Gualanday", "ANCHO_AGUA": 10.0, "TP_AGUA": "Secundaria", "UBIC_CRUCE": "Llanura", "CM_TORRENC": "NO", "CANALIZADO": "NO", "ALTERACION": "NO", "ZONA_INUND": "NO", "FORM_CAUCE": "Semirecto", "ESTABILID": "Estable", "TP_MARGEN": "Derecho", "TP_SOPORTE": "Marcos H", "LUZ_SOPORT": 58.0, "EST_SOPORT": "Bueno", "EXIST_CABL": "SI", "EST_CABLE": "Bueno", "MACIZO_ANC": "SI", "EST_MACIZO": "Bueno", "ZONA_TRANS": "2", "TP_REVEST": "FBE", "AREA_REVES": 0.0, "EST_REVEST": "Bueno", "DEFECT_REV": "N.A.", "DSC_EST_TB": "Bueno", "DEFECT_TUB": "N.A.", "EVENTO_GEO": "Si", "OBSERVACIO": "COMP. Poliducto Salgar - Neiva Ecopetrol ", "EXISTENTE": "SI", "PROFUNDIDA": 0.0, "LATITUD": 4.29570116900004, "LONGITUD": -75.033685788999946, "ALTITUD": 500.0399999999936, "IMAGEN_1": "C001_IMG_20240617_073737.jpg", "IMAGEN_2": "C001_IMG_20240617_073743.jpg", "IMAGEN_3": "C001_IMG_20240617_073748.jpg", "ID": "CCA-21", "ENTREGA": "E06_R4", "CREC_SUBIT": "NO", "DIR_TUB": "(PERPENDICULAR)" }, "geometry": { "type": "Point", "coordinates": [ -75.033685788999946, 4.29570116900004, 500.039999999993597 ] } },
{ "type": "Feature", "properties": { "FECHA": "17/06/2024 00:00:00 (UTC)", "DEPTO": "TOLIMA", "MPIO": "COELLO", "VEREDA": "GUALANDAY", "GASODUCTO": "CENTRO - ORIENTE", "TRM_RML": "Mariquita - Gualanday", "TP_PK": "Fin", "PK": "412+312", "TP_DUCTO": "Troncal", "DISTRITO": "2", "DIAMETRO": "6", "TRM_REG": "MARIQUITA - GUALANDAY", "ZONA": "2", "SENAL_EX": "SI", "FORMA_ACCE": "Por el DDV", "TP_ACCESO": "Sendero a pie", "EST_ACCESO": "Bueno", "TP_SECCION": "CRUCE DE CUERPO DE AGUA", "NOM_AGUA": "Quebrada Gualanday", "ANCHO_AGUA": 10.0, "TP_AGUA": "Secundaria", "UBIC_CRUCE": "Llanura", "CM_TORRENC": "NO", "CANALIZADO": "NO", "ALTERACION": "NO", "ZONA_INUND": "NO", "FORM_CAUCE": "Semirecto", "ESTABILID": "Estable", "TP_MARGEN": "Izquierdo", "TP_SOPORTE": "Marcos H", "LUZ_SOPORT": 58.0, "EST_SOPORT": "Bueno", "EXIST_CABL": "SI", "EST_CABLE": "Bueno", "MACIZO_ANC": "SI", "EST_MACIZO": "Bueno", "ZONA_TRANS": "6", "TP_REVEST": "FBE", "AREA_REVES": 0.0, "EST_REVEST": "Bueno", "DEFECT_REV": "N.A.", "DSC_EST_TB": "Bueno", "DEFECT_TUB": "N.A.", "EVENTO_GEO": "Si", "OBSERVACIO": "COMP. Poliducto Salgar - Neiva Ecopetrol ", "EXISTENTE": "SI", "PROFUNDIDA": 0.0, "LATITUD": 4.2950673910000319, "LONGITUD": -75.033439595999937, "ALTITUD": 502.22, "IMAGEN_1": "C001_IMG_20240617_074835.jpg", "IMAGEN_2": "C001_IMG_20240617_074841.jpg", "IMAGEN_3": "C001_IMG_20240617_074846.jpg", "ID": "CCA-22", "ENTREGA": "E06_R4", "CREC_SUBIT": "NO", "DIR_TUB": "(PERPENDICULAR)" }, "geometry": { "type": "Point", "coordinates": [ -75.033439595999937, 4.295067391000032, 502.220000000001164 ] } },
{ "type": "Feature", "properties": { "FECHA": "26/06/2024 00:00:00 (UTC)", "DEPTO": "TOLIMA", "MPIO": "IBAGUÉ", "VEREDA": "BUENOS AIRES", "GASODUCTO": "CENTRO - ORIENTE", "TRM_RML": "Mariquita - Gualanday", "TP_PK": "Inicio", "PK": "408+730", "TP_DUCTO": "Troncal", "DISTRITO": "2", "DIAMETRO": "6", "TRM_REG": "MARIQUITA - GUALANDAY", "ZONA": "2", "SENAL_EX": "SI", "FORMA_ACCE": "Por el DDV", "TP_ACCESO": "Sendero a pie", "EST_ACCESO": "Bueno", "TP_SECCION": "CRUCE DE CUERPO DE AGUA", "NOM_AGUA": "Quebrada La Barbona", "ANCHO_AGUA": 20.0, "TP_AGUA": "Secundaria", "UBIC_CRUCE": "Llanura", "CM_TORRENC": "NO", "CANALIZADO": "NO", "ALTERACION": "NO", "ZONA_INUND": "NO", "FORM_CAUCE": "Semirecto", "ESTABILID": "Estable", "TP_MARGEN": "Derecho", "TP_SOPORTE": "Marcos H", "LUZ_SOPORT": 100.0, "EST_SOPORT": "Bueno", "EXIST_CABL": "SI", "EST_CABLE": "Bueno", "MACIZO_ANC": "SI", "EST_MACIZO": "Bueno", "ZONA_TRANS": "6", "TP_REVEST": "FBE", "AREA_REVES": 0.0, "EST_REVEST": "Bueno", "DEFECT_REV": "N.A.", "DSC_EST_TB": "Bueno", "DEFECT_TUB": "N.A.", "EVENTO_GEO": "No", "OBSERVACIO": "COMP. Poliducto Salgar - Neiva Ecopetrol", "EXISTENTE": "SI", "PROFUNDIDA": 0.0, "LATITUD": 4.311026818000073, "LONGITUD": -75.055227502999969, "ALTITUD": 692.7, "IMAGEN_1": "C001_IMG_20240626_104515.jpg", "IMAGEN_2": "C001_IMG_20240626_104524.jpg", "IMAGEN_3": "C001_IMG_20240626_104529.jpg", "ID": "CCA-23", "ENTREGA": "E06_R4", "CREC_SUBIT": "SI", "DIR_TUB": "PERPENDICULAR" }, "geometry": { "type": "Point", "coordinates": [ -75.055227502999969, 4.311026818000073, 692.69999999999709 ] } },
{ "type": "Feature", "properties": { "FECHA": "24/06/2024 00:00:00 (UTC)", "DEPTO": "TOLIMA", "MPIO": "PIEDRAS", "VEREDA": "ESTACION DOIMA", "GASODUCTO": "CENTRO - ORIENTE", "TRM_RML": "Mariquita - Gualanday", "TP_PK": "Inicio", "PK": "397+052", "TP_DUCTO": "Troncal", "DISTRITO": "2", "DIAMETRO": "6", "TRM_REG": "MARIQUITA - GUALANDAY", "ZONA": "2", "SENAL_EX": "SI", "FORMA_ACCE": "Por el DDV", "TP_ACCESO": "Sendero a pie", "EST_ACCESO": "Bueno", "TP_SECCION": "CRUCE DE CUERPO DE AGUA", "NOM_AGUA": "Río Opía", "ANCHO_AGUA": 20.0, "TP_AGUA": "Secundaria", "UBIC_CRUCE": "Montaña", "CM_TORRENC": "NO", "CANALIZADO": "NO", "ALTERACION": "NO", "ZONA_INUND": "NO", "FORM_CAUCE": "Semirecto", "ESTABILID": "Estable", "TP_MARGEN": "Izquierdo", "TP_SOPORTE": "Puente colgante", "LUZ_SOPORT": 62.0, "EST_SOPORT": "Bueno", "EXIST_CABL": "SI", "EST_CABLE": "Bueno", "MACIZO_ANC": "SI", "EST_MACIZO": "Bueno", "ZONA_TRANS": "10", "TP_REVEST": "FBE", "AREA_REVES": 0.0, "EST_REVEST": "Bueno", "DEFECT_REV": "N.A.", "DSC_EST_TB": "Bueno", "DEFECT_TUB": "N.A.", "EVENTO_GEO": "No", "OBSERVACIO": "Presenta 5m Recubrimiento de los cuales 4m con masilla epoxica no metálica Metaltech y 0.90m con Alquitran de hulla. COMP. Poliducto Salgar - Neiva Ecopetrol \r\n", "EXISTENTE": "SI", "PROFUNDIDA": 0.0, "LATITUD": 4.3977203350000309, "LONGITUD": -75.033093740999959, "ALTITUD": 714.6667, "IMAGEN_1": "C003_IMG_20240624_081937.jpg", "IMAGEN_2": "C003_IMG_20240624_081946.jpg", "IMAGEN_3": "C003_IMG_20240624_081954.jpg", "ID": "CCA-24", "ENTREGA": "E06_R4", "CREC_SUBIT": "SI", "DIR_TUB": "PERPENDICULAR" }, "geometry": { "type": "Point", "coordinates": [ -75.033093740999959, 4.397720335000031, 714.666700000001583 ] } },
{ "type": "Feature", "properties": { "FECHA": "24/06/2024 00:00:00 (UTC)", "DEPTO": "TOLIMA", "MPIO": "IBAGUÉ", "VEREDA": "PICALENA SECTOR RURAL", "GASODUCTO": "CENTRO - ORIENTE", "TRM_RML": "Mariquita - Gualanday", "TP_PK": "Fin", "PK": "397+144", "TP_DUCTO": "Troncal", "DISTRITO": "2", "DIAMETRO": "6", "TRM_REG": "MARIQUITA - GUALANDAY", "ZONA": "2", "SENAL_EX": "SI", "FORMA_ACCE": "Por el DDV", "TP_ACCESO": "Sendero a pie", "EST_ACCESO": "Bueno", "TP_SECCION": "CRUCE DE CUERPO DE AGUA", "NOM_AGUA": "Río Opía", "ANCHO_AGUA": 20.0, "TP_AGUA": "Secundaria", "UBIC_CRUCE": "Montaña", "CM_TORRENC": "NO", "CANALIZADO": "NO", "ALTERACION": "NO", "ZONA_INUND": "NO", "FORM_CAUCE": "Semirecto", "ESTABILID": "Estable", "TP_MARGEN": "Derecho", "TP_SOPORTE": "Puente colgante", "LUZ_SOPORT": 62.0, "EST_SOPORT": "Bueno", "EXIST_CABL": "SI", "EST_CABLE": "Bueno", "MACIZO_ANC": "SI", "EST_MACIZO": "Bueno", "ZONA_TRANS": "6", "TP_REVEST": "FBE", "AREA_REVES": 0.0, "EST_REVEST": "Bueno", "DEFECT_REV": "N.A.", "DSC_EST_TB": "Bueno", "DEFECT_TUB": "N.A.", "EVENTO_GEO": "No", "OBSERVACIO": "Presenta 5m Recubrimiento de los cuales 4m con masilla epoxica no metálica Metaltech y 0.90m con Alquitran de hulla. COMP. Poliducto Salgar - Neiva Ecopetrol  ", "EXISTENTE": "SI", "PROFUNDIDA": 0.0, "LATITUD": 4.396920170000044, "LONGITUD": -75.03324594999998, "ALTITUD": 724.8833, "IMAGEN_1": "C003_IMG_20240624_083618.jpg", "IMAGEN_2": "C003_IMG_20240624_083624.jpg", "IMAGEN_3": "C003_IMG_20240624_083631.jpg", "ID": "CCA-25", "ENTREGA": "E06_R4", "CREC_SUBIT": "SI", "DIR_TUB": "PERPENDICULAR" }, "geometry": { "type": "Point", "coordinates": [ -75.03324594999998, 4.396920170000044, 724.883300000001327 ] } },
{ "type": "Feature", "properties": { "FECHA": "26/06/2024 00:00:00 (UTC)", "DEPTO": "TOLIMA", "MPIO": "IBAGUÉ", "VEREDA": "BUENOS AIRES", "GASODUCTO": "CENTRO - ORIENTE", "TRM_RML": "Mariquita - Gualanday", "TP_PK": "Fin", "PK": "408+897", "TP_DUCTO": "Troncal", "DISTRITO": "2", "DIAMETRO": "6", "TRM_REG": "MARIQUITA - GUALANDAY", "ZONA": "2", "SENAL_EX": "SI", "FORMA_ACCE": "Por el DDV", "TP_ACCESO": "Sendero a pie", "EST_ACCESO": "Bueno", "TP_SECCION": "CRUCE DE CUERPO DE AGUA", "NOM_AGUA": "Quebrada La Barbona", "ANCHO_AGUA": 20.0, "TP_AGUA": "Secundaria", "UBIC_CRUCE": "Llanura", "CM_TORRENC": "NO", "CANALIZADO": "NO", "ALTERACION": "NO", "ZONA_INUND": "NO", "FORM_CAUCE": "Semirecto", "ESTABILID": "Estable", "TP_MARGEN": "Izquierdo", "TP_SOPORTE": "Marcos H", "LUZ_SOPORT": 100.0, "EST_SOPORT": "Bueno", "EXIST_CABL": "SI", "EST_CABLE": "Bueno", "MACIZO_ANC": "SI", "EST_MACIZO": "Bueno", "ZONA_TRANS": "6", "TP_REVEST": "FBE", "AREA_REVES": 0.0, "EST_REVEST": "Bueno", "DEFECT_REV": "N.A.", "DSC_EST_TB": "Bueno", "DEFECT_TUB": "N.A.", "EVENTO_GEO": "No", "OBSERVACIO": "COMP. Poliducto Salgar - Neiva Ecopetrol. Punto creado en oficina, no se logró capturar el punto fin del cruce aéreo en campo, se encuentra dentro de sin paso. ", "EXISTENTE": "SI", "PROFUNDIDA": 0.0, "LATITUD": 4.3106951540000296, "LONGITUD": -75.053765473999988, "ALTITUD": 692.7, "IMAGEN_1": "C001_IMG_20240626_104515.jpg", "IMAGEN_2": "C001_IMG_20240626_104524.jpg", "IMAGEN_3": "C001_IMG_20240626_104529.jpg", "ID": "CCA-26", "ENTREGA": "E06_R4", "CREC_SUBIT": "SI", "DIR_TUB": "PERPENDICULAR" }, "geometry": { "type": "Point", "coordinates": [ -75.053765473999988, 4.31069515400003, 692.69999999999709 ] } },
{ "type": "Feature", "properties": { "FECHA": "15/06/2024 00:00:00 (UTC)", "DEPTO": "TOLIMA", "MPIO": "COELLO", "VEREDA": "GUALANDAY", "GASODUCTO": "CENTRO - ORIENTE", "TRM_RML": "Montañuelo", "TP_PK": "Fin", "PK": "036+107", "TP_DUCTO": "Ramal Remitente", "DISTRITO": "2", "DIAMETRO": "6", "TRM_REG": "MONTAÑUELO - GUALANDAY", "ZONA": "2", "SENAL_EX": "SI", "FORMA_ACCE": "DDV", "TP_ACCESO": "Vía pavimentada", "EST_ACCESO": "Bueno", "TP_SECCION": "CRUCE DE CUERPO DE AGUA", "NOM_AGUA": "Quebrada Meneses", "ANCHO_AGUA": 20.0, "TP_AGUA": "Secundaria", "UBIC_CRUCE": "Llanura", "CM_TORRENC": "NO", "CANALIZADO": "NO", "ALTERACION": "NO", "ZONA_INUND": "NO", "FORM_CAUCE": "Semirecto", "ESTABILID": "Estable", "TP_MARGEN": "Derecho", "TP_SOPORTE": "Marcos H con cables", "LUZ_SOPORT": 36.0, "EST_SOPORT": "Bueno", "EXIST_CABL": "SI", "EST_CABLE": "Bueno", "MACIZO_ANC": "SI", "EST_MACIZO": "Bueno", "ZONA_TRANS": "Estable. Sin soportes intermedios.", "TP_REVEST": "FBE", "AREA_REVES": 1.0, "EST_REVEST": "Bueno", "DEFECT_REV": "N.A.", "DSC_EST_TB": "Bueno", "DEFECT_TUB": "N.A.", "EVENTO_GEO": "No", "OBSERVACIO": "Fin Cruce Aereo", "EXISTENTE": "SI", "PROFUNDIDA": 0.0, "LATITUD": 4.2819028470000262, "LONGITUD": -75.022076046999985, "ALTITUD": 476.541, "IMAGEN_1": "C004_IMG_20240615_084512.jpg", "IMAGEN_2": "C004_IMG_20240615_084517.jpg", "IMAGEN_3": "C004_IMG_20240615_084520.jpg", "ID": "CCA-5", "ENTREGA": "E08_R4", "CREC_SUBIT": "NO", "DIR_TUB": "PERPENDICULAR" }, "geometry": { "type": "Point", "coordinates": [ -75.022076046999985, 4.281902847000026, 476.540999999997439 ] } },
{ "type": "Feature", "properties": { "FECHA": "15/06/2024 00:00:00 (UTC)", "DEPTO": "TOLIMA", "MPIO": "COELLO", "VEREDA": "GUALANDAY", "GASODUCTO": "CENTRO - ORIENTE", "TRM_RML": "Montañuelo", "TP_PK": "Inicio", "PK": "036+082", "TP_DUCTO": "Ramal Remitente", "DISTRITO": "2", "DIAMETRO": "6", "TRM_REG": "MONTAÑUELO - GUALANDAY", "ZONA": "2", "SENAL_EX": "SI", "FORMA_ACCE": "DDV", "TP_ACCESO": "Vía pavimentada", "EST_ACCESO": "Bueno", "TP_SECCION": "CRUCE DE CUERPO DE AGUA", "NOM_AGUA": "Quebrada Meneses", "ANCHO_AGUA": 20.0, "TP_AGUA": "Secundaria", "UBIC_CRUCE": "Llanura", "CM_TORRENC": "NO", "CANALIZADO": "NO", "ALTERACION": "NO", "ZONA_INUND": "NO", "FORM_CAUCE": "Semirecto", "ESTABILID": "Estable", "TP_MARGEN": "Izquierdo", "TP_SOPORTE": "Marcos H con cables", "LUZ_SOPORT": 36.0, "EST_SOPORT": "Bueno", "EXIST_CABL": "SI", "EST_CABLE": "Bueno", "MACIZO_ANC": "SI", "EST_MACIZO": "Bueno", "ZONA_TRANS": "Estable. Sin soportes intermedios.", "TP_REVEST": "FBE", "AREA_REVES": 1.0, "EST_REVEST": "Bueno", "DEFECT_REV": "N.A.", "DSC_EST_TB": "Bueno", "DEFECT_TUB": "N.A.", "EVENTO_GEO": "No", "OBSERVACIO": " ", "EXISTENTE": "SI", "PROFUNDIDA": 0.0, "LATITUD": 4.2817915730000209, "LONGITUD": -75.021896463999951, "ALTITUD": 475.8303, "IMAGEN_1": "C004_IMG_20240615_085753.jpg", "IMAGEN_2": "C004_IMG_20240615_085807.jpg", "IMAGEN_3": "C004_IMG_20240615_085810.jpg", "ID": "CCA-6", "ENTREGA": "E08_R4", "CREC_SUBIT": "NO", "DIR_TUB": "PERPENDICULAR" }, "geometry": { "type": "Point", "coordinates": [ -75.021896463999951, 4.281791573000021, 475.830300000001444 ] } },
{ "type": "Feature", "properties": { "FECHA": "17/06/2024 00:00:00 (UTC)", "DEPTO": "TOLIMA", "MPIO": "COELLO", "VEREDA": "CHAGUALA  AFUERA", "GASODUCTO": "CENTRO - ORIENTE", "TRM_RML": "Montañuelo", "TP_PK": "Fin", "PK": "030+460", "TP_DUCTO": "Ramal Remitente", "DISTRITO": "2", "DIAMETRO": "6", "TRM_REG": "MONTAÑUELO - GUALANDAY", "ZONA": "2", "SENAL_EX": "NO", "FORMA_ACCE": "DDV", "TP_ACCESO": "Vía pavimentada", "EST_ACCESO": "Bueno", "TP_SECCION": "CRUCE DE CUERPO DE AGUA", "NOM_AGUA": "Río Coello", "ANCHO_AGUA": 68.0, "TP_AGUA": "Principal", "UBIC_CRUCE": "Montaña", "CM_TORRENC": "SI", "CANALIZADO": "NO", "ALTERACION": "NO", "ZONA_INUND": "NO", "FORM_CAUCE": "Semirecto", "ESTABILID": "Estable", "TP_MARGEN": "Izquierdo", "TP_SOPORTE": "Puente colgante", "LUZ_SOPORT": 100.0, "EST_SOPORT": "Bueno", "EXIST_CABL": "SI", "EST_CABLE": "Bueno", "MACIZO_ANC": "SI", "EST_MACIZO": "Bueno", "ZONA_TRANS": "Estable", "TP_REVEST": "FBE", "AREA_REVES": 1.0, "EST_REVEST": "Bueno", "DEFECT_REV": "N.A.", "DSC_EST_TB": "Bueno", "DEFECT_TUB": "N.A.", "EVENTO_GEO": "No", "OBSERVACIO": "La estructura metálica y el cable se observa en buenas condiciones, requiere rocería.", "EXISTENTE": "SI", "PROFUNDIDA": 0.0, "LATITUD": 4.2453271450000329, "LONGITUD": -74.990909294999938, "ALTITUD": 387.60550000000512, "IMAGEN_1": "C004_IMG_20240617_095838.jpg", "IMAGEN_2": "C004_IMG_20240617_095855.jpg", "IMAGEN_3": "C004_IMG_20240617_095859.jpg", "ID": "CCA-7", "ENTREGA": "E08_R4", "CREC_SUBIT": "NO", "DIR_TUB": "PERPENDICULAR" }, "geometry": { "type": "Point", "coordinates": [ -74.990909294999938, 4.245327145000033, 387.605500000005122 ] } },
{ "type": "Feature", "properties": { "FECHA": "17/06/2024 00:00:00 (UTC)", "DEPTO": "TOLIMA", "MPIO": "ESPINAL", "VEREDA": "SAN FRANCISCO CENTRO", "GASODUCTO": "CENTRO - ORIENTE", "TRM_RML": "Montañuelo", "TP_PK": "Inicio", "PK": "030+357", "TP_DUCTO": "Ramal Remitente", "DISTRITO": "2", "DIAMETRO": "6", "TRM_REG": "MONTAÑUELO - GUALANDAY", "ZONA": "2", "SENAL_EX": "NO", "FORMA_ACCE": "DDV", "TP_ACCESO": "Vía pavimentada", "EST_ACCESO": "Bueno", "TP_SECCION": "CRUCE DE CUERPO DE AGUA", "NOM_AGUA": "Río Coello", "ANCHO_AGUA": 68.0, "TP_AGUA": "Principal", "UBIC_CRUCE": "Montaña", "CM_TORRENC": "SI", "CANALIZADO": "NO", "ALTERACION": "NO", "ZONA_INUND": "NO", "FORM_CAUCE": "Semirecto", "ESTABILID": "Estable", "TP_MARGEN": "Derecho", "TP_SOPORTE": "Puente colgante", "LUZ_SOPORT": 100.0, "EST_SOPORT": "Bueno", "EXIST_CABL": "SI", "EST_CABLE": "Bueno", "MACIZO_ANC": "SI", "EST_MACIZO": "Bueno", "ZONA_TRANS": "Estable", "TP_REVEST": "FBE", "AREA_REVES": 1.0, "EST_REVEST": "Bueno", "DEFECT_REV": "N.A.", "DSC_EST_TB": "Bueno", "DEFECT_TUB": "N.A.", "EVENTO_GEO": "No", "OBSERVACIO": "La estructura metálica y el cable se observa en buenas condiciones, requiere rocería.", "EXISTENTE": "SI", "PROFUNDIDA": 0.0, "LATITUD": 4.2444379040000513, "LONGITUD": -74.99088304199995, "ALTITUD": 391.48450000000594, "IMAGEN_1": "C004_IMG_20240617_104539.jpg", "IMAGEN_2": "C004_IMG_20240617_104548.jpg", "IMAGEN_3": "C004_IMG_20240617_104554.jpg", "ID": "CCA-8", "ENTREGA": "E08_R4", "CREC_SUBIT": "NO", "DIR_TUB": "PERPENDICULAR" }, "geometry": { "type": "Point", "coordinates": [ -74.99088304199995, 4.244437904000051, 391.484500000005937 ] } },
{ "type": "Feature", "properties": { "FECHA": "14/07/2024 00:00:00 (UTC)", "DEPTO": "HUILA", "MPIO": "NEIVA", "VEREDA": "VENADO", "GASODUCTO": "CENTRO - ORIENTE", "TRM_RML": "Dina - Tello", "TP_PK": "Inicio", "PK": "011+903", "TP_DUCTO": "Troncal", "DISTRITO": "2", "DIAMETRO": "6", "TRM_REG": "GUALANDAY - NEIVA", "ZONA": "2", "SENAL_EX": "SI", "FORMA_ACCE": "Caminando", "TP_ACCESO": "Vía destapada", "EST_ACCESO": "Bueno", "TP_SECCION": "CRUCE DE CUERPO DE AGUA", "NOM_AGUA": "Caño NN", "ANCHO_AGUA": 10.0, "TP_AGUA": "Secundaria", "UBIC_CRUCE": "Llanura", "CM_TORRENC": "NO", "CANALIZADO": "NO", "ALTERACION": "NO", "ZONA_INUND": "NO", "FORM_CAUCE": "Semirecto", "ESTABILID": "Estable", "TP_MARGEN": "Izquierdo", "TP_SOPORTE": "(Marcos H)", "LUZ_SOPORT": 8.0, "EST_SOPORT": "Bueno", "EXIST_CABL": "SI", "EST_CABLE": "Bueno", "MACIZO_ANC": "SI", "EST_MACIZO": "Bueno", "ZONA_TRANS": "Estable", "TP_REVEST": "Poliken", "AREA_REVES": 0.0, "EST_REVEST": "Bueno", "DEFECT_REV": "N.A.", "DSC_EST_TB": "Bueno", "DEFECT_TUB": "N.A.", "EVENTO_GEO": "No", "OBSERVACIO": " ", "EXISTENTE": "SI", "PROFUNDIDA": 0.0, "LATITUD": 2.9941185320000727, "LONGITUD": -75.266627439999979, "ALTITUD": 456.5, "IMAGEN_1": "C004_IMG_20240714_111711.jpg", "IMAGEN_2": "C004_IMG_20240714_111716.jpg", "IMAGEN_3": "C004_IMG_20240714_111719.jpg", "ID": "CCA-37", "ENTREGA": "E09_R4", "CREC_SUBIT": "SI", "DIR_TUB": "PERPENDICULAR" }, "geometry": { "type": "Point", "coordinates": [ -75.266627439999979, 2.994118532000073, 456.5 ] } },
{ "type": "Feature", "properties": { "FECHA": "14/07/2024 00:00:00 (UTC)", "DEPTO": "HUILA", "MPIO": "NEIVA", "VEREDA": "VENADO", "GASODUCTO": "CENTRO - ORIENTE", "TRM_RML": "Dina - Tello", "TP_PK": "Fin", "PK": "011+924", "TP_DUCTO": "Troncal", "DISTRITO": "2", "DIAMETRO": "6", "TRM_REG": "GUALANDAY - NEIVA", "ZONA": "2", "SENAL_EX": "NO", "FORMA_ACCE": "Caminando", "TP_ACCESO": "Vía destapada", "EST_ACCESO": "Bueno", "TP_SECCION": "CRUCE DE CUERPO DE AGUA", "NOM_AGUA": "Caño NN", "ANCHO_AGUA": 10.0, "TP_AGUA": "Secundaria", "UBIC_CRUCE": "Llanura", "CM_TORRENC": "NO", "CANALIZADO": "NO", "ALTERACION": "NO", "ZONA_INUND": "NO", "FORM_CAUCE": "Semirecto", "ESTABILID": "Estable", "TP_MARGEN": "Derecho", "TP_SOPORTE": "(Marcos H)", "LUZ_SOPORT": 8.0, "EST_SOPORT": "Bueno", "EXIST_CABL": "SI", "EST_CABLE": "Bueno", "MACIZO_ANC": "SI", "EST_MACIZO": "Bueno", "ZONA_TRANS": "Estable", "TP_REVEST": "Poliken", "AREA_REVES": 0.0, "EST_REVEST": "Bueno", "DEFECT_REV": "N.A.", "DSC_EST_TB": "Bueno", "DEFECT_TUB": "N.A.", "EVENTO_GEO": "No", "OBSERVACIO": " ", "EXISTENTE": "SI", "PROFUNDIDA": 0.0, "LATITUD": 2.9939254130000563, "LONGITUD": -75.266599779999979, "ALTITUD": 453.2, "IMAGEN_1": "C004_IMG_20240714_112701.jpg", "IMAGEN_2": "C004_IMG_20240714_112706.jpg", "IMAGEN_3": "C004_IMG_20240714_112710.jpg", "ID": "CCA-38", "ENTREGA": "E09_R4", "CREC_SUBIT": "SI", "DIR_TUB": "PERPENDICULAR" }, "geometry": { "type": "Point", "coordinates": [ -75.266599779999979, 2.993925413000056, 453.19999999999709 ] } },
{ "type": "Feature", "properties": { "FECHA": "15/07/2024 00:00:00 (UTC)", "DEPTO": "HUILA", "MPIO": "NEIVA", "VEREDA": "VENADO", "GASODUCTO": "CENTRO - ORIENTE", "TRM_RML": "Dina - Tello", "TP_PK": "Inicio", "PK": "013+663", "TP_DUCTO": "Troncal", "DISTRITO": "2", "DIAMETRO": "6", "TRM_REG": "GUALANDAY - NEIVA", "ZONA": "2", "SENAL_EX": "NO", "FORMA_ACCE": "DDV", "TP_ACCESO": "Vía destapada", "EST_ACCESO": "Bueno", "TP_SECCION": "CRUCE DE CUERPO DE AGUA", "NOM_AGUA": "Caño NN", "ANCHO_AGUA": 6.0, "TP_AGUA": "Otro", "UBIC_CRUCE": "Llanura", "CM_TORRENC": "NO", "CANALIZADO": "NO", "ALTERACION": "NO", "ZONA_INUND": "NO", "FORM_CAUCE": "Semirecto", "ESTABILID": "Estable", "TP_MARGEN": "Izquierdo", "TP_SOPORTE": "N/A", "LUZ_SOPORT": 0.0, "EST_SOPORT": "Bueno", "EXIST_CABL": "NO", "EST_CABLE": "Bueno", "MACIZO_ANC": "NO", "EST_MACIZO": "Bueno", "ZONA_TRANS": "Estable", "TP_REVEST": "3-Capa PE", "AREA_REVES": 0.0, "EST_REVEST": "Bueno", "DEFECT_REV": "N.A.", "DSC_EST_TB": "Bueno", "DEFECT_TUB": "N.A.", "EVENTO_GEO": "No", "OBSERVACIO": " ", "EXISTENTE": "SI", "PROFUNDIDA": 0.0, "LATITUD": 2.9812832320000666, "LONGITUD": -75.261994557999969, "ALTITUD": 466.8, "IMAGEN_1": "C004_IMG_20240715_091922.jpg", "IMAGEN_2": "C004_IMG_20240715_091928.jpg", "IMAGEN_3": "C004_IMG_20240715_091931.jpg", "ID": "CCA-39", "ENTREGA": "E09_R4", "CREC_SUBIT": "NO", "DIR_TUB": "PERPENDICULAR" }, "geometry": { "type": "Point", "coordinates": [ -75.261994557999969, 2.981283232000067, 466.80000000000291 ] } },
{ "type": "Feature", "properties": { "FECHA": "15/07/2024 00:00:00 (UTC)", "DEPTO": "HUILA", "MPIO": "NEIVA", "VEREDA": "VENADO", "GASODUCTO": "CENTRO - ORIENTE", "TRM_RML": "Dina - Tello", "TP_PK": "Fin", "PK": "013+670", "TP_DUCTO": "Troncal", "DISTRITO": "2", "DIAMETRO": "6", "TRM_REG": "GUALANDAY - NEIVA", "ZONA": "2", "SENAL_EX": "SI", "FORMA_ACCE": "DDV", "TP_ACCESO": "Vía destapada", "EST_ACCESO": "Bueno", "TP_SECCION": "CRUCE DE CUERPO DE AGUA", "NOM_AGUA": "Caño NN", "ANCHO_AGUA": 6.0, "TP_AGUA": "Otro", "UBIC_CRUCE": "Llanura", "CM_TORRENC": "NO", "CANALIZADO": "NO", "ALTERACION": "NO", "ZONA_INUND": "NO", "FORM_CAUCE": "Semirecto", "ESTABILID": "Estable", "TP_MARGEN": "Derecho", "TP_SOPORTE": "N/A", "LUZ_SOPORT": 0.0, "EST_SOPORT": "Bueno", "EXIST_CABL": "NO", "EST_CABLE": "Bueno", "MACIZO_ANC": "NO", "EST_MACIZO": "Bueno", "ZONA_TRANS": "Estable", "TP_REVEST": "3-Capa PE", "AREA_REVES": 0.0, "EST_REVEST": "Bueno", "DEFECT_REV": "N.A.", "DSC_EST_TB": "Bueno", "DEFECT_TUB": "N.A.", "EVENTO_GEO": "No", "OBSERVACIO": " ", "EXISTENTE": "SI", "PROFUNDIDA": 0.0, "LATITUD": 2.981270448000032, "LONGITUD": -75.261928084999965, "ALTITUD": 463.39999999999418, "IMAGEN_1": "C004_IMG_20240715_092117.jpg", "IMAGEN_2": "C004_IMG_20240715_092135.jpg", "IMAGEN_3": "C004_IMG_20240715_092138.jpg", "ID": "CCA-40", "ENTREGA": "E09_R4", "CREC_SUBIT": "NO", "DIR_TUB": "PERPENDICULAR" }, "geometry": { "type": "Point", "coordinates": [ -75.261928084999965, 2.981270448000032, 463.399999999994179 ] } },
{ "type": "Feature", "properties": { "FECHA": "15/07/2024 00:00:00 (UTC)", "DEPTO": "HUILA", "MPIO": "NEIVA", "VEREDA": "VENADO", "GASODUCTO": "CENTRO - ORIENTE", "TRM_RML": "Dina - Tello", "TP_PK": "Inicio", "PK": "014+125", "TP_DUCTO": "Troncal", "DISTRITO": "2", "DIAMETRO": "6", "TRM_REG": "GUALANDAY - NEIVA", "ZONA": "2", "SENAL_EX": "SI", "FORMA_ACCE": "DDV", "TP_ACCESO": "Vía destapada", "EST_ACCESO": "Bueno", "TP_SECCION": "CRUCE DE CUERPO DE AGUA", "NOM_AGUA": "Caño NN", "ANCHO_AGUA": 4.0, "TP_AGUA": "Otro", "UBIC_CRUCE": "Llanura", "CM_TORRENC": "NO", "CANALIZADO": "NO", "ALTERACION": "NO", "ZONA_INUND": "NO", "FORM_CAUCE": "Semirecto", "ESTABILID": "Estable", "TP_MARGEN": "Izquierdo", "TP_SOPORTE": "(Marcos H)", "LUZ_SOPORT": 15.0, "EST_SOPORT": "Bueno", "EXIST_CABL": "SI", "EST_CABLE": "Bueno", "MACIZO_ANC": "SI", "EST_MACIZO": "Bueno", "ZONA_TRANS": "Estable", "TP_REVEST": "Poliken", "AREA_REVES": 23.0, "EST_REVEST": "Bueno", "DEFECT_REV": "N.A.", "DSC_EST_TB": "Bueno", "DEFECT_TUB": "N.A.", "EVENTO_GEO": "No", "OBSERVACIO": "Área de revestimiento 23 cm2", "EXISTENTE": "SI", "PROFUNDIDA": 0.0, "LATITUD": 2.979588270000022, "LONGITUD": -75.258484481999972, "ALTITUD": 477.75, "IMAGEN_1": "C004_IMG_20240715_095313.jpg", "IMAGEN_2": "C004_IMG_20240715_095325.jpg", "IMAGEN_3": "C004_IMG_20240715_095329.jpg", "ID": "CCA-41", "ENTREGA": "E09_R4", "CREC_SUBIT": "NO", "DIR_TUB": "INCLINADO" }, "geometry": { "type": "Point", "coordinates": [ -75.258484481999972, 2.979588270000022, 477.75 ] } },
{ "type": "Feature", "properties": { "FECHA": "15/07/2024 00:00:00 (UTC)", "DEPTO": "HUILA", "MPIO": "NEIVA", "VEREDA": "VENADO", "GASODUCTO": "CENTRO - ORIENTE", "TRM_RML": "Dina - Tello", "TP_PK": "Fin", "PK": "014+152", "TP_DUCTO": "Troncal", "DISTRITO": "2", "DIAMETRO": "6", "TRM_REG": "GUALANDAY - NEIVA", "ZONA": "2", "SENAL_EX": "SI", "FORMA_ACCE": "DDV", "TP_ACCESO": "Vía destapada", "EST_ACCESO": "Bueno", "TP_SECCION": "CRUCE DE CUERPO DE AGUA", "NOM_AGUA": "Caño NN", "ANCHO_AGUA": 4.0, "TP_AGUA": "Otro", "UBIC_CRUCE": "Llanura", "CM_TORRENC": "NO", "CANALIZADO": "NO", "ALTERACION": "NO", "ZONA_INUND": "NO", "FORM_CAUCE": "Semirecto", "ESTABILID": "Estable", "TP_MARGEN": "Derecho", "TP_SOPORTE": "(Marcos H)", "LUZ_SOPORT": 15.0, "EST_SOPORT": "Bueno", "EXIST_CABL": "SI", "EST_CABLE": "Bueno", "MACIZO_ANC": "SI", "EST_MACIZO": "Bueno", "ZONA_TRANS": "Estable", "TP_REVEST": "Poliken", "AREA_REVES": 23.0, "EST_REVEST": "Bueno", "DEFECT_REV": "N.A.", "DSC_EST_TB": "Bueno", "DEFECT_TUB": "N.A.", "EVENTO_GEO": "No", "OBSERVACIO": "Área de revestimiento 23 cm2", "EXISTENTE": "SI", "PROFUNDIDA": 0.0, "LATITUD": 2.9794146080000701, "LONGITUD": -75.258313552999937, "ALTITUD": 479.5, "IMAGEN_1": "C004_IMG_20240715_095826.jpg", "IMAGEN_2": "C004_IMG_20240715_095830.jpg", "IMAGEN_3": "C004_IMG_20240715_095834.jpg", "ID": "CCA-42", "ENTREGA": "E09_R4", "CREC_SUBIT": "NO", "DIR_TUB": "(INCLINADO)" }, "geometry": { "type": "Point", "coordinates": [ -75.258313552999937, 2.97941460800007, 479.5 ] } },
{ "type": "Feature", "properties": { "FECHA": "13/07/2024 00:00:00 (UTC)", "DEPTO": "HUILA", "MPIO": "NEIVA", "VEREDA": "SAN ANDRES DE BUSIRACO", "GASODUCTO": "CENTRO - ORIENTE", "TRM_RML": "Dina - Tello", "TP_PK": "Inicio", "PK": "004+933", "TP_DUCTO": "Troncal", "DISTRITO": "2", "DIAMETRO": "6", "TRM_REG": "GUALANDAY - NEIVA", "ZONA": "2", "SENAL_EX": "SI", "FORMA_ACCE": "Caminando", "TP_ACCESO": "Vía pavimentada", "EST_ACCESO": "Bueno", "TP_SECCION": "CRUCE DE CUERPO DE AGUA", "NOM_AGUA": "Quebrada Zanjones", "ANCHO_AGUA": 4.0, "TP_AGUA": "Otro", "UBIC_CRUCE": "Montaña", "CM_TORRENC": "NO", "CANALIZADO": "NO", "ALTERACION": "NO", "ZONA_INUND": "NO", "FORM_CAUCE": "Semirecto", "ESTABILID": "Estable", "TP_MARGEN": "Izquierdo", "TP_SOPORTE": "Marcos H", "LUZ_SOPORT": 14.0, "EST_SOPORT": "Bueno", "EXIST_CABL": "SI", "EST_CABLE": "Bueno", "MACIZO_ANC": "SI", "EST_MACIZO": "Bueno", "ZONA_TRANS": "Estable", "TP_REVEST": "Poliken", "AREA_REVES": 23.0, "EST_REVEST": "Bueno", "DEFECT_REV": "N.A.", "DSC_EST_TB": "Bueno", "DEFECT_TUB": "N.A.", "EVENTO_GEO": "No", "OBSERVACIO": "Área de revestimiento 23 cm2", "EXISTENTE": "SI", "PROFUNDIDA": 0.0, "LATITUD": 3.0413595680000753, "LONGITUD": -75.276363067999966, "ALTITUD": 479.60000000000582, "IMAGEN_1": "C004_IMG_20240713_100015.jpg", "IMAGEN_2": "C004_IMG_20240713_100019.jpg", "IMAGEN_3": "C004_IMG_20240713_100022.jpg", "ID": "CCA-43", "ENTREGA": "E09_R4", "CREC_SUBIT": "NO", "DIR_TUB": "PERPENDICULAR" }, "geometry": { "type": "Point", "coordinates": [ -75.276363067999966, 3.041359568000075, 479.600000000005821 ] } },
{ "type": "Feature", "properties": { "FECHA": "13/07/2024 00:00:00 (UTC)", "DEPTO": "HUILA", "MPIO": "NEIVA", "VEREDA": "SAN ANDRES DE BUSIRACO", "GASODUCTO": "CENTRO - ORIENTE", "TRM_RML": "Dina - Tello", "TP_PK": "Fin", "PK": "004+961", "TP_DUCTO": "Troncal", "DISTRITO": "2", "DIAMETRO": "6", "TRM_REG": "GUALANDAY - NEIVA", "ZONA": "2", "SENAL_EX": "SI", "FORMA_ACCE": "Caminando", "TP_ACCESO": "Vía pavimentada", "EST_ACCESO": "Bueno", "TP_SECCION": "CRUCE DE CUERPO DE AGUA", "NOM_AGUA": "Quebrada Zanjones", "ANCHO_AGUA": 4.0, "TP_AGUA": "Otro", "UBIC_CRUCE": "Montaña", "CM_TORRENC": "NO", "CANALIZADO": "NO", "ALTERACION": "NO", "ZONA_INUND": "NO", "FORM_CAUCE": "Semirecto", "ESTABILID": "Estable", "TP_MARGEN": "Derecho", "TP_SOPORTE": "Marcos H", "LUZ_SOPORT": 14.0, "EST_SOPORT": "Bueno", "EXIST_CABL": "SI", "EST_CABLE": "Bueno", "MACIZO_ANC": "SI", "EST_MACIZO": "Bueno", "ZONA_TRANS": "Estable", "TP_REVEST": "Poliken", "AREA_REVES": 23.0, "EST_REVEST": "Bueno", "DEFECT_REV": "N.A.", "DSC_EST_TB": "Bueno", "DEFECT_TUB": "N.A.", "EVENTO_GEO": "No", "OBSERVACIO": "Área de revestimiento 23 cm2", "EXISTENTE": "SI", "PROFUNDIDA": 0.0, "LATITUD": 3.0412675070000432, "LONGITUD": -75.276131903999953, "ALTITUD": 469.3, "IMAGEN_1": "C004_IMG_20240713_094607.jpg", "IMAGEN_2": "C004_IMG_20240713_094613.jpg", "IMAGEN_3": "C004_IMG_20240713_094616.jpg", "ID": "CCA-44", "ENTREGA": "E09_R4", "CREC_SUBIT": "NO", "DIR_TUB": "PERPENDICULAR" }, "geometry": { "type": "Point", "coordinates": [ -75.276131903999953, 3.041267507000043, 469.30000000000291 ] } },
{ "type": "Feature", "properties": { "FECHA": "13/07/2024 00:00:00 (UTC)", "DEPTO": "HUILA", "MPIO": "NEIVA", "VEREDA": "SAN ANDRES DE BUSIRACO", "GASODUCTO": "CENTRO - ORIENTE", "TRM_RML": "Dina - Tello", "TP_PK": "Inicio", "PK": "007+634", "TP_DUCTO": "Troncal", "DISTRITO": "2", "DIAMETRO": "6", "TRM_REG": "GUALANDAY - NEIVA", "ZONA": "2", "SENAL_EX": "SI", "FORMA_ACCE": "Caminando", "TP_ACCESO": "Sendero a pie", "EST_ACCESO": "Regular", "TP_SECCION": "CRUCE DE CUERPO DE AGUA", "NOM_AGUA": "Rio Magdalena", "ANCHO_AGUA": 105.0, "TP_AGUA": "Principal", "UBIC_CRUCE": "Llanura", "CM_TORRENC": "NO", "CANALIZADO": "NO", "ALTERACION": "NO", "ZONA_INUND": "NO", "FORM_CAUCE": "Semirecto", "ESTABILID": "Estable", "TP_MARGEN": "Izquierdo", "TP_SOPORTE": "Puente colgante", "LUZ_SOPORT": 5.0, "EST_SOPORT": "Bueno", "EXIST_CABL": "SI", "EST_CABLE": "Bueno", "MACIZO_ANC": "NO", "EST_MACIZO": "Bueno", "ZONA_TRANS": "Estable", "TP_REVEST": "Poliken", "AREA_REVES": 105.0, "EST_REVEST": "Bueno", "DEFECT_REV": "N.A.", "DSC_EST_TB": "Bueno", "DEFECT_TUB": "N.A.", "EVENTO_GEO": "No", "OBSERVACIO": "Área de revestimiento 105 cm2", "EXISTENTE": "SI", "PROFUNDIDA": 0.0, "LATITUD": 3.0293441620000294, "LONGITUD": -75.259493986999985, "ALTITUD": 439.9333, "IMAGEN_1": "C004_IMG_20240713_080222.jpg", "IMAGEN_2": "C004_IMG_20240713_080227.jpg", "IMAGEN_3": "C004_IMG_20240713_080230.jpg", "ID": "CCA-45", "ENTREGA": "E09_R4", "CREC_SUBIT": "SI", "DIR_TUB": "PERPENDICULAR" }, "geometry": { "type": "Point", "coordinates": [ -75.259493986999985, 3.029344162000029, 439.933300000004238 ] } },
{ "type": "Feature", "properties": { "FECHA": "14/07/2024 00:00:00 (UTC)", "DEPTO": "HUILA", "MPIO": "NEIVA", "VEREDA": "LA MATA", "GASODUCTO": "CENTRO - ORIENTE", "TRM_RML": "Dina - Tello", "TP_PK": "Fin", "PK": "007+898", "TP_DUCTO": "Troncal", "DISTRITO": "2", "DIAMETRO": "6", "TRM_REG": "GUALANDAY - NEIVA", "ZONA": "2", "SENAL_EX": "SI", "FORMA_ACCE": "Caminando", "TP_ACCESO": "Sendero a pie", "EST_ACCESO": "Regular", "TP_SECCION": "CRUCE DE CUERPO DE AGUA", "NOM_AGUA": "Rio Magdalena", "ANCHO_AGUA": 105.0, "TP_AGUA": "Principal", "UBIC_CRUCE": "Llanura", "CM_TORRENC": "NO", "CANALIZADO": "NO", "ALTERACION": "NO", "ZONA_INUND": "NO", "FORM_CAUCE": "Semirecto", "ESTABILID": "Estable", "TP_MARGEN": "Derecho", "TP_SOPORTE": "Puente colgante", "LUZ_SOPORT": 5.0, "EST_SOPORT": "Bueno", "EXIST_CABL": "SI", "EST_CABLE": "Bueno", "MACIZO_ANC": "NO", "EST_MACIZO": "Bueno", "ZONA_TRANS": "Estable", "TP_REVEST": "Poliken", "AREA_REVES": 105.0, "EST_REVEST": "Bueno", "DEFECT_REV": "N.A.", "DSC_EST_TB": "Bueno", "DEFECT_TUB": "N.A.", "EVENTO_GEO": "No", "OBSERVACIO": "Área de revestimiento 105 cm2", "EXISTENTE": "SI", "PROFUNDIDA": 0.0, "LATITUD": 3.0270702330000745, "LONGITUD": -75.259686375999934, "ALTITUD": 429.6667, "IMAGEN_1": "C004_IMG_20240714_083144.jpg", "IMAGEN_2": "C004_IMG_20240714_083150.jpg", "IMAGEN_3": "C004_IMG_20240714_083154.jpg", "ID": "CCA-46", "ENTREGA": "E09_R4", "CREC_SUBIT": "SI", "DIR_TUB": "PERPENDICULAR" }, "geometry": { "type": "Point", "coordinates": [ -75.259686375999934, 3.027070233000074, 429.666700000001583 ] } },
{ "type": "Feature", "properties": { "FECHA": "15/06/2024 00:00:00 (UTC)", "DEPTO": "TOLIMA", "MPIO": "COELLO", "VEREDA": "CHAGUALA  AFUERA", "GASODUCTO": "CENTRO - ORIENTE", "TRM_RML": "Gualanday - Guasimal", "TP_PK": "Inicio", "PK": "416+522", "TP_DUCTO": "Troncal", "DISTRITO": "2", "DIAMETRO": "12", "TRM_REG": "GUALANDAY - NEIVA", "ZONA": "2", "SENAL_EX": "NO", "FORMA_ACCE": "DDV", "TP_ACCESO": "Vía destapada", "EST_ACCESO": "Bueno", "TP_SECCION": "CRUCE DE CUERPO DE AGUA", "NOM_AGUA": "Quebrada NN", "ANCHO_AGUA": 6.0, "TP_AGUA": "Otro", "UBIC_CRUCE": "Llanura", "CM_TORRENC": "NO", "CANALIZADO": "NO", "ALTERACION": "NO", "ZONA_INUND": "NO", "FORM_CAUCE": "Semirecto", "ESTABILID": "Estable", "TP_MARGEN": "Izquierdo", "TP_SOPORTE": "Marcos H", "LUZ_SOPORT": 3.0, "EST_SOPORT": "Bueno", "EXIST_CABL": "SI", "EST_CABLE": "Bueno", "MACIZO_ANC": "NO", "EST_MACIZO": "Bueno", "ZONA_TRANS": "Estable", "TP_REVEST": "FBE", "AREA_REVES": 1.0, "EST_REVEST": "Bueno", "DEFECT_REV": "N.A.", "DSC_EST_TB": "Bueno", "DEFECT_TUB": "N.A.", "EVENTO_GEO": "No", "OBSERVACIO": " ", "EXISTENTE": "SI", "PROFUNDIDA": 0.0, "LATITUD": 4.2729704420000303, "LONGITUD": -75.009897408999961, "ALTITUD": 472.8887, "IMAGEN_1": "C004_IMG_20240615_134508.jpg", "IMAGEN_2": "C004_IMG_20240615_134512.jpg", "IMAGEN_3": "C004_IMG_20240615_134516.jpg", "ID": "CCA-5", "ENTREGA": "E07_R4", "CREC_SUBIT": "NO", "DIR_TUB": "PERPENDICULAR" }, "geometry": { "type": "Point", "coordinates": [ -75.009897408999961, 4.27297044200003, 472.888699999995879 ] } },
{ "type": "Feature", "properties": { "FECHA": "15/06/2024 00:00:00 (UTC)", "DEPTO": "TOLIMA", "MPIO": "COELLO", "VEREDA": "CHAGUALA  AFUERA", "GASODUCTO": "CENTRO - ORIENTE", "TRM_RML": "Gualanday - Guasimal", "TP_PK": "Fin", "PK": "416+531", "TP_DUCTO": "Troncal", "DISTRITO": "2", "DIAMETRO": "12", "TRM_REG": "GUALANDAY - NEIVA", "ZONA": "2", "SENAL_EX": "NO", "FORMA_ACCE": "DDV", "TP_ACCESO": "Vía destapada", "EST_ACCESO": "Bueno", "TP_SECCION": "CRUCE DE CUERPO DE AGUA", "NOM_AGUA": "Quebrada NN", "ANCHO_AGUA": 6.0, "TP_AGUA": "Otro", "UBIC_CRUCE": "Llanura", "CM_TORRENC": "NO", "CANALIZADO": "NO", "ALTERACION": "NO", "ZONA_INUND": "NO", "FORM_CAUCE": "Semirecto", "ESTABILID": "Estable", "TP_MARGEN": "Derecho", "TP_SOPORTE": "Marcos H", "LUZ_SOPORT": 3.0, "EST_SOPORT": "Bueno", "EXIST_CABL": "SI", "EST_CABLE": "Bueno", "MACIZO_ANC": "NO", "EST_MACIZO": "Bueno", "ZONA_TRANS": "Estable", "TP_REVEST": "FBE", "AREA_REVES": 1.0, "EST_REVEST": "Bueno", "DEFECT_REV": "N.A.", "DSC_EST_TB": "Bueno", "DEFECT_TUB": "N.A.", "EVENTO_GEO": "No", "OBSERVACIO": " ", "EXISTENTE": "SI", "PROFUNDIDA": 0.0, "LATITUD": 4.2729307680000375, "LONGITUD": -75.009829097999955, "ALTITUD": 474.19379999999364, "IMAGEN_1": "C004_IMG_20240615_135049.jpg", "IMAGEN_2": "C004_IMG_20240615_135057.jpg", "IMAGEN_3": "C004_IMG_20240615_135102.jpg", "ID": "CCA-6", "ENTREGA": "E07_R4", "CREC_SUBIT": "NO", "DIR_TUB": "PERPENDICULAR" }, "geometry": { "type": "Point", "coordinates": [ -75.009829097999955, 4.272930768000037, 474.193799999993644 ] } },
{ "type": "Feature", "properties": { "FECHA": "15/06/2024 00:00:00 (UTC)", "DEPTO": "TOLIMA", "MPIO": "COELLO", "VEREDA": "GUALANDAY", "GASODUCTO": "CENTRO - ORIENTE", "TRM_RML": "Gualanday - Guasimal", "TP_PK": "Inicio", "PK": "414+787", "TP_DUCTO": "Troncal", "DISTRITO": "2", "DIAMETRO": "12", "TRM_REG": "GUALANDAY - NEIVA", "ZONA": "2", "SENAL_EX": "SI", "FORMA_ACCE": "DDV", "TP_ACCESO": "Vía pavimentada", "EST_ACCESO": "Bueno", "TP_SECCION": "CRUCE DE CUERPO DE AGUA", "NOM_AGUA": "Quebrada Meneses", "ANCHO_AGUA": 20.0, "TP_AGUA": "Secundaria", "UBIC_CRUCE": "Llanura", "CM_TORRENC": "NO", "CANALIZADO": "NO", "ALTERACION": "NO", "ZONA_INUND": "NO", "FORM_CAUCE": "Semirecto", "ESTABILID": "Estable", "TP_MARGEN": "Derecho", "TP_SOPORTE": "Marcos H con cables", "LUZ_SOPORT": 36.0, "EST_SOPORT": "Bueno", "EXIST_CABL": "SI", "EST_CABLE": "Bueno", "MACIZO_ANC": "SI", "EST_MACIZO": "Bueno", "ZONA_TRANS": "Estable. Sin soportes intermedios.", "TP_REVEST": "FBE", "AREA_REVES": 1.0, "EST_REVEST": "Bueno", "DEFECT_REV": "N.A.", "DSC_EST_TB": "Bueno", "DEFECT_TUB": "N.A.", "EVENTO_GEO": "No", "OBSERVACIO": " ", "EXISTENTE": "SI", "PROFUNDIDA": 0.0, "LATITUD": 4.2819056450000517, "LONGITUD": -75.02206715799997, "ALTITUD": 476.6015, "IMAGEN_1": "C004_IMG_20240615_084533.jpg", "IMAGEN_2": "C004_IMG_20240615_084538.jpg", "IMAGEN_3": "C004_IMG_20240615_084542.jpg", "ID": "CCA-7", "ENTREGA": "E07_R4", "CREC_SUBIT": "SI", "DIR_TUB": "PERPENDICULAR" }, "geometry": { "type": "Point", "coordinates": [ -75.02206715799997, 4.281905645000052, 476.601500000004307 ] } },
{ "type": "Feature", "properties": { "FECHA": "15/06/2024 00:00:00 (UTC)", "DEPTO": "TOLIMA", "MPIO": "COELLO", "VEREDA": "GUALANDAY", "GASODUCTO": "CENTRO - ORIENTE", "TRM_RML": "Gualanday - Guasimal", "TP_PK": "Fin", "PK": "414+809", "TP_DUCTO": "Troncal", "DISTRITO": "2", "DIAMETRO": "12", "TRM_REG": "GUALANDAY - NEIVA", "ZONA": "2", "SENAL_EX": "SI", "FORMA_ACCE": "DDV", "TP_ACCESO": "Vía pavimentada", "EST_ACCESO": "Bueno", "TP_SECCION": "CRUCE DE CUERPO DE AGUA", "NOM_AGUA": "Quebrada Meneses", "ANCHO_AGUA": 20.0, "TP_AGUA": "Secundaria", "UBIC_CRUCE": "Llanura", "CM_TORRENC": "NO", "CANALIZADO": "NO", "ALTERACION": "NO", "ZONA_INUND": "NO", "FORM_CAUCE": "Semirecto", "ESTABILID": "Estable", "TP_MARGEN": "Izquierdo", "TP_SOPORTE": "Marcos H con cables", "LUZ_SOPORT": 36.0, "EST_SOPORT": "Bueno", "EXIST_CABL": "SI", "EST_CABLE": "Bueno", "MACIZO_ANC": "SI", "EST_MACIZO": "Bueno", "ZONA_TRANS": "Estable. Sin soportes intermedios.", "TP_REVEST": "FBE", "AREA_REVES": 1.0, "EST_REVEST": "Bueno", "DEFECT_REV": "N.A.", "DSC_EST_TB": "Bueno", "DEFECT_TUB": "N.A.", "EVENTO_GEO": "No", "OBSERVACIO": " ", "EXISTENTE": "SI", "PROFUNDIDA": 0.0, "LATITUD": 4.2817892300000722, "LONGITUD": -75.021895702999984, "ALTITUD": 475.7271, "IMAGEN_1": "C004_IMG_20240615_085713.jpg", "IMAGEN_2": "C004_IMG_20240615_085725.jpg", "IMAGEN_3": "C004_IMG_20240615_085728.jpg", "ID": "CCA-8", "ENTREGA": "E07_R4", "CREC_SUBIT": "SI", "DIR_TUB": "PERPENDICULAR" }, "geometry": { "type": "Point", "coordinates": [ -75.021895702999984, 4.281789230000072, 475.727100000003702 ] } },
{ "type": "Feature", "properties": { "FECHA": "17/06/2024 00:00:00 (UTC)", "DEPTO": "TOLIMA", "MPIO": "COELLO", "VEREDA": "CHAGUALA  AFUERA", "GASODUCTO": "CENTRO - ORIENTE", "TRM_RML": "Gualanday - Guasimal", "TP_PK": "Inicio", "PK": "420+634", "TP_DUCTO": "Troncal", "DISTRITO": "2", "DIAMETRO": "12", "TRM_REG": "GUALANDAY - NEIVA", "ZONA": "2", "SENAL_EX": "SI", "FORMA_ACCE": "DDV", "TP_ACCESO": "Vía pavimentada", "EST_ACCESO": "Bueno", "TP_SECCION": "CRUCE DE CUERPO DE AGUA", "NOM_AGUA": "Río Coello", "ANCHO_AGUA": 68.0, "TP_AGUA": "Principal", "UBIC_CRUCE": "Montaña", "CM_TORRENC": "SI", "CANALIZADO": "NO", "ALTERACION": "NO", "ZONA_INUND": "NO", "FORM_CAUCE": "Semirecto", "ESTABILID": "Estable", "TP_MARGEN": "Izquierdo", "TP_SOPORTE": "Puente colgante", "LUZ_SOPORT": 100.0, "EST_SOPORT": "Bueno", "EXIST_CABL": "SI", "EST_CABLE": "Bueno", "MACIZO_ANC": "SI", "EST_MACIZO": "Bueno", "ZONA_TRANS": "Estable", "TP_REVEST": "FBE", "AREA_REVES": 1.0, "EST_REVEST": "Bueno", "DEFECT_REV": "N.A.", "DSC_EST_TB": "Bueno", "DEFECT_TUB": "N.A.", "EVENTO_GEO": "No", "OBSERVACIO": "La estructura metálica y el cable se observa en buenas condiciones, requiere rocería.", "EXISTENTE": "SI", "PROFUNDIDA": 0.0, "LATITUD": 4.2453025220000313, "LONGITUD": -74.99090694299997, "ALTITUD": 387.6588, "IMAGEN_1": "C004_IMG_20240617_100040.jpg", "IMAGEN_2": "C004_IMG_20240617_100046.jpg", "IMAGEN_3": "C004_IMG_20240617_100051.jpg", "ID": "CCA-9", "ENTREGA": "E07_R4", "CREC_SUBIT": "SI", "DIR_TUB": "PERPENDICULAR" }, "geometry": { "type": "Point", "coordinates": [ -74.99090694299997, 4.245302522000031, 387.658800000004703 ] } },
{ "type": "Feature", "properties": { "FECHA": "17/06/2024 00:00:00 (UTC)", "DEPTO": "TOLIMA", "MPIO": "ESPINAL", "VEREDA": "SAN FRANCISCO CENTRO", "GASODUCTO": "CENTRO - ORIENTE", "TRM_RML": "Gualanday - Guasimal", "TP_PK": "Fin", "PK": "420+733", "TP_DUCTO": "Troncal", "DISTRITO": "2", "DIAMETRO": "12", "TRM_REG": "GUALANDAY - NEIVA", "ZONA": "2", "SENAL_EX": "SI", "FORMA_ACCE": "DDV", "TP_ACCESO": "Vía pavimentada", "EST_ACCESO": "Bueno", "TP_SECCION": "CRUCE DE CUERPO DE AGUA", "NOM_AGUA": "Río Coello", "ANCHO_AGUA": 68.0, "TP_AGUA": "Principal", "UBIC_CRUCE": "Montaña", "CM_TORRENC": "SI", "CANALIZADO": "NO", "ALTERACION": "NO", "ZONA_INUND": "NO", "FORM_CAUCE": "Semirecto", "ESTABILID": "Estable", "TP_MARGEN": "Derecho", "TP_SOPORTE": "Puente colgante", "LUZ_SOPORT": 100.0, "EST_SOPORT": "Bueno", "EXIST_CABL": "SI", "EST_CABLE": "Bueno", "MACIZO_ANC": "SI", "EST_MACIZO": "Bueno", "ZONA_TRANS": "Estable", "TP_REVEST": "FBE", "AREA_REVES": 1.0, "EST_REVEST": "Bueno", "DEFECT_REV": "N.A.", "DSC_EST_TB": "Bueno", "DEFECT_TUB": "N.A.", "EVENTO_GEO": "No", "OBSERVACIO": "La estructura metálica y el cable se observa en buenas condiciones, requiere rocería.", "EXISTENTE": "SI", "PROFUNDIDA": 0.0, "LATITUD": 4.2444411390000596, "LONGITUD": -74.990980406999938, "ALTITUD": 426.10000000000582, "IMAGEN_1": "C004_IMG_20240617_104509.jpg", "IMAGEN_2": "C004_IMG_20240617_104517.jpg", "IMAGEN_3": "C004_IMG_20240617_104522.jpg", "ID": "CCA-10", "ENTREGA": "E07_R4", "CREC_SUBIT": "SI", "DIR_TUB": "PERPENDICULAR" }, "geometry": { "type": "Point", "coordinates": [ -74.990980406999938, 4.24444113900006, 426.100000000005821 ] } },
{ "type": "Feature", "properties": { "FECHA": "15/11/2023 00:00:00 (UTC)", "DEPTO": "SANTANDER", "MPIO": "BARRANCABERMEJA", "VEREDA": "ÁREA URBANA", "GASODUCTO": "CENTRO - ORIENTE", "TRM_RML": "Gases de Barrancabermeja", "TP_PK": "Inicio", "PK": "000+001", "TP_DUCTO": "Ramal Remitente", "DISTRITO": "1", "DIAMETRO": "4", "TRM_REG": "BARRANCABERMEJA - SEBASTOPOL", "ZONA": "1", "SENAL_EX": "NO", "FORMA_ACCE": "DDV", "TP_ACCESO": "Sendero a pie", "EST_ACCESO": "Bueno", "TP_SECCION": "CRUCE DE PROCESO MORFODINAMICO", "NOM_AGUA": " ", "ANCHO_AGUA": 0.0, "TP_AGUA": "N.A.", "UBIC_CRUCE": "Llanura", "CM_TORRENC": "NO", "CANALIZADO": "NO", "ALTERACION": "NO", "ZONA_INUND": "NO", "FORM_CAUCE": "N.A.", "ESTABILID": "Estable", "TP_MARGEN": "N.A.", "TP_SOPORTE": "Marcos H", "LUZ_SOPORT": 8.0, "EST_SOPORT": "Bueno", "EXIST_CABL": "N.A.", "EST_CABLE": "Bueno", "MACIZO_ANC": "NO", "EST_MACIZO": "Bueno", "ZONA_TRANS": "2", "TP_REVEST": "FBE", "AREA_REVES": 0.0, "EST_REVEST": "Bueno", "DEFECT_REV": "N.A.", "DSC_EST_TB": "Bueno", "DEFECT_TUB": "N.A.", "EVENTO_GEO": "Si", "OBSERVACIO": "Se observa un soporte girado, sobre el PK000+172, evidenciando reptación del terreno.", "EXISTENTE": "SI", "PROFUNDIDA": 0.0, "LATITUD": 7.0862888780000617, "LONGITUD": -73.861992149999935, "ALTITUD": 85.600000000005821, "IMAGEN_1": "C001_IMG_20231115_100658.jpg", "IMAGEN_2": "C001_IMG_20231115_100704.jpg", "IMAGEN_3": "C001_IMG_20231115_100709.jpg", "ID": "CCA-393", "ENTREGA": "E64_R2", "CREC_SUBIT": "N/A", "DIR_TUB": "N/A" }, "geometry": { "type": "Point", "coordinates": [ -73.861992149999935, 7.086288878000062, 85.600000000005821 ] } },
{ "type": "Feature", "properties": { "FECHA": "15/11/2023 00:00:00 (UTC)", "DEPTO": "SANTANDER", "MPIO": "BARRANCABERMEJA", "VEREDA": "ÁREA URBANA", "GASODUCTO": "CENTRO - ORIENTE", "TRM_RML": "Gases de Barrancabermeja", "TP_PK": "Fin", "PK": "000+217", "TP_DUCTO": "Ramal Remitente", "DISTRITO": "1", "DIAMETRO": "4", "TRM_REG": "BARRANCABERMEJA - SEBASTOPOL", "ZONA": "1", "SENAL_EX": "SI", "FORMA_ACCE": "DDV", "TP_ACCESO": "Sendero a pie", "EST_ACCESO": "Bueno", "TP_SECCION": "CRUCE DE PROCESO MORFODINAMICO", "NOM_AGUA": " ", "ANCHO_AGUA": 0.0, "TP_AGUA": "N.A.", "UBIC_CRUCE": "Llanura", "CM_TORRENC": "NO", "CANALIZADO": "NO", "ALTERACION": "NO", "ZONA_INUND": "NO", "FORM_CAUCE": "N.A.", "ESTABILID": "Estable", "TP_MARGEN": "N.A.", "TP_SOPORTE": "Marcos H", "LUZ_SOPORT": 8.0, "EST_SOPORT": "Bueno", "EXIST_CABL": "N.A.", "EST_CABLE": "Bueno", "MACIZO_ANC": "NO", "EST_MACIZO": "Bueno", "ZONA_TRANS": "4", "TP_REVEST": "FBE", "AREA_REVES": 0.0, "EST_REVEST": "Bueno", "DEFECT_REV": "N.A.", "DSC_EST_TB": "Bueno", "DEFECT_TUB": "N.A.", "EVENTO_GEO": "Si", "OBSERVACIO": "Se observa un soporte girado, sobre el PK000+172, evidenciando reptación del terreno.", "EXISTENTE": "SI", "PROFUNDIDA": 0.0, "LATITUD": 7.0846899990000338, "LONGITUD": -73.862805605999938, "ALTITUD": 73.30000000000291, "IMAGEN_1": "C001_IMG_20231115_103313.jpg", "IMAGEN_2": "C001_IMG_20231115_103320.jpg", "IMAGEN_3": "C001_IMG_20231115_103325.jpg", "ID": "CCA-394", "ENTREGA": "E64_R2", "CREC_SUBIT": "N/A", "DIR_TUB": "N/A" }, "geometry": { "type": "Point", "coordinates": [ -73.862805605999938, 7.084689999000034, 73.30000000000291 ] } },
{ "type": "Feature", "properties": { "FECHA": "15/11/2023 00:00:00 (UTC)", "DEPTO": "SANTANDER", "MPIO": "BARRANCABERMEJA", "VEREDA": "ÁREA URBANA", "GASODUCTO": "CENTRO - ORIENTE", "TRM_RML": "Gases de Barrancabermeja", "TP_PK": "Inicio", "PK": "001+980", "TP_DUCTO": "Ramal Remitente", "DISTRITO": "1", "DIAMETRO": "4", "TRM_REG": "BARRANCABERMEJA - SEBASTOPOL", "ZONA": "1", "SENAL_EX": "SI", "FORMA_ACCE": "DDV", "TP_ACCESO": "Sendero a pie", "EST_ACCESO": "Bueno", "TP_SECCION": "CRUCE DE CUERPO DE AGUA", "NOM_AGUA": "CAÑO NN", "ANCHO_AGUA": 15.0, "TP_AGUA": "Otro", "UBIC_CRUCE": "Llanura", "CM_TORRENC": "NO", "CANALIZADO": "NO", "ALTERACION": "NO", "ZONA_INUND": "NO", "FORM_CAUCE": "Semirecto", "ESTABILID": "Inestable", "TP_MARGEN": "Derecho", "TP_SOPORTE": "Marcos H", "LUZ_SOPORT": 20.0, "EST_SOPORT": "Bueno", "EXIST_CABL": "N.A.", "EST_CABLE": "Bueno", "MACIZO_ANC": "NO", "EST_MACIZO": "Bueno", "ZONA_TRANS": "3", "TP_REVEST": "FBE", "AREA_REVES": 0.0, "EST_REVEST": "Bueno", "DEFECT_REV": "N.A.", "DSC_EST_TB": "Bueno", "DEFECT_TUB": "N.A.", "EVENTO_GEO": "Si", "OBSERVACIO": "Se observa que se requiere un soporte adicional al inicio del cruce aereo.", "EXISTENTE": "SI", "PROFUNDIDA": 0.0, "LATITUD": 7.0745082620000517, "LONGITUD": -73.853387047999945, "ALTITUD": 83.100000000005821, "IMAGEN_1": "C001_IMG_20231115_143353.jpg", "IMAGEN_2": "C001_IMG_20231115_143359.jpg", "IMAGEN_3": "C001_IMG_20231115_143408.jpg", "ID": "CCA-395", "ENTREGA": "E64_R2", "CREC_SUBIT": "NO", "DIR_TUB": "PERPENDICULAR" }, "geometry": { "type": "Point", "coordinates": [ -73.853387047999945, 7.074508262000052, 83.100000000005821 ] } },
{ "type": "Feature", "properties": { "FECHA": "15/11/2023 00:00:00 (UTC)", "DEPTO": "SANTANDER", "MPIO": "BARRANCABERMEJA", "VEREDA": "ÁREA URBANA", "GASODUCTO": "CENTRO - ORIENTE", "TRM_RML": "Gases de Barrancabermeja", "TP_PK": "Fin", "PK": "002+017", "TP_DUCTO": "Ramal Remitente", "DISTRITO": "1", "DIAMETRO": "4", "TRM_REG": "BARRANCABERMEJA - SEBASTOPOL", "ZONA": "1", "SENAL_EX": "SI", "FORMA_ACCE": "DDV", "TP_ACCESO": "Sendero a pie", "EST_ACCESO": "Bueno", "TP_SECCION": "CRUCE DE CUERPO DE AGUA", "NOM_AGUA": "CAÑO NN", "ANCHO_AGUA": 15.0, "TP_AGUA": "Otro", "UBIC_CRUCE": "Llanura", "CM_TORRENC": "NO", "CANALIZADO": "NO", "ALTERACION": "NO", "ZONA_INUND": "NO", "FORM_CAUCE": "Semirecto", "ESTABILID": "Estable", "TP_MARGEN": "Izquierdo", "TP_SOPORTE": "Marcos H", "LUZ_SOPORT": 20.0, "EST_SOPORT": "Bueno", "EXIST_CABL": "N.A.", "EST_CABLE": "Bueno", "MACIZO_ANC": "NO", "EST_MACIZO": "Bueno", "ZONA_TRANS": "2", "TP_REVEST": "FBE", "AREA_REVES": 0.0, "EST_REVEST": "Bueno", "DEFECT_REV": "N.A.", "DSC_EST_TB": "Bueno", "DEFECT_TUB": "N.A.", "EVENTO_GEO": "No", "OBSERVACIO": "Se observa vegetación alta en el margen", "EXISTENTE": "SI", "PROFUNDIDA": 0.0, "LATITUD": 7.0741720140000552, "LONGITUD": -73.853428210999937, "ALTITUD": 83.44999999999709, "IMAGEN_1": "C001_IMG_20231115_144232.jpg", "IMAGEN_2": "C001_IMG_20231115_144237.jpg", "IMAGEN_3": "C001_IMG_20231115_144242.jpg", "ID": "CCA-396", "ENTREGA": "E64_R2", "CREC_SUBIT": "N/A", "DIR_TUB": "N/A" }, "geometry": { "type": "Point", "coordinates": [ -73.853428210999937, 7.074172014000055, 83.44999999999709 ] } },
{ "type": "Feature", "properties": { "FECHA": "21/08/2024 00:00:00 (UTC)", "DEPTO": "BOYACÁ", "MPIO": "BRICEÑO", "VEREDA": "EL DIAMANTE", "GASODUCTO": "CENTRO - ORIENTE", "TRM_RML": "PK 17+500 - Sucre Oriental", "TP_PK": "(Fin)", "PK": "028+210", "TP_DUCTO": "Troncal", "DISTRITO": "3", "DIAMETRO": "22", "TRM_REG": "LA BELLEZA - COGUA", "ZONA": "3", "SENAL_EX": "SI", "FORMA_ACCE": "DDV", "TP_ACCESO": "Vía destapada", "EST_ACCESO": "Malo", "TP_SECCION": "CRUCE DE PROCESO MORFODINAMICO", "NOM_AGUA": "N.A", "ANCHO_AGUA": 0.0, "TP_AGUA": "Otro", "UBIC_CRUCE": "Montaña", "CM_TORRENC": "NO", "CANALIZADO": "NO", "ALTERACION": "NO", "ZONA_INUND": "NO", "FORM_CAUCE": "N.A.", "ESTABILID": "Estable", "TP_MARGEN": "N.A.", "TP_SOPORTE": "(Voladizo)", "LUZ_SOPORT": 0.0, "EST_SOPORT": "Bueno", "EXIST_CABL": "N.A.", "EST_CABLE": "Bueno", "MACIZO_ANC": "NO", "EST_MACIZO": "Bueno", "ZONA_TRANS": "La longitud de la zona de transición al final es de 3m aproximadamente.", "TP_REVEST": "OTRO", "AREA_REVES": 0.0, "EST_REVEST": "Bueno", "DEFECT_REV": "N.A.", "DSC_EST_TB": "Bueno", "DEFECT_TUB": "N.A.", "EVENTO_GEO": "No", "OBSERVACIO": "Se observa tuberia sin soportes, sobre una zanja abierta con vegetación alta.", "EXISTENTE": "SI", "PROFUNDIDA": 0.0, "LATITUD": 5.6464415150000491, "LONGITUD": -73.898034018999965, "ALTITUD": 2121.55, "IMAGEN_1": "C004_IMG_20240821_121153.jpg", "IMAGEN_2": "C004_IMG_20240821_121202.jpg", "IMAGEN_3": "C004_IMG_20240821_121206.jpg", "ID": "CCA-53", "ENTREGA": "E15_R4", "CREC_SUBIT": "N/A", "DIR_TUB": "(PERPENDICULAR)" }, "geometry": { "type": "Point", "coordinates": [ -73.898034018999965, 5.646441515000049, 2121.55000000000291 ] } },
{ "type": "Feature", "properties": { "FECHA": "21/08/2024 00:00:00 (UTC)", "DEPTO": "BOYACÁ", "MPIO": "BRICEÑO", "VEREDA": "EL DIAMANTE", "GASODUCTO": "CENTRO - ORIENTE", "TRM_RML": "PK 17+500 - Sucre Oriental", "TP_PK": "(Inicio)", "PK": "028+115", "TP_DUCTO": "Troncal", "DISTRITO": "3", "DIAMETRO": "22", "TRM_REG": "LA BELLEZA - COGUA", "ZONA": "3", "SENAL_EX": "SI", "FORMA_ACCE": "DDV", "TP_ACCESO": "Vía destapada", "EST_ACCESO": "Malo", "TP_SECCION": "CRUCE DE PROCESO MORFODINAMICO", "NOM_AGUA": "N.A", "ANCHO_AGUA": 0.0, "TP_AGUA": "Otro", "UBIC_CRUCE": "Montaña", "CM_TORRENC": "NO", "CANALIZADO": "NO", "ALTERACION": "NO", "ZONA_INUND": "NO", "FORM_CAUCE": "N.A.", "ESTABILID": "Estable", "TP_MARGEN": "N.A.", "TP_SOPORTE": "(Voladizo)", "LUZ_SOPORT": 0.0, "EST_SOPORT": "Bueno", "EXIST_CABL": "N.A.", "EST_CABLE": "Bueno", "MACIZO_ANC": "NO", "EST_MACIZO": "Bueno", "ZONA_TRANS": "La longitud de la zona de transición al inicio es de 2m aproximadamente.", "TP_REVEST": "OTRO", "AREA_REVES": 0.0, "EST_REVEST": "Bueno", "DEFECT_REV": "N.A.", "DSC_EST_TB": "Bueno", "DEFECT_TUB": "N.A.", "EVENTO_GEO": "No", "OBSERVACIO": "Se observa tuberia sin soportes, sobre una zanja abierta con vegetación alta.", "EXISTENTE": "SI", "PROFUNDIDA": 0.0, "LATITUD": 5.647080436000067, "LONGITUD": -73.898587154999973, "ALTITUD": 2084.05, "IMAGEN_1": "C004_IMG_20240821_122109.jpg", "IMAGEN_2": "C004_IMG_20240821_122113.jpg", "IMAGEN_3": "C004_IMG_20240821_122116.jpg", "ID": "CCA-54", "ENTREGA": "E15_R4", "CREC_SUBIT": "N/A", "DIR_TUB": "(PERPENDICULAR)" }, "geometry": { "type": "Point", "coordinates": [ -73.898587154999973, 5.647080436000067, 2084.05000000000291 ] } },
{ "type": "Feature", "properties": { "FECHA": "20/08/2024 00:00:00 (UTC)", "DEPTO": "BOYACÁ", "MPIO": "BRICEÑO", "VEREDA": "PALO BLANCO", "GASODUCTO": "CENTRO - ORIENTE", "TRM_RML": "PK 17+500 - Sucre Oriental", "TP_PK": "(Fin)", "PK": "026+626", "TP_DUCTO": "Troncal", "DISTRITO": "3", "DIAMETRO": "22", "TRM_REG": "LA BELLEZA - COGUA", "ZONA": "3", "SENAL_EX": "NO", "FORMA_ACCE": "DDV", "TP_ACCESO": "Vía destapada", "EST_ACCESO": "Malo", "TP_SECCION": "CRUCE DE PROCESO MORFODINAMICO", "NOM_AGUA": "N.A", "ANCHO_AGUA": 0.0, "TP_AGUA": "Otro", "UBIC_CRUCE": "Montaña", "CM_TORRENC": "NO", "CANALIZADO": "NO", "ALTERACION": "NO", "ZONA_INUND": "NO", "FORM_CAUCE": "N.A.", "ESTABILID": "Inestable", "TP_MARGEN": "N.A.", "TP_SOPORTE": "(Voladizo)", "LUZ_SOPORT": 0.0, "EST_SOPORT": "Bueno", "EXIST_CABL": "N.A.", "EST_CABLE": "Bueno", "MACIZO_ANC": "NO", "EST_MACIZO": "Bueno", "ZONA_TRANS": "La longitud de la zona de transición al final es de 3m aproximadamente.", "TP_REVEST": "OTRO", "AREA_REVES": 0.0, "EST_REVEST": "Bueno", "DEFECT_REV": "N.A.", "DSC_EST_TB": "Bueno", "DEFECT_TUB": "N.A.", "EVENTO_GEO": "Si", "OBSERVACIO": "Se observa tuberia sin soportes, sobre una zanja abierta con vegetación alta donde al final del cruce se presento deslizamiento del terreno.", "EXISTENTE": "SI", "PROFUNDIDA": 0.0, "LATITUD": 5.6564758970000639, "LONGITUD": -73.906555087999948, "ALTITUD": 1754.6, "IMAGEN_1": "C004_IMG_20240820_120739.jpg", "IMAGEN_2": "C004_IMG_20240820_120744.jpg", "IMAGEN_3": "C004_IMG_20240820_120747.jpg", "ID": "CCA-55", "ENTREGA": "E15_R4", "CREC_SUBIT": "N/A", "DIR_TUB": "(PERPENDICULAR)" }, "geometry": { "type": "Point", "coordinates": [ -73.906555087999948, 5.656475897000064, 1754.600000000005821 ] } },
{ "type": "Feature", "properties": { "FECHA": "20/08/2024 00:00:00 (UTC)", "DEPTO": "BOYACÁ", "MPIO": "BRICEÑO", "VEREDA": "PALO BLANCO", "GASODUCTO": "CENTRO - ORIENTE", "TRM_RML": "PK 17+500 - Sucre Oriental", "TP_PK": "(Inicio)", "PK": "026+616", "TP_DUCTO": "Troncal", "DISTRITO": "3", "DIAMETRO": "22", "TRM_REG": "LA BELLEZA - COGUA", "ZONA": "3", "SENAL_EX": "NO", "FORMA_ACCE": "DDV", "TP_ACCESO": "Vía destapada", "EST_ACCESO": "Malo", "TP_SECCION": "CRUCE DE PROCESO MORFODINAMICO", "NOM_AGUA": "N.A", "ANCHO_AGUA": 0.0, "TP_AGUA": "Otro", "UBIC_CRUCE": "Montaña", "CM_TORRENC": "NO", "CANALIZADO": "NO", "ALTERACION": "NO", "ZONA_INUND": "NO", "FORM_CAUCE": "N.A.", "ESTABILID": "Estable", "TP_MARGEN": "N.A.", "TP_SOPORTE": "(Voladizo)", "LUZ_SOPORT": 0.0, "EST_SOPORT": "Bueno", "EXIST_CABL": "N.A.", "EST_CABLE": "Bueno", "MACIZO_ANC": "NO", "EST_MACIZO": "Bueno", "ZONA_TRANS": "La longitud de la zona de transición al inicio es de 2m aproximadamente.", "TP_REVEST": "OTRO", "AREA_REVES": 0.0, "EST_REVEST": "Bueno", "DEFECT_REV": "N.A.", "DSC_EST_TB": "Bueno", "DEFECT_TUB": "N.A.", "EVENTO_GEO": "Si", "OBSERVACIO": "Se observa tuberia sin soportes, sobre una zanja abierta con vegetación alta donde al final del cruce se presento deslizamiento del terreno.", "EXISTENTE": "SI", "PROFUNDIDA": 0.0, "LATITUD": 5.6565560950000418, "LONGITUD": -73.906614064999985, "ALTITUD": 1725.2, "IMAGEN_1": "C004_IMG_20240820_121024.jpg", "IMAGEN_2": "C004_IMG_20240820_121028.jpg", "IMAGEN_3": "C004_IMG_20240820_121031.jpg", "ID": "CCA-56", "ENTREGA": "E15_R4", "CREC_SUBIT": "N/A", "DIR_TUB": "(PERPENDICULAR)" }, "geometry": { "type": "Point", "coordinates": [ -73.906614064999985, 5.656556095000042, 1725.19999999999709 ] } },
{ "type": "Feature", "properties": { "FECHA": "20/08/2024 00:00:00 (UTC)", "DEPTO": "BOYACÁ", "MPIO": "BRICEÑO", "VEREDA": "CENTRO", "GASODUCTO": "CENTRO - ORIENTE", "TRM_RML": "PK 17+500 - Sucre Oriental", "TP_PK": "Inicio", "PK": "022+879", "TP_DUCTO": "Troncal", "DISTRITO": "3", "DIAMETRO": "22", "TRM_REG": "LA BELLEZA - COGUA", "ZONA": "3", "SENAL_EX": "SI", "FORMA_ACCE": "DDV", "TP_ACCESO": "Vía destapada", "EST_ACCESO": "Malo", "TP_SECCION": "CRUCE DE CUERPO DE AGUA", "NOM_AGUA": "Quebrada Guayabal", "ANCHO_AGUA": 25.0, "TP_AGUA": "Secundaria", "UBIC_CRUCE": "Montaña", "CM_TORRENC": "NO", "CANALIZADO": "NO", "ALTERACION": "NO", "ZONA_INUND": "NO", "FORM_CAUCE": "Trenzado", "ESTABILID": "Inestable", "TP_MARGEN": "Derecho", "TP_SOPORTE": "Marcos H con cables", "LUZ_SOPORT": 132.0, "EST_SOPORT": "Bueno", "EXIST_CABL": "SI", "EST_CABLE": "Bueno", "MACIZO_ANC": "SI", "EST_MACIZO": "Regular", "ZONA_TRANS": "La longitud de la zona de transición al inicio es de 3m aproximadamente.", "TP_REVEST": "FBE", "AREA_REVES": 86.614, "EST_REVEST": "Regular", "DEFECT_REV": "Desprendimiento", "DSC_EST_TB": "Regular", "DEFECT_TUB": "Corrosión Generalizada", "EVENTO_GEO": "Si", "OBSERVACIO": "Tubería aérea la cual presenta corrosión generalizada.Se recomienda una nueva aplicación de pintura anticorrosiva incluyendo sandblasting.", "EXISTENTE": "SI", "PROFUNDIDA": 0.0, "LATITUD": 5.6810932250000405, "LONGITUD": -73.927123055999971, "ALTITUD": 1285.6833, "IMAGEN_1": "C004_IMG_20240820_102138.jpg", "IMAGEN_2": "C004_IMG_20240820_102143.jpg", "IMAGEN_3": "C004_IMG_20240820_102146.jpg", "ID": "CCA-57", "ENTREGA": "E15_R4", "CREC_SUBIT": "SI", "DIR_TUB": "PERPENDICULAR" }, "geometry": { "type": "Point", "coordinates": [ -73.927123055999971, 5.681093225000041, 1285.683300000004238 ] } },
{ "type": "Feature", "properties": { "FECHA": "20/08/2024 00:00:00 (UTC)", "DEPTO": "BOYACÁ", "MPIO": "BRICEÑO", "VEREDA": "PALO BLANCO", "GASODUCTO": "CENTRO - ORIENTE", "TRM_RML": "PK 17+500 - Sucre Oriental", "TP_PK": "Fin", "PK": "023+050", "TP_DUCTO": "Troncal", "DISTRITO": "3", "DIAMETRO": "22", "TRM_REG": "LA BELLEZA - COGUA", "ZONA": "3", "SENAL_EX": "SI", "FORMA_ACCE": "DDV", "TP_ACCESO": "Vía destapada", "EST_ACCESO": "Malo", "TP_SECCION": "CRUCE DE CUERPO DE AGUA", "NOM_AGUA": "Quebrada Guayabal", "ANCHO_AGUA": 25.0, "TP_AGUA": "Secundaria", "UBIC_CRUCE": "Montaña", "CM_TORRENC": "NO", "CANALIZADO": "NO", "ALTERACION": "NO", "ZONA_INUND": "NO", "FORM_CAUCE": "Trenzado", "ESTABILID": "Estable", "TP_MARGEN": "Izquierdo", "TP_SOPORTE": "Marcos H", "LUZ_SOPORT": 132.0, "EST_SOPORT": "Bueno", "EXIST_CABL": "SI", "EST_CABLE": "Bueno", "MACIZO_ANC": "NO", "EST_MACIZO": "Bueno", "ZONA_TRANS": "La longitud de la zona de transición al final es de 5m aproximadamente.", "TP_REVEST": "FBE", "AREA_REVES": 86.614, "EST_REVEST": "Regular", "DEFECT_REV": "Desprendimiento", "DSC_EST_TB": "Regular", "DEFECT_TUB": "Corrosión Generalizada", "EVENTO_GEO": "Si", "OBSERVACIO": "Fin de cruce. Tubería reducida de 20' a 2'.", "EXISTENTE": "SI", "PROFUNDIDA": 0.87, "LATITUD": 5.6795760980000409, "LONGITUD": -73.926699386999985, "ALTITUD": 1281.5167, "IMAGEN_1": "C004_IMG_20240820_152948.jpg", "IMAGEN_2": "C004_IMG_20240820_152952.jpg", "IMAGEN_3": "C004_IMG_20240820_152956.jpg", "ID": "CCA-58", "ENTREGA": "E15_R4", "CREC_SUBIT": "SI", "DIR_TUB": "PERPENDICULAR" }, "geometry": { "type": "Point", "coordinates": [ -73.926699386999985, 5.679576098000041, 1281.516699999992852 ] } },
{ "type": "Feature", "properties": { "FECHA": "17/08/2024 00:00:00 (UTC)", "DEPTO": "SANTANDER", "MPIO": "ALBANIA", "VEREDA": "CANUTILLO", "GASODUCTO": "CENTRO - ORIENTE", "TRM_RML": "Albania", "TP_PK": "Fin", "PK": "002+682", "TP_DUCTO": "Ramal", "DISTRITO": "3", "DIAMETRO": "2", "TRM_REG": "LA BELLEZA - COGUA", "ZONA": "3", "SENAL_EX": "NO", "FORMA_ACCE": "Caminando", "TP_ACCESO": "Vía destapada", "EST_ACCESO": "Bueno", "TP_SECCION": "CRUCE DE CUERPO DE AGUA", "NOM_AGUA": "Quebrada Canutillo", "ANCHO_AGUA": 7.0, "TP_AGUA": "Otro", "UBIC_CRUCE": "Montaña", "CM_TORRENC": "SI", "CANALIZADO": "NO", "ALTERACION": "NO", "ZONA_INUND": "NO", "FORM_CAUCE": "Semirecto", "ESTABILID": "Estable", "TP_MARGEN": "Derecho", "TP_SOPORTE": "Marcos H con cables", "LUZ_SOPORT": 80.0, "EST_SOPORT": "Bueno", "EXIST_CABL": "SI", "EST_CABLE": "Bueno", "MACIZO_ANC": "SI", "EST_MACIZO": "Bueno", "ZONA_TRANS": "La longitud de la zona de transición al final es de 5m aproximadamente.", "TP_REVEST": "OTRO", "AREA_REVES": 0.0, "EST_REVEST": "Regular", "DEFECT_REV": "OTRO", "DSC_EST_TB": "Bueno", "DEFECT_TUB": "N.A.", "EVENTO_GEO": "Si", "OBSERVACIO": "Tuberia aérea la cual presenta corrosión generalizada.Se recomienda una nueva aplicación de pintura anticorrosiva incluyendo sandblasting. Deslizamiento traslacional al costado derecho del DDV a 12m del gasoducto. . Se presenta corrosión generalizada", "EXISTENTE": "SI", "PROFUNDIDA": 0.0, "LATITUD": 5.7448547880000547, "LONGITUD": -73.912854215999971, "ALTITUD": 1587.0667, "IMAGEN_1": "C004_IMG_20240817_140257.jpg", "IMAGEN_2": "C004_IMG_20240817_140305.jpg", "IMAGEN_3": "C004_IMG_20240817_140309.jpg", "ID": "CCA-59", "ENTREGA": "E15_R4", "CREC_SUBIT": "NO", "DIR_TUB": "INCLINADO" }, "geometry": { "type": "Point", "coordinates": [ -73.912854215999971, 5.744854788000055, 1587.066699999995762 ] } },
{ "type": "Feature", "properties": { "FECHA": "17/08/2024 00:00:00 (UTC)", "DEPTO": "SANTANDER", "MPIO": "ALBANIA", "VEREDA": "CANUTILLO", "GASODUCTO": "CENTRO - ORIENTE", "TRM_RML": "Albania", "TP_PK": "Inicio", "PK": "002+601", "TP_DUCTO": "Ramal", "DISTRITO": "3", "DIAMETRO": "2", "TRM_REG": "LA BELLEZA - COGUA", "ZONA": "3", "SENAL_EX": "NO", "FORMA_ACCE": "Caminando", "TP_ACCESO": "Vía destapada", "EST_ACCESO": "Bueno", "TP_SECCION": "CRUCE DE CUERPO DE AGUA", "NOM_AGUA": "Quebrada Canutillo", "ANCHO_AGUA": 7.0, "TP_AGUA": "Otro", "UBIC_CRUCE": "Montaña", "CM_TORRENC": "SI", "CANALIZADO": "NO", "ALTERACION": "NO", "ZONA_INUND": "NO", "FORM_CAUCE": "Semirecto", "ESTABILID": "Estable", "TP_MARGEN": "Izquierdo", "TP_SOPORTE": "Marcos H con cables", "LUZ_SOPORT": 80.0, "EST_SOPORT": "Bueno", "EXIST_CABL": "SI", "EST_CABLE": "Bueno", "MACIZO_ANC": "SI", "EST_MACIZO": "Bueno", "ZONA_TRANS": "La longitud de la zona de transición al inicio es de 2m aproximadamente.", "TP_REVEST": "OTRO", "AREA_REVES": 0.0, "EST_REVEST": "Regular", "DEFECT_REV": "OTRO", "DSC_EST_TB": "Bueno", "DEFECT_TUB": "N.A.", "EVENTO_GEO": "No", "OBSERVACIO": "Tuberia aérea la cual presenta corrosión generalizada.Se recomienda una nueva aplicación de pintura anticorrosiva incluyendo sandblasting. Se presenta corrosión generalizada", "EXISTENTE": "SI", "PROFUNDIDA": 0.0, "LATITUD": 5.7443894030000706, "LONGITUD": -73.913407075999942, "ALTITUD": 1587.1667, "IMAGEN_1": "C004_IMG_20240817_142610.jpg", "IMAGEN_2": "C004_IMG_20240817_142616.jpg", "IMAGEN_3": "C004_IMG_20240817_142620.jpg", "ID": "CCA-60", "ENTREGA": "E15_R4", "CREC_SUBIT": "NO", "DIR_TUB": "INCLINADO" }, "geometry": { "type": "Point", "coordinates": [ -73.913407075999942, 5.744389403000071, 1587.166700000001583 ] } },
{ "type": "Feature", "properties": { "FECHA": "17/08/2024 00:00:00 (UTC)", "DEPTO": "BOYACÁ", "MPIO": "BRICEÑO", "VEREDA": "TARPEYA", "GASODUCTO": "CENTRO - ORIENTE", "TRM_RML": "PK 17+500 - Sucre Oriental", "TP_PK": "Fin", "PK": "021+781", "TP_DUCTO": "Troncal", "DISTRITO": "3", "DIAMETRO": "22", "TRM_REG": "LA BELLEZA - COGUA", "ZONA": "3", "SENAL_EX": "NO", "FORMA_ACCE": "Por el DDV", "TP_ACCESO": "Vía destapada", "EST_ACCESO": "Malo", "TP_SECCION": "CRUCE DE CUERPO DE AGUA", "NOM_AGUA": "Quebrada Zapote", "ANCHO_AGUA": 20.0, "TP_AGUA": "Secundaria", "UBIC_CRUCE": "Montaña", "CM_TORRENC": "SI", "CANALIZADO": "NO", "ALTERACION": "NO", "ZONA_INUND": "NO", "FORM_CAUCE": "Semirecto", "ESTABILID": "Estable", "TP_MARGEN": "Izquierdo", "TP_SOPORTE": "Puente colgante", "LUZ_SOPORT": 118.0, "EST_SOPORT": "Bueno", "EXIST_CABL": "SI", "EST_CABLE": "Bueno", "MACIZO_ANC": "SI", "EST_MACIZO": "Bueno", "ZONA_TRANS": "Buen estado. Longitud zona de transición m.", "TP_REVEST": "OTRO", "AREA_REVES": 0.0, "EST_REVEST": "Bueno", "DEFECT_REV": "N.A.", "DSC_EST_TB": "Bueno", "DEFECT_TUB": "N.A.", "EVENTO_GEO": "Si", "OBSERVACIO": "", "EXISTENTE": "SI", "PROFUNDIDA": 0.0, "LATITUD": 5.6906953480000766, "LONGITUD": -73.927848517999962, "ALTITUD": 1587.0667, "IMAGEN_1": "C004_IMG_20240820_080925.jpg", "IMAGEN_2": "C004_IMG_20240820_080929.jpg", "IMAGEN_3": "C004_IMG_20240820_080932.jpg", "ID": "CCA-61", "ENTREGA": "E15_R4", "CREC_SUBIT": "SI", "DIR_TUB": "PERPENDICULAR" }, "geometry": { "type": "Point", "coordinates": [ -73.927848517999962, 5.690695348000077, 1587.066699999995762 ] } },
{ "type": "Feature", "properties": { "FECHA": "20/08/2024 00:00:00 (UTC)", "DEPTO": "BOYACÁ", "MPIO": "BRICEÑO", "VEREDA": "TARPEYA", "GASODUCTO": "CENTRO - ORIENTE", "TRM_RML": "PK 17+500 - Sucre Oriental", "TP_PK": "Inicio", "PK": "021+704", "TP_DUCTO": "Troncal", "DISTRITO": "3", "DIAMETRO": "22", "TRM_REG": "LA BELLEZA - COGUA", "ZONA": "3", "SENAL_EX": "NO", "FORMA_ACCE": "Por el DDV", "TP_ACCESO": "Vía destapada", "EST_ACCESO": "Malo", "TP_SECCION": "CRUCE DE CUERPO DE AGUA", "NOM_AGUA": "Quebrada Zapote", "ANCHO_AGUA": 20.0, "TP_AGUA": "Secundaria", "UBIC_CRUCE": "Montaña", "CM_TORRENC": "SI", "CANALIZADO": "NO", "ALTERACION": "NO", "ZONA_INUND": "NO", "FORM_CAUCE": "Semirecto", "ESTABILID": "Estable", "TP_MARGEN": "Derecho", "TP_SOPORTE": "Puente colgante", "LUZ_SOPORT": 118.0, "EST_SOPORT": "Bueno", "EXIST_CABL": "SI", "EST_CABLE": "Bueno", "MACIZO_ANC": "SI", "EST_MACIZO": "Bueno", "ZONA_TRANS": "Buen estado. Longitud zona de transición m.", "TP_REVEST": "OTRO", "AREA_REVES": 0.0, "EST_REVEST": "Bueno", "DEFECT_REV": "N.A.", "DSC_EST_TB": "Bueno", "DEFECT_TUB": "N.A.", "EVENTO_GEO": "Si", "OBSERVACIO": "", "EXISTENTE": "SI", "PROFUNDIDA": 0.0, "LATITUD": 5.6913276790000396, "LONGITUD": -73.928073586999972, "ALTITUD": 1587.1667, "IMAGEN_1": "C004_IMG_20240820_080605.jpg", "IMAGEN_2": "C004_IMG_20240820_080634.jpg", "IMAGEN_3": "C004_IMG_20240820_080637.jpg", "ID": "CCA-62", "ENTREGA": "E15_R4", "CREC_SUBIT": "SI", "DIR_TUB": "PERPENDICULAR" }, "geometry": { "type": "Point", "coordinates": [ -73.928073586999972, 5.69132767900004, 1587.166700000001583 ] } },
{ "type": "Feature", "properties": { "FECHA": "12/09/2024 00:00:00 (UTC)", "DEPTO": "CUNDINAMARCA", "MPIO": "TAUSA", "VEREDA": "CHORRILLO", "GASODUCTO": "CENTRO - ORIENTE", "TRM_RML": "Sucre Oriental - Cogua", "TP_PK": "Inicio", "PK": "101+220", "TP_DUCTO": "Troncal", "DISTRITO": "3", "DIAMETRO": "22", "TRM_REG": "LA BELLEZA - COGUA", "ZONA": "3", "SENAL_EX": "SI", "FORMA_ACCE": "DDV", "TP_ACCESO": "Vía destapada", "EST_ACCESO": "Bueno", "TP_SECCION": "CRUCE DE PROCESO MORFODINAMICO", "NOM_AGUA": "N.A.", "ANCHO_AGUA": 0.0, "TP_AGUA": "N.A.", "UBIC_CRUCE": "Montaña", "CM_TORRENC": "NO", "CANALIZADO": "NO", "ALTERACION": "NO", "ZONA_INUND": "NO", "FORM_CAUCE": "N.A.", "ESTABILID": "Estable", "TP_MARGEN": "N.A.", "TP_SOPORTE": "Marcos H", "LUZ_SOPORT": 2.0, "EST_SOPORT": "Bueno", "EXIST_CABL": "NO", "EST_CABLE": "Bueno", "MACIZO_ANC": "NO", "EST_MACIZO": "Bueno", "ZONA_TRANS": "Longitud de zona de transición de 2m. Se encuentra estable.", "TP_REVEST": "Poliken", "AREA_REVES": 0.0, "EST_REVEST": "Regular", "DEFECT_REV": "Desprendimiento", "DSC_EST_TB": "Regular", "DEFECT_TUB": "Abolladura", "EVENTO_GEO": "Si", "OBSERVACIO": "Presenta trabajos de reparación en toda la longitud del cruce, se requiere reparar el revestimiento.", "EXISTENTE": "SI", "PROFUNDIDA": 0.0, "LATITUD": 5.1473561630000404, "LONGITUD": -73.913581165999972, "ALTITUD": 2964.9444, "IMAGEN_1": "C004_IMG_20240912_104920.jpg", "IMAGEN_2": "C004_IMG_20240912_104925.jpg", "IMAGEN_3": "C004_IMG_20240912_104928.jpg", "ID": "CCA-63", "ENTREGA": "E17_R4", "CREC_SUBIT": "N/A", "DIR_TUB": "INCLINADO" }, "geometry": { "type": "Point", "coordinates": [ -73.913581165999972, 5.14735616300004, 2964.944399999993038 ] } },
{ "type": "Feature", "properties": { "FECHA": "12/09/2024 00:00:00 (UTC)", "DEPTO": "CUNDINAMARCA", "MPIO": "TAUSA", "VEREDA": "CHORRILLO", "GASODUCTO": "CENTRO - ORIENTE", "TRM_RML": "Sucre Oriental - Cogua", "TP_PK": "Fin", "PK": "101+471", "TP_DUCTO": "Troncal", "DISTRITO": "3", "DIAMETRO": "22", "TRM_REG": "LA BELLEZA - COGUA", "ZONA": "3", "SENAL_EX": "SI", "FORMA_ACCE": "DDV", "TP_ACCESO": "Vía destapada", "EST_ACCESO": "Bueno", "TP_SECCION": "CRUCE DE PROCESO MORFODINAMICO", "NOM_AGUA": "N.A.", "ANCHO_AGUA": 0.0, "TP_AGUA": "N.A.", "UBIC_CRUCE": "Montaña", "CM_TORRENC": "NO", "CANALIZADO": "NO", "ALTERACION": "NO", "ZONA_INUND": "NO", "FORM_CAUCE": "N.A.", "ESTABILID": "Estable", "TP_MARGEN": "N.A.", "TP_SOPORTE": "Marcos H", "LUZ_SOPORT": 6.0, "EST_SOPORT": "Bueno", "EXIST_CABL": "NO", "EST_CABLE": "Bueno", "MACIZO_ANC": "NO", "EST_MACIZO": "Bueno", "ZONA_TRANS": "Longitud de zona de transición de 8m. Se encuentra estable.", "TP_REVEST": "Poliken", "AREA_REVES": 0.0, "EST_REVEST": "Regular", "DEFECT_REV": "Desprendimiento", "DSC_EST_TB": "Regular", "DEFECT_TUB": "Abolladura", "EVENTO_GEO": "Si", "OBSERVACIO": "Presenta trabajos de reparación en toda la longitud del cruce, se requiere reparar el revestimiento.", "EXISTENTE": "SI", "PROFUNDIDA": 0.0, "LATITUD": 5.1451771260000214, "LONGITUD": -73.913951681999947, "ALTITUD": 2925.1667, "IMAGEN_1": "C004_IMG_20240912_111111.jpg", "IMAGEN_2": "C004_IMG_20240912_111115.jpg", "IMAGEN_3": "C004_IMG_20240912_111118.jpg", "ID": "CCA-64", "ENTREGA": "E17_R4", "CREC_SUBIT": "N/A", "DIR_TUB": "INCLINADO" }, "geometry": { "type": "Point", "coordinates": [ -73.913951681999947, 5.145177126000021, 2925.166700000001583 ] } },
{ "type": "Feature", "properties": { "FECHA": "10/09/2024 00:00:00 (UTC)", "DEPTO": "SANTANDER", "MPIO": "PUENTE NACIONAL", "VEREDA": "RIO SUAREZ", "GASODUCTO": "CENTRO - ORIENTE", "TRM_RML": "Puente Guillermo - Sucre Oriental", "TP_PK": "Inicio", "PK": "001+556", "TP_DUCTO": "Troncal", "DISTRITO": "3", "DIAMETRO": "20", "TRM_REG": "LA BELLEZA - COGUA", "ZONA": "3", "SENAL_EX": "SI", "FORMA_ACCE": "Caminando", "TP_ACCESO": "Vía destapada", "EST_ACCESO": "Bueno", "TP_SECCION": "CRUCE DE CUERPO DE AGUA", "NOM_AGUA": "Río Suarez", "ANCHO_AGUA": 25.0, "TP_AGUA": "Secundaria", "UBIC_CRUCE": "Montaña", "CM_TORRENC": "SI", "CANALIZADO": "NO", "ALTERACION": "NO", "ZONA_INUND": "NO", "FORM_CAUCE": "Semirecto", "ESTABILID": "Estable", "TP_MARGEN": "Derecho", "TP_SOPORTE": "Puente colgante", "LUZ_SOPORT": 110.0, "EST_SOPORT": "Bueno", "EXIST_CABL": "SI", "EST_CABLE": "Bueno", "MACIZO_ANC": "SI", "EST_MACIZO": "Bueno", "ZONA_TRANS": "Está estable.", "TP_REVEST": "Poliken", "AREA_REVES": 0.2, "EST_REVEST": "Bueno", "DEFECT_REV": "N.A.", "DSC_EST_TB": "Bueno", "DEFECT_TUB": "N.A.", "EVENTO_GEO": "Si", "OBSERVACIO": "Estructura del cruce aéreo en buen estado, en la zona baja al costado izquierdo del muerto en Gavión, se evidencia inestabilidad en el área.", "EXISTENTE": "SI", "PROFUNDIDA": 0.0, "LATITUD": 5.8100404970000454, "LONGITUD": -73.702426491999972, "ALTITUD": 2044.7333, "IMAGEN_1": "C003_IMG_20240910_112905.jpg", "IMAGEN_2": "C003_IMG_20240910_112917.jpg", "IMAGEN_3": "C003_IMG_20240910_112925.jpg", "ID": "CCA-65", "ENTREGA": "E18_R4", "CREC_SUBIT": "SI", "DIR_TUB": "PERPENDICULAR" }, "geometry": { "type": "Point", "coordinates": [ -73.702426491999972, 5.810040497000045, 2044.733300000007148 ] } },
{ "type": "Feature", "properties": { "FECHA": "10/09/2024 00:00:00 (UTC)", "DEPTO": "SANTANDER", "MPIO": "PUENTE NACIONAL", "VEREDA": "RIO SUAREZ", "GASODUCTO": "CENTRO - ORIENTE", "TRM_RML": "Puente Guillermo - Sucre Oriental", "TP_PK": "Fin", "PK": "001+718", "TP_DUCTO": "Troncal", "DISTRITO": "3", "DIAMETRO": "20", "TRM_REG": "LA BELLEZA - COGUA", "ZONA": "3", "SENAL_EX": "SI", "FORMA_ACCE": "Caminando", "TP_ACCESO": "Vía destapada", "EST_ACCESO": "Bueno", "TP_SECCION": "CRUCE DE CUERPO DE AGUA", "NOM_AGUA": "Río Suarez", "ANCHO_AGUA": 25.0, "TP_AGUA": "Secundaria", "UBIC_CRUCE": "Montaña", "CM_TORRENC": "SI", "CANALIZADO": "NO", "ALTERACION": "NO", "ZONA_INUND": "NO", "FORM_CAUCE": "Semirecto", "ESTABILID": "Estable", "TP_MARGEN": "Izquierdo", "TP_SOPORTE": "Puente colgante", "LUZ_SOPORT": 110.0, "EST_SOPORT": "Bueno", "EXIST_CABL": "SI", "EST_CABLE": "Bueno", "MACIZO_ANC": "SI", "EST_MACIZO": "Bueno", "ZONA_TRANS": "Estable.", "TP_REVEST": "Poliken", "AREA_REVES": 0.2, "EST_REVEST": "Bueno", "DEFECT_REV": "N.A.", "DSC_EST_TB": "Bueno", "DEFECT_TUB": "N.A.", "EVENTO_GEO": "No", "OBSERVACIO": "Cruce en buen estado", "EXISTENTE": "SI", "PROFUNDIDA": 0.0, "LATITUD": 5.8103494250000267, "LONGITUD": -73.703812036999977, "ALTITUD": 2055.2667, "IMAGEN_1": "C003_IMG_20240910_110626.jpg", "IMAGEN_2": "C003_IMG_20240910_110633.jpg", "IMAGEN_3": "C003_IMG_20240910_110640.jpg", "ID": "CCA-66", "ENTREGA": "E18_R4", "CREC_SUBIT": "SI", "DIR_TUB": "PERPENDICULAR" }, "geometry": { "type": "Point", "coordinates": [ -73.703812036999977, 5.810349425000027, 2055.266699999992852 ] } },
{ "type": "Feature", "properties": { "FECHA": "11/09/2024 00:00:00 (UTC)", "DEPTO": "BOYACÁ", "MPIO": "SABOYÁ", "VEREDA": "LAJITA", "GASODUCTO": "CENTRO - ORIENTE", "TRM_RML": "Puente Guillermo - Sucre Oriental", "TP_PK": "(Fin)", "PK": "008+759", "TP_DUCTO": "Troncal", "DISTRITO": "3", "DIAMETRO": "20", "TRM_REG": "LA BELLEZA - COGUA", "ZONA": "3", "SENAL_EX": "SI", "FORMA_ACCE": "DDV", "TP_ACCESO": "Vía destapada", "EST_ACCESO": "Bueno", "TP_SECCION": "CRUCE DE CUERPO DE AGUA", "NOM_AGUA": "Caño NN", "ANCHO_AGUA": 2.0, "TP_AGUA": "Otro", "UBIC_CRUCE": "Montaña", "CM_TORRENC": "NO", "CANALIZADO": "NO", "ALTERACION": "NO", "ZONA_INUND": "NO", "FORM_CAUCE": "Semirecto", "ESTABILID": "Estable", "TP_MARGEN": "N.A.", "TP_SOPORTE": "(Marcos H)", "LUZ_SOPORT": 10.0, "EST_SOPORT": "Bueno", "EXIST_CABL": "N.A.", "EST_CABLE": "Bueno", "MACIZO_ANC": "NO", "EST_MACIZO": "Bueno", "ZONA_TRANS": "Inestable, ya que se observa una excavación abierta sin canalizar.", "TP_REVEST": "OTRO", "AREA_REVES": 0.0, "EST_REVEST": "Bueno", "DEFECT_REV": "N.A.", "DSC_EST_TB": "Bueno", "DEFECT_TUB": "N.A.", "EVENTO_GEO": "Si", "OBSERVACIO": "Se observa, tuberia expuesta antes de iniciar y al finalizar el cruce, el cual se dejo una excavación abierta saturando el terreno sobre este tramo.", "EXISTENTE": "SI", "PROFUNDIDA": 0.0, "LATITUD": 5.7685771330000648, "LONGITUD": -73.739761449999946, "ALTITUD": 2617.85, "IMAGEN_1": "C003_IMG_20240911_075936.jpg", "IMAGEN_2": "C003_IMG_20240911_075947.jpg", "IMAGEN_3": "C003_IMG_20240911_075954.jpg", "ID": "CCA-67", "ENTREGA": "E18_R4", "CREC_SUBIT": "NO", "DIR_TUB": "N/A" }, "geometry": { "type": "Point", "coordinates": [ -73.739761449999946, 5.768577133000065, 2617.850000000005821 ] } },
{ "type": "Feature", "properties": { "FECHA": "11/09/2024 00:00:00 (UTC)", "DEPTO": "BOYACÁ", "MPIO": "SABOYÁ", "VEREDA": "LAJITA", "GASODUCTO": "CENTRO - ORIENTE", "TRM_RML": "Puente Guillermo - Sucre Oriental", "TP_PK": "(Inicio)", "PK": "008+452", "TP_DUCTO": "Troncal", "DISTRITO": "3", "DIAMETRO": "20", "TRM_REG": "LA BELLEZA - COGUA", "ZONA": "3", "SENAL_EX": "SI", "FORMA_ACCE": "DDV", "TP_ACCESO": "Vía destapada", "EST_ACCESO": "Bueno", "TP_SECCION": "CRUCE DE CUERPO DE AGUA", "NOM_AGUA": "Caño NN", "ANCHO_AGUA": 2.0, "TP_AGUA": "Otro", "UBIC_CRUCE": "Montaña", "CM_TORRENC": "NO", "CANALIZADO": "NO", "ALTERACION": "NO", "ZONA_INUND": "NO", "FORM_CAUCE": "Semirecto", "ESTABILID": "Estable", "TP_MARGEN": "N.A.", "TP_SOPORTE": "(Marcos H)", "LUZ_SOPORT": 10.0, "EST_SOPORT": "Bueno", "EXIST_CABL": "N.A.", "EST_CABLE": "Bueno", "MACIZO_ANC": "NO", "EST_MACIZO": "Bueno", "ZONA_TRANS": "Inestable, ya que se observa una excavación abierta sin canalizar.", "TP_REVEST": "OTRO", "AREA_REVES": 0.0, "EST_REVEST": "Bueno", "DEFECT_REV": "N.A.", "DSC_EST_TB": "Bueno", "DEFECT_TUB": "N.A.", "EVENTO_GEO": "Si", "OBSERVACIO": "Se observa, tuberia expuesta antes de iniciar y al finalizar el cruce, el cual se dejo una excavación abierta saturando el terreno sobre este tramo.", "EXISTENTE": "SI", "PROFUNDIDA": 0.0, "LATITUD": 5.7709244640000747, "LONGITUD": -73.73843070099997, "ALTITUD": 2589.75, "IMAGEN_1": "C003_IMG_20240911_082328.jpg", "IMAGEN_2": "C003_IMG_20240911_082337.jpg", "IMAGEN_3": "C003_IMG_20240911_082347.jpg", "ID": "CCA-68", "ENTREGA": "E18_R4", "CREC_SUBIT": "NO", "DIR_TUB": "(PERPENDICULAR)" }, "geometry": { "type": "Point", "coordinates": [ -73.73843070099997, 5.770924464000075, 2589.75 ] } },
{ "type": "Feature", "properties": { "FECHA": "18/09/2024 00:00:00 (UTC)", "DEPTO": "CASANARE", "MPIO": "MONTERREY", "VEREDA": "PORVENIR", "GASODUCTO": "PORVENIR - LA BELLEZA", "TRM_RML": "Cusiana - Miraflores", "TP_PK": "Fin", "PK": "031+353", "TP_DUCTO": "Loop", "DISTRITO": "4", "DIAMETRO": "20", "TRM_REG": "CUSIANA - EL PORVENIR", "ZONA": "3", "SENAL_EX": "NO", "FORMA_ACCE": "DDV", "TP_ACCESO": "Vía destapada", "EST_ACCESO": "Bueno", "TP_SECCION": "CRUCE DE PROCESO MORFODINAMICO", "NOM_AGUA": "N.A.", "ANCHO_AGUA": 0.0, "TP_AGUA": "N.A.", "UBIC_CRUCE": "Montaña", "CM_TORRENC": "NO", "CANALIZADO": "NO", "ALTERACION": "NO", "ZONA_INUND": "NO", "FORM_CAUCE": "N.A.", "ESTABILID": "Estable", "TP_MARGEN": "N.A.", "TP_SOPORTE": "Marcos H", "LUZ_SOPORT": 10.0, "EST_SOPORT": "Bueno", "EXIST_CABL": "N.A.", "EST_CABLE": "Bueno", "MACIZO_ANC": "NO", "EST_MACIZO": "Bueno", "ZONA_TRANS": "Se encuentra estable", "TP_REVEST": "FBE", "AREA_REVES": 0.0, "EST_REVEST": "Bueno", "DEFECT_REV": "N.A.", "DSC_EST_TB": "Bueno", "DEFECT_TUB": "N.A.", "EVENTO_GEO": "No", "OBSERVACIO": "Se observa un cruce aéreo donde en sus zonas de transicion tiene marcos H y en la luz central silletas sobre una cercha metalica apoyada en dados de concreto.", "EXISTENTE": "SI", "PROFUNDIDA": 0.0, "LATITUD": 4.920634605000032, "LONGITUD": -72.916264884999975, "ALTITUD": 952.5, "IMAGEN_1": "C001_IMG_20240918_083229.jpg", "IMAGEN_2": "C001_IMG_20240918_083246.jpg", "IMAGEN_3": "C001_IMG_20240918_083251.jpg", "ID": "CCA-357", "ENTREGA": "E51_R3", "CREC_SUBIT": "N/A", "DIR_TUB": "N/A" }, "geometry": { "type": "Point", "coordinates": [ -72.916264884999975, 4.920634605000032, 952.5 ] } },
{ "type": "Feature", "properties": { "FECHA": "18/09/2024 00:00:00 (UTC)", "DEPTO": "CASANARE", "MPIO": "MONTERREY", "VEREDA": "PORVENIR", "GASODUCTO": "PORVENIR - LA BELLEZA", "TRM_RML": "Cusiana - Miraflores", "TP_PK": "Inicio", "PK": "031+255", "TP_DUCTO": "Loop", "DISTRITO": "4", "DIAMETRO": "20", "TRM_REG": "CUSIANA - EL PORVENIR", "ZONA": "3", "SENAL_EX": "NO", "FORMA_ACCE": "DDV", "TP_ACCESO": "Vía destapada", "EST_ACCESO": "Bueno", "TP_SECCION": "CRUCE DE PROCESO MORFODINAMICO", "NOM_AGUA": "N.A.", "ANCHO_AGUA": 0.0, "TP_AGUA": "N.A.", "UBIC_CRUCE": "Montaña", "CM_TORRENC": "NO", "CANALIZADO": "NO", "ALTERACION": "NO", "ZONA_INUND": "NO", "FORM_CAUCE": "N.A.", "ESTABILID": "Estable", "TP_MARGEN": "N.A.", "TP_SOPORTE": "Marcos H", "LUZ_SOPORT": 10.0, "EST_SOPORT": "Bueno", "EXIST_CABL": "N.A.", "EST_CABLE": "Bueno", "MACIZO_ANC": "NO", "EST_MACIZO": "Bueno", "ZONA_TRANS": "Se encuentra estable", "TP_REVEST": "FBE", "AREA_REVES": 0.0, "EST_REVEST": "Bueno", "DEFECT_REV": "N.A.", "DSC_EST_TB": "Bueno", "DEFECT_TUB": "N.A.", "EVENTO_GEO": "No", "OBSERVACIO": "Se observa un cruce aéreo donde en sus zonas de transicion tiene marcos H y en la luz central silletas sobre una cercha metalica apoyada en dados de concreto.", "EXISTENTE": "SI", "PROFUNDIDA": 0.0, "LATITUD": 4.9204596870000614, "LONGITUD": -72.915538105999985, "ALTITUD": 936.95, "IMAGEN_1": "C001_IMG_20240918_084242.jpg", "IMAGEN_2": "C001_IMG_20240918_084246.jpg", "IMAGEN_3": "C001_IMG_20240918_084250.jpg", "ID": "CCA-358", "ENTREGA": "E51_R3", "CREC_SUBIT": "N/A", "DIR_TUB": "N/A" }, "geometry": { "type": "Point", "coordinates": [ -72.915538105999985, 4.920459687000061, 936.94999999999709 ] } },
{ "type": "Feature", "properties": { "FECHA": "20/09/2024 00:00:00 (UTC)", "DEPTO": "BOYACÁ", "MPIO": "PÁEZ", "VEREDA": "MINCHO", "GASODUCTO": "PORVENIR - LA BELLEZA", "TRM_RML": "Cusiana - Miraflores", "TP_PK": "Inicio", "PK": "071+693", "TP_DUCTO": "Loop", "DISTRITO": "5", "DIAMETRO": "20", "TRM_REG": "EL PORVENIR - LA BELLEZA", "ZONA": "3", "SENAL_EX": "SI", "FORMA_ACCE": "DDV", "TP_ACCESO": "Sendero a pie", "EST_ACCESO": "Bueno", "TP_SECCION": "CRUCE DE CUERPO DE AGUA", "NOM_AGUA": "Río Lengupa", "ANCHO_AGUA": 31.0, "TP_AGUA": "Principal", "UBIC_CRUCE": "Montaña", "CM_TORRENC": "SI", "CANALIZADO": "NO", "ALTERACION": "NO", "ZONA_INUND": "NO", "FORM_CAUCE": "Semirecto", "ESTABILID": "Estable", "TP_MARGEN": "Izquierdo", "TP_SOPORTE": "Puente colgante", "LUZ_SOPORT": 137.0, "EST_SOPORT": "Bueno", "EXIST_CABL": "SI", "EST_CABLE": "Bueno", "MACIZO_ANC": "SI", "EST_MACIZO": "Bueno", "ZONA_TRANS": "Se encuentra estable", "TP_REVEST": "OTRO", "AREA_REVES": 69.596, "EST_REVEST": "Bueno", "DEFECT_REV": "N.A.", "DSC_EST_TB": "Regular", "DEFECT_TUB": "Corrosión Generalizada", "EVENTO_GEO": "No", "OBSERVACIO": "Tuberia aérea la cual presenta corrosión generalizada.Se recomienda una nueva aplicación de pintura anticorrosiva incluyendo sandblasting.", "EXISTENTE": "SI", "PROFUNDIDA": 0.0, "LATITUD": 5.1133742670000402, "LONGITUD": -73.070805322999945, "ALTITUD": 883.2, "IMAGEN_1": "C004_IMG_20240920_114918.jpg", "IMAGEN_2": "C004_IMG_20240920_114922.jpg", "IMAGEN_3": "C004_IMG_20240920_114925.jpg", "ID": "CCA-373", "ENTREGA": "E53_R3", "CREC_SUBIT": "SI", "DIR_TUB": "(PERPENDICULAR)" }, "geometry": { "type": "Point", "coordinates": [ -73.070805322999945, 5.11337426700004, 883.19999999999709 ] } },
{ "type": "Feature", "properties": { "FECHA": "22/09/2024 00:00:00 (UTC)", "DEPTO": "BOYACÁ", "MPIO": "PÁEZ", "VEREDA": "YAMUNTA", "GASODUCTO": "PORVENIR - LA BELLEZA", "TRM_RML": "Cusiana - Miraflores", "TP_PK": "Fin", "PK": "071+879", "TP_DUCTO": "Loop", "DISTRITO": "5", "DIAMETRO": "20", "TRM_REG": "EL PORVENIR - LA BELLEZA", "ZONA": "3", "SENAL_EX": "SI", "FORMA_ACCE": "DDV", "TP_ACCESO": "Sendero a pie", "EST_ACCESO": "Bueno", "TP_SECCION": "CRUCE DE CUERPO DE AGUA", "NOM_AGUA": "Río Lengupa", "ANCHO_AGUA": 31.0, "TP_AGUA": "Principal", "UBIC_CRUCE": "Montaña", "CM_TORRENC": "SI", "CANALIZADO": "NO", "ALTERACION": "NO", "ZONA_INUND": "NO", "FORM_CAUCE": "Semirecto", "ESTABILID": "Estable", "TP_MARGEN": "Derecho", "TP_SOPORTE": "Puente colgante", "LUZ_SOPORT": 137.0, "EST_SOPORT": "Bueno", "EXIST_CABL": "SI", "EST_CABLE": "Bueno", "MACIZO_ANC": "SI", "EST_MACIZO": "Bueno", "ZONA_TRANS": "Se encuentra estable", "TP_REVEST": "OTRO", "AREA_REVES": 69.596, "EST_REVEST": "Bueno", "DEFECT_REV": "N.A.", "DSC_EST_TB": "Regular", "DEFECT_TUB": "Corrosión Generalizada", "EVENTO_GEO": "No", "OBSERVACIO": "Tuberia aérea la cual presenta corrosión generalizada.Se recomienda una nueva aplicación de pintura anticorrosiva incluyendo sandblasting.", "EXISTENTE": "SI", "PROFUNDIDA": 0.0, "LATITUD": 5.1135012320000328, "LONGITUD": -73.07241838799996, "ALTITUD": 906.73330000000715, "IMAGEN_1": "C004_IMG_20240922_093213.jpg", "IMAGEN_2": "C004_IMG_20240922_093219.jpg", "IMAGEN_3": "C004_IMG_20240922_093222.jpg", "ID": "CCA-374", "ENTREGA": "E53_R3", "CREC_SUBIT": "SI", "DIR_TUB": "(PERPENDICULAR)" }, "geometry": { "type": "Point", "coordinates": [ -73.07241838799996, 5.113501232000033, 906.733300000007148 ] } },
{ "type": "Feature", "properties": { "FECHA": "19/09/2024 00:00:00 (UTC)", "DEPTO": "BOYACÁ", "MPIO": "PÁEZ", "VEREDA": "MOCHILERO", "GASODUCTO": "PORVENIR - LA BELLEZA", "TRM_RML": "Cusiana - Miraflores", "TP_PK": "Fin", "PK": "065+541", "TP_DUCTO": "Loop", "DISTRITO": "5", "DIAMETRO": "20", "TRM_REG": "EL PORVENIR - LA BELLEZA", "ZONA": "3", "SENAL_EX": "NO", "FORMA_ACCE": "DDV", "TP_ACCESO": "Vía destapada", "EST_ACCESO": "Malo", "TP_SECCION": "CRUCE DE CUERPO DE AGUA", "NOM_AGUA": "Quebrada Mochilero", "ANCHO_AGUA": 15.0, "TP_AGUA": "Secundaria", "UBIC_CRUCE": "Montaña", "CM_TORRENC": "SI", "CANALIZADO": "NO", "ALTERACION": "NO", "ZONA_INUND": "NO", "FORM_CAUCE": "Semirecto", "ESTABILID": "Estable", "TP_MARGEN": "Derecho", "TP_SOPORTE": "Marcos H con cables", "LUZ_SOPORT": 25.0, "EST_SOPORT": "Bueno", "EXIST_CABL": "SI", "EST_CABLE": "Bueno", "MACIZO_ANC": "SI", "EST_MACIZO": "Bueno", "ZONA_TRANS": "Se encuentra estable", "TP_REVEST": "OTRO", "AREA_REVES": 12.7, "EST_REVEST": "Regular", "DEFECT_REV": "Desprendimiento", "DSC_EST_TB": "Regular", "DEFECT_TUB": "Corrosión Generalizada", "EVENTO_GEO": "No", "OBSERVACIO": "Tuberia aérea la cual presenta corrosión generalizada.Se recomienda una nueva aplicación de pintura anticorrosiva incluyendo sandblasting.", "EXISTENTE": "SI", "PROFUNDIDA": 0.0, "LATITUD": 5.0937953900000252, "LONGITUD": -73.029748673999961, "ALTITUD": 722.0667, "IMAGEN_1": "C004_IMG_20240919_114055.jpg", "IMAGEN_2": "C004_IMG_20240919_114100.jpg", "IMAGEN_3": "C004_IMG_20240919_114103.jpg", "ID": "CCA-375", "ENTREGA": "E53_R3", "CREC_SUBIT": "SI", "DIR_TUB": "(INCLINADO)" }, "geometry": { "type": "Point", "coordinates": [ -73.029748673999961, 5.093795390000025, 722.066699999995762 ] } },
{ "type": "Feature", "properties": { "FECHA": "18/09/2024 00:00:00 (UTC)", "DEPTO": "BOYACÁ", "MPIO": "PÁEZ", "VEREDA": "MOCHILERO", "GASODUCTO": "PORVENIR - LA BELLEZA", "TRM_RML": "Cusiana - Miraflores", "TP_PK": "Inicio", "PK": "065+510", "TP_DUCTO": "Loop", "DISTRITO": "5", "DIAMETRO": "20", "TRM_REG": "EL PORVENIR - LA BELLEZA", "ZONA": "3", "SENAL_EX": "NO", "FORMA_ACCE": "DDV", "TP_ACCESO": "Vía destapada", "EST_ACCESO": "Malo", "TP_SECCION": "CRUCE DE CUERPO DE AGUA", "NOM_AGUA": "Quebrada Mochilero", "ANCHO_AGUA": 15.0, "TP_AGUA": "Secundaria", "UBIC_CRUCE": "Montaña", "CM_TORRENC": "SI", "CANALIZADO": "NO", "ALTERACION": "NO", "ZONA_INUND": "NO", "FORM_CAUCE": "Semirecto", "ESTABILID": "Estable", "TP_MARGEN": "Izquierdo", "TP_SOPORTE": "Marcos H con cables", "LUZ_SOPORT": 25.0, "EST_SOPORT": "Bueno", "EXIST_CABL": "SI", "EST_CABLE": "Bueno", "MACIZO_ANC": "SI", "EST_MACIZO": "Bueno", "ZONA_TRANS": "Se encuentra estable", "TP_REVEST": "OTRO", "AREA_REVES": 12.7, "EST_REVEST": "Regular", "DEFECT_REV": "Desprendimiento", "DSC_EST_TB": "Regular", "DEFECT_TUB": "Corrosión Generalizada", "EVENTO_GEO": "No", "OBSERVACIO": "Tuberia aérea la cual presenta corrosión generalizada.Se recomienda una nueva aplicación de pintura anticorrosiva incluyendo sandblasting.", "EXISTENTE": "SI", "PROFUNDIDA": 0.0, "LATITUD": 5.094071925000037, "LONGITUD": -73.029717836999964, "ALTITUD": 722.1333, "IMAGEN_1": "C004_IMG_20240918_110845.jpg", "IMAGEN_2": "C004_IMG_20240918_110850.jpg", "IMAGEN_3": "C004_IMG_20240918_110853.jpg", "ID": "CCA-376", "ENTREGA": "E53_R3", "CREC_SUBIT": "SI", "DIR_TUB": "(INCLINADO)" }, "geometry": { "type": "Point", "coordinates": [ -73.029717836999964, 5.094071925000037, 722.133300000001327 ] } },
{ "type": "Feature", "properties": { "FECHA": "18/09/2024 00:00:00 (UTC)", "DEPTO": "BOYACÁ", "MPIO": "PÁEZ", "VEREDA": "CALIFORNIA", "GASODUCTO": "PORVENIR - LA BELLEZA", "TRM_RML": "Cusiana - Miraflores", "TP_PK": "Inicio", "PK": "065+235", "TP_DUCTO": "Loop", "DISTRITO": "5", "DIAMETRO": "20", "TRM_REG": "EL PORVENIR - LA BELLEZA", "ZONA": "3", "SENAL_EX": "SI", "FORMA_ACCE": "DDV", "TP_ACCESO": "Vía destapada", "EST_ACCESO": "Malo", "TP_SECCION": "CRUCE DE CUERPO DE AGUA", "NOM_AGUA": "Rio Upía", "ANCHO_AGUA": 45.0, "TP_AGUA": "Principal", "UBIC_CRUCE": "Montaña", "CM_TORRENC": "SI", "CANALIZADO": "NO", "ALTERACION": "NO", "ZONA_INUND": "NO", "FORM_CAUCE": "Semirecto", "ESTABILID": "Estable", "TP_MARGEN": "Izquierdo", "TP_SOPORTE": "Marcos H con cables", "LUZ_SOPORT": 80.0, "EST_SOPORT": "Bueno", "EXIST_CABL": "SI", "EST_CABLE": "Bueno", "MACIZO_ANC": "SI", "EST_MACIZO": "Bueno", "ZONA_TRANS": "Se encuentra estable", "TP_REVEST": "OTRO", "AREA_REVES": 40.64, "EST_REVEST": "Regular", "DEFECT_REV": "Desprendimiento", "DSC_EST_TB": "Regular", "DEFECT_TUB": "Corrosión Generalizada", "EVENTO_GEO": "No", "OBSERVACIO": "Tuberia aérea la cual presenta corrosión generalizada.Se recomienda una nueva aplicación de pintura anticorrosiva incluyendo sandblasting.", "EXISTENTE": "SI", "PROFUNDIDA": 0.0, "LATITUD": 5.0958591290000754, "LONGITUD": -73.028645119999965, "ALTITUD": 758.4667, "IMAGEN_1": "C004_IMG_20240918_103212.jpg", "IMAGEN_2": "C004_IMG_20240918_103231.jpg", "IMAGEN_3": "C004_IMG_20240918_103234.jpg", "ID": "CCA-377", "ENTREGA": "E53_R3", "CREC_SUBIT": "SI", "DIR_TUB": "PERPENDICULAR" }, "geometry": { "type": "Point", "coordinates": [ -73.028645119999965, 5.095859129000075, 758.466700000004494 ] } },
{ "type": "Feature", "properties": { "FECHA": "18/09/2024 00:00:00 (UTC)", "DEPTO": "BOYACÁ", "MPIO": "PÁEZ", "VEREDA": "MOCHILERO", "GASODUCTO": "PORVENIR - LA BELLEZA", "TRM_RML": "Cusiana - Miraflores", "TP_PK": "Fin", "PK": "065+322", "TP_DUCTO": "Loop", "DISTRITO": "5", "DIAMETRO": "20", "TRM_REG": "EL PORVENIR - LA BELLEZA", "ZONA": "3", "SENAL_EX": "SI", "FORMA_ACCE": "DDV", "TP_ACCESO": "Vía destapada", "EST_ACCESO": "Malo", "TP_SECCION": "CRUCE DE CUERPO DE AGUA", "NOM_AGUA": "Rio Upía", "ANCHO_AGUA": 45.0, "TP_AGUA": "Principal", "UBIC_CRUCE": "Montaña", "CM_TORRENC": "SI", "CANALIZADO": "NO", "ALTERACION": "NO", "ZONA_INUND": "NO", "FORM_CAUCE": "Semirecto", "ESTABILID": "Estable", "TP_MARGEN": "Derecho", "TP_SOPORTE": "Marcos H con cables", "LUZ_SOPORT": 80.0, "EST_SOPORT": "Bueno", "EXIST_CABL": "SI", "EST_CABLE": "Bueno", "MACIZO_ANC": "SI", "EST_MACIZO": "Bueno", "ZONA_TRANS": "Se encuentra estable", "TP_REVEST": "OTRO", "AREA_REVES": 40.64, "EST_REVEST": "Regular", "DEFECT_REV": "Desprendimiento", "DSC_EST_TB": "Regular", "DEFECT_TUB": "Corrosión Generalizada", "EVENTO_GEO": "No", "OBSERVACIO": "Tuberia aérea la cual presenta corrosión generalizada.Se recomienda una nueva aplicación de pintura anticorrosiva incluyendo sandblasting.", "EXISTENTE": "SI", "PROFUNDIDA": 0.0, "LATITUD": 5.0956725380000307, "LONGITUD": -73.029407283999944, "ALTITUD": 752.39999999999418, "IMAGEN_1": "C004_IMG_20240918_105923.jpg", "IMAGEN_2": "C004_IMG_20240918_105927.jpg", "IMAGEN_3": "C004_IMG_20240918_105931.jpg", "ID": "CCA-378", "ENTREGA": "E53_R3", "CREC_SUBIT": "SI", "DIR_TUB": "(INCLINADO)" }, "geometry": { "type": "Point", "coordinates": [ -73.029407283999944, 5.095672538000031, 752.399999999994179 ] } },
{ "type": "Feature", "properties": { "FECHA": "21/09/2024 00:00:00 (UTC)", "DEPTO": "BOYACÁ", "MPIO": "PÁEZ", "VEREDA": "YAMUNTA", "GASODUCTO": "PORVENIR - LA BELLEZA", "TRM_RML": "Cusiana - Miraflores", "TP_PK": "Inicio", "PK": "073+669", "TP_DUCTO": "Loop", "DISTRITO": "5", "DIAMETRO": "20", "TRM_REG": "EL PORVENIR - LA BELLEZA", "ZONA": "3", "SENAL_EX": "NO", "FORMA_ACCE": "DDV", "TP_ACCESO": "Vía destapada", "EST_ACCESO": "Bueno", "TP_SECCION": "CRUCE DE CUERPO DE AGUA", "NOM_AGUA": "Quebrada La Palmera", "ANCHO_AGUA": 6.0, "TP_AGUA": "Otro", "UBIC_CRUCE": "Montaña", "CM_TORRENC": "NO", "CANALIZADO": "NO", "ALTERACION": "NO", "ZONA_INUND": "NO", "FORM_CAUCE": "Semirecto", "ESTABILID": "Estable", "TP_MARGEN": "Izquierdo", "TP_SOPORTE": "Puente colgante", "LUZ_SOPORT": 210.0, "EST_SOPORT": "Bueno", "EXIST_CABL": "SI", "EST_CABLE": "Bueno", "MACIZO_ANC": "SI", "EST_MACIZO": "Bueno", "ZONA_TRANS": "La longitud de la zona de transición es de 2m.", "TP_REVEST": "OTRO", "AREA_REVES": 0.0, "EST_REVEST": "Bueno", "DEFECT_REV": "N.A.", "DSC_EST_TB": "Bueno", "DEFECT_TUB": "N.A.", "EVENTO_GEO": "Si", "OBSERVACIO": "Tuberia aérea con pintura de poliuretano de altos sólidos (tipo poliuretano alifático)", "EXISTENTE": "SI", "PROFUNDIDA": 0.0, "LATITUD": 5.1223688720000382, "LONGITUD": -73.08329699899997, "ALTITUD": 1270.8571, "IMAGEN_1": "C004_IMG_20240921_100557.jpg", "IMAGEN_2": "C004_IMG_20240921_100603.jpg", "IMAGEN_3": "C004_IMG_20240921_100606.jpg", "ID": "CCA-379", "ENTREGA": "E53_R3", "CREC_SUBIT": "NO", "DIR_TUB": "(INCLINADO)" }, "geometry": { "type": "Point", "coordinates": [ -73.08329699899997, 5.122368872000038, 1270.857099999993807 ] } },
{ "type": "Feature", "properties": { "FECHA": "21/09/2024 00:00:00 (UTC)", "DEPTO": "BOYACÁ", "MPIO": "PÁEZ", "VEREDA": "YAMUNTA", "GASODUCTO": "PORVENIR - LA BELLEZA", "TRM_RML": "Cusiana - Miraflores", "TP_PK": "Fin", "PK": "073+892", "TP_DUCTO": "Loop", "DISTRITO": "5", "DIAMETRO": "20", "TRM_REG": "EL PORVENIR - LA BELLEZA", "ZONA": "3", "SENAL_EX": "NO", "FORMA_ACCE": "DDV", "TP_ACCESO": "Vía destapada", "EST_ACCESO": "Bueno", "TP_SECCION": "CRUCE DE CUERPO DE AGUA", "NOM_AGUA": "Quebrada La Palmera", "ANCHO_AGUA": 6.0, "TP_AGUA": "Otro", "UBIC_CRUCE": "Montaña", "CM_TORRENC": "NO", "CANALIZADO": "NO", "ALTERACION": "NO", "ZONA_INUND": "NO", "FORM_CAUCE": "Semirecto", "ESTABILID": "Estable", "TP_MARGEN": "Derecho", "TP_SOPORTE": "Puente colgante", "LUZ_SOPORT": 210.0, "EST_SOPORT": "Bueno", "EXIST_CABL": "SI", "EST_CABLE": "Bueno", "MACIZO_ANC": "SI", "EST_MACIZO": "Bueno", "ZONA_TRANS": "La longitud de la zona de transición es de 2m.", "TP_REVEST": "OTRO", "AREA_REVES": 0.0, "EST_REVEST": "Bueno", "DEFECT_REV": "N.A.", "DSC_EST_TB": "Bueno", "DEFECT_TUB": "N.A.", "EVENTO_GEO": "Si", "OBSERVACIO": "Tuberia aérea con pintura de poliuretano de altos sólidos (tipo poliuretano alifático)", "EXISTENTE": "SI", "PROFUNDIDA": 0.0, "LATITUD": 5.1218500500000346, "LONGITUD": -73.085192134999943, "ALTITUD": 1279.7, "IMAGEN_1": "C004_IMG_20240921_093417.jpg", "IMAGEN_2": "C004_IMG_20240921_093423.jpg", "IMAGEN_3": "C004_IMG_20240921_093427.jpg", "ID": "CCA-380", "ENTREGA": "E53_R3", "CREC_SUBIT": "NO", "DIR_TUB": "(INCLINADO)" }, "geometry": { "type": "Point", "coordinates": [ -73.085192134999943, 5.121850050000035, 1279.69999999999709 ] } },
{ "type": "Feature", "properties": { "FECHA": "22/09/2024 00:00:00 (UTC)", "DEPTO": "BOYACÁ", "MPIO": "MIRAFLORES", "VEREDA": "CHAPASIA", "GASODUCTO": "PORVENIR - LA BELLEZA", "TRM_RML": "Cusiana - Miraflores", "TP_PK": "Fin", "PK": "080+093", "TP_DUCTO": "Loop", "DISTRITO": "5", "DIAMETRO": "20", "TRM_REG": "EL PORVENIR - LA BELLEZA", "ZONA": "3", "SENAL_EX": "NO", "FORMA_ACCE": "DDV", "TP_ACCESO": "Vía destapada", "EST_ACCESO": "Malo", "TP_SECCION": "CRUCE DE CUERPO DE AGUA", "NOM_AGUA": "Quebrada Sucia", "ANCHO_AGUA": 20.0, "TP_AGUA": "Secundaria", "UBIC_CRUCE": "Montaña", "CM_TORRENC": "NO", "CANALIZADO": "NO", "ALTERACION": "NO", "ZONA_INUND": "NO", "FORM_CAUCE": "Semirecto", "ESTABILID": "Estable", "TP_MARGEN": "Izquierdo", "TP_SOPORTE": "Marcos H con cables", "LUZ_SOPORT": 36.0, "EST_SOPORT": "Bueno", "EXIST_CABL": "SI", "EST_CABLE": "Malo", "MACIZO_ANC": "SI", "EST_MACIZO": "Bueno", "ZONA_TRANS": "La longitud de la zona de transición es de 14m.", "TP_REVEST": "OTRO", "AREA_REVES": 18.288, "EST_REVEST": "Bueno", "DEFECT_REV": "N.A.", "DSC_EST_TB": "Regular", "DEFECT_TUB": "Corrosión Generalizada", "EVENTO_GEO": "No", "OBSERVACIO": "Tuberia aérea la cual presenta corrosión generalizada.Se recomienda una nueva aplicación de pintura anticorrosiva incluyendo sandblasting.El cable de uno de los soportes se encuentra averiado.", "EXISTENTE": "SI", "PROFUNDIDA": 0.0, "LATITUD": 5.1606028320000519, "LONGITUD": -73.106615017999957, "ALTITUD": 1138.3, "IMAGEN_1": "C003_IMG_20240922_113901.jpg", "IMAGEN_2": "C003_IMG_20240922_113905.jpg", "IMAGEN_3": "C003_IMG_20240922_113909.jpg", "ID": "CCA-381", "ENTREGA": "E53_R3", "CREC_SUBIT": "SI", "DIR_TUB": "PERPENDICULAR" }, "geometry": { "type": "Point", "coordinates": [ -73.106615017999957, 5.160602832000052, 1138.30000000000291 ] } },
{ "type": "Feature", "properties": { "FECHA": "22/09/2024 00:00:00 (UTC)", "DEPTO": "BOYACÁ", "MPIO": "MIRAFLORES", "VEREDA": "MORRO ABAJO", "GASODUCTO": "PORVENIR - LA BELLEZA", "TRM_RML": "Cusiana - Miraflores", "TP_PK": "Inicio", "PK": "080+033", "TP_DUCTO": "Loop", "DISTRITO": "5", "DIAMETRO": "20", "TRM_REG": "EL PORVENIR - LA BELLEZA", "ZONA": "3", "SENAL_EX": "NO", "FORMA_ACCE": "DDV", "TP_ACCESO": "Vía destapada", "EST_ACCESO": "Malo", "TP_SECCION": "CRUCE DE CUERPO DE AGUA", "NOM_AGUA": "Quebrada Sucia", "ANCHO_AGUA": 20.0, "TP_AGUA": "Secundaria", "UBIC_CRUCE": "Montaña", "CM_TORRENC": "NO", "CANALIZADO": "NO", "ALTERACION": "NO", "ZONA_INUND": "NO", "FORM_CAUCE": "Semirecto", "ESTABILID": "Estable", "TP_MARGEN": "Derecho", "TP_SOPORTE": "Marcos H con cables", "LUZ_SOPORT": 36.0, "EST_SOPORT": "Bueno", "EXIST_CABL": "SI", "EST_CABLE": "Malo", "MACIZO_ANC": "SI", "EST_MACIZO": "Bueno", "ZONA_TRANS": "La longitud de la zona de transición es de 14m.", "TP_REVEST": "OTRO", "AREA_REVES": 18.288, "EST_REVEST": "Bueno", "DEFECT_REV": "N.A.", "DSC_EST_TB": "Regular", "DEFECT_TUB": "Corrosión Generalizada", "EVENTO_GEO": "No", "OBSERVACIO": "Tuberia aérea la cual presenta corrosión generalizada. El cable de uno de los soportes se encuentra averiado. ", "EXISTENTE": "SI", "PROFUNDIDA": 0.0, "LATITUD": 5.1601214340000752, "LONGITUD": -73.106837274999975, "ALTITUD": 1138.3, "IMAGEN_1": "C003_IMG_20240922_114643.jpg", "IMAGEN_2": "C003_IMG_20240922_114710.jpg", "IMAGEN_3": "C003_IMG_20240922_114715.jpg", "ID": "CCA-382", "ENTREGA": "E53_R3", "CREC_SUBIT": "SI", "DIR_TUB": "PERPENDICULAR" }, "geometry": { "type": "Point", "coordinates": [ -73.106837274999975, 5.160121434000075, 1138.30000000000291 ] } },
{ "type": "Feature", "properties": { "FECHA": "26/09/2024 00:00:00 (UTC)", "DEPTO": "BOYACÁ", "MPIO": "RAMIRIQUÍ", "VEREDA": "CHUSCAL", "GASODUCTO": "PORVENIR - LA BELLEZA", "TRM_RML": "Miraflores - Sutamarchan", "TP_PK": "Fin", "PK": "108+439", "TP_DUCTO": "Troncal", "DISTRITO": "5", "DIAMETRO": "20", "TRM_REG": "EL PORVENIR - LA BELLEZA", "ZONA": "3", "SENAL_EX": "SI", "FORMA_ACCE": "DDV", "TP_ACCESO": "Sendero a pie", "EST_ACCESO": "Bueno", "TP_SECCION": "CRUCE DE CUERPO DE AGUA", "NOM_AGUA": "Quebrada Moncacia", "ANCHO_AGUA": 5.0, "TP_AGUA": "Otro", "UBIC_CRUCE": "Montaña", "CM_TORRENC": "NO", "CANALIZADO": "NO", "ALTERACION": "NO", "ZONA_INUND": "NO", "FORM_CAUCE": "Semirecto", "ESTABILID": "Estable", "TP_MARGEN": "Derecho", "TP_SOPORTE": "Marcos H", "LUZ_SOPORT": 20.0, "EST_SOPORT": "Bueno", "EXIST_CABL": "SI", "EST_CABLE": "Bueno", "MACIZO_ANC": "NO", "EST_MACIZO": "Bueno", "ZONA_TRANS": "Buena", "TP_REVEST": "OTRO", "AREA_REVES": 0.0, "EST_REVEST": "Bueno", "DEFECT_REV": "N.A.", "DSC_EST_TB": "Bueno", "DEFECT_TUB": "N.A.", "EVENTO_GEO": "No", "OBSERVACIO": "Se observa cruce aéreo, el cual solo tiene un marco H al inicio y al final esta empotrado en el terreno.", "EXISTENTE": "SI", "PROFUNDIDA": 0.0, "LATITUD": 5.2976671510000415, "LONGITUD": -73.292349981999962, "ALTITUD": 2610.1, "IMAGEN_1": "C004_IMG_20240926_102729.jpg", "IMAGEN_2": "C004_IMG_20240926_102733.jpg", "IMAGEN_3": "C004_IMG_20240926_102736.jpg", "ID": "CCA-383", "ENTREGA": "E54_R3", "CREC_SUBIT": "NO", "DIR_TUB": "PERPENDICULAR" }, "geometry": { "type": "Point", "coordinates": [ -73.292349981999962, 5.297667151000041, 2610.100000000005821 ] } },
{ "type": "Feature", "properties": { "FECHA": "26/09/2024 00:00:00 (UTC)", "DEPTO": "BOYACÁ", "MPIO": "RAMIRIQUÍ", "VEREDA": "CHUSCAL", "GASODUCTO": "PORVENIR - LA BELLEZA", "TRM_RML": "Miraflores - Sutamarchan", "TP_PK": "Inicio", "PK": "108+406", "TP_DUCTO": "Troncal", "DISTRITO": "5", "DIAMETRO": "20", "TRM_REG": "EL PORVENIR - LA BELLEZA", "ZONA": "3", "SENAL_EX": "SI", "FORMA_ACCE": "DDV", "TP_ACCESO": "Sendero a pie", "EST_ACCESO": "Bueno", "TP_SECCION": "CRUCE DE CUERPO DE AGUA", "NOM_AGUA": "Quebrada Moncacia", "ANCHO_AGUA": 5.0, "TP_AGUA": "Otro", "UBIC_CRUCE": "Montaña", "CM_TORRENC": "NO", "CANALIZADO": "NO", "ALTERACION": "NO", "ZONA_INUND": "NO", "FORM_CAUCE": "Semirecto", "ESTABILID": "Estable", "TP_MARGEN": "Izquierdo", "TP_SOPORTE": "Marcos H con cables", "LUZ_SOPORT": 20.0, "EST_SOPORT": "Bueno", "EXIST_CABL": "SI", "EST_CABLE": "Bueno", "MACIZO_ANC": "SI", "EST_MACIZO": "Bueno", "ZONA_TRANS": "Buena", "TP_REVEST": "OTRO", "AREA_REVES": 0.0, "EST_REVEST": "Bueno", "DEFECT_REV": "N.A.", "DSC_EST_TB": "Bueno", "DEFECT_TUB": "N.A.", "EVENTO_GEO": "No", "OBSERVACIO": "Se observa cruce aéreo, el cual solo tiene un marco H al inicio y al final esta empotrado en el terreno.", "EXISTENTE": "SI", "PROFUNDIDA": 0.0, "LATITUD": 5.2975989290000598, "LONGITUD": -73.292070957999954, "ALTITUD": 2608.6, "IMAGEN_1": "C004_IMG_20240926_104118.jpg", "IMAGEN_2": "C004_IMG_20240926_104122.jpg", "IMAGEN_3": "C004_IMG_20240926_104126.jpg", "ID": "CCA-384", "ENTREGA": "E54_R3", "CREC_SUBIT": "NO", "DIR_TUB": "PERPENDICULAR" }, "geometry": { "type": "Point", "coordinates": [ -73.292070957999954, 5.29759892900006, 2608.600000000005821 ] } },
{ "type": "Feature", "properties": { "FECHA": "25/09/2024 00:00:00 (UTC)", "DEPTO": "BOYACÁ", "MPIO": "JENESANO", "VEREDA": "PAECES", "GASODUCTO": "PORVENIR - LA BELLEZA", "TRM_RML": "Miraflores - Sutamarchan", "TP_PK": "Fin", "PK": "125+345", "TP_DUCTO": "Troncal", "DISTRITO": "5", "DIAMETRO": "20", "TRM_REG": "EL PORVENIR - LA BELLEZA", "ZONA": "3", "SENAL_EX": "SI", "FORMA_ACCE": "DDV", "TP_ACCESO": "Sendero a pie", "EST_ACCESO": "Bueno", "TP_SECCION": "CRUCE DE CUERPO DE AGUA", "NOM_AGUA": "Quebrada NN", "ANCHO_AGUA": 3.0, "TP_AGUA": "Otro", "UBIC_CRUCE": "Montaña", "CM_TORRENC": "SI", "CANALIZADO": "NO", "ALTERACION": "NO", "ZONA_INUND": "NO", "FORM_CAUCE": "Semirecto", "ESTABILID": "Estable", "TP_MARGEN": "Izquierdo", "TP_SOPORTE": "Marcos H", "LUZ_SOPORT": 18.0, "EST_SOPORT": "Bueno", "EXIST_CABL": "N.A.", "EST_CABLE": "Bueno", "MACIZO_ANC": "NO", "EST_MACIZO": "Bueno", "ZONA_TRANS": "10", "TP_REVEST": "Poliken", "AREA_REVES": 0.0, "EST_REVEST": "Bueno", "DEFECT_REV": "N.A.", "DSC_EST_TB": "Bueno", "DEFECT_TUB": "N.A.", "EVENTO_GEO": "No", "OBSERVACIO": " ", "EXISTENTE": "SI", "PROFUNDIDA": 0.0, "LATITUD": 5.4003678190000528, "LONGITUD": -73.389604324999937, "ALTITUD": 2520.3889, "IMAGEN_1": "C001_IMG_20240925_103303.jpg", "IMAGEN_2": "C001_IMG_20240925_103307.jpg", "IMAGEN_3": "C001_IMG_20240925_103310.jpg", "ID": "CCA-397", "ENTREGA": "E54_R3", "CREC_SUBIT": "NO", "DIR_TUB": "(PERPENDICULAR)" }, "geometry": { "type": "Point", "coordinates": [ -73.389604324999937, 5.400367819000053, 2520.388900000005378 ] } },
{ "type": "Feature", "properties": { "FECHA": "25/09/2024 00:00:00 (UTC)", "DEPTO": "BOYACÁ", "MPIO": "JENESANO", "VEREDA": "PAECES", "GASODUCTO": "PORVENIR - LA BELLEZA", "TRM_RML": "Miraflores - Sutamarchan", "TP_PK": "Inicio", "PK": "125+325", "TP_DUCTO": "Troncal", "DISTRITO": "5", "DIAMETRO": "20", "TRM_REG": "EL PORVENIR - LA BELLEZA", "ZONA": "3", "SENAL_EX": "SI", "FORMA_ACCE": "DDV", "TP_ACCESO": "Sendero a pie", "EST_ACCESO": "Bueno", "TP_SECCION": "CRUCE DE CUERPO DE AGUA", "NOM_AGUA": "Quebrada NN", "ANCHO_AGUA": 3.0, "TP_AGUA": "Otro", "UBIC_CRUCE": "Montaña", "CM_TORRENC": "SI", "CANALIZADO": "NO", "ALTERACION": "NO", "ZONA_INUND": "NO", "FORM_CAUCE": "Semirecto", "ESTABILID": "Estable", "TP_MARGEN": "Derecho", "TP_SOPORTE": "Marcos H", "LUZ_SOPORT": 18.0, "EST_SOPORT": "Bueno", "EXIST_CABL": "NO", "EST_CABLE": "Bueno", "MACIZO_ANC": "NO", "EST_MACIZO": "Bueno", "ZONA_TRANS": "8", "TP_REVEST": "Poliken", "AREA_REVES": 0.0, "EST_REVEST": "Bueno", "DEFECT_REV": "N.A.", "DSC_EST_TB": "Bueno", "DEFECT_TUB": "N.A.", "EVENTO_GEO": "No", "OBSERVACIO": " ", "EXISTENTE": "SI", "PROFUNDIDA": 0.0, "LATITUD": 5.4002238800000555, "LONGITUD": -73.389502079999943, "ALTITUD": 2533.3778, "IMAGEN_1": "C001_IMG_20240925_104448.jpg", "IMAGEN_2": "C001_IMG_20240925_104451.jpg", "IMAGEN_3": "C001_IMG_20240925_104455.jpg", "ID": "CCA-398", "ENTREGA": "E54_R3", "CREC_SUBIT": "NO", "DIR_TUB": "(PERPENDICULAR)" }, "geometry": { "type": "Point", "coordinates": [ -73.389502079999943, 5.400223880000055, 2533.377800000002026 ] } },
{ "type": "Feature", "properties": { "FECHA": "30/09/2024 00:00:00 (UTC)", "DEPTO": "BOYACÁ", "MPIO": "ZETAQUIRA", "VEREDA": "GUANATA", "GASODUCTO": "PORVENIR - LA BELLEZA", "TRM_RML": "Miraflores - Puente Guillermo", "TP_PK": "Fin", "PK": "100+973", "TP_DUCTO": "Loop", "DISTRITO": "5", "DIAMETRO": "20", "TRM_REG": "EL PORVENIR - LA BELLEZA", "ZONA": "3", "SENAL_EX": "SI", "FORMA_ACCE": "DDV", "TP_ACCESO": "Vía destapada", "EST_ACCESO": "Bueno", "TP_SECCION": "CRUCE DE PROCESO MORFODINAMICO", "NOM_AGUA": "N.A.", "ANCHO_AGUA": 0.0, "TP_AGUA": "N.A.", "UBIC_CRUCE": "Montaña", "CM_TORRENC": "NO", "CANALIZADO": "NO", "ALTERACION": "NO", "ZONA_INUND": "NO", "FORM_CAUCE": "N.A.", "ESTABILID": "N.A.", "TP_MARGEN": "N.A.", "TP_SOPORTE": "Marcos H con cables", "LUZ_SOPORT": 68.0, "EST_SOPORT": "Bueno", "EXIST_CABL": "SI", "EST_CABLE": "Bueno", "MACIZO_ANC": "SI", "EST_MACIZO": "Bueno", "ZONA_TRANS": "En buen estado", "TP_REVEST": "OTRO", "AREA_REVES": 0.0, "EST_REVEST": "Bueno", "DEFECT_REV": "N.A.", "DSC_EST_TB": "Bueno", "DEFECT_TUB": "N.A.", "EVENTO_GEO": "No", "OBSERVACIO": "Tuberia aérea con pintura de poliuretano de altos sólidos (tipo poliuretano alifático)", "EXISTENTE": "SI", "PROFUNDIDA": 0.0, "LATITUD": 5.2567875550000736, "LONGITUD": -73.23928549599998, "ALTITUD": 2337.8, "IMAGEN_1": "C003_IMG_20240930_075202.jpg", "IMAGEN_2": "C003_IMG_20240930_075210.jpg", "IMAGEN_3": "C003_IMG_20240930_075935.jpg", "ID": "CCA-385", "ENTREGA": "E55_R3", "CREC_SUBIT": "NO", "DIR_TUB": "PERPENDICULAR" }, "geometry": { "type": "Point", "coordinates": [ -73.23928549599998, 5.256787555000074, 2337.80000000000291 ] } },
{ "type": "Feature", "properties": { "FECHA": "30/09/2024 00:00:00 (UTC)", "DEPTO": "BOYACÁ", "MPIO": "ZETAQUIRA", "VEREDA": "GUANATA", "GASODUCTO": "PORVENIR - LA BELLEZA", "TRM_RML": "Miraflores - Puente Guillermo", "TP_PK": "Inicio", "PK": "100+852", "TP_DUCTO": "Loop", "DISTRITO": "5", "DIAMETRO": "20", "TRM_REG": "EL PORVENIR - LA BELLEZA", "ZONA": "3", "SENAL_EX": "SI", "FORMA_ACCE": "DDV", "TP_ACCESO": "Vía destapada", "EST_ACCESO": "Bueno", "TP_SECCION": "CRUCE DE PROCESO MORFODINAMICO", "NOM_AGUA": "N.A.", "ANCHO_AGUA": 0.0, "TP_AGUA": "N.A.", "UBIC_CRUCE": "Montaña", "CM_TORRENC": "NO", "CANALIZADO": "NO", "ALTERACION": "NO", "ZONA_INUND": "NO", "FORM_CAUCE": "N.A.", "ESTABILID": "N.A.", "TP_MARGEN": "N.A.", "TP_SOPORTE": "Marcos H con cables", "LUZ_SOPORT": 68.0, "EST_SOPORT": "Bueno", "EXIST_CABL": "SI", "EST_CABLE": "Bueno", "MACIZO_ANC": "SI", "EST_MACIZO": "Bueno", "ZONA_TRANS": "En buen estado", "TP_REVEST": "OTRO", "AREA_REVES": 0.0, "EST_REVEST": "Bueno", "DEFECT_REV": "N.A.", "DSC_EST_TB": "Bueno", "DEFECT_TUB": "N.A.", "EVENTO_GEO": "No", "OBSERVACIO": "Tuberia aérea con pintura de poliuretano de altos sólidos (tipo poliuretano alifático)", "EXISTENTE": "SI", "PROFUNDIDA": 0.0, "LATITUD": 5.2557088010000257, "LONGITUD": -73.239252131999933, "ALTITUD": 2348.5667, "IMAGEN_1": "C003_IMG_20240930_080216.jpg", "IMAGEN_2": "C003_IMG_20240930_080222.jpg", "IMAGEN_3": "C003_IMG_20240930_080226.jpg", "ID": "CCA-386", "ENTREGA": "E55_R3", "CREC_SUBIT": "NO", "DIR_TUB": "PERPENDICULAR" }, "geometry": { "type": "Point", "coordinates": [ -73.239252131999933, 5.255708801000026, 2348.566699999995762 ] } },
{ "type": "Feature", "properties": { "FECHA": "26/09/2024 00:00:00 (UTC)", "DEPTO": "BOYACÁ", "MPIO": "MIRAFLORES", "VEREDA": "RUSITA", "GASODUCTO": "PORVENIR - LA BELLEZA", "TRM_RML": "Miraflores - Puente Guillermo", "TP_PK": "Inicio", "PK": "093+263", "TP_DUCTO": "Loop", "DISTRITO": "5", "DIAMETRO": "20", "TRM_REG": "EL PORVENIR - LA BELLEZA", "ZONA": "3", "SENAL_EX": "SI", "FORMA_ACCE": "DDV", "TP_ACCESO": "Vía destapada", "EST_ACCESO": "Bueno", "TP_SECCION": "CRUCE DE PROCESO MORFODINAMICO", "NOM_AGUA": "N.A.", "ANCHO_AGUA": 0.0, "TP_AGUA": "N.A.", "UBIC_CRUCE": "Montaña", "CM_TORRENC": "NO", "CANALIZADO": "NO", "ALTERACION": "NO", "ZONA_INUND": "NO", "FORM_CAUCE": "N.A.", "ESTABILID": "N.A.", "TP_MARGEN": "N.A.", "TP_SOPORTE": "Marcos H", "LUZ_SOPORT": 10.0, "EST_SOPORT": "Bueno", "EXIST_CABL": "NO", "EST_CABLE": "Bueno", "MACIZO_ANC": "NO", "EST_MACIZO": "Bueno", "ZONA_TRANS": "En buen estado", "TP_REVEST": "OTRO", "AREA_REVES": 0.0, "EST_REVEST": "Bueno", "DEFECT_REV": "N.A.", "DSC_EST_TB": "Bueno", "DEFECT_TUB": "N.A.", "EVENTO_GEO": "Si", "OBSERVACIO": "Tuberia aérea con pintura de poliuretano de altos sólidos (tipo poliuretano alifático)", "EXISTENTE": "SI", "PROFUNDIDA": 0.0, "LATITUD": 5.2038821210000492, "LONGITUD": -73.206851975999939, "ALTITUD": 2531.6333, "IMAGEN_1": "C003_IMG_20240926_085055.jpg", "IMAGEN_2": "C003_IMG_20240926_085059.jpg", "IMAGEN_3": "C003_IMG_20240926_085104.jpg", "ID": "CCA-387", "ENTREGA": "E55_R3", "CREC_SUBIT": "NO", "DIR_TUB": "INCLINADO" }, "geometry": { "type": "Point", "coordinates": [ -73.206851975999939, 5.203882121000049, 2531.633300000001327 ] } },
{ "type": "Feature", "properties": { "FECHA": "28/09/2024 00:00:00 (UTC)", "DEPTO": "BOYACÁ", "MPIO": "MIRAFLORES", "VEREDA": "RUSITA", "GASODUCTO": "PORVENIR - LA BELLEZA", "TRM_RML": "Miraflores - Puente Guillermo", "TP_PK": "Fin", "PK": "093+637", "TP_DUCTO": "Loop", "DISTRITO": "5", "DIAMETRO": "20", "TRM_REG": "EL PORVENIR - LA BELLEZA", "ZONA": "3", "SENAL_EX": "SI", "FORMA_ACCE": "DDV", "TP_ACCESO": "Vía destapada", "EST_ACCESO": "Bueno", "TP_SECCION": "CRUCE DE PROCESO MORFODINAMICO", "NOM_AGUA": "N.A.", "ANCHO_AGUA": 0.0, "TP_AGUA": "N.A.", "UBIC_CRUCE": "Montaña", "CM_TORRENC": "NO", "CANALIZADO": "NO", "ALTERACION": "NO", "ZONA_INUND": "NO", "FORM_CAUCE": "N.A.", "ESTABILID": "N.A.", "TP_MARGEN": "N.A.", "TP_SOPORTE": "Marcos H", "LUZ_SOPORT": 10.0, "EST_SOPORT": "Bueno", "EXIST_CABL": "NO", "EST_CABLE": "Bueno", "MACIZO_ANC": "NO", "EST_MACIZO": "Bueno", "ZONA_TRANS": "En buen estado", "TP_REVEST": "OTRO", "AREA_REVES": 0.0, "EST_REVEST": "Bueno", "DEFECT_REV": "N.A.", "DSC_EST_TB": "Bueno", "DEFECT_TUB": "N.A.", "EVENTO_GEO": "Si", "OBSERVACIO": "Tuberia aérea con pintura de poliuretano de altos sólidos (tipo poliuretano alifático)", "EXISTENTE": "SI", "PROFUNDIDA": 0.0, "LATITUD": 5.2070778110000333, "LONGITUD": -73.206428862999985, "ALTITUD": 2575.4333, "IMAGEN_1": "C003_IMG_20240928_085335.jpg", "IMAGEN_2": "C003_IMG_20240928_085339.jpg", "IMAGEN_3": "C003_IMG_20240928_085343.jpg", "ID": "CCA-388", "ENTREGA": "E55_R3", "CREC_SUBIT": "NO", "DIR_TUB": "INCLINADO" }, "geometry": { "type": "Point", "coordinates": [ -73.206428862999985, 5.207077811000033, 2575.433300000004238 ] } },
{ "type": "Feature", "properties": { "FECHA": "1/10/2024 00:00:00 (UTC)", "DEPTO": "BOYACÁ", "MPIO": "ZETAQUIRA", "VEREDA": "GUANATA", "GASODUCTO": "PORVENIR - LA BELLEZA", "TRM_RML": "Miraflores - Puente Guillermo", "TP_PK": "Inicio", "PK": "103+166", "TP_DUCTO": "Loop", "DISTRITO": "5", "DIAMETRO": "20", "TRM_REG": "EL PORVENIR - LA BELLEZA", "ZONA": "3", "SENAL_EX": "SI", "FORMA_ACCE": "DDV", "TP_ACCESO": "Vía destapada", "EST_ACCESO": "Malo", "TP_SECCION": "CRUCE DE PROCESO MORFODINAMICO", "NOM_AGUA": "N.A.", "ANCHO_AGUA": 0.0, "TP_AGUA": "N.A.", "UBIC_CRUCE": "Montaña", "CM_TORRENC": "NO", "CANALIZADO": "NO", "ALTERACION": "NO", "ZONA_INUND": "NO", "FORM_CAUCE": "N.A.", "ESTABILID": "N.A.", "TP_MARGEN": "N.A.", "TP_SOPORTE": "Marcos H", "LUZ_SOPORT": 10.0, "EST_SOPORT": "Bueno", "EXIST_CABL": "NO", "EST_CABLE": "Bueno", "MACIZO_ANC": "NO", "EST_MACIZO": "Bueno", "ZONA_TRANS": "En buen estado", "TP_REVEST": "OTRO", "AREA_REVES": 0.0, "EST_REVEST": "Bueno", "DEFECT_REV": "N.A.", "DSC_EST_TB": "Bueno", "DEFECT_TUB": "N.A.", "EVENTO_GEO": "Si", "OBSERVACIO": "Tuberia aérea con pintura de poliuretano de altos sólidos (tipo poliuretano alifático)", "EXISTENTE": "SI", "PROFUNDIDA": 0.0, "LATITUD": 5.269455209000057, "LONGITUD": -73.251944134999974, "ALTITUD": 2386.3667, "IMAGEN_1": "C003_IMG_20241001_085920.jpg", "IMAGEN_2": "C003_IMG_20241001_085924.jpg", "IMAGEN_3": "C003_IMG_20241001_085928.jpg", "ID": "CCA-389", "ENTREGA": "E55_R3", "CREC_SUBIT": "NO", "DIR_TUB": "PERPENDICULAR" }, "geometry": { "type": "Point", "coordinates": [ -73.251944134999974, 5.269455209000057, 2386.366699999998673 ] } },
{ "type": "Feature", "properties": { "FECHA": "1/10/2024 00:00:00 (UTC)", "DEPTO": "BOYACÁ", "MPIO": "ZETAQUIRA", "VEREDA": "GUANATA", "GASODUCTO": "PORVENIR - LA BELLEZA", "TRM_RML": "Miraflores - Puente Guillermo", "TP_PK": "Fin", "PK": "103+423", "TP_DUCTO": "Loop", "DISTRITO": "5", "DIAMETRO": "20", "TRM_REG": "EL PORVENIR - LA BELLEZA", "ZONA": "3", "SENAL_EX": "SI", "FORMA_ACCE": "DDV", "TP_ACCESO": "Vía destapada", "EST_ACCESO": "Malo", "TP_SECCION": "CRUCE DE PROCESO MORFODINAMICO", "NOM_AGUA": "N.A.", "ANCHO_AGUA": 0.0, "TP_AGUA": "N.A.", "UBIC_CRUCE": "Montaña", "CM_TORRENC": "NO", "CANALIZADO": "NO", "ALTERACION": "NO", "ZONA_INUND": "NO", "FORM_CAUCE": "N.A.", "ESTABILID": "N.A.", "TP_MARGEN": "N.A.", "TP_SOPORTE": "Marcos H", "LUZ_SOPORT": 10.0, "EST_SOPORT": "Bueno", "EXIST_CABL": "NO", "EST_CABLE": "Bueno", "MACIZO_ANC": "NO", "EST_MACIZO": "Bueno", "ZONA_TRANS": "En buen estado", "TP_REVEST": "OTRO", "AREA_REVES": 0.0, "EST_REVEST": "Bueno", "DEFECT_REV": "N.A.", "DSC_EST_TB": "Bueno", "DEFECT_TUB": "N.A.", "EVENTO_GEO": "Si", "OBSERVACIO": "Tuberia aérea con pintura de poliuretano de altos sólidos (tipo poliuretano alifático)", "EXISTENTE": "SI", "PROFUNDIDA": 0.0, "LATITUD": 5.2699369600000523, "LONGITUD": -73.254175960999987, "ALTITUD": 2380.5, "IMAGEN_1": "C003_IMG_20241001_083353.jpg", "IMAGEN_2": "C003_IMG_20241001_083359.jpg", "IMAGEN_3": "C003_IMG_20241001_083402.jpg", "ID": "CCA-390", "ENTREGA": "E55_R3", "CREC_SUBIT": "NO", "DIR_TUB": "PERPENDICULAR" }, "geometry": { "type": "Point", "coordinates": [ -73.254175960999987, 5.269936960000052, 2380.5 ] } },
{ "type": "Feature", "properties": { "FECHA": "2/10/2024 00:00:00 (UTC)", "DEPTO": "BOYACÁ", "MPIO": "ZETAQUIRA", "VEREDA": "GUANATA", "GASODUCTO": "PORVENIR - LA BELLEZA", "TRM_RML": "Miraflores - Puente Guillermo", "TP_PK": "Inicio", "PK": "096+663", "TP_DUCTO": "Loop", "DISTRITO": "5", "DIAMETRO": "20", "TRM_REG": "EL PORVENIR - LA BELLEZA", "ZONA": "3", "SENAL_EX": "NO", "FORMA_ACCE": "DDV", "TP_ACCESO": "Vía destapada", "EST_ACCESO": "Bueno", "TP_SECCION": "CRUCE DE PROCESO MORFODINAMICO", "NOM_AGUA": "N.A.", "ANCHO_AGUA": 0.0, "TP_AGUA": "N.A.", "UBIC_CRUCE": "Montaña", "CM_TORRENC": "NO", "CANALIZADO": "NO", "ALTERACION": "NO", "ZONA_INUND": "NO", "FORM_CAUCE": "N.A.", "ESTABILID": "N.A.", "TP_MARGEN": "N.A.", "TP_SOPORTE": "Marcos H", "LUZ_SOPORT": 8.0, "EST_SOPORT": "Bueno", "EXIST_CABL": "NO", "EST_CABLE": "Bueno", "MACIZO_ANC": "NO", "EST_MACIZO": "Bueno", "ZONA_TRANS": "En buen estado", "TP_REVEST": "OTRO", "AREA_REVES": 0.0, "EST_REVEST": "Bueno", "DEFECT_REV": "N.A.", "DSC_EST_TB": "Bueno", "DEFECT_TUB": "N.A.", "EVENTO_GEO": "Si", "OBSERVACIO": "Tuberia aérea con pintura de poliuretano de altos sólidos (tipo poliuretano alifático)", "EXISTENTE": "SI", "PROFUNDIDA": 0.0, "LATITUD": 5.2263669450000521, "LONGITUD": -73.219823885999972, "ALTITUD": 2029.9667, "IMAGEN_1": "C003_IMG_20241002_103206.jpg", "IMAGEN_2": "C003_IMG_20241002_103210.jpg", "IMAGEN_3": "C003_IMG_20241002_103214.jpg", "ID": "CCA-391", "ENTREGA": "E55_R3", "CREC_SUBIT": "NO", "DIR_TUB": "PERPENDICULAR" }, "geometry": { "type": "Point", "coordinates": [ -73.219823885999972, 5.226366945000052, 2029.966700000004494 ] } },
{ "type": "Feature", "properties": { "FECHA": "2/10/2024 00:00:00 (UTC)", "DEPTO": "BOYACÁ", "MPIO": "ZETAQUIRA", "VEREDA": "GUANATA", "GASODUCTO": "PORVENIR - LA BELLEZA", "TRM_RML": "Miraflores - Puente Guillermo", "TP_PK": "Fin", "PK": "096+776", "TP_DUCTO": "Loop", "DISTRITO": "5", "DIAMETRO": "20", "TRM_REG": "EL PORVENIR - LA BELLEZA", "ZONA": "3", "SENAL_EX": "NO", "FORMA_ACCE": "DDV", "TP_ACCESO": "Vía destapada", "EST_ACCESO": "Bueno", "TP_SECCION": "CRUCE DE PROCESO MORFODINAMICO", "NOM_AGUA": "N.A.", "ANCHO_AGUA": 0.0, "TP_AGUA": "N.A.", "UBIC_CRUCE": "Montaña", "CM_TORRENC": "NO", "CANALIZADO": "NO", "ALTERACION": "NO", "ZONA_INUND": "NO", "FORM_CAUCE": "N.A.", "ESTABILID": "N.A.", "TP_MARGEN": "N.A.", "TP_SOPORTE": "Marcos H", "LUZ_SOPORT": 8.0, "EST_SOPORT": "Bueno", "EXIST_CABL": "NO", "EST_CABLE": "Bueno", "MACIZO_ANC": "NO", "EST_MACIZO": "Bueno", "ZONA_TRANS": "En buen estado", "TP_REVEST": "OTRO", "AREA_REVES": 0.0, "EST_REVEST": "Bueno", "DEFECT_REV": "N.A.", "DSC_EST_TB": "Bueno", "DEFECT_TUB": "N.A.", "EVENTO_GEO": "Si", "OBSERVACIO": "Tuberia aérea con pintura de poliuretano de altos sólidos (tipo poliuretano alifático)", "EXISTENTE": "SI", "PROFUNDIDA": 0.0, "LATITUD": 5.2268501540000329, "LONGITUD": -73.220659662999935, "ALTITUD": 2020.2, "IMAGEN_1": "C003_IMG_20241002_101618.jpg", "IMAGEN_2": "C003_IMG_20241002_101621.jpg", "IMAGEN_3": "C003_IMG_20241002_101630.jpg", "ID": "CCA-392", "ENTREGA": "E55_R3", "CREC_SUBIT": "NO", "DIR_TUB": "INCLINADO" }, "geometry": { "type": "Point", "coordinates": [ -73.220659662999935, 5.226850154000033, 2020.19999999999709 ] } },
{ "type": "Feature", "properties": { "FECHA": "26/09/2024 00:00:00 (UTC)", "DEPTO": "BOYACÁ", "MPIO": "RAMIRIQUÍ", "VEREDA": "CHUSCAL", "GASODUCTO": "PORVENIR - LA BELLEZA", "TRM_RML": "Miraflores - Puente Guillermo", "TP_PK": "Fin", "PK": "109+382", "TP_DUCTO": "Loop", "DISTRITO": "5", "DIAMETRO": "20", "TRM_REG": "EL PORVENIR - LA BELLEZA", "ZONA": "3", "SENAL_EX": "NO", "FORMA_ACCE": "DDV", "TP_ACCESO": "Vía destapada", "EST_ACCESO": "Malo", "TP_SECCION": "CRUCE DE CUERPO DE AGUA", "NOM_AGUA": "Quebrada Moncacia", "ANCHO_AGUA": 5.0, "TP_AGUA": "Otro", "UBIC_CRUCE": "Montaña", "CM_TORRENC": "NO", "CANALIZADO": "NO", "ALTERACION": "NO", "ZONA_INUND": "NO", "FORM_CAUCE": "Semirecto", "ESTABILID": "Estable", "TP_MARGEN": "Derecho", "TP_SOPORTE": "Marcos H con cables", "LUZ_SOPORT": 0.0, "EST_SOPORT": "Bueno", "EXIST_CABL": "NO", "EST_CABLE": "Bueno", "MACIZO_ANC": "NO", "EST_MACIZO": "Bueno", "ZONA_TRANS": "En buen estado", "TP_REVEST": "OTRO", "AREA_REVES": 0.0, "EST_REVEST": "Bueno", "DEFECT_REV": "N.A.", "DSC_EST_TB": "Bueno", "DEFECT_TUB": "N.A.", "EVENTO_GEO": "No", "OBSERVACIO": "Tuberia superficial con pintura de poliuretano de altos sólidos (tipo poliuretano alifático) para exteriores.No se tiene la luz entre los soportes ya que solo es un marco H.", "EXISTENTE": "SI", "PROFUNDIDA": 0.0, "LATITUD": 5.2976824020000208, "LONGITUD": -73.292329798999958, "ALTITUD": 2605.3333, "IMAGEN_1": "C004_IMG_20240926_102653.jpg", "IMAGEN_2": "C004_IMG_20240926_102657.jpg", "IMAGEN_3": "C004_IMG_20240926_102700.jpg", "ID": "CCA-393", "ENTREGA": "E55_R3", "CREC_SUBIT": "NO", "DIR_TUB": "PERPENDICULAR" }, "geometry": { "type": "Point", "coordinates": [ -73.292329798999958, 5.297682402000021, 2605.333299999998417 ] } },
{ "type": "Feature", "properties": { "FECHA": "26/09/2024 00:00:00 (UTC)", "DEPTO": "BOYACÁ", "MPIO": "RAMIRIQUÍ", "VEREDA": "CHUSCAL", "GASODUCTO": "PORVENIR - LA BELLEZA", "TRM_RML": "Miraflores - Puente Guillermo", "TP_PK": "Inicio", "PK": "109+352", "TP_DUCTO": "Loop", "DISTRITO": "5", "DIAMETRO": "20", "TRM_REG": "EL PORVENIR - LA BELLEZA", "ZONA": "3", "SENAL_EX": "NO", "FORMA_ACCE": "DDV", "TP_ACCESO": "Vía destapada", "EST_ACCESO": "Malo", "TP_SECCION": "CRUCE DE CUERPO DE AGUA", "NOM_AGUA": "Quebrada Moncacia", "ANCHO_AGUA": 5.0, "TP_AGUA": "Otro", "UBIC_CRUCE": "Montaña", "CM_TORRENC": "NO", "CANALIZADO": "NO", "ALTERACION": "NO", "ZONA_INUND": "NO", "FORM_CAUCE": "Semirecto", "ESTABILID": "Estable", "TP_MARGEN": "Izquierdo", "TP_SOPORTE": "Marcos H con cables", "LUZ_SOPORT": 0.0, "EST_SOPORT": "Bueno", "EXIST_CABL": "SI", "EST_CABLE": "Bueno", "MACIZO_ANC": "SI", "EST_MACIZO": "Bueno", "ZONA_TRANS": "En buen estado", "TP_REVEST": "OTRO", "AREA_REVES": 0.0, "EST_REVEST": "Bueno", "DEFECT_REV": "N.A.", "DSC_EST_TB": "Bueno", "DEFECT_TUB": "N.A.", "EVENTO_GEO": "No", "OBSERVACIO": "Tuberia superficial con pintura de poliuretano de altos sólidos (tipo poliuretano alifático) para exteriores.No se tiene la luz entre los soportes ya que solo es un marco H.", "EXISTENTE": "SI", "PROFUNDIDA": 0.0, "LATITUD": 5.2976274530000751, "LONGITUD": -73.292078714999946, "ALTITUD": 2603.4667, "IMAGEN_1": "C004_IMG_20240926_103844.jpg", "IMAGEN_2": "C004_IMG_20240926_103849.jpg", "IMAGEN_3": "C004_IMG_20240926_103852.jpg", "ID": "CCA-394", "ENTREGA": "E55_R3", "CREC_SUBIT": "NO", "DIR_TUB": "PERPENDICULAR" }, "geometry": { "type": "Point", "coordinates": [ -73.292078714999946, 5.297627453000075, 2603.466700000004494 ] } },
{ "type": "Feature", "properties": { "FECHA": "25/09/2024 00:00:00 (UTC)", "DEPTO": "BOYACÁ", "MPIO": "MIRAFLORES", "VEREDA": "GUAMAL", "GASODUCTO": "PORVENIR - LA BELLEZA", "TRM_RML": "Miraflores - Puente Guillermo", "TP_PK": "Inicio", "PK": "088+335", "TP_DUCTO": "Loop", "DISTRITO": "5", "DIAMETRO": "20", "TRM_REG": "EL PORVENIR - LA BELLEZA", "ZONA": "3", "SENAL_EX": "SI", "FORMA_ACCE": "DDV", "TP_ACCESO": "Vía destapada", "EST_ACCESO": "Bueno", "TP_SECCION": "CRUCE DE PROCESO MORFODINAMICO", "NOM_AGUA": "N.A.", "ANCHO_AGUA": 0.0, "TP_AGUA": "N.A.", "UBIC_CRUCE": "Montaña", "CM_TORRENC": "NO", "CANALIZADO": "NO", "ALTERACION": "NO", "ZONA_INUND": "NO", "FORM_CAUCE": "N.A.", "ESTABILID": "N.A.", "TP_MARGEN": "N.A.", "TP_SOPORTE": "Marcos H con cables", "LUZ_SOPORT": 0.0, "EST_SOPORT": "Bueno", "EXIST_CABL": "SI", "EST_CABLE": "Bueno", "MACIZO_ANC": "NO", "EST_MACIZO": "Bueno", "ZONA_TRANS": "En buen estado", "TP_REVEST": "OTRO", "AREA_REVES": 0.0, "EST_REVEST": "Bueno", "DEFECT_REV": "N.A.", "DSC_EST_TB": "Bueno", "DEFECT_TUB": "N.A.", "EVENTO_GEO": "No", "OBSERVACIO": "No se observa cruce de cuerpo de agua, ni cruce de proceso morfodinámico. No obstante se evalúa el estado de integridad de la estructura del cruce.", "EXISTENTE": "SI", "PROFUNDIDA": 0.0, "LATITUD": 5.1863233530000343, "LONGITUD": -73.169917396999949, "ALTITUD": 1896.15, "IMAGEN_1": "C003_IMG_20240925_074727.jpg", "IMAGEN_2": "C003_IMG_20240925_074732.jpg", "IMAGEN_3": "C003_IMG_20240925_074734.jpg", "ID": "CCA-395", "ENTREGA": "E55_R3", "CREC_SUBIT": "NO", "DIR_TUB": "PERPENDICULAR" }, "geometry": { "type": "Point", "coordinates": [ -73.169917396999949, 5.186323353000034, 1896.149999999994179 ] } },
{ "type": "Feature", "properties": { "FECHA": "25/09/2024 00:00:00 (UTC)", "DEPTO": "BOYACÁ", "MPIO": "MIRAFLORES", "VEREDA": "GUAMAL", "GASODUCTO": "PORVENIR - LA BELLEZA", "TRM_RML": "Miraflores - Puente Guillermo", "TP_PK": "Fin", "PK": "088+447", "TP_DUCTO": "Loop", "DISTRITO": "5", "DIAMETRO": "20", "TRM_REG": "EL PORVENIR - LA BELLEZA", "ZONA": "3", "SENAL_EX": "SI", "FORMA_ACCE": "DDV", "TP_ACCESO": "Vía destapada", "EST_ACCESO": "Bueno", "TP_SECCION": "CRUCE DE PROCESO MORFODINAMICO", "NOM_AGUA": "N.A.", "ANCHO_AGUA": 0.0, "TP_AGUA": "N.A.", "UBIC_CRUCE": "Montaña", "CM_TORRENC": "NO", "CANALIZADO": "NO", "ALTERACION": "NO", "ZONA_INUND": "NO", "FORM_CAUCE": "N.A.", "ESTABILID": "N.A.", "TP_MARGEN": "N.A.", "TP_SOPORTE": "Marcos H con cables", "LUZ_SOPORT": 0.0, "EST_SOPORT": "Bueno", "EXIST_CABL": "SI", "EST_CABLE": "Bueno", "MACIZO_ANC": "NO", "EST_MACIZO": "Bueno", "ZONA_TRANS": "En buen estado", "TP_REVEST": "OTRO", "AREA_REVES": 0.0, "EST_REVEST": "Bueno", "DEFECT_REV": "N.A.", "DSC_EST_TB": "Bueno", "DEFECT_TUB": "N.A.", "EVENTO_GEO": "No", "OBSERVACIO": "No se observa cruce de cuerpo de agua, ni cruce de proceso morfodinámico. No obstante se evalúa el estado de integridad de la estructura del cruce.", "EXISTENTE": "SI", "PROFUNDIDA": 0.0, "LATITUD": 5.1866394530000548, "LONGITUD": -73.170869532999973, "ALTITUD": 1916.75, "IMAGEN_1": "C003_IMG_20240925_080036.jpg", "IMAGEN_2": "C003_IMG_20240925_080038.jpg", "IMAGEN_3": "C003_IMG_20240925_080042.jpg", "ID": "CCA-396", "ENTREGA": "E55_R3", "CREC_SUBIT": "NO", "DIR_TUB": "PERPENDICULAR" }, "geometry": { "type": "Point", "coordinates": [ -73.170869532999973, 5.186639453000055, 1916.75 ] } },
{ "type": "Feature", "properties": { "FECHA": "2/10/2024 00:00:00 (UTC)", "DEPTO": "BOYACÁ", "MPIO": "JENESANO", "VEREDA": "PULIDOS", "GASODUCTO": "PORVENIR - LA BELLEZA", "TRM_RML": "Miraflores - Puente Guillermo", "TP_PK": "Inicio", "PK": "123+534", "TP_DUCTO": "Loop", "DISTRITO": "5", "DIAMETRO": "20", "TRM_REG": "EL PORVENIR - LA BELLEZA", "ZONA": "3", "SENAL_EX": "SI", "FORMA_ACCE": "DDV", "TP_ACCESO": "Vía pavimentada", "EST_ACCESO": "Bueno", "TP_SECCION": "CRUCE DE CUERPO DE AGUA", "NOM_AGUA": "Quebrada Los Murciélagos", "ANCHO_AGUA": 2.0, "TP_AGUA": "Otro", "UBIC_CRUCE": "Montaña", "CM_TORRENC": "NO", "CANALIZADO": "NO", "ALTERACION": "NO", "ZONA_INUND": "NO", "FORM_CAUCE": "Semirecto", "ESTABILID": "Estable", "TP_MARGEN": "Derecho", "TP_SOPORTE": "Marcos H", "LUZ_SOPORT": 10.0, "EST_SOPORT": "Bueno", "EXIST_CABL": "NO", "EST_CABLE": "Bueno", "MACIZO_ANC": "NO", "EST_MACIZO": "Bueno", "ZONA_TRANS": "Buen estado.La longitud de la zona de transición al inicio es de 10m aproximadamente.", "TP_REVEST": "OTRO", "AREA_REVES": 0.0, "EST_REVEST": "Bueno", "DEFECT_REV": "N.A.", "DSC_EST_TB": "Bueno", "DEFECT_TUB": "N.A.", "EVENTO_GEO": "No", "OBSERVACIO": "Tuberia superficial con pintura de poliuretano de altos sólidos (tipo poliuretano alifático) para exteriores.", "EXISTENTE": "SI", "PROFUNDIDA": 0.0, "LATITUD": 5.381393446000061, "LONGITUD": -73.37761613899994, "ALTITUD": 2160.1667, "IMAGEN_1": "C004_IMG_20241002_104003.jpg", "IMAGEN_2": "C004_IMG_20241002_104007.jpg", "IMAGEN_3": "C004_IMG_20241002_104010.jpg", "ID": "CCA-399", "ENTREGA": "E55_R3", "CREC_SUBIT": "NO", "DIR_TUB": "PERPENDICULAR" }, "geometry": { "type": "Point", "coordinates": [ -73.37761613899994, 5.381393446000061, 2160.166700000001583 ] } },
{ "type": "Feature", "properties": { "FECHA": "2/10/2024 00:00:00 (UTC)", "DEPTO": "BOYACÁ", "MPIO": "JENESANO", "VEREDA": "PULIDOS", "GASODUCTO": "PORVENIR - LA BELLEZA", "TRM_RML": "Miraflores - Puente Guillermo", "TP_PK": "Fin", "PK": "123+554", "TP_DUCTO": "Loop", "DISTRITO": "5", "DIAMETRO": "20", "TRM_REG": "EL PORVENIR - LA BELLEZA", "ZONA": "3", "SENAL_EX": "SI", "FORMA_ACCE": "DDV", "TP_ACCESO": "Vía pavimentada", "EST_ACCESO": "Bueno", "TP_SECCION": "CRUCE DE CUERPO DE AGUA", "NOM_AGUA": "Quebrada Los Murciélagos", "ANCHO_AGUA": 2.0, "TP_AGUA": "Otro", "UBIC_CRUCE": "Montaña", "CM_TORRENC": "NO", "CANALIZADO": "NO", "ALTERACION": "NO", "ZONA_INUND": "NO", "FORM_CAUCE": "Semirecto", "ESTABILID": "Estable", "TP_MARGEN": "Izquierdo", "TP_SOPORTE": "Marcos H", "LUZ_SOPORT": 10.0, "EST_SOPORT": "Bueno", "EXIST_CABL": "NO", "EST_CABLE": "Bueno", "MACIZO_ANC": "NO", "EST_MACIZO": "Bueno", "ZONA_TRANS": "Buen estado.La longitud de la zona de transición al inicio es de 4m aproximadamente.", "TP_REVEST": "OTRO", "AREA_REVES": 0.0, "EST_REVEST": "Bueno", "DEFECT_REV": "N.A.", "DSC_EST_TB": "Bueno", "DEFECT_TUB": "N.A.", "EVENTO_GEO": "No", "OBSERVACIO": "Tuberia superficial con pintura de poliuretano de altos sólidos (tipo poliuretano alifático) para exteriores.", "EXISTENTE": "SI", "PROFUNDIDA": 0.0, "LATITUD": 5.3815659610000353, "LONGITUD": -73.377626188999955, "ALTITUD": 2160.5667, "IMAGEN_1": "C004_IMG_20241002_102855.jpg", "IMAGEN_2": "C004_IMG_20241002_102900.jpg", "IMAGEN_3": "C004_IMG_20241002_102904.jpg", "ID": "CCA-400", "ENTREGA": "E55_R3", "CREC_SUBIT": "NO", "DIR_TUB": "PERPENDICULAR" }, "geometry": { "type": "Point", "coordinates": [ -73.377626188999955, 5.381565961000035, 2160.566699999995762 ] } },
{ "type": "Feature", "properties": { "FECHA": "1/10/2024 00:00:00 (UTC)", "DEPTO": "BOYACÁ", "MPIO": "JENESANO", "VEREDA": "PALENQUE", "GASODUCTO": "PORVENIR - LA BELLEZA", "TRM_RML": "Miraflores - Puente Guillermo", "TP_PK": "Fin", "PK": "121+438", "TP_DUCTO": "Loop", "DISTRITO": "5", "DIAMETRO": "20", "TRM_REG": "EL PORVENIR - LA BELLEZA", "ZONA": "3", "SENAL_EX": "SI", "FORMA_ACCE": "DDV", "TP_ACCESO": "Vía destapada", "EST_ACCESO": "Bueno", "TP_SECCION": "CRUCE DE PROCESO MORFODINAMICO", "NOM_AGUA": "N.A.", "ANCHO_AGUA": 0.0, "TP_AGUA": "N.A.", "UBIC_CRUCE": "Montaña", "CM_TORRENC": "NO", "CANALIZADO": "NO", "ALTERACION": "NO", "ZONA_INUND": "NO", "FORM_CAUCE": "N.A.", "ESTABILID": "Estable", "TP_MARGEN": "N.A.", "TP_SOPORTE": "Marcos H con cables", "LUZ_SOPORT": 66.0, "EST_SOPORT": "Bueno", "EXIST_CABL": "SI", "EST_CABLE": "Bueno", "MACIZO_ANC": "SI", "EST_MACIZO": "Bueno", "ZONA_TRANS": "Buen estado.La longitud de la zona de transición al inicio es de 15m aproximadamente.", "TP_REVEST": "OTRO", "AREA_REVES": 0.0, "EST_REVEST": "Bueno", "DEFECT_REV": "N.A.", "DSC_EST_TB": "Bueno", "DEFECT_TUB": "N.A.", "EVENTO_GEO": "No", "OBSERVACIO": "Tuberia superficial con pintura de poliuretano de altos sólidos (tipo poliuretano alifático) para exteriores.", "EXISTENTE": "SI", "PROFUNDIDA": 0.0, "LATITUD": 5.3690453850000495, "LONGITUD": -73.365453769999988, "ALTITUD": 2072.0005, "IMAGEN_1": "C004_IMG_20241001_090913.jpg", "IMAGEN_2": "C004_IMG_20241001_090922.jpg", "IMAGEN_3": "C004_IMG_20241001_090925.jpg", "ID": "CCA-401", "ENTREGA": "E55_R3", "CREC_SUBIT": "NO", "DIR_TUB": "(PERPENDICULAR)" }, "geometry": { "type": "Point", "coordinates": [ -73.365453769999988, 5.369045385000049, 2072.000499999994645 ] } },
{ "type": "Feature", "properties": { "FECHA": "1/10/2024 00:00:00 (UTC)", "DEPTO": "BOYACÁ", "MPIO": "JENESANO", "VEREDA": "PALENQUE", "GASODUCTO": "PORVENIR - LA BELLEZA", "TRM_RML": "Miraflores - Puente Guillermo", "TP_PK": "Inicio", "PK": "121+333", "TP_DUCTO": "Loop", "DISTRITO": "5", "DIAMETRO": "20", "TRM_REG": "EL PORVENIR - LA BELLEZA", "ZONA": "3", "SENAL_EX": "SI", "FORMA_ACCE": "DDV", "TP_ACCESO": "Vía destapada", "EST_ACCESO": "Bueno", "TP_SECCION": "CRUCE DE PROCESO MORFODINAMICO", "NOM_AGUA": "N.A.", "ANCHO_AGUA": 0.0, "TP_AGUA": "N.A.", "UBIC_CRUCE": "Montaña", "CM_TORRENC": "NO", "CANALIZADO": "NO", "ALTERACION": "NO", "ZONA_INUND": "NO", "FORM_CAUCE": "N.A.", "ESTABILID": "Estable", "TP_MARGEN": "N.A.", "TP_SOPORTE": "Marcos H con cables", "LUZ_SOPORT": 66.0, "EST_SOPORT": "Bueno", "EXIST_CABL": "SI", "EST_CABLE": "Bueno", "MACIZO_ANC": "SI", "EST_MACIZO": "Bueno", "ZONA_TRANS": "Buen estado.La longitud de la zona de transición al inicio es de 24m aproximadamente.", "TP_REVEST": "OTRO", "AREA_REVES": 0.0, "EST_REVEST": "Bueno", "DEFECT_REV": "N.A.", "DSC_EST_TB": "Bueno", "DEFECT_TUB": "N.A.", "EVENTO_GEO": "No", "OBSERVACIO": "Tuberia superficial con pintura de poliuretano de altos sólidos (tipo poliuretano alifático) para exteriores.", "EXISTENTE": "SI", "PROFUNDIDA": 0.0, "LATITUD": 5.3684004740000546, "LONGITUD": -73.364832869999987, "ALTITUD": 2053.1354, "IMAGEN_1": "C004_IMG_20241001_092359.jpg", "IMAGEN_2": "C004_IMG_20241001_092405.jpg", "IMAGEN_3": "C004_IMG_20241001_092408.jpg", "ID": "CCA-402", "ENTREGA": "E55_R3", "CREC_SUBIT": "NO", "DIR_TUB": "(PERPENDICULAR)" }, "geometry": { "type": "Point", "coordinates": [ -73.364832869999987, 5.368400474000055, 2053.135399999999208 ] } },
{ "type": "Feature", "properties": { "FECHA": "20/09/2024 00:00:00 (UTC)", "DEPTO": "BOYACÁ", "MPIO": "PÁEZ", "VEREDA": "MINCHO", "GASODUCTO": "CUSIANA - PORVENIR", "TRM_RML": "Cusiana - Miraflores", "TP_PK": "Inicio", "PK": "070+628", "TP_DUCTO": "Troncal", "DISTRITO": "5", "DIAMETRO": "20", "TRM_REG": "EL PORVENIR - LA BELLEZA", "ZONA": "3", "SENAL_EX": "SI", "FORMA_ACCE": "DDV", "TP_ACCESO": "Sendero a pie", "EST_ACCESO": "Bueno", "TP_SECCION": "CRUCE DE CUERPO DE AGUA", "NOM_AGUA": "Río Lengupa", "ANCHO_AGUA": 31.0, "TP_AGUA": "Principal", "UBIC_CRUCE": "Montaña", "CM_TORRENC": "SI", "CANALIZADO": "NO", "ALTERACION": "NO", "ZONA_INUND": "NO", "FORM_CAUCE": "Semirecto", "ESTABILID": "Estable", "TP_MARGEN": "Izquierdo", "TP_SOPORTE": "Puente colgante", "LUZ_SOPORT": 121.0, "EST_SOPORT": "Bueno", "EXIST_CABL": "SI", "EST_CABLE": "Bueno", "MACIZO_ANC": "SI", "EST_MACIZO": "Bueno", "ZONA_TRANS": "La longitud de la zona de transición es de 10m.", "TP_REVEST": "OTRO", "AREA_REVES": 9.7536, "EST_REVEST": "Regular", "DEFECT_REV": "Desprendimiento", "DSC_EST_TB": "Regular", "DEFECT_TUB": "Corrosión Generalizada", "EVENTO_GEO": "No", "OBSERVACIO": "Tuberia superficial con pintura de poliuretano de altos sólidos (tipo poliuretano alifático)  la cual presenta corrosión generalizada. Se recomienda una nueva aplicación de pintura anticorrosiva incluyendo sandblasting.", "EXISTENTE": "SI", "PROFUNDIDA": 0.0, "LATITUD": 5.1130409230000282, "LONGITUD": -73.07072573499994, "ALTITUD": 885.5667, "IMAGEN_1": "C004_IMG_20240920_114307.jpg", "IMAGEN_2": "C004_IMG_20240920_114311.jpg", "IMAGEN_3": "C004_IMG_20240920_114314.jpg", "ID": "CCA-359", "ENTREGA": "E52_R3", "CREC_SUBIT": "SI", "DIR_TUB": "(PERPENDICULAR)" }, "geometry": { "type": "Point", "coordinates": [ -73.07072573499994, 5.113040923000028, 885.566699999995762 ] } },
{ "type": "Feature", "properties": { "FECHA": "22/09/2024 00:00:00 (UTC)", "DEPTO": "BOYACÁ", "MPIO": "PÁEZ", "VEREDA": "YAMUNTA", "GASODUCTO": "CUSIANA - PORVENIR", "TRM_RML": "Cusiana - Miraflores", "TP_PK": "Fin", "PK": "070+829", "TP_DUCTO": "Troncal", "DISTRITO": "5", "DIAMETRO": "20", "TRM_REG": "EL PORVENIR - LA BELLEZA", "ZONA": "3", "SENAL_EX": "SI", "FORMA_ACCE": "DDV", "TP_ACCESO": "Sendero a pie", "EST_ACCESO": "Bueno", "TP_SECCION": "CRUCE DE CUERPO DE AGUA", "NOM_AGUA": "Río Lengupa", "ANCHO_AGUA": 31.0, "TP_AGUA": "Principal", "UBIC_CRUCE": "Montaña", "CM_TORRENC": "SI", "CANALIZADO": "NO", "ALTERACION": "NO", "ZONA_INUND": "NO", "FORM_CAUCE": "Semirecto", "ESTABILID": "Estable", "TP_MARGEN": "Derecho", "TP_SOPORTE": "Puente colgante", "LUZ_SOPORT": 121.0, "EST_SOPORT": "Bueno", "EXIST_CABL": "SI", "EST_CABLE": "Bueno", "MACIZO_ANC": "SI", "EST_MACIZO": "Bueno", "ZONA_TRANS": "La longitud de la zona de transición es de 10m.", "TP_REVEST": "OTRO", "AREA_REVES": 9.7536, "EST_REVEST": "Regular", "DEFECT_REV": "Desprendimiento", "DSC_EST_TB": "Regular", "DEFECT_TUB": "Corrosión Generalizada", "EVENTO_GEO": "No", "OBSERVACIO": "Tuberia superficial con pintura de poliuretano de altos sólidos (tipo poliuretano alifático)  la cual presenta corrosión generalizada. Se recomienda una nueva aplicación de pintura anticorrosiva incluyendo sandblasting.", "EXISTENTE": "SI", "PROFUNDIDA": 0.0, "LATITUD": 5.1133102220000524, "LONGITUD": -73.07242271399997, "ALTITUD": 907.9333, "IMAGEN_1": "C004_IMG_20240922_093632.jpg", "IMAGEN_2": "C004_IMG_20240922_093636.jpg", "IMAGEN_3": "C004_IMG_20240922_093639.jpg", "ID": "CCA-360", "ENTREGA": "E52_R3", "CREC_SUBIT": "SI", "DIR_TUB": "(PERPENDICULAR)" }, "geometry": { "type": "Point", "coordinates": [ -73.07242271399997, 5.113310222000052, 907.933300000004238 ] } },
{ "type": "Feature", "properties": { "FECHA": "19/09/2024 00:00:00 (UTC)", "DEPTO": "BOYACÁ", "MPIO": "PÁEZ", "VEREDA": "MOCHILERO", "GASODUCTO": "CUSIANA - PORVENIR", "TRM_RML": "Cusiana - Miraflores", "TP_PK": "Fin", "PK": "064+501", "TP_DUCTO": "Troncal", "DISTRITO": "5", "DIAMETRO": "20", "TRM_REG": "EL PORVENIR - LA BELLEZA", "ZONA": "3", "SENAL_EX": "SI", "FORMA_ACCE": "DDV", "TP_ACCESO": "Vía destapada", "EST_ACCESO": "Malo", "TP_SECCION": "CRUCE DE CUERPO DE AGUA", "NOM_AGUA": "Quebrada Mochilero", "ANCHO_AGUA": 15.0, "TP_AGUA": "Secundaria", "UBIC_CRUCE": "Montaña", "CM_TORRENC": "NO", "CANALIZADO": "NO", "ALTERACION": "NO", "ZONA_INUND": "NO", "FORM_CAUCE": "Semirecto", "ESTABILID": "Estable", "TP_MARGEN": "Derecho", "TP_SOPORTE": "Marcos H", "LUZ_SOPORT": 15.0, "EST_SOPORT": "Bueno", "EXIST_CABL": "SI", "EST_CABLE": "Bueno", "MACIZO_ANC": "NO", "EST_MACIZO": "Bueno", "ZONA_TRANS": "La longitud de la zona de transición es de 13m.", "TP_REVEST": "OTRO", "AREA_REVES": 1.5748, "EST_REVEST": "Regular", "DEFECT_REV": "Desprendimiento", "DSC_EST_TB": "Regular", "DEFECT_TUB": "Corrosión Generalizada", "EVENTO_GEO": "No", "OBSERVACIO": "Tuberia superficial con pintura de poliuretano de altos sólidos (tipo poliuretano alifático)  la cual presenta corrosión generalizada. Se recomienda una nueva aplicación de pintura anticorrosiva incluyendo sandblasting.", "EXISTENTE": "SI", "PROFUNDIDA": 0.0, "LATITUD": 5.0938, "LONGITUD": -73.029766110999958, "ALTITUD": 725.26669999999285, "IMAGEN_1": "C004_IMG_20240919_113830.jpg", "IMAGEN_2": "C004_IMG_20240919_113834.jpg", "IMAGEN_3": "C004_IMG_20240919_113838.jpg", "ID": "CCA-361", "ENTREGA": "E52_R3", "CREC_SUBIT": "SI", "DIR_TUB": "(INCLINADO)" }, "geometry": { "type": "Point", "coordinates": [ -73.029766110999958, 5.0938, 725.266699999992852 ] } },
{ "type": "Feature", "properties": { "FECHA": "18/09/2024 00:00:00 (UTC)", "DEPTO": "BOYACÁ", "MPIO": "PÁEZ", "VEREDA": "MOCHILERO", "GASODUCTO": "CUSIANA - PORVENIR", "TRM_RML": "Cusiana - Miraflores", "TP_PK": "Inicio", "PK": "064+470", "TP_DUCTO": "Troncal", "DISTRITO": "5", "DIAMETRO": "20", "TRM_REG": "EL PORVENIR - LA BELLEZA", "ZONA": "3", "SENAL_EX": "SI", "FORMA_ACCE": "DDV", "TP_ACCESO": "Vía destapada", "EST_ACCESO": "Malo", "TP_SECCION": "CRUCE DE CUERPO DE AGUA", "NOM_AGUA": "Quebrada Mochilero", "ANCHO_AGUA": 15.0, "TP_AGUA": "Secundaria", "UBIC_CRUCE": "Montaña", "CM_TORRENC": "NO", "CANALIZADO": "NO", "ALTERACION": "NO", "ZONA_INUND": "NO", "FORM_CAUCE": "Semirecto", "ESTABILID": "Estable", "TP_MARGEN": "Izquierdo", "TP_SOPORTE": "Marcos H con cables", "LUZ_SOPORT": 15.0, "EST_SOPORT": "Bueno", "EXIST_CABL": "SI", "EST_CABLE": "Bueno", "MACIZO_ANC": "NO", "EST_MACIZO": "Bueno", "ZONA_TRANS": "La longitud de la zona de transición es de 3m.", "TP_REVEST": "OTRO", "AREA_REVES": 1.5748, "EST_REVEST": "Regular", "DEFECT_REV": "Desprendimiento", "DSC_EST_TB": "Regular", "DEFECT_TUB": "Corrosión Generalizada", "EVENTO_GEO": "No", "OBSERVACIO": "Tuberia superficial con pintura de poliuretano de altos sólidos (tipo poliuretano alifático)  la cual presenta corrosión generalizada. Se recomienda una nueva aplicación de pintura anticorrosiva incluyendo sandblasting.", "EXISTENTE": "SI", "PROFUNDIDA": 0.0, "LATITUD": 5.0940611560000661, "LONGITUD": -73.029720334999979, "ALTITUD": 727.0, "IMAGEN_1": "C004_IMG_20240918_110926.jpg", "IMAGEN_2": "C004_IMG_20240918_110931.jpg", "IMAGEN_3": "C004_IMG_20240918_110934.jpg", "ID": "CCA-362", "ENTREGA": "E52_R3", "CREC_SUBIT": "SI", "DIR_TUB": "(INCLINADO)" }, "geometry": { "type": "Point", "coordinates": [ -73.029720334999979, 5.094061156000066, 727.0 ] } },
{ "type": "Feature", "properties": { "FECHA": "18/09/2024 00:00:00 (UTC)", "DEPTO": "BOYACÁ", "MPIO": "PÁEZ", "VEREDA": "CALIFORNIA", "GASODUCTO": "CUSIANA - PORVENIR", "TRM_RML": "Cusiana - Miraflores", "TP_PK": "Inicio", "PK": "064+175", "TP_DUCTO": "Troncal", "DISTRITO": "5", "DIAMETRO": "20", "TRM_REG": "EL PORVENIR - LA BELLEZA", "ZONA": "3", "SENAL_EX": "SI", "FORMA_ACCE": "DDV", "TP_ACCESO": "Vía destapada", "EST_ACCESO": "Malo", "TP_SECCION": "CRUCE DE CUERPO DE AGUA", "NOM_AGUA": "Rio Upía", "ANCHO_AGUA": 45.0, "TP_AGUA": "Principal", "UBIC_CRUCE": "Montaña", "CM_TORRENC": "SI", "CANALIZADO": "NO", "ALTERACION": "NO", "ZONA_INUND": "NO", "FORM_CAUCE": "Semirecto", "ESTABILID": "Estable", "TP_MARGEN": "Izquierdo", "TP_SOPORTE": "Puente colgante", "LUZ_SOPORT": 58.0, "EST_SOPORT": "Bueno", "EXIST_CABL": "SI", "EST_CABLE": "Bueno", "MACIZO_ANC": "SI", "EST_MACIZO": "Bueno", "ZONA_TRANS": "La longitud de la zona de transición es de 24m. La tubería presenta pérdida de recubrimiento.", "TP_REVEST": "OTRO", "AREA_REVES": 4.6736, "EST_REVEST": "Bueno", "DEFECT_REV": "N.A.", "DSC_EST_TB": "Regular", "DEFECT_TUB": "Corrosión Generalizada", "EVENTO_GEO": "No", "OBSERVACIO": "Tuberia superficial con pintura de poliuretano de altos sólidos (tipo poliuretano alifático)  la cual presenta corrosión generalizada. Se recomienda una nueva aplicación de pintura anticorrosiva incluyendo sandblasting.", "EXISTENTE": "SI", "PROFUNDIDA": 0.0, "LATITUD": 5.0960669440000288, "LONGITUD": -73.028771110999969, "ALTITUD": 748.6333, "IMAGEN_1": "C004_IMG_20240918_103615.jpg", "IMAGEN_2": "C004_IMG_20240918_103622.jpg", "IMAGEN_3": "C004_IMG_20240918_103626.jpg", "ID": "CCA-363", "ENTREGA": "E52_R3", "CREC_SUBIT": "SI", "DIR_TUB": "(INCLINADO)" }, "geometry": { "type": "Point", "coordinates": [ -73.028771110999969, 5.096066944000029, 748.633300000001327 ] } },
{ "type": "Feature", "properties": { "FECHA": "18/09/2024 00:00:00 (UTC)", "DEPTO": "BOYACÁ", "MPIO": "PÁEZ", "VEREDA": "MOCHILERO", "GASODUCTO": "CUSIANA - PORVENIR", "TRM_RML": "Cusiana - Miraflores", "TP_PK": "Fin", "PK": "064+267", "TP_DUCTO": "Troncal", "DISTRITO": "5", "DIAMETRO": "20", "TRM_REG": "EL PORVENIR - LA BELLEZA", "ZONA": "3", "SENAL_EX": "SI", "FORMA_ACCE": "DDV", "TP_ACCESO": "Vía destapada", "EST_ACCESO": "Malo", "TP_SECCION": "CRUCE DE CUERPO DE AGUA", "NOM_AGUA": "Rio Upía", "ANCHO_AGUA": 45.0, "TP_AGUA": "Principal", "UBIC_CRUCE": "Montaña", "CM_TORRENC": "NO", "CANALIZADO": "NO", "ALTERACION": "NO", "ZONA_INUND": "NO", "FORM_CAUCE": "Semirecto", "ESTABILID": "Estable", "TP_MARGEN": "Derecho", "TP_SOPORTE": "Puente colgante", "LUZ_SOPORT": 58.0, "EST_SOPORT": "Bueno", "EXIST_CABL": "SI", "EST_CABLE": "Bueno", "MACIZO_ANC": "SI", "EST_MACIZO": "Bueno", "ZONA_TRANS": "La longitud de la zona de transición es de 10m.", "TP_REVEST": "OTRO", "AREA_REVES": 4.6736, "EST_REVEST": "Bueno", "DEFECT_REV": "N.A.", "DSC_EST_TB": "Regular", "DEFECT_TUB": "Corrosión Generalizada", "EVENTO_GEO": "No", "OBSERVACIO": "Tuberia superficial con pintura de poliuretano de altos sólidos (tipo poliuretano alifático)  la cual presenta corrosión generalizada. Se recomienda una nueva aplicación de pintura anticorrosiva incluyendo sandblasting.", "EXISTENTE": "SI", "PROFUNDIDA": 0.0, "LATITUD": 5.095779306000054, "LONGITUD": -73.029494165999949, "ALTITUD": 754.6333, "IMAGEN_1": "C004_IMG_20240918_104557.jpg", "IMAGEN_2": "C004_IMG_20240918_104601.jpg", "IMAGEN_3": "C004_IMG_20240918_104604.jpg", "ID": "CCA-364", "ENTREGA": "E52_R3", "CREC_SUBIT": "SI", "DIR_TUB": "(INCLINADO)" }, "geometry": { "type": "Point", "coordinates": [ -73.029494165999949, 5.095779306000054, 754.633300000001327 ] } },
{ "type": "Feature", "properties": { "FECHA": "21/09/2024 00:00:00 (UTC)", "DEPTO": "BOYACÁ", "MPIO": "PÁEZ", "VEREDA": "YAMUNTA", "GASODUCTO": "CUSIANA - PORVENIR", "TRM_RML": "Cusiana - Miraflores", "TP_PK": "Inicio", "PK": "072+646", "TP_DUCTO": "Troncal", "DISTRITO": "5", "DIAMETRO": "20", "TRM_REG": "EL PORVENIR - LA BELLEZA", "ZONA": "3", "SENAL_EX": "SI", "FORMA_ACCE": "DDV", "TP_ACCESO": "Sendero a pie", "EST_ACCESO": "Bueno", "TP_SECCION": "CRUCE DE CUERPO DE AGUA", "NOM_AGUA": "Quebrada La Palmera", "ANCHO_AGUA": 6.0, "TP_AGUA": "Otro", "UBIC_CRUCE": "Montaña", "CM_TORRENC": "NO", "CANALIZADO": "NO", "ALTERACION": "NO", "ZONA_INUND": "NO", "FORM_CAUCE": "Semirecto", "ESTABILID": "Estable", "TP_MARGEN": "Izquierdo", "TP_SOPORTE": "Puente colgante", "LUZ_SOPORT": 210.0, "EST_SOPORT": "Bueno", "EXIST_CABL": "SI", "EST_CABLE": "Bueno", "MACIZO_ANC": "SI", "EST_MACIZO": "Bueno", "ZONA_TRANS": "La longitud de la zona de transición es de 2m.", "TP_REVEST": "OTRO", "AREA_REVES": 0.0, "EST_REVEST": "Bueno", "DEFECT_REV": "N.A.", "DSC_EST_TB": "Bueno", "DEFECT_TUB": "N.A.", "EVENTO_GEO": "No", "OBSERVACIO": "Tuberia aérea con pintura de poliuretano de altos sólidos (tipo poliuretano alifático)", "EXISTENTE": "SI", "PROFUNDIDA": 0.0, "LATITUD": 5.1223556480000525, "LONGITUD": -73.083291513999939, "ALTITUD": 1273.219, "IMAGEN_1": "C004_IMG_20240921_100814.jpg", "IMAGEN_2": "C004_IMG_20240921_100818.jpg", "IMAGEN_3": "C004_IMG_20240921_100821.jpg", "ID": "CCA-365", "ENTREGA": "E52_R3", "CREC_SUBIT": "NO", "DIR_TUB": "(INCLINADO)" }, "geometry": { "type": "Point", "coordinates": [ -73.083291513999939, 5.122355648000052, 1273.218999999997322 ] } },
{ "type": "Feature", "properties": { "FECHA": "19/09/2024 00:00:00 (UTC)", "DEPTO": "BOYACÁ", "MPIO": "PÁEZ", "VEREDA": "MOCHILERO", "GASODUCTO": "CUSIANA - PORVENIR", "TRM_RML": "Cusiana - Miraflores", "TP_PK": "Fin", "PK": "065+559", "TP_DUCTO": "Troncal", "DISTRITO": "5", "DIAMETRO": "20", "TRM_REG": "EL PORVENIR - LA BELLEZA", "ZONA": "3", "SENAL_EX": "SI", "FORMA_ACCE": "DDV", "TP_ACCESO": "Vía destapada", "EST_ACCESO": "Malo", "TP_SECCION": "CRUCE DE PROCESO MORFODINAMICO", "NOM_AGUA": "N.A", "ANCHO_AGUA": 0.0, "TP_AGUA": "N.A.", "UBIC_CRUCE": "Montaña", "CM_TORRENC": "NO", "CANALIZADO": "NO", "ALTERACION": "NO", "ZONA_INUND": "NO", "FORM_CAUCE": "N.A.", "ESTABILID": "N.A.", "TP_MARGEN": "N.A.", "TP_SOPORTE": "Marcos H", "LUZ_SOPORT": 12.0, "EST_SOPORT": "Bueno", "EXIST_CABL": "NO", "EST_CABLE": "Bueno", "MACIZO_ANC": "NO", "EST_MACIZO": "Bueno", "ZONA_TRANS": "La longitud de la zona de transición es de 10m.", "TP_REVEST": "OTRO", "AREA_REVES": 11.938, "EST_REVEST": "Malo", "DEFECT_REV": "Desprendimiento", "DSC_EST_TB": "Regular", "DEFECT_TUB": "Corrosión Generalizada", "EVENTO_GEO": "No", "OBSERVACIO": "Tuberia superficial con pintura de poliuretano de altos sólidos (tipo poliuretano alifático)  la cual presenta corrosión generalizada. Se recomienda una nueva aplicación de pintura anticorrosiva incluyendo sandblasting.", "EXISTENTE": "SI", "PROFUNDIDA": 0.0, "LATITUD": 5.0942526830000361, "LONGITUD": -73.037947135999957, "ALTITUD": 1022.0333, "IMAGEN_1": "C004_IMG_20240919_102618.jpg", "IMAGEN_2": "C004_IMG_20240919_102622.jpg", "IMAGEN_3": "C004_IMG_20240919_102626.jpg", "ID": "CCA-366", "ENTREGA": "E52_R3", "CREC_SUBIT": "N/A", "DIR_TUB": "N/A" }, "geometry": { "type": "Point", "coordinates": [ -73.037947135999957, 5.094252683000036, 1022.033299999995506 ] } },
{ "type": "Feature", "properties": { "FECHA": "19/09/2024 00:00:00 (UTC)", "DEPTO": "BOYACÁ", "MPIO": "PÁEZ", "VEREDA": "MOCHILERO", "GASODUCTO": "CUSIANA - PORVENIR", "TRM_RML": "Cusiana - Miraflores", "TP_PK": "Inicio", "PK": "065+324", "TP_DUCTO": "Troncal", "DISTRITO": "5", "DIAMETRO": "20", "TRM_REG": "EL PORVENIR - LA BELLEZA", "ZONA": "3", "SENAL_EX": "SI", "FORMA_ACCE": "DDV", "TP_ACCESO": "Vía destapada", "EST_ACCESO": "Malo", "TP_SECCION": "CRUCE DE PROCESO MORFODINAMICO", "NOM_AGUA": "N.A", "ANCHO_AGUA": 0.0, "TP_AGUA": "N.A.", "UBIC_CRUCE": "Montaña", "CM_TORRENC": "NO", "CANALIZADO": "NO", "ALTERACION": "NO", "ZONA_INUND": "NO", "FORM_CAUCE": "N.A.", "ESTABILID": "N.A.", "TP_MARGEN": "N.A.", "TP_SOPORTE": "Marcos H", "LUZ_SOPORT": 12.0, "EST_SOPORT": "Bueno", "EXIST_CABL": "NO", "EST_CABLE": "Bueno", "MACIZO_ANC": "NO", "EST_MACIZO": "Bueno", "ZONA_TRANS": "La longitud de la zona de transición es de 4m. La tubería presenta daños en el recubrimiento", "TP_REVEST": "OTRO", "AREA_REVES": 11.938, "EST_REVEST": "Malo", "DEFECT_REV": "Desprendimiento", "DSC_EST_TB": "Regular", "DEFECT_TUB": "Corrosión Generalizada", "EVENTO_GEO": "No", "OBSERVACIO": "Tuberia superficial con pintura de poliuretano de altos sólidos (tipo poliuretano alifático)  la cual presenta corrosión generalizada. Se recomienda una nueva aplicación de pintura anticorrosiva incluyendo sandblasting.", "EXISTENTE": "SI", "PROFUNDIDA": 0.0, "LATITUD": 5.0931346320000443, "LONGITUD": -73.036482638999985, "ALTITUD": 997.0333, "IMAGEN_1": "C004_IMG_20240919_104127.jpg", "IMAGEN_2": "C004_IMG_20240919_104132.jpg", "IMAGEN_3": "C004_IMG_20240919_104136.jpg", "ID": "CCA-367", "ENTREGA": "E52_R3", "CREC_SUBIT": "N/A", "DIR_TUB": "N/A" }, "geometry": { "type": "Point", "coordinates": [ -73.036482638999985, 5.093134632000044, 997.033299999995506 ] } },
{ "type": "Feature", "properties": { "FECHA": "21/09/2024 00:00:00 (UTC)", "DEPTO": "BOYACÁ", "MPIO": "PÁEZ", "VEREDA": "YAMUNTA", "GASODUCTO": "CUSIANA - PORVENIR", "TRM_RML": "Cusiana - Miraflores", "TP_PK": "Fin", "PK": "072+867", "TP_DUCTO": "Troncal", "DISTRITO": "5", "DIAMETRO": "20", "TRM_REG": "EL PORVENIR - LA BELLEZA", "ZONA": "3", "SENAL_EX": "NO", "FORMA_ACCE": "DDV", "TP_ACCESO": "Sendero a pie", "EST_ACCESO": "Bueno", "TP_SECCION": "CRUCE DE CUERPO DE AGUA", "NOM_AGUA": "Quebrada La Palmera", "ANCHO_AGUA": 6.0, "TP_AGUA": "Otro", "UBIC_CRUCE": "Montaña", "CM_TORRENC": "NO", "CANALIZADO": "NO", "ALTERACION": "NO", "ZONA_INUND": "NO", "FORM_CAUCE": "Semirecto", "ESTABILID": "Estable", "TP_MARGEN": "Derecho", "TP_SOPORTE": "Puente colgante", "LUZ_SOPORT": 210.0, "EST_SOPORT": "Bueno", "EXIST_CABL": "SI", "EST_CABLE": "Bueno", "MACIZO_ANC": "SI", "EST_MACIZO": "Bueno", "ZONA_TRANS": "La longitud de la zona de transición es de 2m.", "TP_REVEST": "OTRO", "AREA_REVES": 0.0, "EST_REVEST": "Bueno", "DEFECT_REV": "N.A.", "DSC_EST_TB": "Bueno", "DEFECT_TUB": "N.A.", "EVENTO_GEO": "Si", "OBSERVACIO": "Tuberia aérea con pintura de poliuretano de altos sólidos (tipo poliuretano alifático)", "EXISTENTE": "SI", "PROFUNDIDA": 0.0, "LATITUD": 5.1218478260000211, "LONGITUD": -73.085182310999983, "ALTITUD": 1278.0667, "IMAGEN_1": "C004_IMG_20240921_093347.jpg", "IMAGEN_2": "C004_IMG_20240921_093352.jpg", "IMAGEN_3": "C004_IMG_20240921_093355.jpg", "ID": "CCA-368", "ENTREGA": "E52_R3", "CREC_SUBIT": "NO", "DIR_TUB": "(INCLINADO)" }, "geometry": { "type": "Point", "coordinates": [ -73.085182310999983, 5.121847826000021, 1278.066699999995762 ] } },
{ "type": "Feature", "properties": { "FECHA": "21/09/2024 00:00:00 (UTC)", "DEPTO": "BOYACÁ", "MPIO": "MIRAFLORES", "VEREDA": "MORRO ABAJO", "GASODUCTO": "CUSIANA - PORVENIR", "TRM_RML": "Cusiana - Miraflores", "TP_PK": "Fin", "PK": "076+216", "TP_DUCTO": "Troncal", "DISTRITO": "5", "DIAMETRO": "20", "TRM_REG": "EL PORVENIR - LA BELLEZA", "ZONA": "3", "SENAL_EX": "SI", "FORMA_ACCE": "DDV", "TP_ACCESO": "Vía destapada", "EST_ACCESO": "Malo", "TP_SECCION": "CRUCE DE PROCESO MORFODINAMICO", "NOM_AGUA": "N.A", "ANCHO_AGUA": 0.0, "TP_AGUA": "N.A.", "UBIC_CRUCE": "Montaña", "CM_TORRENC": "NO", "CANALIZADO": "NO", "ALTERACION": "NO", "ZONA_INUND": "NO", "FORM_CAUCE": "N.A.", "ESTABILID": "N.A.", "TP_MARGEN": "N.A.", "TP_SOPORTE": "Marcos H", "LUZ_SOPORT": 5.0, "EST_SOPORT": "Bueno", "EXIST_CABL": "NO", "EST_CABLE": "Bueno", "MACIZO_ANC": "NO", "EST_MACIZO": "Bueno", "ZONA_TRANS": "La longitud de la zona de transición es de 17m.", "TP_REVEST": "OTRO", "AREA_REVES": 1.27, "EST_REVEST": "Bueno", "DEFECT_REV": "N.A.", "DSC_EST_TB": "Regular", "DEFECT_TUB": "Corrosión Generalizada", "EVENTO_GEO": "No", "OBSERVACIO": "Tuberia superficial con pintura de poliuretano de altos sólidos (tipo poliuretano alifático)  la cual presenta corrosión generalizada. Se recomienda una nueva aplicación de pintura anticorrosiva incluyendo sandblasting.", "EXISTENTE": "SI", "PROFUNDIDA": 0.0, "LATITUD": 5.1402520040000468, "LONGITUD": -73.097964884999953, "ALTITUD": 1854.9667, "IMAGEN_1": "C003_IMG_20240921_111640.jpg", "IMAGEN_2": "C003_IMG_20240921_111649.jpg", "IMAGEN_3": "C003_IMG_20240921_111655.jpg", "ID": "CCA-369", "ENTREGA": "E52_R3", "CREC_SUBIT": "NO", "DIR_TUB": "PERPENDICULAR" }, "geometry": { "type": "Point", "coordinates": [ -73.097964884999953, 5.140252004000047, 1854.966700000004494 ] } },
{ "type": "Feature", "properties": { "FECHA": "21/09/2024 00:00:00 (UTC)", "DEPTO": "BOYACÁ", "MPIO": "MIRAFLORES", "VEREDA": "MORRO ABAJO", "GASODUCTO": "CUSIANA - PORVENIR", "TRM_RML": "Cusiana - Miraflores", "TP_PK": "Inicio", "PK": "076+191", "TP_DUCTO": "Troncal", "DISTRITO": "5", "DIAMETRO": "20", "TRM_REG": "EL PORVENIR - LA BELLEZA", "ZONA": "3", "SENAL_EX": "SI", "FORMA_ACCE": "DDV", "TP_ACCESO": "Vía destapada", "EST_ACCESO": "Malo", "TP_SECCION": "CRUCE DE PROCESO MORFODINAMICO", "NOM_AGUA": "N.A", "ANCHO_AGUA": 0.0, "TP_AGUA": "N.A.", "UBIC_CRUCE": "Montaña", "CM_TORRENC": "NO", "CANALIZADO": "NO", "ALTERACION": "NO", "ZONA_INUND": "NO", "FORM_CAUCE": "N.A.", "ESTABILID": "N.A.", "TP_MARGEN": "N.A.", "TP_SOPORTE": "Marcos H", "LUZ_SOPORT": 5.0, "EST_SOPORT": "Bueno", "EXIST_CABL": "NO", "EST_CABLE": "Bueno", "MACIZO_ANC": "NO", "EST_MACIZO": "Bueno", "ZONA_TRANS": "La longitud de la zona de transición es de 3m.", "TP_REVEST": "OTRO", "AREA_REVES": 1.27, "EST_REVEST": "Bueno", "DEFECT_REV": "N.A.", "DSC_EST_TB": "Regular", "DEFECT_TUB": "Corrosión Generalizada", "EVENTO_GEO": "No", "OBSERVACIO": "Tuberia superficial con pintura de poliuretano de altos sólidos (tipo poliuretano alifático)  la cual presenta corrosión generalizada. Se recomienda una nueva aplicación de pintura anticorrosiva incluyendo sandblasting.", "EXISTENTE": "SI", "PROFUNDIDA": 0.0, "LATITUD": 5.1401445830000512, "LONGITUD": -73.097795832999964, "ALTITUD": 1874.8667, "IMAGEN_1": "C003_IMG_20240921_105753.jpg", "IMAGEN_2": "C003_IMG_20240921_105758.jpg", "IMAGEN_3": "C003_IMG_20240921_105802.jpg", "ID": "CCA-370", "ENTREGA": "E52_R3", "CREC_SUBIT": "NO", "DIR_TUB": "PERPENDICULAR" }, "geometry": { "type": "Point", "coordinates": [ -73.097795832999964, 5.140144583000051, 1874.866699999998673 ] } },
{ "type": "Feature", "properties": { "FECHA": "22/09/2024 00:00:00 (UTC)", "DEPTO": "BOYACÁ", "MPIO": "MIRAFLORES", "VEREDA": "CHAPASIA", "GASODUCTO": "CUSIANA - PORVENIR", "TRM_RML": "Cusiana - Miraflores", "TP_PK": "Fin", "PK": "079+074", "TP_DUCTO": "Troncal", "DISTRITO": "5", "DIAMETRO": "20", "TRM_REG": "EL PORVENIR - LA BELLEZA", "ZONA": "3", "SENAL_EX": "SI", "FORMA_ACCE": "DDV", "TP_ACCESO": "Sendero a pie", "EST_ACCESO": "Malo", "TP_SECCION": "CRUCE DE CUERPO DE AGUA", "NOM_AGUA": "Quebrada Sucia", "ANCHO_AGUA": 20.0, "TP_AGUA": "Secundaria", "UBIC_CRUCE": "Montaña", "CM_TORRENC": "NO", "CANALIZADO": "NO", "ALTERACION": "NO", "ZONA_INUND": "NO", "FORM_CAUCE": "Semirecto", "ESTABILID": "Estable", "TP_MARGEN": "Izquierdo", "TP_SOPORTE": "Marcos H con cables", "LUZ_SOPORT": 27.0, "EST_SOPORT": "Bueno", "EXIST_CABL": "SI", "EST_CABLE": "Bueno", "MACIZO_ANC": "SI", "EST_MACIZO": "Bueno", "ZONA_TRANS": "La longitud de la zona de transición es de 14m.", "TP_REVEST": "OTRO", "AREA_REVES": 2.032, "EST_REVEST": "Regular", "DEFECT_REV": "Desprendimiento", "DSC_EST_TB": "Regular", "DEFECT_TUB": "Corrosión Generalizada", "EVENTO_GEO": "No", "OBSERVACIO": "Tuberia superficial con pintura de poliuretano de altos sólidos (tipo poliuretano alifático)  la cual presenta corrosión generalizada. Se recomienda una nueva aplicación de pintura anticorrosiva incluyendo sandblasting.", "EXISTENTE": "SI", "PROFUNDIDA": 0.0, "LATITUD": 5.1605902230000424, "LONGITUD": -73.10655511799996, "ALTITUD": 1140.0238, "IMAGEN_1": "C003_IMG_20240922_113714.jpg", "IMAGEN_2": "C003_IMG_20240922_113720.jpg", "IMAGEN_3": "C003_IMG_20240922_113724.jpg", "ID": "CCA-371", "ENTREGA": "E52_R3", "CREC_SUBIT": "SI", "DIR_TUB": "PERPENDICULAR" }, "geometry": { "type": "Point", "coordinates": [ -73.10655511799996, 5.160590223000042, 1140.02379999999539 ] } },
{ "type": "Feature", "properties": { "FECHA": "22/09/2024 00:00:00 (UTC)", "DEPTO": "BOYACÁ", "MPIO": "MIRAFLORES", "VEREDA": "MORRO ABAJO", "GASODUCTO": "CUSIANA - PORVENIR", "TRM_RML": "Cusiana - Miraflores", "TP_PK": "Inicio", "PK": "079+033", "TP_DUCTO": "Troncal", "DISTRITO": "5", "DIAMETRO": "20", "TRM_REG": "EL PORVENIR - LA BELLEZA", "ZONA": "3", "SENAL_EX": "NO", "FORMA_ACCE": "DDV", "TP_ACCESO": "Sendero a pie", "EST_ACCESO": "Malo", "TP_SECCION": "CRUCE DE CUERPO DE AGUA", "NOM_AGUA": "Quebrada Sucia", "ANCHO_AGUA": 20.0, "TP_AGUA": "Secundaria", "UBIC_CRUCE": "Montaña", "CM_TORRENC": "NO", "CANALIZADO": "NO", "ALTERACION": "NO", "ZONA_INUND": "NO", "FORM_CAUCE": "Semirecto", "ESTABILID": "Estable", "TP_MARGEN": "Derecho", "TP_SOPORTE": "Marcos H con cables", "LUZ_SOPORT": 27.0, "EST_SOPORT": "Bueno", "EXIST_CABL": "SI", "EST_CABLE": "Bueno", "MACIZO_ANC": "SI", "EST_MACIZO": "Bueno", "ZONA_TRANS": "La longitud de la zona de transición es de 14m.", "TP_REVEST": "OTRO", "AREA_REVES": 2.032, "EST_REVEST": "Regular", "DEFECT_REV": "Desprendimiento", "DSC_EST_TB": "Regular", "DEFECT_TUB": "Corrosión Generalizada", "EVENTO_GEO": "No", "OBSERVACIO": "Tuberia superficial con pintura de poliuretano de altos sólidos la cual presenta corrosión generalizada. Punto creado en Oficina, no se logró capturar el punto Inicio del cruce aéreo en campo, se encuentra dentro de sin paso.", "EXISTENTE": "SI", "PROFUNDIDA": 0.0, "LATITUD": 5.1602575000001, "LONGITUD": -73.1067025, "ALTITUD": 1140.0238, "IMAGEN_1": "C003_IMG_20240922_114932.jpg", "IMAGEN_2": "C003_IMG_20240922_114937.jpg", "IMAGEN_3": "C003_IMG_20240922_114943.jpg", "ID": "CCA-372", "ENTREGA": "E52_R3", "CREC_SUBIT": "SI", "DIR_TUB": "PERPENDICULAR" }, "geometry": { "type": "Point", "coordinates": [ -73.106702499999983, 5.160257500000057, 1140.02379999999539 ] } }
]
}
