{
"type": "FeatureCollection",
"name": "DuctoC4",
"crs": { "type": "name", "properties": { "name": "urn:ogc:def:crs:OGC:1.3:CRS84" } },
"features": [
{ "type": "Feature", "properties": { "GASODUCTO": "CUSIANA - APIAY - USME", "TRM_RML": "Cusiana - PK65", "TP_DUCTO": "Troncal", "DISTRITO": "4", "DIAMETRO": "12", "TRM_REG": "CUSIANA - APIAY", "ZONA": "3", "PK_INICIO": "026+684", "PK_FIN": "065+948", "LONGITUD": 39.561753247183283, "ANCHO_DDV": "12", "BUFFER": "6" }, "geometry": { "type": "MultiLineString", "coordinates": [ [ [ -72.891372309999952, 4.905052393000062, 434.002800000002026 ], [ -72.891437609999969, 4.904967850000048, 434.654399999999441 ], [ -72.891466929999979, 4.904887080000037, 435.187000000005355 ], [ -72.891506169999957, 4.904779930000075, 435.850200000000768 ], [ -72.891548119999982, 4.904673540000033, 436.290299999993294 ], [ -72.891589169999975, 4.904570830000068, 436.119800000000396 ], [ -72.891631809999978, 4.90446380000003, 435.684999999997672 ], [ -72.891673689999948, 4.904356230000076, 435.127500000002328 ], [ -72.89171521999998, 4.904252610000071, 434.944699999992736 ], [ -72.891757029999951, 4.90414652000004, 435.069199999998091 ], [ -72.89179919999998, 4.904039280000063, 434.454500000007101 ], [ -72.891812539999933, 4.904005450000056, 434.278200000000652 ], [ -72.891824199999974, 4.903976100000023, 434.155799999993178 ], [ -72.891841469999974, 4.903933400000028, 434.031099999992875 ], [ -72.891885159999958, 4.903826380000055, 433.920700000002398 ], [ -72.891927669999973, 4.903719640000077, 433.759000000005472 ], [ -72.891969709999955, 4.903613630000052, 433.595900000000256 ], [ -72.892011399999944, 4.903506020000066, 433.120299999995041 ], [ -72.892096919999972, 4.903292280000073, 432.321100000001024 ], [ -72.892139229999941, 4.903184660000022, 433.14089999999851 ], [ -72.892179429999942, 4.903079930000047, 433.808600000003935 ], [ -72.892221684999981, 4.902978727000061, 434.380099999994854 ], [ -72.892223929999943, 4.902973350000025, 434.407200000001467 ], [ -72.892261409999946, 4.902865800000029, 434.816200000001118 ], [ -72.892285189999939, 4.902752450000037, 435.008799999995972 ], [ -72.892307, 4.902640530000042, 435.088699999992969 ], [ -72.892330489999949, 4.90252748000006, 435.174799999993411 ], [ -72.892352659999972, 4.902415380000036, 435.492499999993015 ], [ -72.892375249999986, 4.902302980000059, 435.823099999994156 ], [ -72.892396979999944, 4.902189380000038, 435.848700000002282 ], [ -72.892441859999963, 4.901965180000047, 435.021800000002258 ], [ -72.892464039999936, 4.901855470000044, 434.745699999999488 ], [ -72.892486659999975, 4.901742540000043, 434.402700000006007 ], [ -72.89251048999995, 4.901629730000025, 434.165399999998044 ], [ -72.892554719999964, 4.901403630000061, 434.003299999996671 ], [ -72.892575619999946, 4.901289960000042, 433.926800000001094 ], [ -72.892597549999948, 4.901176780000071, 433.846399999994901 ], [ -72.892619189999948, 4.901065990000063, 433.698499999998603 ], [ -72.892641809999986, 4.900953390000041, 433.460000000006403 ], [ -72.892664259999947, 4.900844, 432.954100000002654 ], [ -72.892689939999968, 4.900731750000034, 431.952600000004168 ], [ -72.892723649999937, 4.90062185000005, 431.118900000001304 ], [ -72.892787359999943, 4.900527780000061, 430.916700000001583 ], [ -72.892869769999947, 4.900454280000076, 430.914199999999255 ], [ -72.892955189999952, 4.90038074000006, 430.612299999993411 ], [ -72.892992359999937, 4.900348030000032, 430.425900000002002 ], [ -72.893075539999984, 4.900275580000027, 430.278500000000349 ], [ -72.893102789999944, 4.900251660000038, 430.279399999999441 ], [ -72.893160979999948, 4.90019970000003, 430.14770000000135 ], [ -72.893214859999944, 4.900151820000076, 429.951799999995274 ], [ -72.893253469999934, 4.900117960000046, 429.767399999996996 ], [ -72.893338029999938, 4.900042860000042, 429.22280000000319 ], [ -72.893416449999961, 4.899967930000059, 429.0 ], [ -72.893488709999986, 4.899900240000022, 429.0 ], [ -72.893573059999937, 4.899823110000057, 429.0 ], [ -72.893658809999977, 4.899746550000032, 429.223299999997835 ], [ -72.89374700999997, 4.899673500000063, 429.658400000000256 ], [ -72.893843679999975, 4.899612580000053, 429.915800000002491 ], [ -72.893939279999984, 4.89955247000006, 429.907500000001164 ], [ -72.894036089999986, 4.899493950000021, 429.437999999994645 ], [ -72.894132739999975, 4.899434360000043, 428.8606 ], [ -72.894230339999979, 4.899373590000039, 428.635099999999511 ], [ -72.89432598999997, 4.899312710000061, 428.763300000005984 ], [ -72.894424479999941, 4.899253520000059, 428.908299999995506 ], [ -72.89452278999994, 4.899195450000036, 429.780400000003283 ], [ -72.894622649999974, 4.899138, 430.887100000007194 ], [ -72.894722009999953, 4.899080360000028, 431.988299999997253 ], [ -72.894822379999937, 4.899027720000049, 432.36689999999362 ], [ -72.894921769999939, 4.898981010000057, 432.73420000000624 ], [ -72.895025289999978, 4.898933890000023, 432.80899999999383 ], [ -72.895123869999964, 4.898887880000075, 432.494600000005448 ], [ -72.895124299999964, 4.89888768000003, 432.492899999997462 ], [ -72.895228399999951, 4.898841670000024, 432.04330000000482 ], [ -72.895333019999953, 4.898795030000031, 431.122499999997672 ], [ -72.895437469999933, 4.898747120000053, 429.995999999999185 ], [ -72.895540619999963, 4.898697480000067, 428.979200000001583 ], [ -72.895643929999949, 4.898648640000033, 428.597500000003492 ], [ -72.89574467999995, 4.898600220000048, 428.225200000000768 ], [ -72.895848769999986, 4.898550950000072, 428.0 ], [ -72.895888643999967, 4.89853174600006, 428.0 ], [ -72.895951279999963, 4.898501580000072, 428.0 ], [ -72.896054869999944, 4.898455460000037, 428.0 ], [ -72.896159859999955, 4.898410340000055, 428.033599999995204 ], [ -72.896245549999946, 4.898374620000027, 428.150699999998324 ], [ -72.896348699999976, 4.898325280000051, 428.427299999995739 ], [ -72.896450449999975, 4.898272650000024, 428.764299999995274 ], [ -72.896517249999988, 4.89823726000003, 428.907000000006519 ], [ -72.896573098999966, 4.898203347000049, 428.979399999996531 ], [ -72.896613079999952, 4.898179070000026, 428.999400000000605 ], [ -72.896659409999984, 4.898149300000057, 429.217399999994086 ], [ -72.89671586999998, 4.898124540000026, 429.468800000002375 ], [ -72.89679960999996, 4.898083790000044, 429.776299999997718 ], [ -72.896819, 4.898074290000068, 429.834199999997509 ], [ -72.896921749999933, 4.898023270000067, 430.123800000001211 ], [ -72.897021289999941, 4.897968460000072, 430.491500000003725 ], [ -72.897125219999964, 4.897923710000043, 430.875599999999395 ], [ -72.89722796999996, 4.897873980000043, 431.696700000000419 ], [ -72.897327979999943, 4.897823800000026, 432.807000000000698 ], [ -72.897429089999946, 4.897774300000037, 433.920499999992899 ], [ -72.897529859999963, 4.897721840000031, 434.555099999997765 ], [ -72.897629929999937, 4.89766596000004, 435.364000000001397 ], [ -72.897730279999962, 4.89761113000003, 436.302100000000792 ], [ -72.897830819999967, 4.897558650000065, 437.475099999996019 ], [ -72.897928939999986, 4.897502760000066, 438.944300000002841 ], [ -72.898016779999978, 4.89744287000002, 440.740799999999581 ], [ -72.898109259999956, 4.897382340000036, 442.7783999999956 ], [ -72.898199229999989, 4.897311370000068, 444.546799999996438 ], [ -72.898263469999961, 4.897217720000071, 445.596499999999651 ], [ -72.898271689999945, 4.89720120000004, 445.6731 ], [ -72.898319389999983, 4.897102440000026, 445.976399999999558 ], [ -72.898368649999952, 4.896998020000069, 446.154399999999441 ], [ -72.898417759999973, 4.896897980000062, 446.453599999993457 ], [ -72.898469, 4.89679521000005, 446.850300000005518 ], [ -72.898501389999979, 4.896730170000069, 446.970600000000559 ], [ -72.898520479999945, 4.896692210000026, 447.014699999999721 ], [ -72.898551529999963, 4.896628820000046, 447.043600000004517 ], [ -72.898570769999935, 4.896588140000063, 447.033500000005006 ], [ -72.898621719999937, 4.896483710000041, 446.772100000001956 ], [ -72.898673369999983, 4.896379840000066, 446.388800000000629 ], [ -72.898723669999981, 4.896276610000029, 446.00789999999688 ], [ -72.898824149999939, 4.896067470000048, 446.0 ], [ -72.898875049999958, 4.895963470000027, 445.704800000006799 ], [ -72.89892526999995, 4.895860190000064, 444.942599999994854 ], [ -72.898974519999967, 4.895755910000048, 444.172999999995227 ], [ -72.899025119999976, 4.89565231000006, 443.408500000005006 ], [ -72.899075929999981, 4.895549470000049, 442.625499999994645 ], [ -72.899175219999961, 4.895340680000061, 441.750299999999697 ], [ -72.899225939999951, 4.895236780000062, 441.690400000006775 ], [ -72.899277609999956, 4.895133340000029, 441.85559999999532 ], [ -72.899328409999953, 4.895030890000044, 442.008400000006077 ], [ -72.899428359999945, 4.894822490000024, 442.836200000005192 ], [ -72.899478379999948, 4.894718150000074, 443.029200000004494 ], [ -72.899532839999949, 4.894618070000035, 442.914999999993597 ], [ -72.899594389999947, 4.894519990000049, 442.533200000005309 ], [ -72.89965288999997, 4.894423830000051, 442.571299999995972 ], [ -72.899714509999967, 4.894326190000072, 442.77390000000014 ], [ -72.899714789999962, 4.894325760000072, 442.775099999998929 ], [ -72.899840339999969, 4.89413090000005, 442.971499999999651 ], [ -72.899888279999971, 4.894026200000042, 443.48059999999532 ], [ -72.899923599999966, 4.893916300000058, 444.157000000006519 ], [ -72.89995289999996, 4.893805290000046, 444.800099999993108 ], [ -72.899972719999937, 4.893691310000065, 445.618900000001304 ], [ -72.899992919999988, 4.893577660000062, 446.376199999998789 ], [ -72.900014899999974, 4.893464100000074, 447.075299999996787 ], [ -72.900036519999958, 4.893353680000075, 447.690499999996973 ], [ -72.900057109999977, 4.893237230000068, 448.064599999997881 ], [ -72.90007430999998, 4.893125910000037, 448.154099999999744 ], [ -72.900090229999989, 4.893011100000024, 448.103099999992992 ], [ -72.900107669999954, 4.892897890000029, 447.153500000000349 ], [ -72.900123199999939, 4.892783550000047, 446.249400000000605 ], [ -72.900138359999971, 4.892669370000021, 445.384399999995367 ], [ -72.900169549999987, 4.892559680000033, 444.531300000002375 ], [ -72.900235789999954, 4.892465480000055, 443.948600000003353 ], [ -72.90037480999996, 4.892282860000023, 444.413000000000466 ], [ -72.900446059999979, 4.892192050000062, 444.699800000002142 ], [ -72.90051804999996, 4.892101770000068, 443.83520000000135 ], [ -72.900589989999958, 4.892013070000075, 442.976800000004005 ], [ -72.900658949999979, 4.891924730000028, 442.092399999994086 ], [ -72.900730179999982, 4.891833510000026, 441.060400000002119 ], [ -72.90080211999998, 4.891742730000033, 440.124700000000303 ], [ -72.900875399999961, 4.891653250000047, 439.281499999997322 ], [ -72.900946439999984, 4.891563610000048, 439.021500000002561 ], [ -72.901017569999965, 4.891472170000043, 439.0 ], [ -72.901087099999984, 4.891381540000054, 439.026500000007218 ], [ -72.901159969999981, 4.89129304000005, 439.287400000001071 ], [ -72.901235059999976, 4.891205120000052, 439.796900000001187 ], [ -72.901307949999989, 4.891115410000054, 440.934999999997672 ], [ -72.901377779999962, 4.89102328000007, 442.0481 ], [ -72.901449269999944, 4.890932500000076, 443.174599999998463 ], [ -72.901522359999944, 4.890843180000047, 443.957500000004075 ], [ -72.901591049999979, 4.890750820000051, 443.616500000003725 ], [ -72.901655839999933, 4.890658410000071, 443.275399999998626 ], [ -72.901725579999948, 4.890568400000063, 442.943100000004051 ], [ -72.901807159999976, 4.890486680000038, 443.104900000005728 ], [ -72.901888569999983, 4.890407010000047, 443.537200000006123 ], [ -72.901970659999961, 4.890326520000031, 443.613500000006752 ], [ -72.90205149999997, 4.890243700000042, 443.361399999994319 ], [ -72.902129299999956, 4.890164700000071, 443.34759999999369 ], [ -72.902129489999936, 4.890164520000042, 443.34780000000319 ], [ -72.902215109999986, 4.890086840000038, 443.435299999997369 ], [ -72.902305179999985, 4.890014590000021, 443.734700000000885 ], [ -72.902393039999936, 4.889942980000058, 444.209600000001956 ], [ -72.902484679999986, 4.889870840000071, 445.239900000000489 ], [ -72.902572539999937, 4.889800060000027, 446.741299999994226 ], [ -72.902661269999953, 4.88972657000005, 447.256399999998393 ], [ -72.90274949999997, 4.889651440000023, 447.352799999993294 ], [ -72.90292685999998, 4.889504990000034, 447.025399999998626 ], [ -72.903014009999936, 4.889432030000023, 446.13289999999688 ], [ -72.903101979999974, 4.889356950000035, 445.361900000003516 ], [ -72.903190829999971, 4.88928278000003, 444.484299999996438 ], [ -72.903280189999975, 4.889209780000044, 443.936199999996461 ], [ -72.90345259999998, 4.889064330000053, 444.566800000000512 ], [ -72.903537309999933, 4.888991900000065, 445.525999999998021 ], [ -72.903713109999956, 4.888843970000039, 447.682700000004843 ], [ -72.903802049999967, 4.888769840000066, 448.564400000002934 ], [ -72.90380461999996, 4.888767650000034, 448.592799999998533 ], [ -72.903890669999953, 4.888695350000035, 449.626000000003842 ], [ -72.903978839999979, 4.888623690000031, 449.558300000004238 ], [ -72.904032449999988, 4.88858, 449.070000000006985 ], [ -72.904068689999974, 4.888550470000041, 448.776100000002771 ], [ -72.904158689999974, 4.888477410000064, 448.17160000000149 ], [ -72.904236452999953, 4.888413085000025, 447.575100000001839 ], [ -72.904246709999939, 4.888404600000058, 447.320999999996275 ], [ -72.904336489999935, 4.888332460000072, 445.428599999999278 ], [ -72.904425849999939, 4.88825939000003, 444.059599999993225 ], [ -72.904473069999938, 4.888218960000074, 443.538400000004913 ], [ -72.904553069999963, 4.888137500000028, 442.908500000005006 ], [ -72.904622109999934, 4.888052250000044, 442.320300000006682 ], [ -72.904694, 4.88796214000007, 442.041800000006333 ], [ -72.904714709999951, 4.887935080000034, 442.021999999997206 ], [ -72.904784149999955, 4.887842910000074, 442.13310000000638 ], [ -72.90485265999996, 4.887752410000076, 442.385899999993853 ], [ -72.904911719999973, 4.887661130000026, 442.603700000006938 ], [ -72.904963849999945, 4.887562690000038, 443.082099999999627 ], [ -72.904965479999987, 4.887559580000072, 443.109800000005635 ], [ -72.905017819999955, 4.887455970000076, 444.098299999997835 ], [ -72.905068749999941, 4.887353940000025, 444.520199999999022 ], [ -72.905119869999965, 4.887250280000046, 444.061900000000605 ], [ -72.905174709999983, 4.887150270000063, 443.563099999999395 ], [ -72.905233239999973, 4.887050670000065, 443.211200000005192 ], [ -72.905349949999959, 4.886853190000068, 442.780899999997928 ], [ -72.905410109999934, 4.886755810000068, 442.40570000000298 ], [ -72.905471009999985, 4.886657640000067, 442.000400000004447 ], [ -72.905531089999954, 4.88655902000005, 441.917900000000373 ], [ -72.905589279999958, 4.886460440000064, 442.180200000002515 ], [ -72.905649549999964, 4.886362570000074, 442.457200000004377 ], [ -72.905711, 4.886264600000061, 442.577999999994063 ], [ -72.905771749999985, 4.886167310000076, 442.844200000006822 ], [ -72.905830739999942, 4.886068580000028, 442.997399999992922 ], [ -72.905946359999973, 4.885878590000061, 443.418399999995017 ], [ -72.906005409999977, 4.885779090000028, 443.636100000003353 ], [ -72.906062029999987, 4.88568035000003, 443.844899999996414 ], [ -72.906120609999959, 4.885580340000047, 444.092799999998533 ], [ -72.906180199999937, 4.885481070000026, 444.32499999999709 ], [ -72.906238889999941, 4.885382940000056, 444.191600000005565 ], [ -72.906295639999939, 4.885285370000076, 443.743799999996554 ], [ -72.906354309999983, 4.885185730000046, 443.131099999998696 ], [ -72.906413469999961, 4.885086460000025, 442.827699999994365 ], [ -72.906466449999982, 4.884983530000056, 443.005300000004354 ], [ -72.906472089999966, 4.884969310000031, 443.0512000000017 ], [ -72.906510209999965, 4.884868340000025, 443.284499999994296 ], [ -72.90652161099996, 4.884837941000058, 443.221099999995204 ], [ -72.906542909999985, 4.884781150000038, 443.102599999998347 ], [ -72.906544729999951, 4.884776630000033, 443.099199999996927 ], [ -72.906549039999959, 4.884766070000069, 443.093800000002375 ], [ -72.906574919999969, 4.884700210000062, 443.099499999996624 ], [ -72.906581689999939, 4.884683, 443.116399999998976 ], [ -72.906617729999937, 4.884586100000035, 443.062300000005052 ], [ -72.906624579999971, 4.884566580000069, 442.976800000004005 ], [ -72.90666417999995, 4.884462940000049, 442.395499999998719 ], [ -72.906739809999976, 4.884382110000047, 442.337499999994179 ], [ -72.906818619999967, 4.884349390000068, 442.861199999999371 ], [ -72.906823349999968, 4.884348180000075, 442.902700000006007 ], [ -72.906887939999933, 4.884333660000038, 443.457999999998719 ], [ -72.906989204999945, 4.884309759000075, 443.282600000005914 ], [ -72.907035889999975, 4.884298740000077, 443.0337 ], [ -72.907040289999941, 4.884297660000072, 443.010599999994156 ], [ -72.907151159999955, 4.884270250000043, 442.469599999996717 ], [ -72.90726583999998, 4.884265570000025, 442.052100000000792 ], [ -72.907299879999982, 4.884265620000065, 441.9262000000017 ], [ -72.907414749999987, 4.884266490000073, 441.506299999993644 ], [ -72.907522509999978, 4.884266560000071, 441.107000000003609 ], [ -72.90763654999995, 4.884266640000021, 440.684399999998277 ], [ -72.907670579999944, 4.884266910000065, 440.560100000002421 ], [ -72.907745939999984, 4.884269790000076, 440.281600000002072 ], [ -72.907757549999985, 4.884270180000044, 440.227899999998044 ], [ -72.907859359999975, 4.884254870000063, 439.590700000000652 ], [ -72.907946429999981, 4.884196110000062, 438.539999999993597 ], [ -72.907950389999939, 4.884193, 438.484299999996438 ], [ -72.908037259999958, 4.884119080000062, 437.374299999995856 ], [ -72.908116439999958, 4.884037910000075, 436.82499999999709 ], [ -72.908200409999949, 4.883960870000067, 436.540399999998044 ], [ -72.908284419999973, 4.88388395000004, 436.269599999999627 ], [ -72.908366199999989, 4.883805580000057, 436.023499999995693 ], [ -72.908399669999937, 4.883756430000062, 436.204800000006799 ], [ -72.908448229999976, 4.88365465000004, 436.774399999994785 ], [ -72.908502109999972, 4.883563110000068, 437.58640000000014 ], [ -72.908529649999934, 4.883460200000059, 438.5 ], [ -72.908559599999933, 4.883346310000036, 439.473299999997835 ], [ -72.908586639999953, 4.883240360000059, 439.940300000002026 ], [ -72.908611259999986, 4.883134120000022, 439.881099999998696 ], [ -72.908616549999977, 4.883111560000032, 439.896299999993062 ], [ -72.908641779999982, 4.883005840000067, 440.101399999999558 ], [ -72.908665989999974, 4.882901590000074, 440.90559999999823 ], [ -72.908666369999935, 4.882900050000046, 440.918600000004517 ], [ -72.908681659999957, 4.882840030000068, 441.443299999998999 ], [ -72.908707229999948, 4.882735550000064, 442.400500000003376 ], [ -72.908732859999986, 4.882629950000023, 443.548200000004726 ], [ -72.908758, 4.882523630000037, 444.701700000005076 ], [ -72.90878424999994, 4.882418270000073, 445.596099999995204 ], [ -72.908809399999939, 4.882311740000034, 445.950800000005984 ], [ -72.90883354999994, 4.88220517000002, 446.076300000000629 ], [ -72.908857029999979, 4.882097430000044, 446.38640000000305 ], [ -72.908882029999972, 4.881991480000067, 446.61250000000291 ], [ -72.908900979999942, 4.881913910000037, 446.713399999993271 ], [ -72.908926329999986, 4.88180748000002, 447.797999999995227 ], [ -72.908951319999971, 4.881700410000064, 448.89100000000326 ], [ -72.908976509999945, 4.881593570000064, 449.903099999995902 ], [ -72.909002819999955, 4.881487330000027, 450.880399999994552 ], [ -72.909029009999983, 4.881380440000044, 451.940100000007078 ], [ -72.909054909999952, 4.88127393000002, 451.585699999995995 ], [ -72.909074359999977, 4.88119209000007, 451.297000000005937 ], [ -72.909101479999947, 4.88108617000006, 450.752900000006775 ], [ -72.90912813999995, 4.880980210000075, 449.482499999998254 ], [ -72.909152649999953, 4.880881660000057, 448.301999999996042 ], [ -72.909176059999936, 4.880783390000033, 447.430500000002212 ], [ -72.909201979999978, 4.88067723000006, 446.760399999999208 ], [ -72.909227949999945, 4.880570280000029, 446.010999999998603 ], [ -72.909253619999959, 4.880462850000072, 445.128800000005867 ], [ -72.909278359999973, 4.880356290000066, 444.388000000006286 ], [ -72.909283119999941, 4.88033611000003, 444.263800000000629 ], [ -72.909301629999959, 4.880258970000057, 443.655199999993783 ], [ -72.909324469999945, 4.880167550000067, 442.643599999995786 ], [ -72.909351029999982, 4.880061400000045, 441.468999999997322 ], [ -72.909377169999971, 4.87995533000003, 441.135399999999208 ], [ -72.909402099999966, 4.87985032000006, 441.318400000003749 ], [ -72.909428719999937, 4.87974379000002, 441.525200000003679 ], [ -72.909454809999943, 4.879637320000029, 441.969500000006519 ], [ -72.909480439999982, 4.879531010000051, 442.336200000005192 ], [ -72.909505039999942, 4.879425120000064, 442.156099999992875 ], [ -72.909530379999978, 4.879319210000062, 441.467900000003283 ], [ -72.909556649999956, 4.879213170000071, 440.782099999996717 ], [ -72.909565599999951, 4.879177380000044, 440.892900000006193 ], [ -72.909592509999982, 4.879070670000033, 441.642600000006496 ], [ -72.909603229999959, 4.879026580000072, 442.016099999993457 ], [ -72.909652379999955, 4.878823470000043, 442.764599999994971 ], [ -72.909656449999943, 4.878805300000067, 442.749599999995553 ], [ -72.909676069999989, 4.878717430000052, 442.760999999998603 ], [ -72.909705749999944, 4.878612500000031, 442.448600000003353 ], [ -72.909716339999989, 4.878580880000072, 442.225600000005215 ], [ -72.909749459999944, 4.878487330000041, 441.707099999999627 ], [ -72.909777549999944, 4.878409800000043, 441.418900000004214 ], [ -72.909812079999938, 4.878309580000064, 440.466400000004796 ], [ -72.909847269999943, 4.87820602000005, 439.333100000003469 ], [ -72.909876299999951, 4.878118040000061, 438.361799999998766 ], [ -72.909911769999951, 4.878014320000034, 437.608699999997043 ], [ -72.909946829999967, 4.877910540000073, 436.947499999994761 ], [ -72.90998148999995, 4.877806580000026, 436.263500000000931 ], [ -72.910016299999938, 4.877702100000022, 435.414000000004307 ], [ -72.910052109999981, 4.877597740000056, 434.694600000002538 ], [ -72.910086259999957, 4.877493850000064, 434.018899999995483 ], [ -72.910120039999981, 4.87738956000004, 432.896900000007008 ], [ -72.910151739999947, 4.877293370000075, 431.380499999999302 ], [ -72.910187839999935, 4.877190920000032, 429.051000000006752 ], [ -72.910220369999934, 4.877098380000064, 426.791700000001583 ], [ -72.910248879999983, 4.877013190000071, 424.74649999999383 ], [ -72.910274709999953, 4.876936780000051, 423.150200000003679 ], [ -72.910295769999948, 4.876874760000021, 421.854999999995925 ], [ -72.910317219999968, 4.876812440000037, 420.55449999999837 ], [ -72.910350059999985, 4.876718660000051, 419.060299999997369 ], [ -72.910386069999959, 4.876615290000075, 417.986999999993714 ], [ -72.910423199999968, 4.876513910000028, 417.045299999997951 ], [ -72.910460789999945, 4.87641547000004, 416.849000000001979 ], [ -72.910478559999945, 4.876369620000048, 416.837100000004284 ], [ -72.91048010999998, 4.876365700000065, 416.8353000000061 ], [ -72.91049935999996, 4.876317100000051, 416.80000000000291 ], [ -72.910539279999966, 4.876218240000071, 416.627999999996973 ], [ -72.910587969999938, 4.876120250000042, 415.879799999995157 ], [ -72.910650189999956, 4.87602983000005, 414.9951 ], [ -72.910714789999986, 4.875941710000063, 414.0 ], [ -72.910780899999963, 4.875855510000065, 414.0 ], [ -72.910853499999973, 4.875774850000028, 414.0 ], [ -72.910933629999988, 4.875699380000071, 414.0 ], [ -72.911013619999949, 4.875624420000065, 413.75800000000163 ], [ -72.911096959999952, 4.875553210000021, 413.847299999993993 ], [ -72.911146069999972, 4.875514020000026, 413.920400000002701 ], [ -72.911191609999946, 4.875477230000058, 413.984899999995832 ], [ -72.911258779999969, 4.875421840000058, 414.071700000000419 ], [ -72.911341259999972, 4.875351980000062, 413.863100000002305 ], [ -72.911425389999977, 4.875281710000024, 413.654500000004191 ], [ -72.911509059999958, 4.875211710000031, 413.446299999995972 ], [ -72.911592369999937, 4.875141750000068, 413.695699999996577 ], [ -72.911759409999945, 4.874999220000063, 413.608300000007148 ], [ -72.911926449999953, 4.87485995000003, 412.314299999998184 ], [ -72.912009639999951, 4.874789430000021, 411.579400000002352 ], [ -72.912093099999936, 4.874718130000076, 410.946100000001024 ], [ -72.912106089999952, 4.87470718000003, 410.896200000002864 ], [ -72.912176429999988, 4.874647960000061, 410.559699999997974 ], [ -72.912259469999981, 4.874577630000033, 410.193700000003446 ], [ -72.91234301999998, 4.874507530000074, 409.988899999996647 ], [ -72.912426129999972, 4.874437190000037, 411.051300000006449 ], [ -72.912509459999967, 4.87436764000006, 411.337799999993877 ], [ -72.912593949999973, 4.874297410000054, 411.282000000006519 ], [ -72.912751009999965, 4.874166020000075, 410.816399999996065 ], [ -72.912760949999949, 4.874157530000048, 410.847399999998743 ], [ -72.91284466999997, 4.874086790000035, 411.475600000005215 ], [ -72.912928599999987, 4.874017800000047, 411.70339999999851 ], [ -72.913011659999938, 4.87394745000006, 411.183600000003935 ], [ -72.913094729999955, 4.873876900000027, 410.662299999996321 ], [ -72.913108879999982, 4.873865180000053, 410.575700000001234 ], [ -72.913192529999947, 4.873796090000042, 410.474199999996927 ], [ -72.913219179999942, 4.873774420000075, 410.638800000000629 ], [ -72.913276899999971, 4.87372793000003, 410.931899999995949 ], [ -72.913358459999984, 4.873661170000048, 411.086500000004889 ], [ -72.913441799999987, 4.873592260000066, 411.039300000004005 ], [ -72.91352526999998, 4.87352240000007, 411.514899999994668 ], [ -72.91360874999998, 4.873452830000076, 412.540500000002794 ], [ -72.913691569999969, 4.873383570000044, 413.440799999996671 ], [ -72.913774299999943, 4.873314790000052, 415.25789999999688 ], [ -72.913842629999976, 4.87325818000005, 416.815000000002328 ], [ -72.913926539999977, 4.873190180000051, 418.414600000003702 ], [ -72.914012119999938, 4.873122740000042, 419.396699999997509 ], [ -72.914097819999938, 4.873054510000031, 419.743400000006659 ], [ -72.91418294999994, 4.872986660000038, 419.612399999998161 ], [ -72.914265769999986, 4.872920840000063, 419.922900000005029 ], [ -72.914352489999942, 4.872853400000054, 420.946100000001024 ], [ -72.914406589999942, 4.872811010000021, 421.662500000005821 ], [ -72.914437169999985, 4.872786780000069, 422.092799999998533 ], [ -72.914522369999986, 4.872718830000053, 423.194799999997485 ], [ -72.914606909999975, 4.872650150000027, 423.722099999999045 ], [ -72.914691139999945, 4.872582120000061, 424.344200000006822 ], [ -72.914774429999966, 4.872515260000057, 424.959400000007008 ], [ -72.914856659999941, 4.872449850000066, 424.149900000003981 ], [ -72.914940709999939, 4.872382230000028, 422.758600000001024 ], [ -72.914957619999939, 4.872368360000053, 422.463099999993574 ], [ -72.915044079999973, 4.872298240000021, 421.058099999994738 ], [ -72.915184689999933, 4.872185270000045, 419.092399999994086 ], [ -72.915197023999951, 4.872170621000066, 418.944199999998091 ], [ -72.915205822999951, 4.872160170000029, 418.849499999996624 ], [ -72.91522267199997, 4.872140160000072, 418.69890000000305 ], [ -72.915238031999934, 4.872121918000062, 418.569600000002538 ], [ -72.915254549999986, 4.872102300000051, 418.439100000003236 ], [ -72.915258937999965, 4.872090764000063, 418.400599999993574 ], [ -72.915277529999969, 4.87204188000004, 418.252699999997276 ], [ -72.915292019999981, 4.872004520000075, 418.154800000003888 ], [ -72.915322989999936, 4.871941110000023, 417.990699999994831 ], [ -72.915349169999956, 4.871910840000055, 417.797399999995832 ], [ -72.915462629999979, 4.871807520000061, 416.332699999999022 ], [ -72.915506629999982, 4.871767180000063, 415.709799999996903 ], [ -72.915550629999984, 4.871726620000061, 415.0853000000061 ], [ -72.915638309999963, 4.871645650000062, 414.177400000000489 ], [ -72.915680169999973, 4.871606690000021, 413.871700000003329 ], [ -72.915682219999951, 4.871604780000041, 413.854800000000978 ], [ -72.915769789999956, 4.87152326000006, 413.035499999998137 ], [ -72.915813799999967, 4.871482660000026, 412.554000000003725 ], [ -72.915943669999933, 4.871363750000057, 411.424499999993714 ], [ -72.915956859999937, 4.871351380000021, 411.349600000001374 ], [ -72.915964249999945, 4.871343590000038, 411.355299999995623 ], [ -72.915973079999958, 4.871332950000067, 411.365399999995134 ], [ -72.915991919999954, 4.87130293000007, 411.381299999993644 ], [ -72.915996399999983, 4.871293090000052, 411.382199999992736 ], [ -72.916013329999942, 4.871251740000048, 411.389699999999721 ], [ -72.916030776999946, 4.871189160000029, 411.388999999995576 ], [ -72.916038499999956, 4.871161460000053, 411.398100000005797 ], [ -72.916038799999967, 4.871155500000043, 411.392200000002049 ], [ -72.916040619999933, 4.871115530000054, 411.3521999999939 ], [ -72.916041059999941, 4.871106470000029, 411.343599999992875 ], [ -72.916042279999942, 4.871081710000055, 411.320800000001327 ], [ -72.916043019999961, 4.871067040000071, 411.292499999995925 ], [ -72.916045269999984, 4.871014940000066, 411.17939999999362 ], [ -72.916051209999978, 4.870906060000038, 410.939400000002934 ], [ -72.916058039999939, 4.870796660000053, 410.715700000000652 ], [ -72.916064239999969, 4.870725660000062, 410.738200000007055 ], [ -72.916074799999933, 4.87061747000007, 410.776500000007218 ], [ -72.91608193999997, 4.870552150000037, 410.802500000005239 ], [ -72.916087049999987, 4.870508760000064, 410.907900000005611 ], [ -72.916100769999957, 4.870399260000056, 411.315000000002328 ], [ -72.916113189999976, 4.870291630000054, 411.747000000003027 ], [ -72.916135549999979, 4.870186470000021, 411.997300000002724 ], [ -72.916175959999975, 4.870085190000054, 412.490600000004633 ], [ -72.916222519999963, 4.869985640000039, 412.969100000002072 ], [ -72.916273559999979, 4.869889920000048, 413.515400000003865 ], [ -72.916333189999989, 4.869797980000044, 413.850399999995716 ], [ -72.916405849999933, 4.869716630000028, 413.995200000004843 ], [ -72.916430719999937, 4.869689110000024, 414.0 ], [ -72.916504669999938, 4.869608430000028, 414.0 ], [ -72.916578399999935, 4.869528470000034, 414.0 ], [ -72.916652049999982, 4.869447980000075, 414.020199999999022 ], [ -72.916725079999935, 4.869366870000022, 414.37510000000475 ], [ -72.916761949999966, 4.869325710000055, 414.617700000002515 ], [ -72.916777629999956, 4.869308300000057, 414.732900000002701 ], [ -72.916901039999971, 4.869173490000037, 415.862599999993108 ], [ -72.91698576999994, 4.86907965000006, 416.464300000006915 ], [ -72.916997869999989, 4.869066170000053, 416.532800000000861 ], [ -72.917071119999946, 4.868984100000034, 416.853400000007241 ], [ -72.91710747999997, 4.868943890000025, 416.950800000005984 ], [ -72.91718168999995, 4.868864400000064, 416.824900000006892 ], [ -72.917254949999972, 4.868783810000025, 416.200800000005984 ], [ -72.917327349999937, 4.86870164000004, 415.342300000003888 ], [ -72.917399349999982, 4.86861988000004, 414.649300000004587 ], [ -72.917472979999957, 4.868538620000038, 414.107099999993807 ], [ -72.917509989999985, 4.86849785000004, 413.966700000004494 ], [ -72.917647569999986, 4.868342710000036, 414.058699999994133 ], [ -72.917712379999955, 4.868267800000069, 414.30909999999858 ], [ -72.917784169999948, 4.868185710000034, 414.542400000005728 ], [ -72.917851869999936, 4.868106700000055, 414.31710000000021 ], [ -72.917922429999976, 4.86802418000002, 413.979000000006636 ], [ -72.917992839999954, 4.867940740000051, 413.794099999999162 ], [ -72.918064149999964, 4.867858410000053, 413.786600000006729 ], [ -72.91813572999996, 4.867776430000049, 413.766199999998207 ], [ -72.918207969999969, 4.867693710000026, 413.997099999993225 ], [ -72.91827952999995, 4.867611670000031, 414.54769999999553 ], [ -72.918351249999944, 4.867529610000076, 415.050099999993108 ], [ -72.918423589999975, 4.867448490000072, 415.542400000005728 ], [ -72.918495869999958, 4.867366190000041, 416.206500000000233 ], [ -72.918566239999961, 4.867284960000063, 416.999800000005052 ], [ -72.918637299999943, 4.86720224000004, 416.841000000000349 ], [ -72.918709479999961, 4.867119480000042, 416.809899999992922 ], [ -72.918775029999949, 4.867044240000041, 416.922999999995227 ], [ -72.918846009999982, 4.866961730000071, 416.997199999997974 ], [ -72.918916559999957, 4.866879040000072, 416.608600000006845 ], [ -72.91898754999994, 4.866796940000029, 416.375899999999092 ], [ -72.919060429999945, 4.866714820000027, 416.183799999998882 ], [ -72.919186059999959, 4.866572700000063, 415.486699999994016 ], [ -72.919257189999939, 4.86649009000007, 414.961599999995087 ], [ -72.919329049999988, 4.866408500000034, 414.083100000003469 ], [ -72.919383079999989, 4.866348010000024, 413.550600000002305 ], [ -72.919454479999956, 4.866266840000037, 412.928499999994528 ], [ -72.919523839999954, 4.866187770000067, 412.438399999999092 ], [ -72.919595369999968, 4.866105420000054, 411.870299999995041 ], [ -72.919667429999947, 4.866023680000069, 411.313500000003842 ], [ -72.919739079999943, 4.865941750000047, 411.013500000000931 ], [ -72.919810519999942, 4.865860130000044, 411.0 ], [ -72.919881349999969, 4.865777280000032, 411.0 ], [ -72.919892149999953, 4.865764790000071, 411.0 ], [ -72.919953559999954, 4.865694550000057, 410.989199999996345 ], [ -72.920024929999954, 4.865612370000065, 411.0 ], [ -72.920096119999982, 4.865530460000059, 411.0 ], [ -72.920167349999986, 4.865447940000024, 411.0 ], [ -72.920239629999969, 4.865366430000051, 410.476299999994808 ], [ -72.920312359999969, 4.865284690000067, 409.481799999994109 ], [ -72.92038365999997, 4.865202960000033, 408.972999999998137 ], [ -72.920455059999938, 4.865120870000055, 408.940799999996671 ], [ -72.920480379999958, 4.865091320000033, 408.862999999997555 ], [ -72.920504165999944, 4.865063534000058, 408.694499999997788 ], [ -72.920514929999968, 4.865050960000076, 408.624200000005658 ], [ -72.920586409999942, 4.864968690000069, 408.253200000006473 ], [ -72.920607319999988, 4.864944690000073, 408.175099999993108 ], [ -72.920657679999977, 4.864886450000029, 408.042700000005425 ], [ -72.920726169999966, 4.864805880000063, 407.839300000006915 ], [ -72.920756079999933, 4.864769920000072, 407.7216000000044 ], [ -72.920823003999942, 4.864707322000072, 407.631899999993038 ], [ -72.920835909999937, 4.864695250000068, 407.627800000002026 ], [ -72.920876119999946, 4.864672480000024, 407.669800000003306 ], [ -72.920906459999969, 4.864655850000076, 407.718900000007125 ], [ -72.920924339999942, 4.864648100000068, 407.756699999998091 ], [ -72.920972329999984, 4.864637010000024, 407.882500000006985 ], [ -72.920977569999934, 4.864636510000025, 407.897400000001653 ], [ -72.920987199999956, 4.864634920000071, 407.924899999998161 ], [ -72.921108129999936, 4.86462479000005, 407.766900000002352 ], [ -72.921219469999983, 4.864614840000058, 407.4375 ], [ -72.92127413999998, 4.864609640000026, 407.250899999999092 ], [ -72.921331109999983, 4.864603860000045, 407.374299999995856 ], [ -72.921448769999984, 4.864591740000037, 407.730100000000675 ], [ -72.921518639999988, 4.864584660000048, 407.923999999999069 ], [ -72.921588079999935, 4.864566970000055, 408.327900000003865 ], [ -72.921617099999935, 4.864552040000035, 408.576400000005378 ], [ -72.921662940999965, 4.864515410000024, 408.876999999993131 ], [ -72.921666819999984, 4.864512310000066, 408.900399999998626 ], [ -72.921676979999972, 4.864500040000053, 408.93760000000475 ], [ -72.921694289999948, 4.864478960000042, 408.992199999993318 ], [ -72.921752799999979, 4.864424270000029, 409.209400000007008 ], [ -72.921840659999987, 4.864359540000066, 409.634500000000116 ], [ -72.921927809999943, 4.864300090000029, 410.447799999994459 ], [ -72.922022129999959, 4.86424487000005, 411.27270000000135 ], [ -72.922117229999969, 4.864192170000024, 412.110799999994924 ], [ -72.922213189999979, 4.864139270000067, 413.29660000000149 ], [ -72.922322429999952, 4.864079020000077, 414.646099999998114 ], [ -72.922370099999966, 4.86405282000004, 415.299700000003213 ], [ -72.922471679999944, 4.863996540000073, 418.302500000005239 ], [ -72.922566139999958, 4.863943660000075, 421.048899999994319 ], [ -72.92265711999994, 4.863889620000066, 423.7693 ], [ -72.922682929999951, 4.86387368000004, 424.732999999992899 ], [ -72.922740799999985, 4.863821330000064, 426.705600000001141 ], [ -72.922752789999947, 4.863805890000037, 427.0625 ], [ -72.922771909999938, 4.863780700000063, 427.615999999994528 ], [ -72.922785559999966, 4.863762410000049, 427.998000000006869 ], [ -72.922811599999989, 4.863726340000028, 428.657500000001164 ], [ -72.922835179999936, 4.863693340000054, 429.184500000003027 ], [ -72.922855029999937, 4.86366552000004, 429.57829999999376 ], [ -72.922907459999976, 4.863590320000071, 430.376000000003842 ], [ -72.922961379999947, 4.863513050000051, 431.036999999996624 ], [ -72.923020899999983, 4.863427300000069, 432.466599999999744 ], [ -72.923030909999966, 4.863412620000076, 432.759000000005472 ], [ -72.923092329999974, 4.863321540000072, 434.725600000005215 ], [ -72.923151429999962, 4.863229360000048, 436.901899999997113 ], [ -72.923203099999967, 4.863133340000047, 437.483600000006845 ], [ -72.923247469999978, 4.863032470000064, 437.197299999999814 ], [ -72.923252929999933, 4.863019720000068, 437.149499999999534 ], [ -72.923254469999961, 4.863016130000062, 437.135800000003655 ], [ -72.923290039999983, 4.862931670000023, 436.568499999993946 ], [ -72.923332129999949, 4.862830640000027, 435.331399999995483 ], [ -72.923371399999951, 4.862734860000046, 434.251799999998184 ], [ -72.923396079999975, 4.862676400000055, 433.733200000002398 ], [ -72.923439609999946, 4.862575400000026, 433.920700000002398 ], [ -72.923458839999967, 4.862530050000032, 433.982999999992899 ], [ -72.923523409999973, 4.862373650000052, 434.126799999998184 ], [ -72.923571049999964, 4.862255560000051, 434.128899999996065 ], [ -72.923582979999935, 4.862227050000058, 434.089399999997113 ], [ -72.923648109999988, 4.862070650000021, 432.750299999999697 ], [ -72.923674589999962, 4.862006750000035, 431.658500000005006 ], [ -72.923716449999972, 4.861905630000024, 429.742700000002515 ], [ -72.923739229999967, 4.861853810000071, 428.809599999993225 ], [ -72.923743129999934, 4.86184527000006, 428.715100000001257 ], [ -72.923783299999968, 4.861755330000051, 427.719500000006519 ], [ -72.923820569999975, 4.861665530000039, 426.725600000005215 ], [ -72.923862659999941, 4.861565040000073, 426.0 ], [ -72.923872589999974, 4.861541160000058, 426.0 ], [ -72.923914879999984, 4.861439560000065, 426.0 ], [ -72.923938659999976, 4.861383190000026, 426.0 ], [ -72.923966759999985, 4.861316860000045, 426.089099999997416 ], [ -72.923981539999943, 4.861281770000062, 426.347999999998137 ], [ -72.924006489999954, 4.861221740000076, 427.07839999999851 ], [ -72.924048819999939, 4.86112133000006, 428.497499999997672 ], [ -72.924091329999953, 4.861019760000033, 429.767900000006193 ], [ -72.92413143999994, 4.860926310000025, 431.000199999994948 ], [ -72.924171099999967, 4.860833910000053, 432.018299999996088 ], [ -72.924213559999941, 4.860733340000024, 432.426900000005844 ], [ -72.924255649999964, 4.860631570000066, 432.361399999994319 ], [ -72.924291749999952, 4.860544510000068, 432.105899999995017 ], [ -72.924297779999961, 4.860530330000074, 432.053599999999278 ], [ -72.924341029999937, 4.86042967000003, 432.0 ], [ -72.924383679999949, 4.860329570000033, 432.0 ], [ -72.924427059999971, 4.860229470000036, 431.864400000005844 ], [ -72.924471049999966, 4.860129050000069, 431.043900000004214 ], [ -72.924517029999947, 4.860029760000032, 430.357799999997951 ], [ -72.924565239999936, 4.859932170000036, 428.789900000003399 ], [ -72.924617109999986, 4.859835930000031, 426.62850000000617 ], [ -72.92472577999996, 4.859646160000068, 423.357999999992899 ], [ -72.924780109999972, 4.859552110000038, 422.077000000004773 ], [ -72.924833899999953, 4.859457510000027, 420.965400000000955 ], [ -72.924867609999978, 4.859397030000025, 420.156000000002678 ], [ -72.924920529999952, 4.859301040000048, 419.040699999997742 ], [ -72.924972169999933, 4.859209600000042, 418.498300000006566 ], [ -72.925026859999946, 4.859115240000051, 418.082800000003772 ], [ -72.925082159999988, 4.859021530000064, 417.450899999996182 ], [ -72.925145749999956, 4.858938700000067, 416.337100000004284 ], [ -72.925220159999981, 4.858884320000072, 415.373099999997066 ], [ -72.925294689999987, 4.858821990000024, 413.946500000005472 ], [ -72.925345342999947, 4.85874379400002, 412.316600000005565 ], [ -72.925353779999966, 4.858730770000022, 412.047999999995227 ], [ -72.925360479999938, 4.858717370000022, 411.784499999994296 ], [ -72.925364301999934, 4.858709231000034, 411.627399999997579 ], [ -72.925382679999984, 4.858670090000032, 410.895699999993667 ], [ -72.92539850999998, 4.858619430000033, 410.006999999997788 ], [ -72.925427929999955, 4.85848857000002, 409.518899999995483 ], [ -72.925453039999979, 4.858378730000027, 409.113800000006449 ], [ -72.925489619999951, 4.858217240000045, 408.751699999993434 ], [ -72.925503909999975, 4.858152650000022, 408.591100000005099 ], [ -72.925518669999974, 4.858086300000025, 408.399900000003981 ], [ -72.925550129999976, 4.857997920000059, 408.262199999997392 ], [ -72.925560449999978, 4.857980570000052, 408.224199999996927 ], [ -72.925592929999937, 4.857897460000061, 408.10460000000603 ], [ -72.925596119999966, 4.857873470000072, 408.092900000003283 ], [ -72.925626429999966, 4.857774920000054, 408.249700000000303 ], [ -72.925633769999934, 4.857763910000074, 408.367899999997462 ], [ -72.925651043999949, 4.85774037300007, 408.644100000004983 ], [ -72.925698319999981, 4.857675960000051, 409.513099999996484 ], [ -72.925741009999967, 4.857620760000032, 410.408899999994901 ], [ -72.925783829999943, 4.857565230000034, 411.438299999994342 ], [ -72.925790809999967, 4.85755628000004, 411.617199999993318 ], [ -72.925852609999936, 4.857478960000037, 412.73519999999553 ], [ -72.925921109999933, 4.857393900000034, 413.99890000000596 ], [ -72.925988919999952, 4.857308400000022, 415.558099999994738 ], [ -72.92605580999998, 4.85722228000003, 416.829700000002049 ], [ -72.926123169999983, 4.857134960000053, 417.447100000004866 ], [ -72.926189959999988, 4.857048830000053, 417.489900000000489 ], [ -72.926256149999972, 4.85696168000004, 417.186900000000605 ], [ -72.926321579999978, 4.856874300000072, 416.889599999994971 ], [ -72.926386049999962, 4.856786100000022, 416.430200000002515 ], [ -72.926451319999956, 4.856698360000053, 415.93760000000475 ], [ -72.926516499999934, 4.856610800000055, 415.697100000004866 ], [ -72.92664732999998, 4.856433020000054, 415.238400000002002 ], [ -72.926777879999975, 4.856260500000076, 415.892300000006799 ], [ -72.926841359999969, 4.856176310000023, 416.471799999999348 ], [ -72.926906629999962, 4.856088680000028, 416.22960000000603 ], [ -72.926971179999953, 4.856000350000045, 416.290200000003097 ], [ -72.927011979999975, 4.855945700000063, 416.133799999995972 ], [ -72.927078609999967, 4.855857920000062, 415.501000000003842 ], [ -72.927143769999986, 4.855770420000056, 414.777100000006612 ], [ -72.927206419999948, 4.855681580000066, 414.190199999997276 ], [ -72.927265249999948, 4.85559003000003, 413.641900000002352 ], [ -72.92732497999998, 4.855498080000075, 412.963099999993574 ], [ -72.92738473999998, 4.85540571000007, 412.281300000002375 ], [ -72.927431809999973, 4.855333520000045, 411.833899999997811 ], [ -72.92747916999997, 4.855259530000069, 411.54309999999532 ], [ -72.927527439999949, 4.855184160000022, 411.290399999998044 ], [ -72.927586819999988, 4.855092380000031, 410.736600000003818 ], [ -72.927643519999947, 4.854999030000045, 410.345000000001164 ], [ -72.927686489999985, 4.854919510000059, 410.131899999993038 ], [ -72.927729699999986, 4.854838510000036, 410.010500000003958 ], [ -72.927781329999959, 4.854741940000054, 410.299400000003516 ], [ -72.927868949999947, 4.85458133000003, 411.456500000000233 ], [ -72.927882089999969, 4.854556820000028, 411.669899999993504 ], [ -72.927933049999979, 4.85446064000007, 412.055999999996857 ], [ -72.92798358999994, 4.854363970000065, 412.428599999999278 ], [ -72.928036099999986, 4.854267910000033, 412.815799999996671 ], [ -72.928103439999973, 4.854144250000047, 412.843800000002375 ], [ -72.928154579999955, 4.854048910000074, 412.655299999998533 ], [ -72.928154959999972, 4.854048190000071, 412.653900000004796 ], [ -72.928205639999987, 4.853951290000055, 412.013699999995879 ], [ -72.928257389999942, 4.853855020000026, 411.112399999998161 ], [ -72.928309529999979, 4.853758900000059, 410.210800000000745 ], [ -72.928361389999964, 4.853662750000069, 409.309999999997672 ], [ -72.928412879999939, 4.853566440000066, 408.409299999999348 ], [ -72.928458189999958, 4.853480690000026, 407.609500000005937 ], [ -72.928502339999966, 4.853398930000026, 406.843299999993178 ], [ -72.928541339999981, 4.853327230000048, 406.170299999997951 ], [ -72.928593209999974, 4.853231530000073, 405.2728000000061 ], [ -72.928631, 4.853160040000034, 404.767200000002049 ], [ -72.928664099999935, 4.853096480000033, 404.480899999995017 ], [ -72.928715569999952, 4.853, 404.154399999999441 ], [ -72.928767809999954, 4.852903640000022, 404.056100000001607 ], [ -72.928819339999961, 4.85280774000006, 404.355200000005425 ], [ -72.92887092999996, 4.852711740000075, 404.789300000004005 ], [ -72.928922059999934, 4.852615040000046, 405.02740000000631 ], [ -72.928974219999986, 4.85251868000006, 405.187999999994645 ], [ -72.929025649999971, 4.852422500000046, 405.482600000003004 ], [ -72.92904158999994, 4.852391930000067, 405.603000000002794 ], [ -72.929075729999965, 4.852326060000053, 405.682300000000396 ], [ -72.929125449999958, 4.85222858000003, 405.879300000000512 ], [ -72.92917142999994, 4.852129560000037, 405.990499999999884 ], [ -72.929207339999948, 4.852026350000074, 405.670100000003004 ], [ -72.929234839999936, 4.851920690000043, 405.280400000003283 ], [ -72.929256559999942, 4.851813790000051, 404.932400000005146 ], [ -72.929272149999974, 4.851706110000066, 404.725600000005215 ], [ -72.929278189999934, 4.851624070000071, 404.580900000000838 ], [ -72.92928207999995, 4.851582540000038, 404.515700000003562 ], [ -72.929290573999936, 4.851489813000057, 403.767699999996694 ], [ -72.929292069999974, 4.851473480000038, 403.626399999993737 ], [ -72.929300629999943, 4.851371120000067, 402.750299999999697 ], [ -72.929301129999942, 4.851365050000027, 402.698999999993248 ], [ -72.92931901999998, 4.851258170000051, 401.778999999994994 ], [ -72.929339239999933, 4.851202740000076, 401.314400000002934 ], [ -72.929379669999946, 4.851101520000043, 400.49189999999362 ], [ -72.929430959999934, 4.851005350000037, 399.954800000006799 ], [ -72.929487799999947, 4.850919910000073, 399.949800000002142 ], [ -72.929552799999954, 4.850833130000069, 400.126499999998487 ], [ -72.929625649999934, 4.850751560000049, 400.513500000000931 ], [ -72.92969968999995, 4.850671140000031, 401.062900000004447 ], [ -72.929773799999964, 4.85059147000004, 401.428400000004331 ], [ -72.929847979999977, 4.850511920000031, 401.633499999996275 ], [ -72.929872259999968, 4.850485870000057, 401.661200000002282 ], [ -72.92992277999997, 4.850433860000066, 401.65570000000298 ], [ -72.929990079999982, 4.85036456000006, 401.538499999995111 ], [ -72.929997679999985, 4.850355950000051, 401.506699999998091 ], [ -72.930070279999939, 4.850276830000041, 401.214600000006612 ], [ -72.930129169999987, 4.850218430000041, 400.99890000000596 ], [ -72.930144419999976, 4.850203330000056, 400.943100000004051 ], [ -72.930149949999986, 4.850197820000062, 400.922800000000279 ], [ -72.930175792999989, 4.850174208000055, 400.835600000005797 ], [ -72.930176819999986, 4.850173270000028, 400.832099999999627 ], [ -72.930180439999958, 4.850170350000042, 400.821299999995972 ], [ -72.930181769999933, 4.850169310000069, 400.817500000004657 ], [ -72.930193929999973, 4.850160240000037, 400.783999999999651 ], [ -72.930205, 4.850152610000066, 400.755799999998999 ], [ -72.930226149999953, 4.850138010000023, 400.701799999995274 ], [ -72.930294689999982, 4.850090350000073, 400.636899999997695 ], [ -72.930323869999938, 4.850070380000034, 400.639500000004773 ], [ -72.930389709999986, 4.850011220000056, 400.682100000005448 ], [ -72.930399539999939, 4.849993050000023, 400.684500000003027 ], [ -72.930403619999936, 4.849983660000021, 400.684500000003027 ], [ -72.93047391999994, 4.84982487000002, 400.034599999999045 ], [ -72.930492289999961, 4.849783160000072, 399.76940000000468 ], [ -72.930536219999965, 4.849682690000066, 399.042400000005728 ], [ -72.930580659999976, 4.84958161000003, 398.851500000004307 ], [ -72.930603209999958, 4.849530680000044, 398.861799999998766 ], [ -72.930655469999977, 4.849413570000024, 399.125299999999697 ], [ -72.930681449999952, 4.84935452000002, 399.574399999997695 ], [ -72.930707059999975, 4.849295770000026, 400.015199999994365 ], [ -72.930757959999937, 4.849179, 400.769799999994575 ], [ -72.93078638999998, 4.84911347000002, 400.9712 ], [ -72.930813669999964, 4.849051410000072, 400.689799999992829 ], [ -72.930862909999973, 4.84897624000007, 400.238299999997253 ], [ -72.930866229999936, 4.848973310000076, 400.220799999995506 ], [ -72.93092938999996, 4.848901310000031, 399.513500000000931 ], [ -72.930933369999934, 4.848893430000032, 399.410000000003492 ], [ -72.930966599999977, 4.848820330000024, 398.449399999997695 ], [ -72.930987493999964, 4.848778567000068, 397.873399999996764 ], [ -72.931015559999935, 4.848722470000041, 397.024999999994179 ], [ -72.931056769999941, 4.848654820000036, 395.947299999999814 ], [ -72.931115519999935, 4.848562780000066, 395.342900000003283 ], [ -72.931189289999963, 4.848449200000061, 395.78059999999823 ], [ -72.931196969999974, 4.84843735000004, 395.813099999999395 ], [ -72.931245609999962, 4.848361020000027, 395.962599999998929 ], [ -72.931304259999933, 4.848269530000039, 396.008400000006077 ], [ -72.931364419999966, 4.84817836000002, 395.916100000002189 ], [ -72.93142421999994, 4.848087830000054, 395.945800000001327 ], [ -72.93148341999995, 4.847996370000033, 395.7981 ], [ -72.931541409999966, 4.847905060000073, 395.461100000000442 ], [ -72.931600989999936, 4.847812370000042, 395.215299999996205 ], [ -72.931612969999946, 4.847793990000071, 395.237099999998463 ], [ -72.931626449999953, 4.847773310000036, 395.239900000000489 ], [ -72.931672509999942, 4.847701340000071, 395.048500000004424 ], [ -72.93167348999998, 4.847699760000069, 395.043999999994412 ], [ -72.931699109999954, 4.847659030000045, 394.932400000005146 ], [ -72.931710651999936, 4.847640831000035, 394.883199999996577 ], [ -72.931773729999975, 4.847541370000044, 394.614300000001094 ], [ -72.931790209999974, 4.847515530000067, 394.545100000003004 ], [ -72.931807359999937, 4.847488890000022, 394.489100000006147 ], [ -72.931850639999936, 4.847423380000066, 394.319600000002538 ], [ -72.931913409999936, 4.847334260000025, 393.912299999996321 ], [ -72.931986909999978, 4.84725289000005, 393.582699999999022 ], [ -72.932059379999941, 4.847183170000051, 393.742499999993015 ], [ -72.932131369999979, 4.847111670000061, 394.004400000005262 ], [ -72.932144559999983, 4.847099090000029, 394.027700000006007 ], [ -72.932221849999962, 4.847027, 394.075200000006589 ], [ -72.932294209999952, 4.846957160000045, 394.0 ], [ -72.932373319999954, 4.846882120000032, 394.0 ], [ -72.932451969999988, 4.846806360000073, 394.077699999994365 ], [ -72.932529489999979, 4.846731840000075, 394.061900000000605 ], [ -72.932584229999975, 4.84667907000005, 394.044500000003609 ], [ -72.93265415999997, 4.846611960000075, 394.293999999994412 ], [ -72.932732829999964, 4.846535010000025, 394.918699999994715 ], [ -72.932781509999984, 4.846487210000021, 395.275099999998929 ], [ -72.932859579999956, 4.846413150000046, 395.71140000000014 ], [ -72.93285998999994, 4.846412780000037, 395.713300000003073 ], [ -72.933019049999984, 4.846262350000075, 396.285799999997835 ], [ -72.933044669999958, 4.846237300000041, 396.380399999994552 ], [ -72.933097309999937, 4.84618499000004, 396.574800000002142 ], [ -72.933175909999989, 4.846107730000028, 396.713199999998324 ], [ -72.933253629999967, 4.846031400000072, 396.928899999998976 ], [ -72.933329859999958, 4.845956280000053, 397.246799999993527 ], [ -72.933407379999949, 4.845879490000073, 397.439100000003236 ], [ -72.933486049999942, 4.845803570000044, 398.030100000003586 ], [ -72.933572879999986, 4.845722230000035, 398.99189999999362 ], [ -72.933646309999972, 4.84565316000004, 399.805300000007264 ], [ -72.933705319999945, 4.84559758000006, 400.459000000002561 ], [ -72.933784089999961, 4.845521810000037, 401.110499999995227 ], [ -72.933863049999957, 4.845446530000061, 401.402000000001863 ], [ -72.933910459999936, 4.845400680000068, 401.577099999994971 ], [ -72.933967719999941, 4.845344780000062, 401.788499999995111 ], [ -72.934045499999968, 4.845268100000055, 401.392300000006799 ], [ -72.934124329999975, 4.845191140000054, 400.717499999998836 ], [ -72.934203399999944, 4.845116090000033, 400.217399999994086 ], [ -72.934282259999975, 4.845040940000047, 399.769100000004983 ], [ -72.934356769999965, 4.844969440000057, 399.380600000004051 ], [ -72.93443493999996, 4.844893200000058, 398.851899999994203 ], [ -72.934564279999961, 4.844769080000049, 397.99890000000596 ], [ -72.934611059999952, 4.844723710000039, 398.327699999994365 ], [ -72.934669519999943, 4.844667210000068, 398.759399999995367 ], [ -72.934723729999973, 4.844613910000021, 399.159700000003795 ], [ -72.934782129999974, 4.844557120000047, 399.5908999999956 ], [ -72.934857109999939, 4.844485720000023, 400.153999999994994 ], [ -72.934902569999963, 4.844441650000022, 400.249800000005052 ], [ -72.934989749999943, 4.84435650000006, 400.281700000006822 ], [ -72.935101229999987, 4.844245130000047, 399.971799999999348 ], [ -72.935175039999933, 4.844165170000053, 399.650200000003679 ], [ -72.93524113999996, 4.844078650000029, 399.330799999996088 ], [ -72.935306819999937, 4.843991600000038, 399.009500000000116 ], [ -72.935371759999953, 4.843903860000069, 399.0 ], [ -72.935437209999975, 4.84381680000007, 399.05800000000454 ], [ -72.935456429999988, 4.84379086000007, 399.131699999998091 ], [ -72.935517489999938, 4.843700990000059, 399.541899999996531 ], [ -72.935530699999958, 4.843680420000055, 399.636100000003353 ], [ -72.935574069999973, 4.843611580000072, 400.000799999994342 ], [ -72.935578857999985, 4.84360414300005, 400.045700000002398 ], [ -72.935623059999955, 4.843535490000022, 400.505099999994854 ], [ -72.935657049999975, 4.843483410000033, 400.848400000002584 ], [ -72.935730279999973, 4.843367410000042, 400.705499999996391 ], [ -72.935781439999971, 4.843286870000043, 400.516799999997602 ], [ -72.935824949999983, 4.843217920000029, 400.356299999999464 ], [ -72.935868539999944, 4.843149800000049, 399.981299999999464 ], [ -72.935927629999981, 4.843059680000067, 399.104300000006333 ], [ -72.935986729999968, 4.842967920000035, 398.166200000006938 ], [ -72.93602341999997, 4.842910850000067, 397.657500000001164 ], [ -72.93605961999998, 4.842853590000061, 397.303400000004331 ], [ -72.936118089999979, 4.842760620000035, 396.981299999999464 ], [ -72.936177029999953, 4.842668900000035, 396.957099999999627 ], [ -72.93623507999996, 4.842576780000059, 396.820800000001327 ], [ -72.936293329999955, 4.842484570000067, 396.652499999996508 ], [ -72.936351359999946, 4.842392360000076, 396.629700000004959 ], [ -72.936410529999989, 4.842300490000071, 396.430500000002212 ], [ -72.936454139999967, 4.842231820000052, 396.027700000006007 ], [ -72.936555149999947, 4.842070370000044, 395.336999999999534 ], [ -72.936613579999971, 4.841976930000044, 395.552599999995437 ], [ -72.936673499999984, 4.841884440000058, 395.773600000000442 ], [ -72.936731979999934, 4.841793820000021, 395.989300000001094 ], [ -72.93679149999997, 4.841701510000064, 396.417700000005425 ], [ -72.936849919999986, 4.841610180000032, 396.848599999997532 ], [ -72.936909399999934, 4.841518540000038, 397.21140000000014 ], [ -72.937026079999953, 4.841334460000041, 397.261499999993248 ], [ -72.93708393999998, 4.841241530000048, 397.368300000001909 ], [ -72.937142989999984, 4.841148640000029, 397.993799999996554 ], [ -72.937261589999935, 4.840965420000032, 399.677800000004936 ], [ -72.93732013999994, 4.840873420000037, 399.580100000006496 ], [ -72.937374489999968, 4.840786550000075, 399.474700000006123 ], [ -72.937433349999935, 4.840694550000023, 399.325200000006589 ], [ -72.937491879999982, 4.840602660000059, 398.89890000000014 ], [ -72.93755023999995, 4.840510230000064, 398.32829999999376 ], [ -72.937608699999942, 4.840418050000039, 398.04330000000482 ], [ -72.937668439999982, 4.840325580000069, 397.922300000005635 ], [ -72.93772802999996, 4.840234090000024, 397.80449999999837 ], [ -72.937786279999955, 4.840143180000041, 397.854399999996531 ], [ -72.937844439999935, 4.840050930000075, 398.092600000003586 ], [ -72.937902549999933, 4.839958240000044, 398.307000000000698 ], [ -72.937950909999984, 4.839882850000038, 398.41009999999369 ], [ -72.938009179999938, 4.839790120000032, 398.351999999998952 ], [ -72.938067179999962, 4.839696840000045, 398.144799999994575 ], [ -72.938125429999957, 4.839605290000065, 397.3557 ], [ -72.93818226999997, 4.839515880000022, 396.305399999997462 ], [ -72.938241299999959, 4.83942391000005, 395.369200000001001 ], [ -72.938299889999939, 4.839331380000033, 394.809599999993225 ], [ -72.938358539999967, 4.839238540000053, 394.466899999999441 ], [ -72.938408799999934, 4.839158510000061, 394.31590000000142 ], [ -72.938456289999976, 4.839085330000046, 394.216499999994994 ], [ -72.938458059999959, 4.839082640000072, 394.208899999997811 ], [ -72.938523859999975, 4.838981150000052, 393.826400000005378 ], [ -72.938550609999936, 4.838939610000068, 393.617199999993318 ], [ -72.938595809999981, 4.838869270000032, 393.193899999998393 ], [ -72.938664399999936, 4.838758940000048, 392.358200000002398 ], [ -72.938678969999955, 4.838735280000037, 392.15240000000631 ], [ -72.938710769999943, 4.838683740000022, 391.671300000001793 ], [ -72.938768329999959, 4.838590940000074, 390.691699999995762 ], [ -72.938821789999963, 4.838507260000029, 390.232300000003306 ], [ -72.93884989999998, 4.838462710000044, 390.119999999995343 ], [ -72.938868649999961, 4.838433020000025, 390.063999999998487 ], [ -72.938930339999956, 4.838338330000056, 390.112099999998463 ], [ -72.938955009999972, 4.838300360000062, 390.189799999992829 ], [ -72.938987979999979, 4.838249150000024, 390.367899999997462 ], [ -72.939058049999971, 4.838138210000068, 390.907099999996717 ], [ -72.939102839999975, 4.838066110000057, 391.365799999999581 ], [ -72.939161149999961, 4.837973440000042, 391.888300000005984 ], [ -72.939219519999938, 4.83788284000002, 392.329199999992852 ], [ -72.939277919999938, 4.837790670000061, 392.759999999994761 ], [ -72.939335609999944, 4.837698130000035, 393.056200000006356 ], [ -72.939393149999944, 4.837605040000028, 393.157699999996112 ], [ -72.939401009999983, 4.837592620000066, 393.161200000002282 ], [ -72.939447499999972, 4.837519850000035, 393.129199999995762 ], [ -72.939570269999933, 4.83732714000007, 393.507299999997485 ], [ -72.939582319999943, 4.83730791000005, 393.499100000000908 ], [ -72.939592299999958, 4.837291900000025, 393.482799999997951 ], [ -72.939628269999957, 4.837234350000074, 393.351899999994203 ], [ -72.939746659999969, 4.837050410000074, 392.824699999997392 ], [ -72.939805709999973, 4.836958920000029, 392.364000000001397 ], [ -72.939864549999982, 4.836866800000053, 392.354699999996228 ], [ -72.939923349999958, 4.836774520000063, 392.582800000003772 ], [ -72.939982639999982, 4.836681810000073, 392.959799999996903 ], [ -72.940006149999988, 4.836644620000072, 392.562300000005052 ], [ -72.940041169999972, 4.836589080000067, 391.79660000000149 ], [ -72.940099689999954, 4.836497, 390.759300000005169 ], [ -72.940158079999946, 4.836404510000023, 390.012700000006589 ], [ -72.940232279999975, 4.836289310000041, 389.540399999998044 ], [ -72.940291589999958, 4.836197920000075, 389.244800000000396 ], [ -72.940350069999965, 4.836106600000051, 389.092199999999139 ], [ -72.940407489999984, 4.836013310000055, 389.436499999996158 ], [ -72.940425265999977, 4.835985074000064, 389.540699999997742 ], [ -72.940524, 4.835828240000069, 390.002800000002026 ], [ -72.940582349999943, 4.835736200000042, 389.808600000003935 ], [ -72.940640969999947, 4.835644030000026, 389.592399999994086 ], [ -72.940699649999942, 4.835552220000068, 389.289600000003702 ], [ -72.94075861999994, 4.835461210000062, 388.759300000005169 ], [ -72.940785989999938, 4.835418610000033, 388.462299999999232 ], [ -72.940817179999954, 4.835369380000031, 388.129300000000512 ], [ -72.940842779999969, 4.835329480000041, 387.887600000001839 ], [ -72.940900939999949, 4.835237690000042, 387.743100000006962 ], [ -72.940959799999973, 4.835145470000043, 387.789600000003702 ], [ -72.940993359999936, 4.835093920000077, 387.87960000000021 ], [ -72.941052709999951, 4.835002360000033, 388.335399999996298 ], [ -72.941111339999964, 4.834910090000051, 388.873800000001211 ], [ -72.941168109999978, 4.834818510000048, 389.340400000000955 ], [ -72.941222359999983, 4.834731590000047, 389.614900000000489 ], [ -72.94124592999998, 4.834694800000022, 389.66370000000461 ], [ -72.941346639999949, 4.834538270000053, 389.8606 ], [ -72.941406589999985, 4.83444908000007, 389.326799999995274 ], [ -72.941419419999988, 4.834430640000051, 389.164099999994505 ], [ -72.941477559999953, 4.834348840000075, 388.433099999994738 ], [ -72.94150548999994, 4.834310790000075, 388.086599999995087 ], [ -72.941570079999963, 4.834223360000067, 387.323000000003958 ], [ -72.941634399999941, 4.834134370000072, 387.045400000002701 ], [ -72.941699639999968, 4.834050470000022, 387.099799999996321 ], [ -72.941768389999936, 4.833964390000062, 387.000599999999395 ], [ -72.941844309999965, 4.833870040000022, 386.305600000006962 ], [ -72.94190384999996, 4.833794300000022, 385.654800000003888 ], [ -72.941972609999937, 4.833710220000057, 384.785000000003492 ], [ -72.942045099999973, 4.833628610000062, 383.892800000001444 ], [ -72.942114939999954, 4.833552330000032, 382.753899999996065 ], [ -72.942186469999967, 4.83347327000007, 381.213199999998324 ], [ -72.942258469999956, 4.833391800000072, 379.844800000006217 ], [ -72.942289409999944, 4.833356580000043, 379.525399999998626 ], [ -72.942360969999982, 4.83327429000002, 379.015700000003562 ], [ -72.942433609999966, 4.833193550000033, 378.822700000004261 ], [ -72.942506759999958, 4.833114530000046, 378.747700000007171 ], [ -72.942547179999963, 4.833070200000066, 378.691200000001118 ], [ -72.942620569999974, 4.832989910000038, 378.712799999993877 ], [ -72.942646669999988, 4.832961180000041, 378.759799999999814 ], [ -72.942693549999944, 4.832910390000052, 378.892500000001746 ], [ -72.942767019999962, 4.832831550000037, 379.641699999992852 ], [ -72.942840669999953, 4.832751460000054, 380.276599999997416 ], [ -72.942914489999964, 4.832670940000071, 380.751699999993434 ], [ -72.942932419999977, 4.832651230000067, 380.842799999998533 ], [ -72.94295558999994, 4.832625140000061, 380.946299999995972 ], [ -72.942992259999983, 4.832582930000058, 381.236600000003818 ], [ -72.94306555999998, 4.832500930000037, 381.779399999999441 ], [ -72.943139749999943, 4.832420670000033, 382.00789999999688 ], [ -72.943213519999972, 4.832341930000041, 381.920199999993201 ], [ -72.943287849999933, 4.832262320000041, 382.175700000007055 ], [ -72.943295109999951, 4.832254400000068, 382.202499999999418 ], [ -72.943361869999933, 4.832182040000021, 382.44890000000305 ], [ -72.943436149999968, 4.832102330000055, 382.723100000002887 ], [ -72.943509869999957, 4.832022790000053, 382.827399999994668 ], [ -72.943583589999946, 4.831943510000031, 382.395099999994272 ], [ -72.94365726999996, 4.831863800000065, 382.112899999992806 ], [ -72.943731429999957, 4.831783750000056, 381.857799999997951 ], [ -72.943794499999967, 4.831716350000022, 381.069399999993038 ], [ -72.943796469999938, 4.831714230000046, 381.041299999997136 ], [ -72.943805079999947, 4.831704960000025, 380.919500000003609 ], [ -72.943877629999974, 4.831626490000076, 379.97609999999986 ], [ -72.943951329999948, 4.831546250000031, 379.172099999996135 ], [ -72.94402335999996, 4.831465860000037, 378.127099999997881 ], [ -72.944097189999979, 4.831384670000034, 377.066900000005262 ], [ -72.944170029999952, 4.83130594000005, 376.172999999995227 ], [ -72.944243529999937, 4.831224890000044, 375.589500000001863 ], [ -72.944315429999961, 4.83114506000004, 375.560200000007171 ], [ -72.944389489999935, 4.831064550000065, 376.021299999993062 ], [ -72.944462889999954, 4.830985980000037, 376.544099999999162 ], [ -72.944537339999954, 4.830905840000071, 377.072700000004261 ], [ -72.944611369999961, 4.830825620000041, 377.560100000002421 ], [ -72.944651619999945, 4.830781420000051, 377.720900000000256 ], [ -72.944722639999952, 4.830703240000048, 377.946899999995367 ], [ -72.944730299999947, 4.830694880000067, 378.00109999999404 ], [ -72.944791565999935, 4.830621374000032, 378.298200000004726 ], [ -72.944794719999948, 4.830617590000031, 378.306800000005751 ], [ -72.944806279999966, 4.830601640000054, 378.328599999993457 ], [ -72.944850579999979, 4.830506460000038, 378.207399999999325 ], [ -72.944850779999967, 4.830504900000051, 378.202699999994365 ], [ -72.944866139999988, 4.830418060000056, 378.093599999992875 ], [ -72.94486797999997, 4.830413890000045, 378.114300000001094 ], [ -72.944876389999934, 4.830397940000069, 378.192800000004354 ], [ -72.944942289999972, 4.830298020000043, 378.515499999994063 ], [ -72.945065739999961, 4.830115860000035, 377.792000000001281 ], [ -72.94508615999996, 4.830085480000037, 377.487099999998463 ], [ -72.945158079999942, 4.82997892000003, 376.573300000003655 ], [ -72.945193889999985, 4.82992543000006, 376.178400000004331 ], [ -72.94522963999998, 4.829871870000034, 375.928599999999278 ], [ -72.945301549999954, 4.829765160000022, 375.802899999995134 ], [ -72.945311629999935, 4.829750280000042, 375.801999999996042 ], [ -72.945373519999976, 4.829658470000027, 375.886199999993551 ], [ -72.945412639999972, 4.829599970000061, 376.276199999992969 ], [ -72.945450489999985, 4.829543560000047, 377.111499999999069 ], [ -72.945515349999937, 4.829485280000029, 378.260599999994156 ], [ -72.945533479999938, 4.829476400000033, 378.52730000000156 ], [ -72.945566309999947, 4.829455550000034, 379.045299999997951 ], [ -72.945595, 4.829425720000074, 379.583299999998417 ], [ -72.945607879999955, 4.829407580000066, 379.859800000005635 ], [ -72.945657419999975, 4.829337080000073, 380.6106 ], [ -72.945658739999942, 4.829335170000036, 380.611399999994319 ], [ -72.94570688999994, 4.829241090000039, 380.377999999996973 ], [ -72.945739539999977, 4.829137740000021, 379.993499999996857 ], [ -72.945771029999946, 4.829091710000057, 380.038799999994808 ], [ -72.94583302999996, 4.829001230000074, 380.522200000006706 ], [ -72.94589536999996, 4.828912130000049, 380.875599999999395 ], [ -72.945909309999934, 4.828892047000068, 380.933399999994435 ], [ -72.945957529999987, 4.828822580000065, 381.129100000005565 ], [ -72.946014679999962, 4.828737450000062, 381.813299999994342 ], [ -72.946070789999965, 4.828653030000055, 382.241200000004028 ], [ -72.946130909999965, 4.828562660000046, 382.413799999994808 ], [ -72.946190589999958, 4.828475550000064, 382.279999999998836 ], [ -72.946252459999982, 4.828385100000048, 381.807700000004843 ], [ -72.946312569999975, 4.828296550000061, 381.153999999994994 ], [ -72.946372079999946, 4.828207420000069, 381.0 ], [ -72.946433879999972, 4.828117540000051, 381.0 ], [ -72.946495339999956, 4.828029320000041, 380.990300000004936 ], [ -72.946556419999979, 4.827940210000065, 380.762799999996787 ], [ -72.946618439999952, 4.82784982000004, 380.533999999999651 ], [ -72.946680179999987, 4.827758460000041, 380.306200000006356 ], [ -72.94673150999995, 4.82768346000006, 380.095100000005914 ], [ -72.946793649999961, 4.827592750000065, 380.053899999998976 ], [ -72.946855359999972, 4.827501940000047, 380.048999999999069 ], [ -72.946915889999957, 4.827411380000058, 379.917000000001281 ], [ -72.946978139999942, 4.827320230000055, 379.89100000000326 ], [ -72.947040799999968, 4.827230020000059, 380.024300000004587 ], [ -72.947102799999982, 4.827139970000076, 380.061100000006263 ], [ -72.947164269999973, 4.827048930000046, 379.951799999995274 ], [ -72.947225489999937, 4.826957010000058, 379.838399999993271 ], [ -72.947287529999983, 4.826866160000066, 379.921199999997043 ], [ -72.947349889999941, 4.826775550000036, 380.164600000003702 ], [ -72.947412009999937, 4.82668472000006, 380.393800000005285 ], [ -72.947473019999961, 4.826593270000046, 380.329100000002654 ], [ -72.947530709999967, 4.826507810000066, 380.21809999999823 ], [ -72.947534559999951, 4.826502170000026, 380.215700000000652 ], [ -72.947594219999985, 4.826414640000053, 380.188299999994342 ], [ -72.947667189999947, 4.826306720000048, 379.978099999992992 ], [ -72.947689829999945, 4.826273370000024, 379.864700000005541 ], [ -72.947745519999955, 4.826190560000043, 379.493499999996857 ], [ -72.947807649999959, 4.826099990000046, 378.974000000001979 ], [ -72.947829559999946, 4.826068040000052, 378.861399999994319 ], [ -72.947890209999969, 4.825979140000072, 378.516099999993457 ], [ -72.947951689999968, 4.825888930000076, 378.428700000004028 ], [ -72.948013359999948, 4.825797660000035, 378.612299999993411 ], [ -72.948066249999954, 4.82572035000004, 378.807400000005146 ], [ -72.94812823999996, 4.825629950000064, 379.008499999996275 ], [ -72.948189609999986, 4.825539240000069, 378.899900000003981 ], [ -72.948250579999979, 4.825448230000063, 378.563999999998487 ], [ -72.94831137999995, 4.825356240000076, 378.224400000006426 ], [ -72.948373489999938, 4.82526536000006, 378.0 ], [ -72.948431489999962, 4.825181370000053, 378.0 ], [ -72.948492859999988, 4.825090990000035, 378.0 ], [ -72.948553889999971, 4.825000050000028, 377.964500000001863 ], [ -72.948615049999944, 4.824909900000023, 377.929000000003725 ], [ -72.948677409999959, 4.824819550000029, 378.015100000004168 ], [ -72.948739149999938, 4.824729110000021, 377.935899999996764 ], [ -72.948800749999975, 4.824638600000071, 377.795100000003004 ], [ -72.94886194999998, 4.824547520000067, 377.80449999999837 ], [ -72.948923989999969, 4.824456750000024, 377.974600000001374 ], [ -72.948985789999938, 4.824365790000058, 378.31359999999404 ], [ -72.949046989999943, 4.824275020000073, 378.525099999998929 ], [ -72.949104129999967, 4.824189580000052, 378.584499999997206 ], [ -72.949165419999986, 4.824099050000029, 378.503899999996065 ], [ -72.949227789999952, 4.824008650000053, 378.34320000000298 ], [ -72.949247209999953, 4.823979990000055, 378.30909999999858 ], [ -72.949289209999961, 4.823917190000031, 378.291500000006636 ], [ -72.949349899999959, 4.82382664000005, 378.314400000002934 ], [ -72.949406589999967, 4.82374298000002, 378.203099999998813 ], [ -72.949470209999959, 4.82365204000007, 377.869500000000698 ], [ -72.949533049999957, 4.823561580000046, 377.5512000000017 ], [ -72.94959493999994, 4.823470600000064, 377.094899999996414 ], [ -72.949717709999959, 4.823286510000059, 376.526800000006915 ], [ -72.949779669999941, 4.823194960000023, 376.150399999998626 ], [ -72.949901739999973, 4.823010970000041, 376.284499999994296 ], [ -72.949963319999938, 4.822918980000054, 376.736399999994319 ], [ -72.950004099999944, 4.822859900000026, 377.022100000001956 ], [ -72.950088659999949, 4.822737210000071, 376.61250000000291 ], [ -72.950149769999939, 4.822647450000034, 376.123600000006263 ], [ -72.950211109999941, 4.822555170000044, 375.362800000002608 ], [ -72.950255589999983, 4.822489780000069, 374.561000000001513 ], [ -72.950313179999966, 4.822406520000072, 373.674400000003516 ], [ -72.950376249999977, 4.822315880000076, 373.005300000004354 ], [ -72.950439149999966, 4.822225020000076, 372.958899999997811 ], [ -72.950496379999947, 4.822142040000074, 372.651199999992969 ], [ -72.950549449999983, 4.82206694000007, 372.141099999993457 ], [ -72.950612639999974, 4.821977470000036, 371.803299999999581 ], [ -72.950675359999934, 4.821887530000026, 371.672200000000885 ], [ -72.950734439999962, 4.821801880000066, 371.688099999999395 ], [ -72.950752569999963, 4.821775970000033, 371.720900000000256 ], [ -72.950817379999933, 4.821686030000023, 371.64890000000014 ], [ -72.950882159999935, 4.821596770000042, 371.741099999999278 ], [ -72.950938289999954, 4.821519310000042, 371.869399999995949 ], [ -72.950946979999969, 4.821507230000066, 371.888900000005378 ], [ -72.950999690999936, 4.821433476000038, 372.354200000001583 ], [ -72.951011509999944, 4.821416940000063, 372.450200000006589 ], [ -72.951076729999954, 4.821327120000035, 372.884000000005472 ], [ -72.95114228999995, 4.82123813000004, 373.156199999997625 ], [ -72.951207989999943, 4.821149090000063, 373.398600000000442 ], [ -72.951284749999957, 4.82104527000007, 373.681899999995949 ], [ -72.951351369999941, 4.820956780000074, 373.927700000000186 ], [ -72.951418789999934, 4.820868730000029, 374.353099999992992 ], [ -72.951479649999953, 4.820788610000022, 374.802299999995739 ], [ -72.951573819999965, 4.820666060000065, 375.213799999997718 ], [ -72.951621629999977, 4.820607050000035, 374.912299999996321 ], [ -72.951692239999943, 4.820521960000065, 374.372499999997672 ], [ -72.951762369999983, 4.820438440000032, 374.042199999996228 ], [ -72.951833419999957, 4.820353860000068, 373.652900000000955 ], [ -72.951904199999944, 4.820268640000052, 373.756599999993341 ], [ -72.951975119999986, 4.820183280000037, 373.520799999998417 ], [ -72.95204592999994, 4.820098370000039, 373.398100000005797 ], [ -72.952059759999941, 4.820081420000065, 373.429799999998068 ], [ -72.952129749999983, 4.81999595000002, 373.688699999998789 ], [ -72.952131209999948, 4.819994190000045, 373.695800000001327 ], [ -72.952199519999965, 4.819910210000046, 374.116200000004028 ], [ -72.952269759999979, 4.819824370000049, 374.440100000007078 ], [ -72.952321569999981, 4.819762530000048, 374.59429999999702 ], [ -72.952367799999934, 4.819707490000042, 374.732399999993504 ], [ -72.952374489999954, 4.819699430000071, 374.751999999993131 ], [ -72.952438109999946, 4.819622060000029, 374.936000000001513 ], [ -72.952507649999973, 4.819535940000037, 375.3701 ], [ -72.952575799999977, 4.819448650000027, 375.4262000000017 ], [ -72.952639309999938, 4.819357880000041, 374.934899999992922 ], [ -72.952697139999941, 4.819263730000046, 374.394100000004983 ], [ -72.952755749999938, 4.819169990000034, 373.669099999999162 ], [ -72.952803599999982, 4.819092640000065, 372.92170000000624 ], [ -72.95285709999996, 4.81900666000007, 371.979999999995925 ], [ -72.952915939999968, 4.818912930000067, 371.014100000000326 ], [ -72.95296959999996, 4.818825240000024, 370.247000000003027 ], [ -72.95302221999998, 4.818739520000065, 370.018599999995786 ], [ -72.953079359999947, 4.818644600000027, 370.16710000000603 ], [ -72.953137329999947, 4.818550330000051, 370.46480000000156 ], [ -72.953194759999974, 4.818456410000067, 370.729999999995925 ], [ -72.953235329999984, 4.818389550000063, 370.87960000000021 ], [ -72.953293159999987, 4.818296240000052, 371.03070000000298 ], [ -72.953350929999942, 4.818201810000062, 371.071100000001024 ], [ -72.953409179999937, 4.818107780000048, 370.977899999998044 ], [ -72.953467759999967, 4.818013850000057, 370.584499999997206 ], [ -72.953525849999949, 4.817919870000026, 370.321299999995972 ], [ -72.95358269999997, 4.817825050000067, 370.573600000003353 ], [ -72.953639719999956, 4.817730060000031, 370.924199999994016 ], [ -72.953698109999948, 4.817635970000026, 370.840800000005402 ], [ -72.953756209999938, 4.817542270000047, 370.505699999994249 ], [ -72.953813399999945, 4.817449690000046, 370.052400000000489 ], [ -72.953870349999988, 4.81735451000003, 369.670400000002701 ], [ -72.953926139999965, 4.817262590000041, 369.406600000002072 ], [ -72.953983669999957, 4.817168730000049, 369.285399999993388 ], [ -72.95403607999998, 4.817082270000071, 368.98399999999674 ], [ -72.954087689999938, 4.816995920000068, 368.794800000003306 ], [ -72.954139809999958, 4.81690924000003, 368.730299999995623 ], [ -72.954197319999935, 4.816815410000061, 368.812300000005052 ], [ -72.954248779999944, 4.816728460000036, 368.994999999995343 ], [ -72.954304559999969, 4.816633310000043, 369.326600000000326 ], [ -72.954344399999968, 4.816563650000035, 369.880999999993946 ], [ -72.954400089999979, 4.816467770000031, 370.175600000002305 ], [ -72.954456529999959, 4.816372440000066, 370.383799999995972 ], [ -72.954508819999944, 4.816284090000067, 370.836999999999534 ], [ -72.954564749999975, 4.816188720000071, 371.395300000003772 ], [ -72.95462023999994, 4.816092770000068, 371.953999999997905 ], [ -72.954624809999984, 4.816085030000067, 371.990600000004633 ], [ -72.95467696999998, 4.815997590000052, 371.740699999994831 ], [ -72.954733989999966, 4.815903070000047, 371.321599999995669 ], [ -72.954789799999958, 4.815807820000032, 370.749200000005658 ], [ -72.954845839999962, 4.815712400000052, 369.923899999994319 ], [ -72.954914939999981, 4.815595470000062, 369.10910000000149 ], [ -72.954970809999963, 4.815500450000059, 368.567200000004959 ], [ -72.95502130999995, 4.815412920000028, 368.05789999999979 ], [ -72.955042869999943, 4.815375360000075, 367.83980000000156 ], [ -72.955097759999944, 4.815279280000027, 367.282900000005611 ], [ -72.955149559999938, 4.815192190000062, 366.77039999999397 ], [ -72.955202849999978, 4.815106360000073, 366.174400000003516 ], [ -72.955258629999946, 4.815022010000064, 365.426000000006752 ], [ -72.95532124999994, 4.814931930000057, 364.459900000001653 ], [ -72.95538025999997, 4.814846380000063, 363.404399999999441 ], [ -72.955437489999952, 4.814762350000024, 362.247199999997974 ], [ -72.955498799999987, 4.814670420000027, 361.950800000005984 ], [ -72.955560299999945, 4.814578650000044, 361.747700000007171 ], [ -72.95562173999997, 4.814486420000037, 361.389999999999418 ], [ -72.955683119999946, 4.814394360000051, 361.326400000005378 ], [ -72.955739649999941, 4.814308840000024, 361.538499999995111 ], [ -72.955795599999988, 4.814224470000056, 361.627900000006775 ], [ -72.95584563999995, 4.814150590000054, 361.558399999994435 ], [ -72.955857709999975, 4.814132810000046, 361.537299999996321 ], [ -72.955915299999958, 4.814049880000027, 361.354300000006333 ], [ -72.955976919999955, 4.813962340000046, 361.014500000004773 ], [ -72.95600344099995, 4.813924495000037, 360.915699999997742 ], [ -72.956034249999959, 4.813880530000063, 360.900800000003073 ], [ -72.95609165999997, 4.813797830000055, 360.839600000006612 ], [ -72.956154049999952, 4.813706550000063, 360.62840000000142 ], [ -72.956203839999944, 4.813633420000031, 360.3413 ], [ -72.956261659999939, 4.813550320000047, 359.972299999993993 ], [ -72.956297139999947, 4.813499070000034, 359.919999999998254 ], [ -72.956324289999941, 4.813459370000032, 359.913899999999558 ], [ -72.956385799999964, 4.813369460000047, 360.017399999996996 ], [ -72.956448159999979, 4.813277870000036, 360.355500000005122 ], [ -72.956511539999951, 4.813186880000046, 360.691300000005867 ], [ -72.956574289999935, 4.813098140000022, 360.996299999998882 ], [ -72.956690789999982, 4.812931050000032, 360.602100000003702 ], [ -72.956751819999965, 4.812841470000023, 360.177599999995437 ], [ -72.956814469999983, 4.81275050000005, 359.256299999993644 ], [ -72.956876249999937, 4.812659100000076, 358.299199999994016 ], [ -72.956938009999988, 4.812567620000038, 357.495599999994738 ], [ -72.956999529999962, 4.812475550000045, 356.675799999997253 ], [ -72.957062069999949, 4.812384610000038, 355.702099999994971 ], [ -72.957125639999958, 4.812294010000073, 355.023300000000745 ], [ -72.957189169999936, 4.812203250000039, 354.528600000005099 ], [ -72.957252359999984, 4.812112900000045, 353.887300000002142 ], [ -72.957310099999972, 4.812029780000046, 353.161399999997229 ], [ -72.957374159999972, 4.811939230000064, 352.703699999998207 ], [ -72.957438209999964, 4.811848720000057, 352.369600000005448 ], [ -72.957501329999957, 4.811757950000072, 352.034599999999045 ], [ -72.957563229999948, 4.811665910000045, 352.0 ], [ -72.957625819999976, 4.811574120000046, 352.200599999996484 ], [ -72.957688959999984, 4.811483060000057, 352.920299999997951 ], [ -72.95775655999995, 4.811384490000023, 354.130399999994552 ], [ -72.957813869999939, 4.811300270000061, 354.76140000000305 ], [ -72.957876259999978, 4.811208620000059, 355.0 ], [ -72.957939569999951, 4.811117570000022, 355.233500000002095 ], [ -72.958066029999941, 4.81093579000003, 355.700100000001839 ], [ -72.958128579999936, 4.810844190000068, 355.592799999998533 ], [ -72.958191789999944, 4.810753, 355.653500000000349 ], [ -72.958255569999949, 4.810662320000063, 355.770699999993667 ], [ -72.958381609999947, 4.810480460000065, 354.687099999995553 ], [ -72.958444289999989, 4.810389, 354.095700000005309 ], [ -72.958507119999979, 4.810298980000027, 354.327499999999418 ], [ -72.958569869999963, 4.810207960000071, 354.55899999999383 ], [ -72.958632549999948, 4.810116780000044, 354.762600000001839 ], [ -72.958694269999967, 4.810024870000063, 354.601800000004005 ], [ -72.958820299999957, 4.809842140000057, 353.033999999999651 ], [ -72.958883119999939, 4.809751340000048, 352.57039999999688 ], [ -72.958946269999956, 4.809660570000062, 352.104399999996531 ], [ -72.959009769999966, 4.809569630000055, 351.558699999994133 ], [ -72.959063669999978, 4.809493690000068, 350.715500000005704 ], [ -72.959074089999945, 4.809479090000025, 350.56590000000142 ], [ -72.959137899999973, 4.809388580000075, 349.734299999996438 ], [ -72.959186259999967, 4.809318920000067, 349.204299999997602 ], [ -72.959231479999971, 4.809252560000061, 349.0 ], [ -72.95929351999996, 4.809160650000024, 348.873600000006263 ], [ -72.959356699999944, 4.809069360000024, 348.589200000002165 ], [ -72.959464639999965, 4.808914240000036, 348.998000000006869 ], [ -72.959529, 4.808821350000073, 349.706500000000233 ], [ -72.959593199999972, 4.808730780000076, 350.704199999992852 ], [ -72.959623059999956, 4.80868914000007, 351.191800000000512 ], [ -72.959688469999946, 4.808600730000023, 352.117599999997765 ], [ -72.959693749999985, 4.808594, 352.182100000005448 ], [ -72.959755499999972, 4.808516550000036, 352.854099999996834 ], [ -72.959842259999959, 4.808410360000039, 352.7693 ], [ -72.959848582999939, 4.808402815000022, 352.734299999996438 ], [ -72.95991233999996, 4.808326730000033, 352.236399999994319 ], [ -72.959913769999957, 4.808325070000024, 352.222500000003492 ], [ -72.959987959999978, 4.80824498000004, 351.383799999995972 ], [ -72.960066939999933, 4.808167800000035, 350.247300000002724 ], [ -72.960137209999971, 4.808099570000024, 349.089200000002165 ], [ -72.960145979999936, 4.808090930000049, 348.93399999999383 ], [ -72.960217339999986, 4.808019970000032, 347.585000000006403 ], [ -72.960296399999947, 4.80794271000002, 345.952099999994971 ], [ -72.960375359999944, 4.80786568000002, 344.520699999993667 ], [ -72.960447559999977, 4.807795720000058, 343.435700000001816 ], [ -72.960514799999942, 4.807730750000076, 342.551300000006449 ], [ -72.960583269999972, 4.807664230000057, 341.8466000000044 ], [ -72.960663649999958, 4.807588310000028, 341.757100000002538 ], [ -72.960729269999945, 4.807526250000024, 341.575500000006286 ], [ -72.960743689999958, 4.80751231000005, 341.517800000001444 ], [ -72.960822719999953, 4.807435380000072, 341.098800000007031 ], [ -72.96090068999996, 4.80735763000007, 341.337199999994482 ], [ -72.960974509999971, 4.807283910000024, 341.70669999999518 ], [ -72.961053419999985, 4.807206260000044, 341.93640000000596 ], [ -72.961131789999968, 4.807129460000056, 342.081600000004983 ], [ -72.96120443999996, 4.807058880000056, 342.790999999997439 ], [ -72.961276899999973, 4.806988060000037, 343.360000000000582 ], [ -72.961349929999983, 4.806918290000056, 343.790699999997742 ], [ -72.961430849999942, 4.806843020000031, 344.239499999996042 ], [ -72.96151840999994, 4.806760600000075, 344.886100000003353 ], [ -72.961568132999957, 4.806713889000036, 345.25340000000142 ], [ -72.961586759999989, 4.80669639000007, 345.39089999999851 ], [ -72.961666779999973, 4.806620490000057, 345.981899999998859 ], [ -72.961747469999978, 4.806545480000068, 346.577900000003865 ], [ -72.961818579999942, 4.80646272000007, 347.102799999993294 ], [ -72.961878289999959, 4.806371120000051, 347.543399999995017 ], [ -72.961937979999959, 4.806279090000032, 347.793799999999464 ], [ -72.961998209999933, 4.806189590000031, 347.580499999996391 ], [ -72.962008769999954, 4.806174370000065, 347.528699999995297 ], [ -72.962071529999946, 4.806083710000053, 347.12960000000021 ], [ -72.962133699999981, 4.805992920000051, 346.256699999998091 ], [ -72.962195369999961, 4.805901530000028, 345.244699999995646 ], [ -72.962257219999969, 4.805809920000058, 344.217300000003888 ], [ -72.962314539999966, 4.805727470000022, 343.85920000000624 ], [ -72.962374799999964, 4.805640080000046, 343.78190000000177 ], [ -72.962435849999963, 4.805552280000029, 343.850399999995716 ], [ -72.962560899999971, 4.805370670000059, 344.290200000003097 ], [ -72.962623869999959, 4.80528055000002, 344.522599999996601 ], [ -72.962685739999984, 4.80519036000004, 344.59320000000298 ], [ -72.962746639999978, 4.805098970000074, 344.441699999995762 ], [ -72.962808319999965, 4.805007430000046, 344.317999999999302 ], [ -72.962860869999986, 4.804932160000021, 344.071100000001024 ], [ -72.96292337999995, 4.804841840000051, 343.635099999999511 ], [ -72.962987239999961, 4.804752720000067, 343.212799999993877 ], [ -72.963056249999966, 4.804666620000035, 343.076000000000931 ], [ -72.963076629999989, 4.804643540000029, 343.114100000006147 ], [ -72.963150629999973, 4.804561810000052, 343.155499999993481 ], [ -72.963217649999933, 4.80448720000004, 343.047099999996135 ], [ -72.963290559999962, 4.804405090000046, 342.874299999995856 ], [ -72.963362629999949, 4.804322, 342.730100000000675 ], [ -72.963379889999942, 4.804302300000074, 342.671900000001187 ], [ -72.963452909999944, 4.804219860000046, 342.328200000003562 ], [ -72.963526249999973, 4.804138130000069, 341.825200000006589 ], [ -72.963593, 4.804063220000046, 341.295100000003004 ], [ -72.963609259999942, 4.804044780000027, 341.19199999999546 ], [ -72.963658829999986, 4.803987300000074, 340.920599999997648 ], [ -72.963731049999978, 4.803904310000064, 340.66809999999532 ], [ -72.963804009999933, 4.803821830000061, 340.616299999994226 ], [ -72.963875229999985, 4.803740130000051, 340.639200000005076 ], [ -72.963901799999974, 4.803709680000054, 340.64079999999376 ], [ -72.963974379999968, 4.803626800000075, 340.534199999994598 ], [ -72.964047759999971, 4.803544930000044, 340.430699999997159 ], [ -72.964115199999981, 4.803470620000041, 340.510899999993853 ], [ -72.964181879999956, 4.803395700000067, 340.939799999992829 ], [ -72.964254909999966, 4.803313120000041, 341.552800000004936 ], [ -72.964327409999953, 4.803230080000048, 342.069600000002538 ], [ -72.964400809999972, 4.803147420000073, 342.349700000006123 ], [ -72.964402319999976, 4.80314573000004, 342.349900000001071 ], [ -72.964473939999948, 4.803065030000027, 342.219200000006822 ], [ -72.964547129999971, 4.802983340000026, 341.683399999994435 ], [ -72.964620349999961, 4.802901960000042, 340.987999999997555 ], [ -72.964640979999956, 4.802877950000038, 340.750899999999092 ], [ -72.964713899999936, 4.802795160000073, 340.119500000000698 ], [ -72.964787309999963, 4.802713380000057, 339.618799999996554 ], [ -72.964861559999974, 4.802631980000058, 338.959400000007008 ], [ -72.964937119999945, 4.802551790000052, 338.207699999999022 ], [ -72.965015619999974, 4.802474420000067, 338.268100000001141 ], [ -72.965095029999986, 4.80239806000003, 338.310100000002421 ], [ -72.965176159999942, 4.802323760000036, 338.195099999997183 ], [ -72.965260409999985, 4.80225310000003, 338.040500000002794 ], [ -72.965342779999958, 4.802181660000031, 338.140199999994365 ], [ -72.965509759999975, 4.802037680000069, 337.850099999996019 ], [ -72.965593369999965, 4.801965840000037, 337.399399999994785 ], [ -72.965677519999986, 4.801894790000063, 336.826199999995879 ], [ -72.965700029999937, 4.801876980000031, 336.677200000005541 ], [ -72.96576263999998, 4.801828220000061, 336.37609999999404 ], [ -72.965850959999955, 4.801762380000071, 336.13289999999688 ], [ -72.965942899999959, 4.801702440000042, 335.931200000006356 ], [ -72.966036679999945, 4.801645290000067, 335.577399999994668 ], [ -72.966129749999936, 4.801586260000022, 335.015299999999115 ], [ -72.966223269999944, 4.801528080000026, 334.454700000002049 ], [ -72.966316129999939, 4.801468930000055, 334.350999999995111 ], [ -72.966501239999957, 4.80135008000002, 335.615200000000186 ], [ -72.966594809999947, 4.801293670000064, 336.295599999997648 ], [ -72.966685229999939, 4.801233720000027, 336.944900000002235 ], [ -72.966777909999962, 4.801174920000051, 337.689299999998184 ], [ -72.966872319999936, 4.801118670000051, 337.701700000005076 ], [ -72.966966509999963, 4.801061710000056, 337.287899999995716 ], [ -72.967061029999968, 4.801004800000044, 336.726999999998952 ], [ -72.967155129999981, 4.800947560000054, 336.721099999995204 ], [ -72.96728313999995, 4.800868910000077, 336.992899999997462 ], [ -72.967376789999946, 4.800810610000042, 336.975200000000768 ], [ -72.967454689999954, 4.800763500000073, 337.088399999993271 ], [ -72.967548329999943, 4.800705880000066, 337.48399999999674 ], [ -72.96760347999998, 4.800672200000065, 337.855999999999767 ], [ -72.967697469999962, 4.800614970000026, 337.891600000002654 ], [ -72.96779123999994, 4.800557230000038, 337.678100000004633 ], [ -72.967867361999936, 4.800511552000046, 337.509300000005169 ], [ -72.967885779999961, 4.800500500000055, 337.468399999997928 ], [ -72.967941764999978, 4.800467258000026, 336.97280000000319 ], [ -72.96798057999996, 4.800444210000023, 336.50449999999546 ], [ -72.968074909999984, 4.800388020000071, 335.161099999997532 ], [ -72.968168839999976, 4.800330670000051, 333.999100000000908 ], [ -72.968262959999947, 4.80027345000002, 333.303599999999278 ], [ -72.968358209999963, 4.800217930000031, 332.599700000006123 ], [ -72.968452649999961, 4.800161840000044, 332.0 ], [ -72.968546449999963, 4.800105100000053, 332.0 ], [ -72.968640779999987, 4.800047850000055, 332.204899999996996 ], [ -72.968778069999985, 4.799966100000063, 332.758600000001024 ], [ -72.96887240999996, 4.799910770000054, 333.311700000005658 ], [ -72.968966849999958, 4.799857090000046, 333.85910000000149 ], [ -72.969061579999959, 4.799800460000029, 334.502299999992829 ], [ -72.969156879999957, 4.799745420000022, 335.086800000004587 ], [ -72.969252309999945, 4.79969071000005, 335.523300000000745 ], [ -72.969254479999961, 4.799689470000033, 335.523600000000442 ], [ -72.969347769999956, 4.799636310000039, 335.467499999998836 ], [ -72.969350249999934, 4.79963489000005, 335.464200000002165 ], [ -72.969442059999949, 4.799581100000069, 335.274600000004284 ], [ -72.969536839999989, 4.799526510000021, 334.944900000002235 ], [ -72.969632579999939, 4.799472260000073, 334.591199999995297 ], [ -72.969706719999976, 4.799429640000028, 334.317200000004959 ], [ -72.969801639999957, 4.799374690000036, 334.0 ], [ -72.969896759999983, 4.799318980000066, 334.0 ], [ -72.96999287999995, 4.799264580000056, 333.873099999997066 ], [ -72.970088819999944, 4.799210680000044, 333.823000000003958 ], [ -72.97018436999997, 4.79915654000007, 334.171400000006543 ], [ -72.970279759999983, 4.799101440000072, 334.659499999994296 ], [ -72.970375529999956, 4.799047100000053, 335.0 ], [ -72.970471859999975, 4.79899370000004, 335.0 ], [ -72.970567879999976, 4.798940040000048, 335.0 ], [ -72.970663859999945, 4.798886540000069, 335.0 ], [ -72.970760109999958, 4.798832560000051, 335.0 ], [ -72.970857059999958, 4.798779910000064, 335.0 ], [ -72.970953589999965, 4.798727330000077, 335.878299999996671 ], [ -72.971049459999961, 4.798673810000025, 337.061600000000908 ], [ -72.971052379999946, 4.798672200000055, 337.092999999993481 ], [ -72.971101699999963, 4.798644600000046, 337.588699999992969 ], [ -72.971198009999966, 4.798590820000072, 337.955199999996694 ], [ -72.971295779999934, 4.798540070000058, 337.694699999992736 ], [ -72.971362499999941, 4.798506410000073, 337.359800000005635 ], [ -72.971460869999987, 4.79845763000003, 336.972200000003795 ], [ -72.971464309999988, 4.798455950000061, 336.967799999998533 ], [ -72.971559539999987, 4.798410630000035, 336.726500000004307 ], [ -72.971658679999962, 4.798365120000028, 336.235499999995227 ], [ -72.97178925999998, 4.798305110000058, 335.324200000002747 ], [ -72.97181336999995, 4.798293990000047, 335.152799999996205 ], [ -72.971912819999943, 4.798247410000045, 334.440600000001723 ], [ -72.971932639999977, 4.798237950000043, 334.297399999995832 ], [ -72.972010469999987, 4.798199570000065, 333.843599999992875 ], [ -72.972109389999957, 4.798150810000038, 333.658400000000256 ], [ -72.972208379999984, 4.798104700000067, 333.463099999993574 ], [ -72.972307039999976, 4.798058200000071, 333.689899999997579 ], [ -72.972442249999972, 4.79798954000006, 333.961599999995087 ], [ -72.972541329999956, 4.797942320000061, 334.156000000002678 ], [ -72.972640929999955, 4.797896580000042, 334.92160000000149 ], [ -72.972739779999984, 4.797848710000039, 335.601899999994203 ], [ -72.972837949999985, 4.797801120000031, 336.026299999997718 ], [ -72.972936759999982, 4.797753180000029, 336.380999999993946 ], [ -72.973066349999954, 4.797693110000068, 336.834000000002561 ], [ -72.973166289999938, 4.797646910000026, 337.089200000002165 ], [ -72.973265689999948, 4.797600270000032, 337.084799999996903 ], [ -72.973364799999956, 4.797552320000023, 337.0 ], [ -72.97337086999994, 4.797549400000037, 337.0 ], [ -72.973464329999956, 4.797504910000043, 337.0 ], [ -72.973564009999961, 4.797458360000064, 337.0 ], [ -72.97366317999996, 4.797411440000076, 336.407000000006519 ], [ -72.973742089999973, 4.797373110000024, 335.849100000006729 ], [ -72.973840949999953, 4.797324740000022, 335.090200000006007 ], [ -72.973889509999935, 4.79730188000002, 334.949699999997392 ], [ -72.973989209999957, 4.797255330000041, 334.729500000001281 ], [ -72.974088079999945, 4.797208890000036, 334.384900000004563 ], [ -72.974186699999962, 4.79716207000007, 334.181299999996554 ], [ -72.974236849999954, 4.797137230000033, 334.057100000005448 ], [ -72.974335749999966, 4.797090100000048, 333.713099999993574 ], [ -72.974461629999951, 4.797032570000056, 333.377999999996973 ], [ -72.974552089999975, 4.796989990000043, 333.274699999994482 ], [ -72.974642249999988, 4.796946060000039, 333.270699999993667 ], [ -72.974741079999944, 4.796898080000062, 333.349199999996927 ], [ -72.974840699999959, 4.796851700000047, 333.629700000004959 ], [ -72.974931669999933, 4.79680895000007, 333.807700000004843 ], [ -72.975030259999983, 4.796761450000076, 333.64079999999376 ], [ -72.97512772999994, 4.796713620000048, 333.463900000002468 ], [ -72.975226819999989, 4.796666600000037, 333.255499999999302 ], [ -72.975317429999961, 4.796623250000039, 332.820800000001327 ], [ -72.975354339999967, 4.796605070000055, 332.578099999998813 ], [ -72.975444279999977, 4.79656145000007, 332.038000000000466 ], [ -72.975534489999973, 4.79651750000005, 331.51940000000468 ], [ -72.975633609999988, 4.79647, 330.977400000003399 ], [ -72.975733509999941, 4.796423440000069, 330.436000000001513 ], [ -72.975795664999964, 4.796394049000071, 330.678599999999278 ], [ -72.975823239999954, 4.796381010000061, 330.891300000002957 ], [ -72.975865039999974, 4.796361190000027, 331.270099999994272 ], [ -72.975866286999974, 4.796360593000031, 331.282500000001164 ], [ -72.975881512999933, 4.79635330900004, 331.438200000004144 ], [ -72.97592291999996, 4.79633350000006, 331.907800000000861 ], [ -72.975948209999956, 4.796321100000057, 332.229000000006636 ], [ -72.976013039999941, 4.796289060000049, 333.069099999993341 ], [ -72.976084269999944, 4.796254720000036, 333.425799999997253 ], [ -72.976183779999985, 4.796208450000051, 333.772899999996298 ], [ -72.976280299999985, 4.796164290000036, 333.989300000001094 ], [ -72.976371529999938, 4.796122350000076, 333.461699999999837 ], [ -72.976469429999952, 4.796072890000062, 332.71490000000631 ], [ -72.976568579999935, 4.796026320000067, 331.921400000006543 ], [ -72.976653989999988, 4.795987550000063, 331.778000000005704 ], [ -72.976714889999982, 4.795957170000065, 331.665599999992992 ], [ -72.976747989999978, 4.795940710000025, 331.604699999996228 ], [ -72.976804419999951, 4.795913230000053, 331.503100000001723 ], [ -72.976894929999958, 4.795869430000039, 331.671799999996438 ], [ -72.976994369999943, 4.795822590000057, 331.884900000004563 ], [ -72.977094049999948, 4.795776700000033, 331.978499999997439 ], [ -72.977184379999983, 4.79573374000006, 331.994500000000698 ], [ -72.977274819999934, 4.795690380000053, 332.00789999999688 ], [ -72.97736496999994, 4.795646710000028, 332.017999999996391 ], [ -72.977422419999982, 4.795619530000067, 331.833199999993667 ], [ -72.977521659999979, 4.795572960000072, 331.48859999999695 ], [ -72.977621319999969, 4.795526830000028, 331.147299999996903 ], [ -72.977660199999946, 4.795507180000072, 330.927299999995739 ], [ -72.977749639999956, 4.795462820000068, 330.431599999996251 ], [ -72.977849349999985, 4.795416020000062, 329.889999999999418 ], [ -72.977949, 4.795369720000053, 329.492499999993015 ], [ -72.978048109999975, 4.795322920000046, 329.319399999993038 ], [ -72.978147449999938, 4.795276210000054, 329.146599999992759 ], [ -72.978246139999953, 4.795228890000033, 329.268599999995786 ], [ -72.978270069999951, 4.795217410000021, 329.399499999999534 ], [ -72.978367359999936, 4.79517235000003, 329.925799999997253 ], [ -72.978466619999949, 4.795125650000045, 330.387799999996787 ], [ -72.978564619999986, 4.795077650000053, 330.342699999993783 ], [ -72.978635339999983, 4.795042380000041, 330.230999999999767 ], [ -72.97869972999996, 4.795011050000028, 330.069699999992736 ], [ -72.978798899999958, 4.794964380000067, 330.006899999993038 ], [ -72.978898239999978, 4.794917320000025, 330.180999999996857 ], [ -72.978996849999987, 4.794869270000049, 330.373200000001816 ], [ -72.979040909999981, 4.79484702000002, 330.618400000006659 ], [ -72.979178649999938, 4.794777840000052, 331.383199999996577 ], [ -72.979193479999935, 4.794770630000073, 331.46469999999681 ], [ -72.97929100999994, 4.794723480000073, 331.898000000001048 ], [ -72.979389829999946, 4.794675750000067, 332.0 ], [ -72.979480849999959, 4.794631610000067, 332.0 ], [ -72.979579719999947, 4.794583480000028, 331.901599999997416 ], [ -72.979671679999967, 4.794540320000067, 331.784199999994598 ], [ -72.979766259999963, 4.794495980000022, 331.776599999997416 ], [ -72.979865459999985, 4.794449400000076, 331.911900000006426 ], [ -72.980059189999963, 4.794356970000024, 332.0 ], [ -72.980158489999951, 4.794310030000076, 332.131399999998393 ], [ -72.980257139999935, 4.794262360000062, 332.40570000000298 ], [ -72.980355539999948, 4.794214030000035, 332.810400000002119 ], [ -72.98044466999994, 4.79416899000006, 333.295499999992899 ], [ -72.980474459999982, 4.794153890000075, 333.47269999999844 ], [ -72.980564409999943, 4.794109450000064, 333.670800000007148 ], [ -72.980663449999952, 4.794062660000066, 333.369999999995343 ], [ -72.980761239999936, 4.794015820000027, 332.690400000006775 ], [ -72.98082895999994, 4.793982320000055, 332.292300000000978 ], [ -72.980928309999967, 4.79393428000003, 331.875499999994645 ], [ -72.981020079999951, 4.793889970000066, 331.517800000001444 ], [ -72.981112939999946, 4.793843880000054, 331.013699999995879 ], [ -72.981211229999985, 4.793794770000034, 330.666700000001583 ], [ -72.981310079999957, 4.793745780000052, 330.485499999995227 ], [ -72.981409109999959, 4.793698310000025, 330.309899999992922 ], [ -72.981507859999965, 4.793651170000032, 330.469500000006519 ], [ -72.981598229999975, 4.793607660000021, 330.586699999999837 ], [ -72.981696499999941, 4.793559040000048, 330.582599999994272 ], [ -72.981795319999947, 4.79351046000005, 330.805800000001909 ], [ -72.981894269999941, 4.793462530000056, 330.913799999994808 ], [ -72.98208201999995, 4.79336827000003, 330.646399999997811 ], [ -72.982175539999957, 4.793321100000071, 330.611300000004121 ], [ -72.982268889999943, 4.793275610000023, 330.4658999999956 ], [ -72.982465109999964, 4.793182280000053, 329.30449999999837 ], [ -72.982563539999944, 4.793134070000065, 328.82060000000638 ], [ -72.98266093999996, 4.793084470000053, 328.651800000006915 ], [ -72.982759419999979, 4.79303531000005, 328.634600000004866 ], [ -72.982857799999977, 4.792986520000056, 328.354399999996531 ], [ -72.982955539999978, 4.792937270000039, 327.990099999995437 ], [ -72.983043219999956, 4.792887360000066, 327.620999999999185 ], [ -72.983124849999967, 4.792830180000067, 327.414499999998952 ], [ -72.983208299999944, 4.792758780000042, 327.742299999998068 ], [ -72.983286129999954, 4.792684570000063, 328.303700000004028 ], [ -72.983358579999958, 4.79261512000005, 328.827799999999115 ], [ -72.98343755999997, 4.792538140000033, 329.403699999995297 ], [ -72.983517289999952, 4.792462060000048, 329.792000000001281 ], [ -72.983596899999952, 4.79238741000006, 330.0 ], [ -72.983664389999944, 4.792325990000052, 330.0 ], [ -72.983744779999938, 4.792250840000065, 330.0 ], [ -72.983816419999982, 4.792180260000066, 330.0 ], [ -72.983872779999956, 4.792123010000068, 330.031600000002072 ], [ -72.983950079999943, 4.792044920000023, 330.31699999999546 ], [ -72.984020849999979, 4.791974110000069, 330.568599999998696 ], [ -72.984101149999958, 4.791900550000037, 330.624599999995553 ], [ -72.984194509999952, 4.791842420000023, 330.231499999994412 ], [ -72.984212819999982, 4.791834060000042, 330.13289999999688 ], [ -72.984313149999934, 4.791789660000063, 329.59780000000319 ], [ -72.984413579999966, 4.791745690000027, 329.034499999994296 ], [ -72.984514119999972, 4.791701690000025, 328.225699999995413 ], [ -72.984614679999936, 4.791656880000062, 327.6362999999983 ], [ -72.984715139999935, 4.791612200000031, 327.400500000003376 ], [ -72.984805759999972, 4.79157065000004, 327.554199999998673 ], [ -72.984905709999964, 4.791525620000073, 327.720799999995506 ], [ -72.985010049999971, 4.791478740000059, 328.362099999998463 ], [ -72.985042699999951, 4.79146374000004, 328.658899999994901 ], [ -72.985105249999947, 4.791435200000024, 329.226899999994203 ], [ -72.985204979999935, 4.79139076000007, 330.12850000000617 ], [ -72.98527882999997, 4.791356020000023, 330.417300000000978 ], [ -72.985348359999989, 4.791319500000043, 330.499500000005355 ], [ -72.985445599999935, 4.79126830000007, 330.381399999998393 ], [ -72.985543909999933, 4.791218250000043, 329.55109999999695 ], [ -72.985642029999951, 4.791168820000053, 328.274199999999837 ], [ -72.985739759999944, 4.791119300000048, 327.192699999999604 ], [ -72.985837459999971, 4.791068880000068, 326.708400000003166 ], [ -72.985935349999977, 4.791018350000058, 326.3466000000044 ], [ -72.986024469999961, 4.790972450000027, 326.017300000006799 ], [ -72.986120149999977, 4.790921780000076, 326.33629999999539 ], [ -72.98619014999997, 4.790885080000066, 326.648400000005495 ], [ -72.986286729999961, 4.790833950000035, 327.217399999994086 ], [ -72.986375769999938, 4.790788860000021, 327.851800000004005 ], [ -72.986474109999961, 4.790739580000036, 328.676900000005844 ], [ -72.986571139999967, 4.790688750000072, 329.632400000002235 ], [ -72.986694859999943, 4.790623880000055, 330.055800000001909 ], [ -72.986792499999979, 4.79057320000004, 330.243300000001909 ], [ -72.98688943999997, 4.790521640000065, 330.356199999994715 ], [ -72.986983229999964, 4.790464780000036, 330.305500000002212 ], [ -72.98706980999998, 4.790408160000027, 330.131800000002841 ], [ -72.987159879999979, 4.790345460000026, 329.891600000002654 ], [ -72.987251399999934, 4.790284960000065, 329.632800000006682 ], [ -72.987342739999974, 4.79022370000007, 329.224300000001676 ], [ -72.987432789999957, 4.790162530000032, 328.813500000003842 ], [ -72.987451529999987, 4.790149710000037, 328.744200000001001 ], [ -72.987509589999945, 4.790110010000035, 328.529699999999139 ], [ -72.98759315999996, 4.790054420000047, 328.256500000003143 ], [ -72.987677239999982, 4.789999580000028, 327.853199999997742 ], [ -72.987768769999946, 4.789938950000021, 327.395600000003469 ], [ -72.987859939999964, 4.789878060000035, 327.091799999994691 ], [ -72.987943919999964, 4.789822270000059, 327.074900000006892 ], [ -72.988027859999988, 4.789767070000039, 327.385099999999511 ], [ -72.988076939999985, 4.789734820000035, 327.566399999996065 ], [ -72.988111559999936, 4.789711620000048, 327.694300000002841 ], [ -72.988194419999957, 4.789655370000048, 328.000199999994948 ], [ -72.988284949999979, 4.78959320000007, 328.045199999993201 ], [ -72.988375839999946, 4.789530960000036, 327.873699999996461 ], [ -72.988459229999933, 4.789475260000074, 327.692699999999604 ], [ -72.988537039999983, 4.789422700000046, 327.373099999997066 ], [ -72.988633739999955, 4.789356140000052, 326.796900000001187 ], [ -72.988723879999952, 4.789294770000026, 326.106400000004214 ], [ -72.988815809999949, 4.789234400000055, 325.703899999993155 ], [ -72.988907129999973, 4.789173620000042, 325.366500000003725 ], [ -72.98899825999996, 4.78911295000006, 325.029800000003888 ], [ -72.989089109999952, 4.789052180000056, 325.041500000006636 ], [ -72.989122579999957, 4.789029440000036, 325.022200000006706 ], [ -72.989212989999942, 4.788966940000023, 325.0 ], [ -72.98929585999997, 4.788910300000055, 325.0 ], [ -72.989352879999956, 4.788871920000076, 325.0 ], [ -72.989443259999973, 4.788810150000074, 325.0 ], [ -72.989530199999933, 4.788751110000021, 325.0 ], [ -72.989623189999975, 4.788687720000041, 325.008900000000722 ], [ -72.989714449999951, 4.788626940000029, 324.911900000006426 ], [ -72.989743349999969, 4.788607910000053, 324.850999999995111 ], [ -72.989835089999985, 4.788548040000023, 324.5283999999956 ], [ -72.989918779999982, 4.788492030000043, 324.107000000003609 ], [ -72.990009239999949, 4.788430380000023, 323.837899999998626 ], [ -72.990100219999988, 4.788368600000069, 323.584300000002258 ], [ -72.990191, 4.788307200000077, 323.238500000006752 ], [ -72.990281449999941, 4.788245670000038, 323.044899999993504 ], [ -72.990342469999973, 4.788204380000025, 323.000199999994948 ], [ -72.990432889999965, 4.788143160000061, 322.72960000000603 ], [ -72.990520179999976, 4.788084120000065, 322.407099999996717 ], [ -72.990631979999989, 4.788010860000043, 322.001699999993434 ], [ -72.990684829999964, 4.787976060000062, 322.032000000006519 ], [ -72.990767559999938, 4.787919690000024, 322.0 ], [ -72.990856459999975, 4.78785799000002, 322.0 ], [ -72.990932989999976, 4.787805280000043, 322.236099999994622 ], [ -72.991005609999945, 4.787756330000036, 322.77270000000135 ], [ -72.991096729999981, 4.787695990000032, 323.445999999996275 ], [ -72.991188209999962, 4.787635990000069, 324.115999999994528 ], [ -72.991278829999942, 4.787574410000047, 324.662800000005518 ], [ -72.991337269999974, 4.787532660000068, 324.929999999993015 ], [ -72.991386439999985, 4.787497770000073, 325.103900000001886 ], [ -72.991463587999988, 4.787442745000021, 325.124599999995553 ], [ -72.991464519999965, 4.787442080000062, 325.119200000001001 ], [ -72.991541839999968, 4.787379600000065, 324.604099999996834 ], [ -72.991587509999988, 4.787335780000035, 324.368000000002212 ], [ -72.991663159999973, 4.787261470000033, 324.095799999995506 ], [ -72.991743289999988, 4.787186060000067, 324.195900000006077 ], [ -72.991821709999954, 4.787109490000034, 324.827199999999721 ], [ -72.991890919999946, 4.787027350000074, 325.431599999996251 ], [ -72.99192912999996, 4.786979070000029, 325.701000000000931 ], [ -72.991992489999973, 4.786889900000062, 326.00460000000021 ], [ -72.992038649999984, 4.786815510000054, 325.872399999992922 ], [ -72.992086939999979, 4.786716590000026, 325.507400000002235 ], [ -72.992143359999943, 4.786581290000072, 325.008300000001327 ], [ -72.992182699999944, 4.786488890000044, 324.756399999998393 ], [ -72.992222359999971, 4.786396610000054, 324.4087 ], [ -72.992260359999989, 4.786310510000021, 324.009000000005472 ], [ -72.992293579999966, 4.786236620000068, 324.037100000001374 ], [ -72.992327159999945, 4.786162230000059, 324.142399999996996 ], [ -72.992372239999952, 4.786062130000062, 324.39079999999376 ], [ -72.992414609999969, 4.785967140000025, 324.329500000007101 ], [ -72.992458949999957, 4.78586585000005, 324.119200000001001 ], [ -72.992503479999982, 4.785764990000075, 323.910999999992782 ], [ -72.992542649999962, 4.785676600000045, 323.788400000004913 ], [ -72.992582789999972, 4.785584580000034, 323.744699999995646 ], [ -72.992626599999937, 4.785483430000056, 323.751999999993131 ], [ -72.992670669999939, 4.785382360000028, 324.281499999997322 ], [ -72.992742609999937, 4.785219970000071, 325.407099999996717 ], [ -72.992784529999938, 4.785122160000071, 326.262900000001537 ], [ -72.992826629999968, 4.785020680000059, 326.880999999993946 ], [ -72.992869979999966, 4.784919210000055, 327.446800000005169 ], [ -72.992912429999933, 4.784821650000026, 327.980899999995017 ], [ -72.992988619999949, 4.78464740000004, 328.29769999999553 ], [ -72.993031089999988, 4.784549110000057, 328.141199999998207 ], [ -72.993075049999959, 4.784448, 327.982099999993807 ], [ -72.993119199999967, 4.784346620000065, 327.773199999995995 ], [ -72.993153469999982, 4.784267180000029, 327.526299999997718 ], [ -72.993197239999972, 4.784166380000045, 327.104500000001281 ], [ -72.993240129999947, 4.784064780000051, 326.915299999993294 ], [ -72.993282659999977, 4.783965250000051, 326.933600000003935 ], [ -72.993327979999947, 4.783864860000051, 327.04649999999674 ], [ -72.993373629999951, 4.783764830000052, 327.046300000001793 ], [ -72.993415839999955, 4.783673710000073, 327.1987999999983 ], [ -72.99346117999994, 4.783573100000069, 327.304099999993923 ], [ -72.993506049999951, 4.783472160000031, 326.9663 ], [ -72.993545399999959, 4.783383590000028, 326.771299999993062 ], [ -72.993581809999966, 4.783302380000066, 326.520999999993364 ], [ -72.993626629999937, 4.783201710000071, 325.6201 ], [ -72.993669779999948, 4.783100250000075, 324.497199999997974 ], [ -72.993748909999965, 4.782915020000075, 322.708100000003469 ], [ -72.993781749999982, 4.782839350000074, 322.107799999997951 ], [ -72.993825319999985, 4.782739330000027, 321.951499999995576 ], [ -72.99385185999995, 4.782677580000041, 322.277100000006612 ], [ -72.993897169999968, 4.78257670000005, 322.789399999994203 ], [ -72.993943519999959, 4.782476670000051, 323.0 ], [ -72.993961109999987, 4.782437830000049, 323.0 ], [ -72.994006539999987, 4.782338030000062, 323.0 ], [ -72.994035699999984, 4.782274240000049, 323.0 ], [ -72.994077759999982, 4.782179820000067, 323.065300000002026 ], [ -72.994118569999955, 4.782088670000064, 323.075599999996484 ], [ -72.994150829999967, 4.782018730000061, 323.012000000002445 ], [ -72.994194279999988, 4.781925060000049, 323.290399999998044 ], [ -72.994271359999971, 4.781765460000031, 323.865399999995134 ], [ -72.99428230999996, 4.781742730000076, 323.893100000001141 ], [ -72.994326229999956, 4.781650810000031, 323.669099999999162 ], [ -72.99436824999998, 4.781559060000063, 323.315400000006775 ], [ -72.994383609999943, 4.781523330000027, 323.210999999995693 ], [ -72.994455, 4.781355920000067, 322.730299999995623 ], [ -72.99447465999998, 4.781311350000067, 322.56590000000142 ], [ -72.994516989999966, 4.781220850000068, 322.232000000003609 ], [ -72.994566159999977, 4.781122260000075, 322.067999999999302 ], [ -72.994615249999981, 4.781023830000038, 322.345100000005914 ], [ -72.994662099999971, 4.78092429000003, 322.75010000000475 ], [ -72.994707079999955, 4.780823640000051, 323.494500000000698 ], [ -72.994727589999968, 4.780778840000039, 323.864600000000792 ], [ -72.994752799999958, 4.780723300000034, 324.288400000004913 ], [ -72.994797759999983, 4.780622970000024, 324.957399999999325 ], [ -72.994842509999955, 4.780524630000059, 325.0 ], [ -72.994889419999936, 4.78042497000007, 325.0 ], [ -72.994937619999973, 4.780325460000029, 324.928499999994528 ], [ -72.994985489999976, 4.780225770000072, 324.560700000001816 ], [ -72.995030749999955, 4.780126420000045, 324.194099999993341 ], [ -72.995074859999988, 4.780025220000027, 323.820800000001327 ], [ -72.995119179999961, 4.779923920000044, 323.447000000000116 ], [ -72.995165499999985, 4.779823250000049, 323.075599999996484 ], [ -72.995212599999945, 4.77972359000006, 322.970499999995809 ], [ -72.995259439999984, 4.779623670000035, 323.143400000000838 ], [ -72.995305719999976, 4.779523590000053, 323.491800000003423 ], [ -72.995352109999942, 4.779423160000022, 323.99199999999837 ], [ -72.995416469999952, 4.779285450000032, 324.892000000007101 ], [ -72.995446369999968, 4.779222480000044, 325.17500000000291 ], [ -72.99546431999994, 4.779186400000071, 325.254100000005565 ], [ -72.995492833999947, 4.779129152000053, 325.343800000002375 ], [ -72.99551342999996, 4.77908780000007, 325.370200000004843 ], [ -72.995537799999966, 4.779037020000032, 325.272599999996601 ], [ -72.995608089999962, 4.778890250000075, 324.990200000000186 ], [ -72.995654799999954, 4.77879039000004, 324.793999999994412 ], [ -72.995700639999939, 4.778689930000041, 324.518500000005588 ], [ -72.995749409999974, 4.778590870000073, 323.993000000002212 ], [ -72.995763909999937, 4.778565740000033, 323.842199999999139 ], [ -72.99579867999995, 4.778506250000021, 323.479800000000978 ], [ -72.995855, 4.778411530000028, 323.267300000006799 ], [ -72.995909809999944, 4.778315990000067, 323.469500000006519 ], [ -72.995963489999951, 4.778219600000057, 323.667499999995925 ], [ -72.996015699999987, 4.778122420000045, 323.860000000000582 ], [ -72.996067739999944, 4.77802508000002, 324.103799999997136 ], [ -72.996120739999981, 4.777928510000038, 324.494699999995646 ], [ -72.996160119999956, 4.777859220000039, 324.650899999993271 ], [ -72.996168809999972, 4.777844190000053, 324.657000000006519 ], [ -72.996215949999964, 4.77776405000003, 324.572000000000116 ], [ -72.996273349999967, 4.777669850000052, 324.210999999995693 ], [ -72.996330129999933, 4.777575130000059, 324.011100000003353 ], [ -72.996384779999971, 4.77747947000006, 323.967999999993481 ], [ -72.99643808999997, 4.777383310000062, 323.642999999996391 ], [ -72.996491979999973, 4.777286730000071, 323.558199999999488 ], [ -72.996549069999958, 4.777192330000048, 323.69550000000163 ], [ -72.996607349999977, 4.777098730000034, 324.018599999995786 ], [ -72.99666327999995, 4.777003930000035, 324.575700000001234 ], [ -72.996715509999945, 4.776906820000022, 325.126600000003236 ], [ -72.996769179999944, 4.776810160000025, 325.62390000000596 ], [ -72.996805779999988, 4.77674853000002, 325.713300000003073 ], [ -72.996862979999946, 4.776654230000076, 325.975999999995111 ], [ -72.996919799999944, 4.776560200000063, 326.0 ], [ -72.99693831999997, 4.776528400000075, 325.91809999999532 ], [ -72.996993479999958, 4.77643254000003, 325.564400000002934 ], [ -72.997049219999951, 4.776337840000053, 325.214999999996508 ], [ -72.99710448999997, 4.776245050000057, 324.98420000000624 ], [ -72.997161, 4.776150530000052, 325.0 ], [ -72.997217459999945, 4.776057030000061, 325.0 ], [ -72.997267939999972, 4.77597435000007, 324.873600000006263 ], [ -72.997284859999979, 4.775947200000076, 324.773400000005495 ], [ -72.997343989999933, 4.775854260000074, 324.430399999997462 ], [ -72.997401709999963, 4.775760620000028, 324.084900000001653 ], [ -72.997457899999972, 4.775666, 323.02740000000631 ], [ -72.997512499999971, 4.77557014000007, 321.76480000000447 ], [ -72.997567939999954, 4.775474550000069, 320.502099999997881 ], [ -72.997624109999947, 4.775379620000024, 319.886100000003353 ], [ -72.997669419999966, 4.775303250000036, 319.437200000000303 ], [ -72.997725159999959, 4.775209030000042, 319.041200000006938 ], [ -72.997782199999961, 4.775114770000073, 319.298399999999674 ], [ -72.997836619999987, 4.775030310000034, 319.610100000005332 ], [ -72.997891449999941, 4.774946450000073, 319.919599999993807 ], [ -72.997951809999961, 4.774854730000072, 320.517500000001746 ], [ -72.998010479999948, 4.774761390000037, 321.291800000006333 ], [ -72.99806751999995, 4.774667630000067, 321.919099999999162 ], [ -72.998123739999983, 4.774581200000057, 322.097399999998743 ], [ -72.998184309999942, 4.774489840000058, 322.084900000001653 ], [ -72.998243019999961, 4.774396800000034, 322.072199999995064 ], [ -72.998294969999961, 4.774310700000058, 322.267800000001444 ], [ -72.998346789999971, 4.774224570000058, 322.459000000002561 ], [ -72.998405619999971, 4.77413198000005, 322.676000000006752 ], [ -72.99846574999998, 4.77404008000002, 322.633400000006077 ], [ -72.998520109999959, 4.773957890000077, 322.53070000000298 ], [ -72.998575349999953, 4.773873030000061, 322.421300000001793 ], [ -72.998635319999948, 4.773781020000058, 322.408100000000559 ], [ -72.998693989999936, 4.773688180000022, 322.323300000003655 ], [ -72.998751449999986, 4.773594740000021, 322.087599999998929 ], [ -72.998808899999972, 4.773500680000041, 322.377200000002631 ], [ -72.998848879999969, 4.773440010000058, 322.641199999998207 ], [ -72.998891789999959, 4.773380610000061, 322.839999999996508 ], [ -72.998952409999958, 4.773297300000024, 323.003899999996065 ], [ -72.99901159999996, 4.773215580000056, 323.280299999998533 ], [ -72.999073689999989, 4.773126870000056, 323.82730000000447 ], [ -72.999141599999973, 4.77304040000007, 324.3637000000017 ], [ -72.999213419999933, 4.772966750000023, 324.805300000007264 ], [ -72.999296199999947, 4.772895040000037, 325.435100000002421 ], [ -72.999459269999988, 4.77275018000006, 325.423800000004121 ], [ -72.999537779999969, 4.77268158000004, 325.10460000000603 ], [ -72.99961462999994, 4.772613770000021, 325.073499999998603 ], [ -72.999696569999969, 4.772541340000032, 325.351800000004005 ], [ -72.999778979999974, 4.772469030000025, 325.809899999992922 ], [ -72.999785119999956, 4.772463830000049, 325.851800000004005 ], [ -72.999863179999977, 4.772398570000064, 326.324299999992945 ], [ -72.999946389999934, 4.772327800000028, 326.585699999995995 ], [ -73.000022959999967, 4.772261060000062, 326.832200000004377 ], [ -73.000098559999969, 4.772193080000022, 327.006099999998696 ], [ -73.000181329999975, 4.772121010000035, 326.918999999994412 ], [ -73.000340279999989, 4.771984100000054, 326.299700000003213 ], [ -73.000372149999976, 4.771955950000063, 326.101599999994505 ], [ -73.000414879999937, 4.771917790000032, 325.80000000000291 ], [ -73.000414991999946, 4.771917693000034, 325.799299999998766 ], [ -73.000498019999952, 4.771845950000056, 325.2693 ], [ -73.000581609999983, 4.771774910000033, 324.744500000000698 ], [ -73.000745359999939, 4.771634380000023, 324.268899999995483 ], [ -73.000822849999963, 4.771566540000038, 324.362399999998161 ], [ -73.000898629999938, 4.771500290000063, 324.315499999996973 ], [ -73.000987699999939, 4.771422570000027, 324.491399999998976 ], [ -73.001069589999986, 4.771350230000053, 325.216700000004494 ], [ -73.00112452999997, 4.77130107000005, 325.646099999998114 ], [ -73.001206619999948, 4.771228510000071, 326.0 ], [ -73.001282309999965, 4.771160520000024, 326.0 ], [ -73.001358019999941, 4.771081600000059, 326.188299999994342 ], [ -73.001425799999936, 4.771005410000043, 326.469500000006519 ], [ -73.001488419999987, 4.770927810000046, 326.829800000006799 ], [ -73.001543569999967, 4.770848250000029, 327.226299999994808 ], [ -73.001548059999948, 4.770841880000035, 327.226699999999255 ], [ -73.001576259999979, 4.770800590000022, 327.244399999995949 ], [ -73.001635449999981, 4.770708660000025, 327.376999999993131 ], [ -73.001695719999987, 4.770617500000071, 327.665900000007241 ], [ -73.001756499999942, 4.770526190000055, 328.085500000001048 ], [ -73.00181981999998, 4.770436540000048, 328.4038 ], [ -73.001856289999978, 4.770383080000045, 328.514100000000326 ], [ -73.001917989999981, 4.77029286000004, 328.779099999999744 ], [ -73.001980639999942, 4.770202970000071, 329.360400000005029 ], [ -73.002043639999954, 4.77011305000002, 329.623600000006263 ], [ -73.002106579999975, 4.770025390000058, 329.378100000001723 ], [ -73.002170389999947, 4.769936490000021, 329.325800000005984 ], [ -73.002233579999938, 4.769846960000052, 329.587499999994179 ], [ -73.00229534999994, 4.769757750000053, 330.148400000005495 ], [ -73.00241417999996, 4.769589130000043, 331.6478000000061 ], [ -73.002456409999979, 4.769527420000031, 332.187200000000303 ], [ -73.00247171999996, 4.769505080000044, 332.371100000003935 ], [ -73.002533189999951, 4.769414330000075, 332.516799999997602 ], [ -73.002595529999951, 4.769323590000056, 332.46809999999823 ], [ -73.002659, 4.769234150000045, 332.379000000000815 ], [ -73.00270452999996, 4.769169460000057, 332.547000000005937 ], [ -73.002779789999977, 4.769063580000022, 332.824800000002142 ], [ -73.002835809999965, 4.768983900000023, 333.004400000005262 ], [ -73.002868289999981, 4.768936600000075, 332.805999999996857 ], [ -73.002925879999964, 4.768854330000067, 332.331500000000233 ], [ -73.002987769999947, 4.768764110000063, 331.956099999995786 ], [ -73.002990420999936, 4.768760135000036, 331.942800000004354 ], [ -73.003048509999985, 4.768673040000067, 331.724499999996624 ], [ -73.003095539999947, 4.768600660000061, 331.641699999992852 ], [ -73.003142609999941, 4.768527550000044, 331.649499999999534 ], [ -73.00315317999997, 4.768511620000027, 331.665599999992992 ], [ -73.003188589999979, 4.768430470000055, 331.684299999993527 ], [ -73.003197419999935, 4.768320970000048, 331.114700000005541 ], [ -73.003191299999969, 4.76817458000005, 330.163899999999558 ], [ -73.003187399999945, 4.768085820000067, 330.144000000000233 ], [ -73.003183419999971, 4.767993150000052, 330.337199999994482 ], [ -73.003178479999974, 4.767883440000048, 330.577600000004168 ], [ -73.003175109999972, 4.767773780000027, 331.062699999994948 ], [ -73.00317205999994, 4.767664020000041, 331.547099999996135 ], [ -73.003170629999943, 4.767621430000077, 331.729699999996228 ], [ -73.003167269999949, 4.767511440000021, 332.107699999993201 ], [ -73.003163679999943, 4.767401610000036, 332.470900000000256 ], [ -73.003160309999942, 4.767291950000072, 332.665900000007241 ], [ -73.003158569999982, 4.767257800000039, 332.645999999993364 ], [ -73.003152349999937, 4.767147830000056, 332.575100000001839 ], [ -73.003147239999976, 4.767037500000072, 332.605899999995017 ], [ -73.003141179999943, 4.766927990000056, 332.882700000001932 ], [ -73.003136669999947, 4.766854570000021, 333.075100000001839 ], [ -73.003130579999947, 4.766744910000057, 333.010800000003655 ], [ -73.003128109999977, 4.766695320000053, 332.792700000005425 ], [ -73.003124619999937, 4.766587250000043, 332.338000000003376 ], [ -73.003122539999936, 4.766477310000028, 331.917900000000373 ], [ -73.003119589999983, 4.766367510000066, 331.526299999997718 ], [ -73.003117499999973, 4.766315970000051, 331.334700000006706 ], [ -73.00311236999994, 4.766214450000064, 331.350300000005518 ], [ -73.003108029999964, 4.766104330000076, 332.115900000004331 ], [ -73.003103799999963, 4.766000250000047, 332.864300000001094 ], [ -73.003099019999979, 4.765896230000067, 333.600999999995111 ], [ -73.003093489999969, 4.765795420000075, 334.282999999995809 ], [ -73.003086599999961, 4.765622750000034, 334.819199999998091 ], [ -73.003079749999984, 4.765474820000065, 334.740699999994831 ], [ -73.003074269999956, 4.765365160000044, 334.190600000001723 ], [ -73.003068859999985, 4.765264500000058, 333.492800000007264 ], [ -73.003064709999933, 4.765163880000046, 332.841100000005099 ], [ -73.003059929999949, 4.765054080000027, 332.418000000005122 ], [ -73.003054769999949, 4.764944150000076, 331.993100000006962 ], [ -73.00304873999994, 4.764834080000071, 331.795199999993201 ], [ -73.003043979999973, 4.764724070000057, 331.777000000001863 ], [ -73.003038799999956, 4.764614130000041, 331.757199999992736 ], [ -73.003034089999971, 4.764506530000062, 331.739100000006147 ], [ -73.003028579999977, 4.764396730000044, 331.71809999999823 ], [ -73.003024889999949, 4.764286330000061, 331.601899999994203 ], [ -73.003020049999975, 4.764176200000065, 331.442200000004959 ], [ -73.003014949999965, 4.764080130000025, 331.31710000000021 ], [ -73.003010749999987, 4.763970090000043, 330.664199999999255 ], [ -73.003007424999964, 4.763898040000072, 330.247399999992922 ], [ -73.003005659999985, 4.763859790000026, 330.028900000004796 ], [ -73.002996519999954, 4.763639370000021, 328.917499999995925 ], [ -73.002991879999968, 4.763529070000061, 328.464300000006915 ], [ -73.002986169999986, 4.763418940000065, 328.892000000007101 ], [ -73.002983029999939, 4.763347100000033, 329.168900000004214 ], [ -73.002977879999946, 4.76323732000003, 329.598899999997229 ], [ -73.002970709999943, 4.763127500000053, 330.021900000007008 ], [ -73.002968669999973, 4.763089510000043, 330.158500000005006 ], [ -73.002963109999939, 4.762980050000067, 330.43289999999979 ], [ -73.002958449999937, 4.762870360000022, 330.191500000000815 ], [ -73.002956729999937, 4.762830880000024, 330.100800000000163 ], [ -73.002954299999942, 4.762760350000065, 329.938399999999092 ], [ -73.002949699999988, 4.762650490000055, 329.996400000003632 ], [ -73.002944679999985, 4.76254055000004, 330.207699999999022 ], [ -73.002938589999985, 4.762430940000058, 330.373999999996158 ], [ -73.002927759999977, 4.762211960000059, 330.332699999999022 ], [ -73.00292313999995, 4.762102330000062, 329.807400000005146 ], [ -73.002917589999981, 4.761992130000067, 329.086699999999837 ], [ -73.002912959999946, 4.761881870000025, 328.35559999999532 ], [ -73.002909519999946, 4.761771930000066, 327.623300000006566 ], [ -73.002905009999949, 4.761662170000022, 326.869699999995646 ], [ -73.002899339999942, 4.761552270000038, 326.926699999996345 ], [ -73.002893839999956, 4.761451570000077, 327.166800000006333 ], [ -73.002889289999985, 4.761351150000053, 327.415200000003097 ], [ -73.002883829999973, 4.761241330000075, 327.648000000001048 ], [ -73.002878119999934, 4.761131650000038, 327.914000000004307 ], [ -73.002872539999942, 4.761030050000045, 327.460800000000745 ], [ -73.002863049999974, 4.760809880000068, 325.9146999999939 ], [ -73.002857989999939, 4.76070025000007, 325.93399999999383 ], [ -73.002852649999966, 4.760590640000032, 325.954400000002352 ], [ -73.002846209999973, 4.760480510000036, 325.704800000006799 ], [ -73.002842019999946, 4.760370410000064, 325.31260000000475 ], [ -73.002838779999934, 4.760278290000031, 325.015199999994365 ], [ -73.002834319999977, 4.760168460000045, 325.059899999992922 ], [ -73.00282883999995, 4.760057970000048, 325.129300000000512 ], [ -73.002824129999965, 4.759948390000034, 325.41710000000603 ], [ -73.002820489999976, 4.759848650000038, 325.794899999993504 ], [ -73.002815399999974, 4.759748480000042, 326.174700000003213 ], [ -73.002808699999946, 4.759648380000044, 326.507299999997485 ], [ -73.002801619999957, 4.759538400000054, 326.826700000005076 ], [ -73.002796779999983, 4.75942845000003, 327.131800000002841 ], [ -73.002791249999973, 4.759319090000076, 327.455499999996391 ], [ -73.002785919999951, 4.75920928000005, 327.764200000005076 ], [ -73.002780559999962, 4.75909936000005, 327.48420000000624 ], [ -73.002776739999945, 4.758989280000037, 327.16830000000482 ], [ -73.002772389999961, 4.758882600000049, 326.829400000002352 ], [ -73.002769969999974, 4.758831190000024, 326.639899999994668 ], [ -73.00276316999998, 4.758721410000021, 326.23519999999553 ], [ -73.002756649999981, 4.758611570000028, 326.0 ], [ -73.002752029999954, 4.758501430000024, 326.0 ], [ -73.002747209999939, 4.758391410000058, 326.0 ], [ -73.002742529999978, 4.75828172000007, 326.0 ], [ -73.002737349999961, 4.758171640000057, 326.0 ], [ -73.002733029999945, 4.75806158000006, 326.0 ], [ -73.002727799999946, 4.757951470000023, 326.0 ], [ -73.002721759999986, 4.75784249000003, 325.9951 ], [ -73.002715609999939, 4.757732480000072, 325.589600000006612 ], [ -73.002714047999973, 4.757697148000034, 325.459300000002258 ], [ -73.002710739999941, 4.757622330000061, 325.183499999999185 ], [ -73.002706749999959, 4.757512340000062, 325.221999999994296 ], [ -73.002696869999966, 4.757309240000041, 325.970700000005309 ], [ -73.002693129999955, 4.757208580000054, 326.341700000004494 ], [ -73.002690689999952, 4.757160080000062, 326.520499999998719 ], [ -73.002685659999941, 4.757052430000044, 326.917400000005728 ], [ -73.002680199999986, 4.756942680000066, 327.124500000005355 ], [ -73.002676319999978, 4.756832660000043, 327.270499999998719 ], [ -73.002672889999985, 4.756722660000037, 327.225399999995716 ], [ -73.002663989999974, 4.756613080000022, 326.788000000000466 ], [ -73.002660139999989, 4.75650298000005, 326.367199999993318 ], [ -73.002656299999956, 4.756393240000023, 326.397899999996298 ], [ -73.002651569999955, 4.756282920000046, 326.486199999999371 ], [ -73.002646849999962, 4.756172670000069, 326.637100000007194 ], [ -73.002642019999939, 4.756062510000049, 326.911500000001979 ], [ -73.002637149999941, 4.755952520000051, 327.200200000006589 ], [ -73.002634, 4.755876930000056, 326.906400000007125 ], [ -73.002629079999963, 4.755766540000025, 326.407600000005914 ], [ -73.002624479999952, 4.755656190000025, 326.0 ], [ -73.002619719999984, 4.755546100000061, 326.0 ], [ -73.002614809999955, 4.755442490000064, 326.0 ], [ -73.002608889999976, 4.755332870000075, 326.256500000003143 ], [ -73.002603319999935, 4.755222790000062, 326.662299999996321 ], [ -73.002598959999943, 4.755112710000049, 327.136100000003353 ], [ -73.002593229999945, 4.755002850000039, 327.946100000001024 ], [ -73.002587809999966, 4.754893080000045, 328.755399999994552 ], [ -73.002582919999952, 4.754783110000062, 329.0 ], [ -73.002578519999986, 4.75467296000005, 328.999299999995856 ], [ -73.002573779999977, 4.754563270000062, 328.906499999997322 ], [ -73.002568569999937, 4.754453520000027, 328.501900000002934 ], [ -73.00256195999998, 4.754343450000022, 328.096099999995204 ], [ -73.002556439999978, 4.754239430000041, 327.712700000003679 ], [ -73.002550509999935, 4.75412977000002, 327.308399999994435 ], [ -73.00254850999994, 4.754087580000032, 327.152900000000955 ], [ -73.002541089999966, 4.753910280000071, 328.001499999998487 ], [ -73.002536659999976, 4.753800270000056, 328.81260000000475 ], [ -73.002534969999942, 4.753690190000043, 329.571500000005472 ], [ -73.002537549999943, 4.753590300000042, 330.251900000002934 ], [ -73.002548529999956, 4.753486140000064, 330.75109999999404 ], [ -73.002560419999952, 4.753423270000042, 330.331000000005588 ], [ -73.002581439999972, 4.753315730000054, 329.615200000000186 ], [ -73.002602069999966, 4.753213650000021, 329.014200000005076 ], [ -73.002644689999954, 4.752998480000031, 327.740000000005239 ], [ -73.002664279999976, 4.752896710000073, 327.536900000006426 ], [ -73.002683959999956, 4.752798380000058, 327.52740000000631 ], [ -73.00270594999995, 4.75269073000004, 327.458700000002864 ], [ -73.002727549999975, 4.75258333000005, 327.35460000000603 ], [ -73.002748079999947, 4.752475050000044, 327.304699999993318 ], [ -73.002769059999935, 4.752366790000053, 327.305600000006962 ], [ -73.002790629999936, 4.75225886000004, 327.219800000006217 ], [ -73.002811519999966, 4.752150740000047, 327.007400000002235 ], [ -73.002831949999972, 4.752042700000061, 328.100900000004913 ], [ -73.00284967999994, 4.751945870000043, 329.211800000004587 ], [ -73.002870519999988, 4.751837670000043, 330.196400000000722 ], [ -73.002912829999957, 4.751621940000064, 330.952499999999418 ], [ -73.002933269999971, 4.751513530000068, 331.0 ], [ -73.002954659999943, 4.751405370000043, 331.0 ], [ -73.002976469999965, 4.751297590000036, 330.938999999998487 ], [ -73.002999839999973, 4.751176560000033, 330.688200000004144 ], [ -73.003017459999967, 4.751081340000042, 330.439700000002631 ], [ -73.003037899999981, 4.750973010000052, 330.324399999997695 ], [ -73.003048959999944, 4.750918140000067, 330.283800000004703 ], [ -73.003081019999968, 4.750757220000025, 330.273100000005797 ], [ -73.003102229999968, 4.75064935000006, 330.567899999994552 ], [ -73.003122649999966, 4.750540940000064, 330.926800000001094 ], [ -73.003144249999934, 4.750433010000052, 331.32390000000305 ], [ -73.003165809999985, 4.750325150000037, 331.721699999994598 ], [ -73.00318735999997, 4.750217450000036, 332.0 ], [ -73.003204783999934, 4.750127091000024, 332.0 ], [ -73.003208229999984, 4.75010922000007, 332.0 ], [ -73.003230679999945, 4.750001250000025, 332.0 ], [ -73.003253459999939, 4.749893660000055, 332.145999999993364 ], [ -73.003275709999969, 4.749786760000063, 332.387799999996787 ], [ -73.003296319999947, 4.749679300000025, 332.520499999998719 ], [ -73.003316539999958, 4.749571650000064, 332.197700000004261 ], [ -73.003325969999935, 4.749526530000026, 332.06590000000142 ], [ -73.003348569999957, 4.749419260000025, 331.76480000000447 ], [ -73.003370289999964, 4.749311730000045, 331.484400000001187 ], [ -73.003389539999944, 4.74920349000007, 331.137000000002445 ], [ -73.003409289999979, 4.74909542000006, 331.295199999993201 ], [ -73.003416499999958, 4.749057680000021, 331.460800000000745 ], [ -73.003417094999975, 4.749054714000067, 331.473899999997229 ], [ -73.003424749999965, 4.749016580000045, 331.642699999996694 ], [ -73.003446409999981, 4.748908880000045, 332.119399999995949 ], [ -73.00346935999994, 4.74879401000004, 332.804699999993318 ], [ -73.003470929999935, 4.748785830000031, 332.850600000005215 ], [ -73.003489669999965, 4.748685840000064, 333.356199999994715 ], [ -73.003511719999949, 4.748578060000057, 333.585600000005797 ], [ -73.003533639999944, 4.748470470000029, 333.505199999999604 ], [ -73.003554889999975, 4.748362730000053, 333.427200000005541 ], [ -73.003559239999959, 4.748341010000047, 333.395199999999022 ], [ -73.003579369999954, 4.748233370000037, 333.190300000002026 ], [ -73.003591892999964, 4.748167227000067, 333.094700000001467 ], [ -73.003593419999959, 4.748159160000057, 333.082999999998719 ], [ -73.003594689999943, 4.74815263000005, 333.074900000006892 ], [ -73.003602979999982, 4.748110710000049, 333.028000000005704 ], [ -73.003609759999961, 4.748076210000022, 332.99649999999383 ], [ -73.003617609999935, 4.748036290000073, 332.967999999993481 ], [ -73.003624765999973, 4.747999032000052, 332.955499999996391 ], [ -73.003638079999973, 4.747929710000051, 332.932199999995646 ], [ -73.003659499999969, 4.74782188000006, 332.958700000002864 ], [ -73.00368052999994, 4.747712920000026, 333.720100000005914 ], [ -73.003702119999957, 4.747604300000035, 334.453599999993457 ], [ -73.00372385999998, 4.747495840000056, 334.867199999993318 ], [ -73.003745289999983, 4.747387530000026, 335.029899999994086 ], [ -73.003765509999937, 4.747278980000033, 335.314799999992829 ], [ -73.003786609999963, 4.747170690000075, 335.218399999997928 ], [ -73.003808269999979, 4.747063170000047, 335.128800000005867 ], [ -73.003829639999935, 4.746956300000022, 334.932000000000698 ], [ -73.003851619999978, 4.746848120000038, 334.418699999994715 ], [ -73.00387373999996, 4.74674039000007, 333.844500000006519 ], [ -73.003879649999988, 4.746710900000039, 333.803100000004633 ], [ -73.003901429999985, 4.746603920000041, 334.220199999996112 ], [ -73.003912789999958, 4.746548850000067, 334.460500000001048 ], [ -73.003934589999972, 4.746440300000074, 334.885699999998906 ], [ -73.00395532999994, 4.746331990000044, 334.509900000004563 ], [ -73.003969719999986, 4.746259030000033, 334.187999999994645 ], [ -73.004005189999987, 4.746080850000055, 333.316500000000815 ], [ -73.00401031399997, 4.746052784000028, 333.161999999996624 ], [ -73.004024969999989, 4.745972510000058, 332.698300000003655 ], [ -73.004044459999989, 4.745863690000022, 332.086699999999837 ], [ -73.004065859999969, 4.745755680000059, 331.531300000002375 ], [ -73.004088069999966, 4.745647480000059, 330.969200000006822 ], [ -73.004110019999985, 4.745539430000065, 331.232300000003306 ], [ -73.004145149999943, 4.745356680000043, 332.044599999993807 ], [ -73.004167709999933, 4.745248570000058, 332.443299999998999 ], [ -73.00419095999996, 4.745140470000024, 332.841899999999441 ], [ -73.004213119999974, 4.745033, 333.002800000002026 ], [ -73.004233169999964, 4.744924260000062, 333.039600000003702 ], [ -73.004239149999989, 4.744892650000054, 333.063399999999092 ], [ -73.00426030999995, 4.74478404000007, 333.111000000004424 ], [ -73.004281989999981, 4.74467597000006, 332.973499999992782 ], [ -73.004305269999975, 4.744568080000022, 332.704299999997602 ], [ -73.004329839999968, 4.744459950000021, 332.378200000006473 ], [ -73.004358199999956, 4.744353230000058, 332.122000000003027 ], [ -73.004386929999953, 4.744257010000069, 332.0 ], [ -73.004418659999942, 4.744151570000042, 332.0 ], [ -73.004447529999936, 4.74405457000006, 332.0 ], [ -73.004477559999941, 4.74395867000004, 332.192599999994854 ], [ -73.004511329999957, 4.743853430000058, 332.623500000001513 ], [ -73.004546179999977, 4.743748720000042, 332.980299999995623 ], [ -73.004581329999951, 4.743643940000027, 333.237699999997858 ], [ -73.00461697999998, 4.743543360000047, 333.385599999994156 ], [ -73.004655149999962, 4.743439810000041, 333.57050000000163 ], [ -73.004728299999954, 4.743238050000059, 334.733800000001793 ], [ -73.004768079999963, 4.743128070000068, 335.234299999996438 ], [ -73.004795159999958, 4.74305473000004, 335.405100000003586 ], [ -73.004806499999972, 4.743024570000046, 335.474600000001374 ], [ -73.004858079999963, 4.74288265000007, 335.530100000003586 ], [ -73.004878709999957, 4.742825230000051, 335.347899999993388 ], [ -73.004911449999952, 4.742730050000034, 335.118199999997159 ], [ -73.004946789999963, 4.742625050000072, 334.917499999995925 ], [ -73.004982759999962, 4.74252038000003, 334.584799999996903 ], [ -73.005019709999942, 4.742416240000068, 334.148400000005495 ], [ -73.005058039999938, 4.742312530000049, 333.481299999999464 ], [ -73.00509644999994, 4.742208250000033, 332.842699999993783 ], [ -73.005170759999942, 4.742004180000038, 332.712799999993877 ], [ -73.005219839999938, 4.741865200000063, 332.976399999999558 ], [ -73.005234819999941, 4.74182213000006, 333.061100000006263 ], [ -73.005277039999953, 4.74169962000002, 333.482499999998254 ], [ -73.005314509999948, 4.741595300000029, 333.88289999999688 ], [ -73.005352679999987, 4.741491410000037, 333.81699999999546 ], [ -73.005387259999964, 4.741396540000039, 333.689700000002631 ], [ -73.005425539999976, 4.741292820000069, 333.564100000003236 ], [ -73.005500979999965, 4.741094650000036, 333.828800000002957 ], [ -73.005536659999962, 4.740996580000058, 334.10920000000624 ], [ -73.005536909999989, 4.740995870000063, 334.111600000003818 ], [ -73.005571639999971, 4.740891450000049, 334.509300000005169 ], [ -73.005605359999947, 4.740786890000038, 335.002600000007078 ], [ -73.005605789999947, 4.740785570000071, 335.009500000000116 ], [ -73.00564167999994, 4.740680680000025, 335.467199999999139 ], [ -73.005679629999975, 4.740576250000061, 335.802200000005541 ], [ -73.005716979999988, 4.740471920000061, 335.905100000003586 ], [ -73.005753809999987, 4.74036773000006, 335.258600000001024 ], [ -73.005789349999986, 4.740266080000026, 334.528600000005099 ], [ -73.005816269999968, 4.740191370000048, 334.099100000006729 ], [ -73.005826019999972, 4.740164930000049, 334.059500000003027 ], [ -73.00586396999995, 4.740061050000065, 334.06590000000142 ], [ -73.005897629999936, 4.739968350000026, 334.189899999997579 ], [ -73.005934639999964, 4.739863980000052, 334.425600000002305 ], [ -73.005969339999979, 4.739768670000046, 334.751999999993131 ], [ -73.006004019999978, 4.73967403000006, 335.170299999997951 ], [ -73.006040579999933, 4.739569620000054, 335.765100000004168 ], [ -73.00607556999995, 4.739467510000054, 336.04670000000624 ], [ -73.006112039999948, 4.739362520000043, 336.480899999995017 ], [ -73.006149749999963, 4.739258540000037, 337.787299999996321 ], [ -73.006221189999962, 4.739058320000026, 339.829199999992852 ], [ -73.006258189999983, 4.738953650000042, 340.50010000000475 ], [ -73.006296609999936, 4.738849490000064, 341.095000000001164 ], [ -73.006333969999957, 4.738747930000045, 341.678599999999278 ], [ -73.006371599999966, 4.738643860000025, 341.961500000004889 ], [ -73.006407919999958, 4.738539160000073, 343.730200000005425 ], [ -73.006442539999966, 4.738441600000044, 346.82390000000305 ], [ -73.006476779999957, 4.738346250000063, 349.676399999996647 ], [ -73.006492849999972, 4.738301390000061, 350.691500000000815 ], [ -73.006531369999948, 4.738196910000056, 352.241500000003725 ], [ -73.006571329999986, 4.738092340000037, 353.927500000005239 ], [ -73.006610729999977, 4.737988190000067, 354.408500000005006 ], [ -73.00664643999994, 4.737885620000043, 353.930900000006659 ], [ -73.00668412999994, 4.737782590000052, 352.967499999998836 ], [ -73.006721769999956, 4.737679750000041, 351.209900000001653 ], [ -73.006741207999937, 4.737628276000066, 350.435700000001816 ], [ -73.006758042999934, 4.737583695000069, 349.831000000005588 ], [ -73.006761099999949, 4.737575600000071, 349.727799999993294 ], [ -73.006782759999965, 4.737515890000054, 349.022500000006403 ], [ -73.006820779999941, 4.737411010000073, 349.532800000000861 ], [ -73.006829839999966, 4.737386260000051, 349.690799999996671 ], [ -73.006858399999942, 4.737307380000061, 350.19210000000021 ], [ -73.006894969999962, 4.737203720000025, 350.87609999999404 ], [ -73.006932819999975, 4.737100350000048, 351.506399999998393 ], [ -73.006970869999975, 4.736997360000032, 352.198699999993551 ], [ -73.007009809999943, 4.736893950000024, 353.018500000005588 ], [ -73.007046739999964, 4.736789700000031, 353.861900000003516 ], [ -73.007054459999949, 4.736766330000023, 354.033999999999651 ], [ -73.007081699999958, 4.736686310000039, 354.538799999994808 ], [ -73.007117559999983, 4.736585730000058, 354.556700000001001 ], [ -73.007150469999942, 4.736488580000071, 354.655799999993178 ], [ -73.007186599999955, 4.736387770000022, 354.618700000006356 ], [ -73.007226609999975, 4.736284160000025, 354.021599999992759 ], [ -73.007266449999975, 4.736181, 353.244500000000698 ], [ -73.007305279999969, 4.736077360000024, 352.72729999999865 ], [ -73.007339079999952, 4.735986300000036, 352.391399999993155 ], [ -73.007373989999962, 4.735890740000059, 352.038899999999558 ], [ -73.007377259999942, 4.735881980000045, 352.006599999993341 ], [ -73.007416429999978, 4.735778090000053, 352.376699999993434 ], [ -73.007437649999986, 4.735721570000067, 352.58520000000135 ], [ -73.007476009999948, 4.735618030000069, 352.967199999999139 ], [ -73.007513539999934, 4.73551395000004, 352.698600000003353 ], [ -73.007551049999961, 4.735409030000028, 352.46820000000298 ], [ -73.007589919999987, 4.735304380000059, 352.370200000004843 ], [ -73.007629239999972, 4.735200010000028, 352.278600000005099 ], [ -73.00766920999996, 4.735095260000037, 352.074699999997392 ], [ -73.007707979999964, 4.734990810000056, 352.963199999998324 ], [ -73.007718509999961, 4.734961310000074, 353.396900000007008 ], [ -73.007756609999944, 4.734859490000076, 355.142800000001444 ], [ -73.007791319999967, 4.734766580000041, 356.617299999998068 ], [ -73.00782726999995, 4.734669720000056, 357.713300000003073 ], [ -73.00786334999998, 4.734568230000036, 358.656700000006822 ], [ -73.007900639999946, 4.734467180000024, 358.87960000000021 ], [ -73.007938989999957, 4.734363690000066, 358.579100000002654 ], [ -73.007975689999967, 4.73426309000007, 358.185800000006566 ], [ -73.007981989999962, 4.734246010000049, 357.999599999995553 ], [ -73.008015469999975, 4.734152210000047, 356.146200000002864 ], [ -73.008048389999942, 4.734061790000055, 354.507400000002235 ], [ -73.008122729999968, 4.733870590000038, 353.290299999993294 ], [ -73.008163449999984, 4.733769260000031, 353.590700000000652 ], [ -73.008203699999967, 4.733667310000044, 354.539499999998952 ], [ -73.00824517999996, 4.733565080000062, 356.129400000005262 ], [ -73.008282489999942, 4.733471630000054, 357.576000000000931 ], [ -73.008301909999943, 4.733422240000039, 357.936000000001513 ], [ -73.008323219999966, 4.733368630000029, 357.767999999996391 ], [ -73.008362429999977, 4.733265540000048, 357.528000000005704 ], [ -73.008416289999957, 4.733129880000035, 357.466799999994691 ], [ -73.008455239999989, 4.733033320000061, 357.610300000000279 ], [ -73.008492539999963, 4.732938570000044, 357.747700000007171 ], [ -73.00853232999998, 4.732834790000027, 358.36250000000291 ], [ -73.008573909999939, 4.732731330000036, 359.392300000006799 ], [ -73.008614119999947, 4.732627530000059, 360.584499999997206 ], [ -73.008648189999974, 4.732519960000047, 361.231599999999162 ], [ -73.008680289999973, 4.732413750000035, 361.759000000005472 ], [ -73.008688549999988, 4.732385030000046, 361.882400000002235 ], [ -73.008720199999971, 4.73228148000004, 361.802400000000489 ], [ -73.008754799999963, 4.732177080000042, 361.203099999998813 ], [ -73.008790169999941, 4.73207179000002, 360.368799999996554 ], [ -73.008820239999977, 4.731963900000039, 360.558399999994435 ], [ -73.008828449999953, 4.731919340000047, 360.651599999997416 ], [ -73.008845939999958, 4.73180775000003, 361.127200000002631 ], [ -73.008854679999956, 4.731695600000023, 363.405199999993783 ], [ -73.008863219999967, 4.731582940000067, 365.53979999999865 ], [ -73.008868609999979, 4.73150398000007, 366.662200000006123 ], [ -73.008869139999945, 4.731496090000064, 366.74210000000312 ], [ -73.008878119999963, 4.731383430000051, 367.86699999999837 ], [ -73.008879699999966, 4.731366540000067, 368.033299999995506 ], [ -73.008891059999939, 4.731254340000021, 368.903000000005704 ], [ -73.008901399999957, 4.731142410000075, 368.513099999996484 ], [ -73.008910859999958, 4.73103068000006, 368.196200000005774 ], [ -73.008920029999956, 4.730917730000044, 366.928499999994528 ], [ -73.008929129999956, 4.730805900000064, 365.334600000001956 ], [ -73.008947279999973, 4.730583310000043, 360.85559999999532 ], [ -73.008955359999959, 4.730471710000074, 358.314799999992829 ], [ -73.008963149999943, 4.730376352000064, 356.183900000003632 ], [ -73.008964479999975, 4.730360080000025, 355.824200000002747 ], [ -73.008969049999962, 4.73031031000005, 354.733399999997346 ], [ -73.008979399999987, 4.730198100000052, 352.319099999993341 ], [ -73.008985049999978, 4.730135980000057, 351.111799999998766 ], [ -73.00899303999995, 4.730026640000062, 349.068199999994249 ], [ -73.008993589999989, 4.73000987000006, 348.75109999999404 ], [ -73.008997549999947, 4.729908910000063, 347.062900000004447 ], [ -73.009001679999983, 4.72981161000007, 348.212700000003679 ], [ -73.00900514999995, 4.729715130000045, 349.3413 ], [ -73.00900938999996, 4.729633750000062, 350.529399999999441 ], [ -73.009010299999943, 4.72961489000005, 351.142500000001746 ], [ -73.009016329999952, 4.729523120000067, 354.19199999999546 ], [ -73.00903601999994, 4.729415020000033, 358.250400000004447 ], [ -73.009086029999935, 4.729315040000074, 361.104000000006636 ], [ -73.009142949999955, 4.729217920000053, 361.692699999999604 ], [ -73.009189229999947, 4.729136100000062, 361.732199999998556 ], [ -73.009245059999955, 4.729038260000038, 361.074500000002445 ], [ -73.009294499999953, 4.728952850000042, 359.972299999993993 ], [ -73.009349869999937, 4.728854900000044, 358.424499999993714 ], [ -73.009417369999937, 4.728734, 355.947799999994459 ], [ -73.009472649999964, 4.728635530000076, 353.772200000006706 ], [ -73.009528299999943, 4.728537760000052, 351.555500000002212 ], [ -73.009560309999983, 4.728480330000025, 350.436000000001513 ], [ -73.009607719999963, 4.728395870000043, 348.881399999998393 ], [ -73.009661749999964, 4.728298420000044, 347.357000000003609 ], [ -73.009716279999964, 4.728201280000064, 346.939100000003236 ], [ -73.009771309999962, 4.728104890000054, 346.458400000003166 ], [ -73.009825749999948, 4.72800839000007, 345.907399999996414 ], [ -73.009873549999952, 4.727923440000041, 345.905400000003283 ], [ -73.00992113999996, 4.727838660000032, 345.686900000000605 ], [ -73.009944639999958, 4.727798140000061, 345.702699999994365 ], [ -73.010033399999941, 4.727647840000031, 347.185500000006869 ], [ -73.010087989999988, 4.727552550000041, 348.633600000001024 ], [ -73.010141669999939, 4.727455770000063, 350.048399999999674 ], [ -73.010196169999972, 4.727358840000022, 350.622700000007171 ], [ -73.010250179999957, 4.727262370000062, 350.737399999998161 ], [ -73.010314409999978, 4.727149430000054, 350.628899999996065 ], [ -73.010369079999975, 4.727053180000041, 350.210500000001048 ], [ -73.010425079999948, 4.726957370000036, 349.362800000002608 ], [ -73.010478469999953, 4.726867480000067, 349.161800000001676 ], [ -73.010496049999972, 4.726838390000069, 349.32730000000447 ], [ -73.010552129999951, 4.726744300000064, 349.760299999994459 ], [ -73.010574049999946, 4.726706550000074, 349.889100000000326 ], [ -73.010628949999955, 4.726611050000031, 349.845600000000559 ], [ -73.010684939999976, 4.726515530000029, 349.553799999994226 ], [ -73.010740289999944, 4.726420060000066, 349.358600000006845 ], [ -73.010795979999955, 4.72632475000006, 350.400099999998929 ], [ -73.010851569999943, 4.726228940000055, 351.165699999997742 ], [ -73.010904859999982, 4.726138810000066, 351.364799999995739 ], [ -73.010960629999943, 4.726043480000044, 351.674899999998161 ], [ -73.011069129999953, 4.725853580000035, 352.482000000003609 ], [ -73.011124269999982, 4.725758270000028, 352.206600000004983 ], [ -73.011180229999979, 4.725664030000075, 351.923999999999069 ], [ -73.011219559999972, 4.725596850000045, 351.718399999997928 ], [ -73.01127269999995, 4.725505620000035, 351.437200000000303 ], [ -73.011326699999984, 4.725410220000072, 351.131599999993341 ], [ -73.011381799999981, 4.725315430000023, 350.838499999998021 ], [ -73.01143639999998, 4.725220540000066, 350.731899999998859 ], [ -73.01149111999996, 4.725125620000028, 350.7783999999956 ], [ -73.011544409999942, 4.725029560000053, 350.919500000003609 ], [ -73.01159905999998, 4.724934010000027, 350.699600000007194 ], [ -73.011626949999936, 4.724885440000037, 350.638900000005378 ], [ -73.011680169999977, 4.724789430000044, 350.606899999998859 ], [ -73.011730059999934, 4.724692540000035, 351.02730000000156 ], [ -73.011781859999985, 4.724595290000025, 351.600399999995716 ], [ -73.011835649999966, 4.724499600000058, 352.257400000002235 ], [ -73.011887229999957, 4.724405270000034, 354.419999999998254 ], [ -73.011936169999956, 4.724317750000068, 356.155499999993481 ], [ -73.011966179999945, 4.724263890000032, 357.049100000003818 ], [ -73.012020399999983, 4.72416910000004, 357.39440000000468 ], [ -73.01207452999995, 4.724074560000076, 356.87489999999525 ], [ -73.012128669999981, 4.723979690000021, 356.651700000002165 ], [ -73.012181339999984, 4.723884450000071, 356.431400000001304 ], [ -73.01223540999996, 4.723789490000058, 356.089500000001863 ], [ -73.012290349999944, 4.723695100000043, 355.620200000004843 ], [ -73.012344669999948, 4.723600370000042, 355.319600000002538 ], [ -73.012398229999974, 4.723505290000048, 354.978799999997136 ], [ -73.012452889999963, 4.723410410000042, 354.686600000000908 ], [ -73.012500599999953, 4.723327650000044, 355.649300000004587 ], [ -73.012551619999954, 4.723237890000064, 356.688200000004144 ], [ -73.012554689999945, 4.723232480000036, 356.750700000004144 ], [ -73.012607859999946, 4.723137270000052, 357.862899999992806 ], [ -73.012661899999955, 4.723042410000062, 359.880000000004657 ], [ -73.012715809999975, 4.722949080000035, 361.715299999996205 ], [ -73.01277024999996, 4.722854430000041, 362.920199999993201 ], [ -73.012823689999948, 4.722759430000053, 362.613400000002002 ], [ -73.01287801999996, 4.722664420000058, 362.313099999999395 ], [ -73.012932759999956, 4.722570370000028, 361.921799999996438 ], [ -73.012987439999961, 4.722476320000055, 361.833400000003166 ], [ -73.013041869999938, 4.722382310000057, 362.023499999995693 ], [ -73.013097209999955, 4.722288180000021, 362.398000000001048 ], [ -73.013153179999961, 4.722194750000028, 362.814599999997881 ], [ -73.013208279999958, 4.722100910000051, 363.042900000000373 ], [ -73.013262309999959, 4.722006860000022, 362.819799999997485 ], [ -73.013315919999968, 4.721912800000041, 362.47269999999844 ], [ -73.013370689999988, 4.721818520000056, 362.124800000005052 ], [ -73.013372519999962, 4.721815380000066, 362.113200000007055 ], [ -73.013424719999989, 4.721724720000054, 362.0 ], [ -73.013459319999981, 4.721664460000056, 362.0 ], [ -73.013512529999957, 4.721569970000076, 362.0 ], [ -73.013566709999964, 4.721476130000042, 361.861399999994319 ], [ -73.013621619999981, 4.721382940000069, 361.517500000001746 ], [ -73.013663449999967, 4.721311430000071, 361.253700000001118 ], [ -73.013717489999976, 4.721217740000043, 361.098599999997532 ], [ -73.013736459999961, 4.721184420000043, 361.275599999993574 ], [ -73.013791139999967, 4.721090780000054, 361.683099999994738 ], [ -73.013846139999941, 4.720997890000035, 361.949900000006892 ], [ -73.013861239999983, 4.720972, 361.999500000005355 ], [ -73.013901619999956, 4.720903090000036, 361.746899999998277 ], [ -73.013956409999935, 4.720807450000052, 361.394000000000233 ], [ -73.014011909999965, 4.720711610000023, 361.1299 ], [ -73.014067409999939, 4.720618080000065, 361.421199999997043 ], [ -73.014124309999943, 4.720520890000046, 361.497399999992922 ], [ -73.01417854999994, 4.720427, 361.282000000006519 ], [ -73.014226719999954, 4.720338620000064, 360.778300000005402 ], [ -73.014274269999987, 4.720238420000044, 360.337499999994179 ], [ -73.014365939999948, 4.720037440000056, 360.130300000004354 ], [ -73.014411869999947, 4.719937150000021, 360.215700000000652 ], [ -73.014453189999983, 4.719849130000057, 360.441399999996065 ], [ -73.014500199999986, 4.719750460000057, 360.788000000000466 ], [ -73.014548119999972, 4.719652420000045, 361.282800000000861 ], [ -73.014594669999951, 4.719553580000024, 361.856799999994109 ], [ -73.014641369999936, 4.719452300000057, 362.15570000000298 ], [ -73.014687889999948, 4.719351800000027, 362.199299999992945 ], [ -73.014729969999962, 4.71926011000005, 362.085800000000745 ], [ -73.014775819999954, 4.719159330000025, 362.071899999995367 ], [ -73.014856289999955, 4.718989780000072, 362.698199999998906 ], [ -73.014903149999952, 4.718889640000043, 363.000799999994342 ], [ -73.014948469999979, 4.718789120000054, 363.064599999997881 ], [ -73.014987499999961, 4.718700700000056, 363.119500000000698 ], [ -73.015034429999957, 4.718600570000035, 363.081000000005588 ], [ -73.015082169999971, 4.718500640000059, 363.209799999996903 ], [ -73.015128629999936, 4.718401160000042, 364.211599999995087 ], [ -73.01517438999997, 4.718300490000047, 365.588199999998324 ], [ -73.015209929999969, 4.718224680000048, 366.415099999998347 ], [ -73.015247039999963, 4.718143060000045, 366.672300000005635 ], [ -73.01527466999994, 4.718082200000026, 366.756299999993644 ], [ -73.015315029999954, 4.717996070000027, 366.732999999992899 ], [ -73.015360569999984, 4.717897740000069, 366.129400000005262 ], [ -73.015406639999981, 4.717797620000056, 365.240799999999581 ], [ -73.015453969999953, 4.717697530000066, 364.250700000004144 ], [ -73.01550138999994, 4.717597410000053, 363.686799999995856 ], [ -73.015548199999955, 4.717496990000029, 363.118400000006659 ], [ -73.015595699999949, 4.717397340000048, 362.907600000005914 ], [ -73.015636689999951, 4.717311070000051, 363.294200000003912 ], [ -73.015688029999978, 4.717198600000074, 364.071100000001024 ], [ -73.01573290999994, 4.717098020000037, 365.337599999998929 ], [ -73.015778099999977, 4.716997590000062, 366.744999999995343 ], [ -73.015824219999956, 4.716898180000044, 368.085099999996601 ], [ -73.015872029999969, 4.716801540000063, 368.458199999993667 ], [ -73.015918089999957, 4.716703180000025, 368.251799999998184 ], [ -73.015928749999944, 4.716677660000073, 368.157600000005914 ], [ -73.01597382999995, 4.716576090000046, 367.782900000005611 ], [ -73.016001109999934, 4.716518540000038, 367.57060000000638 ], [ -73.016044019999981, 4.71642729000007, 367.233900000006543 ], [ -73.016089539999939, 4.716327420000027, 366.865499999999884 ], [ -73.016130569999973, 4.716235600000061, 366.526700000002165 ], [ -73.016176859999973, 4.716135250000036, 366.220000000001164 ], [ -73.016224169999987, 4.71603564000003, 365.880499999999302 ], [ -73.016271779999954, 4.715936030000023, 365.514299999995274 ], [ -73.016319179999982, 4.715837, 365.278699999995297 ], [ -73.016364499999952, 4.715743660000044, 365.534299999999348 ], [ -73.016410239999971, 4.715649930000041, 365.87159999999858 ], [ -73.016453169999977, 4.715559780000035, 365.996899999998277 ], [ -73.016498599999977, 4.715470340000024, 366.0 ], [ -73.016561559999957, 4.71538092000003, 366.0 ], [ -73.016629769999952, 4.71529718000005, 366.0 ], [ -73.016698679999934, 4.715219830000024, 365.557400000005146 ], [ -73.016767419999951, 4.715142900000046, 364.989400000005844 ], [ -73.016835779999951, 4.71506942000002, 364.446899999995367 ], [ -73.016910809999956, 4.714988220000066, 364.04330000000482 ], [ -73.016984769999965, 4.714911210000025, 364.62390000000596 ], [ -73.017060649999962, 4.714831090000075, 366.119999999995343 ], [ -73.017139059999977, 4.714753160000043, 367.485300000000279 ], [ -73.01722867999996, 4.714688160000037, 369.199399999997695 ], [ -73.017321589999938, 4.714629630000047, 370.643500000005588 ], [ -73.017415549999953, 4.714573410000071, 371.626499999998487 ], [ -73.017510659999971, 4.714519120000034, 372.190400000006775 ], [ -73.017604299999959, 4.714462390000051, 371.962400000003981 ], [ -73.01768715999998, 4.714406590000067, 371.55000000000291 ], [ -73.01776775999997, 4.714333760000045, 371.012100000007194 ], [ -73.017835439999942, 4.714249350000046, 370.627200000002631 ], [ -73.017898189999983, 4.71416129000005, 370.169999999998254 ], [ -73.017961979999939, 4.714074230000051, 369.762799999996787 ], [ -73.018026189999944, 4.713987990000021, 369.363299999997253 ], [ -73.018089, 4.713902660000031, 368.388800000000629 ], [ -73.018151889999956, 4.713814800000023, 366.627500000002328 ], [ -73.018192702999954, 4.713757256000065, 365.476699999999255 ], [ -73.018215749999968, 4.713724760000048, 364.826799999995274 ], [ -73.018325789999949, 4.713574060000042, 362.71820000000298 ], [ -73.018394149999949, 4.713481060000049, 362.714600000006612 ], [ -73.018453959999988, 4.713394700000038, 362.542000000001281 ], [ -73.018514419999974, 4.713307260000022, 362.705600000001141 ], [ -73.018577739999955, 4.713216170000067, 362.939299999998184 ], [ -73.018640129999937, 4.713126270000032, 363.339200000002165 ], [ -73.018640269999935, 4.713126070000044, 363.340200000006007 ], [ -73.018657239999982, 4.713101520000066, 363.465500000005704 ], [ -73.018720519999988, 4.713011880000067, 363.9326 ], [ -73.018787429999975, 4.712925680000069, 364.426600000006147 ], [ -73.018819849999943, 4.712886820000051, 364.665999999997439 ], [ -73.018853029999946, 4.712846670000033, 364.910999999992782 ], [ -73.018921389999946, 4.712762500000053, 365.208599999998114 ], [ -73.018986329999962, 4.712679670000057, 365.207800000003772 ], [ -73.01905327999998, 4.712593460000051, 364.892800000001444 ], [ -73.019121169999949, 4.712508420000063, 364.264999999999418 ], [ -73.019188909999968, 4.712423120000039, 363.166899999996531 ], [ -73.019256689999963, 4.712338150000051, 361.975699999995413 ], [ -73.019322789999933, 4.712253240000052, 361.029999999998836 ], [ -73.019354609999937, 4.712213020000036, 360.747499999997672 ], [ -73.019422669999983, 4.712127130000056, 360.457399999999325 ], [ -73.019489979999946, 4.71204031000002, 360.642399999996996 ], [ -73.019524539999964, 4.711995520000073, 360.620699999999488 ], [ -73.019590119999975, 4.711908090000065, 360.459499999997206 ], [ -73.019656249999969, 4.711820630000034, 360.302100000000792 ], [ -73.019661319999955, 4.711814050000044, 360.290900000007241 ], [ -73.019719409999936, 4.711733550000076, 360.062799999999697 ], [ -73.019778439999982, 4.711640870000053, 359.93859999999404 ], [ -73.019835389999969, 4.711546430000055, 359.800199999997858 ], [ -73.019888669999943, 4.711459920000038, 359.655199999993783 ], [ -73.019946649999952, 4.711367960000075, 359.548800000004121 ], [ -73.02006068999998, 4.711184650000064, 359.392900000006193 ], [ -73.020114749999948, 4.711099, 359.710000000006403 ], [ -73.020175369999947, 4.711006200000043, 360.357699999993201 ], [ -73.020235129999946, 4.710913990000051, 360.989900000000489 ], [ -73.020291449999945, 4.710826060000045, 361.06239999999525 ], [ -73.020349339999939, 4.710734120000041, 360.982000000003609 ], [ -73.020404719999988, 4.710650650000048, 361.047900000005029 ], [ -73.020464379999964, 4.710559570000044, 361.708400000003166 ], [ -73.020507789999954, 4.710494550000021, 362.188999999998487 ], [ -73.020567439999979, 4.710403090000057, 362.849799999996321 ], [ -73.020626709999988, 4.71031288000006, 363.504300000000512 ], [ -73.020685859999958, 4.710220840000034, 363.863899999996647 ], [ -73.02074566999994, 4.710127510000063, 363.941900000005262 ], [ -73.020804059999989, 4.710033160000023, 364.453599999993457 ], [ -73.02085778999998, 4.709940250000045, 364.664199999999255 ], [ -73.020871639999939, 4.709912350000025, 364.634699999995064 ], [ -73.020920229999945, 4.709813370000063, 364.230999999999767 ], [ -73.020963869999946, 4.709721800000068, 363.716199999995297 ], [ -73.020999379999978, 4.709634640000047, 363.203999999997905 ], [ -73.021080649999988, 4.70943901000004, 362.588199999998324 ], [ -73.021122129999981, 4.709337860000062, 362.45339999999851 ], [ -73.021162069999946, 4.709235350000029, 362.447799999994459 ], [ -73.021203779999951, 4.709133580000071, 362.403200000000652 ], [ -73.021246309999981, 4.70903308000004, 362.217000000004191 ], [ -73.021284499999979, 4.708940670000061, 361.650500000003376 ], [ -73.021292959999982, 4.708920550000073, 361.502800000002026 ], [ -73.021330489999968, 4.708828380000057, 360.683399999994435 ], [ -73.021372479999968, 4.708728050000047, 359.618600000001607 ], [ -73.021382339999946, 4.708705150000071, 359.33980000000156 ], [ -73.021425369999974, 4.708605150000039, 357.978199999997742 ], [ -73.021468619999951, 4.708504460000029, 356.385500000003958 ], [ -73.021510529999944, 4.708402990000025, 355.875499999994645 ], [ -73.021553599999947, 4.708300690000044, 355.835699999995995 ], [ -73.021572079999942, 4.708257360000061, 355.965700000000652 ], [ -73.021614799999952, 4.708155020000049, 356.7932 ], [ -73.021657499999947, 4.70805265000007, 357.542400000005728 ], [ -73.02169908999997, 4.707949550000023, 358.0 ], [ -73.021741039999938, 4.707849960000033, 358.0 ], [ -73.021784109999942, 4.707747770000026, 358.0 ], [ -73.021827649999977, 4.707645840000055, 357.802500000005239 ], [ -73.021866269999975, 4.707552970000052, 357.484400000001187 ], [ -73.021906469999976, 4.707460690000062, 357.144000000000233 ], [ -73.021950449999963, 4.707359190000034, 356.857499999998254 ], [ -73.021993259999988, 4.707257010000035, 356.720300000000861 ], [ -73.022035659999972, 4.707154150000065, 356.699699999997392 ], [ -73.022075619999953, 4.707060750000039, 356.790999999997439 ], [ -73.022102179999933, 4.706998910000038, 356.907800000000861 ], [ -73.022141279999971, 4.706905930000062, 357.408400000000256 ], [ -73.022183369999937, 4.70680389000006, 358.066600000005565 ], [ -73.022225469999967, 4.706701420000059, 358.456999999994878 ], [ -73.022269489999985, 4.706599520000054, 358.621299999998882 ], [ -73.022312989999989, 4.706497230000025, 358.4487999999983 ], [ -73.02237262999995, 4.706354600000054, 357.998500000001513 ], [ -73.022415739999985, 4.706252180000035, 358.887799999996787 ], [ -73.022459429999969, 4.706150310000055, 359.975099999996019 ], [ -73.022490499999947, 4.706076210000049, 360.684599999993225 ], [ -73.022532929999954, 4.705973530000051, 360.87609999999404 ], [ -73.022575409999945, 4.705870560000051, 360.875400000004447 ], [ -73.022619029999987, 4.705768280000029, 360.532399999996414 ], [ -73.022661889999938, 4.705665630000055, 359.579100000002654 ], [ -73.022703829999955, 4.705562530000066, 358.922200000000885 ], [ -73.022709529999986, 4.705548280000073, 358.821100000001024 ], [ -73.022746249999955, 4.705459890000043, 358.232900000002701 ], [ -73.022749207999937, 4.705452939000054, 358.188699999998789 ], [ -73.022757209999952, 4.705434140000023, 358.069099999993341 ], [ -73.022762288999957, 4.705422228000032, 357.993400000006659 ], [ -73.022785599999963, 4.705367550000062, 357.646099999998114 ], [ -73.022828319999974, 4.705267070000048, 357.006399999998393 ], [ -73.022870529999977, 4.705165670000042, 355.530299999998533 ], [ -73.022913469999935, 4.705064110000023, 353.7068 ], [ -73.022957289999965, 4.704963320000047, 352.017200000002049 ], [ -73.022999329999948, 4.704865540000071, 351.711500000004889 ], [ -73.023041859999978, 4.704764350000062, 351.276800000006915 ], [ -73.023084909999966, 4.70466287000005, 351.277000000001863 ], [ -73.023129009999934, 4.704562250000038, 351.946299999995972 ], [ -73.023172539999962, 4.704461180000067, 352.73750000000291 ], [ -73.023215719999939, 4.704359860000068, 351.666200000006938 ], [ -73.023258589999955, 4.70425836000004, 349.781700000006822 ], [ -73.023298649999958, 4.704166070000042, 348.28870000000461 ], [ -73.023342149999962, 4.70406502000003, 347.595199999996112 ], [ -73.023385, 4.703963830000021, 346.906000000002678 ], [ -73.023422719999985, 4.703870590000065, 346.526500000007218 ], [ -73.023464689999969, 4.703768400000058, 346.975300000005518 ], [ -73.023507129999984, 4.70366714000005, 347.974700000006123 ], [ -73.023549599999967, 4.703565770000068, 348.612999999997555 ], [ -73.023591299999964, 4.703463620000036, 349.116599999993923 ], [ -73.023629869999979, 4.703373320000026, 349.676800000001094 ], [ -73.023671429999979, 4.703281850000053, 349.704899999996996 ], [ -73.023717949999934, 4.703182320000053, 349.476599999994505 ], [ -73.023764349999965, 4.703082750000021, 348.973400000002584 ], [ -73.023810589999982, 4.70298286000002, 347.321899999995367 ], [ -73.02385849999996, 4.702885680000065, 345.458199999993667 ], [ -73.023912619999976, 4.702790180000022, 343.56710000000021 ], [ -73.02396774999994, 4.702695220000066, 342.413000000000466 ], [ -73.024022959999968, 4.702600620000055, 341.539300000004005 ], [ -73.024041119999936, 4.702570230000049, 341.654599999994389 ], [ -73.024096789999987, 4.702476770000033, 342.225099999996019 ], [ -73.024151889999985, 4.702381720000062, 342.89079999999376 ], [ -73.024206009999943, 4.702286490000063, 343.537700000000768 ], [ -73.024259539999946, 4.702192070000024, 343.422399999995832 ], [ -73.024314849999939, 4.702096870000048, 342.850200000000768 ], [ -73.024405269999988, 4.701937020000059, 342.056299999996554 ], [ -73.024439129999962, 4.701875740000048, 341.793600000004517 ], [ -73.024493909999933, 4.701780100000065, 341.174899999998161 ], [ -73.02451302999998, 4.701747400000045, 340.900999999998021 ], [ -73.024569109999959, 4.70165264000002, 341.345000000001164 ], [ -73.02462380999998, 4.701557510000043, 341.959000000002561 ], [ -73.024677439999948, 4.701461380000069, 342.42939999999362 ], [ -73.024730929999976, 4.701365290000069, 342.759000000005472 ], [ -73.024780829999941, 4.701278070000058, 342.938800000003539 ], [ -73.024835339999981, 4.701182650000021, 342.982499999998254 ], [ -73.024889089999988, 4.701086600000053, 342.628100000001723 ], [ -73.024943639999947, 4.700991200000033, 342.276100000002771 ], [ -73.024998909999965, 4.700896090000072, 342.0 ], [ -73.025052899999935, 4.700801890000037, 342.0 ], [ -73.025106179999966, 4.700705690000063, 342.017300000006799 ], [ -73.025160439999979, 4.700609460000067, 341.981299999999464 ], [ -73.025213889999975, 4.700517090000062, 341.664300000004005 ], [ -73.025238926999975, 4.700474953000025, 341.568199999994249 ], [ -73.025268519999941, 4.700425150000058, 341.491800000003423 ], [ -73.025326739999969, 4.700332010000068, 341.349499999996624 ], [ -73.025386779999963, 4.700239550000049, 341.320300000006682 ], [ -73.025508639999941, 4.700060090000022, 343.35580000000482 ], [ -73.025570899999934, 4.699969340000052, 344.400500000003376 ], [ -73.02563398999996, 4.699879060000058, 345.157200000001467 ], [ -73.025698599999942, 4.699790080000071, 346.125400000004447 ], [ -73.025764159999937, 4.699702100000025, 347.030100000003586 ], [ -73.025860619999946, 4.699570200000039, 347.482199999998556 ], [ -73.025924929999974, 4.699484530000063, 348.15570000000298 ], [ -73.02598992999998, 4.699395920000029, 349.115499999999884 ], [ -73.026050479999981, 4.699313080000024, 350.009500000000116 ], [ -73.026087079999968, 4.69926580200007, 350.101800000004005 ], [ -73.026117829999976, 4.699226080000074, 349.754700000004959 ], [ -73.026193679999949, 4.699146380000059, 348.919399999998859 ], [ -73.026222272999973, 4.699117054000055, 348.694000000003143 ], [ -73.026270489999945, 4.699067600000035, 348.469100000002072 ], [ -73.026370279999981, 4.698961690000033, 348.706999999994878 ], [ -73.026445359999968, 4.698881140000026, 349.248800000001211 ], [ -73.026519849999943, 4.698803590000068, 349.973499999992782 ], [ -73.026574188999973, 4.698746222000068, 350.585800000000745 ], [ -73.026595199999974, 4.698724040000059, 350.762799999996787 ], [ -73.026670529999933, 4.698643990000051, 351.285799999997835 ], [ -73.026745419999941, 4.69856328000003, 351.698300000003655 ], [ -73.026819539999963, 4.698486350000053, 352.500400000004447 ], [ -73.026888659999941, 4.69841365000002, 353.283999999999651 ], [ -73.026963249999937, 4.69833624000006, 353.695900000006077 ], [ -73.027039109999976, 4.698256480000055, 353.372300000002724 ], [ -73.027115929999979, 4.698178230000053, 352.945300000006682 ], [ -73.027192459999981, 4.698099980000052, 352.688399999999092 ], [ -73.02726789999997, 4.69802205000002, 352.263699999995879 ], [ -73.027341449999938, 4.697943370000075, 351.92269999999553 ], [ -73.027417199999945, 4.697864640000034, 351.975300000005518 ], [ -73.027483529999984, 4.69779692000003, 351.946800000005169 ], [ -73.027551639999956, 4.697726500000044, 351.861999999993714 ], [ -73.027619959999981, 4.697653560000049, 352.180999999996857 ], [ -73.027632659999938, 4.697640100000058, 352.349400000006426 ], [ -73.027709469999934, 4.697561470000039, 353.275099999998929 ], [ -73.027785819999963, 4.697482830000069, 354.030299999998533 ], [ -73.027860809999936, 4.697404660000075, 354.420599999997648 ], [ -73.027929679999943, 4.697331360000021, 354.548500000004424 ], [ -73.028006429999948, 4.697252480000031, 354.54670000000624 ], [ -73.02803229999995, 4.69722586000006, 354.508700000005774 ], [ -73.028077639999935, 4.69717834000005, 354.390400000003865 ], [ -73.028146679999963, 4.697106390000044, 353.903600000005099 ], [ -73.028216149999935, 4.697032910000075, 353.665200000003097 ], [ -73.028292439999973, 4.696953640000061, 353.726399999999558 ], [ -73.028368729999954, 4.696874730000047, 354.010299999994459 ], [ -73.028444869999987, 4.69679571000006, 353.57850000000326 ], [ -73.028513769999961, 4.696722660000034, 353.039099999994505 ], [ -73.028590099999974, 4.696643440000059, 352.454199999992852 ], [ -73.028666689999966, 4.696564930000022, 351.605299999995623 ], [ -73.028742989999955, 4.696486370000059, 350.457399999999325 ], [ -73.028818869999952, 4.696406920000072, 349.627699999997276 ], [ -73.028895409999961, 4.696327820000022, 349.141499999997905 ], [ -73.028953279999939, 4.696268780000025, 349.202499999999418 ], [ -73.028972199999941, 4.696249130000069, 349.26140000000305 ], [ -73.02904768999997, 4.696169870000062, 349.69560000000638 ], [ -73.029121819999943, 4.696090220000031, 350.4375 ], [ -73.029190009999979, 4.696017120000022, 350.841100000005099 ], [ -73.029258709999965, 4.695945140000049, 350.297600000005332 ], [ -73.02933472999996, 4.695866440000032, 349.706600000004983 ], [ -73.029409169999951, 4.69578929000005, 349.126999999993131 ], [ -73.029484599999989, 4.695710050000059, 347.356899999998859 ], [ -73.029560629999935, 4.695631300000059, 345.247700000007171 ], [ -73.029634769999973, 4.695553580000023, 343.330199999996694 ], [ -73.029710429999966, 4.695473840000034, 341.857399999993504 ], [ -73.029736249999985, 4.695446460000028, 341.866099999999278 ], [ -73.029855659999953, 4.695322600000054, 342.172200000000885 ], [ -73.029931079999983, 4.695243660000074, 342.570300000006682 ], [ -73.029999829999952, 4.695170950000033, 342.510699999998906 ], [ -73.030069339999955, 4.695097160000046, 341.911800000001676 ], [ -73.030143169999974, 4.695020550000038, 340.996799999993527 ], [ -73.030217079999943, 4.694942380000043, 339.781499999997322 ], [ -73.030291769999963, 4.694861960000026, 338.218399999997928 ], [ -73.030317889999935, 4.694833720000076, 337.634200000000419 ], [ -73.03039315999996, 4.694754140000043, 336.195099999997183 ], [ -73.030468379999945, 4.694674890000044, 335.126399999993737 ], [ -73.030545299999972, 4.694597200000032, 334.876699999993434 ], [ -73.030576199999985, 4.694564460000038, 334.98410000000149 ], [ -73.030650359999981, 4.69448398000003, 335.234700000000885 ], [ -73.030724279999959, 4.694403340000065, 335.482999999992899 ], [ -73.030798249999975, 4.694322470000031, 335.743100000006962 ], [ -73.030866429999946, 4.694249, 336.139599999994971 ], [ -73.030937519999952, 4.694165840000039, 336.68760000000475 ], [ -73.031005879999952, 4.694079600000066, 337.455700000005891 ], [ -73.031073769999978, 4.693993730000045, 338.077399999994668 ], [ -73.031141639999987, 4.693907390000049, 338.342499999998836 ], [ -73.031198099999983, 4.693834680000066, 338.366699999998673 ], [ -73.031260349999968, 4.693756060000055, 338.100200000000768 ], [ -73.03132764999998, 4.693669400000033, 337.49989999999525 ], [ -73.031388739999954, 4.693589870000039, 337.078699999998207 ], [ -73.031454749999966, 4.693502570000021, 336.3557 ], [ -73.03152289999997, 4.693416330000048, 335.65240000000631 ], [ -73.031553889999941, 4.693377410000039, 335.335800000000745 ], [ -73.031621529999939, 4.693291110000075, 334.865600000004633 ], [ -73.031682669999952, 4.693212250000045, 334.856199999994715 ], [ -73.031743859999949, 4.693132750000075, 334.975300000005518 ], [ -73.031756049999956, 4.693117070000028, 335.015599999998813 ], [ -73.031817869999941, 4.693038520000073, 335.402000000001863 ], [ -73.031884859999934, 4.692951940000057, 336.01919999999518 ], [ -73.031951359999937, 4.692864910000026, 336.211800000004587 ], [ -73.032016289999945, 4.692779060000021, 336.494600000005448 ], [ -73.032084189999978, 4.692692750000049, 336.426699999996345 ], [ -73.032151989999988, 4.692606390000037, 336.255799999998999 ], [ -73.032187009999973, 4.692561990000058, 335.833299999998417 ], [ -73.032248749999951, 4.692482630000029, 334.871100000003935 ], [ -73.032317579999983, 4.692397030000052, 333.652700000006007 ], [ -73.032388599999933, 4.692313260000049, 332.598899999997229 ], [ -73.03246527999994, 4.692234690000021, 331.587599999998929 ], [ -73.032471753999971, 4.692227960000025, 331.452399999994668 ], [ -73.032540259999962, 4.692156750000038, 330.167700000005425 ], [ -73.032617639999955, 4.692078600000059, 329.066099999996368 ], [ -73.032655979999959, 4.69203882000005, 328.6299 ], [ -73.032730639999954, 4.691958550000038, 328.330400000006193 ], [ -73.032804069999941, 4.691877230000046, 328.721699999994598 ], [ -73.032822359999955, 4.691857370000037, 328.794599999993807 ], [ -73.032897199999979, 4.691781290000051, 329.004700000004959 ], [ -73.032974149999973, 4.691704620000053, 329.210500000001048 ], [ -73.033049299999959, 4.691626980000024, 329.94210000000021 ], [ -73.033123669999952, 4.691547740000033, 330.503899999996065 ], [ -73.033149669999943, 4.691520850000074, 330.664499999998952 ], [ -73.03322634999995, 4.691442670000072, 331.029699999999139 ], [ -73.033302399999968, 4.691364100000044, 331.242700000002515 ], [ -73.03337769999996, 4.691285230000062, 331.938099999999395 ], [ -73.033454319999976, 4.691207100000042, 333.132400000002235 ], [ -73.033492149999972, 4.69116893000006, 333.899799999999232 ], [ -73.033566819999976, 4.691091150000034, 335.317200000004959 ], [ -73.033573209999986, 4.691084470000021, 335.437300000005052 ], [ -73.033632929999953, 4.69102158000004, 336.563399999999092 ], [ -73.033705109999971, 4.690945890000023, 337.922000000005937 ], [ -73.033779319999951, 4.690871320000042, 338.929300000003423 ], [ -73.033854799999972, 4.690794390000065, 338.988400000002002 ], [ -73.033930169999962, 4.690716250000037, 339.525399999998626 ], [ -73.03400580999994, 4.690637260000074, 340.552100000000792 ], [ -73.034082099999978, 4.690559350000058, 341.482000000003609 ], [ -73.034143519999986, 4.690495380000073, 341.882299999997485 ], [ -73.034196729999962, 4.690436940000041, 342.053899999998976 ], [ -73.034262559999945, 4.69035284000006, 342.002900000006775 ], [ -73.034330909999937, 4.690267680000034, 340.710099999996601 ], [ -73.034397819999981, 4.690183090000062, 339.103199999997742 ], [ -73.034462859999962, 4.69010041000007, 337.236999999993714 ], [ -73.034528939999973, 4.69001669000005, 335.858800000001793 ], [ -73.034596449999981, 4.68993432000002, 334.852899999998044 ], [ -73.034662169999933, 4.689852880000046, 333.806700000001001 ], [ -73.034728669999936, 4.689768890000039, 332.66710000000603 ], [ -73.03478924999996, 4.689691870000047, 331.681899999995949 ], [ -73.034795009999982, 4.689684680000028, 331.582500000004075 ], [ -73.03486326999996, 4.689600630000029, 330.384200000000419 ], [ -73.034930079999981, 4.689516840000067, 329.088499999998021 ], [ -73.034996829999955, 4.689431140000067, 327.330300000001444 ], [ -73.035056879999956, 4.689356150000037, 325.779699999999139 ], [ -73.035068109999941, 4.689342440000075, 325.494399999995949 ], [ -73.035136389999934, 4.689259350000043, 323.903000000005704 ], [ -73.035204089999979, 4.689174810000054, 322.863800000006449 ], [ -73.035267089999934, 4.689087050000069, 321.638200000001234 ], [ -73.035331909999968, 4.689001750000045, 320.289399999994203 ], [ -73.035402859999976, 4.688917410000045, 318.840599999995902 ], [ -73.035474529999988, 4.688835200000028, 317.551699999996345 ], [ -73.035543779999955, 4.688750980000066, 315.910999999992782 ], [ -73.035611209999956, 4.688664110000047, 315.19210000000021 ], [ -73.035745589999976, 4.688493920000042, 315.0 ], [ -73.035798749999969, 4.688427790000048, 314.696800000005169 ], [ -73.035813649999966, 4.688408920000029, 314.487800000002608 ], [ -73.035833949999983, 4.688382940000054, 314.200200000006589 ], [ -73.035880169999984, 4.688323900000057, 313.546400000006543 ], [ -73.035946309999986, 4.688241550000043, 312.663100000005215 ], [ -73.035987019999936, 4.688190330000054, 312.080499999996391 ], [ -73.035994329999937, 4.688181090000057, 311.95339999999851 ], [ -73.036013059999959, 4.688157740000065, 311.608699999997043 ], [ -73.036081529999933, 4.688071880000052, 310.341000000000349 ], [ -73.036148159999982, 4.687984480000068, 309.050700000007055 ], [ -73.036215349999964, 4.687897090000035, 307.937699999994948 ], [ -73.036283189999949, 4.68781081000003, 307.840599999995902 ], [ -73.036351529999934, 4.687724750000029, 307.911999999996624 ], [ -73.036418929999968, 4.687637980000034, 308.088799999997718 ], [ -73.036480879999942, 4.687558790000026, 307.507500000006985 ], [ -73.03654918999996, 4.687472430000071, 306.506200000003446 ], [ -73.036615049999966, 4.687388750000025, 305.380099999994854 ], [ -73.036679779999986, 4.687305910000021, 304.598100000002887 ], [ -73.036744859999942, 4.687223560000064, 303.806800000005751 ], [ -73.036811399999976, 4.687140940000063, 303.349199999996927 ], [ -73.036880169999961, 4.687055420000036, 303.232399999993504 ], [ -73.036948199999983, 4.686969330000068, 303.151199999992969 ], [ -73.037015819999965, 4.686882270000069, 302.579599999997299 ], [ -73.037084399999969, 4.686796300000026, 301.631299999993644 ], [ -73.037149109999973, 4.686714130000041, 300.721499999999651 ], [ -73.037177239999949, 4.686677780000025, 300.319000000003143 ], [ -73.037189039999987, 4.686662510000076, 300.149900000003981 ], [ -73.037220399999967, 4.686621320000029, 299.693799999993644 ], [ -73.037286109999968, 4.686534640000048, 298.821200000005774 ], [ -73.037347049999937, 4.686455490000071, 298.67149999999674 ], [ -73.037408629999959, 4.686378270000034, 298.556200000006356 ], [ -73.037431879999986, 4.68634908000007, 298.512400000006892 ], [ -73.037469269999974, 4.686302460000036, 298.444300000002841 ], [ -73.037473539999951, 4.686297210000021, 298.437099999995553 ], [ -73.037479769999948, 4.686289590000058, 298.426800000001094 ], [ -73.037534729999948, 4.686222720000046, 298.120800000004238 ], [ -73.037600139999938, 4.686145380000028, 297.431400000001304 ], [ -73.037665979999986, 4.686070180000058, 296.829800000006799 ], [ -73.037730089999968, 4.68599271000005, 296.218699999997625 ], [ -73.037796139999955, 4.685911220000037, 294.974600000001374 ], [ -73.037862019999977, 4.685828400000048, 293.1587 ], [ -73.037925239999936, 4.685752120000075, 290.733600000006845 ], [ -73.037995409999951, 4.685668990000067, 287.570900000006077 ], [ -73.038065699999947, 4.685585600000024, 284.377999999996973 ], [ -73.038135949999969, 4.685501500000044, 281.41359999999986 ], [ -73.038205619999985, 4.685416320000058, 279.793600000004517 ], [ -73.038276249999967, 4.685331940000026, 278.649099999995087 ], [ -73.038346019999949, 4.685247470000036, 277.510299999994459 ], [ -73.038413349999985, 4.685165080000047, 276.260899999993853 ], [ -73.038482659999943, 4.685079610000059, 274.802700000000186 ], [ -73.038552789999983, 4.684994560000064, 273.342999999993481 ], [ -73.038622969999949, 4.684909770000047, 272.144799999994575 ], [ -73.038690279999969, 4.684823090000066, 271.752299999992829 ], [ -73.038757789999977, 4.68473651000005, 271.26589999999851 ], [ -73.038821479999967, 4.684658310000032, 270.669399999998859 ], [ -73.038892099999941, 4.68457453000002, 269.85920000000624 ], [ -73.038963139999964, 4.684490530000062, 269.298999999999069 ], [ -73.039032379999981, 4.684405520000041, 269.029399999999441 ], [ -73.039101219999964, 4.68431916000003, 269.0 ], [ -73.039164469999946, 4.684243570000035, 269.0 ], [ -73.039230419999967, 4.684167840000043, 269.451799999995274 ], [ -73.039301189999946, 4.684083910000027, 270.448499999998603 ], [ -73.03931477499998, 4.684067332000041, 270.64879999999539 ], [ -73.039370919999953, 4.683998820000056, 271.346699999994598 ], [ -73.039440849999949, 4.683913780000069, 271.922500000000582 ], [ -73.039511159999961, 4.683829340000045, 272.458299999998417 ], [ -73.039580899999976, 4.683744440000055, 273.475099999996019 ], [ -73.039650349999988, 4.683659480000074, 274.009300000005169 ], [ -73.03971869999998, 4.683572970000057, 274.094500000006519 ], [ -73.039787029999957, 4.683488900000043, 274.135899999993853 ], [ -73.039856279999981, 4.683405490000041, 274.007500000006985 ], [ -73.039927069999976, 4.683321450000051, 273.707699999999022 ], [ -73.039996239999937, 4.683236170000043, 273.26940000000468 ], [ -73.040065099999936, 4.683150810000029, 273.286699999996927 ], [ -73.04013311999995, 4.683064440000066, 272.993700000006356 ], [ -73.04014836999994, 4.683044210000048, 272.883700000005774 ], [ -73.040159369999969, 4.68302932000006, 272.820999999996275 ], [ -73.040230079999958, 4.682936100000063, 272.380000000004657 ], [ -73.040273369999966, 4.682878490000064, 271.987599999993108 ], [ -73.040358619999949, 4.682766600000036, 271.664999999993597 ], [ -73.040430269999945, 4.68268321000005, 271.825899999996182 ], [ -73.040499599999976, 4.682598780000035, 271.848299999997835 ], [ -73.040563259999942, 4.682510040000068, 271.582800000003772 ], [ -73.04062695999994, 4.682422850000023, 270.427500000005239 ], [ -73.040693249999947, 4.682338750000042, 269.138099999996484 ], [ -73.040765129999954, 4.682257850000042, 267.777700000006007 ], [ -73.040839819999974, 4.682178470000053, 266.232399999993504 ], [ -73.040914479999969, 4.682099100000073, 264.70350000000326 ], [ -73.04098928999997, 4.682019500000024, 263.333299999998417 ], [ -73.041064859999949, 4.681940410000038, 262.121799999993527 ], [ -73.041140439999936, 4.681860700000072, 261.588099999993574 ], [ -73.04121594999998, 4.681780500000059, 261.500499999994645 ], [ -73.041290699999934, 4.681699300000048, 261.742800000007264 ], [ -73.041364159999944, 4.681617100000039, 262.277600000001257 ], [ -73.041437369999983, 4.681535220000058, 262.688699999998789 ], [ -73.041510839999944, 4.68145308000004, 262.936900000000605 ], [ -73.041584199999988, 4.681371170000034, 263.0 ], [ -73.041658149999989, 4.681289910000032, 263.060400000002119 ], [ -73.041732399999944, 4.681208620000064, 263.306100000001607 ], [ -73.041806689999987, 4.681127280000055, 263.683399999994435 ], [ -73.041881389999958, 4.681046200000026, 263.959300000002258 ], [ -73.041954679999947, 4.68096391000006, 264.769899999999325 ], [ -73.042026699999951, 4.680880160000072, 265.507100000002538 ], [ -73.042099509999957, 4.680797530000063, 265.622099999993225 ], [ -73.042173929999933, 4.680716010000026, 265.4807 ], [ -73.042248599999937, 4.680635180000024, 265.938899999993737 ], [ -73.042322479999939, 4.680553590000045, 266.774600000004284 ], [ -73.042393869999955, 4.680470730000025, 267.786900000006426 ], [ -73.042445916999952, 4.680407261000028, 268.469500000006519 ], [ -73.042463269999985, 4.680386100000021, 268.64770000000135 ], [ -73.042532049999977, 4.680300620000025, 269.084099999992759 ], [ -73.042598629999986, 4.680213980000076, 269.007100000002538 ], [ -73.042663059999938, 4.680126350000023, 269.038199999995413 ], [ -73.042726639999955, 4.680038560000071, 269.210900000005495 ], [ -73.042780219999941, 4.679962350000039, 269.539099999994505 ], [ -73.042789029999938, 4.679949820000047, 269.614300000001094 ], [ -73.042849979999971, 4.679861180000046, 270.285900000002584 ], [ -73.042910839999934, 4.679773050000051, 271.380199999999604 ], [ -73.042972499999962, 4.679687340000044, 273.282900000005611 ], [ -73.043007699999976, 4.67964008000007, 274.235799999994924 ], [ -73.043070599999965, 4.67955838000006, 275.702000000004773 ], [ -73.043101669999942, 4.67952243000002, 276.321899999995367 ], [ -73.043168349999974, 4.679444930000045, 277.704199999992852 ], [ -73.043187669999952, 4.67942239000007, 278.060299999997369 ], [ -73.043213639999976, 4.679391940000073, 278.501699999993434 ], [ -73.043270589999963, 4.679325820000031, 279.327399999994668 ], [ -73.043339809999964, 4.679243590000056, 280.376499999998487 ], [ -73.043382417999965, 4.679191290000063, 281.005799999998999 ], [ -73.043409309999959, 4.679158280000024, 281.403000000005704 ], [ -73.043479109999964, 4.679076270000053, 282.433900000003632 ], [ -73.043494769999938, 4.679058290000057, 282.665299999993294 ], [ -73.043510909999952, 4.67903952000006, 282.903600000005099 ], [ -73.043513089999976, 4.67903683000003, 282.935800000006566 ], [ -73.043531359999974, 4.679015690000028, 283.308600000003935 ], [ -73.043558169999983, 4.678985610000041, 283.902600000001257 ], [ -73.043577439999979, 4.678967950000072, 284.375700000004144 ], [ -73.043645809999987, 4.678915360000076, 286.473599999997532 ], [ -73.043659582999965, 4.678908498000055, 286.878100000001723 ], [ -73.043670979999945, 4.678902820000076, 287.216799999994691 ], [ -73.043751639999982, 4.678867850000074, 289.643200000005891 ], [ -73.043835179999974, 4.678827750000039, 292.274399999994785 ], [ -73.043876129999944, 4.678796270000021, 293.67949999999837 ], [ -73.043905029999962, 4.678762300000074, 294.804099999993923 ], [ -73.043914769999958, 4.678745410000033, 295.247799999997369 ], [ -73.043929649999939, 4.678718540000034, 295.930600000006962 ], [ -73.043982479999954, 4.678627560000052, 299.041299999997136 ], [ -73.044034419999946, 4.678534390000038, 302.231899999998859 ], [ -73.044086369999945, 4.678443100000038, 305.1443 ], [ -73.044146289999958, 4.678351340000063, 307.870200000004843 ], [ -73.044182, 4.678301740000052, 309.251699999993434 ], [ -73.044184409999957, 4.678297560000033, 309.357000000003609 ], [ -73.04418985999996, 4.678287150000074, 309.610899999999674 ], [ -73.044243409999979, 4.678193620000059, 311.791700000001583 ], [ -73.044283649999954, 4.678147700000068, 312.930699999997159 ], [ -73.044332099999963, 4.678090890000021, 314.569199999998091 ], [ -73.04440386999994, 4.678009580000037, 317.280299999998533 ], [ -73.04447123999995, 4.677937450000059, 319.595700000005309 ], [ -73.044538259999968, 4.677866050000034, 321.588000000003376 ], [ -73.044584209999982, 4.677821110000025, 322.590400000000955 ], [ -73.044625489999987, 4.677787920000071, 323.67609999999695 ], [ -73.044673029999956, 4.677748770000051, 325.16370000000461 ], [ -73.044682459999933, 4.677739480000071, 325.475600000005215 ], [ -73.044699059999971, 4.677722180000046, 326.03509999999369 ], [ -73.044720669999947, 4.677698940000028, 326.771299999993062 ], [ -73.044744369999989, 4.677674140000022, 327.571200000005774 ], [ -73.044767799999988, 4.677651130000072, 328.345300000000861 ], [ -73.044823599999972, 4.677599230000055, 329.942200000004959 ], [ -73.044832679999956, 4.677590680000037, 330.143400000000838 ], [ -73.044864649999965, 4.677561040000057, 330.851999999998952 ], [ -73.044866579999962, 4.677559330000065, 330.894799999994575 ], [ -73.04490439999995, 4.677527270000041, 332.099700000006123 ], [ -73.044929200999945, 4.677507868000021, 332.924400000003516 ], [ -73.044987959999958, 4.677461900000026, 334.878200000006473 ], [ -73.045034569999984, 4.677426250000053, 336.428199999994831 ], [ -73.045046419999949, 4.677417260000027, 336.822199999995064 ], [ -73.045073579999951, 4.677396100000067, 337.725399999995716 ], [ -73.045159289999958, 4.677337600000044, 340.374400000000605 ], [ -73.045185329999981, 4.677323520000073, 340.956000000005588 ], [ -73.045279489999984, 4.677275560000055, 343.1591000000044 ], [ -73.045380239999986, 4.677234600000077, 345.696200000005774 ], [ -73.045474299999967, 4.677205530000037, 346.930399999997462 ], [ -73.045484699999975, 4.677202770000065, 346.997099999993225 ], [ -73.045591519999959, 4.677177130000075, 347.691900000005262 ], [ -73.045698219999963, 4.677153350000026, 348.490000000005239 ], [ -73.045701219999955, 4.67715271000003, 348.528999999994994 ], [ -73.045805019999989, 4.67713088000005, 349.913400000004913 ], [ -73.045908539999971, 4.677110520000042, 351.356899999998859 ], [ -73.046004429999982, 4.67709289000004, 353.888099999996484 ], [ -73.046098639999968, 4.677076610000029, 357.379300000000512 ], [ -73.046101969999938, 4.677076170000021, 357.50449999999546 ], [ -73.046204459999956, 4.677062620000072, 361.297800000000279 ], [ -73.046311399999979, 4.677050720000068, 363.911300000007031 ], [ -73.046326009999973, 4.677049380000028, 364.228099999992992 ], [ -73.046370299999978, 4.677045350000071, 365.185299999997369 ], [ -73.046418009999968, 4.677040920000024, 366.210600000005797 ], [ -73.046455899999955, 4.677037330000076, 367.02039999999397 ], [ -73.046524579999982, 4.677030930000058, 367.823999999993248 ], [ -73.046632329999966, 4.677021620000062, 367.789099999994505 ], [ -73.046741169999962, 4.677014300000053, 367.761599999997998 ], [ -73.04685053999998, 4.67700732000003, 368.455600000001141 ], [ -73.046959809999976, 4.677000110000051, 369.363400000002002 ], [ -73.046994849999976, 4.676997300000039, 369.658800000004703 ], [ -73.047067849999962, 4.67699145000006, 370.526800000006915 ], [ -73.047101329999975, 4.676989430000049, 371.064199999993434 ], [ -73.047245909999958, 4.676981620000049, 373.403900000004796 ], [ -73.047353579999935, 4.676974130000076, 375.213399999993271 ], [ -73.047460479999984, 4.676956830000051, 377.063299999994342 ], [ -73.047564489999957, 4.676923730000055, 378.816500000000815 ], [ -73.047581739999941, 4.676918030000024, 379.178299999999581 ], [ -73.047616289999951, 4.676906220000035, 380.200200000006589 ], [ -73.047657129999948, 4.67689082000004, 381.408100000000559 ], [ -73.047721359999969, 4.676865340000063, 383.3076 ], [ -73.047758189999968, 4.67685031000002, 384.396800000002258 ], [ -73.047848579999936, 4.676809410000033, 387.026199999992969 ], [ -73.047930859999951, 4.676770180000062, 387.594599999996717 ], [ -73.048023339999986, 4.676717380000071, 388.389100000000326 ], [ -73.048025179999968, 4.676715990000048, 388.405499999993481 ], [ -73.048088479999933, 4.676666710000063, 389.048500000004424 ], [ -73.048109729999965, 4.676649830000031, 389.3012000000017 ], [ -73.048185949999947, 4.676587780000034, 390.249400000000605 ], [ -73.048268859999951, 4.67652178000003, 391.122199999997974 ], [ -73.04835240999995, 4.676454270000022, 391.858300000007148 ], [ -73.048435039999958, 4.676383170000065, 393.608600000006845 ], [ -73.048454909999975, 4.676364810000052, 394.206999999994878 ], [ -73.04851438999998, 4.676308020000022, 395.984700000000885 ], [ -73.048585689999982, 4.676239130000056, 397.954100000002654 ], [ -73.048656549999976, 4.676172480000048, 399.534499999994296 ], [ -73.048694399999988, 4.676137250000068, 399.803799999994226 ], [ -73.048769949999951, 4.676064920000044, 400.375700000004144 ], [ -73.048851129999946, 4.675994360000061, 401.237699999997858 ], [ -73.048931469999957, 4.675933760000021, 402.370599999994738 ], [ -73.048947079999948, 4.675922090000029, 402.669899999993504 ], [ -73.049012579999953, 4.675873990000071, 403.828999999997905 ], [ -73.049100179999982, 4.675808460000042, 405.091499999994994 ], [ -73.049188489999949, 4.675745040000038, 406.095000000001164 ], [ -73.049238359999947, 4.67570876000002, 406.318199999994249 ], [ -73.049314379999942, 4.675652770000056, 406.375700000004144 ], [ -73.049325889999977, 4.675643820000062, 406.362899999992806 ], [ -73.049345, 4.675628490000065, 406.324299999992945 ], [ -73.049353899999971, 4.675621110000066, 406.29769999999553 ], [ -73.049361679999947, 4.675614500000052, 406.26919999999518 ], [ -73.049443419999989, 4.675543510000068, 405.845000000001164 ], [ -73.049524849999955, 4.67547361000004, 405.219800000006217 ], [ -73.049605589999942, 4.675400370000034, 405.695300000006682 ], [ -73.049686529999974, 4.67532656000003, 406.91009999999369 ], [ -73.049764529999948, 4.675257110000075, 408.36699999999837 ], [ -73.049801409999986, 4.675224430000071, 409.020000000004075 ], [ -73.049846349999939, 4.675184080000065, 409.948300000003655 ], [ -73.049928579999971, 4.675111490000063, 411.467199999999139 ], [ -73.049954519999972, 4.675087010000027, 411.946299999995972 ], [ -73.050005039999974, 4.675032350000038, 412.879199999995762 ], [ -73.050091619999989, 4.674930730000028, 413.868300000001909 ], [ -73.050132179999935, 4.674883100000045, 414.386599999997998 ], [ -73.050203969999984, 4.674799880000023, 415.430300000007264 ], [ -73.050272689999986, 4.674714600000073, 416.601800000004005 ], [ -73.050336719999962, 4.674630380000053, 418.422399999995832 ], [ -73.050396589999934, 4.674548880000032, 419.85899999999674 ], [ -73.050459289999935, 4.674458130000062, 420.916700000001583 ], [ -73.050499499999944, 4.674398520000068, 421.342900000003283 ], [ -73.050556739999934, 4.674308590000066, 421.056899999995949 ], [ -73.05055810999994, 4.674306240000021, 421.019799999994575 ], [ -73.050568509999948, 4.674288360000048, 420.743600000001607 ], [ -73.050618319999955, 4.674191680000035, 419.417600000000675 ], [ -73.050633239999968, 4.674156910000022, 418.998399999996764 ], [ -73.050676409999937, 4.674055960000032, 418.031099999992875 ], [ -73.050721799999963, 4.673955800000044, 417.347299999993993 ], [ -73.050768279999943, 4.673855780000054, 416.796000000002095 ], [ -73.050812909999934, 4.673757930000022, 416.360700000004726 ], [ -73.050857439999959, 4.673656900000026, 415.976699999999255 ], [ -73.050903929999947, 4.673557530000039, 415.286600000006729 ], [ -73.050950329999978, 4.673459250000064, 414.92609999999695 ], [ -73.050994569999943, 4.673360360000061, 414.435700000001816 ], [ -73.050998359999937, 4.673350170000049, 414.377699999997276 ], [ -73.051032619999944, 4.673258120000071, 414.302700000000186 ], [ -73.051069419999976, 4.673157400000036, 415.395999999993364 ], [ -73.051104339999938, 4.673056850000023, 416.596099999995204 ], [ -73.051139239999941, 4.672953970000037, 417.548500000004424 ], [ -73.051173839999933, 4.672849700000029, 418.165099999998347 ], [ -73.051203719999933, 4.672746370000027, 418.598899999997229 ], [ -73.051234079999972, 4.67264238000007, 417.349400000006426 ], [ -73.051242369999954, 4.672612880000031, 416.992499999993015 ], [ -73.051263549999987, 4.672539760000063, 416.105500000005122 ], [ -73.051295599999946, 4.672435220000068, 414.648000000001048 ], [ -73.051326449999976, 4.67233144000005, 412.962100000004284 ], [ -73.051354239999966, 4.67223505000004, 411.474499999996624 ], [ -73.051364896999985, 4.672197397000048, 410.934800000002724 ], [ -73.051381509999942, 4.672138700000062, 410.297900000005029 ], [ -73.051409689999957, 4.672042370000042, 409.312000000005355 ], [ -73.051437949999979, 4.671946110000022, 408.400699999998324 ], [ -73.051468369999952, 4.671841160000042, 408.160600000002887 ], [ -73.051499229999934, 4.671736090000024, 408.112800000002608 ], [ -73.051528249999933, 4.671632880000061, 408.452600000004168 ], [ -73.051558109999974, 4.671526730000039, 409.741500000003725 ], [ -73.05158683999997, 4.671422610000036, 411.083299999998417 ], [ -73.051617889999989, 4.671317030000068, 411.723199999993085 ], [ -73.051645649999955, 4.671220300000073, 411.97609999999986 ], [ -73.051674239999954, 4.67111914000003, 411.870899999994435 ], [ -73.051703829999951, 4.671013230000028, 410.001699999993434 ], [ -73.051734379999971, 4.67090759000007, 408.301699999996345 ], [ -73.051763739999956, 4.670801370000049, 406.854699999996228 ], [ -73.051792239999941, 4.670694940000033, 405.62850000000617 ], [ -73.051821139999959, 4.670588680000037, 404.489499999996042 ], [ -73.051843159999976, 4.670489280000027, 403.536699999996927 ], [ -73.051861809999934, 4.670390690000033, 402.58289999999397 ], [ -73.051876859999936, 4.67028270000003, 401.404800000003888 ], [ -73.051889109999934, 4.670174460000055, 399.869200000001001 ], [ -73.051897679999968, 4.670068130000061, 398.358600000006845 ], [ -73.051905099999942, 4.669966260000024, 397.424899999998161 ], [ -73.051910629999952, 4.66989250000006, 396.945300000006682 ], [ -73.051920659999951, 4.669792200000074, 396.313299999994342 ], [ -73.051949219999983, 4.66969086000006, 396.415800000002491 ], [ -73.051964429999941, 4.66966412000005, 396.584099999992759 ], [ -73.051996259999953, 4.669604810000067, 396.93640000000596 ], [ -73.052009139999939, 4.669580230000065, 397.078899999993155 ], [ -73.052016779999974, 4.669566230000044, 397.163499999995111 ], [ -73.052060349999977, 4.669488910000041, 397.687300000005052 ], [ -73.052108979999957, 4.669405030000064, 399.318599999998696 ], [ -73.052159659999973, 4.669322940000029, 400.720100000005914 ], [ -73.052207779999947, 4.669238450000023, 402.180699999997159 ], [ -73.052262669999948, 4.669148480000047, 403.447299999999814 ], [ -73.052321099999972, 4.669056010000077, 404.651100000002771 ], [ -73.052347969999971, 4.66901235000006, 405.208799999993062 ], [ -73.052378079999983, 4.668961940000031, 405.839300000006915 ], [ -73.052429279999956, 4.668876220000072, 406.319600000002538 ], [ -73.05248131999997, 4.668790760000036, 406.779099999999744 ], [ -73.05249, 4.668776330000071, 406.847899999993388 ], [ -73.05253117999996, 4.668707620000021, 407.220000000001164 ], [ -73.052587939999967, 4.668613340000036, 407.740399999995134 ], [ -73.052643639999985, 4.668521650000059, 408.224199999996927 ], [ -73.052698499999963, 4.66843233000003, 408.704400000002352 ], [ -73.052749299999959, 4.668345810000062, 408.62850000000617 ], [ -73.052798829999972, 4.668259, 408.474600000001374 ], [ -73.052853899999945, 4.668164370000056, 408.592799999998533 ], [ -73.052908719999948, 4.668069460000027, 409.067599999994854 ], [ -73.052962579999985, 4.667973550000056, 409.713300000003073 ], [ -73.053014369999971, 4.667876500000034, 410.510800000003655 ], [ -73.053065929999946, 4.667780500000049, 411.894799999994575 ], [ -73.053100609999944, 4.667713520000063, 412.92609999999695 ], [ -73.053144, 4.667635, 414.295100000003004 ], [ -73.053149669999982, 4.667625630000032, 414.479000000006636 ], [ -73.053186449999941, 4.66756397000006, 415.084199999997509 ], [ -73.053204119999975, 4.66753441000003, 415.02270000000135 ], [ -73.053204149999942, 4.667532520000066, 414.988100000002305 ], [ -73.053205529999957, 4.66752321000007, 414.848899999997229 ], [ -73.053223799999955, 4.667493680000064, 414.732499999998254 ], [ -73.053252549999968, 4.667448260000072, 414.452699999994365 ], [ -73.05326531999998, 4.667428310000048, 414.287700000000768 ], [ -73.053274259999966, 4.667414300000075, 414.071500000005472 ], [ -73.053307209999957, 4.667361150000033, 413.236699999994016 ], [ -73.053324959999941, 4.667332050000027, 412.81699999999546 ], [ -73.053352589999974, 4.667287400000021, 412.5 ], [ -73.053404889999968, 4.667204650000031, 412.220600000000559 ], [ -73.053456189999963, 4.667123500000059, 412.175700000007055 ], [ -73.05350741999996, 4.667041310000059, 412.557100000005448 ], [ -73.053564469999969, 4.66694885000004, 414.422099999996135 ], [ -73.053578149999964, 4.666926570000044, 414.83289999999397 ], [ -73.053616, 4.666863420000027, 416.075899999996182 ], [ -73.05367186999996, 4.666775530000052, 417.980200000005425 ], [ -73.053694979999989, 4.666741490000049, 418.321400000000722 ], [ -73.053753549999954, 4.666657360000045, 419.186199999996461 ], [ -73.053755559999956, 4.66665474000007, 419.2158999999956 ], [ -73.053823489999957, 4.666574080000032, 420.0 ], [ -73.05389791999994, 4.666498310000065, 420.183199999999488 ], [ -73.053967539999974, 4.666430940000055, 421.178199999994831 ], [ -73.054044469999951, 4.666357210000058, 422.267099999997299 ], [ -73.054112749999945, 4.666291200000046, 423.711699999999837 ], [ -73.054147189999981, 4.666257580000035, 424.724100000006729 ], [ -73.054187339999942, 4.666219210000065, 425.946299999995972 ], [ -73.054267479999965, 4.66615156000006, 428.183600000003935 ], [ -73.054335139999978, 4.666101640000022, 429.849799999996321 ], [ -73.054353809999952, 4.666088, 430.35910000000149 ], [ -73.054434439999966, 4.666028410000024, 433.511599999997998 ], [ -73.054522209999959, 4.665963160000047, 436.454899999996996 ], [ -73.054607689999955, 4.665894600000058, 438.427999999999884 ], [ -73.054684759999986, 4.665816880000023, 439.177100000000792 ], [ -73.054755689999979, 4.665735710000035, 439.994600000005448 ], [ -73.054773479999938, 4.66571483000007, 440.249100000000908 ], [ -73.054826669999954, 4.665654030000042, 440.925399999992806 ], [ -73.054897709999977, 4.665572680000025, 442.044399999998859 ], [ -73.054963919999977, 4.665487320000068, 442.68399999999383 ], [ -73.055018939999968, 4.665392870000062, 443.396399999997811 ], [ -73.055062119999945, 4.66529864000006, 444.135399999999208 ], [ -73.055098519999945, 4.665197330000069, 445.186799999995856 ], [ -73.055106019999982, 4.66517594000004, 445.455400000006193 ], [ -73.055141919999983, 4.665073820000032, 446.74659999999858 ], [ -73.055163009999944, 4.665011540000023, 447.537899999995716 ], [ -73.055192849999969, 4.664905490000024, 448.258400000006077 ], [ -73.055201719999957, 4.664806120000037, 448.472099999999045 ], [ -73.055196239999987, 4.664762420000045, 448.424499999993714 ], [ -73.055186067999955, 4.664679144000047, 448.319099999993341 ], [ -73.055184119999979, 4.664663200000064, 448.296199999997043 ], [ -73.055167649999987, 4.664555660000076, 448.067800000004354 ], [ -73.055154909999942, 4.664460810000037, 447.895600000003469 ], [ -73.055139579999945, 4.664352090000023, 447.812900000004447 ], [ -73.055123819999949, 4.664244490000044, 448.575299999996787 ], [ -73.05510819999995, 4.664136030000066, 449.244000000006054 ], [ -73.055093449999958, 4.664027030000057, 448.575500000006286 ], [ -73.055083989999957, 4.663965800000028, 447.162500000005821 ], [ -73.055076059999976, 4.663918010000032, 446.03530000000319 ], [ -73.055053989999976, 4.66381044000002, 443.351399999999558 ], [ -73.055029609999963, 4.663717210000073, 441.744600000005448 ], [ -73.055026669999961, 4.663704980000034, 441.55909999999858 ], [ -73.055005539999968, 4.66361696000007, 440.254000000000815 ], [ -73.054976149999959, 4.663526230000059, 438.785000000003492 ], [ -73.054943369999933, 4.663436030000071, 436.998500000001513 ], [ -73.054910339999935, 4.663346170000068, 435.291899999996531 ], [ -73.054879149999977, 4.663254430000052, 433.473899999997229 ], [ -73.054846339999983, 4.663161640000055, 430.322100000004866 ], [ -73.05480904999996, 4.66305925000006, 426.612899999992806 ], [ -73.054771799999969, 4.662957600000027, 422.961100000000442 ], [ -73.054739299999937, 4.662863940000022, 420.240099999995437 ], [ -73.054704179999987, 4.662762370000053, 417.387799999996787 ], [ -73.054670269999974, 4.662661750000041, 414.880999999993946 ], [ -73.054635739999981, 4.662559900000076, 412.611399999994319 ], [ -73.054603259999965, 4.662465380000071, 410.260599999994156 ], [ -73.054570509999962, 4.662370920000058, 408.069699999992736 ], [ -73.05453448999998, 4.662268060000031, 405.869999999995343 ], [ -73.054499479999947, 4.662164510000025, 403.853799999997136 ], [ -73.054464659999951, 4.662060390000022, 402.185700000001816 ], [ -73.054429209999967, 4.661957270000073, 399.890499999994063 ], [ -73.054393089999962, 4.661855010000068, 396.684299999993527 ], [ -73.054377579999937, 4.661809580000067, 395.180999999996857 ], [ -73.054357849999974, 4.661752290000038, 393.441600000005565 ], [ -73.05432129999997, 4.66165103000003, 391.312999999994645 ], [ -73.054283829999974, 4.66155021000003, 389.61359999999695 ], [ -73.054249849999962, 4.661457200000029, 388.216899999999441 ], [ -73.054215039999974, 4.661354500000073, 386.819199999998091 ], [ -73.054182939999976, 4.661252140000045, 385.083199999993667 ], [ -73.054157549999957, 4.661150330000055, 383.643100000001141 ], [ -73.054138959999989, 4.661067400000036, 382.604699999996228 ], [ -73.054134479999959, 4.661046850000048, 382.362200000003213 ], [ -73.05411388999994, 4.66094054000007, 381.216400000004796 ], [ -73.054102489999934, 4.660832260000063, 380.248300000006566 ], [ -73.054104689999974, 4.66073810000006, 380.145499999998719 ], [ -73.054108669999948, 4.66062874000005, 380.209099999992759 ], [ -73.054111149999983, 4.660526660000073, 380.140299999999115 ], [ -73.054111509999984, 4.660508260000029, 380.0144 ], [ -73.054113709999967, 4.660408460000042, 379.337400000003981 ], [ -73.054116969999939, 4.660298960000034, 378.613200000007055 ], [ -73.054117839999947, 4.660199900000066, 377.87489999999525 ], [ -73.054104219999942, 4.660100300000067, 376.929099999993923 ], [ -73.054079849999937, 4.659998380000047, 375.868100000006962 ], [ -73.054066659999933, 4.659953230000042, 376.108099999997648 ], [ -73.054041719999987, 4.659859480000023, 376.604399999996531 ], [ -73.054038759999969, 4.659848220000072, 376.660399999993388 ], [ -73.054015439999944, 4.659740630000044, 377.259200000000419 ], [ -73.054003319999936, 4.65964131000004, 377.748600000006263 ], [ -73.053995449999945, 4.659580080000069, 378.023400000005495 ], [ -73.053980099999933, 4.659481190000065, 378.408500000005006 ], [ -73.053948559999981, 4.65937918000003, 378.913100000005215 ], [ -73.053912779999962, 4.659291350000046, 379.5144 ], [ -73.053870339999946, 4.659194870000022, 380.436300000001211 ], [ -73.053817969999955, 4.659101600000042, 382.166899999996531 ], [ -73.053752849999967, 4.659019960000023, 382.823300000003655 ], [ -73.053667919999953, 4.658949960000029, 382.739400000005844 ], [ -73.053585079999948, 4.658894770000074, 381.705199999996694 ], [ -73.053502829999957, 4.658840180000027, 378.430200000002515 ], [ -73.053412929999979, 4.658781780000027, 373.68760000000475 ], [ -73.053331329999935, 4.658729470000026, 369.263800000000629 ], [ -73.053241769999943, 4.658670520000044, 365.098299999997835 ], [ -73.05315472999996, 4.658611440000072, 361.464099999997416 ], [ -73.053070429999934, 4.658553060000031, 357.845900000000256 ], [ -73.052988159999984, 4.658495770000059, 354.770199999999022 ], [ -73.052907569999945, 4.658437420000041, 351.663199999995413 ], [ -73.052825129999974, 4.658378160000041, 348.361399999994319 ], [ -73.05273963999997, 4.658316540000044, 344.184599999993225 ], [ -73.052660229999958, 4.658259960000066, 341.611699999994016 ], [ -73.052621649999935, 4.658231740000076, 340.521500000002561 ], [ -73.052575449999949, 4.658198170000048, 339.377600000007078 ], [ -73.052491109999949, 4.658137710000062, 337.741399999998976 ], [ -73.05240705999995, 4.658078510000053, 336.10460000000603 ], [ -73.052334889999941, 4.658026190000044, 334.648600000000442 ], [ -73.052257619999978, 4.657969800000046, 333.311700000005658 ], [ -73.052179709999962, 4.657913210000061, 331.987599999993108 ], [ -73.052100639999935, 4.657856200000026, 329.992700000002515 ], [ -73.052014269999972, 4.657789910000076, 326.961100000000442 ], [ -73.051934199999948, 4.657729400000051, 324.143599999995786 ], [ -73.051847049999935, 4.657664230000023, 321.815199999997276 ], [ -73.051766119999968, 4.657606090000058, 320.134200000000419 ], [ -73.051711529999977, 4.657566460000055, 319.209000000002561 ], [ -73.051634719999981, 4.657510970000033, 318.181500000006054 ], [ -73.051555319999977, 4.657453610000061, 317.256299999993644 ], [ -73.051502439999979, 4.657415430000071, 316.709400000007008 ], [ -73.051444209999943, 4.657373310000025, 316.169599999993807 ], [ -73.05137614299997, 4.657322674000056, 315.718999999997322 ], [ -73.051362439999934, 4.65731248000003, 315.754799999995157 ], [ -73.051274029999945, 4.657248370000048, 316.058300000004238 ], [ -73.051185309999937, 4.65718363000002, 315.972999999998137 ], [ -73.051101699999947, 4.657122980000054, 315.422600000005332 ], [ -73.051014179999981, 4.657058180000035, 313.745999999999185 ], [ -73.050935319999951, 4.656999400000075, 311.961899999994785 ], [ -73.050848329999951, 4.656933560000027, 309.959600000001956 ], [ -73.050765359999957, 4.656863970000074, 307.859500000005937 ], [ -73.050696839999944, 4.656798870000046, 305.928299999999581 ], [ -73.050622699999963, 4.656727180000075, 303.814599999997881 ], [ -73.050543679999976, 4.656653020000022, 301.599100000006729 ], [ -73.050463859999979, 4.656577460000051, 299.703699999998207 ], [ -73.050384709999946, 4.656502560000035, 298.311900000000605 ], [ -73.050315259999934, 4.656436950000057, 297.378200000006473 ], [ -73.050241699999958, 4.656369200000029, 296.498399999996764 ], [ -73.050169509999989, 4.656300890000068, 295.736900000003516 ], [ -73.050096649999944, 4.656232490000036, 295.113299999997253 ], [ -73.05001655999996, 4.656157310000026, 294.406099999992875 ], [ -73.049920009999937, 4.656067740000026, 293.087400000003981 ], [ -73.049855369999989, 4.656008110000073, 292.209400000007008 ], [ -73.049824399999977, 4.655980280000051, 291.799700000003213 ], [ -73.049757749999969, 4.655894570000044, 290.5049 ], [ -73.049739729999942, 4.655848870000057, 289.83640000000014 ], [ -73.049699689999954, 4.655749080000021, 288.686199999996461 ], [ -73.049693270999967, 4.655731699000057, 288.532900000005611 ], [ -73.049678169999936, 4.655690810000067, 288.220400000005611 ], [ -73.049638909999942, 4.655609450000043, 287.747900000002119 ], [ -73.049630556999944, 4.655599340000038, 287.697700000004261 ], [ -73.049628069999983, 4.655596330000037, 287.683199999999488 ], [ -73.049592289999964, 4.655558030000066, 287.522100000001956 ], [ -73.049546589999977, 4.655509500000051, 287.372300000002724 ], [ -73.04951146999997, 4.655472580000037, 287.299799999993411 ], [ -73.049470529999951, 4.65542989000005, 287.047500000000582 ], [ -73.049394559999939, 4.655349990000047, 287.023100000005797 ], [ -73.049394449999966, 4.655349870000066, 287.024300000004587 ], [ -73.049273659999983, 4.65522186000004, 288.439199999993434 ], [ -73.049226719999979, 4.655173060000038, 289.10120000000461 ], [ -73.049182869999981, 4.655113160000042, 290.146099999998114 ], [ -73.049179719999984, 4.655105850000041, 290.339300000006915 ], [ -73.049176219999936, 4.65509639000004, 290.616800000003423 ], [ -73.049166227999933, 4.655063121000069, 291.573199999998906 ], [ -73.049159079999981, 4.655039320000071, 292.246199999994133 ], [ -73.049137409999958, 4.654934830000059, 295.101699999999255 ], [ -73.049131129999978, 4.654835870000056, 297.634600000004866 ], [ -73.049129149999942, 4.654806020000024, 297.627099999997881 ], [ -73.049126039999976, 4.654751880000049, 297.615300000004936 ], [ -73.049124929999948, 4.654730780000023, 297.611099999994622 ], [ -73.049118729999975, 4.654628100000025, 297.587599999998929 ], [ -73.049117009999975, 4.654567240000063, 297.623600000006263 ], [ -73.049116529999935, 4.654534230000024, 298.543999999994412 ], [ -73.049114709999969, 4.654428310000071, 301.492299999998068 ], [ -73.049113189999957, 4.654321780000032, 304.454100000002654 ], [ -73.049112139999977, 4.654248700000039, 306.562000000005355 ], [ -73.04911205999997, 4.654214010000032, 307.584099999992759 ], [ -73.049113189999957, 4.654114110000023, 310.537800000005518 ], [ -73.049113619999957, 4.65405848000006, 312.181100000001607 ], [ -73.049113629999965, 4.654050500000039, 312.416500000006636 ], [ -73.049113459999944, 4.653960660000052, 314.443599999998696 ], [ -73.049113149999982, 4.653901980000057, 315.617299999998068 ], [ -73.049112709999974, 4.653802020000057, 317.618300000001909 ], [ -73.049113009999985, 4.653767130000062, 318.318899999998393 ], [ -73.049114219999979, 4.653691230000049, 319.169299999994109 ], [ -73.049114629999963, 4.653581420000023, 320.209499999997206 ], [ -73.049114039999949, 4.653472730000033, 321.214600000006612 ], [ -73.049113199999965, 4.653372200000035, 321.993000000002212 ], [ -73.049113019999936, 4.653279010000062, 322.717499999998836 ], [ -73.049110919999976, 4.653168780000044, 323.364600000000792 ], [ -73.049107839999976, 4.653058600000065, 323.722899999993388 ], [ -73.049105289999943, 4.652952030000051, 324.075700000001234 ], [ -73.049104319999969, 4.652848810000023, 324.763600000005681 ], [ -73.049103219999949, 4.652752640000074, 325.443199999994249 ], [ -73.049101709999945, 4.652657230000045, 326.427599999995437 ], [ -73.049101299999961, 4.652550830000052, 329.752999999996973 ], [ -73.049101899999982, 4.652441540000041, 333.174899999998161 ], [ -73.049102329999982, 4.652331710000055, 336.364700000005541 ], [ -73.049101759999985, 4.652221330000032, 339.409799999993993 ], [ -73.049102739999967, 4.652122410000061, 341.982300000003306 ], [ -73.049102719999951, 4.652012160000027, 341.599100000006729 ], [ -73.049102579999953, 4.651937530000055, 341.337199999994482 ], [ -73.049100869999961, 4.651827450000042, 340.865999999994528 ], [ -73.049100739999972, 4.651729420000038, 340.317999999999302 ], [ -73.049100409999937, 4.651619310000058, 339.701199999995879 ], [ -73.049100499999952, 4.651508970000066, 340.633300000001327 ], [ -73.049099549999937, 4.651404660000026, 342.156499999997322 ], [ -73.049100399999986, 4.651294580000069, 343.615000000005239 ], [ -73.049100009999961, 4.651184490000048, 344.214300000006915 ], [ -73.049099209999952, 4.651074600000072, 344.813800000003539 ], [ -73.049098499999957, 4.650985210000044, 344.986399999994319 ], [ -73.049098919999949, 4.65081648000006, 344.987699999997858 ], [ -73.049099879999972, 4.650706780000064, 345.350900000004913 ], [ -73.049099799999965, 4.650604360000045, 345.917300000000978 ], [ -73.049100499999952, 4.650511370000061, 346.435100000002421 ], [ -73.049097949999975, 4.650300820000041, 346.48750000000291 ], [ -73.049094829999945, 4.650196510000058, 346.537700000000768 ], [ -73.049092609999946, 4.650120960000038, 346.678599999999278 ], [ -73.049089589999937, 4.650012150000066, 346.890199999994365 ], [ -73.049088809999944, 4.649980210000024, 346.954100000002654 ], [ -73.049085099999957, 4.649873540000044, 347.309500000003027 ], [ -73.04908077999994, 4.649765070000058, 347.709300000002258 ], [ -73.049079939999956, 4.649730430000034, 347.836999999999534 ], [ -73.04907720999995, 4.649630400000035, 348.122000000003027 ], [ -73.049072119999948, 4.649520430000052, 348.374200000005658 ], [ -73.049059709999938, 4.64942080000003, 348.644499999994878 ], [ -73.049035139999944, 4.649320160000059, 348.575599999996484 ], [ -73.049018871999976, 4.649259485000073, 348.593599999992875 ], [ -73.049016419999987, 4.649250340000037, 348.600999999995111 ], [ -73.049008619999938, 4.649222340000051, 348.634000000005472 ], [ -73.048978759999954, 4.64911660000007, 348.875299999999697 ], [ -73.048950459999958, 4.64902010000003, 349.029599999994389 ], [ -73.048921079999957, 4.64891429000005, 349.147200000006706 ], [ -73.048890789999973, 4.648808410000072, 349.286800000001676 ], [ -73.048860029999958, 4.648702620000051, 349.401199999992969 ], [ -73.048829199999943, 4.648599340000032, 349.51579999999376 ], [ -73.048798629999965, 4.648494250000056, 349.629400000005262 ], [ -73.048766039999975, 4.648389230000021, 349.750499999994645 ], [ -73.048730749999947, 4.648287340000024, 349.744699999995646 ], [ -73.048695939999959, 4.648192920000042, 349.485899999999674 ], [ -73.048680589999947, 4.648150390000069, 349.272200000006706 ], [ -73.048658139999986, 4.648089870000035, 348.965800000005402 ], [ -73.048619319999943, 4.647986890000027, 348.519700000004377 ], [ -73.04859227999998, 4.64791716000002, 348.290399999998044 ], [ -73.048552289999975, 4.647814510000046, 348.04670000000624 ], [ -73.048516459999973, 4.647720320000076, 347.755399999994552 ], [ -73.048499709999987, 4.647677220000048, 347.5966000000044 ], [ -73.04848015999994, 4.647626270000046, 347.408899999994901 ], [ -73.048443539999937, 4.647532570000067, 347.063699999998789 ], [ -73.048409979999974, 4.647446800000068, 346.495299999995041 ], [ -73.048403679999979, 4.647430230000055, 346.373200000001816 ], [ -73.04836475999997, 4.647328060000063, 345.620299999995041 ], [ -73.04832633999996, 4.647225380000066, 344.931800000005751 ], [ -73.048287639999955, 4.647122480000064, 344.552700000000186 ], [ -73.04825016999996, 4.647018980000041, 344.171300000001793 ], [ -73.048214, 4.646917380000048, 343.593800000002375 ], [ -73.048171589999981, 4.646796340000037, 342.701799999995274 ], [ -73.048135649999949, 4.646692200000075, 341.656700000006822 ], [ -73.048100919999968, 4.646588410000049, 340.416200000006938 ], [ -73.048065769999937, 4.646484190000024, 339.067299999995157 ], [ -73.04803013999998, 4.646380180000051, 338.330799999996088 ], [ -73.047995129999947, 4.646275420000052, 338.592300000003888 ], [ -73.047962139999981, 4.646176690000061, 339.114499999996042 ], [ -73.047926759999939, 4.646074580000061, 339.132400000002235 ], [ -73.047890119999977, 4.645970610000063, 338.991500000003725 ], [ -73.047855489999961, 4.645866600000033, 338.585399999996298 ], [ -73.047821609999971, 4.645763940000052, 337.577000000004773 ], [ -73.047787279999966, 4.645661640000071, 336.567999999999302 ], [ -73.047752019999962, 4.645558710000046, 334.817699999999604 ], [ -73.047718119999956, 4.64545484000007, 332.541700000001583 ], [ -73.047683139999947, 4.645350820000033, 330.355100000000675 ], [ -73.047647549999965, 4.645246880000059, 327.977899999998044 ], [ -73.047613169999977, 4.645142280000073, 325.462499999994179 ], [ -73.047597709999934, 4.645094860000029, 324.300199999997858 ], [ -73.047563569999966, 4.644990700000051, 322.119099999996251 ], [ -73.047532399999966, 4.644894360000023, 320.265599999998813 ], [ -73.047503629999937, 4.644803120000063, 318.588799999997718 ], [ -73.04747754999994, 4.644713730000035, 316.674100000003818 ], [ -73.04745115999998, 4.644628490000059, 314.774499999999534 ], [ -73.047419619999971, 4.644529390000059, 312.490799999999581 ], [ -73.047393019999959, 4.644444460000045, 311.620699999999488 ], [ -73.047361519999981, 4.644339690000038, 310.638800000000629 ], [ -73.04732815999995, 4.644235280000032, 310.005499999999302 ], [ -73.047312939999983, 4.644187330000022, 309.885399999999208 ], [ -73.047281559999988, 4.644093380000072, 309.65570000000298 ], [ -73.04724970999996, 4.643997920000061, 309.422300000005635 ], [ -73.047242, 4.643974410000055, 309.297200000000885 ], [ -73.047218339999972, 4.64390405000006, 308.732900000002701 ], [ -73.047181599999988, 4.643810540000061, 307.919200000003912 ], [ -73.047135209999965, 4.64372129000003, 307.055900000006659 ], [ -73.047085149999987, 4.643623940000055, 305.983800000001793 ], [ -73.047033709999937, 4.64352714000006, 305.098800000007031 ], [ -73.046985629999938, 4.64343813000005, 304.299799999993411 ], [ -73.046937879999973, 4.643350990000044, 303.479900000005728 ], [ -73.046886339999958, 4.643255380000028, 302.319900000002235 ], [ -73.046833539999966, 4.643159340000068, 301.072799999994459 ], [ -73.046780349999949, 4.643063230000052, 301.0 ], [ -73.046727039999951, 4.642966860000058, 301.0 ], [ -73.046676309999953, 4.642877290000058, 300.778000000005704 ], [ -73.046632659999943, 4.64280105000006, 300.138699999995879 ], [ -73.046577849999949, 4.642707080000037, 299.478499999997439 ], [ -73.04652834999996, 4.64261939000005, 298.958499999993364 ], [ -73.046479689999956, 4.642531360000021, 298.549499999993714 ], [ -73.04642776999998, 4.642437190000066, 297.982799999997951 ], [ -73.046374319999984, 4.64234096000007, 297.304900000002817 ], [ -73.046320969999954, 4.642244460000029, 296.751600000003236 ], [ -73.046266819999971, 4.642149300000028, 296.171199999997043 ], [ -73.046211049999954, 4.642054340000072, 295.649000000004889 ], [ -73.046157649999941, 4.641965620000065, 295.579700000002049 ], [ -73.046104899999989, 4.641869270000029, 295.543399999995017 ], [ -73.046052989999964, 4.641772100000026, 295.516199999998207 ], [ -73.045974039999976, 4.641579320000062, 295.970700000005309 ], [ -73.045934669999951, 4.641476680000039, 296.823699999993551 ], [ -73.045897909999951, 4.641382020000037, 297.830400000006193 ], [ -73.045859249999978, 4.641283780000037, 298.97960000000603 ], [ -73.045827409999958, 4.641179030000046, 299.782399999996414 ], [ -73.045808699999952, 4.641080190000025, 300.3606 ], [ -73.045798829999967, 4.640974120000067, 300.89079999999376 ], [ -73.045789809999974, 4.640874740000072, 301.360700000004726 ], [ -73.045781489999968, 4.64076582000007, 301.846499999999651 ], [ -73.045772599999964, 4.640657920000024, 302.957599999994272 ], [ -73.045764159999976, 4.640548500000023, 304.471799999999348 ], [ -73.045755529999951, 4.640448870000057, 305.938699999998789 ], [ -73.045748869999954, 4.640348490000065, 307.510200000004261 ], [ -73.04574101999998, 4.640240360000064, 309.187699999994948 ], [ -73.045733369999937, 4.64013121000005, 310.623699999996461 ], [ -73.045725919999938, 4.640031990000068, 311.721000000005006 ], [ -73.045718099999988, 4.639924130000054, 312.913799999994808 ], [ -73.045709529999954, 4.639815590000069, 315.189899999997579 ], [ -73.04570117999998, 4.639706830000023, 317.529800000003888 ], [ -73.04569467999994, 4.639599040000064, 319.607999999992899 ], [ -73.045687679999958, 4.63949314000007, 321.302599999995437 ], [ -73.045679659999962, 4.639386260000038, 322.93640000000596 ], [ -73.045672309999986, 4.639286770000069, 323.268400000000838 ], [ -73.045666519999941, 4.639186690000031, 323.444499999997788 ], [ -73.045660869999949, 4.639079150000043, 323.565000000002328 ], [ -73.045654189999937, 4.63897914000006, 323.438800000003539 ], [ -73.045644579999987, 4.638869460000024, 323.25810000000638 ], [ -73.045642029999954, 4.638835420000021, 323.210000000006403 ], [ -73.045634729999961, 4.638726230000032, 323.757599999997183 ], [ -73.045629559999952, 4.638661810000031, 324.105200000005425 ], [ -73.045621629999971, 4.638563040000065, 324.673899999994319 ], [ -73.045615409999982, 4.638488450000068, 325.393700000000536 ], [ -73.045612329999983, 4.638443280000047, 325.854399999996531 ], [ -73.045606039999939, 4.638343560000067, 326.901700000002165 ], [ -73.045599939999988, 4.638233650000075, 328.196400000000722 ], [ -73.045591809999962, 4.638123910000047, 329.607000000003609 ], [ -73.045583829999941, 4.638014180000027, 331.037400000001071 ], [ -73.045575359999987, 4.637904510000055, 332.339600000006612 ], [ -73.045567739999967, 4.637794310000061, 333.694600000002538 ], [ -73.04556230999998, 4.637726090000058, 334.760599999994156 ], [ -73.045559289999971, 4.637685560000023, 335.679799999998068 ], [ -73.04555272999994, 4.637584210000057, 337.971000000005006 ], [ -73.045545639999943, 4.637477150000052, 340.392500000001746 ], [ -73.045538609999937, 4.637370670000053, 343.184800000002724 ], [ -73.045531769999968, 4.637264040000048, 345.987999999997555 ], [ -73.045525429999941, 4.637156600000026, 348.946700000000419 ], [ -73.045519059999947, 4.637049190000027, 352.096499999999651 ], [ -73.045511439999984, 4.636943960000053, 355.2158999999956 ], [ -73.045505419999984, 4.636837660000026, 357.846999999994296 ], [ -73.045498789999954, 4.636732590000065, 360.337100000004284 ], [ -73.045491769999956, 4.636626740000054, 362.75810000000638 ], [ -73.045484729999941, 4.636527770000043, 364.947000000000116 ], [ -73.045479309999962, 4.63642899000007, 367.131899999993038 ], [ -73.045473729999969, 4.636330040000075, 368.884300000005169 ], [ -73.045467409999958, 4.636221870000043, 370.414499999998952 ], [ -73.045461469999964, 4.636113790000024, 371.963900000002468 ], [ -73.045457219999946, 4.636005650000072, 373.885399999999208 ], [ -73.045453099999975, 4.635897950000071, 375.787599999996019 ], [ -73.045449, 4.635790450000059, 377.274099999995087 ], [ -73.045447959999933, 4.635753310000041, 377.668600000004517 ], [ -73.045447369999977, 4.635673370000063, 378.542300000000978 ], [ -73.045447579999973, 4.635632600000065, 378.99550000000454 ], [ -73.045447619999948, 4.63556391000003, 379.669699999998556 ], [ -73.045448059999956, 4.635513410000044, 379.878700000001118 ], [ -73.045458409999981, 4.635413890000052, 380.408299999995506 ], [ -73.045487009999988, 4.635315020000064, 381.009900000004563 ], [ -73.045503659999952, 4.635258290000024, 380.920499999992899 ], [ -73.045533449999937, 4.635153150000065, 380.538100000005215 ], [ -73.045563059999949, 4.635047910000026, 380.070000000006985 ], [ -73.045593019999956, 4.634942810000041, 379.182799999995041 ], [ -73.045622309999942, 4.634846210000035, 378.239000000001397 ], [ -73.045653869999967, 4.634740910000062, 377.229800000000978 ], [ -73.045685189999972, 4.634635340000045, 376.648300000000745 ], [ -73.045714129999965, 4.634539170000039, 376.196500000005472 ], [ -73.045744039999988, 4.634443260000069, 376.176699999996345 ], [ -73.045775589999948, 4.634337780000067, 376.678400000004331 ], [ -73.045806489999961, 4.634232650000058, 377.179900000002817 ], [ -73.045836969999982, 4.634132180000051, 377.552899999995134 ], [ -73.045867899999962, 4.634031920000041, 377.832500000004075 ], [ -73.045899049999946, 4.63392833000006, 378.066399999996065 ], [ -73.045929969999975, 4.633822710000061, 378.2981 ], [ -73.045941699999958, 4.633783750000021, 378.337299999999232 ], [ -73.045971049999935, 4.633687770000051, 378.324800000002142 ], [ -73.045987369999978, 4.633633250000059, 378.564599999997881 ], [ -73.046017279999944, 4.63353402000007, 379.066900000005262 ], [ -73.046047819999956, 4.633428730000048, 380.180800000001909 ], [ -73.046079039999938, 4.633328750000032, 381.263200000001234 ], [ -73.046111329999974, 4.633225030000062, 382.384900000004563 ], [ -73.046134149999943, 4.633152070000051, 383.175199999997858 ], [ -73.046162939999988, 4.633055330000047, 384.662700000000768 ], [ -73.046195509999961, 4.632951210000044, 386.462799999993877 ], [ -73.046218709999948, 4.632876600000031, 387.807300000000396 ], [ -73.046252429999981, 4.632773230000055, 389.099100000006729 ], [ -73.046289189999982, 4.632670830000052, 390.432199999995646 ], [ -73.046304809999981, 4.632628250000039, 390.803899999998976 ], [ -73.046343099999945, 4.63252540000002, 391.252200000002631 ], [ -73.046380559999989, 4.632421900000054, 391.55449999999837 ], [ -73.046417219999967, 4.632318500000054, 391.977100000003702 ], [ -73.046455219999984, 4.632216120000066, 393.103000000002794 ], [ -73.046491789999948, 4.632117810000068, 394.384200000000419 ], [ -73.046530659999974, 4.632014960000049, 395.331399999995483 ], [ -73.046543889999953, 4.631979940000065, 395.270199999999022 ], [ -73.046550572999934, 4.631962433000069, 395.230999999999767 ], [ -73.046568799999989, 4.631914680000023, 394.992599999997765 ], [ -73.046607119999976, 4.631817560000059, 394.402100000006612 ], [ -73.046643299999971, 4.631723850000071, 394.307799999995041 ], [ -73.046682949999933, 4.631621610000025, 394.453899999993155 ], [ -73.046711129999949, 4.63154792000006, 394.557700000004843 ], [ -73.046730749999938, 4.631498820000047, 394.55439999999362 ], [ -73.046768759999964, 4.631404830000065, 394.00109999999404 ], [ -73.046808499999941, 4.631302470000037, 393.392399999996996 ], [ -73.046836639999981, 4.63120052000005, 393.022899999996298 ], [ -73.046853139999939, 4.631103970000026, 393.12050000000454 ], [ -73.04686216999994, 4.631032840000046, 393.199699999997392 ], [ -73.046875069999942, 4.630924960000073, 393.888900000005378 ], [ -73.046880809999948, 4.630879020000066, 394.540399999998044 ], [ -73.04689148999995, 4.630773200000021, 395.981499999994412 ], [ -73.04690310999996, 4.630664290000027, 397.200400000001537 ], [ -73.046911399999942, 4.630554650000022, 397.886899999997695 ], [ -73.046913509999968, 4.630444710000063, 398.572000000000116 ], [ -73.046911979999948, 4.630373650000024, 398.705600000001141 ], [ -73.046912249999934, 4.630287500000065, 398.705000000001746 ], [ -73.046912599999985, 4.630177490000051, 398.704299999997602 ], [ -73.046912949999978, 4.630067890000021, 398.482600000003004 ], [ -73.04691269999995, 4.629962360000036, 398.209300000002258 ], [ -73.04691416999998, 4.629852440000036, 397.967499999998836 ], [ -73.046914369999968, 4.629774300000065, 397.880999999993946 ], [ -73.04691545999998, 4.629664030000072, 397.756299999993644 ], [ -73.046915359999957, 4.629563370000028, 397.576000000000931 ], [ -73.046916289999956, 4.62945349000006, 397.292300000000978 ], [ -73.046916539999984, 4.629343210000059, 397.009900000004563 ], [ -73.046916709999948, 4.629233040000031, 397.0 ], [ -73.046917209999947, 4.629122920000043, 397.0 ], [ -73.046918939999955, 4.62901499000003, 396.938699999998789 ], [ -73.046920179999972, 4.62890488000005, 396.809299999993527 ], [ -73.046920049999983, 4.628794870000036, 396.667199999996228 ], [ -73.046920039999975, 4.628788080000049, 396.609299999996438 ], [ -73.046920809999961, 4.628687830000047, 395.750199999994948 ], [ -73.046921269999984, 4.628577890000031, 394.808600000003935 ], [ -73.046921229999953, 4.628472380000062, 393.702999999994063 ], [ -73.04692007999995, 4.628372420000062, 392.467900000003283 ], [ -73.046920739999962, 4.628269450000062, 391.18739999999525 ], [ -73.046921009999949, 4.628164480000066, 390.005900000003749 ], [ -73.046921129999987, 4.628063910000037, 388.893599999995786 ], [ -73.046920599999964, 4.627963690000058, 387.78519999999844 ], [ -73.046922279999933, 4.627854470000045, 386.577199999999721 ], [ -73.046923849999985, 4.62774502000002, 385.366599999993923 ], [ -73.046925319999957, 4.627647230000036, 384.840100000001257 ], [ -73.046926009999936, 4.627547150000055, 384.593900000007125 ], [ -73.046928489999971, 4.627438440000049, 384.33980000000156 ], [ -73.04692960999995, 4.627328400000067, 384.343299999993178 ], [ -73.046929919999968, 4.627222040000049, 384.343900000007125 ], [ -73.046929319999947, 4.627112960000034, 384.341100000005099 ], [ -73.04692917999995, 4.627003570000056, 384.339999999996508 ], [ -73.046929729999988, 4.626893590000066, 384.330400000006193 ], [ -73.046930129999964, 4.626783550000027, 384.064599999997881 ], [ -73.046932099999935, 4.626673630000028, 383.810299999997369 ], [ -73.046933089999982, 4.626564330000065, 383.934899999992922 ], [ -73.046932939999976, 4.626456210000072, 384.331200000000536 ], [ -73.04693328999997, 4.626351030000023, 384.70350000000326 ], [ -73.04693371999997, 4.626322520000031, 384.706300000005285 ], [ -73.046934479999948, 4.62621273000002, 384.710800000000745 ], [ -73.046934829999941, 4.626102990000049, 384.712199999994482 ], [ -73.046933919999958, 4.62599294000006, 384.804000000003725 ], [ -73.046934679999936, 4.625882750000073, 384.925300000002608 ], [ -73.046935279999957, 4.625778610000054, 384.872700000007171 ], [ -73.046935579999968, 4.625668860000076, 384.46809999999823 ], [ -73.046935469999937, 4.62556010000003, 384.06710000000021 ], [ -73.046937069999956, 4.625451480000038, 383.879700000004959 ], [ -73.046938039999986, 4.625350020000042, 383.742599999997765 ], [ -73.046938229999967, 4.625285020000035, 383.654999999998836 ], [ -73.046937979999939, 4.625245880000023, 383.636799999992945 ], [ -73.046938859999955, 4.625137220000056, 383.634200000000419 ], [ -73.046940259999985, 4.625033330000065, 383.62949999999546 ], [ -73.046940839999934, 4.624923170000045, 383.732499999998254 ], [ -73.046939929999951, 4.624841590000074, 383.846000000005006 ], [ -73.046940169999971, 4.624731570000051, 383.99539999999979 ], [ -73.046940509999956, 4.624630140000022, 384.494699999995646 ], [ -73.046940309999968, 4.624529500000051, 385.001799999998184 ], [ -73.046939309999971, 4.62442518000006, 385.59759999999369 ], [ -73.046940009999958, 4.624324520000073, 386.341799999994691 ], [ -73.046940629999938, 4.624214600000073, 387.153999999994994 ], [ -73.046941569999944, 4.624104410000029, 387.858399999997346 ], [ -73.046941669999967, 4.623994220000043, 388.52039999999397 ], [ -73.046944099999962, 4.62388444000004, 389.068700000003446 ], [ -73.04694558999995, 4.623774550000064, 389.317899999994552 ], [ -73.046946669999954, 4.623664600000041, 389.564700000002631 ], [ -73.046947719999935, 4.623554320000039, 388.954800000006799 ], [ -73.046949499999982, 4.623444320000033, 388.137700000006589 ], [ -73.046949509999934, 4.623334070000055, 387.380600000004051 ], [ -73.046948369999939, 4.623225750000074, 386.74210000000312 ], [ -73.046949219999988, 4.623115840000025, 386.08990000000631 ], [ -73.046949334999965, 4.623100992000047, 386.001900000002934 ], [ -73.04695006999998, 4.62300601000004, 385.789199999999255 ], [ -73.046950123999977, 4.622968851000053, 385.706399999995483 ], [ -73.046950229999936, 4.622896050000065, 385.544299999994109 ], [ -73.046949729999938, 4.622785800000031, 385.393500000005588 ], [ -73.046951089999936, 4.622675620000052, 385.397899999996298 ], [ -73.046951909999962, 4.622575180000069, 385.400399999998626 ], [ -73.046951759999956, 4.622466410000072, 385.534400000004098 ], [ -73.046951449999938, 4.622357150000028, 385.692200000004959 ], [ -73.046952629999964, 4.622247940000022, 385.946400000000722 ], [ -73.046951989999968, 4.622139420000053, 386.340599999995902 ], [ -73.046951049999961, 4.622029590000068, 386.737299999993411 ], [ -73.046953669999937, 4.621830630000034, 387.488100000002305 ], [ -73.046954249999942, 4.621730210000067, 387.80909999999858 ], [ -73.04695393999998, 4.621622370000068, 387.805699999997159 ], [ -73.046955089999983, 4.621515200000033, 387.812999999994645 ], [ -73.046956349999959, 4.621295950000047, 386.89879999999539 ], [ -73.046956339999952, 4.621187970000051, 386.367299999998068 ], [ -73.046957329999941, 4.621077710000066, 386.034700000003795 ], [ -73.046957609999936, 4.620967690000043, 385.699800000002142 ], [ -73.046957549999945, 4.620860010000058, 385.220000000001164 ], [ -73.046958199999949, 4.620749990000036, 384.64419999999518 ], [ -73.046959389999984, 4.620640070000036, 384.122900000002119 ], [ -73.046960129999945, 4.620487680000053, 383.7932 ], [ -73.046960259999935, 4.620377590000032, 383.619500000000698 ], [ -73.046961579999959, 4.620276200000035, 383.988899999996647 ], [ -73.046961519999968, 4.620166070000039, 384.395799999998417 ], [ -73.046960779999949, 4.62006376000005, 384.580199999996694 ], [ -73.046960469999988, 4.620010610000065, 384.581600000004983 ], [ -73.046961649999957, 4.619900500000028, 384.577799999999115 ], [ -73.046962639999947, 4.619790480000063, 385.154899999994086 ], [ -73.046963279999943, 4.619680460000041, 386.311499999996158 ], [ -73.046963569999946, 4.619570170000031, 387.436499999996158 ], [ -73.046965399999976, 4.619460430000061, 387.67170000000624 ], [ -73.046967169999959, 4.619350320000024, 387.902700000006007 ], [ -73.04696778999994, 4.619241810000062, 387.420899999997346 ], [ -73.046968839999977, 4.619131860000039, 386.385899999993853 ], [ -73.046969149999939, 4.61902187000004, 385.370899999994435 ], [ -73.04696955999998, 4.618911800000035, 384.560200000007171 ], [ -73.046970029999954, 4.61880399000006, 383.766499999997905 ], [ -73.046972239999945, 4.61870354000007, 383.473899999997229 ], [ -73.046973289999983, 4.61860297000004, 383.506800000002841 ], [ -73.046973989999969, 4.618503750000059, 383.535499999998137 ], [ -73.046973729999934, 4.618393870000034, 383.731899999998859 ], [ -73.046975229999987, 4.618283700000063, 383.942999999999302 ], [ -73.046975809999935, 4.618173670000033, 383.8174 ], [ -73.046975879999934, 4.618063560000053, 383.194799999997485 ], [ -73.046976629999961, 4.617953730000067, 382.571100000001024 ], [ -73.046977879999986, 4.617844020000064, 383.087100000004284 ], [ -73.046978579999973, 4.617733820000069, 383.684399999998277 ], [ -73.046977959999936, 4.617623970000068, 384.280499999993481 ], [ -73.046978039999942, 4.617514010000036, 384.876399999993737 ], [ -73.046977669999933, 4.61740401000003, 385.467999999993481 ], [ -73.04697742999997, 4.617294170000037, 385.439499999993131 ], [ -73.046977069999969, 4.617184210000062, 385.407399999996414 ], [ -73.04697804999995, 4.617083620000074, 385.037700000000768 ], [ -73.046978969999941, 4.616863530000046, 383.42160000000149 ], [ -73.046979529999987, 4.616755240000032, 383.229000000006636 ], [ -73.046981519999974, 4.616645250000033, 383.052700000000186 ], [ -73.046983109999985, 4.616444260000037, 383.263600000005681 ], [ -73.046983829999988, 4.616353580000066, 383.446299999995972 ], [ -73.046986, 4.616243810000071, 383.782200000001467 ], [ -73.046986879999963, 4.616026450000049, 384.454199999992852 ], [ -73.046986389999972, 4.615916240000047, 384.24539999999979 ], [ -73.046987349999938, 4.61581577000004, 384.062999999994645 ], [ -73.046988099999965, 4.615715360000024, 383.655100000003586 ], [ -73.046988699999986, 4.615614630000039, 383.101299999994808 ], [ -73.046988729999953, 4.615513990000068, 382.544500000003609 ], [ -73.046990059999985, 4.61540393000007, 382.503200000006473 ], [ -73.046990389999962, 4.615293800000074, 382.503899999996065 ], [ -73.046990749999964, 4.615183830000035, 382.785600000002887 ], [ -73.04699101999995, 4.615082020000045, 383.35109999999986 ], [ -73.046992299999943, 4.614980510000066, 383.922500000000582 ], [ -73.046992499999988, 4.614879810000048, 384.175700000007055 ], [ -73.046992369999941, 4.614822090000075, 384.282099999996717 ], [ -73.04698929999995, 4.614708710000059, 384.459600000001956 ], [ -73.046985569999947, 4.614593300000024, 384.810700000001816 ], [ -73.046982039999989, 4.614487560000043, 385.159700000003795 ], [ -73.046982009999965, 4.614486030000023, 385.164999999993597 ], [ -73.046981179999989, 4.61440280000005, 385.364400000005844 ], [ -73.046980789999964, 4.614397720000056, 385.351399999999558 ], [ -73.046980749999989, 4.61438645000004, 385.331600000004983 ], [ -73.046980658999985, 4.614383631000067, 385.325800000005984 ], [ -73.046980559999952, 4.614380560000029, 385.319399999993038 ] ] ] } },
{ "type": "Feature", "properties": { "GASODUCTO": "CUSIANA - APIAY - USME", "TRM_RML": "Maya", "TP_DUCTO": "Ramal", "DISTRITO": "4", "DIAMETRO": "2", "TRM_REG": "CUSIANA - APIAY", "ZONA": "3", "PK_INICIO": "000+000", "PK_FIN": "000+010", "LONGITUD": 0.010004444281781001, "ANCHO_DDV": null, "BUFFER": null }, "geometry": { "type": "MultiLineString", "coordinates": [ [ [ -73.114570248999939, 4.486571606000041, 245.909799999993993 ], [ -73.114530566999974, 4.486491250000029, 245.727499999993597 ], [ -73.11453017499997, 4.486490485000047, 245.725300000005518 ] ] ] } },
{ "type": "Feature", "properties": { "GASODUCTO": "CUSIANA - APIAY - USME", "TRM_RML": "Villanueva", "TP_DUCTO": "Ramal", "DISTRITO": "4", "DIAMETRO": "2", "TRM_REG": "CUSIANA - APIAY", "ZONA": "3", "PK_INICIO": "000+000", "PK_FIN": "012+721", "LONGITUD": 12.707359260810955, "ANCHO_DDV": "8", "BUFFER": "4" }, "geometry": { "type": "MultiLineString", "coordinates": [ [ [ -73.022749207999937, 4.705452939000054, 358.188699999998789 ], [ -73.022747280999965, 4.705451925000034, 358.156099999992875 ], [ -73.02272000499994, 4.70543757300004, 357.694900000002235 ], [ -73.0227, 4.705399999000065, 357.057100000005448 ], [ -73.02255532199996, 4.705185332000042, 353.318799999993644 ], [ -73.022410644999979, 4.70497066400003, 350.067800000004354 ], [ -73.022265966999953, 4.704755997000063, 350.079500000007101 ], [ -73.022121289999973, 4.704541329000051, 350.000799999994342 ], [ -73.022090793999951, 4.70447501600006, 350.015599999998813 ], [ -73.021954084999948, 4.704280427000072, 348.838199999998324 ], [ -73.021817375999944, 4.704085839000072, 347.702499999999418 ], [ -73.021680667999988, 4.703891250000027, 346.985899999999674 ], [ -73.021543958999985, 4.703696661000038, 346.088699999992969 ], [ -73.021395972999983, 4.703497774000027, 345.485899999999674 ], [ -73.021247985999935, 4.703298887000074, 345.565199999997276 ], [ -73.0211, 4.7031, 344.284299999999348 ], [ -73.02105437299997, 4.703002196000057, 343.1533999999956 ], [ -73.02094666499994, 4.702846387000022, 341.364600000000792 ], [ -73.020838956999967, 4.702690578000045, 339.149799999999232 ], [ -73.020731248999937, 4.702534769000067, 336.991800000003423 ], [ -73.020590388999949, 4.702333038000063, 336.756899999993038 ], [ -73.020449528999961, 4.702131308000048, 335.90690000000177 ], [ -73.020308668999974, 4.701929577000044, 334.00810000000638 ], [ -73.020160245999989, 4.701720978000026, 333.18739999999525 ], [ -73.020011821999958, 4.701512380000054, 332.171799999996438 ], [ -73.019863398999973, 4.701303781000036, 331.458299999998417 ], [ -73.019731698999976, 4.701101891000064, 331.099799999996321 ], [ -73.0196, 4.7009, 331.031600000002072 ], [ -73.019475, 4.700725, 332.642999999996391 ], [ -73.01935, 4.700550001000067, 334.0 ], [ -73.019225, 4.700375001000054, 334.0 ], [ -73.0191, 4.700200001000042, 331.693199999994249 ], [ -73.018966116999934, 4.700016841000036, 328.868100000006962 ], [ -73.018832233999944, 4.69983368100003, 327.263200000001234 ], [ -73.018698350999955, 4.699650520000034, 327.690400000006775 ], [ -73.018564467999965, 4.699467360000028, 327.201100000005681 ], [ -73.018447038999966, 4.699298381000062, 325.521099999998114 ], [ -73.018329609999967, 4.699129403000029, 323.846999999994296 ], [ -73.018212181999957, 4.698960424000063, 323.0 ], [ -73.018094752999957, 4.69879144500004, 323.0 ], [ -73.017978642999935, 4.69860570700007, 323.823199999998906 ], [ -73.01786253299997, 4.698419969000042, 325.577699999994365 ], [ -73.017746422999949, 4.698234230000025, 325.747199999997974 ], [ -73.017630312999984, 4.698048492000055, 325.509500000000116 ], [ -73.0176, 4.698000001000025, 325.610400000005029 ], [ -73.017450570999983, 4.697799466000049, 324.744600000005448 ], [ -73.017301142999941, 4.697598931000073, 323.048299999994924 ], [ -73.017151714999954, 4.69739839600004, 321.618900000001304 ], [ -73.017002285999979, 4.697197861000063, 320.34320000000298 ], [ -73.016852857999936, 4.69699732600003, 319.279800000003888 ], [ -73.016730971999948, 4.696823722000033, 319.041400000001886 ], [ -73.01660908499997, 4.696650117000047, 319.384900000004563 ], [ -73.016487198999982, 4.69647651300005, 319.149300000004587 ], [ -73.016365312999937, 4.696302908000064, 318.010699999998906 ], [ -73.016222270999947, 4.696102977000066, 315.696599999995669 ], [ -73.016079228999956, 4.695903045000023, 315.259999999994761 ], [ -73.015936187999955, 4.695703114000025, 314.901599999997416 ], [ -73.015793145999965, 4.695503182000039, 314.007599999997183 ], [ -73.015662096999961, 4.69533545500002, 315.017200000002049 ], [ -73.015531048999947, 4.695167727000069, 316.309800000002724 ], [ -73.0154, 4.695, 315.526700000002165 ], [ -73.015278901999977, 4.694806268000036, 312.169800000003306 ], [ -73.015157803999955, 4.694612537000069, 308.814700000002631 ], [ -73.015036706999979, 4.694418805000055, 307.89089999999851 ], [ -73.014915608999956, 4.694225073000041, 307.723700000002282 ], [ -73.014761706999934, 4.694018805000042, 307.716899999999441 ], [ -73.014607803999979, 4.693812536000053, 307.146399999997811 ], [ -73.014453901999957, 4.693606268000053, 306.622199999997974 ], [ -73.0143, 4.693399999000064, 305.351299999994808 ], [ -73.014258127999938, 4.69329904600005, 305.107999999992899 ], [ -73.014110185999982, 4.693082357000037, 304.630000000004657 ], [ -73.013962244999959, 4.692865667000035, 304.533999999999651 ], [ -73.013814302999947, 4.692648978000022, 305.211899999994785 ], [ -73.013666360999935, 4.69243228800002, 305.9262000000017 ], [ -73.013518419999969, 4.692215599000065, 305.082299999994575 ], [ -73.013358644999983, 4.69199908500002, 303.195800000001327 ], [ -73.013198870999986, 4.691782571000033, 303.152900000000955 ], [ -73.013039096999989, 4.691566057000045, 304.200800000005984 ], [ -73.012879321999947, 4.691349543000058, 303.745200000004843 ], [ -73.01271954799995, 4.691133028000024, 302.148000000001048 ], [ -73.012559773999953, 4.690916514000037, 300.31600000000617 ], [ -73.0124, 4.6907, 300.015199999994365 ], [ -73.012396692999971, 4.69069504600003, 300.0193 ], [ -73.01226292399997, 4.690494689000047, 299.649799999999232 ], [ -73.012129154999968, 4.690294331000075, 299.167700000005425 ], [ -73.011995385999967, 4.690093974000035, 300.457099999999627 ], [ -73.011861617999955, 4.689893616000063, 301.626600000003236 ], [ -73.011727848999953, 4.689693259000023, 302.067800000004354 ], [ -73.011606540999935, 4.689494383000067, 300.964999999996508 ], [ -73.011485231999984, 4.689295506000065, 301.849300000001676 ], [ -73.011363923999966, 4.689096630000051, 302.516799999997602 ], [ -73.011242615999947, 4.688897753000049, 302.69539999999688 ], [ -73.011121307999986, 4.688698877000036, 302.971799999999348 ], [ -73.011, 4.6885, 305.063699999998789 ], [ -73.010883906999936, 4.688421475000041, 305.662700000000768 ], [ -73.010767813999962, 4.688342949000059, 305.975800000000163 ], [ -73.010554250999974, 4.688254359000041, 305.472899999993388 ], [ -73.010340687999985, 4.688165769000022, 303.117499999993015 ], [ -73.01012712499994, 4.688077179000061, 298.721300000004703 ], [ -73.009913562999941, 4.687988589000042, 294.961999999999534 ], [ -73.0097, 4.687899999000024, 293.901599999997416 ], [ -73.0096, 4.687799999000049, 294.587499999994179 ], [ -73.0094, 4.6877, 294.540900000007241 ], [ -73.0092, 4.6876, 294.10899999999674 ], [ -73.00901685499997, 4.687472726000067, 294.839200000002165 ], [ -73.008833708999987, 4.687345452000045, 296.203599999993457 ], [ -73.008650563999936, 4.687218178000023, 296.986600000003818 ], [ -73.008460450999962, 4.687034542000049, 297.0 ], [ -73.008270337999988, 4.686850907000064, 297.0 ], [ -73.008080224999958, 4.686667271000033, 296.922399999995832 ], [ -73.007890112999974, 4.686483636000048, 295.484899999995832 ], [ -73.0077, 4.6863, 294.552700000000186 ], [ -73.007522688999984, 4.686102611000024, 294.51249999999709 ], [ -73.007345377999968, 4.685905222000031, 294.2387000000017 ], [ -73.007168066999952, 4.685707834000027, 294.0 ], [ -73.006990756999983, 4.685510445000034, 294.793999999994412 ], [ -73.006813445999967, 4.685313056000041, 295.732199999998556 ], [ -73.006650756999989, 4.685150445000033, 295.985899999999674 ], [ -73.006488066999964, 4.684987834000026, 295.96129999999539 ], [ -73.006325377999985, 4.684825222000029, 297.298899999994319 ], [ -73.00616268899995, 4.684662611000022, 298.84309999999823 ], [ -73.006, 4.6845, 298.584499999997206 ], [ -73.005991464999966, 4.684490689000029, 298.550199999997858 ], [ -73.005809553999939, 4.684292241000037, 297.459000000002561 ], [ -73.005627642999968, 4.684093793000045, 295.267200000002049 ], [ -73.005445731999941, 4.683895345000053, 293.845700000005309 ], [ -73.005263820999971, 4.683696896000072, 293.669299999994109 ], [ -73.005081910999934, 4.683498448000023, 294.382199999992736 ], [ -73.0049, 4.6833, 295.791500000006636 ], [ -73.004721183999948, 4.683103310000035, 296.196200000005774 ], [ -73.004542366999942, 4.682906621000029, 296.290500000002794 ], [ -73.004363550999983, 4.682709931000034, 294.19100000000617 ], [ -73.004206373999978, 4.682520077000049, 294.0 ], [ -73.004049195999983, 4.682330224000054, 294.0 ], [ -73.003892018999977, 4.68214037000007, 293.942800000004354 ], [ -73.003761345999976, 4.681993580000039, 293.356799999994109 ], [ -73.003630672999975, 4.681846791000055, 293.087299999999232 ], [ -73.0035, 4.681700001000024, 293.0 ], [ -73.003371535999975, 4.68152965500002, 293.010500000003958 ], [ -73.003243071999975, 4.681359310000062, 292.097200000003795 ], [ -73.003114607999976, 4.681188964000057, 289.820699999996577 ], [ -73.002907303999962, 4.681094482000049, 286.982900000002701 ], [ -73.0027, 4.681, 285.427400000000489 ], [ -73.002535372999944, 4.680894771000055, 284.807300000000396 ], [ -73.002370746999986, 4.680789541000024, 284.70789999999397 ], [ -73.002213830999949, 4.680693028000064, 286.843500000002678 ], [ -73.002056915999958, 4.680596514000058, 288.414199999999255 ], [ -73.0019, 4.680500001000041, 290.433699999994133 ], [ -73.001762067999948, 4.680430508000029, 291.402499999996508 ], [ -73.001624136999965, 4.680361015000074, 291.978799999997136 ], [ -73.001388043999953, 4.680364123000061, 291.911300000007031 ], [ -73.001225343999977, 4.680341819000034, 293.325700000001234 ], [ -73.001062643999944, 4.680319515000065, 295.211899999994785 ], [ -73.000894019999976, 4.68021974800007, 295.724000000001979 ], [ -73.00072539699994, 4.680119981000075, 294.520900000003166 ], [ -73.000512697999966, 4.679959991000032, 293.19090000000142 ], [ -73.0003, 4.6798, 294.567200000004959 ], [ -73.00008, 4.67966, 295.0 ], [ -72.99986, 4.67952, 296.223299999997835 ], [ -72.99964, 4.67938, 298.200800000005984 ], [ -72.99942, 4.67923999900006, 301.511899999997695 ], [ -72.9992, 4.679099999000073, 304.207599999994272 ], [ -72.999189668999975, 4.679093741000031, 304.283999999999651 ], [ -72.99898331199995, 4.67896872700004, 304.535499999998137 ], [ -72.998776954999983, 4.678843713000049, 304.918999999994412 ], [ -72.998570597999958, 4.678718699000058, 305.895600000003469 ], [ -72.998364240999933, 4.678593685000067, 307.777100000006612 ], [ -72.998157883999966, 4.678468671000076, 309.149699999994482 ], [ -72.997918412999979, 4.678376503000038, 308.435599999997066 ], [ -72.997678941999936, 4.678284335000058, 306.713399999993271 ], [ -72.99743947099995, 4.67819216700002, 305.133900000000722 ], [ -72.9972, 4.67809999900004, 304.438500000003842 ], [ -72.996975149999969, 4.678000661000056, 305.0 ], [ -72.996750300999963, 4.677901323000071, 305.0 ], [ -72.996525451999958, 4.677801985000031, 305.101299999994808 ], [ -72.996300601999963, 4.677702647000046, 306.224499999996624 ], [ -72.996075752999957, 4.677603309000062, 306.78519999999844 ], [ -72.995852679999985, 4.677480527000057, 307.869399999995949 ], [ -72.995629607999945, 4.677357746000041, 310.063999999998487 ], [ -72.995406534999972, 4.677234964000036, 311.1394 ], [ -72.995234348999986, 4.677027595000027, 310.6826 ], [ -72.995062163999933, 4.676820226000075, 310.0 ], [ -72.994889977999946, 4.676612856000077, 309.570000000006985 ], [ -72.99471779299995, 4.676405487000068, 309.717900000003283 ], [ -72.994545194999944, 4.67620365800002, 311.121400000003632 ], [ -72.994372597999984, 4.676001828000039, 311.257400000002235 ], [ -72.9942, 4.675799999000049, 311.207800000003772 ], [ -72.994033332999948, 4.675599999000042, 312.13980000000447 ], [ -72.993866666999963, 4.6754, 311.680300000007264 ], [ -72.9937, 4.6752, 310.071899999995367 ], [ -72.993533332999959, 4.675, 309.422800000000279 ], [ -72.993366666999975, 4.6748, 310.104800000000978 ], [ -72.9932, 4.6746, 310.966599999999744 ], [ -72.99302, 4.6744, 312.287299999996321 ], [ -72.99284, 4.6742, 313.0 ], [ -72.99266, 4.673999999000046, 313.149999999994179 ], [ -72.99248, 4.673799999000039, 313.816900000005262 ], [ -72.9923, 4.673599999000032, 313.730200000005425 ], [ -72.992247799999973, 4.673529568000049, 313.747700000007171 ], [ -72.992118557999959, 4.673355188000073, 313.75350000000617 ], [ -72.991989315999945, 4.67318080900003, 313.322299999999814 ], [ -72.991860073999987, 4.673006429000054, 312.291400000001886 ], [ -72.991730831999973, 4.672832050000068, 312.350699999995413 ], [ -72.991601589999959, 4.672657670000035, 312.993400000006659 ], [ -72.991429364999988, 4.67245073600003, 314.291400000001886 ], [ -72.991257139999959, 4.672243801000036, 315.0 ], [ -72.991084915999977, 4.672036867000031, 314.717900000003283 ], [ -72.990912690999949, 4.671829932000037, 314.015199999994365 ], [ -72.990902754999979, 4.671808182000063, 314.040699999997742 ], [ -72.990742203999957, 4.671626546000027, 313.742499999993015 ], [ -72.990581652999936, 4.671444909000058, 313.215200000006007 ], [ -72.990421101999971, 4.671263273000022, 312.495899999994435 ], [ -72.990260550999949, 4.671081636000054, 311.213099999993574 ], [ -72.9901, 4.6709, 311.295899999997346 ], [ -72.98994245199998, 4.670686491000026, 312.748399999996764 ], [ -72.989784902999986, 4.670472983000025, 315.459600000001956 ], [ -72.989627354999982, 4.670259474000034, 316.960800000000745 ], [ -72.989478589999976, 4.670041539000067, 316.411399999997229 ], [ -72.98932982499997, 4.669823604000044, 316.364199999996345 ], [ -72.989181059999964, 4.669605668000031, 316.976399999999558 ], [ -72.989032294999959, 4.669387733000065, 317.51480000000447 ], [ -72.988883529999953, 4.669169798000041, 316.597500000003492 ], [ -72.988756130999946, 4.668940338000027, 316.039099999994505 ], [ -72.988628730999949, 4.668710877000024, 317.140499999994063 ], [ -72.988501331999942, 4.668481417000066, 318.291100000002189 ], [ -72.988373932999934, 4.668251956000063, 319.029099999999744 ], [ -72.988246533999984, 4.668022496000049, 318.968299999993178 ], [ -72.988119134999977, 4.667793035000045, 318.108600000006845 ], [ -72.988023664999957, 4.667590124000071, 318.991599999993923 ], [ -72.987928194999938, 4.66738721300004, 319.815300000002026 ], [ -72.987832725999965, 4.667184302000067, 320.149999999994179 ], [ -72.987737255999946, 4.666981391000036, 320.897599999996601 ], [ -72.987626422999938, 4.666755442000067, 321.729999999995925 ], [ -72.987515589999987, 4.666529493000041, 321.340500000005704 ], [ -72.987404757999968, 4.666303544000073, 321.394700000004377 ], [ -72.98729392499996, 4.666077595000047, 322.2068 ], [ -72.98725441199997, 4.66600408000005, 322.307499999995343 ], [ -72.987151186999938, 4.665812024000047, 321.676800000001094 ], [ -72.987047960999973, 4.665619968000044, 321.007500000006985 ], [ -72.986944735999941, 4.665427912000041, 320.870899999994435 ], [ -72.986857710999971, 4.66523782400003, 321.32060000000638 ], [ -72.986770684999954, 4.665047736000076, 322.020900000003166 ], [ -72.986683659999983, 4.664857648000066, 322.7212 ], [ -72.986541829999965, 4.664628824000033, 323.0 ], [ -72.9864, 4.6644, 323.0 ], [ -72.986294014999942, 4.664179363000073, 323.0 ], [ -72.986188028999948, 4.663958727000022, 323.317899999994552 ], [ -72.986082043999943, 4.663738090000038, 324.012600000001839 ], [ -72.985961532999966, 4.663528568000061, 324.0 ], [ -72.985841021999988, 4.663319046000026, 324.219700000001467 ], [ -72.985720510999954, 4.66310952300006, 324.259699999995064 ], [ -72.9856, 4.662900001000025, 324.887700000006589 ], [ -72.985482411999953, 4.66269687700003, 326.200899999996182 ], [ -72.985364823999987, 4.662493753000035, 327.830700000005891 ], [ -72.985247235999964, 4.66229062900004, 329.274399999994785 ], [ -72.985129647999941, 4.662087505000045, 330.146599999992759 ], [ -72.985033760999954, 4.661921264000057, 331.702099999994971 ], [ -72.984937873999968, 4.661755023000069, 332.282600000005914 ], [ -72.984841986999982, 4.661588782000024, 329.704800000006799 ], [ -72.984755317999941, 4.661442557000044, 327.614199999996345 ], [ -72.984668649999946, 4.661296331000074, 326.412500000005821 ], [ -72.984557784999936, 4.661109280000062, 326.091700000004494 ], [ -72.984446918999936, 4.66092223000004, 325.737099999998463 ], [ -72.984336053999982, 4.660735179000028, 324.184699999997974 ], [ -72.984225188999972, 4.660548128000073, 324.595100000005914 ], [ -72.984093891999976, 4.660361096000031, 325.875799999994342 ], [ -72.983962593999934, 4.660174064000046, 328.742599999997765 ], [ -72.983831296999938, 4.65998703200006, 329.188800000003539 ], [ -72.9837, 4.6598, 329.049299999998766 ], [ -72.983613890999948, 4.659604264000052, 328.295800000007148 ], [ -72.983527781999953, 4.659408527000039, 328.258199999996577 ], [ -72.983441672999959, 4.659212791000073, 329.677299999995739 ], [ -72.983348879999937, 4.659056976000045, 330.915099999998347 ], [ -72.983256087999962, 4.658901160000028, 330.720900000000256 ], [ -72.98316329499994, 4.658745345000057, 331.483200000002398 ], [ -72.983042196999975, 4.65856356300003, 333.517699999996694 ], [ -72.982921097999963, 4.65838178100006, 334.957599999994272 ], [ -72.9828, 4.658199999000033, 334.503599999996368 ], [ -72.982785373999945, 4.658168525000065, 334.381399999998393 ], [ -72.982726287999981, 4.658041381000032, 334.015499999994063 ], [ -72.982667202999949, 4.657914237000057, 333.94550000000163 ], [ -72.982557531999987, 4.657726358000048, 334.368700000006356 ], [ -72.982447861999958, 4.657538478000049, 337.415599999992992 ], [ -72.98233819099994, 4.65735059900004, 339.427500000005239 ], [ -72.982229976999974, 4.657174432000033, 339.323099999994156 ], [ -72.982121761999963, 4.656998264000038, 337.87159999999858 ], [ -72.982013547999941, 4.656822097000031, 336.621400000003632 ], [ -72.98192222299997, 4.656662393000033, 336.033800000004703 ], [ -72.981830898999988, 4.656502689000035, 336.615600000004633 ], [ -72.98173957399996, 4.656342985000038, 337.406700000006822 ], [ -72.981619786999943, 4.656171492000055, 338.857699999993201 ], [ -72.9815, 4.655999999000073, 339.18760000000475 ], [ -72.981382417999953, 4.655768525000042, 339.170800000007148 ], [ -72.98126483599998, 4.655537050000021, 340.37609999999404 ], [ -72.981144214999972, 4.655334022000034, 340.738299999997253 ], [ -72.981023593999964, 4.655130995000036, 341.221300000004703 ], [ -72.980902972999957, 4.654927967000049, 342.322199999995064 ], [ -72.980782351999949, 4.654724939000062, 343.349600000001374 ], [ -72.98065490099998, 4.654516626000031, 343.527700000006007 ], [ -72.980527450999944, 4.654308314000048, 343.645799999998417 ], [ -72.9804, 4.654100001000074, 344.229300000006333 ], [ -72.980266666999967, 4.653900001000068, 345.009000000005472 ], [ -72.980133332999969, 4.6537, 343.79660000000149 ], [ -72.98, 4.6535, 343.043499999999767 ], [ -72.979897831999949, 4.653288477000046, 343.0 ], [ -72.979795662999948, 4.653076955000074, 343.0 ], [ -72.979693494999935, 4.652865432000056, 344.150999999998021 ], [ -72.979563725999981, 4.652637355000024, 346.790699999997742 ], [ -72.979433957999959, 4.65240927800005, 348.020499999998719 ], [ -72.979302926999935, 4.652193984000064, 348.80109999999695 ], [ -72.979171895999968, 4.651978689000032, 349.169800000003306 ], [ -72.979040865999934, 4.651763395000046, 349.65570000000298 ], [ -72.978909834999968, 4.65154810000007, 349.963900000002468 ], [ -72.978767867999977, 4.651318480000043, 349.605200000005425 ], [ -72.978625900999987, 4.651088860000073, 348.126799999998184 ], [ -72.978483933999939, 4.650859240000045, 347.078699999998207 ], [ -72.978341966999949, 4.650629620000075, 347.287899999995716 ], [ -72.9782, 4.6504, 349.701400000005378 ], [ -72.978190855999969, 4.650386097000023, 349.80800000000454 ], [ -72.978055256999937, 4.650179940000044, 350.310800000006566 ], [ -72.977919657999962, 4.649973783000064, 351.016199999998207 ], [ -72.977784058999987, 4.649767627000074, 350.793000000005122 ], [ -72.977648460999944, 4.649561470000037, 350.745899999994435 ], [ -72.977512861999969, 4.649355313000058, 350.178700000004028 ], [ -72.97737583299994, 4.649185518000024, 350.0 ], [ -72.977238804999956, 4.649015724000037, 351.107999999992899 ], [ -72.977101775999984, 4.648845929000061, 352.751900000002934 ], [ -72.97693452599998, 4.648664900000028, 354.293900000004214 ], [ -72.976767274999986, 4.648483872000043, 356.0 ], [ -72.976600024999982, 4.648302843000067, 356.0 ], [ -72.976440019999984, 4.648122274000059, 355.4487999999983 ], [ -72.976280014999986, 4.647941705000051, 354.965700000000652 ], [ -72.976120009999988, 4.647761137000032, 354.643299999996088 ], [ -72.975960004999934, 4.647580568000024, 354.671799999996438 ], [ -72.9758, 4.647399999000072, 354.669399999998859 ], [ -72.975635317999945, 4.647242069000072, 355.111399999994319 ], [ -72.975470635999955, 4.647084140000061, 354.797099999996135 ], [ -72.975305953999964, 4.646926210000061, 354.617700000002515 ], [ -72.975084762999984, 4.64678096800003, 355.298200000004726 ], [ -72.974863571999947, 4.646635726000056, 355.603000000002794 ], [ -72.974642380999967, 4.646490484000026, 354.07039999999688 ], [ -72.974421190999976, 4.646345241000063, 353.301000000006752 ], [ -72.9742, 4.646199999000032, 353.0 ], [ -72.974027191999937, 4.646070530000031, 353.020799999998417 ], [ -72.973854383999935, 4.645941060000041, 353.387700000006589 ], [ -72.973681575999933, 4.64581159100004, 354.894000000000233 ], [ -72.973508767999988, 4.64568212100005, 355.814700000002631 ], [ -72.97330438399996, 4.645541061000074, 356.052700000000186 ], [ -72.9731, 4.645400001000041, 355.080799999996088 ], [ -72.972885713999972, 4.645257144000027, 355.044599999993807 ], [ -72.972671427999956, 4.645114287000069, 355.365499999999884 ], [ -72.972457141999939, 4.644971430000055, 356.954400000002352 ], [ -72.972242856999969, 4.644828573000041, 357.0 ], [ -72.972028570999953, 4.644685716000026, 356.359899999995832 ], [ -72.971814284999937, 4.644542858000023, 356.228099999992992 ], [ -72.9716, 4.644400001000065, 357.279500000004191 ], [ -72.971582143999967, 4.644386388000044, 357.395699999993667 ], [ -72.971412871999974, 4.644257331000063, 358.497399999992922 ], [ -72.97124359999998, 4.644128273000035, 358.37050000000454 ], [ -72.971074327999986, 4.643999216000054, 356.938699999998789 ], [ -72.970905055999935, 4.643870158000027, 356.00109999999404 ], [ -72.970728791999989, 4.643752619000054, 356.899799999999232 ], [ -72.970552527999985, 4.643635079000035, 358.115999999994528 ], [ -72.970376263999981, 4.643517540000062, 359.057799999995041 ], [ -72.9702, 4.6434, 359.5432 ], [ -72.970032255999968, 4.643279380000024, 358.821500000005472 ], [ -72.969864511999958, 4.643158760000063, 358.377800000002026 ], [ -72.969696767999949, 4.643038140000044, 358.253800000005867 ], [ -72.969481027999961, 4.642889016000026, 358.385599999994156 ], [ -72.969265288999964, 4.642739893000055, 358.163000000000466 ], [ -72.969049548999976, 4.642590769000037, 358.711500000004889 ], [ -72.968833809999978, 4.642441645000076, 359.589000000007218 ], [ -72.968655872999989, 4.642327764000072, 360.845799999995506 ], [ -72.968477936999989, 4.642213882000021, 361.806200000006356 ], [ -72.9683, 4.642100001000074, 361.555900000006659 ], [ -72.968089593999935, 4.641944399000067, 361.0 ], [ -72.967879186999937, 4.641788796000071, 361.0 ], [ -72.967668780999986, 4.641633194000065, 360.766199999998207 ], [ -72.967474219999986, 4.641500250000036, 360.779500000004191 ], [ -72.967279657999939, 4.641367307000053, 360.788199999995413 ], [ -72.967085096999938, 4.641234363000024, 360.299199999994016 ], [ -72.966890535999937, 4.641101420000041, 359.936199999996461 ], [ -72.966695974999936, 4.640968476000069, 360.507800000006682 ], [ -72.966496779999943, 4.640834781000024, 360.951400000005378 ], [ -72.96629758499995, 4.640701086000036, 361.197299999999814 ], [ -72.966098389999956, 4.640567391000047, 361.597299999993993 ], [ -72.965899194999963, 4.64043369500007, 362.118600000001607 ], [ -72.9657, 4.6403, 361.86250000000291 ], [ -72.965504776999978, 4.640165213000046, 361.366699999998673 ], [ -72.965309553999987, 4.64003042500002, 360.870899999994435 ], [ -72.965114331999985, 4.639895638000041, 360.525999999998021 ], [ -72.964919108999936, 4.639760850000073, 360.964399999997113 ], [ -72.964739331999965, 4.639645638000047, 361.287100000001374 ], [ -72.964559553999948, 4.639530425000032, 360.736000000004424 ], [ -72.964379776999976, 4.639415213000063, 360.023400000005495 ], [ -72.9642, 4.6393, 360.395900000003166 ], [ -72.964184415999966, 4.639288210000075, 360.491800000003423 ], [ -72.964001226999983, 4.639149616000054, 361.598199999993085 ], [ -72.963818037999943, 4.639011021000044, 362.0 ], [ -72.963634447999937, 4.638884847000043, 361.657200000001467 ], [ -72.963450856999941, 4.638758672000051, 361.594800000006217 ], [ -72.963267266999935, 4.63863249800005, 361.7068 ], [ -72.963083676999986, 4.638506323000058, 360.705000000001746 ], [ -72.962876705999975, 4.63836629900004, 360.0 ], [ -72.962669733999974, 4.638226275000022, 360.363500000006752 ], [ -72.962462762999962, 4.638086251000061, 361.367800000007264 ], [ -72.962335045999964, 4.638005111000041, 362.028500000000349 ], [ -72.962207329999956, 4.637923971000021, 362.130499999999302 ], [ -72.962066381999989, 4.637755220000031, 362.001699999993434 ], [ -72.961986778999972, 4.637599206000061, 361.175499999997555 ], [ -72.961893388999954, 4.637349603000075, 361.171400000006543 ], [ -72.9618, 4.6371, 362.430699999997159 ], [ -72.961737295999967, 4.636890986000026, 363.777499999996508 ], [ -72.961674590999962, 4.636681973000066, 363.616200000004028 ], [ -72.961611886999947, 4.636472959000059, 361.94090000000142 ], [ -72.961549182999988, 4.636263946000042, 360.467399999994086 ], [ -72.961479345999976, 4.636031157000048, 361.561799999995856 ], [ -72.961409509999953, 4.635798368000053, 362.679300000003423 ], [ -72.961339672999941, 4.635565578000069, 361.06260000000475 ], [ -72.961269836999975, 4.635332789000074, 358.631899999993038 ], [ -72.9612, 4.6351, 358.319199999998091 ], [ -72.961150569999973, 4.634913017000031, 358.865000000005239 ], [ -72.961101138999936, 4.634726034000039, 359.465700000000652 ], [ -72.961051708999946, 4.634539051000047, 359.747000000003027 ], [ -72.960981175999962, 4.634294, 359.794599999993807 ], [ -72.960910643999966, 4.634048950000022, 359.643200000005891 ], [ -72.960840110999982, 4.633803899000043, 359.01919999999518 ], [ -72.960769578999987, 4.633558849000053, 357.714399999997113 ], [ -72.960706115999983, 4.633343816000036, 355.904999999998836 ], [ -72.960642652999979, 4.633128783000075, 355.080400000006193 ], [ -72.960579190999965, 4.632913750000057, 355.339000000007218 ], [ -72.960515727999962, 4.632698717000039, 356.092699999993783 ], [ -72.960452264999958, 4.632483684000022, 356.433499999999185 ], [ -72.960389198999962, 4.632287763000022, 356.083199999993667 ], [ -72.960326131999977, 4.632091842000023, 355.99989999999525 ], [ -72.960263065999982, 4.631895921000023, 356.0 ], [ -72.9602, 4.6317, 356.0 ], [ -72.960191312999939, 4.63166525400004, 356.0 ], [ -72.960127541999952, 4.631410169000048, 357.109899999995832 ], [ -72.960063770999966, 4.631155084000056, 354.565199999997276 ], [ -72.96, 4.630899999000064, 351.507599999997183 ], [ -72.959875, 4.630675, 350.13300000000163 ], [ -72.95975, 4.63045, 351.728099999992992 ], [ -72.959625, 4.630225001000042, 354.306800000005751 ], [ -72.9595, 4.630000001000042, 352.593699999997625 ], [ -72.959403825999971, 4.629755597000042, 350.592699999993783 ], [ -72.959307652999939, 4.629511193000042, 349.341799999994691 ], [ -72.959211478999975, 4.629266790000031, 349.0 ], [ -72.959115305999944, 4.629022386000031, 349.340700000000652 ], [ -72.959026287999961, 4.628810050000027, 349.252099999997881 ], [ -72.958937269999979, 4.628597715000069, 348.35910000000149 ], [ -72.958818634999943, 4.628398858000025, 346.454199999992852 ], [ -72.9587, 4.6282, 346.0 ], [ -72.958674107999968, 4.62804647400003, 346.272299999996903 ], [ -72.958648215999972, 4.627892949000056, 346.838099999993574 ], [ -72.958565476999979, 4.627695299000038, 345.867299999998068 ], [ -72.958482738999976, 4.627497650000066, 344.705499999996391 ], [ -72.9584, 4.6273, 343.843699999997625 ], [ -72.95825, 4.62715, 342.884000000005472 ], [ -72.9581, 4.627000001000056, 341.481499999994412 ], [ -72.95795, 4.626850001000037, 339.821500000005472 ], [ -72.9578, 4.626700001000074, 339.202000000004773 ], [ -72.957647114999986, 4.626528963000055, 338.319499999997788 ], [ -72.957494230999941, 4.626357924000047, 338.490699999994831 ], [ -72.957341345999964, 4.626186886000028, 338.955300000001444 ], [ -72.957178780999982, 4.626032538000061, 338.989499999996042 ], [ -72.957016215999943, 4.625878191000027, 339.0 ], [ -72.95685365199995, 4.62572384300006, 339.0 ], [ -72.956691086999967, 4.625569495000036, 337.331399999995483 ], [ -72.956545542999947, 4.625434747000043, 336.843399999997928 ], [ -72.9564, 4.625299999000049, 335.873600000006263 ], [ -72.95620142599995, 4.62516435200007, 334.43760000000475 ], [ -72.956002851999983, 4.625028704000044, 332.953099999998813 ], [ -72.955804278999949, 4.624893057000065, 331.552599999995437 ], [ -72.955605704999982, 4.62475740900004, 329.421799999996438 ], [ -72.955407130999959, 4.624621762000061, 328.091700000004494 ], [ -72.955208557999981, 4.624486114000035, 328.38749999999709 ], [ -72.955204, 4.624483, 328.392699999996694 ], [ -72.955055692999963, 4.624421344000041, 328.282600000005914 ], [ -72.954839817999982, 4.624295157000063, 327.185700000001816 ], [ -72.954623942999945, 4.624168969000038, 325.252099999997881 ], [ -72.954408068999953, 4.62404278200006, 324.037100000001374 ], [ -72.954192193999972, 4.623916594000036, 322.932799999995041 ], [ -72.954028128999937, 4.623811063000062, 322.279899999994086 ], [ -72.953864064999948, 4.623705532000031, 321.492199999993318 ], [ -72.9537, 4.623600001000057, 321.645900000003166 ], [ -72.953561504999982, 4.623532587000057, 322.050499999997555 ], [ -72.953423010999984, 4.623465173000056, 320.9091000000044 ], [ -72.953194733999965, 4.623329481000042, 318.948399999993853 ], [ -72.952966457999935, 4.623193789000027, 316.70329999999376 ], [ -72.952738180999972, 4.623058097000069, 313.954400000002352 ], [ -72.952542491999964, 4.622941055000069, 314.049899999998161 ], [ -72.95232275099994, 4.62280899600006, 314.184599999993225 ], [ -72.952103009999973, 4.622676937000051, 313.036600000006729 ], [ -72.95188326899995, 4.622544877000053, 310.907900000005611 ], [ -72.951663527999983, 4.622412818000043, 308.896900000007008 ], [ -72.95144899099995, 4.62228753200003, 307.641799999997602 ], [ -72.951234453999973, 4.622162245000027, 307.024000000004889 ], [ -72.951019917999986, 4.62203695900007, 307.38310000000638 ], [ -72.950805380999952, 4.621911672000067, 307.887400000006892 ], [ -72.950616397999966, 4.621826679000037, 307.691200000001118 ], [ -72.950427414999979, 4.621741685000075, 305.345199999996112 ], [ -72.950238432999981, 4.621656692000045, 304.136499999993248 ], [ -72.950049449999938, 4.621571698000025, 304.085500000001048 ], [ -72.94990493499995, 4.621422389000031, 304.248300000006566 ], [ -72.949760419999961, 4.621273080000037, 303.524699999994482 ], [ -72.94964830899994, 4.621157251000056, 301.958100000003469 ] ] ] } },
{ "type": "Feature", "properties": { "GASODUCTO": "CUSIANA - APIAY - USME", "TRM_RML": "PK65 - Apiay", "TP_DUCTO": "Troncal", "DISTRITO": "4", "DIAMETRO": "10", "TRM_REG": "CUSIANA - APIAY", "ZONA": "3", "PK_INICIO": "065+948", "PK_FIN": "099+168", "LONGITUD": 33.105354313986197, "ANCHO_DDV": "16", "BUFFER": "8" }, "geometry": { "type": "MultiLineString", "coordinates": [ [ [ -73.04699805599995, 4.614197778000062, 385.146500000002561 ], [ -73.046998610999935, 4.614138333000028, 385.053899999998976 ], [ -73.046999721999953, 4.614073056000052, 385.045800000007148 ], [ -73.047000892999961, 4.614019203000055, 385.037299999996321 ], [ -73.047001943999987, 4.613970833000053, 385.027000000001863 ], [ -73.047008055999981, 4.613851111000031, 385.100099999996019 ], [ -73.047010832999945, 4.613806944000032, 385.262900000001537 ], [ -73.047018888999958, 4.613704444000064, 385.64089999999851 ], [ -73.047021110999935, 4.613594444000057, 386.046400000006543 ], [ -73.047022221999953, 4.613484167000024, 386.452999999994063 ], [ -73.04702333299997, 4.613388889000021, 386.804199999998673 ], [ -73.047024721999946, 4.613282778000041, 387.121199999994133 ], [ -73.047026666999955, 4.613172500000076, 387.377299999992829 ], [ -73.047028888999989, 4.613065833000064, 387.631399999998393 ], [ -73.047029166999948, 4.613052778000053, 387.607799999997951 ], [ -73.047036110999954, 4.612943056000063, 387.364600000000792 ], [ -73.047049443999981, 4.612833889000058, 387.106100000004517 ], [ -73.047062499999981, 4.612724444000037, 386.938299999994342 ], [ -73.047073610999973, 4.612628889000064, 386.877200000002631 ], [ -73.047076110999967, 4.612604167000029, 386.865099999995437 ], [ -73.047095, 4.612496389000057, 386.875899999999092 ], [ -73.047124721999978, 4.612390556000037, 386.985300000000279 ], [ -73.047154166999974, 4.612284722000027, 387.081999999994878 ], [ -73.047183055999938, 4.612178333000031, 387.146399999997811 ], [ -73.047212499999944, 4.612072222000052, 387.104999999995925 ], [ -73.047242221999966, 4.611966389000031, 387.020699999993667 ], [ -73.047272499999963, 4.611860556000067, 387.232799999997951 ], [ -73.047303055999976, 4.611754444000042, 387.533400000000256 ], [ -73.047333055999957, 4.611648333000062, 387.696899999995367 ], [ -73.047362777999979, 4.611542222000026, 387.776400000002468 ], [ -73.047391666999943, 4.61143583300003, 387.929099999993923 ], [ -73.04742, 4.611329444000035, 387.55789999999979 ], [ -73.047448610999936, 4.611222778000069, 387.171000000002095 ], [ -73.047477777999973, 4.611116389000074, 387.131999999997788 ], [ -73.047507221999979, 4.611009722000063, 387.350800000000163 ], [ -73.047537499999976, 4.610903333000067, 387.480899999995017 ], [ -73.047567499999957, 4.610796944000072, 388.02730000000156 ], [ -73.047597777999954, 4.610690556000065, 388.442200000004959 ], [ -73.04762055599997, 4.610608611000032, 388.616200000004028 ], [ -73.047650277999935, 4.610502222000036, 388.655100000003586 ], [ -73.047679443999982, 4.610395556000071, 388.84309999999823 ], [ -73.047708332999946, 4.610289167000076, 388.7019 ], [ -73.047712499999989, 4.610274444000027, 388.624200000005658 ], [ -73.047737777999941, 4.610182778000024, 388.069000000003143 ], [ -73.047766943999989, 4.610076389000028, 387.282200000001467 ], [ -73.047796666999943, 4.609970278000048, 386.672099999996135 ], [ -73.047826943999951, 4.609864444000038, 386.058900000003632 ], [ -73.047856943999989, 4.609758889000034, 385.456399999995483 ], [ -73.047886666999943, 4.609652500000038, 385.052500000005239 ], [ -73.047915832999934, 4.609546111000043, 384.904200000004494 ], [ -73.047945277999986, 4.60944, 384.264100000000326 ], [ -73.047975277999967, 4.609333611000068, 383.540599999992992 ], [ -73.048005277999948, 4.609227222000072, 383.191600000005565 ], [ -73.048035, 4.609121111000036, 383.153099999995902 ], [ -73.048064443999976, 4.609015, 383.028900000004796 ], [ -73.048093888999972, 4.608908611000061, 383.180600000006962 ], [ -73.048123055999952, 4.608802222000065, 383.474400000006426 ], [ -73.048152221999942, 4.608696111000029, 383.766699999992852 ], [ -73.04818222199998, 4.60859, 383.877099999997881 ], [ -73.048212221999961, 4.60848388900007, 383.98750000000291 ], [ -73.048242221999942, 4.608377778000033, 384.284899999998743 ], [ -73.04827222199998, 4.608271667000054, 384.676300000006449 ], [ -73.048302499999977, 4.608165556000074, 384.864799999995739 ], [ -73.048332777999974, 4.608059722000064, 384.084099999992759 ], [ -73.048362777999955, 4.607953333000069, 383.299299999998766 ], [ -73.048392499999977, 4.607847222000032, 382.443599999998696 ], [ -73.048421943999983, 4.607740556000067, 381.400399999998626 ], [ -73.048451666999938, 4.607634167000072, 380.262400000006892 ], [ -73.048481666999976, 4.607527778000076, 380.041599999996834 ], [ -73.048511388999941, 4.607421389000024, 379.767500000001746 ], [ -73.048541666999938, 4.607315, 379.52270000000135 ], [ -73.048571943999946, 4.607208611000033, 379.623399999996764 ], [ -73.048602221999943, 4.607102222000037, 379.986499999999069 ], [ -73.048632777999956, 4.606996389000074, 380.0 ], [ -73.048663610999938, 4.60689, 380.0 ], [ -73.048693610999976, 4.606783611000026, 379.671100000006845 ], [ -73.048722221999981, 4.606676667000045, 378.882299999997485 ], [ -73.048751110999945, 4.606569722000074, 378.093399999997928 ], [ -73.048779721999949, 4.606462778000036, 377.728499999997439 ], [ -73.048808888999986, 4.606355833000066, 377.441399999996065 ], [ -73.048838055999965, 4.606248889000028, 377.387600000001839 ], [ -73.048867499999972, 4.606141944000058, 377.71820000000298 ], [ -73.048897499999953, 4.606035, 377.963399999993271 ], [ -73.048928055999966, 4.605928333000065, 377.87949999999546 ], [ -73.048958610999989, 4.60582194400007, 377.811199999996461 ], [ -73.048989166999945, 4.605715278000048, 377.758400000006077 ], [ -73.049019166999983, 4.605608333000021, 377.479699999996228 ], [ -73.049022221999962, 4.605597472000056, 377.446500000005472 ], [ -73.049049166999964, 4.605501667000055, 377.296400000006543 ], [ -73.049079721999988, 4.605395, 377.723599999997532 ], [ -73.049110277999944, 4.605288611000049, 378.159400000004098 ], [ -73.049140832999967, 4.605181944000037, 378.447799999994459 ], [ -73.049163888999942, 4.605100556000025, 378.67960000000312 ], [ -73.049170832999948, 4.605075278000072, 378.740900000004331 ], [ -73.049199721999969, 4.604968611000061, 378.946500000005472 ], [ -73.049228888999949, 4.604862222000065, 379.0 ], [ -73.049257777999969, 4.604755556000043, 379.0 ], [ -73.049286943999959, 4.604649167000048, 379.032399999996414 ], [ -73.049316666999971, 4.604542778000052, 379.511100000003353 ], [ -73.049346666999952, 4.604436389000057, 380.013099999996484 ], [ -73.04937694399996, 4.60433027800002, 380.2158999999956 ], [ -73.049407221999957, 4.604223889000025, 380.15230000000156 ], [ -73.049437221999938, 4.604117500000029, 380.001300000003539 ], [ -73.049466666999933, 4.604011111000034, 380.0 ], [ -73.04949583299998, 4.603904722000038, 380.0 ], [ -73.049525, 4.603798056000073, 380.03179999999702 ], [ -73.049554443999966, 4.603691667000021, 380.041200000006938 ], [ -73.049583888999962, 4.603585278000025, 380.035699999993085 ], [ -73.049611110999933, 4.603486667000027, 380.739799999995739 ], [ -73.049613332999968, 4.603478611000071, 380.800499999997555 ], [ -73.049643055999979, 4.603372222000075, 381.556500000006054 ], [ -73.049672777999945, 4.603266111000039, 382.324699999997392 ], [ -73.049702499999967, 4.603159722000044, 383.309800000002724 ], [ -73.049732499999948, 4.603053056000022, 384.384300000005169 ], [ -73.049762499999986, 4.602946944000053, 384.911099999997532 ], [ -73.049792777999983, 4.602840556000046, 385.373300000006566 ], [ -73.049822777999964, 4.602734167000051, 385.631299999993644 ], [ -73.049851943999954, 4.602627778000056, 385.027600000001257 ], [ -73.04988138899995, 4.60252138900006, 384.347399999998743 ], [ -73.049911110999972, 4.602415, 384.240000000005239 ], [ -73.049941110999953, 4.602308889000028, 384.350500000000466 ], [ -73.04997138899995, 4.602202500000033, 384.526599999997416 ], [ -73.050002221999989, 4.602096667000069, 384.95789999999397 ], [ -73.050032777999945, 4.601991111000075, 385.212100000004284 ], [ -73.050062777999983, 4.601884722000023, 384.969500000006519 ], [ -73.050092777999964, 4.601778333000027, 384.466700000004494 ], [ -73.050122777999945, 4.601671944000032, 384.057100000005448 ], [ -73.050152777999983, 4.601565556000025, 384.335600000005797 ], [ -73.050182499999949, 4.60145916700003, 384.525299999993877 ], [ -73.050212221999971, 4.601352778000035, 384.823099999994156 ], [ -73.050242221999952, 4.601246389000039, 385.234899999995832 ], [ -73.050272499999949, 4.60114, 385.561100000006263 ], [ -73.050302777999946, 4.601033889000064, 385.547200000000885 ], [ -73.050332777999984, 4.600927222000053, 385.346099999995204 ], [ -73.050362499999949, 4.600820833000057, 384.8174 ], [ -73.050392221999971, 4.600714167000035, 383.890499999994063 ], [ -73.050422499999968, 4.60060777800004, 382.994300000005751 ], [ -73.050453055999981, 4.600501389000044, 382.765299999999115 ], [ -73.050483610999947, 4.600395556000024, 382.652799999996205 ], [ -73.05051416699996, 4.600289167000028, 382.530899999997928 ], [ -73.050544166999941, 4.600182778000033, 382.501300000003539 ], [ -73.050574166999979, 4.600076389000037, 382.645000000004075 ], [ -73.05060416699996, 4.59997, 382.790900000007241 ], [ -73.050634166999941, 4.599863889000062, 382.901400000002468 ], [ -73.050664443999949, 4.599757500000067, 383.155299999998533 ], [ -73.050694721999946, 4.59965138900003, 383.937999999994645 ], [ -73.050725555999975, 4.599545556000066, 384.718699999997625 ], [ -73.050756110999941, 4.599439444000041, 385.250700000004144 ], [ -73.050786666999954, 4.59933361100002, 385.64100000000326 ], [ -73.050817499999937, 4.59922750000004, 386.0 ], [ -73.050847499999975, 4.599121389000061, 386.0 ], [ -73.05087722199994, 4.599015278000024, 386.0 ], [ -73.050906943999962, 4.598908889000029, 386.0 ], [ -73.050936666999974, 4.598802778000049, 385.970400000005611 ], [ -73.050966388999939, 4.598696111000038, 385.751600000003236 ], [ -73.050996388999977, 4.59859, 385.824399999997695 ], [ -73.051026666999974, 4.598483889000022, 385.814599999997881 ], [ -73.051056666999955, 4.598377500000026, 385.615999999994528 ], [ -73.051086666999936, 4.598271389000047, 385.374100000000908 ], [ -73.051116388999958, 4.598165278000067, 385.306100000001607 ], [ -73.051146666999955, 4.598058889000072, 384.527499999996508 ], [ -73.051177221999978, 4.597952778000035, 383.632299999997485 ], [ -73.051207777999934, 4.597846667000056, 382.873300000006566 ], [ -73.051238332999958, 4.597740556000076, 382.418900000004214 ], [ -73.051268888999971, 4.597634167000024, 381.875199999994948 ], [ -73.051299166999968, 4.597528333000071, 381.157000000006519 ], [ -73.051329166999949, 4.597421944000075, 380.475200000000768 ], [ -73.051359443999957, 4.597315833000039, 380.0 ], [ -73.051389721999954, 4.597209722000059, 380.0 ], [ -73.05142, 4.597103611000023, 380.0 ], [ -73.05145, 4.596997500000043, 380.232300000003306 ], [ -73.051480277999985, 4.596891389000064, 380.664000000004307 ], [ -73.051510555999982, 4.596785278000027, 381.122099999993225 ], [ -73.051541388999965, 4.596679167000048, 381.136899999997695 ], [ -73.051572499999963, 4.596573333000038, 381.063500000003842 ], [ -73.051578850999988, 4.596551950000048, 381.037800000005518 ], [ -73.05160277799996, 4.596471389000044, 380.802700000000186 ], [ -73.051603888999978, 4.596467500000074, 380.788300000000163 ], [ -73.051635277999935, 4.596361667000053, 380.398000000001048 ], [ -73.051662499999964, 4.596268889000044, 380.055800000001909 ], [ -73.051689443999976, 4.596175833000075, 380.061600000000908 ], [ -73.051719443999957, 4.596069444000022, 380.07060000000638 ], [ -73.051749721999954, 4.595963056000073, 380.0 ], [ -73.051780277999967, 4.595856944000047, 380.0 ], [ -73.05181111099995, 4.595751389000043, 380.0 ], [ -73.051842221999948, 4.595645278000063, 379.840800000005402 ], [ -73.051873610999962, 4.595539444000053, 379.659700000003795 ], [ -73.051905, 4.595433611000033, 379.55439999999362 ], [ -73.051936388999934, 4.595327500000053, 379.278600000005099 ], [ -73.051967221999973, 4.595221667000033, 379.001699999993434 ], [ -73.051997777999986, 4.595115556000053, 379.118600000001607 ], [ -73.052028610999969, 4.595009444000027, 379.657699999996112 ], [ -73.052059443999951, 4.594903611000063, 380.275099999998929 ], [ -73.05209, 4.594797778000043, 380.697799999994459 ], [ -73.052120555999977, 4.594691667000063, 380.939199999993434 ], [ -73.052150832999985, 4.594585556000027, 380.847399999998743 ], [ -73.052180832999966, 4.594479167000031, 380.455000000001746 ], [ -73.052211110999963, 4.594372778000036, 380.06260000000475 ], [ -73.05224138899996, 4.594266667000056, 379.462599999998929 ], [ -73.052271943999983, 4.59416055600002, 378.660699999993085 ], [ -73.052303332999941, 4.594054722000067, 377.959499999997206 ], [ -73.052322499999946, 4.59399, 377.924499999993714 ], [ -73.052334443999939, 4.593948889000046, 377.920100000003004 ], [ -73.052342777999968, 4.593920278000041, 377.924899999998161 ], [ -73.052366666999944, 4.593838333000065, 377.974499999996624 ], [ -73.052397499999984, 4.593732500000044, 378.0 ], [ -73.052428610999982, 4.593626389000065, 378.0 ], [ -73.052458888999979, 4.593520278000028, 377.937699999994948 ], [ -73.052489443999946, 4.593414444000075, 377.745800000004238 ], [ -73.052520277999974, 4.593308333000039, 377.730899999995017 ], [ -73.052551388999973, 4.593202500000075, 377.674199999994016 ], [ -73.052582499999971, 4.593096389000038, 377.234700000000885 ], [ -73.052613888999986, 4.592990556000075, 376.587199999994482 ], [ -73.052645, 4.592884167000022, 375.965800000005402 ], [ -73.052675277999981, 4.592778056000043, 375.351500000004307 ], [ -73.052705277999962, 4.592671667000047, 375.161099999997532 ], [ -73.052735555999959, 4.592565556000068, 375.329500000007101 ], [ -73.052766110999983, 4.592459444000042, 375.495899999994435 ], [ -73.05279638899998, 4.592353333000062, 375.6106 ], [ -73.052826943999946, 4.592247222000026, 375.809800000002724 ], [ -73.052853888999948, 4.592154167000047, 375.816500000000815 ], [ -73.052880832999961, 4.592061389000037, 375.445699999996577 ], [ -73.052911110999958, 4.591955278000057, 375.105100000000675 ], [ -73.05294166699997, 4.591849167000021, 374.362200000003213 ], [ -73.052965555999947, 4.59176750000006, 373.625700000004144 ], [ -73.05299611099997, 4.591665833000036, 372.785600000002887 ], [ -73.053027777999944, 4.591561111000033, 372.316699999995762 ], [ -73.053055832999974, 4.591468333000023, 372.046400000006543 ], [ -73.053087499999947, 4.591363333000061, 371.827799999999115 ], [ -73.053118610999945, 4.59125750000004, 371.552999999999884 ], [ -73.053149721999944, 4.591151667000076, 371.050700000007055 ], [ -73.053181943999959, 4.591046111000026, 370.868900000001304 ], [ -73.053214443999934, 4.590941389000022, 370.956399999995483 ], [ -73.053235555999947, 4.590871944000071, 370.966400000004796 ], [ -73.053266943999972, 4.590766944000052, 370.717900000003283 ], [ -73.053297499999985, 4.590661389000047, 370.404899999994086 ], [ -73.053328610999984, 4.590555833000053, 370.162400000001071 ], [ -73.05336, 4.590450556000064, 369.635200000004261 ], [ -73.053391943999941, 4.590345278000029, 369.048999999999069 ], [ -73.053424166999946, 4.59024, 368.186799999995856 ], [ -73.053456666999978, 4.590134444000057, 367.319099999993341 ], [ -73.053488610999977, 4.590028889000052, 366.639999999999418 ], [ -73.05352, 4.589923333000058, 366.309999999997672 ], [ -73.053551110999933, 4.589817222000022, 366.094100000002072 ], [ -73.053582777999964, 4.589711389000058, 365.87050000000454 ], [ -73.053594166999972, 4.589673889000039, 365.732199999998556 ], [ -73.053625832999955, 4.589568056000076, 365.341899999999441 ], [ -73.053658332999987, 4.589462500000025, 364.989799999995739 ], [ -73.053678888999968, 4.58939444400005, 364.876699999993434 ], [ -73.05371, 4.589288611000029, 364.844200000006822 ], [ -73.05374, 4.589182222000034, 365.003800000005867 ], [ -73.053769443999954, 4.589076111000054, 365.328899999993155 ], [ -73.053800555999942, 4.588970278000033, 365.672500000000582 ], [ -73.053833332999943, 4.588865, 365.864300000001094 ], [ -73.053868332999969, 4.58876, 365.906099999992875 ], [ -73.053903888999969, 4.588655556000049, 365.874800000005052 ], [ -73.053939721999939, 4.588551111000072, 366.239100000006147 ], [ -73.053975555999955, 4.588446667000028, 366.767000000007101 ], [ -73.05401083299995, 4.588341944000035, 367.44890000000305 ], [ -73.054045555999949, 4.588236944000073, 368.146599999992759 ], [ -73.054081110999959, 4.588132500000029, 368.753700000001118 ], [ -73.054121110999972, 4.588029167000059, 368.968599999992875 ], [ -73.054163888999938, 4.587927500000035, 369.052999999999884 ], [ -73.054206110999985, 4.587825278000025, 368.961200000005192 ], [ -73.054208819999985, 4.587818482000046, 368.943700000003446 ], [ -73.054221943999949, 4.587785556000028, 368.851800000004005 ], [ -73.054246110999941, 4.587722500000041, 368.641300000002957 ], [ -73.054284721999977, 4.587619167000071, 368.206000000005588 ], [ -73.054324721999933, 4.58751611100007, 367.884200000000419 ], [ -73.05436694399998, 4.58741416700002, 367.785799999997835 ], [ -73.054411110999979, 4.587312778000069, 367.812000000005355 ], [ -73.054428610999935, 4.587273333000041, 367.887600000001839 ], [ -73.054446666999979, 4.587233333000029, 367.955199999996694 ], [ -73.054453888999944, 4.587217778000024, 367.976599999994505 ], [ -73.05445722199994, 4.587210278000043, 367.985499999995227 ], [ -73.054461110999966, 4.587201944000071, 367.994999999995343 ], [ -73.054474443999936, 4.58717305600004, 368.0 ], [ -73.05452083299997, 4.587072778000049, 368.0 ], [ -73.054567499999962, 4.586972778000074, 368.088699999992969 ], [ -73.05461472199994, 4.586873056000059, 368.334400000007008 ], [ -73.054668610999954, 4.586776944000064, 368.721999999994296 ], [ -73.054726943999981, 4.586683333000053, 368.681899999995949 ], [ -73.054762221999965, 4.58662638900006, 368.438699999998789 ], [ -73.054821388999983, 4.586533333000034, 367.87390000000596 ], [ -73.054882777999978, 4.586441944000057, 367.262600000001839 ], [ -73.054942777999941, 4.586349444000064, 366.699800000002142 ], [ -73.054999443999975, 4.586255, 366.142200000002049 ], [ -73.055055, 4.58616, 366.141300000002957 ], [ -73.05511249999995, 4.586066944000038, 366.168799999999464 ], [ -73.055172221999953, 4.585974444000044, 366.052599999995437 ], [ -73.055231110999955, 4.58588194400005, 366.0 ], [ -73.055288888999939, 4.585788056000069, 366.04670000000624 ], [ -73.055347221999966, 4.585694444000069, 366.262000000002445 ], [ -73.055406110999968, 4.585601111000074, 366.339300000006915 ], [ -73.055465, 4.585508056000037, 366.253899999996065 ], [ -73.055524166999987, 4.585415, 366.0193 ], [ -73.055583610999975, 4.585322222000059, 366.134600000004866 ], [ -73.055642777999935, 4.585229167000023, 366.353000000002794 ], [ -73.055701110999962, 4.585135556000068, 366.568299999998999 ], [ -73.055758888999947, 4.585041389000025, 366.781600000002072 ], [ -73.055816666999988, 4.584947778000071, 366.994800000000396 ], [ -73.055874166999956, 4.584853611000028, 366.989600000000792 ], [ -73.055931943999951, 4.584759722000058, 366.833199999993667 ], [ -73.05599, 4.584665833000031, 366.528300000005402 ], [ -73.056048610999937, 4.584572500000036, 366.048399999999674 ], [ -73.056107777999955, 4.584479444000067, 365.569000000003143 ], [ -73.056166666999957, 4.584386389000031, 365.225600000005215 ], [ -73.056225555999958, 4.584293056000035, 364.881200000003446 ], [ -73.056284166999944, 4.584200278000026, 364.538799999994808 ], [ -73.056342499999971, 4.584106944000041, 364.194399999993038 ], [ -73.056400832999941, 4.58401305600006, 363.826100000005681 ], [ -73.056459166999957, 4.583919722000076, 363.4519 ], [ -73.056517499999984, 4.583826111000064, 362.928799999994226 ], [ -73.056575832999954, 4.583732500000053, 362.368199999997159 ], [ -73.05663416699997, 4.583639167000058, 361.981299999999464 ], [ -73.056692777999956, 4.583545556000047, 361.570999999996275 ], [ -73.056751666999958, 4.583452500000021, 360.887700000006589 ], [ -73.056803610999964, 4.583371389000035, 360.205000000001746 ], [ -73.056855277999944, 4.583289722000075, 359.522200000006706 ], [ -73.056913888999986, 4.583196389000022, 358.631800000002841 ], [ -73.056972221999956, 4.583103056000027, 357.852899999998044 ], [ -73.057014443999947, 4.58303444400002, 357.375400000004447 ], [ -73.05706, 4.582959444000039, 356.983500000002095 ], [ -73.057087499999966, 4.582913889000054, 356.934599999993225 ], [ -73.057144721999975, 4.58282, 356.942699999999604 ], [ -73.05720249999996, 4.582728056000064, 357.011700000002747 ], [ -73.057261666999977, 4.582636111000056, 357.0 ], [ -73.057291666999959, 4.582587778000061, 357.0 ], [ -73.057350277999944, 4.58249416700005, 357.0 ], [ -73.057409166999946, 4.582401111000024, 356.987299999993411 ], [ -73.057467777999989, 4.582307778000029, 357.0 ], [ -73.057526110999959, 4.582213889000059, 357.0 ], [ -73.057585, 4.582120833000033, 357.0 ], [ -73.057644166999978, 4.582027778000054, 357.0 ], [ -73.057702499999948, 4.581934167000043, 357.0 ], [ -73.05776, 4.581840556000031, 356.69210000000021 ], [ -73.057818055999974, 4.581746667000061, 356.299799999993411 ], [ -73.057877221999945, 4.581653611000036, 356.056700000001001 ], [ -73.057936943999948, 4.581560833000026, 356.0 ], [ -73.057996388999982, 4.581467778000047, 356.062200000000303 ], [ -73.058055277999983, 4.581374444000062, 356.486600000003818 ], [ -73.058113055999968, 4.581280556000024, 356.941900000005262 ], [ -73.058171110999979, 4.581186944000024, 357.37039999999979 ], [ -73.058229721999965, 4.581093333000069, 357.803100000004633 ], [ -73.058288055999981, 4.581, 358.11689999999362 ], [ -73.058346943999936, 4.580906667000022, 358.334199999997509 ], [ -73.058405, 4.580812778000052, 358.548500000004424 ], [ -73.058462777999978, 4.580718889000025, 358.454599999997299 ], [ -73.058520832999989, 4.580625, 358.322400000004563 ], [ -73.058579166999948, 4.580531389000043, 358.383700000005774 ], [ -73.058637777999934, 4.580437778000032, 358.330499999996391 ], [ -73.058696388999977, 4.580344444000048, 358.129300000000512 ], [ -73.058755277999978, 4.580251111000052, 357.808199999999488 ], [ -73.058813332999989, 4.580157222000025, 357.697100000004866 ], [ -73.058848764999937, 4.58009936600007, 357.703899999993155 ], [ -73.058857221999972, 4.580085556000029, 357.713799999997718 ], [ -73.058870832999958, 4.580063056000029, 357.7356 ], [ -73.058901110999955, 4.580013333000068, 357.814799999992829 ], [ -73.058959166999955, 4.579919722000056, 358.035799999997835 ], [ -73.059017777999941, 4.579826111000045, 358.133199999996577 ], [ -73.059076666999943, 4.579733056000066, 358.107499999998254 ], [ -73.059135832999971, 4.579639722000024, 357.624500000005355 ], [ -73.059194721999972, 4.579546667000045, 357.029099999999744 ], [ -73.059253610999974, 4.57945333300006, 356.430600000006962 ], [ -73.059312499999976, 4.57936, 355.89770000000135 ], [ -73.059371110999962, 4.579266389000054, 355.076000000000931 ], [ -73.059429721999948, 4.579173056000059, 354.31600000000617 ], [ -73.059488610999949, 4.579079722000074, 353.997700000007171 ], [ -73.059547221999935, 4.578986389000022, 353.529399999999441 ], [ -73.059605555999951, 4.578892778000068, 352.954599999997299 ], [ -73.059663888999978, 4.578799167000057, 352.651800000006915 ], [ -73.059721943999989, 4.578705556000045, 352.070300000006682 ], [ -73.059780555999964, 4.578612222000061, 351.343999999997322 ], [ -73.059838610999975, 4.578520278000042, 351.092799999998533 ], [ -73.059897499999977, 4.578427500000032, 350.956200000000536 ], [ -73.059956110999963, 4.578334444000063, 350.620599999994738 ], [ -73.060014166999963, 4.578242222000029, 350.06600000000617 ], [ -73.060071110999957, 4.578148611000074, 349.510399999999208 ], [ -73.06012777799998, 4.578054444000031, 348.802200000005541 ], [ -73.060185277999949, 4.577960278000035, 348.205400000006193 ], [ -73.060243055999933, 4.577866667000023, 347.946599999995669 ], [ -73.060287499999959, 4.577795278000053, 347.946700000000419 ], [ -73.060345832999985, 4.577702778000059, 348.113800000006449 ], [ -73.060404721999987, 4.577609722000034, 348.134399999995367 ], [ -73.060463610999989, 4.577516111000023, 348.128599999996368 ], [ -73.060522221999975, 4.577422778000027, 348.192800000004354 ], [ -73.060580277999975, 4.577328889000057, 348.106299999999464 ], [ -73.060638332999986, 4.577234722000071, 348.129400000005262 ], [ -73.06069611099997, 4.577140833000044, 348.517600000006496 ], [ -73.060752499999978, 4.577049444000068, 349.092999999993481 ], [ -73.060810832999948, 4.57695555600003, 349.235100000005332 ], [ -73.06086972199995, 4.576862222000045, 349.108099999997648 ], [ -73.060926666999933, 4.576771389000044, 348.983099999997648 ], [ -73.060983888999942, 4.57668, 348.775500000003376 ], [ -73.061040555999966, 4.57658888900005, 348.302400000000489 ], [ -73.061096943999985, 4.576497500000073, 347.687999999994645 ], [ -73.061153888999968, 4.576406389000056, 347.39079999999376 ], [ -73.061210832999961, 4.576315, 347.546300000001793 ], [ -73.061268888999962, 4.576221667000027, 348.020900000003166 ], [ -73.06132527799997, 4.576130556000066, 348.487299999993411 ], [ -73.061380555999961, 4.576041389000068, 348.797000000005937 ], [ -73.061437499999954, 4.575949722000075, 348.975399999995716 ], [ -73.061493332999987, 4.575858889000074, 348.759900000004563 ], [ -73.061549166999953, 4.575767222000025, 348.575599999996484 ], [ -73.061606666999978, 4.575672778000069, 348.439299999998184 ], [ -73.061661388999937, 4.575584444000071, 348.06260000000475 ], [ -73.061718332999988, 4.575492778000068, 347.596300000004703 ], [ -73.061776110999972, 4.575398889000041, 347.116699999998673 ], [ -73.061834443999942, 4.57530527800003, 346.88300000000163 ], [ -73.061892777999958, 4.57521138900006, 346.468699999997625 ], [ -73.061951110999985, 4.575117778000049, 345.757299999997485 ], [ -73.062009443999955, 4.575024167000038, 344.974300000001676 ], [ -73.062068055999987, 4.574930556000027, 344.334499999997206 ], [ -73.062126666999973, 4.574837222000042, 344.0 ], [ -73.062185555999974, 4.574743889000047, 344.0 ], [ -73.06224416699996, 4.574650556000051, 344.0 ], [ -73.062302499999987, 4.574557222000067, 344.04309999999532 ], [ -73.062361388999989, 4.574464167000031, 344.327699999994365 ], [ -73.062419166999973, 4.574372500000038, 344.460000000006403 ], [ -73.062453888999983, 4.574317222000047, 344.470499999995809 ], [ -73.062511666999967, 4.574223056000051, 344.293399999995017 ], [ -73.062570277999953, 4.57412944400005, 344.077099999994971 ], [ -73.06262861099998, 4.574035556000069, 343.732399999993504 ], [ -73.062686388999964, 4.573941667000042, 343.09309999999823 ], [ -73.062710555999956, 4.573903889000064, 342.864799999995739 ], [ -73.062769443999969, 4.573810556000069, 342.410900000002584 ], [ -73.062828055999944, 4.573716667000042, 342.107399999993504 ], [ -73.062886110999955, 4.573623611000073, 342.1299 ], [ -73.062944443999982, 4.57353, 342.760200000004261 ], [ -73.063002777999941, 4.573436111000035, 343.651500000007218 ], [ -73.063060832999952, 4.573342500000024, 344.58629999999539 ], [ -73.063119166999968, 4.573248611000054, 345.674100000003818 ], [ -73.063177499999938, 4.573155, 346.222899999993388 ], [ -73.063235832999965, 4.573061389000031, 346.393299999996088 ], [ -73.063294166999981, 4.57296777800002, 346.563800000003539 ], [ -73.063352777999967, 4.572874167000066, 346.121799999993527 ], [ -73.063411110999937, 4.572780278000039, 345.059500000003027 ], [ -73.063469721999979, 4.572686944000054, 343.98080000000482 ], [ -73.063528332999965, 4.572593333000043, 343.955199999996694 ], [ -73.063586666999981, 4.572499722000032, 343.960399999996298 ], [ -73.063617627999975, 4.572449849000066, 343.901500000007218 ], [ -73.063643055999989, 4.57240888900003, 343.821599999995669 ], [ -73.06368638899994, 4.572338056000035, 344.042700000005425 ], [ -73.063700555999958, 4.572315278000076, 344.094899999996414 ], [ -73.06375666699995, 4.572224167000059, 344.302100000000792 ], [ -73.063815, 4.572130833000074, 344.517399999996996 ], [ -73.063872777999961, 4.57203666700002, 344.823199999998906 ], [ -73.06393, 4.571942500000034, 344.982000000003609 ], [ -73.063986943999964, 4.571847778000063, 344.462899999998626 ], [ -73.064044721999949, 4.571753889000036, 343.130199999999604 ], [ -73.064103055999965, 4.571660278000024, 341.793399999995017 ], [ -73.064161388999935, 4.571567500000072, 340.506999999997788 ], [ -73.064221110999938, 4.571475, 339.5512000000017 ], [ -73.064280832999941, 4.571382222000068, 338.767900000006193 ], [ -73.064309721999962, 4.571336944000052, 338.387600000001839 ], [ -73.064369166999938, 4.571243889000073, 337.874200000005658 ], [ -73.06442805599994, 4.571150556000021, 337.439400000002934 ], [ -73.064486943999952, 4.571057222000036, 337.004700000004959 ], [ -73.064545832999954, 4.570963889000041, 336.785000000003492 ], [ -73.064579166999977, 4.570911389000059, 336.661900000006426 ], [ -73.06460444399994, 4.570870833000072, 336.568599999998696 ], [ -73.064633888999936, 4.570823611000037, 336.459900000001653 ], [ -73.064692221999962, 4.570730278000042, 336.164399999994203 ], [ -73.064751666999939, 4.570637500000032, 335.999700000000303 ], [ -73.064811110999983, 4.570544444000063, 336.359299999996438 ], [ -73.06487, 4.570451111000068, 336.709000000002561 ], [ -73.064928888999987, 4.570357778000073, 337.058199999999488 ], [ -73.064967499999966, 4.570296667000036, 337.368499999996857 ], [ -73.065026666999984, 4.570203611000068, 337.971900000004098 ], [ -73.06508527799997, 4.570111667000049, 338.526700000002165 ], [ -73.065143888999955, 4.570018333000064, 338.933600000003935 ], [ -73.0652, 4.569927778000022, 339.226999999998952 ], [ -73.065258055999948, 4.569833889000051, 339.36359999999695 ], [ -73.065316110999959, 4.56974, 339.309200000003329 ], [ -73.065374166999959, 4.56964638900007, 339.456099999995786 ], [ -73.065432499999986, 4.569552500000043, 339.478300000002491 ], [ -73.065478610999946, 4.569478056000037, 339.283500000005006 ], [ -73.065536943999973, 4.569384167000067, 339.0 ], [ -73.065595277999989, 4.569290556000055, 339.177500000005239 ], [ -73.065653332999943, 4.569196944000055, 339.606100000004517 ], [ -73.06571166699996, 4.569103056000074, 339.874700000000303 ], [ -73.065741388999982, 4.569054722000033, 339.998300000006566 ], [ -73.06576972199997, 4.569009444000073, 340.190700000006473 ], [ -73.065826666999953, 4.56891805600003, 340.788499999995111 ], [ -73.065885555999955, 4.568824444000029, 340.282300000006217 ], [ -73.065944166999941, 4.56873138900005, 339.207599999994272 ], [ -73.066003332999969, 4.568638056000054, 338.2788 ], [ -73.066059721999977, 4.568549444000041, 337.114300000001094 ], [ -73.066066388999957, 4.568538611000065, 336.952699999994365 ], [ -73.066121943999974, 4.568448611000065, 335.640299999999115 ], [ -73.066180277999933, 4.568355, 334.250499999994645 ], [ -73.066238332999944, 4.568263333000061, 334.123399999996764 ], [ -73.066297221999946, 4.56817, 334.415500000002794 ], [ -73.066354721999971, 4.568077778000031, 334.848700000002282 ], [ -73.066413055999988, 4.56798416700002, 335.03190000000177 ], [ -73.066471666999973, 4.567890833000035, 335.207599999994272 ], [ -73.066530555999975, 4.567797222000024, 335.533899999994901 ], [ -73.066588888999945, 4.56770361100007, 335.343500000002678 ], [ -73.066647221999972, 4.56761, 335.275099999998929 ], [ -73.066705, 4.567516111000032, 335.326600000000326 ], [ -73.066762777999941, 4.567421944000046, 335.201700000005076 ], [ -73.066821110999967, 4.56732861100005, 335.234800000005635 ], [ -73.066879166999968, 4.567234722000023, 335.297099999996135 ], [ -73.066936666999936, 4.567140833000053, 334.910900000002584 ], [ -73.066993055999944, 4.56704916700005, 334.689599999997881 ], [ -73.067051388999971, 4.566955556000039, 334.676500000001397 ], [ -73.067110277999973, 4.566861667000069, 334.68760000000475 ], [ -73.067169443999944, 4.566768611000043, 334.408599999995204 ], [ -73.067228610999962, 4.566675556000064, 334.213099999993574 ], [ -73.067288055999938, 4.566582222000022, 334.383300000001327 ], [ -73.067346666999981, 4.566488889000027, 334.395699999993667 ], [ -73.067405277999967, 4.566395278000073, 334.4663 ], [ -73.067463332999978, 4.566301389000046, 334.95230000000447 ], [ -73.067520555999977, 4.56620722200006, 335.252600000007078 ], [ -73.067577777999986, 4.566112778000047, 335.526400000002468 ], [ -73.067635, 4.566019444000062, 335.826600000000326 ], [ -73.067693332999966, 4.565925833000051, 335.981899999998859 ], [ -73.067751388999966, 4.565831944000024, 335.213099999993574 ], [ -73.06781, 4.565738611000029, 334.032000000006519 ], [ -73.067868610999938, 4.565645278000034, 333.14890000000014 ], [ -73.06792722199998, 4.565551667000022, 332.372499999997672 ], [ -73.067985277999981, 4.565457778000052, 331.707099999999627 ], [ -73.068043055999965, 4.565363889000025, 331.189199999993434 ], [ -73.068100555999933, 4.56527, 330.817699999999604 ], [ -73.068158610999944, 4.565176389000044, 330.598100000002887 ], [ -73.068216666999945, 4.565083056000049, 330.528200000000652 ], [ -73.06827444399994, 4.564990278000039, 330.612399999998161 ], [ -73.06833249999994, 4.564896944000054, 330.311799999995856 ], [ -73.068390832999967, 4.564803889000075, 329.968399999997928 ], [ -73.068448610999951, 4.564709722000032, 329.620999999999185 ], [ -73.068449166999983, 4.564709167000046, 329.618900000001304 ], [ -73.068506110999976, 4.564615556000035, 329.273499999995693 ], [ -73.068527888999938, 4.564580167000031, 329.142900000006193 ], [ -73.068563888999961, 4.564521667000065, 328.930500000002212 ], [ -73.068621666999945, 4.564427500000022, 328.688800000003539 ], [ -73.06867944399994, 4.564333333000036, 328.595400000005611 ], [ -73.068737221999982, 4.564239444000066, 328.764699999999721 ], [ -73.068796666999958, 4.56414638900003, 329.320200000001932 ], [ -73.068856943999947, 4.56405361100002, 330.056500000006054 ], [ -73.068915832999949, 4.56396055600004, 330.641699999992852 ], [ -73.068973888999949, 4.56386666700007, 330.845600000000559 ], [ -73.069031666999933, 4.563772778000043, 330.899900000003981 ], [ -73.069089721999944, 4.563678889000073, 330.98750000000291 ], [ -73.069147499999985, 4.563585, 331.200800000005984 ], [ -73.069204721999938, 4.56349083300006, 331.411999999996624 ], [ -73.06923722199997, 4.563436944000046, 331.496700000003329 ], [ -73.069294166999953, 4.563342222000074, 331.632500000006985 ], [ -73.069351110999946, 4.563247778000061, 331.915399999998044 ], [ -73.069408610999972, 4.563153611000075, 331.879199999995762 ], [ -73.069467499999973, 4.563060278000023, 331.534799999993993 ], [ -73.069526666999934, 4.562967222000054, 331.191500000000815 ], [ -73.069585555999936, 4.562873889000059, 330.694199999998091 ], [ -73.069643610999947, 4.56278, 330.017300000006799 ], [ -73.069700832999956, 4.562685556000076, 329.510500000003958 ], [ -73.069758055999955, 4.562591111000074, 329.25810000000638 ], [ -73.069815277999965, 4.562496944000031, 329.121899999998277 ], [ -73.069872777999933, 4.562402778000035, 328.986600000003818 ], [ -73.069911666999985, 4.562339444000031, 328.915200000003097 ], [ -73.06997, 4.56224555600005, 328.890499999994063 ], [ -73.070028055999956, 4.562152222000066, 328.718399999997928 ], [ -73.070058610999979, 4.562103056000069, 328.568299999998999 ], [ -73.070065832999944, 4.562091389000045, 328.550300000002608 ], [ -73.070077499999968, 4.562072778000072, 328.524699999994482 ], [ -73.070117499999981, 4.562009444000068, 328.43859999999404 ], [ -73.070176666999942, 4.561916389000032, 328.313699999998789 ], [ -73.070233610999935, 4.561826389000032, 328.213600000002771 ], [ -73.07029111099996, 4.561732222000046, 328.576300000000629 ], [ -73.070347777999984, 4.561637500000074, 329.082399999999325 ], [ -73.07037749999995, 4.561587778000046, 329.406499999997322 ], [ -73.070434443999943, 4.56149361100006, 329.66830000000482 ], [ -73.070491943999968, 4.561399167000047, 329.40570000000298 ], [ -73.070549443999937, 4.56130527800002, 329.059200000003329 ], [ -73.070606666999936, 4.561210833000075, 328.42149999999674 ], [ -73.070664443999988, 4.561116944000048, 327.728700000006938 ], [ -73.070721943999956, 4.561022778000051, 327.058099999994738 ], [ -73.070779166999955, 4.560928333000049, 326.7837 ], [ -73.070836388999965, 4.560833889000037, 326.509200000000419 ], [ -73.070893332999958, 4.560739444000035, 326.261199999993551 ], [ -73.070950832999984, 4.560645, 326.337199999994482 ], [ -73.070991943999957, 4.560578056000054, 326.396999999997206 ], [ -73.071049721999941, 4.560484167000027, 326.480299999995623 ], [ -73.071107499999982, 4.56039, 326.552800000004936 ], [ -73.071165277999967, 4.560295833000055, 326.631899999993038 ], [ -73.071222777999935, 4.560201667000058, 326.710699999995995 ], [ -73.071280555999977, 4.560107778000031, 326.566600000005565 ], [ -73.071338055999945, 4.560013889000061, 326.00789999999688 ], [ -73.071396110999956, 4.559919722000075, 325.499299999995856 ], [ -73.071447499999977, 4.559837778000031, 325.309599999993225 ], [ -73.071506110999962, 4.559744167000076, 325.093299999993178 ], [ -73.071563888999947, 4.55965, 324.831600000004983 ], [ -73.071621666999988, 4.559555833000047, 324.270900000003166 ], [ -73.071678888999941, 4.559461389000035, 323.711200000005192 ], [ -73.071735555999965, 4.559366944000033, 323.316300000005867 ], [ -73.071782499999983, 4.559289167000031, 323.425099999993108 ], [ -73.07179333299996, 4.55927138900006, 323.463699999992969 ], [ -73.071844166999938, 4.559188611000025, 323.750799999994342 ], [ -73.071850555999958, 4.559178333000034, 323.78870000000461 ], [ -73.071908610999969, 4.559084722000023, 324.0 ], [ -73.071967221999955, 4.558991389000028, 324.0 ], [ -73.072025277999956, 4.558897778000073, 324.0 ], [ -73.072082777999981, 4.55880361100003, 323.79330000000482 ], [ -73.072140277999949, 4.558709444000044, 323.233600000006845 ], [ -73.072197777999975, 4.558615278000048, 322.673999999999069 ], [ -73.072251388999973, 4.558528056000057, 322.154200000004494 ], [ -73.072308888999942, 4.55843416700003, 321.595600000000559 ], [ -73.072366388999967, 4.55834, 321.118000000002212 ], [ -73.072423888999936, 4.558246111000074, 320.771599999992759 ], [ -73.072481666999977, 4.558151944000031, 320.424199999994016 ], [ -73.072539721999988, 4.55805805600005, 320.077699999994365 ], [ -73.072595277999937, 4.557967500000075, 320.018700000000536 ], [ -73.072653332999948, 4.557873611000048, 320.056100000001607 ], [ -73.072710555999947, 4.557779167000035, 320.017200000002049 ], [ -73.072766666999939, 4.557687778000059, 320.0 ], [ -73.072824443999934, 4.557593611000073, 320.0 ], [ -73.072882499999935, 4.557499722000045, 320.0 ], [ -73.072940555999935, 4.557406111000034, 319.34440000000177 ], [ -73.072998332999987, 4.557311944000048, 318.649499999999534 ], [ -73.073053332999962, 4.557221389000063, 317.990600000004633 ], [ -73.073074357999985, 4.557186348000073, 317.861300000004121 ], [ -73.07311, 4.557126944000061, 317.642099999997299 ], [ -73.073143055999935, 4.557072222000045, 317.440199999997276 ], [ -73.073164721999945, 4.557035833000043, 317.305999999996857 ], [ -73.073221666999984, 4.556941944000073, 316.928799999994226 ], [ -73.073279443999979, 4.556848333000062, 316.402799999996205 ], [ -73.073335555999961, 4.556758611000021, 316.039000000004307 ], [ -73.073393888999988, 4.556665278000025, 315.752299999992829 ], [ -73.07345111099994, 4.556571111000039, 315.198199999998906 ], [ -73.073504166999953, 4.556482222000056, 314.393100000001141 ], [ -73.073515555999961, 4.556463611000027, 314.191399999996065 ], [ -73.073563332999981, 4.556381944000066, 313.126199999998789 ], [ -73.073619721999933, 4.556287222000037, 311.599799999996321 ], [ -73.073676943999942, 4.556193333000067, 309.934399999998277 ], [ -73.073734443999967, 4.5561, 308.431299999996554 ], [ -73.073790832999975, 4.556009722000056, 307.242800000007264 ], [ -73.073847499999943, 4.555921111000032, 306.21490000000631 ], [ -73.073906110999985, 4.555828889000054, 305.470799999995506 ], [ -73.073948610999935, 4.555759444000046, 305.115200000000186 ], [ -73.074001666999948, 4.555668333000028, 304.43300000000454 ], [ -73.074056666999979, 4.555576944000052, 303.370899999994435 ], [ -73.074111943999981, 4.555484444000058, 301.801600000006147 ], [ -73.074167221999971, 4.55539, 300.203800000002957 ], [ -73.074181388999989, 4.555365833000053, 299.794800000003306 ], [ -73.074238332999983, 4.555271944000026, 298.20230000000447 ], [ -73.074296666999942, 4.555178333000072, 296.621700000003329 ], [ -73.074354166999967, 4.555084722000061, 295.337799999993877 ], [ -73.074411110999961, 4.554990833000033, 294.698399999993853 ], [ -73.07446833299997, 4.554896667000037, 294.012900000001537 ], [ -73.074525555999969, 4.554802500000051, 293.075700000001234 ], [ -73.074582777999979, 4.554708333000065, 292.454899999996996 ], [ -73.074640277999947, 4.554614167000068, 291.895199999999022 ], [ -73.074696388999939, 4.55451944400005, 291.338600000002771 ], [ -73.074753888999965, 4.554425278000053, 290.778900000004796 ], [ -73.074812777999966, 4.554331944000069, 290.329299999997602 ], [ -73.074871110999936, 4.554238889000032, 290.0 ], [ -73.074929166999937, 4.554145, 290.0 ], [ -73.074986388999946, 4.554050833000076, 290.0 ], [ -73.075042777999954, 4.553956389000064, 290.117199999993318 ], [ -73.075099443999989, 4.553861667000035, 290.742599999997765 ], [ -73.075156943999957, 4.553767778000065, 291.216799999994691 ], [ -73.075215277999973, 4.553674167000054, 291.558300000004238 ], [ -73.075274166999975, 4.553581111000028, 291.985400000005029 ], [ -73.075333332999946, 4.553488056000049, 292.583400000003166 ], [ -73.075392221999948, 4.553395, 292.904299999994691 ], [ -73.075450555999964, 4.553301389000069, 292.747499999997672 ], [ -73.075508610999975, 4.553208056000074, 292.738899999996647 ], [ -73.075566666999975, 4.553114167000047, 292.912200000006123 ], [ -73.07562444399997, 4.55302, 293.052899999995134 ], [ -73.075682221999955, 4.552925833000074, 293.045400000002701 ], [ -73.075714166999944, 4.552873611000052, 292.97729999999865 ], [ -73.075723332999985, 4.552858333000074, 292.94890000000305 ], [ -73.075739443999964, 4.552831944000047, 292.890599999998813 ], [ -73.075796666999963, 4.552737500000035, 292.588000000003376 ], [ -73.075853610999957, 4.552643056000022, 292.139100000000326 ], [ -73.075908888999948, 4.552551944000072, 292.0 ], [ -73.075966110999957, 4.552457778000075, 292.0 ], [ -73.076023610999982, 4.552363889000048, 292.0 ], [ -73.076081943999952, 4.552270278000037, 292.0 ], [ -73.076138055999934, 4.552179722000062, 292.001600000003236 ], [ -73.076196110999945, 4.552085833000035, 292.009099999995669 ], [ -73.07625361099997, 4.551991667000038, 292.43739999999525 ], [ -73.076310555999953, 4.551897222000036, 293.073499999998603 ], [ -73.076368055999978, 4.551802778000024, 293.856199999994715 ], [ -73.076425555999947, 4.551708611000038, 294.438399999999092 ], [ -73.076482777999956, 4.551614722000068, 295.165800000002491 ], [ -73.076539166999964, 4.55152, 295.96940000000177 ], [ -73.076596110999958, 4.551425556000027, 296.38980000000447 ], [ -73.076653332999967, 4.551331111000025, 296.812200000000303 ], [ -73.076710832999936, 4.551236944000038, 297.225999999995111 ], [ -73.076769166999952, 4.551143056000058, 297.521599999992759 ], [ -73.076828055999954, 4.551049722000073, 297.67160000000149 ], [ -73.076886388999981, 4.550956111000062, 297.833899999997811 ], [ -73.076944166999965, 4.550862222000035, 298.433499999999185 ], [ -73.076999443999966, 4.550771667000049, 298.990900000004331 ], [ -73.077054443999941, 4.550679722000041, 299.296900000001187 ], [ -73.077111388999981, 4.550585, 299.396999999997206 ], [ -73.077168332999975, 4.550490556000057, 299.64419999999518 ], [ -73.077225277999958, 4.550395833000039, 299.615499999999884 ], [ -73.077281110999934, 4.550303611000061, 299.050900000002002 ], [ -73.07733583299995, 4.550213056000075, 298.632700000001932 ], [ -73.077392777999989, 4.550118333000057, 298.635500000003958 ], [ -73.077449721999983, 4.550023889000045, 298.845700000005309 ], [ -73.077504721999958, 4.549933611000029, 299.048699999999371 ], [ -73.077561943999967, 4.549839167000073, 299.324399999997695 ], [ -73.07761888899995, 4.549745, 299.75 ], [ -73.07767611099996, 4.549650556000074, 300.324399999997695 ], [ -73.077733610999985, 4.549556389000031, 300.756299999993644 ], [ -73.077790832999938, 4.549462222000045, 301.104800000000978 ], [ -73.077843332999976, 4.549375833000056, 301.298599999994622 ], [ -73.077848055999937, 4.549368056000048, 301.316099999996368 ], [ -73.077855036999949, 4.549356819000025, 301.314199999993434 ], [ -73.077906388999963, 4.549274167000021, 301.1987999999983 ], [ -73.077966110999967, 4.549181389000069, 301.077000000004773 ], [ -73.078022221999959, 4.549091667000027, 300.959000000002561 ], [ -73.078078332999951, 4.548997500000041, 301.0 ], [ -73.078131943999949, 4.548905833000049, 301.0 ], [ -73.078188610999973, 4.54881111100002, 301.082200000004377 ], [ -73.078244721999965, 4.54872, 301.75460000000021 ], [ -73.078300832999957, 4.548628611000026, 302.429000000003725 ], [ -73.078358610999942, 4.54853444400004, 303.200700000001234 ], [ -73.078416666999942, 4.54844055600006, 303.414999999993597 ], [ -73.078474721999953, 4.548346667000033, 303.629300000000512 ], [ -73.078531666999936, 4.548253333000048, 303.672999999995227 ], [ -73.078588610999986, 4.548158889000035, 303.1987999999983 ], [ -73.078643332999945, 4.54806833300006, 303.081600000004983 ], [ -73.078700832999971, 4.547974167000064, 303.33169999999518 ], [ -73.078758610999955, 4.547880556000052, 303.710099999996601 ], [ -73.078816110999981, 4.547786389000066, 303.937099999995553 ], [ -73.078871943999957, 4.547695, 304.080300000001444 ], [ -73.078929443999982, 4.547600833000047, 304.151800000006915 ], [ -73.078986666999981, 4.547506389000034, 304.075200000006589 ], [ -73.079041110999981, 4.547415556000033, 303.946700000000419 ], [ -73.079098332999934, 4.547321111000031, 303.962899999998626 ], [ -73.079153055999939, 4.547230556000045, 304.249400000000605 ], [ -73.079193055999951, 4.547165278000023, 304.497700000007171 ], [ -73.079250555999977, 4.547071111000037, 304.531300000002375 ], [ -73.079308055999945, 4.546976667000024, 304.268400000000838 ], [ -73.079365555999971, 4.546882500000038, 303.85580000000482 ], [ -73.079423332999966, 4.546788611000068, 303.888900000005378 ], [ -73.079480277999949, 4.546694167000055, 304.171000000002095 ], [ -73.079536943999983, 4.546599722000053, 304.921100000006845 ], [ -73.079594166999982, 4.546505278000041, 305.677100000000792 ], [ -73.079650277999974, 4.546413333000032, 305.989400000005844 ], [ -73.079707499999984, 4.546318611000061, 305.481799999994109 ], [ -73.079765, 4.546224444000075, 304.600300000005518 ], [ -73.079820555999959, 4.546133889000032, 303.61250000000291 ], [ -73.079877777999968, 4.54603944400003, 303.573300000003655 ], [ -73.079934721999962, 4.545944722000058, 304.2644 ], [ -73.079991666999945, 4.545850278000046, 305.380900000003749 ], [ -73.080048332999979, 4.545756389000076, 306.324399999997695 ], [ -73.08010361099997, 4.545663611000066, 307.358200000002398 ], [ -73.080158610999945, 4.545572778000064, 308.515400000003865 ], [ -73.08021611099997, 4.545478056000036, 308.680300000007264 ], [ -73.080258610999977, 4.545409722000045, 308.53530000000319 ], [ -73.080267499999934, 4.545395278000058, 308.514500000004773 ], [ -73.080325277999975, 4.545301111000072, 308.464399999997113 ], [ -73.080381943999953, 4.545207778000076, 307.548899999994319 ], [ -73.080438055999934, 4.545115556000042, 306.762799999996787 ], [ -73.080494443999953, 4.545021944000041, 306.104699999996228 ], [ -73.080551388999936, 4.544927500000028, 306.555999999996857 ], [ -73.080608332999986, 4.544832778000057, 306.861399999994319 ], [ -73.080665, 4.544737778000069, 307.120800000004238 ], [ -73.080720832999987, 4.544642778000025, 307.808399999994435 ], [ -73.080776666999952, 4.544547500000022, 308.418900000004214 ], [ -73.080831666999984, 4.544451944000059, 308.586899999994785 ], [ -73.080886388999943, 4.54435611100007, 308.244399999995949 ], [ -73.080940277999957, 4.544259722000049, 308.044699999998556 ], [ -73.08099361099994, 4.544163056000059, 307.618100000006962 ], [ -73.081046666999953, 4.544066111000063, 306.9146999999939 ], [ -73.081098332999943, 4.543968611000025, 306.439199999993434 ], [ -73.081146943999954, 4.543869444000052, 306.353600000002189 ], [ -73.081195277999939, 4.54377, 306.460099999996601 ], [ -73.081243332999975, 4.543670833000022, 306.690700000006473 ], [ -73.081292221999945, 4.543571944000064, 306.638999999995576 ], [ -73.081341943999973, 4.543473333000065, 306.420499999992899 ], [ -73.081390832999944, 4.543374444000051, 306.091599999999744 ], [ -73.08143611099996, 4.543275278000067, 305.161200000002282 ], [ -73.081481666999935, 4.543175, 304.219500000006519 ], [ -73.081527777999952, 4.543074722000028, 303.485700000004726 ], [ -73.081573610999953, 4.542974444000038, 302.95329999999376 ], [ -73.081598622999934, 4.542920052000056, 302.729300000006333 ], [ -73.081619721999971, 4.542874167000036, 302.569099999993341 ], [ -73.081665832999988, 4.542773889000046, 302.497900000002119 ], [ -73.081711666999979, 4.542673611000055, 302.466100000005099 ], [ -73.081757499999981, 4.542573056000037, 302.462100000004284 ], [ -73.08180277799994, 4.542472222000072, 302.470799999995506 ], [ -73.081848610999941, 4.542371944000024, 302.201600000000326 ], [ -73.081895277999934, 4.542271944000049, 301.832699999999022 ], [ -73.081942499999968, 4.542171944000074, 301.463799999997718 ], [ -73.081989166999961, 4.542071944000043, 301.094899999996414 ], [ -73.082035277999978, 4.541972222000027, 301.0 ], [ -73.082064381999942, 4.541908557000056, 301.0 ], [ -73.082066388999976, 4.541904167000041, 301.0 ], [ -73.082080832999964, 4.541872500000068, 301.0 ], [ -73.082125832999964, 4.541772778000052, 301.0 ], [ -73.082171666999955, 4.54167277800002, 301.0 ], [ -73.082217499999956, 4.541572500000029, 301.0 ], [ -73.082263332999958, 4.541472500000054, 301.0 ], [ -73.082308055999988, 4.541375833000075, 301.0 ], [ -73.082354443999975, 4.541276111000059, 301.0 ], [ -73.082400555999982, 4.541175833000068, 300.672300000005635 ], [ -73.082444443999975, 4.541078889000062, 300.152799999996205 ], [ -73.082488888999933, 4.540978333000055, 299.618000000002212 ], [ -73.082534166999949, 4.540877778000038, 299.080000000001746 ], [ -73.082579721999934, 4.540777500000047, 298.54210000000603 ], [ -73.082625, 4.540676667000071, 298.000199999994948 ], [ -73.082670555999982, 4.540576111000064, 297.559599999993225 ], [ -73.082716388999984, 4.540475833000073, 297.372099999993225 ], [ -73.082761943999969, 4.540375556000072, 297.449800000002142 ], [ -73.082807499999944, 4.540275, 297.617899999997462 ], [ -73.082853055999976, 4.540174444000058, 297.785900000002584 ], [ -73.082898610999962, 4.540073889000041, 298.242400000002817 ], [ -73.082944166999937, 4.539973333000034, 298.689799999992829 ], [ -73.082988332999946, 4.539876667000044, 299.005600000004051 ], [ -73.083009166999943, 4.539831111000069, 299.28070000000298 ], [ -73.083017499999983, 4.539812222000023, 299.387400000006892 ], [ -73.083033888999978, 4.539776389000053, 299.577399999994668 ], [ -73.083078332999946, 4.539679722000074, 300.009399999995367 ], [ -73.08312194399997, 4.53958555600002, 300.239499999996042 ], [ -73.083166666999944, 4.539488056000039, 300.082399999999325 ], [ -73.083212777999961, 4.539387778000048, 299.887199999997392 ], [ -73.083258055999977, 4.539288611000075, 299.499400000000605 ], [ -73.083303888999978, 4.539188333000027, 298.765199999994365 ], [ -73.083349443999964, 4.539087778000066, 297.906300000002375 ], [ -73.08339472199998, 4.538986944000044, 296.861499999999069 ], [ -73.083440277999955, 4.538886389000027, 295.783599999995204 ], [ -73.083485832999941, 4.53878583300002, 295.143899999995483 ], [ -73.083531666999988, 4.538685278000059, 295.572100000004866 ], [ -73.083576110999957, 4.538587778000021, 295.867499999993015 ], [ -73.083622221999974, 4.538487500000031, 296.048200000004726 ], [ -73.083668055999965, 4.538387500000056, 296.103300000002491 ], [ -73.083698332999973, 4.538321667000048, 296.071200000005774 ], [ -73.083744166999963, 4.538221389000057, 296.0 ], [ -73.083789721999949, 4.53812083300005, 296.0 ], [ -73.083835, 4.53802, 296.0 ], [ -73.08388055599994, 4.537919444000067, 296.317999999999302 ], [ -73.083925832999967, 4.537819722000052, 296.743199999997159 ], [ -73.083971666999958, 4.537719167000034, 297.046799999996438 ], [ -73.084017499999959, 4.537618611000028, 297.0 ], [ -73.084063055999934, 4.537518056000067, 297.0 ], [ -73.084107499999959, 4.53742027800007, 296.870699999999488 ], [ -73.084151388999942, 4.537321944000041, 296.145199999999022 ], [ -73.084195555999941, 4.537224167000034, 295.423800000004121 ], [ -73.084240832999967, 4.537123333000068, 294.679900000002817 ], [ -73.084286388999942, 4.53702277800005, 294.122199999997974 ], [ -73.084330832999967, 4.536925278000069, 293.902900000000955 ], [ -73.084376388999942, 4.536828056000047, 294.362699999997858 ], [ -73.084423055999935, 4.536728056000072, 294.992299999998068 ], [ -73.084470277999969, 4.536628333000067, 295.498699999996461 ], [ -73.084516943999972, 4.536528333000035, 296.201499999995576 ], [ -73.084563055999979, 4.53642833300006, 296.749599999995553 ], [ -73.084608055999979, 4.536327500000027, 296.975099999996019 ], [ -73.084652499999947, 4.53622694400002, 296.802400000000489 ], [ -73.084696388999987, 4.53612916700007, 296.51579999999376 ], [ -73.084741388999987, 4.536028611000063, 296.050499999997555 ], [ -73.084786666999946, 4.535928056000046, 295.512600000001839 ], [ -73.084832499999948, 4.535827778000055, 295.224499999996624 ], [ -73.084878610999965, 4.535727222000048, 295.514500000004773 ], [ -73.08492416699994, 4.535626944000057, 295.850500000000466 ], [ -73.084969721999983, 4.53552638900004, 296.156300000002375 ], [ -73.085015277999958, 4.535426944000051, 296.204500000007101 ], [ -73.085061110999959, 4.535326667000049, 296.127800000002026 ], [ -73.085107221999976, 4.535226111000043, 295.682499999995343 ], [ -73.085153332999937, 4.535126111000068, 294.944699999992736 ], [ -73.085199443999954, 4.53502583300002, 294.204899999996996 ], [ -73.085245, 4.53492527800006, 293.626499999998487 ], [ -73.085290832999988, 4.534825, 293.219700000001467 ], [ -73.085336666999979, 4.534724722000021, 292.938099999999395 ], [ -73.085381388999963, 4.53462722200004, 292.743799999996554 ], [ -73.085407777999933, 4.534569444000056, 292.627999999996973 ], [ -73.085453055999949, 4.534469167000054, 292.425099999993108 ], [ -73.085498332999975, 4.534368611000048, 292.2212 ], [ -73.085544166999966, 4.534268611000073, 292.021299999993062 ], [ -73.085590555999943, 4.534168333000025, 291.876199999998789 ], [ -73.085636943999987, 4.534068056000024, 292.0 ], [ -73.085683055999937, 4.533967778000033, 292.0 ], [ -73.085729166999954, 4.533867222000026, 291.896099999998114 ], [ -73.085775, 4.533766944000035, 291.763699999995879 ], [ -73.085821110999973, 4.533666667000034, 291.757400000002235 ], [ -73.085867499999949, 4.533566667000059, 291.651299999997718 ], [ -73.085913610999967, 4.533466111000052, 291.397599999996601 ], [ -73.085959721999984, 4.533366111000021, 291.225000000005821 ], [ -73.085996388999945, 4.533286111000052, 291.065100000007078 ], [ -73.086000167999941, 4.533277997000027, 291.049100000003818 ], [ -73.086005832999945, 4.53326583300003, 291.025099999998929 ], [ -73.086050832999945, 4.533165, 290.819099999993341 ], [ -73.086095555999975, 4.533064444000047, 290.613200000007055 ], [ -73.086140555999975, 4.532963611000071, 290.407200000001467 ], [ -73.086185555999975, 4.532862778000037, 290.191600000005565 ], [ -73.086230832999945, 4.532762222000031, 290.184299999993527 ], [ -73.086273332999951, 4.532668611000076, 290.163499999995111 ], [ -73.086319443999969, 4.532568333000029, 290.021200000002864 ], [ -73.086365555999976, 4.532468333000054, 289.66809999999532 ], [ -73.086411666999936, 4.532368056000053, 289.298200000004726 ], [ -73.08645249999995, 4.532277222000062, 288.963099999993574 ], [ -73.086498055999982, 4.532176667000044, 288.592199999999139 ], [ -73.086543888999984, 4.532076389000053, 288.222299999993993 ], [ -73.086589721999985, 4.531976111000063, 287.936300000001211 ], [ -73.086635, 4.531876667000063, 287.864100000006147 ], [ -73.086681110999962, 4.531776667000031, 287.916899999996531 ], [ -73.086707777999948, 4.53171750000007, 288.0 ], [ -73.086753332999933, 4.531616944000064, 288.0 ], [ -73.086772221999979, 4.531575833000034, 288.0 ], [ -73.086817499999938, 4.531475278000073, 288.0 ], [ -73.08686305599997, 4.531374444000051, 288.155299999998533 ], [ -73.086908888999972, 4.531273889000033, 288.18739999999525 ], [ -73.086955, 4.531173333000027, 288.192800000004354 ], [ -73.087001388999965, 4.531072778000066, 288.392600000006496 ], [ -73.087047221999967, 4.530972500000075, 288.593500000002678 ], [ -73.087092499999983, 4.530871389000026, 288.893800000005285 ], [ -73.087138055999958, 4.530771111000035, 289.351899999994203 ], [ -73.087184443999945, 4.530670556000075, 289.936000000001513 ], [ -73.087231388999953, 4.53057083300007, 290.289000000004307 ], [ -73.087278055999946, 4.530470556000068, 290.701499999995576 ], [ -73.087323888999947, 4.53037, 290.947599999999511 ], [ -73.087369443999933, 4.530269167000029, 290.75340000000142 ], [ -73.087414443999933, 4.530168333000063, 290.682400000005146 ], [ -73.087458332999972, 4.530067222000071, 290.7728000000061 ], [ -73.087503332999972, 4.529966389000037, 290.938800000003539 ], [ -73.087549443999933, 4.529865833000031, 290.891099999993457 ], [ -73.08759555599994, 4.529765556000029, 290.503200000006473 ], [ -73.087641110999982, 4.529666389000056, 290.183600000003935 ], [ -73.087686943999984, 4.529566111000065, 289.938800000003539 ], [ -73.087732777999975, 4.529465833000074, 289.271999999997206 ], [ -73.087778610999976, 4.529365833000043, 288.482199999998556 ], [ -73.087824721999937, 4.529265556000041, 288.101999999998952 ], [ -73.087870555999984, 4.52916527800005, 288.070300000006682 ], [ -73.087897221999981, 4.529106389000049, 288.049700000003213 ], [ -73.087942221999981, 4.529005556000072, 288.056500000006054 ], [ -73.087987221999981, 4.52890472200005, 288.101699999999255 ], [ -73.088032777999956, 4.528804167000033, 288.026800000006915 ], [ -73.088079166999989, 4.528703889000042, 288.111999999993714 ], [ -73.088126110999951, 4.528604167000026, 288.333700000002864 ], [ -73.088172499999985, 4.528503889000035, 288.42500000000291 ], [ -73.088218332999986, 4.528403333000028, 288.71490000000631 ], [ -73.088263888999961, 4.528302222000036, 288.923299999994924 ], [ -73.088309166999977, 4.528201667000076, 288.935200000007171 ], [ -73.088354443999947, 4.528100833000053, 288.522200000006706 ], [ -73.0884, 4.528, 287.98420000000624 ], [ -73.08844583299998, 4.527899722000029, 287.291500000006636 ], [ -73.088491666999971, 4.527799167000069, 286.628599999996368 ], [ -73.088536943999941, 4.527698333000046, 286.089999999996508 ], [ -73.088581943999941, 4.527597778000029, 286.548299999994924 ], [ -73.088627777999989, 4.527497500000038, 287.308799999998882 ], [ -73.088673610999933, 4.527397222000047, 288.03859999999986 ], [ -73.088719166999965, 4.527296944000057, 288.408599999995204 ], [ -73.088764443999935, 4.527196667000055, 288.778500000000349 ], [ -73.088809721999951, 4.527096111000048, 288.701199999995879 ], [ -73.088855555999942, 4.526995833000058, 287.96140000000014 ], [ -73.088901388999943, 4.526895556000056, 287.01940000000468 ], [ -73.088946943999986, 4.526795, 286.349499999996624 ], [ -73.088992499999961, 4.526694444000043, 286.050300000002608 ], [ -73.089038332999962, 4.526593889000026, 286.0 ], [ -73.089084721999939, 4.526493333000076, 286.0 ], [ -73.089131110999972, 4.526393333000044, 286.0 ], [ -73.089177499999948, 4.526293333000069, 285.882299999997485 ], [ -73.089223610999966, 4.526192778000052, 285.913000000000466 ], [ -73.089269166999941, 4.526092222000045, 285.947899999999208 ], [ -73.089314721999983, 4.525991389000069, 285.898499999995693 ], [ -73.089360555999974, 4.525890833000062, 285.891199999998207 ], [ -73.08940611099996, 4.525790556000061, 286.009399999995367 ], [ -73.089451666999935, 4.52569, 285.959700000006706 ], [ -73.089497499999936, 4.525589722000063, 285.822400000004563 ], [ -73.089543610999954, 4.525489722000032, 285.600500000000466 ], [ -73.08959, 4.52539, 285.212799999993877 ], [ -73.089636388999963, 4.52529, 285.077600000004168 ], [ -73.089682221999965, 4.52519, 284.657900000005611 ], [ -73.089718981999965, 4.525108360000047, 283.978199999997742 ], [ -73.089727499999981, 4.525089444000059, 283.832299999994575 ], [ -73.08977277799994, 4.524988889000042, 283.130600000004051 ], [ -73.08979805599995, 4.524933611000051, 282.822299999999814 ], [ -73.089818332999982, 4.524888889000067, 282.569000000003143 ], [ -73.089844166999967, 4.524830833000067, 282.204299999997602 ], [ -73.089883888999964, 4.52474333300006, 281.57499999999709 ], [ -73.08992916699998, 4.524643056000059, 281.48750000000291 ], [ -73.08997416699998, 4.524545278000062, 282.141600000002654 ], [ -73.090021666999974, 4.524445556000046, 282.870699999999488 ], [ -73.09004166699998, 4.524403889000041, 283.080700000005891 ], [ -73.090087499999981, 4.524303333000034, 283.451700000005076 ], [ -73.090133055999956, 4.524202778000074, 283.822599999999511 ], [ -73.090178888999958, 4.524102222000067, 283.687200000000303 ], [ -73.090225277999934, 4.524001944000076, 282.896500000002561 ], [ -73.090271666999968, 4.523901944000045, 282.135299999994459 ], [ -73.090317499999969, 4.523801389000027, 281.393500000005588 ], [ -73.090363610999987, 4.523701111000037, 280.653600000005099 ], [ -73.090409443999988, 4.523600833000046, 279.95690000000468 ], [ -73.090454721999947, 4.523502222000047, 279.59309999999823 ], [ -73.090500555999938, 4.523401944000057, 279.223199999993085 ], [ -73.09054638899994, 4.523301389000039, 279.475200000000768 ], [ -73.090591943999982, 4.523200556000063, 280.183199999999488 ], [ -73.090637777999973, 4.5231, 280.892300000006799 ], [ -73.090677777999986, 4.523012222000034, 281.511199999993551 ], [ -73.090723610999987, 4.522911944000043, 282.219200000006822 ], [ -73.090769443999989, 4.522811667000042, 282.927299999995739 ], [ -73.09081527799998, 4.522711111000035, 283.361799999998766 ], [ -73.090860832999965, 4.522610556000075, 283.872499999997672 ], [ -73.09090638899994, 4.52251, 284.342099999994389 ], [ -73.090951943999983, 4.522409444000061, 283.963300000003073 ], [ -73.090998055999989, 4.52230916700006, 283.340800000005402 ], [ -73.091043888999934, 4.522208889000069, 282.643500000005588 ], [ -73.09109, 4.522108611000021, 281.888399999996182 ], [ -73.091133888999934, 4.522012500000073, 280.929300000003423 ], [ -73.091179443999977, 4.521912222000026, 280.092499999998836 ], [ -73.091224721999936, 4.521812222000051, 279.478900000001886 ], [ -73.091271110999969, 4.52171194400006, 278.998200000001816 ], [ -73.091317499999946, 4.521611667000059, 279.008199999996577 ], [ -73.091363610999963, 4.521511389000068, 279.178299999999581 ], [ -73.09141, 4.52141111100002, 279.349400000006426 ], [ -73.091455832999941, 4.52131055600006, 279.518500000005588 ], [ -73.091501388999973, 4.52121, 279.686499999996158 ], [ -73.091546666999989, 4.52110916700002, 279.853499999997439 ], [ -73.091592221999974, 4.521008889000029, 280.013000000006286 ], [ -73.091638055999965, 4.520908333000023, 280.185899999996764 ], [ -73.091684443999952, 4.520808056000021, 280.016399999993155 ], [ -73.091730555999959, 4.520708056000046, 279.817699999999604 ], [ -73.091776110999945, 4.52060750000004, 279.614799999995739 ], [ -73.091821666999977, 4.520506944000033, 279.411900000006426 ], [ -73.091867221999962, 4.520406667000032, 279.1443 ], [ -73.09191333299998, 4.520306389000041, 278.442500000004657 ], [ -73.09195916699997, 4.520205833000034, 277.703800000002957 ], [ -73.092004721999956, 4.520105556000033, 277.092199999999139 ], [ -73.092050832999973, 4.520005, 277.0 ], [ -73.09209722199995, 4.519905, 277.0 ], [ -73.092143610999983, 4.51980472200006, 277.145900000003166 ], [ -73.092189443999985, 4.51970444400007, 277.963900000002468 ], [ -73.092197221999982, 4.519687778000048, 278.088000000003376 ], [ -73.092206388999955, 4.519667500000025, 278.233800000001793 ], [ -73.092235, 4.519604167000068, 278.656499999997322 ], [ -73.092280832999961, 4.519503611000061, 278.842799999998533 ], [ -73.092326943999979, 4.519403333000071, 278.47280000000319 ], [ -73.092373332999955, 4.519303333000039, 278.104000000006636 ], [ -73.092419721999988, 4.519203333000064, 277.150800000003073 ], [ -73.092466110999965, 4.519103056000063, 276.005900000003749 ], [ -73.092512221999982, 4.519002778000072, 275.0 ], [ -73.092557777999957, 4.518902222000065, 275.0 ], [ -73.092603888999975, 4.518801944000074, 275.0 ], [ -73.09265, 4.518701944000043, 274.885500000003958 ], [ -73.092695555999967, 4.518601667000041, 274.515599999998813 ], [ -73.092741666999984, 4.518501111000035, 274.144700000004377 ], [ -73.092787777999945, 4.51840111100006, 274.096799999999348 ], [ -73.092833610999946, 4.518300556000042, 274.357600000003004 ], [ -73.092879721999964, 4.518200278000052, 274.744000000006054 ], [ -73.092925277999939, 4.5181, 274.959400000007008 ], [ -73.092971388999956, 4.518, 275.0 ], [ -73.093000832999962, 4.51793611100004, 275.0 ], [ -73.093046110999978, 4.51783666700004, 275.188500000003842 ], [ -73.093091388999937, 4.517736944000035, 275.302299999995739 ], [ -73.093137221999939, 4.517636389000074, 275.24659999999858 ], [ -73.093153610999934, 4.517600833000074, 275.081000000005588 ], [ -73.093199166999966, 4.517500556000073, 274.532099999996717 ], [ -73.093244443999936, 4.5174, 274.092399999994086 ], [ -73.093263888999957, 4.517356944000028, 273.923999999999069 ], [ -73.09329, 4.517299167000033, 273.710800000000745 ], [ -73.093335555999943, 4.517198611000026, 273.33990000000631 ], [ -73.09338, 4.517101111000045, 273.007599999997183 ], [ -73.093414793999955, 4.517025688000047, 273.076100000005681 ], [ -73.093424721999952, 4.517004167000039, 273.082500000004075 ], [ -73.093470832999969, 4.516904722000049, 273.036200000002282 ], [ -73.09351666699996, 4.516804167000032, 273.013900000005378 ], [ -73.093528332999938, 4.516777778000062, 273.034700000003795 ], [ -73.093561943999987, 4.516703611000025, 273.13980000000447 ], [ -73.09360666699996, 4.516602778000049, 273.388200000001234 ], [ -73.093651666999961, 4.516502500000058, 273.390499999994063 ], [ -73.093697221999946, 4.516401944000052, 273.18760000000475 ], [ -73.093742499999962, 4.516301389000034, 272.983699999997043 ], [ -73.093787499999962, 4.516200556000058, 272.818599999998696 ], [ -73.093827221999959, 4.516112500000077, 272.776800000006915 ], [ -73.093872221999959, 4.516011667000043, 272.869300000005751 ], [ -73.093917777999934, 4.515911389000053, 273.118400000006659 ], [ -73.093963332999977, 4.515810833000046, 273.118300000001909 ], [ -73.09401, 4.515710833000071, 273.1394 ], [ -73.094056666999961, 4.515610833000039, 273.400899999993271 ], [ -73.094103332999964, 4.515510556000038, 273.382199999992736 ], [ -73.094149443999981, 4.515410278000047, 273.090700000000652 ], [ -73.094195, 4.515310278000072, 272.75460000000021 ], [ -73.094240832999958, 4.515209722000066, 272.416400000001886 ], [ -73.094286666999949, 4.515109167000048, 271.696200000005774 ], [ -73.09433249999995, 4.515008611000042, 271.2612999999983 ], [ -73.094378888999984, 4.514908611000067, 271.0 ], [ -73.09442527799996, 4.514808611000035, 271.0 ], [ -73.094471388999978, 4.514708333000044, 271.0 ], [ -73.094517221999979, 4.514608056000043, 271.0 ], [ -73.094562777999954, 4.514507500000036, 271.0 ], [ -73.09460805599997, 4.514406944000029, 271.0 ], [ -73.094654166999987, 4.514306667000028, 271.0 ], [ -73.094700832999933, 4.514206667000053, 271.0 ], [ -73.094748332999984, 4.514106944000048, 271.021800000002258 ], [ -73.094795555999951, 4.514007500000048, 271.069900000002235 ], [ -73.094842221999954, 4.513907500000073, 270.991800000003423 ], [ -73.094888610999988, 4.513807222000025, 270.818599999998696 ], [ -73.094935, 4.51370722200005, 270.647500000006403 ], [ -73.09498138899994, 4.513607222000076, 270.476299999994808 ], [ -73.095027777999974, 4.513507222000044, 270.413199999995413 ], [ -73.095073055999933, 4.513406944000053, 270.606400000004214 ], [ -73.095118055999933, 4.51330611100002, 270.953699999998207 ], [ -73.095163055999933, 4.513205556000059, 270.491800000003423 ], [ -73.09520916699995, 4.513105556000028, 270.1533999999956 ], [ -73.095256110999969, 4.513005833000022, 269.873300000006566 ], [ -73.095303055999977, 4.512906111000063, 269.505399999994552 ], [ -73.095349166999938, 4.512806944000033, 269.139599999994971 ], [ -73.095395277999955, 4.512706667000032, 268.769700000004377 ], [ -73.095441110999957, 4.512606667000057, 268.400800000003073 ], [ -73.095486388999973, 4.512506389000066, 268.030899999997928 ], [ -73.095531666999989, 4.512405833000059, 268.0 ], [ -73.095577221999974, 4.512305556000058, 268.0 ], [ -73.095622499999934, 4.512206389000028, 267.924299999998766 ], [ -73.095668888999967, 4.51210750000007, 267.499700000000303 ], [ -73.095715832999986, 4.512007500000038, 266.957599999994272 ], [ -73.095761943999946, 4.511907222000048, 266.417600000000675 ], [ -73.095808332999979, 4.511807500000032, 265.878599999996368 ], [ -73.095855277999988, 4.511707778000073, 265.337499999994179 ], [ -73.095901943999934, 4.511607500000025, 265.080400000006193 ], [ -73.095947777999982, 4.511506944000075, 265.0 ], [ -73.095991666999964, 4.511408889000052, 265.0 ], [ -73.096036110999989, 4.511307500000044, 265.0 ], [ -73.096080832999974, 4.511206389000051, 265.0 ], [ -73.096125555999947, 4.511109722000072, 264.968999999997322 ], [ -73.096172777999982, 4.511010556000031, 264.960399999996298 ], [ -73.096218888999942, 4.51091027800004, 265.012700000006589 ], [ -73.096263332999968, 4.510809722000033, 264.829700000002049 ], [ -73.096306110999933, 4.510712222000052, 264.653600000005099 ], [ -73.09635, 4.510615278000046, 264.595799999995506 ], [ -73.096396666999965, 4.510515, 265.059500000003027 ], [ -73.096443055999941, 4.510415, 265.599600000001374 ], [ -73.09649, 4.510315, 265.995299999995041 ], [ -73.096535555999935, 4.510218889000043, 265.89539999999397 ], [ -73.096580832999962, 4.510121667000021, 265.675300000002608 ], [ -73.096627499999954, 4.51002138900003, 265.267999999996391 ], [ -73.096646388999943, 4.509980556000073, 265.04769999999553 ], [ -73.096686943999941, 4.509891111000059, 264.568100000004051 ], [ -73.096732221999957, 4.509793056000035, 264.039399999994203 ], [ -73.096743332999949, 4.509768889000043, 263.976599999994505 ], [ -73.096787777999964, 4.509669444000053, 263.812699999994948 ], [ -73.096832499999948, 4.509568889000036, 263.64770000000135 ], [ -73.096847221999951, 4.50953555600006, 263.593399999997928 ], [ -73.096892221999951, 4.50943611100007, 263.596300000004703 ], [ -73.096939721999945, 4.509336389000055, 263.747799999997369 ], [ -73.096985832999962, 4.509236389000023, 263.997399999992922 ], [ -73.097030832999963, 4.509135278000031, 263.916100000002189 ], [ -73.097076388999938, 4.509034722000024, 263.748000000006869 ], [ -73.097123055999987, 4.508934722000049, 263.492700000002515 ], [ -73.09717055599998, 4.508835, 263.19539999999688 ], [ -73.097205832999975, 4.508761389000028, 263.058499999999185 ], [ -73.097253055999943, 4.508661667000069, 263.151700000002165 ], [ -73.097265339999979, 4.508635500000025, 263.248300000006566 ], [ -73.0973, 4.508561667000038, 263.520600000003469 ], [ -73.09731527799994, 4.508528889000047, 263.641499999997905 ], [ -73.097345277999977, 4.508462778000023, 263.885399999999208 ], [ -73.097390555999937, 4.508361944000058, 264.0 ], [ -73.097435555999937, 4.508260833000065, 264.0 ], [ -73.09748, 4.508161389000065, 264.0 ], [ -73.097525, 4.508060556000032, 264.0 ], [ -73.097569166999961, 4.507963889000052, 263.930200000002515 ], [ -73.097615, 4.507863333000046, 263.834600000001956 ], [ -73.097659443999987, 4.507765556000038, 263.870200000004843 ], [ -73.097705832999964, 4.507665278000047, 263.7783999999956 ], [ -73.097752777999972, 4.507565278000072, 263.505600000004051 ], [ -73.097795832999964, 4.507473333000064, 263.187900000004447 ], [ -73.09784222199994, 4.507373056000063, 262.922800000000279 ], [ -73.097888055999988, 4.507273333000057, 262.4807 ], [ -73.097925832999977, 4.507189444000062, 262.03190000000177 ], [ -73.097933332999958, 4.50717277800004, 261.942699999999604 ], [ -73.097978610999974, 4.507073056000024, 261.407800000000861 ], [ -73.098025, 4.506973333000076, 260.868799999996554 ], [ -73.098071388999983, 4.506873056000074, 260.327799999999115 ], [ -73.098116943999969, 4.506772778000027, 260.0 ], [ -73.098161666999943, 4.506671944000061, 260.0 ], [ -73.098207221999985, 4.506571389000044, 260.0 ], [ -73.098253332999946, 4.506471111000053, 260.0 ], [ -73.0983, 4.506371111000021, 260.0 ], [ -73.098346943999957, 4.506271111000046, 260.0 ], [ -73.098393610999949, 4.506171389000031, 260.0 ], [ -73.09844, 4.50607111100004, 260.0 ], [ -73.098486666999975, 4.505971389000024, 259.924199999994016 ], [ -73.098533610999937, 4.505871389000049, 259.555300000007264 ], [ -73.098579443999938, 4.505770833000042, 259.184399999998277 ], [ -73.098608055999989, 4.505706667000027, 258.947700000004261 ], [ -73.098632777999967, 4.50565111100002, 258.742800000007264 ], [ -73.098678055999983, 4.505550278000044, 258.430300000007264 ], [ -73.098722777999967, 4.505453333000048, 258.017500000001746 ], [ -73.098767777999967, 4.505356667000058, 257.831200000000536 ], [ -73.09881444399997, 4.505256667000026, 257.52730000000156 ], [ -73.098860832999947, 4.505156111000076, 257.248399999996764 ], [ -73.098906666999937, 4.505055833000029, 257.453099999998813 ], [ -73.09895222199998, 4.504955, 257.825100000001839 ], [ -73.098997777999955, 4.504854444000046, 258.066600000005565 ], [ -73.099025555999958, 4.504793611000025, 258.186000000001513 ], [ -73.099071666999976, 4.504693333000034, 258.48420000000624 ], [ -73.099118055999952, 4.504593056000033, 258.463199999998324 ], [ -73.099163888999954, 4.504492500000026, 257.890400000003865 ], [ -73.099209721999955, 4.504392222000035, 257.197799999994459 ], [ -73.099255555999946, 4.504291667000075, 256.263099999996484 ], [ -73.099301110999988, 4.504191389000027, 255.368900000001304 ], [ -73.099346110999988, 4.504090556000051, 254.611099999994622 ], [ -73.099391943999933, 4.50399, 254.409299999999348 ], [ -73.099437777999981, 4.503893611000024, 254.22280000000319 ], [ -73.099485555999934, 4.503794167000024, 254.047200000000885 ], [ -73.099509443999978, 4.503741389000027, 253.994399999995949 ], [ -73.09953083299996, 4.503693333000058, 253.974100000006729 ], [ -73.099574721999943, 4.50359194400005, 254.01480000000447 ], [ -73.099619443999984, 4.503491111000073, 254.124100000000908 ], [ -73.099664166999958, 4.50339027800004, 254.119900000005146 ], [ -73.09971, 4.50329, 253.999299999995856 ], [ -73.099757499999953, 4.503190278000034, 254.429699999993318 ], [ -73.099805277999963, 4.503090833000044, 254.796799999996438 ], [ -73.099851943999965, 4.502990556000043, 254.928400000004331 ], [ -73.099897221999981, 4.50289, 254.557499999995343 ], [ -73.099941666999939, 4.502788889000044, 254.184500000003027 ], [ -73.09998638899998, 4.502687778000052, 253.997499999997672 ], [ -73.100031943999966, 4.502587222000045, 253.913300000000163 ], [ -73.100077499999941, 4.502486667000028, 253.699399999997695 ], [ -73.100122777999957, 4.502386111000021, 253.805200000002515 ], [ -73.100168055999973, 4.502285278000045, 254.227700000003097 ], [ -73.100213610999958, 4.502184444000022, 254.87039999999979 ], [ -73.10025944399996, 4.502084167000021, 255.409299999999348 ], [ -73.100304721999976, 4.501984722000032, 255.78190000000177 ], [ -73.100350832999936, 4.501884167000071, 256.050700000007055 ], [ -73.100396943999954, 4.501785, 256.260099999999511 ], [ -73.100443332999987, 4.501685, 256.596999999994296 ], [ -73.10049, 4.501585, 256.628100000001723 ], [ -73.100518610999984, 4.501523611000039, 256.491399999998976 ], [ -73.100536388999956, 4.501484722000043, 256.367700000002515 ], [ -73.100581666999972, 4.501384167000026, 256.002200000002631 ], [ -73.100626666999972, 4.50128333300006, 255.501900000002934 ], [ -73.100671666999972, 4.501182778000043, 254.878700000001118 ], [ -73.100717499999973, 4.50108194400002, 254.203800000002957 ], [ -73.100763332999975, 4.500981667000076, 253.664900000003399 ], [ -73.100809166999966, 4.500881667000044, 253.171300000001793 ], [ -73.100856110999985, 4.500781667000069, 253.15240000000631 ], [ -73.100903332999962, 4.500681667000038, 253.152000000001863 ], [ -73.100938392999979, 4.500605879000034, 253.065700000006473 ], [ -73.100949721999939, 4.500581389000047, 253.022400000001653 ], [ -73.100995, 4.50048055600007, 253.330600000001141 ], [ -73.10104, 4.50038, 253.701499999995576 ], [ -73.101046943999961, 4.500365, 253.756800000002841 ], [ -73.101086110999972, 4.500279722000073, 253.928599999999278 ], [ -73.10113333299995, 4.50018, 253.560700000001816 ], [ -73.10118111099996, 4.500080278000041, 253.192899999994552 ], [ -73.10122888899997, 4.499980833000052, 252.826000000000931 ], [ -73.101276666999979, 4.499881111000036, 252.458100000003469 ], [ -73.101324443999943, 4.499781667000036, 252.0913 ], [ -73.101371943999936, 4.499682222000047, 251.574500000002445 ], [ -73.101418888999945, 4.499582500000031, 251.159599999999045 ], [ -73.101465555999937, 4.499482778000072, 250.882599999997183 ], [ -73.10151222199994, 4.49938277800004, 250.997799999997369 ], [ -73.101559721999934, 4.499283333000051, 250.991399999998976 ], [ -73.101606388999983, 4.499187222000046, 250.861900000003516 ], [ -73.101654443999962, 4.499088056000062, 250.739100000006147 ], [ -73.101701110999954, 4.498992778000058, 250.750299999999697 ], [ -73.101748888999964, 4.498893333000069, 250.792700000005425 ], [ -73.101796666999974, 4.498793889000069, 250.7783999999956 ], [ -73.101845, 4.498694444000023, 250.768200000005891 ], [ -73.101892499999963, 4.498595, 250.154899999994086 ], [ -73.10194, 4.498495278000064, 249.104900000005728 ], [ -73.101991666999936, 4.498397500000067, 247.970400000005611 ], [ -73.102045277999935, 4.498301389000062, 247.261199999993551 ], [ -73.102100277999966, 4.498205556000073, 246.554099999993923 ], [ -73.102153888999965, 4.498108889000036, 246.079599999997299 ], [ -73.102205555999944, 4.498011667000071, 246.536300000007031 ], [ -73.102257499999951, 4.497914167000033, 246.871899999998277 ], [ -73.102309721999973, 4.497816944000022, 247.313299999994342 ], [ -73.102361943999938, 4.49772, 248.028600000005099 ], [ -73.102415277999967, 4.497623611000051, 248.739799999995739 ], [ -73.102470277999942, 4.497528056000021, 249.188800000003539 ], [ -73.102526110999975, 4.497433056000034, 249.368100000006962 ], [ -73.102579721999973, 4.497340833000067, 249.405899999997928 ], [ -73.102638888999934, 4.497248611000032, 249.22609999999986 ], [ -73.102703332999965, 4.497158889000048, 248.988100000002305 ], [ -73.102768332999972, 4.49707, 248.748000000006869 ], [ -73.102835277999986, 4.496982222000042, 248.619200000001001 ], [ -73.102900832999978, 4.496893889000035, 248.404099999999744 ], [ -73.102966110999944, 4.496805, 248.033200000005309 ], [ -73.103031388999966, 4.496717778000061, 248.329800000006799 ], [ -73.103097499999933, 4.496629722000023, 248.572000000000116 ], [ -73.103164166999989, 4.496541944000057, 248.492800000007264 ], [ -73.103231388999973, 4.496454444000051, 248.075599999996484 ], [ -73.10329749999994, 4.496366944000044, 248.0 ], [ -73.103363332999947, 4.496278333000021, 248.0 ], [ -73.103429443999971, 4.49619, 248.0 ], [ -73.103495277999968, 4.496101667000062, 248.0 ], [ -73.103560555999934, 4.496013056000038, 248.0 ], [ -73.103626943999984, 4.495925, 247.803700000004028 ], [ -73.103694166999958, 4.495837778000066, 247.231499999994412 ], [ -73.103761388999942, 4.495750556000075, 246.499400000000605 ], [ -73.103828055999941, 4.495663056000069, 245.62489999999525 ], [ -73.103859721999982, 4.495620833000032, 245.196400000000722 ], [ -73.103924166999946, 4.49553277800004, 244.308499999999185 ], [ -73.103988055999935, 4.495444167000073, 243.418600000004517 ], [ -73.104021388999968, 4.495398056000056, 242.955100000006496 ], [ -73.104086388999974, 4.495309444000043, 242.180999999996857 ], [ -73.104152499999941, 4.495221389000051, 241.531099999992875 ], [ -73.104218610999965, 4.495133333000069, 240.963900000002468 ], [ -73.104281943999979, 4.495048889000032, 240.68760000000475 ], [ -73.104348055999935, 4.494960556000024, 240.070200000001932 ], [ -73.104414443999985, 4.494873056000074, 238.985499999995227 ], [ -73.104480555999942, 4.494785, 237.928100000004633 ], [ -73.104541943999948, 4.494702500000074, 236.943400000003749 ], [ -73.10454638899995, 4.494696667000028, 236.872700000007171 ], [ -73.104602777999958, 4.494620556000029, 235.994099999996251 ], [ -73.104611943999942, 4.494608056000061, 235.880300000004354 ], [ -73.104617221999945, 4.49460083300005, 235.841100000005099 ], [ -73.104676943999948, 4.494522500000073, 235.492299999998068 ], [ -73.104742499999986, 4.494435556000042, 235.258300000001327 ], [ -73.104807777999952, 4.494346944000029, 235.185500000006869 ], [ -73.10487361099996, 4.494258611000021, 234.96480000000156 ], [ -73.104939443999967, 4.49417027800007, 234.56359999999404 ], [ -73.105005, 4.494081944000072, 234.005900000003749 ], [ -73.105068055999936, 4.493997500000035, 233.25810000000638 ], [ -73.105131388999951, 4.49391166700002, 232.473599999997532 ], [ -73.105196666999973, 4.493823056000053, 232.302599999995437 ], [ -73.105262221999965, 4.493734722000056, 232.24199999999837 ], [ -73.105325832999938, 4.493649722000043, 232.163300000000163 ], [ -73.105391388999976, 4.493561667000051, 232.080499999996391 ], [ -73.105452777999972, 4.493479444000059, 231.837400000003981 ], [ -73.1055, 4.493386389000023, 231.494099999996251 ], [ -73.105516388999945, 4.493281667000076, 231.107900000002701 ], [ -73.105516110999986, 4.493274444000065, 231.081300000005285 ], [ -73.105499721999934, 4.49317555600004, 231.095900000000256 ], [ -73.105498888999989, 4.493173056000046, 231.098100000002887 ], [ -73.105481666999935, 4.493123611000044, 231.128899999996065 ], [ -73.105478055999981, 4.493113333000053, 231.132299999997485 ], [ -73.105447499999968, 4.493027778000055, 231.119699999995646 ], [ -73.10542027799994, 4.49295444400002, 230.954199999992852 ], [ -73.105387221999933, 4.492867778000061, 230.64879999999539 ], [ -73.105361666999954, 4.492798611000069, 230.561900000000605 ], [ -73.105333610999935, 4.492721667000069, 230.576100000005681 ], [ -73.105329443999949, 4.492709722000029, 230.587599999998929 ], [ -73.105296666999948, 4.492619722000029, 230.693199999994249 ], [ -73.105279443999962, 4.492571111000075, 230.714099999997416 ], [ -73.10525, 4.492466944000057, 230.651100000002771 ], [ -73.105231666999941, 4.492380556000057, 230.444399999993038 ], [ -73.105226388999938, 4.492354444000057, 230.367800000007264 ], [ -73.105206666999948, 4.492255278000073, 230.075800000005984 ], [ -73.10519, 4.492168333000052, 229.817500000004657 ], [ -73.105177777999984, 4.492062500000031, 229.088199999998324 ], [ -73.105178055999943, 4.492024722000053, 228.808799999998882 ], [ -73.105178055999943, 4.492019167000024, 228.767900000006193 ], [ -73.105178332999969, 4.491992778000053, 228.572400000004563 ], [ -73.105178332999969, 4.491981667000061, 228.490499999999884 ], [ -73.105178888999944, 4.491951389000064, 228.265400000003865 ], [ -73.10517916699996, 4.491909444000044, 227.955300000001444 ], [ -73.10518, 4.49181, 227.172399999995832 ], [ -73.10518, 4.491799722000053, 227.091100000005099 ], [ -73.105200832999969, 4.491721944000062, 226.348800000007031 ], [ -73.10526, 4.491633611000054, 225.193799999993644 ], [ -73.105265555999949, 4.491626389000032, 225.087799999993877 ], [ -73.10534888899997, 4.491557500000056, 223.959900000001653 ], [ -73.105435555999975, 4.491508056000043, 222.993600000001607 ], [ -73.105518888999939, 4.491452222000021, 222.180300000007264 ], [ -73.105611110999973, 4.491391389000057, 221.432700000004843 ], [ -73.105703332999951, 4.491331667000054, 220.92500000000291 ], [ -73.105796110999961, 4.491272778000052, 220.828099999998813 ], [ -73.105883055999982, 4.491215278000027, 220.870699999999488 ], [ -73.1059, 4.491203056000074, 220.894100000004983 ], [ -73.105965277999985, 4.491156944000068, 221.0512000000017 ], [ -73.106056388999946, 4.491095, 221.388000000006286 ], [ -73.106131943999969, 4.49104055600003, 221.510200000004261 ], [ -73.106219443999976, 4.49097583300005, 221.594599999996717 ], [ -73.106300555999951, 4.490915833000031, 221.672800000000279 ], [ -73.106388888999959, 4.49085, 221.756099999998696 ], [ -73.106476666999981, 4.490783056000055, 221.731599999999162 ], [ -73.106564721999973, 4.490716667000072, 221.293499999999767 ], [ -73.106649166999944, 4.490653889000043, 220.829800000006799 ], [ -73.106737221999936, 4.490588611000021, 220.34769999999844 ], [ -73.106825832999959, 4.490523333000056, 220.216400000004796 ], [ -73.106911666999963, 4.490460833000043, 220.385500000003958 ], [ -73.106998610999938, 4.490396667000027, 220.404800000003888 ], [ -73.107005555999933, 4.490391389000024, 220.399300000004587 ], [ -73.107073888999935, 4.490339722000044, 220.441399999996065 ], [ -73.107133888999954, 4.490295278000076, 220.494699999995646 ], [ -73.107143610999969, 4.490288056000054, 220.496400000003632 ], [ -73.107157221999955, 4.490278333000049, 220.497600000002421 ], [ -73.107160832999966, 4.490275833000055, 220.497700000007171 ], [ -73.107197221999968, 4.490249167000059, 220.556500000006054 ], [ -73.107222221999962, 4.490230833000055, 220.59429999999702 ], [ -73.107310832999985, 4.490165833000049, 220.637100000007194 ], [ -73.107390555999984, 4.490105, 220.707099999999627 ], [ -73.107460277999962, 4.49005138900003, 220.766799999997602 ], [ -73.107522777999975, 4.49000361100002, 220.821400000000722 ], [ -73.107586388999948, 4.489954444000034, 220.875 ], [ -73.107682499999953, 4.489904722000063, 221.04649999999674 ], [ -73.107760277999944, 4.48988, 221.242700000002515 ], [ -73.107773332999955, 4.489875833000042, 221.275500000003376 ], [ -73.107878610999933, 4.489857778000044, 221.786900000006426 ], [ -73.107978610999965, 4.489869167000052, 222.742700000002515 ], [ -73.107996110999977, 4.489875, 222.913100000005215 ], [ -73.108085277999976, 4.48990305600006, 223.73750000000291 ], [ -73.108150277999982, 4.489923333000036, 224.129300000000512 ], [ -73.108166110999946, 4.489928056000053, 224.187999999994645 ], [ -73.108266110999978, 4.489959444000021, 224.558099999994738 ], [ -73.10836, 4.489988611000058, 224.90559999999823 ], [ -73.108463055999948, 4.489996667000071, 225.004799999995157 ], [ -73.108550832999981, 4.489953333000074, 225.108300000007148 ], [ -73.108613055999967, 4.489899722000075, 225.315499999996973 ], [ -73.108696943999973, 4.489828889000023, 225.84309999999823 ], [ -73.108776943999942, 4.489759444000072, 226.387900000001537 ], [ -73.108855, 4.48968194400004, 226.867199999993318 ], [ -73.108928055999968, 4.489599722000037, 227.498800000001211 ], [ -73.108928332999938, 4.489599444000021, 227.502900000006775 ], [ -73.109000555999955, 4.489517222000075, 228.606799999994109 ], [ -73.109035277999965, 4.489478333000022, 229.135200000004261 ], [ -73.109063610999954, 4.489446667000038, 229.54210000000603 ], [ -73.109087777999946, 4.489419444000021, 229.846399999994901 ], [ -73.10912861099996, 4.489372778000075, 230.320300000006682 ], [ -73.10913527799994, 4.489365, 230.392900000006193 ], [ -73.109206388999951, 4.489283056000033, 231.045400000002701 ], [ -73.109278055999937, 4.489199444000064, 231.310400000002119 ], [ -73.10935, 4.48911638900006, 231.297800000000279 ], [ -73.109428888999958, 4.48904, 231.307300000000396 ], [ -73.109515, 4.488971389000028, 231.580700000005891 ], [ -73.109600555999975, 4.488902500000052, 231.952900000003865 ], [ -73.109683888999939, 4.488839167000037, 232.364900000000489 ], [ -73.109773055999938, 4.488785556000039, 232.832999999998719 ], [ -73.109872221999979, 4.488738333000072, 233.493199999997159 ], [ -73.109972221999953, 4.48869250000007, 234.041500000006636 ], [ -73.110072499999944, 4.488646944000038, 234.470199999996112 ], [ -73.110168610999949, 4.488603056000045, 235.180900000006659 ], [ -73.110267499999964, 4.488557222000054, 235.912200000006123 ], [ -73.11036444399997, 4.48851250000007, 236.629199999995762 ], [ -73.110464166999975, 4.488466111000037, 237.366599999993923 ], [ -73.110563888999934, 4.48842, 238.095799999995506 ], [ -73.110663888999966, 4.488373889000059, 238.839399999997113 ], [ -73.110763888999941, 4.488328333000027, 239.441800000000512 ], [ -73.110863888999972, 4.488282778000041, 239.54769999999553 ], [ -73.110963888999947, 4.48823694400005, 239.226699999999255 ], [ -73.111062777999962, 4.488191667000024, 239.032600000005914 ], [ -73.111162499999978, 4.488145556000063, 238.734500000005937 ], [ -73.111261388999935, 4.488100278000047, 238.360799999994924 ], [ -73.111358610999957, 4.488054722000072, 238.007599999997183 ], [ -73.111458055999947, 4.488007500000037, 238.358399999997346 ], [ -73.111557499999947, 4.487960833000045, 238.72609999999986 ], [ -73.111657499999978, 4.487914722000028, 239.0 ], [ -73.111757221999937, 4.487868611000067, 239.0 ], [ -73.111857221999969, 4.48782250000005, 239.081200000000536 ], [ -73.111956943999985, 4.487776389000032, 239.84440000000177 ], [ -73.112056666999933, 4.48772972200004, 240.926900000005844 ], [ -73.112156388999949, 4.487683056000037, 242.009399999995367 ], [ -73.112256110999965, 4.487636667000061, 243.17160000000149 ], [ -73.11235611099994, 4.487590556000043, 244.23410000000149 ], [ -73.112456110999972, 4.487544722000052, 244.951199999995879 ], [ -73.112555832999988, 4.487498333000076, 244.582500000004075 ], [ -73.112655555999936, 4.487451944000043, 244.213799999997718 ], [ -73.112755555999968, 4.487405833000025, 243.779899999994086 ], [ -73.112812447999943, 4.487379879000059, 243.518200000005891 ], [ -73.112831666999966, 4.487371111000073, 243.438999999998487 ], [ -73.112855832999969, 4.48736027800004, 243.345499999995809 ], [ -73.112955832999944, 4.487314722000065, 243.037100000001374 ], [ -73.113055832999976, 4.487268333000031, 243.46129999999539 ], [ -73.113155555999981, 4.487222222000071, 244.171000000002095 ], [ -73.113255555999956, 4.487176111000053, 244.877500000002328 ], [ -73.113355277999972, 4.487129167000035, 245.140299999999115 ], [ -73.113455, 4.487082222000026, 245.147200000006706 ], [ -73.113555, 4.487036389000025, 245.0 ], [ -73.113655, 4.486991389000025, 245.121400000003632 ], [ -73.113755, 4.486945278000064, 245.291800000006333 ], [ -73.113854443999969, 4.48689805600003, 245.466400000004796 ], [ -73.113953888999959, 4.486851111000021, 245.639999999999418 ], [ -73.114053888999933, 4.486805, 245.810400000002119 ], [ -73.114153888999965, 4.486758889000043, 245.987099999998463 ], [ -73.114253610999981, 4.486712222000051, 245.893299999996088 ], [ -73.114353610999956, 4.48666638900005, 245.698099999994156 ], [ -73.114393055999983, 4.486648611000021, 245.693299999998999 ], [ -73.114467499999989, 4.486616667000021, 245.739600000000792 ], [ -73.114546943999983, 4.486582500000054, 245.860700000004726 ], [ -73.114553332999947, 4.486579722000045, 245.873600000006263 ], [ -73.114565555999945, 4.486573889000056, 245.899399999994785 ], [ -73.114570248999939, 4.486571606000041, 245.909799999993993 ], [ -73.114575832999947, 4.486568889000068, 245.922600000005332 ], [ -73.11464583299994, 4.486533333000068, 245.854399999996531 ], [ -73.114707777999968, 4.486483333000024, 245.625499999994645 ], [ -73.114707777999968, 4.486483056000054, 245.625400000004447 ], [ -73.114733610999963, 4.486452222000025, 245.523199999995995 ], [ -73.11478638899996, 4.486357500000054, 245.488100000002305 ], [ -73.114786943999945, 4.486355833000061, 245.490000000005239 ], [ -73.114820277999968, 4.486252500000035, 245.70329999999376 ], [ -73.114847499999939, 4.486150556000041, 245.91479999999865 ], [ -73.114848332999941, 4.486146111000039, 245.918999999994412 ], [ -73.114854721999961, 4.48611777800005, 245.94550000000163 ], [ -73.114858888999947, 4.486094722000075, 245.96129999999539 ], [ -73.11486, 4.48608888900003, 245.964999999996508 ], [ -73.114866943999971, 4.486037500000066, 245.986199999999371 ], [ -73.114869166999938, 4.486016667000058, 245.991399999998976 ], [ -73.114875277999943, 4.485950833000061, 245.999700000000303 ], [ -73.114884443999983, 4.48584111100007, 246.0 ], [ -73.11489222199998, 4.485731111000064, 246.0 ], [ -73.114899443999946, 4.485621111000057, 246.0 ], [ -73.114899721999961, 4.485620278000056, 246.0 ], [ -73.114904443999933, 4.485546389000035, 246.0 ], [ -73.114905832999966, 4.48551777800003, 246.0 ], [ -73.114907499999958, 4.485482500000046, 246.0 ], [ -73.114930277999974, 4.485375556000065, 245.763000000006286 ], [ -73.114979721999987, 4.485277222000036, 244.826100000005681 ], [ -73.115046666999945, 4.485189444000071, 244.166400000001886 ], [ -73.115118888999973, 4.48510611100005, 243.731599999999162 ], [ -73.115197221999949, 4.485028889000034, 243.385999999998603 ], [ -73.115281110999945, 4.484957222000048, 242.924799999993411 ], [ -73.115365555999972, 4.484886667000069, 242.311300000001211 ], [ -73.115451388999986, 4.484817222000061, 241.972399999998743 ], [ -73.115537221999944, 4.484748611000043, 242.036300000007031 ], [ -73.115626110999983, 4.484683889000053, 242.125799999994342 ], [ -73.115717777999976, 4.484622778000073, 242.239000000001397 ], [ -73.115808332999961, 4.484563611000056, 242.437099999995553 ], [ -73.115901110999971, 4.484504444000038, 242.780100000003586 ], [ -73.11599416699994, 4.484445556000026, 242.935700000001816 ], [ -73.11608694399996, 4.484386389000065, 242.655899999997928 ], [ -73.116179443999954, 4.484326944000031, 242.226299999994808 ], [ -73.116271666999978, 4.484266944000069, 241.822100000004866 ], [ -73.116363888999956, 4.484206667000024, 241.599400000006426 ], [ -73.116456110999934, 4.484146944000031, 241.378800000005867 ], [ -73.116548888999944, 4.484087500000044, 241.187099999995553 ], [ -73.116641388999938, 4.484027500000025, 240.93760000000475 ], [ -73.116733610999972, 4.483967778000022, 240.717000000004191 ], [ -73.116826388999982, 4.483908611000061, 240.498399999996764 ], [ -73.11691861099996, 4.483848611000042, 240.276800000006915 ], [ -73.117010555999968, 4.483788056000037, 240.053100000004633 ], [ -73.117102499999987, 4.483727222000027, 239.961999999999534 ], [ -73.117194443999949, 4.483666944000049, 239.778699999995297 ], [ -73.11728416699998, 4.483608889000038, 239.456399999995483 ], [ -73.117376666999974, 4.483549444000062, 239.131299999993644 ], [ -73.117469443999937, 4.48349, 239.0 ], [ -73.117562221999947, 4.483431111000073, 239.0 ], [ -73.117654721999941, 4.483371667000029, 238.872499999997672 ], [ -73.117744721999941, 4.483313333000069, 238.582800000003772 ], [ -73.117836388999933, 4.483253611000066, 238.139299999995274 ], [ -73.117928610999968, 4.483193889000063, 238.339000000007218 ], [ -73.118021110999962, 4.483134444000029, 238.532500000001164 ], [ -73.118114166999987, 4.483075556000074, 238.427200000005541 ], [ -73.118206666999981, 4.483016389000056, 238.141099999993457 ], [ -73.118299166999975, 4.482956667000053, 237.988299999997253 ], [ -73.118391388999953, 4.482896944000061, 237.764599999994971 ], [ -73.118480832999978, 4.48284, 237.376399999993737 ], [ -73.118571388999953, 4.482782222000026, 237.117599999997765 ], [ -73.118663888999947, 4.482722500000023, 237.000799999994342 ], [ -73.118756388999941, 4.482663056000035, 237.164399999994203 ], [ -73.118846110999982, 4.482605278000051, 237.245699999999488 ], [ -73.118938055999934, 4.482544444000041, 237.466100000005099 ], [ -73.119026388999941, 4.482485833000055, 237.576100000005681 ], [ -73.11911555599994, 4.48242833300003, 237.693400000003749 ], [ -73.11920833299996, 4.482369167000058, 237.624400000000605 ], [ -73.11930111099997, 4.48231, 237.328200000003562 ], [ -73.119390277999969, 4.482252500000072, 237.181700000001001 ], [ -73.119482777999963, 4.482193056000028, 237.178400000004331 ], [ -73.119576110999958, 4.482134444000053, 237.421199999997043 ], [ -73.119660555999985, 4.48208111100007, 237.930399999997462 ], [ -73.119666388999974, 4.482077500000059, 237.965299999996205 ], [ -73.119755832999942, 4.482021111000051, 238.459799999996903 ], [ -73.119768120999936, 4.482013201000029, 238.465299999996205 ], [ -73.119848610999952, 4.481961389000048, 238.435500000006869 ], [ -73.119941666999978, 4.481902222000031, 238.258300000001327 ], [ -73.120032499999979, 4.481844722000062, 238.165399999998044 ], [ -73.120125277999989, 4.48178583300006, 238.467399999994086 ], [ -73.120215277999989, 4.481729167000026, 238.475900000004913 ], [ -73.120308610999984, 4.481670833000067, 238.21480000000156 ], [ -73.120402221999939, 4.481612222000024, 238.008900000000722 ], [ -73.120442499999967, 4.481586667000045, 238.079100000002654 ], [ -73.120494443999974, 4.481553611000038, 238.201199999995879 ], [ -73.120587777999958, 4.481495278000068, 238.460699999995995 ], [ -73.120618332999982, 4.481476111000063, 238.594100000002072 ], [ -73.120641388999957, 4.481461667000076, 238.705199999996694 ], [ -73.120680277999952, 4.481437222000068, 238.91370000000461 ], [ -73.120773610999947, 4.481378333000066, 239.521500000002561 ], [ -73.120866388999957, 4.481319444000064, 240.057199999995646 ], [ -73.120959166999967, 4.481260278000036, 240.148499999995693 ], [ -73.121052777999978, 4.48120166700005, 240.087799999993877 ], [ -73.121146110999973, 4.481143056000064, 240.0 ], [ -73.121239443999968, 4.481084167000063, 240.0 ], [ -73.121332777999953, 4.48102555600002, 239.848100000002887 ], [ -73.121426388999964, 4.480966944000045, 239.631599999993341 ], [ -73.12151972199996, 4.480908611000075, 239.416100000002189 ], [ -73.121613055999944, 4.48085, 239.199500000002445 ], [ -73.121703332999971, 4.480793611000024, 239.0 ], [ -73.121793332999971, 4.480737500000032, 239.0 ], [ -73.121886943999982, 4.480678889000046, 239.0 ], [ -73.121980555999983, 4.480620556000076, 238.910399999993388 ], [ -73.122074443999963, 4.480562778000035, 238.916700000001583 ], [ -73.122168055999964, 4.480504444000076, 239.004000000000815 ], [ -73.122213888999966, 4.480475, 239.021800000002258 ], [ -73.122265555999945, 4.480442222000022, 239.094599999996717 ], [ -73.122358888999941, 4.48038333300002, 239.342600000003586 ], [ -73.122452499999952, 4.480325278000066, 239.738500000006752 ], [ -73.122546110999963, 4.480266667000024, 239.610000000000582 ], [ -73.122639166999988, 4.480207778000022, 239.8413 ], [ -73.122703055999978, 4.480167222000034, 240.293600000004517 ], [ -73.122785277999981, 4.480115278000028, 241.62949999999546 ], [ -73.122870277999937, 4.480062500000031, 243.084400000007008 ], [ -73.122963888999948, 4.480004167000061, 244.547200000000885 ], [ -73.123057499999959, 4.479945833000045, 246.046900000001187 ], [ -73.12315111099997, 4.479887500000075, 247.511799999992945 ], [ -73.123244721999981, 4.479829444000075, 248.822400000004563 ], [ -73.123338332999936, 4.479771389000064, 248.946599999995669 ], [ -73.123431943999947, 4.479713056000037, 248.521500000002561 ], [ -73.123499166999977, 4.479670833000057, 248.266699999992852 ], [ -73.123525277999988, 4.479654444000062, 248.209300000002258 ], [ -73.123618610999984, 4.479595833000076, 248.102599999998347 ], [ -73.123712221999938, 4.479537500000049, 247.850300000005518 ], [ -73.123805277999963, 4.479478611000047, 247.465400000000955 ], [ -73.123898332999943, 4.47941916700006, 247.225500000000466 ], [ -73.123988888999975, 4.479360833000044, 246.867599999997765 ], [ -73.124081666999984, 4.479301667000072, 246.449900000006892 ], [ -73.124174721999964, 4.479242500000055, 245.385500000003958 ], [ -73.124268055999949, 4.479183889000069, 244.309899999992922 ], [ -73.12436166699996, 4.479125278000026, 243.239100000006147 ], [ -73.124455277999971, 4.479067222000026, 243.121899999998277 ], [ -73.124549166999941, 4.479009444000042, 243.14890000000014 ], [ -73.124643055999968, 4.478951667000047, 243.440000000002328 ], [ -73.124705, 4.478914167000028, 243.8557 ], [ -73.124737221999965, 4.478894444000048, 244.049499999993714 ], [ -73.124831110999935, 4.478836667000053, 244.476399999999558 ], [ -73.124921666999967, 4.478778056000067, 244.79330000000482 ], [ -73.125010832999976, 4.478719722000051, 244.727499999993597 ], [ -73.125019721999934, 4.478713889000062, 244.705400000006193 ], [ -73.125056943999937, 4.47868972200007, 244.581500000000233 ], [ -73.125101943999937, 4.478660556000023, 244.365999999994528 ], [ -73.125191666999967, 4.478603333000024, 243.735799999994924 ], [ -73.125282221999953, 4.47854638900003, 242.935899999996764 ], [ -73.12537611099998, 4.478489167000021, 241.963199999998324 ], [ -73.125468610999974, 4.478429167000058, 241.072400000004563 ], [ -73.125560832999952, 4.478369167000039, 240.104999999995925 ], [ -73.125653888999977, 4.478309722000063, 238.99189999999362 ], [ -73.125744166999937, 4.478252778000069, 237.939700000002631 ], [ -73.125837499999989, 4.478194167000026, 237.063999999998487 ], [ -73.125930555999958, 4.478135278000025, 236.337799999993877 ], [ -73.126023332999978, 4.478076667000039, 235.362399999998161 ], [ -73.126116388999947, 4.478017778000037, 234.247000000003027 ], [ -73.126209721999942, 4.477959167000051, 233.278699999995297 ], [ -73.126303610999969, 4.477900833000035, 232.835600000005797 ], [ -73.126397499999939, 4.47784305600004, 232.469700000001467 ], [ -73.126490832999934, 4.477784444000065, 232.18760000000475 ], [ -73.12658111099995, 4.47772694400004, 232.337599999998929 ], [ -73.126674166999976, 4.477667500000052, 232.557199999995646 ], [ -73.126767221999955, 4.477608889000066, 232.773700000005192 ], [ -73.12686055599994, 4.477550278000024, 233.584099999992759 ], [ -73.12695, 4.477493056000071, 234.327699999994365 ], [ -73.127039166999964, 4.477435556000046, 234.929900000002817 ], [ -73.127124638999987, 4.477380204000042, 235.0 ], [ -73.127131388999942, 4.477375833000053, 235.0 ], [ -73.127151666999964, 4.477362778000042, 235.0 ], [ -73.127175832999967, 4.477346944000033, 235.0 ], [ -73.127213888999961, 4.47732277800003, 235.0 ], [ -73.127222777999975, 4.477317222000067, 235.0 ], [ -73.127315832999955, 4.477258333000066, 234.931299999996554 ], [ -73.12740888899998, 4.477199444000064, 235.358900000006543 ], [ -73.127498610999965, 4.477143056000045, 235.813999999998487 ], [ -73.127545, 4.477113889000066, 236.049299999998766 ], [ -73.127638055999967, 4.477055, 236.859299999996438 ], [ -73.127683055999967, 4.477026111000043, 237.41809999999532 ], [ -73.127775832999987, 4.476966667000056, 238.225699999995413 ], [ -73.127868055999954, 4.476906389000021, 238.532200000001467 ], [ -73.127960832999975, 4.476846944000044, 237.860000000000582 ], [ -73.128054443999986, 4.476788333000059, 237.35109999999986 ], [ -73.12814777799997, 4.476729722000073, 236.775500000003376 ], [ -73.12824055599998, 4.476670278000029, 235.276899999997113 ], [ -73.128333332999944, 4.476610556000026, 234.077999999994063 ], [ -73.128425555999968, 4.476550278000047, 233.371199999994133 ], [ -73.128518332999988, 4.476490556000044, 233.478799999997136 ], [ -73.128608610999947, 4.476433333000045, 233.669699999998556 ], [ -73.128701666999973, 4.476374167000074, 233.767000000007101 ], [ -73.128794721999952, 4.476315, 233.892399999996996 ], [ -73.128887777999978, 4.476255833000039, 234.017900000006193 ], [ -73.128981110999973, 4.476196944000037, 233.876999999993131 ], [ -73.129074166999942, 4.476137222000034, 233.201400000005378 ], [ -73.129166666999936, 4.476077500000031, 232.671199999997043 ], [ -73.129259721999972, 4.47601833300007, 232.457699999999022 ], [ -73.129352499999982, 4.475959167000042, 232.572899999999208 ], [ -73.129445832999977, 4.475900556000056, 232.768500000005588 ], [ -73.129539166999962, 4.475841667000054, 232.955799999996088 ], [ -73.129632221999941, 4.475782500000037, 233.303599999999278 ], [ -73.129725277999967, 4.475723056000049, 233.801600000006147 ], [ -73.129818332999946, 4.475663889000032, 233.990499999999884 ], [ -73.129911110999956, 4.475604167000029, 233.923399999999674 ], [ -73.13, 4.47554694400003, 233.961599999995087 ], [ -73.13009361099995, 4.475488889000076, 233.90219999999681 ], [ -73.130183888999966, 4.475432778000027, 233.89089999999851 ], [ -73.130277221999961, 4.475374167000041, 233.997900000002119 ], [ -73.130371110999988, 4.475316111000041, 234.066600000005565 ], [ -73.130434119999961, 4.475276356000052, 234.197700000004261 ], [ -73.130464443999983, 4.475257222000039, 234.28509999999369 ], [ -73.130557221999936, 4.475197778000052, 234.654399999999441 ], [ -73.130621666999957, 4.475156944000048, 234.665200000003097 ], [ -73.130649443999971, 4.47513888900005, 234.626399999993737 ], [ -73.130711388999941, 4.475079722000032, 234.523100000005797 ], [ -73.130722221999974, 4.475061667000034, 234.506999999997788 ], [ -73.130745, 4.475022500000023, 234.457299999994575 ], [ -73.130803055999934, 4.474922222000032, 234.220900000000256 ], [ -73.130861388999961, 4.474821944000041, 233.91479999999865 ], [ -73.130919721999987, 4.474721944000066, 233.699399999997695 ], [ -73.13097694399994, 4.474621111000033, 233.488200000007055 ], [ -73.131033055999978, 4.474519722000025, 233.463499999998021 ], [ -73.131077777999963, 4.474461111000039, 233.514599999994971 ], [ -73.131105555999966, 4.474441389000049, 233.484800000005635 ], [ -73.131125, 4.474429167000039, 233.603799999997136 ], [ -73.131216666999933, 4.474373333000074, 234.2307 ], [ -73.131224166999971, 4.474368889000061, 234.275599999993574 ], [ -73.131275832999961, 4.474337222000031, 234.561199999996461 ], [ -73.131367221999938, 4.474280833000023, 234.892399999996996 ], [ -73.131406943999934, 4.47425666700002, 234.931500000006054 ], [ -73.131502499999954, 4.47420111100007, 234.931800000005751 ], [ -73.131581943999947, 4.474153889000036, 234.815000000002328 ], [ -73.131668055999967, 4.474101389000054, 234.659299999999348 ], [ -73.131761666999978, 4.474043056000028, 234.915099999998347 ], [ -73.131854721999957, 4.473983889000067, 235.228900000001886 ], [ -73.131947221999951, 4.473925278000024, 235.477599999998347 ], [ -73.132040832999962, 4.473868056000072, 235.971900000004098 ], [ -73.13213583299995, 4.473812222000049, 236.63300000000163 ], [ -73.132229443999961, 4.473755556000071, 237.131999999997788 ], [ -73.132277221999971, 4.47372583300006, 237.12489999999525 ], [ -73.132368055999962, 4.473669167000025, 237.217699999993783 ], [ -73.132460555999955, 4.473610833000066, 237.454299999997602 ], [ -73.132553055999949, 4.473551944000064, 236.986399999994319 ], [ -73.13264583299997, 4.473493056000052, 236.360799999994924 ], [ -73.132739443999981, 4.473435556000027, 235.807499999995343 ], [ -73.132833055999981, 4.473380556000052, 235.463499999998021 ], [ -73.132927777999953, 4.473323333000053, 234.962400000003981 ], [ -73.132988610999973, 4.473286389000066, 234.561000000001513 ], [ -73.133056388999989, 4.473244722000061, 234.016099999993457 ], [ -73.133148055999982, 4.473188056000026, 233.360300000000279 ], [ -73.133241666999936, 4.473130833000027, 232.802800000004936 ], [ -73.133321666999962, 4.473081667000031, 232.414399999994203 ], [ -73.133401666999987, 4.473032222000029, 232.169200000003912 ], [ -73.133470832999933, 4.472989722000023, 232.044500000003609 ], [ -73.133540832999984, 4.472946944000057, 232.00010000000475 ], [ -73.133626666999987, 4.472893889000034, 232.437900000004447 ], [ -73.133711666999943, 4.47284, 232.768299999996088 ], [ -73.133805, 4.472781111000074, 232.986799999998766 ], [ -73.133897777999948, 4.472722222000073, 233.054900000002817 ], [ -73.133989721999967, 4.47266361100003, 233.0 ], [ -73.134083055999952, 4.472604722000028, 233.0 ], [ -73.134096388999978, 4.47259611100003, 233.031199999997625 ], [ -73.134181388999934, 4.472542778000047, 233.184299999993527 ], [ -73.134255, 4.472497500000031, 233.218800000002375 ], [ -73.134315277999974, 4.472460556000044, 233.179799999998068 ], [ -73.134366388999979, 4.47242916700003, 233.090800000005402 ], [ -73.134430555999984, 4.47239, 232.950100000001839 ], [ -73.134525, 4.472333889000026, 232.742800000007264 ], [ -73.134618055999965, 4.472274722000066, 232.524199999999837 ], [ -73.134710555999959, 4.472213611000029, 232.392300000006799 ], [ -73.134775555999965, 4.47217222200004, 232.226399999999558 ], [ -73.13483, 4.472138056000063, 232.033999999999651 ], [ -73.13492055599994, 4.472080833000064, 232.007100000002538 ], [ -73.134988332999967, 4.472038056000031, 232.452199999999721 ], [ -73.135043332999942, 4.472003333000032, 232.871700000003329 ], [ -73.135043888999974, 4.472003056000062, 232.876300000003539 ], [ -73.13509, 4.471973889000026, 233.268500000005588 ], [ -73.135123888999942, 4.471952500000043, 233.580199999996694 ], [ -73.135216666999952, 4.471894444000043, 234.393200000005891 ], [ -73.135301666999965, 4.471841389000076, 234.884699999995064 ], [ -73.135348888999943, 4.471811944000024, 235.038400000004913 ], [ -73.135415, 4.471768611000073, 235.174799999993411 ], [ -73.135472499999935, 4.471730833000038, 235.161500000001979 ], [ -73.135527777999982, 4.471695, 235.10109999999986 ], [ -73.13562, 4.471634722000033, 234.996700000003329 ], [ -73.135708332999968, 4.471576389000063, 234.944600000002538 ], [ -73.1358, 4.471515556000043, 234.719899999996414 ], [ -73.135892221999939, 4.471455556000024, 234.498300000006566 ], [ -73.135984166999947, 4.471395278000045, 234.315000000002328 ], [ -73.136072499999955, 4.471337222000045, 234.73859999999695 ], [ -73.136163888999988, 4.471276111000066, 235.477400000003399 ], [ -73.136254721999933, 4.47121472200007, 236.037100000001374 ], [ -73.136345555999981, 4.471153611000034, 236.496299999998882 ], [ -73.136434443999974, 4.471096111000065, 236.804699999993318 ], [ -73.136521388999938, 4.471040556000048, 236.939100000003236 ], [ -73.136611110999979, 4.470982778000064, 235.814799999992829 ], [ -73.136617499999943, 4.470978611000021, 235.740000000005239 ], [ -73.136635832999957, 4.47096722200007, 235.53059999999823 ], [ -73.136656666999954, 4.470958611000071, 235.307400000005146 ], [ -73.136668610999948, 4.470955278000076, 235.184200000003329 ], [ -73.136672499999975, 4.470954444000029, 235.144799999994575 ], [ -73.136718888999951, 4.470953056000042, 234.688999999998487 ], [ -73.136762499999975, 4.470955278000076, 234.263500000000931 ], [ -73.136877499999969, 4.470961944000067, 233.780299999998533 ], [ -73.136992499999963, 4.470968889000062, 233.474700000006123 ], [ -73.137014443999988, 4.470970278000038, 233.41370000000461 ], [ -73.137023332999945, 4.470970556000054, 233.389699999999721 ], [ -73.137035277999985, 4.470971389000056, 233.35580000000482 ], [ -73.13705166699998, 4.470972500000073, 233.30899999999383 ], [ -73.137107499999956, 4.470975833000068, 233.581399999995483 ], [ -73.13722249999995, 4.470981944000073, 234.306200000006356 ], [ -73.137337221999985, 4.470987500000035, 235.0 ], [ -73.137345832999983, 4.470988056000067, 235.0 ], [ -73.13737611099998, 4.470988889000068, 235.0 ], [ -73.137441110999987, 4.47098416700004, 235.0 ], [ -73.137492221999935, 4.470972778000032, 235.0 ], [ -73.137500832999933, 4.470969444000048, 235.0 ], [ -73.137503610999943, 4.47096833300003, 235.0 ], [ -73.137541388999978, 4.47094861100004, 235.0 ], [ -73.137590277999948, 4.470918889000075, 235.0 ], [ -73.137611943999957, 4.470905556000048, 235.0432 ], [ -73.137705555999958, 4.470848056000023, 235.389299999995274 ], [ -73.137798888999953, 4.470790556000054, 235.734299999996438 ], [ -73.137891943999989, 4.47073277800007, 236.148199999995995 ], [ -73.137985, 4.470674167000027, 236.060899999996764 ], [ -73.138078332999953, 4.470616389000043, 235.676000000006752 ], [ -73.138171388999979, 4.470557778000057, 235.04649999999674 ], [ -73.138265, 4.4705, 234.526100000002771 ], [ -73.138358332999985, 4.470441944000072, 233.996700000003329 ], [ -73.13845166699997, 4.470383889000061, 233.456399999995483 ], [ -73.138545, 4.470325556000034, 233.162299999996321 ], [ -73.138638055999934, 4.470267222000075, 233.017099999997299 ], [ -73.138730277999969, 4.470207778000031, 233.230200000005425 ], [ -73.13878833299998, 4.470170556000028, 233.505199999999604 ], [ -73.138885, 4.470122222000043, 233.86250000000291 ], [ -73.138913055999978, 4.470112222000068, 233.936499999996158 ], [ -73.139012777999937, 4.470075833000067, 234.516300000002957 ], [ -73.139095555999972, 4.470044444000052, 235.114900000000489 ], [ -73.139106943999934, 4.47004, 235.192299999995157 ], [ -73.139206943999966, 4.470000833000029, 235.813500000003842 ], [ -73.139216943999941, 4.469996944000059, 235.869600000005448 ], [ -73.139308888999949, 4.469939444000033, 236.142200000002049 ], [ -73.139370832999987, 4.469881667000038, 235.875899999999092 ], [ -73.139449721999938, 4.469806667000057, 235.239900000000489 ], [ -73.139529166999978, 4.469730556000059, 234.448699999993551 ], [ -73.139606943999979, 4.469656389000022, 234.330300000001444 ], [ -73.139685555999961, 4.469579722000049, 234.582699999999022 ], [ -73.139764443999979, 4.469502778000049, 235.0 ], [ -73.139843888999962, 4.46942666700005, 235.0 ], [ -73.139923332999956, 4.469349722000061, 234.716000000000349 ], [ -73.140003888999956, 4.469274722000023, 234.439100000003236 ], [ -73.140085, 4.469203611000069, 234.29649999999674 ], [ -73.140091388999963, 4.469198333000065, 234.300399999992806 ], [ -73.140155832999938, 4.469143889000065, 234.505999999993946 ], [ -73.140196943999968, 4.469109167000056, 234.908400000000256 ], [ -73.140232499999968, 4.46907972200006, 235.345900000000256 ], [ -73.140295, 4.469028611000056, 236.31590000000142 ], [ -73.14037583299995, 4.468963056000064, 238.656300000002375 ], [ -73.140458610999985, 4.468895833000033, 241.751900000002934 ], [ -73.140542499999981, 4.468826944000057, 245.392399999996996 ], [ -73.140575277999972, 4.468800556000076, 246.850699999995413 ], [ -73.140660555999943, 4.468731111000068, 250.553899999998976 ], [ -73.140712777999966, 4.468688333000046, 252.666700000001583 ], [ -73.140785, 4.468629167000074, 255.387799999996787 ], [ -73.140798888999939, 4.468618056000025, 255.880099999994854 ], [ -73.140884166999967, 4.468550278000066, 257.276400000002468 ], [ -73.140971388999958, 4.468483056000025, 257.275399999998626 ], [ -73.141057777999947, 4.468415556000025, 256.79649999999674 ], [ -73.141139443999975, 4.468350278000059, 256.051600000006147 ], [ -73.141224443999988, 4.468280833000051, 255.538799999994808 ], [ -73.141304443999957, 4.468215278000059, 255.054699999993318 ], [ -73.141389721999985, 4.468145833000051, 254.5396999999939 ], [ -73.141471388999946, 4.468079167000042, 254.041899999996531 ], [ -73.141556666999975, 4.46801, 253.855899999995017 ], [ -73.141641943999957, 4.467940833000057, 253.5432 ], [ -73.141727221999986, 4.467871667000054, 253.069399999993038 ], [ -73.141812499999958, 4.46780194400003, 252.431500000006054 ], [ -73.141896388999953, 4.467733333000069, 251.867400000002817 ], [ -73.141981943999951, 4.467664167000066, 251.589300000006915 ], [ -73.142066943999964, 4.467595278000033, 251.359700000000885 ], [ -73.142152221999936, 4.467525833000025, 251.0 ], [ -73.142237499999965, 4.467456667000022, 251.03870000000461 ], [ -73.142285, 4.467417778000026, 251.132199999992736 ], [ -73.142319443999952, 4.467389444000048, 251.231799999994109 ], [ -73.142404721999981, 4.46732, 251.591000000000349 ], [ -73.142487221999943, 4.467253333000031, 252.264599999994971 ], [ -73.142573055999947, 4.467184444000054, 253.874599999995553 ], [ -73.14265, 4.467122778000032, 255.179999999993015 ], [ -73.142658610999945, 4.467115556000067, 255.320699999996577 ], [ -73.142744443999959, 4.467046389000075, 256.577199999999721 ], [ -73.142830277999963, 4.466977500000041, 257.0 ], [ -73.142915832999961, 4.466908056000022, 257.0 ], [ -73.142997777999938, 4.466841389000024, 257.0 ], [ -73.14308, 4.466775, 256.946599999995669 ], [ -73.143165277999969, 4.466705556000022, 256.92609999999695 ], [ -73.143246666999971, 4.466638056000022, 256.44560000000638 ], [ -73.143330832999936, 4.46656888900003, 255.997300000002724 ], [ -73.143416110999965, 4.466499444000021, 255.785900000002584 ], [ -73.143501666999953, 4.46643, 255.801800000001094 ], [ -73.143586943999935, 4.466360278000025, 256.170499999992899 ], [ -73.14367249999998, 4.466290833000073, 256.702699999994365 ], [ -73.143757777999951, 4.466221389000054, 257.395099999994272 ], [ -73.143841110999972, 4.466153333000022, 258.228700000006938 ], [ -73.143924443999936, 4.466086111000038, 259.212899999998626 ], [ -73.144010555999955, 4.466017222000062, 260.386899999997695 ], [ -73.144096110999953, 4.465948056000059, 261.711500000004889 ], [ -73.14418083299995, 4.465878056000065, 262.615000000005239 ], [ -73.144265277999978, 4.465807222000024, 263.040800000002491 ], [ -73.14435, 4.46573722200003, 263.307799999995041 ], [ -73.144432499999937, 4.465670278000061, 262.43399999999383 ], [ -73.144517499999949, 4.465601389000028, 261.046799999996438 ], [ -73.144602499999962, 4.465532500000052, 259.595600000000559 ], [ -73.144687777999934, 4.465463611000075, 258.484400000001187 ], [ -73.144773332999989, 4.465394722000042, 257.314100000003236 ], [ -73.144858888999977, 4.465325556000039, 256.481899999998859 ], [ -73.144944443999975, 4.465256944000032, 256.337799999993877 ], [ -73.14503, 4.465187778000029, 256.349799999996321 ], [ -73.14511194399995, 4.46512111100003, 256.2103000000061 ], [ -73.145196943999963, 4.465051111000037, 256.151899999997113 ], [ -73.14527888899994, 4.464984444000038, 256.038400000004913 ], [ -73.145364443999938, 4.464915556000051, 255.9146999999939 ], [ -73.145447777999948, 4.46485, 255.771099999998114 ], [ -73.145531110999968, 4.464785278000022, 254.603000000002794 ], [ -73.145616943999983, 4.464716389000046, 253.079599999997299 ], [ -73.14568388899994, 4.464660833000039, 251.884699999995064 ], [ -73.145767499999977, 4.46459, 251.141699999992852 ], [ -73.145851388999972, 4.464519167000049, 250.939899999997579 ], [ -73.145868610999969, 4.464505, 250.924700000003213 ], [ -73.145953888999941, 4.464435833000039, 250.947700000004261 ], [ -73.146039443999939, 4.464366944000062, 251.449200000002747 ], [ -73.146124721999968, 4.464297500000043, 252.049400000003516 ], [ -73.146210277999955, 4.464228611000067, 252.650399999998626 ], [ -73.146294166999951, 4.46416, 253.135299999994459 ], [ -73.146379443999933, 4.464090833000057, 253.450500000006286 ], [ -73.146465, 4.464021667000054, 253.766699999992852 ], [ -73.146482221999975, 4.464007778000052, 253.803599999999278 ], [ -73.146537499999965, 4.463963333000038, 253.489600000000792 ], [ -73.146623055999953, 4.463894167000035, 252.867499999993015 ], [ -73.146696666999958, 4.463834444000042, 252.459700000006706 ], [ -73.146782499999972, 4.463765833000025, 252.143500000005588 ], [ -73.146861110999964, 4.463702500000068, 252.262000000002445 ], [ -73.146946666999952, 4.463633333000075, 252.760699999998906 ], [ -73.147031943999934, 4.463563889000056, 253.420100000003004 ], [ -73.147117777999938, 4.463494722000064, 253.90240000000631 ], [ -73.147203332999936, 4.463425833000031, 254.077699999994365 ], [ -73.14728916699994, 4.463356944000054, 254.334199999997509 ], [ -73.147374721999938, 4.463288056000067, 254.665500000002794 ], [ -73.147460555999942, 4.463218889000075, 254.920800000007148 ], [ -73.14754611099994, 4.463149722000026, 255.352400000003399 ], [ -73.147631388999969, 4.463080833000049, 255.939100000003236 ], [ -73.147716943999967, 4.463011944000073, 256.763999999995576 ], [ -73.147788888999969, 4.462954167000021, 257.456600000004983 ], [ -73.147874443999967, 4.46288555600006, 258.279500000004191 ], [ -73.14796, 4.462816389000068, 258.813999999998487 ], [ -73.148045277999984, 4.462747500000035, 259.322700000004261 ], [ -73.14813, 4.462677500000041, 259.839600000006612 ], [ -73.148214721999977, 4.462607222000031, 260.179300000003423 ], [ -73.148296666999954, 4.462539444000072, 260.42949999999837 ], [ -73.148381666999967, 4.462470278000069, 260.684899999992922 ], [ -73.148467499999981, 4.462401944000021, 260.958400000003166 ], [ -73.148553610999954, 4.462333889000035, 260.719800000006217 ], [ -73.148639721999984, 4.46226583300006, 260.206200000000536 ], [ -73.148725832999958, 4.462197778000075, 259.655899999997928 ], [ -73.148811388999945, 4.462129167000057, 259.135599999994156 ], [ -73.148896110999942, 4.46206, 258.250199999994948 ], [ -73.148980277999954, 4.461991111000032, 257.148600000000442 ], [ -73.149065, 4.46192166700007, 256.048699999999371 ], [ -73.149084760999983, 4.461905548000061, 255.816300000005867 ], [ -73.149146388999952, 4.46185527800003, 255.147200000006706 ], [ -73.149238055999945, 4.461795833000053, 254.28530000000319 ], [ -73.149335555999983, 4.461745278000024, 253.311100000006263 ], [ -73.14934750599997, 4.461739057000045, 253.200700000001234 ], [ -73.149355832999959, 4.461734722000074, 253.12489999999525 ], [ -73.14937, 4.461727500000052, 253.000199999994948 ], [ -73.14943055599997, 4.461697500000071, 252.509399999995367 ], [ -73.149467777999973, 4.461678333000066, 252.223899999997229 ], [ -73.149521388999972, 4.461638333000053, 251.728400000007241 ], [ -73.149546666999981, 4.46160388900006, 251.347099999999045 ], [ -73.149561388999985, 4.461581944000045, 251.104200000001583 ], [ -73.149598332999972, 4.461526389000028, 250.600200000000768 ], [ -73.149611943999957, 4.461505833000047, 250.409700000003795 ], [ -73.149631666999937, 4.46147638900004, 250.123300000006566 ], [ -73.149665, 4.461426111000037, 249.598400000002584 ], [ -73.149673332999953, 4.461413889000028, 249.463399999993271 ], [ -73.149698332999947, 4.46137611100005, 249.030499999993481 ], [ -73.149732221999955, 4.461325556000077, 248.409599999999045 ], [ -73.149734721999948, 4.46132166700005, 248.36019999999553 ], [ -73.149765555999977, 4.461275278000073, 248.120999999999185 ], [ -73.149796110999944, 4.461229444000026, 248.286800000001676 ], [ -73.149799166999969, 4.461225, 248.307700000004843 ], [ -73.149832777999961, 4.461174722000067, 248.567899999994552 ], [ -73.149857499999939, 4.461137500000063, 248.789900000003399 ], [ -73.149866388999953, 4.461124167000037, 248.875599999999395 ], [ -73.149899721999986, 4.461074444000076, 249.224199999996927 ], [ -73.14991916699995, 4.461045556000045, 249.447799999994459 ], [ -73.149933332999979, 4.461024444000032, 249.713399999993271 ], [ -73.149970832999941, 4.460968333000039, 251.138900000005378 ], [ -73.149980555999946, 4.46095333300002, 251.547000000005937 ], [ -73.149984443999983, 4.460947778000047, 251.703200000003562 ], [ -73.150006110999982, 4.460913056000038, 252.697199999995064 ], [ -73.150034721999987, 4.460849167000049, 254.561100000006263 ], [ -73.150042777999943, 4.460827778000066, 255.200200000006589 ], [ -73.150066868999943, 4.46076118700006, 256.955000000001746 ], [ -73.150072221999949, 4.460746389000064, 257.052599999995437 ], [ -73.150079166999944, 4.46072722200006, 257.133300000001327 ], [ -73.150133610999944, 4.460632222000072, 257.621400000003632 ], [ -73.150167777999968, 4.460590278000041, 257.905199999993783 ], [ -73.150208332999966, 4.460540833000039, 258.290699999997742 ], [ -73.150237777999962, 4.460505, 258.604500000001281 ], [ -73.150308055999972, 4.460420278000072, 258.976899999994203 ], [ -73.150379443999952, 4.460336667000036, 259.0 ], [ -73.150450832999979, 4.460253889000057, 259.0 ], [ -73.150499443999934, 4.460195833000057, 259.079599999997299 ], [ -73.150568888999942, 4.460110556000075, 259.3943 ], [ -73.150636666999958, 4.460026389000063, 259.467699999993783 ], [ -73.150706388999936, 4.459942500000068, 259.5818 ], [ -73.150723888999948, 4.459921389000044, 259.632599999997183 ], [ -73.150793888999942, 4.459837222000033, 259.73410000000149 ], [ -73.150863888999936, 4.459753056000068, 259.684500000003027 ], [ -73.150933610999971, 4.459668333000025, 259.779599999994389 ], [ -73.151004443999966, 4.459583889000044, 260.316900000005262 ], [ -73.151076110999952, 4.4595, 261.010500000003958 ], [ -73.151147777999938, 4.459416389000069, 261.936300000001211 ], [ -73.151219443999935, 4.459332500000073, 262.778099999995902 ], [ -73.151290832999962, 4.459248611000021, 263.405199999993783 ], [ -73.151361943999973, 4.45916416700004, 263.871299999998882 ], [ -73.151431388999981, 4.459078611000052, 263.594899999996414 ], [ -73.151498888999981, 4.458991389000062, 262.951199999995879 ], [ -73.151566388999981, 4.458904444000041, 262.309500000003027 ], [ -73.151633888999982, 4.458817500000066, 261.645799999998417 ], [ -73.151701388999982, 4.458730833000061, 261.144799999994575 ], [ -73.151769166999941, 4.45864388900003, 260.75350000000617 ], [ -73.151836666999941, 4.458556944000065, 260.361199999999371 ], [ -73.151904721999983, 4.458470556000066, 259.975000000005821 ], [ -73.15197361099996, 4.458384444000046, 259.442899999994552 ], [ -73.152042221999977, 4.458298056000046, 259.0 ], [ -73.152110555999968, 4.458211667000057, 259.0 ], [ -73.152157221999971, 4.45815250000004, 259.0 ], [ -73.15217888899997, 4.458125, 259.0 ], [ -73.152246666999986, 4.458037778000062, 259.087499999994179 ], [ -73.152313610999954, 4.457950556000071, 259.012900000001537 ], [ -73.152381110999954, 4.457864167000025, 258.943499999993946 ], [ -73.152449166999986, 4.457778333000022, 258.878899999996065 ], [ -73.152494166999986, 4.45772194400007, 259.099799999996321 ], [ -73.152563055999963, 4.457636111000056, 259.756800000002841 ], [ -73.15263194399995, 4.45755, 260.575599999996484 ], [ -73.1527, 4.457463611000037, 261.479699999996228 ], [ -73.152767777999941, 4.457377500000064, 262.029099999999744 ], [ -73.152835, 4.457292222000035, 262.0625 ], [ -73.152902777999941, 4.457205833000046, 262.0 ], [ -73.152970555999957, 4.45711916700003, 262.0 ], [ -73.153038888999959, 4.457033056000057, 262.157999999995809 ], [ -73.153106943999944, 4.456946389000052, 262.921300000001793 ], [ -73.153175555999951, 4.45686, 263.954500000007101 ], [ -73.153244166999968, 4.456773889000033, 265.471099999995204 ], [ -73.15331249999997, 4.456687500000044, 267.129799999995157 ], [ -73.153381110999987, 4.456601111000055, 267.152100000006612 ], [ -73.153449166999962, 4.456514444000049, 267.486900000003516 ], [ -73.15351777799998, 4.45642805600005, 268.154800000003888 ], [ -73.153565555999933, 4.456368333000057, 268.598199999993085 ], [ -73.153568055999983, 4.456365, 268.592099999994389 ], [ -73.153597777999948, 4.456328333000044, 268.541100000002189 ], [ -73.153666388999966, 4.456243611000048, 268.42269999999553 ], [ -73.153726767999956, 4.456167045000029, 268.303700000004028 ], [ -73.153731666999988, 4.456160833000069, 268.294099999999162 ], [ -73.153734721999967, 4.456156944000043, 268.288000000000466 ], [ -73.153798055999971, 4.456072500000062, 268.469100000002072 ], [ -73.153865, 4.455985, 268.272299999996903 ], [ -73.15393, 4.45590111100006, 267.72269999999844 ], [ -73.153997777999962, 4.455814167000028, 267.151500000007218 ], [ -73.154065832999947, 4.455727778000039, 266.581300000005285 ], [ -73.154134166999938, 4.455641667000066, 266.022899999996298 ], [ -73.154202221999981, 4.455556111000021, 265.314199999993434 ], [ -73.154269443999965, 4.455470278000064, 264.673399999999674 ], [ -73.154335832999948, 4.45538444400006, 264.190499999996973 ], [ -73.154403055999978, 4.455298889000062, 263.903200000000652 ], [ -73.154448610999964, 4.4552, 263.735100000005332 ], [ -73.154465, 4.455125833000068, 263.674799999993411 ], [ -73.15447527799995, 4.455039167000052, 263.460099999996601 ], [ -73.15447527799995, 4.455017222000038, 263.327799999999115 ], [ -73.154475221999974, 4.455012987000032, 263.302400000000489 ], [ -73.154474721999975, 4.454975, 263.074399999997695 ], [ -73.154478610999945, 4.454907778000063, 262.662400000001071 ], [ -73.154486666999958, 4.454868889000068, 262.421400000006543 ], [ -73.154489721999937, 4.454856111000026, 262.343800000002375 ], [ -73.154498888999967, 4.454821389000074, 262.137900000001537 ], [ -73.154527777999988, 4.454753889000074, 260.772899999996298 ], [ -73.154531666999958, 4.454746667000052, 260.560599999997066 ], [ -73.154571110999939, 4.454672778000031, 258.258300000001327 ], [ -73.154575, 4.454665556000066, 258.020300000003772 ], [ -73.154599721999944, 4.454619722000075, 256.456200000000536 ], [ -73.154626388999986, 4.454570833000048, 254.68300000000454 ], [ -73.154632499999934, 4.45455944400004, 254.255600000004051 ], [ -73.154663610999933, 4.454501389000029, 252.108699999997043 ], [ -73.154675832999942, 4.45447861100007, 251.28190000000177 ], [ -73.154695832999948, 4.454440833000035, 249.878800000005867 ], [ -73.154726388999961, 4.454384167000057, 247.692800000004354 ], [ -73.154727777999938, 4.454381389000048, 247.584000000002561 ], [ -73.154759721999937, 4.45432111100007, 245.15570000000298 ], [ -73.154776666999965, 4.45428944400004, 243.836200000005192 ], [ -73.154792499999985, 4.454259722000074, 242.572000000000116 ], [ -73.154824166999958, 4.4542, 241.297999999995227 ], [ -73.154826666999952, 4.454195, 241.206200000000536 ], [ -73.154856110999958, 4.45414, 240.225399999995716 ], [ -73.154876943999966, 4.454100278000055, 239.574900000006892 ], [ -73.154888055999947, 4.454079444000058, 239.250599999999395 ], [ -73.154919443999972, 4.45402, 238.396599999992759 ], [ -73.154926943999953, 4.454005833000053, 238.214300000006915 ], [ -73.154951943999947, 4.453958889000035, 237.692899999994552 ], [ -73.154976943999941, 4.453911667000057, 237.252200000002631 ], [ -73.154983888999936, 4.453898611000056, 237.130300000004354 ], [ -73.155015555999967, 4.453838333000022, 236.568700000003446 ], [ -73.155026388999943, 4.45381777800003, 236.376999999993131 ], [ -73.15505, 4.453773056000045, 235.959900000001653 ], [ -73.15505040499994, 4.453772298000047, 235.952799999999115 ], [ -73.155058610999959, 4.453756944000077, 235.809200000003329 ], [ -73.155122777999964, 4.45367, 234.891300000002957 ], [ -73.155200832999981, 4.453591944000038, 234.084099999992759 ], [ -73.15521694399996, 4.453575556000033, 233.936300000001211 ], [ -73.155237221999982, 4.453554722000035, 233.759000000005472 ], [ -73.155260555999973, 4.453532500000051, 233.580499999996391 ], [ -73.155286388999968, 4.453512222000029, 233.425600000002305 ], [ -73.15537722199997, 4.453451667000024, 233.046199999997043 ], [ -73.155434166999953, 4.453411944000038, 232.989199999996345 ], [ -73.15546055599998, 4.453393056000039, 233.00010000000475 ], [ -73.155516666999972, 4.453353611000068, 233.067999999999302 ], [ -73.155607777999933, 4.453291389000071, 233.303299999999581 ], [ -73.155698332999975, 4.45322972200006, 233.690000000002328 ], [ -73.155788610999934, 4.453166944000031, 234.0 ], [ -73.155876943999942, 4.453100556000038, 234.0 ], [ -73.155963332999988, 4.453032222000047, 234.0 ], [ -73.156049166999935, 4.452965278000022, 234.0 ], [ -73.156135832999951, 4.452898889000039, 234.0 ], [ -73.156226110999967, 4.452835556000025, 234.0 ], [ -73.156318055999975, 4.452775278000047, 234.170700000002398 ], [ -73.156410832999939, 4.452715278000028, 234.513699999995879 ], [ -73.156503610999948, 4.452656389000026, 234.856700000003912 ], [ -73.156596666999974, 4.452597222000065, 235.024099999995087 ], [ -73.156689166999968, 4.452537500000062, 235.184899999992922 ], [ -73.156781666999962, 4.452477778000059, 235.49659999999858 ], [ -73.156874443999982, 4.452418333000026, 236.18640000000596 ], [ -73.156967499999951, 4.452359444000024, 237.14100000000326 ], [ -73.157060555999976, 4.452300556000068, 237.615499999999884 ], [ -73.15715333299994, 4.452241389000051, 237.936700000005658 ], [ -73.157246110999949, 4.452181667000048, 238.3408999999956 ], [ -73.157338888999959, 4.452122222000071, 238.896500000002561 ], [ -73.157431666999969, 4.452063056000043, 238.459300000002258 ], [ -73.157524443999989, 4.452003889000025, 237.630499999999302 ], [ -73.157617221999942, 4.451944722000064, 236.951700000005076 ], [ -73.157711388999985, 4.451887500000055, 236.755399999994552 ], [ -73.157804166999938, 4.451837222000051, 236.761799999992945 ], [ -73.157901110999944, 4.451785, 236.947100000004866 ], [ -73.157997499999965, 4.451733056000023, 237.708499999993364 ], [ -73.158094166999945, 4.451680833000069, 238.333899999997811 ], [ -73.158190555999965, 4.451627778000045, 238.634999999994761 ], [ -73.15828666699997, 4.451575556000023, 238.565499999996973 ], [ -73.158383332999961, 4.451523056000042, 238.789399999994203 ], [ -73.158479166999939, 4.451471111000046, 239.0 ], [ -73.158575832999986, 4.451418889000024, 239.0 ], [ -73.158623888999955, 4.451393056000029, 239.0 ], [ -73.158672777999982, 4.451366667000059, 239.0 ], [ -73.158769721999988, 4.451314167000021, 239.639699999999721 ], [ -73.158866666999984, 4.45126166700004, 240.738500000006752 ], [ -73.158961943999941, 4.45121, 241.387300000002142 ], [ -73.159058888999937, 4.451157778000038, 241.257199999992736 ], [ -73.159155555999973, 4.451105556000073, 241.15559999999823 ], [ -73.159252221999964, 4.45105250000006, 241.134600000004866 ], [ -73.159348610999984, 4.450999444000047, 240.188200000004144 ], [ -73.159442221999939, 4.450948889000074, 239.07839999999851 ], [ -73.159539721999977, 4.450897778000069, 238.185899999996764 ], [ -73.159638055999949, 4.450848056000041, 237.908599999995204 ], [ -73.159735277999971, 4.45079666700002, 237.894000000000233 ], [ -73.15983111099996, 4.450742778000063, 238.00460000000021 ], [ -73.159926943999949, 4.450688333000073, 238.345300000000861 ], [ -73.160023610999986, 4.450636111000051, 238.731199999994715 ], [ -73.160121110999967, 4.450585, 238.980299999995623 ], [ -73.160215832999938, 4.450534167000058, 239.052500000005239 ], [ -73.160312777999934, 4.450482222000062, 238.989700000005541 ], [ -73.160410555999988, 4.450431111000057, 238.90679999999702 ], [ -73.160415277999959, 4.450428611000063, 238.902700000006007 ], [ -73.160507777999953, 4.450379444000021, 238.758600000001024 ], [ -73.160604443999944, 4.45032666700007, 238.499299999995856 ], [ -73.160701388999939, 4.450274167000032, 238.43760000000475 ], [ -73.160798332999946, 4.45022194400002, 238.236499999999069 ], [ -73.160895555999957, 4.45017, 238.207800000003772 ], [ -73.160992777999979, 4.450118333000034, 239.16370000000461 ], [ -73.16109, 4.450066667000044, 240.39419999999518 ], [ -73.161187221999967, 4.450015, 241.728300000002491 ], [ -73.161284443999989, 4.449963333000028, 242.849300000001676 ], [ -73.161381666999944, 4.449911389000022, 243.790500000002794 ], [ -73.161478055999964, 4.449859722000042, 244.132400000002235 ], [ -73.161574443999939, 4.449806944000045, 244.085500000001048 ], [ -73.161590555999965, 4.44979805600002, 244.050199999997858 ], [ -73.16167083299996, 4.449754444000064, 243.76249999999709 ], [ -73.161768610999957, 4.449703333000059, 243.314599999997881 ], [ -73.161866110999938, 4.449652778000029, 243.00109999999404 ], [ -73.161963610999976, 4.449601389000065, 243.0 ], [ -73.162039443999959, 4.44956, 243.0 ], [ -73.16206, 4.449548889000027, 243.0 ], [ -73.162118610999983, 4.449516389000053, 243.0 ], [ -73.162214721999987, 4.449462222000022, 243.0 ], [ -73.16231027799995, 4.449407778000023, 243.621799999993527 ], [ -73.162405555999953, 4.449352778000048, 244.465100000001257 ], [ -73.162501110999983, 4.449298333000058, 245.395099999994272 ], [ -73.162529721999988, 4.449281944000063, 245.732000000003609 ], [ -73.16259888899998, 4.449242222000066, 246.493700000006356 ], [ -73.162694166999984, 4.449186667000049, 247.420899999997346 ], [ -73.162788888999955, 4.449131111000042, 247.903900000004796 ], [ -73.162883888999943, 4.449075556000025, 247.348100000002887 ], [ -73.162979443999973, 4.44902055600005, 246.79769999999553 ], [ -73.163075, 4.448965833000045, 246.391600000002654 ], [ -73.163166666999984, 4.448913333000064, 246.13640000000305 ], [ -73.163261666999972, 4.448858056000063, 246.010099999999511 ], [ -73.16335666699996, 4.448802500000056, 246.335900000005495 ], [ -73.163433055999974, 4.448757778000072, 246.783599999995204 ], [ -73.163451666999947, 4.448746667000023, 246.893400000000838 ], [ -73.163546666999935, 4.448690833000057, 247.450899999996182 ], [ -73.163641666999979, 4.44863527800004, 248.007400000002235 ], [ -73.163736943999936, 4.448579444000075, 248.56600000000617 ], [ -73.16383194399998, 4.448523889000057, 248.782900000005611 ], [ -73.163926943999968, 4.448468056000024, 249.117499999993015 ], [ -73.164022221999971, 4.448412778000034, 249.351299999994808 ], [ -73.164117777999934, 4.448357778000059, 249.435100000002421 ], [ -73.164213055999937, 4.448302500000068, 249.029099999999744 ], [ -73.164308332999951, 4.448246944000061, 248.476399999999558 ], [ -73.164403610999955, 4.44819194400003, 247.864199999996345 ], [ -73.164499166999974, 4.448136667000028, 247.702799999999115 ], [ -73.164594721999947, 4.448081667000054, 247.831600000004983 ], [ -73.164610277999941, 4.448072500000023, 247.878599999996368 ], [ -73.16469, 4.448026389000063, 248.365900000004331 ], [ -73.164785, 4.44797055600003, 249.01140000000305 ], [ -73.16488, 4.447914722000064, 249.36710000000312 ], [ -73.164974443999938, 4.447859167000047, 249.300399999992806 ], [ -73.165068055999939, 4.447804167000072, 249.036900000006426 ], [ -73.165163332999953, 4.447748889000025, 248.842399999994086 ], [ -73.165258888999972, 4.447693333000075, 248.707399999999325 ], [ -73.16535388899996, 4.447637778000058, 248.299499999993714 ], [ -73.165449166999963, 4.447582222000051, 247.746799999993527 ], [ -73.165544443999977, 4.44752694400006, 247.536800000001676 ], [ -73.16564, 4.447471667000059, 247.601299999994808 ], [ -73.165735277999943, 4.447416111000052, 247.730299999995623 ], [ -73.165829443999939, 4.447361111000021, 248.210800000000745 ], [ -73.165924721999943, 4.44730555600006, 248.710099999996601 ], [ -73.166020277999962, 4.447250556000029, 249.213499999998021 ], [ -73.166115832999935, 4.447195278000038, 249.825100000001839 ], [ -73.16621083299998, 4.447139444000072, 250.709400000007008 ], [ -73.166304443999934, 4.44708166700002, 251.592199999999139 ], [ -73.166396666999958, 4.447021667000058, 252.154800000003888 ], [ -73.166488888999936, 4.446961944000066, 252.7163 ], [ -73.166581388999987, 4.44690166700002, 253.236499999999069 ], [ -73.166664443999935, 4.446846944000072, 253.850600000005215 ], [ -73.166756666999959, 4.446786944000053, 254.532500000001164 ], [ -73.166848610999978, 4.44672722200005, 255.318599999998696 ], [ -73.16694, 4.446667778000062, 256.32039999999688 ], [ -73.167031666999947, 4.446608611000045, 257.157000000006519 ], [ -73.16712416699994, 4.446549167000057, 257.78530000000319 ], [ -73.167216110999959, 4.446489167000038, 258.243499999996857 ], [ -73.167308055999968, 4.44642888900006, 258.700700000001234 ], [ -73.167400555999961, 4.446369444000027, 259.422000000005937 ], [ -73.167485555999974, 4.446314722000068, 260.252600000007078 ], [ -73.167576388999976, 4.44625277800003, 261.153000000005704 ], [ -73.167662777999965, 4.446184167000069, 262.023199999995995 ], [ -73.167748055999937, 4.446114444000045, 262.902600000001257 ], [ -73.167833055999949, 4.446044444000051, 263.574699999997392 ], [ -73.167918610999948, 4.445974722000074, 264.036200000002282 ], [ -73.168004721999978, 4.445905556000071, 264.319799999997485 ], [ -73.168078055999956, 4.445847222000054, 264.594500000006519 ], [ -73.168164166999986, 4.445778333000021, 264.658400000000256 ], [ -73.168248332999951, 4.445711389000053, 264.689700000002631 ], [ -73.168334443999981, 4.445642500000076, 264.411900000006426 ], [ -73.168420555999944, 4.445573889000059, 263.802299999995739 ], [ -73.168506943999944, 4.445505278000041, 263.042400000005728 ], [ -73.168593332999933, 4.445436667000024, 262.282399999996414 ], [ -73.168679166999937, 4.445367500000032, 261.516199999998207 ], [ -73.168764721999935, 4.44529805600007, 261.0 ], [ -73.16885, 4.44522888900002, 261.0 ], [ -73.168935555999951, 4.44516027800006, 261.0 ], [ -73.169021666999981, 4.445091667000042, 260.860899999999674 ], [ -73.169096388999947, 4.445032500000025, 260.649499999999534 ], [ -73.169107499999939, 4.445023333000051, 260.642200000002049 ], [ -73.169192777999967, 4.444954167000049, 260.582399999999325 ], [ -73.169278055999939, 4.444884167000055, 260.525599999993574 ], [ -73.169363610999937, 4.444814722000046, 260.465800000005402 ], [ -73.169409721999955, 4.444777500000043, 260.432799999995041 ], [ -73.169423523999967, 4.444766593000054, 260.422000000005937 ], [ -73.169449443999952, 4.444746111000029, 260.401800000006915 ], [ -73.169536110999957, 4.444677778000028, 260.374500000005355 ], [ -73.169621666999944, 4.444608889000051, 260.628800000005867 ], [ -73.169643888999985, 4.444590556000037, 260.696500000005472 ], [ -73.169728332999966, 4.44452, 260.956999999994878 ], [ -73.169814721999956, 4.444451667000067, 261.388999999995576 ], [ -73.169855277999943, 4.44442, 261.508600000001024 ], [ -73.169901110999945, 4.444382778000033, 261.565700000006473 ], [ -73.169986388999973, 4.444313333000025, 261.424700000003213 ], [ -73.170017221999956, 4.444289167000022, 261.292799999995623 ], [ -73.170103332999986, 4.444221111000047, 260.862599999993108 ], [ -73.170189166999933, 4.444152222000071, 260.545299999997951 ], [ -73.170275, 4.444083611000053, 260.228099999992992 ], [ -73.170361110999977, 4.44401472200002, 259.925799999997253 ], [ -73.17044722199995, 4.443945556000074, 259.623300000006566 ], [ -73.17053333299998, 4.443876944000067, 259.513900000005378 ], [ -73.170619443999954, 4.443808056000023, 259.585600000005797 ], [ -73.170705555999973, 4.443738889000031, 259.841000000000349 ], [ -73.170791110999971, 4.443669722000038, 260.0 ], [ -73.170875277999983, 4.443601667000053, 260.0 ], [ -73.170961666999972, 4.443533056000035, 260.18640000000596 ], [ -73.171048332999987, 4.443464722000044, 260.538000000000466 ], [ -73.171105, 4.443419444000028, 260.857099999993807 ], [ -73.17115, 4.443383333000043, 261.1538 ], [ -73.171195277999971, 4.443346944000041, 261.288100000005215 ], [ -73.171240555999987, 4.443310833000055, 261.421400000006543 ], [ -73.171324721999952, 4.443243333000055, 261.670700000002398 ], [ -73.171410832999982, 4.443174722000037, 261.923999999999069 ], [ -73.171496943999955, 4.443105833000061, 262.356700000003912 ], [ -73.171583055999974, 4.443036944000028, 262.865399999995134 ], [ -73.171669166999948, 4.442968056000041, 263.373999999996158 ], [ -73.171755277999978, 4.442899167000064, 263.667700000005425 ], [ -73.17184055599995, 4.44283, 263.418000000005122 ], [ -73.171926388999964, 4.442761389000054, 262.78530000000319 ], [ -73.172012221999978, 4.442692500000021, 262.238400000002002 ], [ -73.172096943999975, 4.442624444000046, 262.021900000007008 ], [ -73.172181666999961, 4.442556111000044, 261.658999999999651 ], [ -73.172267777999934, 4.442487500000027, 261.066699999995762 ], [ -73.172323610999968, 4.442442222000068, 260.831600000004983 ], [ -73.17240861099998, 4.442372500000033, 260.736499999999069 ], [ -73.172492777999935, 4.442302222000023, 260.546900000001187 ], [ -73.172577777999948, 4.442232500000046, 259.448699999993551 ], [ -73.172606666999968, 4.442209167000044, 258.96020000000135 ], [ -73.172691666999981, 4.44213916700005, 257.177599999995437 ], [ -73.172770277999973, 4.442075833000047, 255.126199999998789 ], [ -73.172857221999948, 4.442008889000022, 255.088499999998021 ], [ -73.172944443999938, 4.441941389000021, 255.161699999996927 ], [ -73.17303, 4.44187194400007, 255.221499999999651 ], [ -73.173100277999936, 4.441815278000036, 255.044599999993807 ], [ -73.173187221999967, 4.44174722200006, 254.909899999998743 ], [ -73.173274443999958, 4.44168, 254.93760000000475 ], [ -73.173361666999938, 4.441612500000076, 255.125599999999395 ], [ -73.173448332999953, 4.441544444000044, 255.473400000002584 ], [ -73.173535, 4.441476389000059, 255.59320000000298 ], [ -73.173622221999949, 4.441408611000043, 255.619600000005448 ], [ -73.17370916699997, 4.441341111000042, 255.62949999999546 ], [ -73.173795832999986, 4.441273056000057, 255.7981 ], [ -73.173882499999934, 4.441205, 255.782500000001164 ], [ -73.173968610999964, 4.44113694400005, 255.361799999998766 ], [ -73.174054721999937, 4.441068611000048, 254.779399999999441 ], [ -73.174138610999989, 4.440998333000039, 253.975999999995111 ], [ -73.174215277999963, 4.440930278000053, 253.04670000000624 ], [ -73.174271566999948, 4.440876951000064, 252.539199999999255 ], [ -73.174294443999941, 4.440855278000072, 252.379700000004959 ], [ -73.174338055999954, 4.440811667000048, 252.147200000006706 ], [ -73.174370832999955, 4.440778889000057, 252.040699999997742 ], [ -73.174414166999952, 4.44073555600005, 252.0 ], [ -73.174430555999948, 4.440719444000024, 252.0 ], [ -73.174488610999958, 4.44067083300007, 252.11689999999362 ], [ -73.174518055999954, 4.440653056000031, 252.213499999998021 ], [ -73.174524166999959, 4.44064944400003, 252.236799999998766 ], [ -73.17454749999996, 4.440635833000044, 252.33629999999539 ], [ -73.17460861099994, 4.4406, 252.680200000002515 ], [ -73.174619166999946, 4.44059388900007, 252.751300000003539 ], [ -73.174664443999973, 4.440567500000043, 253.097299999993993 ], [ -73.174714166999934, 4.440538333000063, 253.439700000002631 ], [ -73.17472, 4.440535, 253.474100000006729 ], [ -73.174775832999956, 4.440502222000021, 253.75340000000142 ], [ -73.174809166999978, 4.440482778000046, 253.872000000003027 ], [ -73.174831388999962, 4.440469722000046, 253.931700000001001 ], [ -73.174887221999938, 4.440436944000055, 254.032500000001164 ], [ -73.174900832999981, 4.440429167000048, 254.061199999996461 ], [ -73.174942777999945, 4.440404444000023, 254.193100000004051 ], [ -73.174996110999984, 4.440373333000025, 254.53509999999369 ], [ -73.174998332999962, 4.440371944000049, 254.54649999999674 ], [ -73.175054166999985, 4.440339167000047, 254.752500000002328 ], [ -73.175086943999986, 4.440319722000027, 254.802999999999884 ], [ -73.175109721999945, 4.440306389000057, 254.80800000000454 ], [ -73.175165555999968, 4.440273611000066, 254.714399999997113 ], [ -73.175179166999953, 4.440265556000043, 254.668399999995017 ], [ -73.175221110999985, 4.440241111000034, 254.598899999997229 ], [ -73.175270555999987, 4.440212222000071, 254.75109999999404 ], [ -73.175276943999961, 4.44020861100006, 254.771699999997509 ], [ -73.175338055999987, 4.440172778000033, 254.959000000002561 ], [ -73.175361388999988, 4.440159167000047, 255.022100000001956 ], [ -73.175367777999952, 4.44015527800002, 255.03509999999369 ], [ -73.175395277999939, 4.44013833300005, 255.073399999993853 ], [ -73.175453055999981, 4.44008666700006, 254.903699999995297 ], [ -73.17546277799994, 4.440076111000053, 254.839200000002165 ], [ -73.175473888999989, 4.44006416700006, 254.759900000004563 ], [ -73.175534308999943, 4.439997543000061, 254.173899999994319 ], [ -73.175536110999985, 4.439995556000042, 254.157900000005611 ], [ -73.175553055999956, 4.439976944000023, 254.012700000006589 ], [ -73.175617777999946, 4.439923889000056, 253.702199999999721 ], [ -73.175696110999979, 4.43986916700004, 253.552800000004936 ], [ -73.175759581999955, 4.439825120000023, 253.50800000000163 ], [ -73.175760555999943, 4.439824444000067, 253.510200000004261 ], [ -73.175851666999961, 4.439761944000054, 253.722200000003795 ], [ -73.175942777999978, 4.439700833000074, 253.944499999997788 ], [ -73.176034443999981, 4.439639722000038, 254.168000000005122 ], [ -73.176126943999975, 4.439580833000036, 254.923800000004121 ], [ -73.176219443999969, 4.439521667000065, 255.596900000004098 ], [ -73.176314443999956, 4.439466667000033, 256.059899999992922 ], [ -73.176342777999935, 4.439453611000033, 256.134200000000419 ], [ -73.17642, 4.439417500000047, 256.388900000005378 ], [ -73.176442221999935, 4.439407222000057, 256.47609999999986 ], [ -73.176541110999949, 4.439359722000063, 256.979200000001583 ], [ -73.176639443999989, 4.439311389000068, 258.001300000003539 ], [ -73.176701388999959, 4.439280278000069, 258.585999999995693 ], [ -73.17679888899994, 4.439230833000067, 259.405199999993783 ], [ -73.176896388999978, 4.439180833000023, 260.016499999997905 ], [ -73.176994443999945, 4.439131111000052, 260.567800000004354 ], [ -73.177092777999974, 4.439082222000025, 261.073199999998906 ], [ -73.177191666999988, 4.439033889000029, 261.698099999994156 ], [ -73.177289721999955, 4.438983611000026, 262.223499999992782 ], [ -73.177387499999952, 4.438933611000039, 262.612800000002608 ], [ -73.177485832999935, 4.438883611000051, 262.868900000001304 ], [ -73.177584443999933, 4.438834444000065, 262.990099999995437 ], [ -73.177620277999949, 4.438816667000026, 263.017900000006193 ], [ -73.177719166999964, 4.438768611000057, 263.373200000001816 ], [ -73.177818055999978, 4.438720833000048, 263.540299999993294 ], [ -73.177916388999961, 4.438671944000021, 263.447199999995064 ], [ -73.178014166999958, 4.438621389000048, 263.260399999999208 ], [ -73.178111943999966, 4.438570556000059, 263.072599999999511 ], [ -73.178210555999954, 4.438521111000057, 263.208299999998417 ], [ -73.178308888999936, 4.438471667000044, 263.447400000004563 ], [ -73.178408332999936, 4.438423611000076, 263.545700000002398 ], [ -73.178507499999967, 4.43837555600004, 263.307199999995646 ], [ -73.178604166999946, 4.438327500000071, 262.795499999992899 ], [ -73.178702499999986, 4.438278333000028, 262.143700000000536 ], [ -73.178801388999943, 4.438229444000058, 262.348800000007031 ], [ -73.1789, 4.43818055600002, 262.900899999993271 ], [ -73.178998888999956, 4.438131389000034, 263.550399999992806 ], [ -73.179097221999939, 4.438082222000048, 263.732099999993807 ], [ -73.179195555999968, 4.438032222000061, 263.916899999996531 ], [ -73.179293610999935, 4.437982500000032, 264.10229999999865 ], [ -73.179392221999933, 4.43793305600002, 264.342799999998533 ], [ -73.179490832999988, 4.43788416700005, 264.4519 ], [ -73.179576666999935, 4.437841111000068, 264.537299999996321 ], [ -73.179589443999987, 4.437834722000048, 264.560899999996764 ], [ -73.179688055999975, 4.437785833000021, 264.744900000005146 ], [ -73.179786943999943, 4.437736944000051, 264.930399999997462 ], [ -73.179886110999973, 4.43768833300004, 265.174199999994016 ], [ -73.179984721999972, 4.437639167000043, 265.547200000000885 ], [ -73.180081388999952, 4.437590833000058, 266.053599999999278 ], [ -73.180178888999933, 4.437539444000038, 266.774600000004284 ], [ -73.180276666999987, 4.437488611000049, 267.497700000007171 ], [ -73.180373888999952, 4.437437500000044, 268.08969999999681 ], [ -73.180471388999933, 4.437386389000039, 268.49210000000312 ], [ -73.18056805599997, 4.43733555600005, 268.755499999999302 ], [ -73.180665555999951, 4.437284722000072, 268.955600000001141 ], [ -73.180763888999934, 4.437234722000028, 269.298299999994924 ], [ -73.180862221999973, 4.43718472200004, 269.7837 ], [ -73.18096, 4.437134167000067, 269.764599999994971 ], [ -73.181057777999968, 4.437083333000032, 269.576700000005076 ], [ -73.181155277999949, 4.437031944000069, 269.386899999997695 ], [ -73.181252499999971, 4.436980278000021, 268.838699999992969 ], [ -73.181349721999936, 4.436928611000042, 268.288300000000163 ], [ -73.181447221999974, 4.436877500000037, 268.246899999998277 ], [ -73.181545, 4.436826944000074, 268.646800000002258 ], [ -73.181643055999984, 4.436776667000061, 268.911900000006426 ], [ -73.181740555999966, 4.436726111000041, 269.083199999993667 ], [ -73.181837777999988, 4.436674444000062, 269.068700000003446 ], [ -73.181935, 4.43662305600003, 269.01480000000447 ], [ -73.182031110999958, 4.436573889000044, 269.236300000004121 ], [ -73.182128055999954, 4.436523333000025, 269.594800000006217 ], [ -73.182160555999985, 4.436505556000043, 269.714999999996508 ], [ -73.18225416699994, 4.436450833000038, 270.244300000005751 ], [ -73.182348888999968, 4.436397778000071, 271.645300000003772 ], [ -73.182443332999981, 4.436346667000066, 273.001300000003539 ], [ -73.182535, 4.436291944000061, 273.881999999997788 ], [ -73.182631110999978, 4.436238333000063, 274.323000000003958 ], [ -73.182671666999966, 4.436216667000053, 274.432499999995343 ], [ -73.182695, 4.436204444000055, 274.475800000000163 ], [ -73.182791943999973, 4.436152500000048, 274.320099999997183 ], [ -73.182887777999952, 4.436098333000075, 273.12949999999546 ], [ -73.182983055999955, 4.436043611000059, 272.22280000000319 ], [ -73.183078888999944, 4.435989167000059, 271.364499999996042 ], [ -73.183174721999933, 4.435935, 270.713799999997718 ], [ -73.183271110999954, 4.435881944000073, 270.20329999999376 ], [ -73.183368055999949, 4.435829722000051, 270.55909999999858 ], [ -73.183371110999985, 4.435828056000048, 270.5966000000044 ], [ -73.183457221999959, 4.435782778000032, 271.761199999993551 ], [ -73.183458332999976, 4.435781944000041, 271.778600000005099 ], [ -73.183536371999935, 4.435741804000031, 273.01589999999851 ], [ -73.183555, 4.43573222200007, 273.336599999995087 ], [ -73.183650468999986, 4.435683271000073, 274.730899999995017 ], [ -73.183653055999969, 4.435681944000066, 274.762600000001839 ], [ -73.183686110999986, 4.43566472200007, 275.160399999993388 ], [ -73.183749721999959, 4.435631944000022, 275.880399999994552 ], [ -73.183845277999978, 4.435581944000035, 276.857799999997951 ], [ -73.183908888999952, 4.435547778000057, 276.82039999999688 ], [ -73.184005555999988, 4.435495278000076, 276.462899999998626 ], [ -73.184101943999963, 4.435441667000021, 276.106499999994412 ], [ -73.18419694399995, 4.435387500000047, 275.570300000006682 ], [ -73.184273571999938, 4.435343231000047, 274.727400000003399 ], [ -73.184291666999968, 4.435332778000031, 274.474199999996927 ], [ -73.184385832999965, 4.435277500000041, 272.990799999999581 ], [ -73.184480555999983, 4.435221667000064, 272.983699999997043 ], [ -73.18457583299994, 4.435166944000059, 273.283899999994901 ], [ -73.184671666999975, 4.435113056000034, 273.594500000006519 ], [ -73.18476777799998, 4.435059444000046, 274.584600000001956 ], [ -73.184864721999986, 4.435007222000024, 275.694699999992736 ], [ -73.184961666999982, 4.434954722000043, 276.569099999993341 ], [ -73.185058332999972, 4.434902500000021, 276.898100000005797 ], [ -73.185154721999936, 4.43485, 277.222999999998137 ], [ -73.185249166999938, 4.434796111000026, 277.387799999996787 ], [ -73.185342777999949, 4.434741944000052, 277.333799999993062 ], [ -73.185436943999946, 4.434688333000054, 277.285799999997835 ], [ -73.185532777999981, 4.43463527800003, 277.334300000002258 ], [ -73.185628055999985, 4.434584444000052, 277.576600000000326 ], [ -73.185724166999989, 4.434534167000038, 277.959099999992759 ], [ -73.185821110999939, 4.434482500000058, 278.774999999994179 ], [ -73.185918055999934, 4.434430556000052, 279.913899999999558 ], [ -73.186014721999982, 4.434377500000039, 280.912700000000768 ], [ -73.186111110999946, 4.434325, 281.124400000000605 ], [ -73.186207777999982, 4.43427250000002, 281.130300000004354 ], [ -73.186303332999955, 4.434219722000023, 280.926699999996345 ], [ -73.186398888999975, 4.434166667000056, 279.827999999994063 ], [ -73.186495832999981, 4.434114167000075, 278.723199999993085 ], [ -73.186592499999961, 4.434061389000021, 277.823399999993853 ], [ -73.18668916699994, 4.434008611000024, 277.433399999994435 ], [ -73.186730555999986, 4.433985833000065, 277.265100000004168 ], [ -73.186773332999962, 4.433962500000064, 277.092699999993783 ], [ -73.186785555999961, 4.433955833000027, 277.043399999995017 ], [ -73.18684555599998, 4.433923056000026, 276.877800000002026 ], [ -73.186882221999952, 4.433903056000077, 277.00109999999404 ], [ -73.186978610999972, 4.43385, 277.321899999995367 ], [ -73.187075, 4.433797222000067, 277.644799999994575 ], [ -73.187171388999957, 4.433744722000029, 277.299199999994016 ], [ -73.187193332999982, 4.433733056000051, 277.13749999999709 ], [ -73.187267777999978, 4.433693611000024, 276.538000000000466 ], [ -73.187364443999968, 4.43364222200006, 275.763200000001234 ], [ -73.187443332999976, 4.433599444000038, 275.161300000007031 ], [ -73.18753972199994, 4.43354666700003, 274.414900000003399 ], [ -73.187635832999945, 4.433494167000049, 273.67160000000149 ], [ -73.187732221999966, 4.433441944000037, 273.485000000000582 ], [ -73.18783, 4.433391389000064, 273.74210000000312 ], [ -73.18791472199996, 4.433348889000058, 274.212499999994179 ], [ -73.187979523999957, 4.433316858000069, 274.57050000000163 ], [ -73.188011943999982, 4.433300833000033, 274.749599999995553 ], [ -73.188056388999939, 4.433275556000069, 275.007299999997485 ], [ -73.188099166999962, 4.433237222000059, 275.306899999995949 ], [ -73.188107499999944, 4.43322888900002, 275.368499999996857 ], [ -73.188154443999963, 4.433181667000042, 275.7163 ], [ -73.188169443999982, 4.433166667000023, 275.827099999994971 ], [ -73.188196943999969, 4.43313888900002, 276.031499999997322 ], [ -73.188239721999935, 4.43309638900007, 276.010500000003958 ], [ -73.188247499999989, 4.433088611000073, 275.999800000005052 ], [ -73.188282221999941, 4.433054444000049, 275.934500000003027 ], [ -73.188324721999948, 4.433012222000059, 275.808300000004238 ], [ -73.188325277999979, 4.433011667000073, 275.806299999996554 ], [ -73.188367777999986, 4.432969722000053, 275.632199999992736 ], [ -73.188404443999957, 4.432933333000051, 275.441600000005565 ], [ -73.188410277999935, 4.432927500000062, 275.407699999996112 ], [ -73.188453055999958, 4.432885, 275.132199999992736 ], [ -73.18848277799998, 4.43285555600005, 274.82850000000326 ], [ -73.188495555999964, 4.432842778000065, 274.69550000000163 ], [ -73.18853833299994, 4.432800278000059, 274.284299999999348 ], [ -73.188561110999956, 4.432777778000059, 274.08640000000014 ], [ -73.188581388999978, 4.432757778000052, 273.922099999996135 ], [ -73.188628888999972, 4.432710556000075, 273.578699999998207 ], [ -73.188635832999978, 4.432703611000022, 273.533500000005006 ], [ -73.188680832999978, 4.432668056000068, 273.312900000004447 ], [ -73.188726943999939, 4.432648333000031, 273.194199999998091 ], [ -73.188746134999974, 4.432641685000021, 273.233300000007148 ], [ -73.188769443999945, 4.432633611000028, 273.289600000003702 ], [ -73.188873055999977, 4.432599444000061, 273.546400000006543 ], [ -73.18897777799998, 4.432565278000027, 274.044800000003306 ], [ -73.189082221999968, 4.43253111100006, 275.090299999996205 ], [ -73.189187221999987, 4.432496944000036, 276.200299999996787 ], [ -73.189291943999933, 4.432463056000074, 277.0 ], [ -73.189396388999967, 4.43242888900005, 277.0 ], [ -73.189500832999954, 4.432395278000058, 277.0 ], [ -73.189605832999973, 4.432362500000067, 277.456000000005588 ], [ -73.189708610999958, 4.432330556000068, 278.2387000000017 ], [ -73.189807499999972, 4.432298333000062, 279.28509999999369 ], [ -73.189897499999972, 4.432268056000055, 280.542900000000373 ], [ -73.190001388999974, 4.432233889000031, 281.903200000000652 ], [ -73.190106110999977, 4.432200278000039, 283.221099999995204 ], [ -73.190211388999955, 4.432166944000073, 284.543799999999464 ], [ -73.190316388999975, 4.432133889000056, 285.67160000000149 ], [ -73.190421388999937, 4.432101111000065, 286.783100000000559 ], [ -73.190525277999939, 4.43206888900005, 287.935800000006566 ], [ -73.19063, 4.432035556000073, 288.883799999995972 ], [ -73.190734721999945, 4.43200138900005, 289.018299999996088 ], [ -73.190839443999948, 4.431967500000042, 289.154899999994086 ], [ -73.190943888999982, 4.431933333000075, 288.795199999993201 ], [ -73.191048888999944, 4.431900556000073, 288.022299999996903 ], [ -73.191122221999933, 4.431878056000073, 287.539999999993597 ], [ -73.191152060999968, 4.431868215000065, 287.295700000002398 ], [ -73.191226666999967, 4.431843611000033, 286.684899999992922 ], [ -73.191269443999943, 4.431829167000046, 286.302200000005541 ], [ -73.19137361099996, 4.431794444000047, 285.441300000005867 ], [ -73.191462721999983, 4.431765829000028, 284.887400000006892 ], [ -73.191472221999959, 4.431762778000063, 284.85229999999865 ], [ -73.191576388999977, 4.431729444000041, 284.467000000004191 ], [ -73.191678888999945, 4.431697222000025, 284.087899999998626 ], [ -73.191781388999971, 4.431665, 284.322899999999208 ], [ -73.191880555999944, 4.431633056000067, 284.574099999997998 ], [ -73.191981388999977, 4.431599722000044, 284.625899999999092 ], [ -73.192085832999965, 4.431566667000027, 284.381299999993644 ], [ -73.192186943999957, 4.431534722000038, 284.144799999994575 ], [ -73.192244721999941, 4.431516111000064, 284.002200000002631 ], [ -73.19234, 4.431486389000042, 283.399399999994785 ], [ -73.192345, 4.43148472200005, 283.370999999999185 ], [ -73.192356110999981, 4.431481389000055, 283.3125 ], [ -73.192427777999967, 4.431458611000039, 282.975699999995413 ], [ -73.192455, 4.43145, 282.87149999999383 ], [ -73.192531943999938, 4.431425556000022, 282.825200000006589 ], [ -73.192636666999988, 4.431392222000056, 283.661099999997532 ], [ -73.192706666999982, 4.43137, 284.273100000005797 ], [ -73.192741388999934, 4.431359167000039, 284.592600000003586 ], [ -73.192845555999952, 4.431327500000066, 285.52379999999539 ], [ -73.192950832999941, 4.431295, 286.347500000003492 ], [ -73.193051110999988, 4.431253333000029, 287.005799999998999 ], [ -73.193075832999966, 4.431241944000021, 287.077999999994063 ], [ -73.193101110999976, 4.431230278000044, 287.163100000005215 ], [ -73.193175555999971, 4.431195556000034, 287.366099999999278 ], [ -73.193275277999987, 4.431149444000027, 287.528500000000349 ], [ -73.193374443999971, 4.431105556000034, 287.213099999993574 ], [ -73.193470832999935, 4.431065, 286.614700000005541 ], [ -73.19356583299998, 4.431024444000059, 286.129300000000512 ], [ -73.193663888999936, 4.430978611000057, 286.0 ], [ -73.193761943999959, 4.430929444000071, 286.0 ], [ -73.193828332999942, 4.430896111000038, 286.0 ], [ -73.193858610999939, 4.430879722000043, 286.0 ], [ -73.193950555999947, 4.430828889000054, 286.458700000002864 ], [ -73.194038888999955, 4.430771389000029, 286.800399999992806 ], [ -73.194078717999957, 4.430741094000041, 286.896399999997811 ], [ -73.194110832999968, 4.43071666700007, 286.949800000002142 ], [ -73.194121388999974, 4.430708611000057, 286.962599999998929 ], [ -73.194146388999968, 4.430689722000068, 287.073199999998906 ], [ -73.194207777999964, 4.430643889000066, 287.470700000005309 ], [ -73.194225, 4.430630833000066, 287.568199999994249 ], [ -73.194243888999949, 4.430616944000064, 287.668699999994715 ], [ -73.194304443999954, 4.430572500000039, 287.942699999999604 ], [ -73.194332777999989, 4.430551389000073, 288.044800000003306 ], [ -73.194382221999945, 4.430510278000042, 288.169599999993807 ], [ -73.194412499999942, 4.430474722000042, 288.154899999994086 ], [ -73.194426110999984, 4.430457778000061, 288.092399999994086 ], [ -73.19446, 4.430415556000071, 287.809899999992922 ], [ -73.194477499999948, 4.430393889000072, 287.570000000006985 ], [ -73.194525, 4.430334444000039, 286.911999999996624 ], [ -73.194529166999985, 4.430328889000066, 286.850500000000466 ], [ -73.194571666999934, 4.430275833000053, 286.263099999996484 ], [ -73.194598332999988, 4.43024250000002, 285.894100000004983 ], [ -73.194618610999953, 4.430216667000025, 285.608200000002398 ], [ -73.194665555999961, 4.430157778000023, 284.929099999993923 ], [ -73.194666943999948, 4.430155833000072, 284.893800000005285 ], [ -73.194712221999964, 4.430098611000062, 283.380999999993946 ], [ -73.194735832999982, 4.430069167000056, 282.576400000005378 ], [ -73.194759166999972, 4.43003972200006, 281.812799999999697 ], [ -73.194804721999958, 4.429982500000051, 280.43399999999383 ], [ -73.19480638899995, 4.429980556000032, 280.388500000000931 ], [ -73.194853332999969, 4.429921667000031, 279.122600000002421 ], [ -73.194873610999934, 4.429895833000046, 278.617199999993318 ], [ -73.194900277999977, 4.42986250000007, 278.2307 ], [ -73.194942777999984, 4.429809444000057, 277.733399999997346 ], [ -73.194947221999939, 4.429803889000027, 277.684899999992922 ], [ -73.194994443999974, 4.429744722000066, 277.566800000000512 ], [ -73.19501166699996, 4.429722778000041, 277.582099999999627 ], [ -73.195041110999966, 4.429685556000038, 277.679900000002817 ], [ -73.195080555999937, 4.429636111000036, 277.950500000006286 ], [ -73.195088055999975, 4.42962638900002, 278.020699999993667 ], [ -73.195134721999978, 4.42956722200006, 278.83990000000631 ], [ -73.195149166999954, 4.429549167000062, 279.13300000000163 ], [ -73.195181666999986, 4.429508056000032, 279.849199999996927 ], [ -73.195217777999972, 4.429462222000041, 280.732099999993807 ], [ -73.195228055999962, 4.429448889000071, 281.028500000000349 ], [ -73.195278888999951, 4.429384722000066, 282.490099999995437 ], [ -73.195285832999957, 4.429375556000025, 282.694199999998091 ], [ -73.195290277999959, 4.429370278000022, 282.818299999998999 ], [ -73.19532, 4.429331667000042, 283.637900000001537 ], [ -73.195357777999959, 4.429283333000058, 284.530400000003283 ], [ -73.195381388999976, 4.429254167000067, 285.030799999993178 ], [ -73.195436388999951, 4.42920805600005, 285.939100000003236 ], [ -73.195458332999976, 4.429192778000072, 286.248699999996461 ], [ -73.195525277999934, 4.429145556000037, 286.915900000007241 ], [ -73.195533502999979, 4.429139726000074, 286.971900000004098 ], [ -73.195604443999969, 4.429089444000056, 287.400800000003073 ], [ -73.195615277999934, 4.429081667000048, 287.45789999999397 ], [ -73.195713888999933, 4.429035833000057, 287.39100000000326 ], [ -73.19578249999995, 4.429018889000076, 287.495800000004238 ], [ -73.195888610999987, 4.428992500000049, 287.855400000000373 ], [ -73.195995277999941, 4.428965556000037, 288.133600000001024 ], [ -73.196092221999947, 4.428941111000029, 287.975800000000163 ], [ -73.196199166999975, 4.428915278000034, 287.592999999993481 ], [ -73.196304443999963, 4.428892222000059, 287.251199999998789 ], [ -73.196409721999942, 4.428866111000048, 286.864300000001094 ], [ -73.196493332999978, 4.428844167000022, 286.539199999999255 ], [ -73.196499443999983, 4.42884250000003, 286.514500000004773 ], [ -73.196502221999936, 4.428841944000055, 286.506299999993644 ], [ -73.196565832999966, 4.428826667000067, 286.279899999994086 ], [ -73.196572221999986, 4.428825278000033, 286.269000000000233 ], [ -73.196673888999953, 4.428830278000021, 287.030799999993178 ], [ -73.196686507999971, 4.428833373000032, 287.15219999999681 ], [ -73.196748452999941, 4.428848568000035, 287.717199999999139 ], [ -73.196776943999964, 4.42885555600003, 287.959900000001653 ], [ -73.196777499999939, 4.428855833000057, 287.9658999999956 ], [ -73.19679027799998, 4.428858889000026, 288.07039999999688 ], [ -73.196863055999984, 4.428865278000046, 288.567699999999604 ], [ -73.196896943999946, 4.428859722000027, 288.755000000004657 ], [ -73.19695, 4.428845556000056, 289.026400000002468 ], [ -73.196999443999971, 4.428819722000071, 289.231799999994109 ], [ -73.197009166999976, 4.428813889000025, 289.272500000006403 ], [ -73.197026110999957, 4.428803889000051, 289.353000000002794 ], [ -73.197073332999935, 4.428776667000022, 289.601599999994505 ], [ -73.197121943999946, 4.428748333000044, 289.817599999994854 ], [ -73.197132499999952, 4.428742222000039, 289.834099999992759 ], [ -73.197190832999979, 4.428708333000031, 289.924599999998463 ], [ -73.197217499999965, 4.428692778000027, 289.965700000000652 ], [ -73.197249166999939, 4.428674167000054, 290.013999999995576 ], [ -73.197307777999981, 4.428639722000071, 290.103499999997439 ], [ -73.197312777999969, 4.428636944000061, 290.111699999994016 ], [ -73.197366388999967, 4.42860527800002, 290.192999999999302 ], [ -73.197408055999972, 4.428580833000069, 290.256800000002841 ], [ -73.197425, 4.428570833000038, 290.282500000001164 ], [ -73.19748333299998, 4.428536389000044, 290.372000000003027 ], [ -73.197503610999945, 4.42852472200002, 290.407500000001164 ], [ -73.197541943999965, 4.428501944000061, 290.436300000001211 ], [ -73.197598888999948, 4.428468333000069, 290.392300000006799 ], [ -73.197600277999982, 4.428467500000068, 290.38980000000447 ], [ -73.197658610999952, 4.428433056000074, 290.283599999995204 ], [ -73.197693888999936, 4.42841222200002, 290.452699999994365 ], [ -73.197717499999953, 4.428398056000049, 290.575700000001234 ], [ -73.197775277999938, 4.428363611000066, 290.916299999997136 ], [ -73.197789166999939, 4.428355556000042, 291.007599999997183 ], [ -73.197833610999965, 4.428328889000056, 291.315700000006473 ], [ -73.197884166999984, 4.428298889000075, 291.706999999994878 ], [ -73.197891943999934, 4.428294167000047, 291.77039999999397 ], [ -73.197955555999954, 4.428256389000069, 292.358699999997043 ], [ -73.197979166999971, 4.428242500000067, 292.606599999999162 ], [ -73.197985, 4.428239167000072, 292.666500000006636 ], [ -73.198012221999988, 4.428221944000029, 292.937099999995553 ], [ -73.198071388999949, 4.428170833000024, 293.45339999999851 ], [ -73.19808722199997, 4.428155, 293.572700000004261 ], [ -73.19813, 4.428112500000054, 293.861499999999069 ], [ -73.198149443999966, 4.428093056000023, 293.97609999999986 ], [ -73.198163888999943, 4.42807833300003, 294.053499999994528 ], [ -73.198193332999949, 4.428048333000049, 294.193499999993946 ], [ -73.198232499999961, 4.428008333000037, 293.907800000000861 ], [ -73.198238756999956, 4.428001881000057, 293.857900000002701 ], [ -73.198268332999987, 4.427971389000049, 293.813299999994342 ], [ -73.198346943999979, 4.427910833000055, 293.746199999994133 ], [ -73.198436110999978, 4.427855833000024, 293.619699999995646 ], [ -73.198465832999943, 4.427836667000065, 293.580600000001141 ], [ -73.198522777999983, 4.4278, 293.505499999999302 ], [ -73.198613332999969, 4.427742222000063, 293.384099999995669 ], [ -73.198620277999964, 4.427738056000067, 293.373800000001211 ], [ -73.198668055999974, 4.42770888900003, 293.350099999996019 ], [ -73.198698888999957, 4.42769, 293.373300000006566 ], [ -73.19877166699996, 4.427645556000073, 293.506500000003143 ], [ -73.198836110999935, 4.427605278000044, 293.551999999996042 ], [ -73.198859721999952, 4.427590556000041, 293.532999999995809 ], [ -73.19886444399998, 4.427587500000072, 293.52740000000631 ], [ -73.198920832999988, 4.427552222000031, 293.396299999993062 ], [ -73.198969721999958, 4.427521944000034, 293.194499999997788 ], [ -73.199018888999944, 4.427491389000068, 292.954899999996996 ], [ -73.199111666999954, 4.427434167000058, 292.42609999999695 ], [ -73.199206110999967, 4.42737777800005, 291.479200000001583 ], [ -73.199300832999938, 4.427321389000042, 290.293999999994412 ], [ -73.19939527799994, 4.427264444000059, 288.338499999998021 ], [ -73.199488888999952, 4.427207500000065, 285.662700000000768 ], [ -73.199581388999945, 4.427149444000065, 283.621199999994133 ], [ -73.199670832999971, 4.42709, 282.962599999998929 ], [ -73.199757777999935, 4.42703, 282.297900000005029 ], [ -73.199760555999944, 4.42702805600004, 282.276400000002468 ], [ -73.199793332999946, 4.427005, 282.020999999993364 ], [ -73.199877499999957, 4.426943333000054, 280.884399999995367 ], [ -73.199964443999988, 4.426880556000071, 279.73059999999532 ], [ -73.199994777999962, 4.426859982000053, 279.417900000000373 ], [ -73.199996388999978, 4.426858889000073, 279.401800000006915 ], [ -73.200055555999938, 4.426821389000054, 278.853400000007241 ], [ -73.200148055999989, 4.426762778000068, 278.218800000002375 ], [ -73.20024, 4.426702500000033, 277.656199999997625 ], [ -73.200303332999965, 4.426661667000076, 277.271299999993062 ], [ -73.200393610999981, 4.426601944000026, 277.16809999999532 ], [ -73.200413610999988, 4.426588611000057, 277.23859999999695 ], [ -73.200484443999983, 4.426540833000047, 277.549799999993411 ], [ -73.200575555999933, 4.426479444000051, 278.085500000001048 ], [ -73.200666388999934, 4.426418056000045, 279.109500000005937 ], [ -73.200757221999936, 4.426357222000036, 280.722099999999045 ], [ -73.20081666699997, 4.426317778000055, 282.222999999998137 ], [ -73.200906388999954, 4.426258333000021, 284.587100000004284 ], [ -73.200953055999946, 4.426226667000037, 285.691699999995762 ], [ -73.201042499999971, 4.426165833000027, 287.47269999999844 ], [ -73.201133610999989, 4.426105556000039, 288.807499999995343 ], [ -73.201182221999943, 4.426075, 289.238899999996647 ], [ -73.201237221999975, 4.42604166700005, 289.688500000003842 ], [ -73.201332221999962, 4.425986111000043, 290.450200000006589 ], [ -73.201427499999966, 4.425931389000027, 291.2068 ], [ -73.201522499999953, 4.425875556000051, 291.661800000001676 ], [ -73.201617777999957, 4.425821111000062, 291.968500000002678 ], [ -73.201716388999955, 4.425772222000035, 291.523300000000745 ], [ -73.201816110999971, 4.425725556000032, 290.440799999996671 ], [ -73.201915277999944, 4.425678611000023, 289.360400000005029 ], [ -73.202014166999959, 4.425633889000039, 288.368400000006659 ], [ -73.20211, 4.425591944000075, 287.395900000003166 ], [ -73.20220444399996, 4.425553889000071, 286.302800000004936 ], [ -73.202305555999942, 4.425512222000066, 285.821599999995669 ], [ -73.202405, 4.425468333000026, 285.708100000003469 ], [ -73.202500277999945, 4.425426667000067, 285.491699999998673 ], [ -73.202595277999933, 4.425375278000047, 285.876699999993434 ], [ -73.202685832999975, 4.425314444000037, 286.177100000000792 ], [ -73.202775277999933, 4.425251944000024, 286.426399999996647 ], [ -73.202865555999949, 4.425189722000027, 287.656400000007125 ], [ -73.202956388999951, 4.425127500000031, 289.244999999995343 ], [ -73.203048055999943, 4.425066389000051, 291.017399999996996 ], [ -73.203140555999937, 4.425006667000048, 292.365399999995134 ], [ -73.203232777999972, 4.424946667000029, 293.472899999993388 ], [ -73.203324721999934, 4.424885833000076, 294.415399999998044 ], [ -73.203416388999983, 4.424824444000024, 293.947100000004866 ], [ -73.203507499999944, 4.424763056000074, 293.2163 ], [ -73.203598332999945, 4.424701111000047, 292.658400000000256 ], [ -73.203689443999963, 4.42464, 291.440199999997276 ], [ -73.203782777999947, 4.424587778000046, 290.099199999996927 ], [ -73.203842777999967, 4.424560833000044, 289.237299999993411 ], [ -73.203844166999943, 4.42456, 289.214600000006612 ], [ -73.203875277999941, 4.424546111000041, 288.746199999994133 ], [ -73.203919721999966, 4.42452638900005, 288.00460000000021 ], [ -73.203965277999941, 4.424505833000069, 287.26600000000326 ], [ -73.204055832999984, 4.424463889000037, 285.89440000000468 ], [ -73.204149166999969, 4.424420278000071, 284.535000000003492 ], [ -73.204181388999984, 4.424405, 284.162400000001071 ], [ -73.204232499999989, 4.424379722000026, 283.650399999998626 ], [ -73.204241388999947, 4.424375, 283.571100000001024 ], [ -73.204247499999951, 4.424372222000045, 283.520000000004075 ], [ -73.204345832999934, 4.424323333000075, 282.893200000005891 ], [ -73.204443332999972, 4.424274167000021, 282.719500000006519 ], [ -73.20454, 4.424226944000054, 282.884999999994761 ], [ -73.204595, 4.424199722000026, 283.007500000006985 ], [ -73.204692777999981, 4.424152222000032, 283.166100000002189 ], [ -73.204790832999947, 4.424106944000073, 282.970799999995506 ], [ -73.204801388999954, 4.424101944000029, 282.950299999996787 ], [ -73.204845555999952, 4.424081389000037, 282.862899999992806 ], [ -73.204856943999971, 4.424076111000034, 282.840299999996205 ], [ -73.204859721999981, 4.424075, 282.834199999997509 ], [ -73.204955832999985, 4.424030556000048, 282.644499999994878 ], [ -73.205055555999934, 4.423984722000057, 282.512000000002445 ], [ -73.205155832999935, 4.423939167000071, 282.252200000002631 ], [ -73.205255832999967, 4.423893056000054, 281.634500000000116 ], [ -73.205355555999972, 4.423846389000062, 280.865099999995437 ], [ -73.205455555999947, 4.4238, 280.221499999999651 ], [ -73.205555, 4.423753333000036, 280.0 ], [ -73.205655, 4.423707222000075, 280.0 ], [ -73.205656943999941, 4.423706389000074, 280.0 ], [ -73.205755, 4.423661111000058, 279.999500000005355 ], [ -73.20585472199997, 4.423615, 279.939799999992829 ], [ -73.205954443999985, 4.423568611000064, 279.752699999997276 ], [ -73.20605444399996, 4.423522500000047, 279.54210000000603 ], [ -73.206154166999966, 4.423476389000029, 279.740499999999884 ], [ -73.206163332999949, 4.423472222000044, 279.758900000000722 ], [ -73.20625416699994, 4.423430556000028, 279.94090000000142 ], [ -73.206353888999956, 4.423384444000021, 279.825500000006286 ], [ -73.20642666699996, 4.42335, 279.556299999996554 ], [ -73.206428610999978, 4.423349167000026, 279.549199999994016 ], [ -73.206452777999971, 4.423337778000075, 279.459799999996903 ], [ -73.206490277999933, 4.423320833000048, 279.321100000001024 ], [ -73.206589721999933, 4.423275, 278.959000000002561 ], [ -73.206689721999965, 4.423228889000029, 278.491800000003423 ], [ -73.206751388999976, 4.42320055600004, 278.07850000000326 ], [ -73.206851666999967, 4.423155278000024, 277.233699999997043 ], [ -73.206951666999942, 4.423109444000033, 277.03179999999702 ], [ -73.207051110999942, 4.423062222000055, 277.055900000006659 ], [ -73.207130832999951, 4.423023611000076, 276.95230000000447 ], [ -73.207160277999947, 4.423009444000058, 276.843399999997928 ], [ -73.207259721999947, 4.422962222000024, 276.475600000005215 ], [ -73.207359721999978, 4.422915833000047, 276.10580000000482 ], [ -73.207459721999953, 4.422870278000062, 276.033999999999651 ], [ -73.20756, 4.422825, 276.075100000001839 ], [ -73.207625832999952, 4.422794722000049, 276.052299999995739 ], [ -73.207725555999957, 4.422748333000072, 275.80909999999858 ], [ -73.207825555999989, 4.422702500000071, 275.314499999993131 ], [ -73.207879721999973, 4.422677778000036, 274.942599999994854 ], [ -73.207925277999948, 4.422656944000039, 274.572799999994459 ], [ -73.20802527799998, 4.422610833000022, 275.240099999995437 ], [ -73.208125, 4.422564444000045, 276.256800000002841 ], [ -73.208143888999984, 4.422555278000061, 276.502600000007078 ], [ -73.208243055999958, 4.422507778000067, 278.03519999999844 ], [ -73.208342499999958, 4.422460556000033, 279.854999999995925 ], [ -73.208442221999974, 4.422414444000026, 281.550499999997555 ], [ -73.208541666999963, 4.42236888900004, 282.377200000002631 ], [ -73.208607221999955, 4.422338889000059, 282.609599999996135 ], [ -73.208707221999987, 4.422292778000042, 282.729099999996834 ], [ -73.208806110999944, 4.422246389000065, 283.062200000000303 ], [ -73.208871110999951, 4.422214444000076, 283.421900000001187 ], [ -73.208969443999933, 4.422165556000039, 284.071599999995669 ], [ -73.208997221999937, 4.422151667000037, 284.278600000005099 ], [ -73.209012499999972, 4.422143611000024, 284.424400000003516 ], [ -73.209067499999946, 4.422115833000021, 285.837799999993877 ], [ -73.209118888999967, 4.422090556000057, 287.234299999996438 ], [ -73.209160832999942, 4.42206972200006, 288.426900000005844 ], [ -73.209164721999969, 4.422068056000057, 288.53979999999865 ], [ -73.209260555999947, 4.422021111000049, 291.32060000000638 ], [ -73.209323888999961, 4.421990833000052, 293.047399999995832 ], [ -73.209420277999982, 4.421946111000068, 295.582599999994272 ], [ -73.20951888899998, 4.421900833000052, 298.057700000004843 ], [ -73.209618055999954, 4.421854167000049, 298.618600000001607 ], [ -73.209716666999952, 4.421805556000038, 298.259300000005169 ], [ -73.209815555999967, 4.421757500000069, 297.952099999994971 ], [ -73.209881110999959, 4.421726111000055, 298.673999999999069 ], [ -73.209943055999986, 4.42169750000005, 299.399699999994482 ], [ -73.210008888999937, 4.421667222000053, 300.118700000006356 ], [ -73.210109166999985, 4.421621944000037, 300.874299999995856 ], [ -73.210209721999945, 4.421576667000068, 300.444399999993038 ], [ -73.210287777999952, 4.421540833000051, 300.193299999998999 ], [ -73.210353332999944, 4.421510556000044, 300.040800000002491 ], [ -73.210452777999933, 4.421463333000077, 299.972399999998743 ], [ -73.210551943999974, 4.42141527800004, 299.636599999997998 ], [ -73.210629721999965, 4.421376944000031, 299.181400000001304 ], [ -73.210728610999979, 4.421328889000051, 298.824900000006892 ], [ -73.210828332999938, 4.421281389000058, 298.491500000003725 ], [ -73.21089361099996, 4.421250556000075, 298.277100000006612 ], [ -73.210993332999976, 4.421203611000067, 298.331500000000233 ], [ -73.211058610999942, 4.421172778000027, 298.572899999999208 ], [ -73.211158610999973, 4.421126667000067, 298.942699999999604 ], [ -73.211255832999939, 4.421075556000062, 299.302200000005541 ], [ -73.211345277999953, 4.421014167000067, 299.63289999999688 ], [ -73.211429166999949, 4.420947500000068, 299.822599999999511 ], [ -73.211514443999988, 4.420879167000066, 299.196200000005774 ], [ -73.211596388999965, 4.420812222000052, 298.682199999995646 ], [ -73.211679721999985, 4.420744722000052, 298.317699999999604 ], [ -73.211707777999948, 4.420722778000027, 298.235400000005029 ], [ -73.211792499999945, 4.420655, 297.672300000005635 ], [ -73.21187527799998, 4.420586944000036, 297.104300000006333 ], [ -73.21188583299994, 4.420578333000037, 297.043499999999767 ], [ -73.211911413999985, 4.420557616000053, 296.907699999996112 ], [ -73.211964721999948, 4.420514444000048, 296.671300000001793 ], [ -73.211982777999935, 4.4205, 296.606799999994109 ], [ -73.212053055999945, 4.420450278000033, 296.216000000000349 ], [ -73.212056110999981, 4.420448333000024, 296.202199999999721 ], [ -73.212064443999964, 4.420442778000051, 296.163499999995111 ], [ -73.212118055999952, 4.420396389000075, 296.11250000000291 ], [ -73.212138332999984, 4.420362778000026, 296.312200000000303 ], [ -73.21215194399997, 4.420337222000057, 296.474400000006426 ], [ -73.212186388999953, 4.420273056000042, 296.924100000003818 ], [ -73.212192221999942, 4.42026194400006, 297.007800000006682 ], [ -73.21221666699995, 4.420216111000059, 297.372799999997369 ], [ -73.212241666999944, 4.420169444000067, 297.776100000002771 ], [ -73.212247499999933, 4.420157778000032, 297.880399999994552 ], [ -73.212277221999955, 4.420101944000066, 298.574800000002142 ], [ -73.212291110999956, 4.420075833000055, 298.935700000001816 ], [ -73.212307499999952, 4.420045, 299.374599999995553 ], [ -73.212337777999949, 4.419988056000022, 300.221300000004703 ], [ -73.212342499999977, 4.419978889000049, 300.361000000004424 ], [ -73.212368055999946, 4.419931389000055, 301.111399999994319 ], [ -73.212393332999966, 4.419883611000046, 301.896500000002561 ], [ -73.212398332999953, 4.419874444000072, 302.051000000006752 ], [ -73.21242861099995, 4.419817500000022, 302.770999999993364 ], [ -73.212444166999944, 4.419788333000042, 303.121899999998277 ], [ -73.212459166999963, 4.419760278000069, 303.448000000003958 ], [ -73.212489443999971, 4.419703333000029, 304.073699999993551 ], [ -73.212495, 4.419692778000069, 304.184299999993527 ], [ -73.212519721999968, 4.419646667000052, 304.650399999998626 ], [ -73.212545832999979, 4.419597500000066, 305.179799999998068 ], [ -73.21255055599994, 4.419589167000026, 305.270099999994272 ], [ -73.212584721999974, 4.419525278000037, 305.880099999994854 ], [ -73.212595277999981, 4.419505556000047, 306.044399999998859 ], [ -73.212598610999976, 4.419499444000053, 306.093299999993178 ], [ -73.212617777999981, 4.419467222000037, 306.338699999992969 ], [ -73.212675, 4.41942361100007, 306.695099999997183 ], [ -73.212706666999964, 4.419407500000034, 306.813899999993737 ], [ -73.21277194399994, 4.419374167000058, 306.970799999995506 ], [ -73.212785965999956, 4.419367156000021, 306.988899999996647 ], [ -73.212793055999953, 4.419363611000051, 306.996100000003935 ], [ -73.212835277999943, 4.419340833000035, 307.138900000005378 ], [ -73.212886110999989, 4.41930833300006, 307.236999999993714 ], [ -73.21289749999994, 4.419300556000053, 307.250400000004447 ], [ -73.212981388999935, 4.419242778000068, 307.347200000003795 ], [ -73.213071943999978, 4.41918, 307.436199999996461 ], [ -73.21313083299998, 4.419138889000067, 307.284400000004098 ], [ -73.21322083299998, 4.419075556000053, 307.050499999997555 ], [ -73.213298888999987, 4.419021389000022, 307.105500000005122 ], [ -73.213337777999982, 4.41899444400002, 307.247300000002724 ], [ -73.213389443999972, 4.41895861100005, 307.265100000004168 ], [ -73.21348, 4.418896389000054, 307.407800000000861 ], [ -73.213570555999979, 4.418833611000025, 307.708199999993667 ], [ -73.213661110999965, 4.418771111000069, 308.251699999993434 ], [ -73.21375166699994, 4.418708333000041, 308.67149999999674 ], [ -73.21384166699994, 4.418645, 308.935400000002119 ], [ -73.21392138899995, 4.418589444000077, 309.193899999998393 ], [ -73.213932221999983, 4.418582222000055, 309.239000000001397 ], [ -73.214022777999958, 4.418519722000042, 309.532200000001467 ], [ -73.214113055999974, 4.418457778000061, 310.125299999999697 ], [ -73.214204443999961, 4.41839611100005, 310.584000000002561 ], [ -73.214295832999937, 4.418334167000069, 310.653999999994994 ], [ -73.21437, 4.418283611000049, 310.368499999996857 ], [ -73.214460277999933, 4.41822, 310.409199999994598 ], [ -73.214550277999933, 4.418156389000046, 310.851299999994808 ], [ -73.214618332999976, 4.418108333000021, 310.77039999999397 ], [ -73.214708332999976, 4.418045278000022, 310.197899999999208 ], [ -73.214798610999935, 4.417982500000051, 309.622300000002724 ], [ -73.214888888999951, 4.417919444000063, 308.9487999999983 ], [ -73.214979166999967, 4.417856389000065, 308.162400000001071 ], [ -73.215069721999953, 4.417793889000052, 308.035600000002887 ], [ -73.215160277999985, 4.417731667000055, 307.910900000002584 ], [ -73.215251110999986, 4.41767, 308.003100000001723 ], [ -73.215341388999946, 4.417608611000048, 308.884799999999814 ], [ -73.215421943999957, 4.417552500000056, 309.661699999996927 ], [ -73.215431666999962, 4.41754555600005, 309.754199999995762 ], [ -73.215518610999936, 4.41748472200004, 310.520600000003469 ], [ -73.215521943999988, 4.417482500000062, 310.539600000003702 ], [ -73.215611943999988, 4.417419167000048, 311.187300000005052 ], [ -73.215701666999962, 4.417355556000075, 311.987699999997858 ], [ -73.21574888899994, 4.417322500000068, 312.34769999999844 ], [ -73.215838332999965, 4.417258611000022, 312.423699999999371 ], [ -73.215928332999965, 4.417195833000051, 312.172300000005635 ], [ -73.216018332999965, 4.417132778000052, 311.753200000006473 ], [ -73.216107221999948, 4.417070556000056, 311.05789999999979 ], [ -73.216196666999963, 4.417008611000028, 310.269700000004377 ], [ -73.216255277999949, 4.41696805600003, 309.75350000000617 ], [ -73.216305555999952, 4.416933056000062, 309.309200000003329 ], [ -73.216395555999952, 4.41687, 308.934500000003027 ], [ -73.216485277999936, 4.41680666700006, 308.8799 ], [ -73.216575277999937, 4.416744167000047, 308.981100000004517 ], [ -73.216664721999962, 4.416681389000075, 309.593900000007125 ], [ -73.216754166999976, 4.416618889000063, 310.276199999992969 ], [ -73.216788055999984, 4.416595, 310.615000000005239 ], [ -73.216877777999969, 4.416531944000042, 311.482300000003306 ], [ -73.216883888999973, 4.416527778000045, 311.533500000005006 ], [ -73.216928055999972, 4.416496389000031, 311.8862999999983 ], [ -73.216942777999975, 4.416485833000024, 311.995699999999488 ], [ -73.216967499999953, 4.416468333000068, 312.169399999998859 ], [ -73.217057499999953, 4.416404722000038, 312.701799999995274 ], [ -73.217146943999978, 4.416340833000049, 312.780899999997928 ], [ -73.217236666999952, 4.416276667000034, 311.851800000004005 ], [ -73.217245832999936, 4.41627, 311.764599999994971 ], [ -73.217326388999936, 4.416213056000061, 311.084400000007008 ], [ -73.217416110999977, 4.416149167000071, 310.808600000003935 ], [ -73.217505277999976, 4.416085, 312.028699999995297 ], [ -73.217594166999959, 4.416020278000076, 313.434500000003027 ], [ -73.217682499999967, 4.415955278000069, 314.619999999995343 ], [ -73.217769721999957, 4.415889722000031, 314.7783999999956 ], [ -73.217854443999954, 4.415824444000066, 314.7728000000061 ], [ -73.21793527799997, 4.415759167000033, 314.798899999994319 ], [ -73.21801888899995, 4.415691667000033, 314.252200000002631 ], [ -73.218104166999979, 4.415625833000036, 313.693899999998393 ], [ -73.218105832999981, 4.415624444000059, 313.6826 ], [ -73.218192777999946, 4.415556944000059, 313.111900000003516 ], [ -73.218266943999936, 4.415497778000031, 313.184999999997672 ], [ -73.218350832999988, 4.415431944000034, 313.316399999996065 ], [ -73.218434721999984, 4.415365, 313.293699999994715 ], [ -73.218520555999987, 4.415296111000032, 312.95230000000447 ], [ -73.218566110999973, 4.415260278000062, 312.636599999997998 ], [ -73.218653055999937, 4.415192500000046, 312.064899999997579 ], [ -73.218721388999938, 4.415139444000033, 311.616399999998976 ], [ -73.218739443999937, 4.415125, 311.496400000003632 ], [ -73.218793610999967, 4.41508250000004, 310.971999999994296 ], [ -73.218880277999972, 4.415014722000024, 310.081000000005588 ], [ -73.218911943999956, 4.414989444000071, 309.775899999993271 ], [ -73.218996666999942, 4.414922500000046, 309.14079999999376 ], [ -73.219009317999962, 4.414912509000033, 309.059299999993527 ], [ -73.219056110999986, 4.414875556000027, 308.862299999993411 ], [ -73.219081666999955, 4.41485555600002, 308.767900000006193 ], [ -73.219099058999973, 4.41484185500002, 308.703599999993457 ], [ -73.219168055999944, 4.414787500000045, 308.448499999998603 ], [ -73.219254166999974, 4.41471944400007, 308.100699999995413 ], [ -73.219340555999963, 4.41465194400007, 308.013200000001234 ], [ -73.219427499999938, 4.414584167000044, 308.521900000007008 ], [ -73.219514166999943, 4.414515833000053, 309.35109999999986 ], [ -73.2196, 4.41444666700005, 310.49189999999362 ], [ -73.219686110999987, 4.414378056000032, 311.831399999995483 ], [ -73.21977222199996, 4.414309167000056, 313.334000000002561 ], [ -73.21985861099995, 4.414240278000022, 314.857000000003609 ], [ -73.219945277999955, 4.414171944000032, 316.305800000001909 ], [ -73.22003194399997, 4.414104167000062, 317.313099999999395 ], [ -73.22011916699995, 4.414036389000046, 318.0 ], [ -73.220205832999966, 4.41396861100003, 318.0 ], [ -73.220292221999955, 4.413900556000044, 317.942899999994552 ], [ -73.220378610999944, 4.413831944000037, 317.681400000001304 ], [ -73.220464721999974, 4.41376305600005, 317.240499999999884 ], [ -73.220550832999947, 4.413694167000074, 316.637700000006589 ], [ -73.220637499999953, 4.413626111000042, 315.944900000002235 ], [ -73.220724721999943, 4.413558611000042, 315.680500000002212 ], [ -73.220811666999964, 4.413490833000026, 315.430300000007264 ], [ -73.22089833299998, 4.41342277800004, 315.179099999993923 ], [ -73.22098555599996, 4.413354722000065, 315.342600000003586 ], [ -73.221018055999934, 4.413329444000055, 315.556100000001607 ], [ -73.221105, 4.41326138900007, 316.128700000001118 ], [ -73.22119083299998, 4.413192778000052, 316.689700000002631 ], [ -73.221276666999984, 4.413123889000076, 317.244800000000396 ], [ -73.22133, 4.413080833000038, 317.5818 ], [ -73.221416388999955, 4.413012500000036, 317.908999999999651 ], [ -73.221502777999945, 4.41294472200002, 318.0 ], [ -73.22158944399996, 4.412876389000076, 318.0 ], [ -73.221603888999937, 4.412864722000052, 318.0 ], [ -73.221649166999953, 4.412828611000066, 318.006500000003143 ], [ -73.221661943999948, 4.412818333000075, 318.0283999999956 ], [ -73.221675277999964, 4.412807500000042, 318.059200000003329 ], [ -73.221761388999937, 4.412739167000041, 318.483200000002398 ], [ -73.221847777999983, 4.41267083300005, 319.054799999998068 ], [ -73.221934443999942, 4.412602500000048, 319.627500000002328 ], [ -73.221974443999954, 4.412571111000034, 319.891199999998207 ], [ -73.222021110999947, 4.412534444000073, 319.899499999999534 ], [ -73.222108055999968, 4.412466389000031, 319.648199999995995 ], [ -73.222194443999967, 4.412398056000029, 319.395999999993364 ], [ -73.222280832999957, 4.412329722000038, 319.076499999995576 ], [ -73.222366943999987, 4.412261111000021, 318.157500000001164 ], [ -73.222437644999957, 4.412204779000035, 317.179199999998673 ], [ -73.222453055999949, 4.41219250000006, 316.994800000000396 ], [ -73.222539443999949, 4.412124444000028, 316.151800000006915 ], [ -73.22262638899997, 4.412056667000058, 315.361300000004121 ], [ -73.222712777999959, 4.411988333000068, 314.919599999993807 ], [ -73.222791388999951, 4.411927500000047, 314.963300000003073 ], [ -73.222803332999945, 4.411918056000047, 314.992700000002515 ], [ -73.222881110999936, 4.411876389000042, 315.572599999999511 ], [ -73.222890273999951, 4.411874098000055, 315.64770000000135 ], [ -73.222898888999964, 4.41187194400004, 315.71940000000177 ], [ -73.222969721999959, 4.411854722000044, 316.345100000005914 ], [ -73.22300249999995, 4.411846389000061, 316.659199999994598 ], [ -73.223075, 4.411828333000074, 317.404399999999441 ], [ -73.223094721999985, 4.411823333000029, 317.657399999996414 ], [ -73.223174166999968, 4.411787778000075, 318.801699999996345 ], [ -73.223192499999982, 4.411773889000074, 319.107499999998254 ], [ -73.223198055999944, 4.411769722000031, 319.199900000006892 ], [ -73.223228055999982, 4.411746389000029, 319.700200000006589 ], [ -73.223285832999977, 4.411701944000072, 320.634500000000116 ], [ -73.223287221999954, 4.41170111100007, 320.656300000002375 ], [ -73.223340832999952, 4.411659444000065, 321.590400000000955 ], [ -73.223373055999957, 4.411634444000072, 321.986499999999069 ], [ -73.223394166999981, 4.411618056000066, 322.229200000001583 ], [ -73.223447499999963, 4.41157666700002, 322.884500000000116 ], [ -73.223458888999971, 4.411568056000021, 323.030199999993783 ], [ -73.223501388999978, 4.411535278000031, 323.603600000002189 ], [ -73.223545555999976, 4.411501389000023, 324.238100000002305 ], [ -73.223555832999978, 4.411493611000026, 324.390499999994063 ], [ -73.223609443999976, 4.411452500000053, 325.03519999999844 ], [ -73.223632777999967, 4.411434722000024, 325.170700000002398 ], [ -73.223663055999964, 4.411411389000023, 325.289499999998952 ], [ -73.223716943999989, 4.411370278000049, 325.54649999999674 ], [ -73.223720277999973, 4.411367778000056, 325.564199999993434 ], [ -73.223770832999946, 4.411329167000076, 325.864000000001397 ], [ -73.223807499999964, 4.411301111000057, 326.115099999995437 ], [ -73.223823888999959, 4.411288611000032, 326.236199999999371 ], [ -73.223877777999974, 4.411247222000043, 326.675799999997253 ], [ -73.223894721999955, 4.411234167000032, 326.806200000006356 ], [ -73.223931110999956, 4.411206389000029, 326.986099999994622 ], [ -73.223980555999958, 4.411168611000051, 326.519000000000233 ], [ -73.223984721999955, 4.411165278000055, 326.475399999995716 ], [ -73.224038888999985, 4.411124167000025, 325.903999999994994 ], [ -73.224041943999964, 4.411121944000058, 325.871199999994133 ], [ -73.224097499999971, 4.411079167000025, 325.210000000006403 ], [ -73.224128055999984, 4.411055833000034, 324.821500000005472 ], [ -73.224133610999957, 4.411051389000022, 324.745899999994435 ], [ -73.224151666999944, 4.411036944000045, 324.49539999999979 ], [ -73.224204443999952, 4.41096888900006, 323.114100000006147 ], [ -73.224213888999941, 4.41095, 322.775800000003073 ], [ -73.224253610999938, 4.410870278000061, 321.402600000001257 ], [ -73.224262221999936, 4.410852778000049, 321.113400000002002 ], [ -73.224281388999941, 4.410813889000053, 320.48519999999553 ], [ -73.224313332999941, 4.410757778000061, 319.593299999993178 ], [ -73.224340555999959, 4.410724722000054, 319.052700000000186 ], [ -73.224347030999979, 4.410717228000067, 318.932199999995646 ], [ -73.224411110999938, 4.410643056000026, 317.982900000002701 ], [ -73.224451666999983, 4.410595556000033, 317.803700000004028 ], [ -73.224522777999937, 4.410511389000021, 317.580400000006193 ], [ -73.224593888999948, 4.410426667000024, 317.190499999996973 ], [ -73.224665, 4.410342222000054, 317.0 ], [ -73.224736666999945, 4.410258333000058, 317.136899999997695 ], [ -73.224807777999956, 4.410174167000037, 317.399699999994482 ], [ -73.224878610999951, 4.410089722000066, 317.786399999997229 ], [ -73.22489749999994, 4.410067222000066, 317.939199999993434 ], [ -73.224968332999936, 4.409982778000028, 318.51249999999709 ], [ -73.225040277999938, 4.409899444000075, 318.827099999994971 ], [ -73.225113055999941, 4.409816389000071, 319.133600000001024 ], [ -73.225185832999955, 4.409733333000077, 319.440100000007078 ], [ -73.225258888999974, 4.409650556000031, 319.695800000001327 ], [ -73.225321110999971, 4.40958222200004, 319.701799999995274 ], [ -73.225340555999935, 4.409561111000073, 319.707099999999627 ], [ -73.225409721999938, 4.409489722000046, 319.714999999996508 ], [ -73.225488055999961, 4.409411944000055, 319.712499999994179 ], [ -73.225535, 4.409365833000038, 319.726899999994203 ], [ -73.225566943999979, 4.40933472200004, 319.724199999996927 ], [ -73.225646388999962, 4.409258056000056, 319.695300000006682 ], [ -73.225726388999988, 4.409181667000041, 319.681500000006054 ], [ -73.225805832999981, 4.409105, 319.494600000005448 ], [ -73.225885, 4.409028333000037, 318.931599999996251 ], [ -73.225919721999958, 4.408995, 318.805699999997159 ], [ -73.225932499999942, 4.40898222200002, 318.779200000004494 ], [ -73.225964443999942, 4.408951389000038, 318.742400000002817 ], [ -73.22604333299995, 4.408874167000022, 318.893299999996088 ], [ -73.226122221999958, 4.408797222000032, 319.711800000004587 ], [ -73.226201943999968, 4.408720833000075, 320.079199999992852 ], [ -73.226281943999936, 4.408644722000076, 320.069600000002538 ], [ -73.226361666999935, 4.408568611000021, 319.721300000004703 ], [ -73.226441388999945, 4.408492222000064, 318.656099999992875 ], [ -73.226521110999954, 4.408416389000024, 317.423299999994924 ], [ -73.226601110999979, 4.408340556000041, 316.376000000003842 ], [ -73.22668166699998, 4.408265278000044, 315.537200000006123 ], [ -73.226762221999934, 4.40819, 314.805200000002515 ], [ -73.226842499999975, 4.408114167000065, 314.193799999993644 ], [ -73.226921666999942, 4.408037500000034, 314.127900000006775 ], [ -73.226995, 4.407964722000031, 314.031400000007125 ], [ -73.227049443999988, 4.407910833000074, 313.833499999993364 ], [ -73.227072777999979, 4.407887500000072, 313.747399999992922 ], [ -73.22715055599997, 4.407810278000056, 313.520799999998417 ], [ -73.227229443999988, 4.407733333000067, 313.5283999999956 ], [ -73.22727, 4.40769361100007, 313.531700000006822 ], [ -73.227308332999939, 4.407656667000026, 313.536999999996624 ], [ -73.227387221999948, 4.407581389000029, 313.550799999997253 ], [ -73.22746583299994, 4.407506944000033, 313.419599999993807 ], [ -73.22754527799998, 4.407430833000035, 313.093999999997322 ], [ -73.227558332999934, 4.40741805600004, 313.023199999995995 ], [ -73.227636943999983, 4.407340833000035, 312.459600000001956 ], [ -73.227715555999964, 4.40726333300006, 312.050700000007055 ], [ -73.227794166999956, 4.407186111000044, 312.053100000004633 ], [ -73.227873055999964, 4.407109444000071, 312.390199999994365 ], [ -73.227952221999942, 4.407032500000071, 313.038799999994808 ], [ -73.228031666999982, 4.406956111000056, 313.749800000005052 ], [ -73.228111110999976, 4.40688, 314.790699999997742 ], [ -73.228190832999985, 4.406804444000045, 315.234400000001187 ], [ -73.228270277999968, 4.406728611000062, 314.84780000000319 ], [ -73.228348332999985, 4.406653056000039, 314.28979999999865 ], [ -73.228427221999937, 4.406576389000065, 313.704800000006799 ], [ -73.228453332999948, 4.40655083300004, 313.418699999994715 ], [ -73.228505832999986, 4.40649916700005, 312.802599999995437 ], [ -73.228584443999978, 4.406421667000075, 311.653999999994994 ], [ -73.228662777999944, 4.406344167000043, 310.506399999998393 ], [ -73.228741110999977, 4.406266389000052, 309.134799999999814 ], [ -73.228751583999951, 4.406256064000047, 308.935400000002119 ], [ -73.228819721999969, 4.40618888900002, 307.922900000005029 ], [ -73.228895277999982, 4.406114444000025, 307.114700000005541 ], [ -73.228898332999961, 4.406111389000046, 307.087899999998626 ], [ -73.228976666999984, 4.406033889000071, 306.714000000007218 ], [ -73.229055277999976, 4.405956389000039, 306.854200000001583 ], [ -73.229133610999952, 4.405878611000048, 307.367499999993015 ], [ -73.229212221999944, 4.405801111000073, 308.050399999992806 ], [ -73.229290832999936, 4.405723889000058, 308.691099999996368 ], [ -73.229367499999967, 4.405647778000059, 308.602599999998347 ], [ -73.229445832999943, 4.405570556000043, 308.302500000005239 ], [ -73.229524721999951, 4.405493333000038, 307.926000000006752 ], [ -73.229603888999975, 4.405416389000038, 307.753200000006473 ], [ -73.229682777999983, 4.405339167000022, 307.759799999999814 ], [ -73.229761110999959, 4.405261667000048, 307.763300000005984 ], [ -73.229839721999952, 4.405184167000073, 307.768299999996088 ], [ -73.22991, 4.405115278000039, 307.258400000006077 ], [ -73.229989443999955, 4.405038889000025, 306.68289999999979 ], [ -73.230068332999963, 4.404962222000051, 306.059299999993527 ], [ -73.230149721999965, 4.404887778000045, 305.39890000000014 ], [ -73.230206388999989, 4.404844722000064, 305.204899999996996 ], [ -73.230293888999938, 4.404777778000039, 305.033999999999651 ], [ -73.230382499999962, 4.404712222000057, 305.028099999995902 ], [ -73.230474166999954, 4.404651667000053, 305.0 ], [ -73.230571388999977, 4.4046, 305.0 ], [ -73.230674721999947, 4.404564444000073, 305.128599999996368 ], [ -73.230782221999959, 4.404551944000048, 305.754799999995157 ], [ -73.230890555999963, 4.40454694400006, 306.398499999995693 ], [ -73.231, 4.404542778000064, 306.426500000001397 ], [ -73.23111, 4.40453750000006, 306.188699999998789 ], [ -73.23116749999997, 4.404534444000035, 306.05800000000454 ], [ -73.231274443999951, 4.404529444000048, 305.286300000007031 ], [ -73.231367281999951, 4.404526112000042, 304.487099999998463 ], [ -73.231382777999954, 4.404525556000067, 304.354500000001281 ], [ -73.231395, 4.404525, 304.250499999994645 ], [ -73.231433055999958, 4.404523611000059, 303.926600000006147 ], [ -73.231453888999965, 4.404523056000073, 303.749200000005658 ], [ -73.231542499999989, 4.404515556000035, 302.815499999996973 ], [ -73.231552221999948, 4.404514444000029, 302.711699999999837 ], [ -73.231577221999942, 4.404511111000033, 302.446599999995669 ], [ -73.231650832999946, 4.404503889000068, 301.656499999997322 ], [ -73.231686943999989, 4.404504167000027, 301.254799999995157 ], [ -73.231694166999944, 4.404504167000027, 301.174700000003213 ], [ -73.231718055999977, 4.404504444000054, 300.908599999995204 ], [ -73.231781388999934, 4.404505278000045, 300.56140000000596 ], [ -73.231804721999936, 4.404505556000061, 300.474100000006729 ], [ -73.231837499999983, 4.404505556000061, 300.353000000002794 ], [ -73.231893610999975, 4.404506111000046, 300.143500000005588 ], [ -73.231914166999957, 4.404506111000046, 300.067599999994854 ], [ -73.231949443999952, 4.404506389000062, 299.936100000006263 ], [ -73.23200583299996, 4.404506667000021, 299.74890000000596 ], [ -73.232010555999977, 4.404506667000021, 299.770999999993364 ], [ -73.232061943999952, 4.404506944000047, 300.010599999994156 ], [ -73.232106666999982, 4.404506944000047, 300.220000000001164 ], [ -73.232116943999984, 4.404507222000063, 300.267500000001746 ], [ -73.23218, 4.404507222000063, 300.562699999994948 ], [ -73.232203055999946, 4.404507222000063, 300.670599999997648 ], [ -73.232210555999984, 4.404507222000063, 300.705700000005891 ], [ -73.23224694399994, 4.404505, 300.876799999998184 ], [ -73.23231416699997, 4.404476389000024, 301.045299999997951 ], [ -73.23233666699997, 4.404461944000047, 301.045499999992899 ], [ -73.232359851999945, 4.404431675000069, 300.976299999994808 ], [ -73.232386666999957, 4.404396667000071, 300.736199999999371 ], [ -73.23245583299996, 4.404314722000038, 299.952699999994365 ], [ -73.232482499999946, 4.404295556000022, 299.684599999993225 ], [ -73.232509166999989, 4.404276389000074, 299.388699999995879 ], [ -73.232520277999981, 4.404268333000061, 299.256399999998393 ], [ -73.232598888999973, 4.404212222000069, 298.562300000005052 ], [ -73.232609166999964, 4.404204722000031, 298.479200000001583 ], [ -73.232698610999989, 4.404140833000042, 297.911999999996624 ], [ -73.232787777999988, 4.404077222000069, 297.677100000000792 ], [ -73.232861943999978, 4.404024167000046, 297.741200000004028 ], [ -73.232876943999941, 4.404013611000039, 297.775399999998626 ], [ -73.232966388999955, 4.403949167000064, 297.880699999994249 ], [ -73.233055, 4.403886389000036, 297.916800000006333 ], [ -73.23309398899994, 4.403858591000073, 298.259699999995064 ], [ -73.233145, 4.403822222000031, 299.093999999997322 ], [ -73.23318354099996, 4.403794174000041, 299.69210000000021 ], [ -73.233198055999935, 4.403783611000051, 299.909700000003795 ], [ -73.233230832999936, 4.40376, 300.385200000004261 ], [ -73.233292777999964, 4.403715833000035, 301.225900000004913 ], [ -73.233319166999934, 4.403696944000046, 301.56140000000596 ], [ -73.233408888999975, 4.403633056000047, 302.41009999999369 ], [ -73.233418332999975, 4.403626389000067, 302.471099999995204 ], [ -73.233498888999975, 4.40357, 303.060899999996764 ], [ -73.233588888999975, 4.403506667000045, 303.726399999999558 ], [ -73.233678610999959, 4.403442778000056, 304.260099999999511 ], [ -73.233768332999944, 4.403379167000026, 304.579100000002654 ], [ -73.233858332999944, 4.403315, 304.722099999999045 ], [ -73.233948055999974, 4.403251111000031, 304.937799999999697 ], [ -73.234037777999959, 4.403187500000058, 305.119699999995646 ], [ -73.234127499999943, 4.403124167000044, 305.1478000000061 ], [ -73.234215, 4.40306083300004, 305.10229999999865 ], [ -73.234303610999973, 4.402997222000067, 305.195099999997183 ], [ -73.234393055999988, 4.402933056000052, 305.288899999999558 ], [ -73.234483055999988, 4.40287138900004, 305.355899999995017 ], [ -73.234513332999938, 4.402850556000033, 305.387400000006892 ], [ -73.234601943999962, 4.40278805600002, 305.659199999994598 ], [ -73.234690555999975, 4.402723889000072, 306.235799999994924 ], [ -73.234720555999957, 4.402701944000057, 306.400899999993271 ], [ -73.234736943999962, 4.402689722000048, 306.445999999996275 ], [ -73.234828055999969, 4.402628333000052, 306.67269999999553 ], [ -73.23487694399995, 4.40259750000007, 306.786500000001979 ], [ -73.23496972199996, 4.402538611000068, 307.0 ], [ -73.235062777999985, 4.402480556000057, 306.68739999999525 ], [ -73.235156666999956, 4.402423056000032, 306.340299999996205 ], [ -73.235250832999952, 4.402365556000063, 306.002800000002026 ], [ -73.235344721999979, 4.402308611000024, 306.051999999996042 ], [ -73.23543583299994, 4.402253056000063, 305.941399999996065 ], [ -73.23553, 4.402195833000064, 305.729999999995925 ], [ -73.235623888999953, 4.402138889000071, 305.519700000004377 ], [ -73.23571777799998, 4.402081389000045, 305.307300000000396 ], [ -73.235808332999966, 4.402025, 305.099100000006729 ], [ -73.235902499999952, 4.401967222000053, 304.704800000006799 ], [ -73.235976943999958, 4.401921389000051, 304.345799999995506 ], [ -73.236071110999944, 4.401864167000042, 304.030499999993481 ], [ -73.236165555999946, 4.401807222000059, 303.864799999995739 ], [ -73.23626, 4.401750833000051, 303.848499999992782 ], [ -73.236354166999945, 4.401693611000042, 304.061499999996158 ], [ -73.236383257999989, 4.401676254000051, 304.238400000002002 ], [ -73.236387221999962, 4.401673889000051, 304.263600000005681 ], [ -73.236431666999977, 4.401647500000024, 304.563800000003539 ], [ -73.236448610999958, 4.401637500000049, 304.686799999995856 ], [ -73.236506031999966, 4.401604079000037, 305.1533999999956 ] ] ] } }
]
}
