{
"type": "FeatureCollection",
"name": "DuctoC1",
"crs": { "type": "name", "properties": { "name": "urn:ogc:def:crs:OGC:1.3:CRS84" } },
"features": [
{ "type": "Feature", "properties": { "GASODUCTO": "CUSIANA - APIAY - USME", "TRM_RML": "Cumaral", "TP_DUCTO": "Ramal", "DISTRITO": "4", "DIAMETRO": "2", "TRM_REG": "CUSIANA - APIAY", "ZONA": "3", "CUADRILLA": "C1_T5", "PK_INICIO": "000+000", "PK_FIN": "000+037", "LONGITUD": 0.037428242345245999, "ANCHO_DDV": "10", "BUFFER": "5" }, "geometry": { "type": "MultiLineString", "coordinates": [ [ [ -73.474615057999983, 4.259547375000068, 390.9603000000061 ], [ -73.474562791999972, 4.259371802000032, 391.0 ], [ -73.474710111999968, 4.25932382700006, 391.0 ] ] ] } },
{ "type": "Feature", "properties": { "GASODUCTO": "CUSIANA - APIAY - USME", "TRM_RML": "Medina", "TP_DUCTO": "Ramal", "DISTRITO": "4", "DIAMETRO": "2", "TRM_REG": "CUSIANA - APIAY", "ZONA": "3", "CUADRILLA": "C1_T5", "PK_INICIO": "000+000", "PK_FIN": "000+018", "LONGITUD": 0.01819217456029, "ANCHO_DDV": null, "BUFFER": null }, "geometry": { "type": "MultiLineString", "coordinates": [ [ [ -73.325648499999943, 4.340683444000035, 384.618400000006659 ], [ -73.325613332999978, 4.340524056000049, 384.031000000002678 ], [ -73.325613052999984, 4.340522691000047, 384.025999999998021 ] ] ] } },
{ "type": "Feature", "properties": { "GASODUCTO": "CUSIANA - APIAY - USME", "TRM_RML": "Paratebueno", "TP_DUCTO": "Ramal", "DISTRITO": "4", "DIAMETRO": "2", "TRM_REG": "CUSIANA - APIAY", "ZONA": "3", "CUADRILLA": "C1_T5", "PK_INICIO": "000+000", "PK_FIN": "003+007", "LONGITUD": 2.8755135093950619, "ANCHO_DDV": "10", "BUFFER": "5" }, "geometry": { "type": "MultiLineString", "coordinates": [ [ [ -73.236434069999973, 4.40164604000006, 304.580900000000838 ], [ -73.236405954999952, 4.401542395000035, 304.065000000002328 ], [ -73.236367672999961, 4.401495016000069, 303.533899999994901 ], [ -73.236296847999938, 4.401276342000074, 302.168499999999767 ], [ -73.236226022999972, 4.401057669000068, 301.610899999999674 ], [ -73.236155197999949, 4.400838995000072, 301.622399999992922 ], [ -73.236084372999983, 4.400620321000076, 302.165200000003097 ], [ -73.236022914999978, 4.40044688100005, 302.43300000000454 ], [ -73.235961457999963, 4.400273440000035, 302.390499999994063 ], [ -73.2359, 4.4001, 302.399099999995087 ], [ -73.235824719999982, 4.399855808000041, 302.120999999999185 ], [ -73.235749440999939, 4.399611617000062, 301.043999999994412 ], [ -73.235674160999963, 4.399367425000037, 300.170100000003004 ], [ -73.235595836999948, 4.399127769000074, 300.0 ], [ -73.23551751399998, 4.398888112000066, 299.989400000005844 ], [ -73.235439189999965, 4.398648456000046, 300.0 ], [ -73.235369594999952, 4.398474228000055, 300.0 ], [ -73.2353, 4.3983, 298.84769999999844 ], [ -73.235291690999986, 4.398134422000055, 297.727599999998347 ], [ -73.235283381999977, 4.397968843000058, 296.594700000001467 ], [ -73.235255468999981, 4.397740268000064, 296.723700000002282 ], [ -73.235227556999973, 4.397511692000023, 297.241299999994226 ], [ -73.235199643999977, 4.397283117000029, 297.013200000001234 ], [ -73.235174732999951, 4.397062338000069, 296.055900000006659 ], [ -73.235149821999983, 4.396841559000052, 295.443400000003749 ], [ -73.235124910999957, 4.396620780000035, 295.042700000005425 ], [ -73.2351, 4.396400001000075, 294.850000000005821 ], [ -73.235073755999963, 4.396156923000035, 294.123800000001211 ], [ -73.235047511999937, 4.395913846000042, 292.836599999995087 ], [ -73.235021267999969, 4.395670768000059, 291.355999999999767 ], [ -73.234998382999947, 4.395473733000074, 289.953899999993155 ], [ -73.234975498999972, 4.395276699000021, 289.17609999999695 ], [ -73.234950395999988, 4.395048958000075, 289.562200000000303 ], [ -73.234925293999936, 4.394821216000025, 290.803499999994528 ], [ -73.234900190999952, 4.394593475000022, 292.159499999994296 ], [ -73.234875009999939, 4.394365583000024, 293.4712 ], [ -73.234849829999973, 4.394137691000026, 294.006299999993644 ], [ -73.234824648999961, 4.393909799000028, 292.582599999994272 ], [ -73.234796117999963, 4.393647377000036, 292.750599999999395 ], [ -73.234767587999954, 4.393384956000034, 293.270000000004075 ], [ -73.234739056999956, 4.393122534000042, 294.411300000007031 ], [ -73.234723189999954, 4.392973866000034, 294.675600000002305 ], [ -73.234707323999942, 4.392825198000025, 294.309599999993225 ], [ -73.234705562999977, 4.392806876000066, 294.263999999995576 ], [ -73.234686064999948, 4.392604066000047, 294.290599999992992 ], [ -73.234666566999977, 4.392401256000028, 294.39079999999376 ], [ -73.234647069999937, 4.392198447000055, 294.415800000002491 ], [ -73.234627571999965, 4.391995637000036, 293.814299999998184 ], [ -73.234604821999937, 4.391812238000057, 293.308099999994738 ], [ -73.234569486999987, 4.391609859000027, 292.825400000001537 ], [ -73.234534151999981, 4.391407481000044, 292.281400000007125 ], [ -73.234467075999987, 4.391203741000027, 290.564299999998184 ], [ -73.2344, 4.391000001000066, 288.86250000000291 ], [ -73.234335543999975, 4.39079305100006, 287.851999999998952 ], [ -73.234271087999957, 4.390586100000064, 287.26940000000468 ], [ -73.234218083999963, 4.39041230600003, 287.02270000000135 ], [ -73.234165080999958, 4.390238512000053, 286.531199999997625 ], [ -73.234112076999963, 4.390064718000076, 285.805500000002212 ], [ -73.234041384999955, 4.389809812000067, 281.459000000002561 ], [ -73.233970691999957, 4.389554906000058, 280.025699999998324 ], [ -73.2339, 4.3893, 280.945699999996577 ], [ -73.233823177999966, 4.389089191000039, 282.186799999995856 ], [ -73.233746356999973, 4.38887838100004, 282.615000000005239 ], [ -73.233682478999981, 4.38867414200007, 283.054000000003725 ], [ -73.233618601999979, 4.388469904000033, 284.81260000000475 ], [ -73.233560574999956, 4.388260012000046, 285.304999999993015 ], [ -73.233502547999933, 4.388050121000049, 284.70339999999851 ], [ -73.233451273999947, 4.387825060000068, 283.473199999993085 ], [ -73.2334, 4.387599999000031, 282.901899999997113 ], [ -73.233345268999983, 4.38742852300004, 283.2103000000061 ], [ -73.233290537999949, 4.387257047000048, 283.616800000003423 ], [ -73.233205730999941, 4.387081794000039, 284.245800000004238 ], [ -73.233120922999944, 4.38690654100003, 284.87489999999525 ], [ -73.233036115999937, 4.386731288000021, 284.967099999994389 ], [ -73.232900391999976, 4.386503479000055, 284.051000000006752 ], [ -73.232764668999948, 4.386275669000042, 280.75460000000021 ], [ -73.232632333999959, 4.386087835000069, 280.858699999997043 ], [ -73.2325, 4.3859, 281.320200000001932 ], [ -73.232349925999983, 4.385681874000056, 280.865799999999581 ], [ -73.23220119299998, 4.385524108000027, 279.938399999999092 ], [ -73.232052460999967, 4.385366343000044, 279.072199999995064 ], [ -73.231903727999963, 4.385208577000071, 278.551500000001397 ], [ -73.231839960999935, 4.385136020000061, 278.368600000001607 ], [ -73.231746486999953, 4.385081710000065, 278.344100000002072 ], [ -73.23162341699998, 4.384984344000031, 278.702499999999418 ], [ -73.23150034799994, 4.384886979000044, 279.057400000005146 ], [ -73.231494921999968, 4.384882686000026, 279.07390000000305 ], [ -73.231301695999946, 4.384737132000055, 279.61250000000291 ], [ -73.231108468999935, 4.384591579000073, 279.064400000002934 ], [ -73.23091524299997, 4.384446025000045, 277.097399999998743 ], [ -73.230718787999933, 4.384298067000032, 275.289000000004307 ], [ -73.230522331999964, 4.384150110000064, 275.564400000002934 ], [ -73.230325876999984, 4.384002152000051, 277.020499999998719 ], [ -73.230117250999967, 4.383834768000042, 279.672900000005029 ], [ -73.22990862599994, 4.383667384000034, 279.425900000002002 ], [ -73.2297, 4.3835, 277.938899999993737 ], [ -73.229524074999972, 4.383366936000073, 276.343800000002375 ], [ -73.229348148999975, 4.383233873000052, 275.8413 ], [ -73.229172223999967, 4.383100809000041, 275.723100000002887 ], [ -73.229048064999972, 4.383009571000059, 275.952000000004773 ], [ -73.228923906999967, 4.382918333000021, 275.031700000006822 ], [ -73.228919642999983, 4.382908801000042, 275.00010000000475 ], [ -73.22886568499996, 4.38288089100007, 274.600600000005215 ], [ -73.22868774899996, 4.382769673000041, 273.282800000000861 ], [ -73.22850981299996, 4.382658455000069, 272.246199999994133 ], [ -73.22833187699996, 4.38254723700004, 271.99659999999858 ], [ -73.22815394099996, 4.382436019000068, 272.054699999993318 ], [ -73.227976969999986, 4.382318010000063, 272.0049 ], [ -73.2278, 4.382200001000058, 272.0 ], [ -73.227570860999947, 4.382072064000056, 271.791700000001583 ], [ -73.227341720999959, 4.381944127000054, 271.756299999993644 ], [ -73.227112581999961, 4.381816190000052, 272.465500000005704 ], [ -73.226883442999963, 4.38168825200006, 272.359400000001187 ], [ -73.226654303999965, 4.381560315000058, 272.313699999998789 ], [ -73.226429749999966, 4.381440731000055, 271.327799999999115 ], [ -73.226205195999967, 4.381321147000051, 270.816099999996368 ], [ -73.226036369999974, 4.381228352000051, 270.474700000006123 ], [ -73.225867543999982, 4.381135556000061, 270.133300000001327 ], [ -73.225665139999933, 4.381025150000028, 270.127399999997579 ], [ -73.22546273599994, 4.380914743000062, 269.438399999999092 ], [ -73.225260331999948, 4.380804337000029, 268.004199999995762 ], [ -73.225085652999951, 4.380710387000022, 268.299799999993411 ], [ -73.224904528999957, 4.380612450000058, 268.867599999997765 ], [ -73.224723405999953, 4.380514513000037, 269.145699999993667 ], [ -73.224698050999962, 4.380498583000076, 269.182400000005146 ], [ -73.224684620999938, 4.380490146000056, 269.197400000004563 ], [ -73.224645109999983, 4.380467659000033, 269.217799999998533 ] ] ] } },
{ "type": "Feature", "properties": { "GASODUCTO": "CUSIANA - APIAY - USME", "TRM_RML": "PK65 - Apiay", "TP_DUCTO": "Troncal", "DISTRITO": "4", "DIAMETRO": "10", "TRM_REG": "CUSIANA - APIAY", "ZONA": "3", "CUADRILLA": "C1_T5", "PK_INICIO": "099+168", "PK_FIN": "150+368", "LONGITUD": 50.691603989868391, "ANCHO_DDV": "16", "BUFFER": "8" }, "geometry": { "type": "MultiLineString", "coordinates": [ [ [ -73.236506031999966, 4.401604079000037, 305.1533999999956 ], [ -73.236538332999942, 4.401585278000027, 305.415900000007241 ], [ -73.236549166999964, 4.401578611000048, 305.512300000002142 ], [ -73.236642221999944, 4.401520278000021, 306.458400000003166 ], [ -73.236735555999985, 4.401461667000035, 307.493700000006356 ], [ -73.236830277999957, 4.401405833000069, 308.356799999994109 ], [ -73.236926388999962, 4.40135250000003, 308.615300000004936 ], [ -73.237023055999941, 4.4013, 308.421400000006543 ], [ -73.237118332999955, 4.401248611000028, 308.231499999994412 ], [ -73.237216666999984, 4.401198889000057, 307.770799999998417 ], [ -73.237316110999984, 4.401151667000022, 307.228499999997439 ], [ -73.237415832999943, 4.401105, 306.677800000004936 ], [ -73.237516110999934, 4.401059444000055, 305.943400000003749 ], [ -73.237616666999941, 4.401015278000045, 305.333700000002864 ], [ -73.237717221999958, 4.400972222000064, 304.642300000006799 ], [ -73.237816943999974, 4.400929722000058, 303.53530000000319 ], [ -73.237914166999985, 4.400886944000035, 302.520199999999022 ], [ -73.237977499999943, 4.400858056000061, 302.120999999999185 ], [ -73.23807527799994, 4.400815, 301.918499999999767 ], [ -73.238175277999972, 4.400769444000048, 301.717000000004191 ], [ -73.238273055999969, 4.400721667000028, 302.083499999993364 ], [ -73.238368055999956, 4.400674167000034, 302.961699999999837 ], [ -73.238380832999951, 4.400667500000054, 303.080799999996088 ], [ -73.238396110999986, 4.40066, 303.221499999999651 ], [ -73.238461943999937, 4.400626389000024, 303.7728000000061 ], [ -73.23856, 4.40057888900003, 304.185400000002119 ], [ -73.23865916699998, 4.400532500000054, 304.357999999992899 ], [ -73.238692499999956, 4.40051694400006, 304.387900000001537 ], [ -73.238791388999971, 4.400470556000073, 304.291500000006636 ], [ -73.238873055999989, 4.400431111000046, 303.892600000006496 ], [ -73.238970832999939, 4.400383889000068, 303.299299999998766 ], [ -73.239068888999952, 4.400336389000074, 302.7212 ], [ -73.239166666999949, 4.400288611000065, 302.368100000006962 ], [ -73.239265277999948, 4.400243333000049, 302.033400000000256 ], [ -73.239363888999947, 4.400195833000055, 301.682400000005146 ], [ -73.23946194399997, 4.40014750000006, 301.325299999996787 ], [ -73.239561666999975, 4.400100833000067, 300.990200000000186 ], [ -73.239577777999955, 4.400093333000029, 300.962499999994179 ], [ -73.239677499999971, 4.400046667000026, 300.789999999993597 ], [ -73.239776943999971, 4.4, 300.617599999997765 ], [ -73.239876666999976, 4.399952778000056, 300.392399999996996 ], [ -73.239976110999976, 4.399905556000022, 300.139100000000326 ], [ -73.240075832999935, 4.399858889000029, 300.014299999995274 ], [ -73.240175832999967, 4.399812778000069, 300.148499999995693 ], [ -73.240275555999972, 4.39976583300006, 300.49550000000454 ], [ -73.240374721999956, 4.399718611000026, 300.844500000006519 ], [ -73.240471943999978, 4.39967305600004, 301.496899999998277 ], [ -73.240571110999952, 4.399626667000064, 302.206500000000233 ], [ -73.240670832999967, 4.399580556000046, 302.864799999995739 ], [ -73.240769721999982, 4.39953527800003, 303.0 ], [ -73.240866666999977, 4.399491111000032, 303.0 ], [ -73.240964166999959, 4.399445556000046, 303.544699999998556 ], [ -73.241062221999982, 4.399396944000046, 304.995200000004843 ], [ -73.24116, 4.399347222000074, 306.441600000005565 ], [ -73.241258610999978, 4.399298056000021, 307.900299999993877 ], [ -73.241358332999937, 4.399251944000071, 309.347899999993388 ], [ -73.241447221999977, 4.399215278000042, 310.452000000004773 ], [ -73.24154916699996, 4.399173056000052, 311.497799999997369 ], [ -73.241651110999953, 4.399131111000031, 312.310599999997066 ], [ -73.241753055999936, 4.39909, 312.884399999995367 ], [ -73.241855555999962, 4.399050278000061, 313.482099999993807 ], [ -73.241958610999973, 4.399010833000034, 314.479999999995925 ], [ -73.242061388999957, 4.398971389000053, 315.536399999997229 ], [ -73.242163888999983, 4.398931667000056, 316.287599999996019 ], [ -73.242266388999951, 4.398891389000028, 316.927599999995437 ], [ -73.242332221999959, 4.398865278000073, 317.082999999998719 ], [ -73.242432777999966, 4.398825278000061, 317.156700000006822 ], [ -73.242535, 4.398784167000031, 317.117400000002817 ], [ -73.242639443999963, 4.398749722000048, 316.324600000007194 ], [ -73.242745832999958, 4.398721667000075, 315.275399999998626 ], [ -73.242851943999938, 4.398692222000022, 314.475000000005821 ], [ -73.242957499999989, 4.398661667000056, 314.000299999999697 ], [ -73.243063055999983, 4.398630278000041, 313.6106 ], [ -73.243168610999987, 4.39859944400007, 313.567999999999302 ], [ -73.243274721999967, 4.39857, 313.5576 ], [ -73.243375, 4.398543889000052, 313.52270000000135 ], [ -73.243481388999953, 4.398516111000049, 313.710500000001048 ], [ -73.243587777999949, 4.398488611000062, 313.900399999998626 ], [ -73.243652826999949, 4.398471242000028, 313.912899999995716 ], [ -73.243693888999985, 4.398460278000073, 313.876499999998487 ], [ -73.243798888999947, 4.398431667000068, 313.830100000006496 ], [ -73.243904166999982, 4.398403056000063, 313.856899999998859 ], [ -73.244009166999945, 4.398374722000028, 313.590500000005704 ], [ -73.244114443999933, 4.398346111000023, 313.402799999996205 ], [ -73.244219166999983, 4.398316111000042, 312.472500000003492 ], [ -73.244325, 4.39828916700003, 310.607300000003306 ], [ -73.244431388999942, 4.398260833000052, 308.718399999997928 ], [ -73.244537221999963, 4.398231667000061, 307.152900000000955 ], [ -73.244643888999974, 4.398205, 305.715500000005704 ], [ -73.24475027799997, 4.398178056000063, 304.761100000003353 ], [ -73.244838055999935, 4.398153611000055, 304.580100000006496 ], [ -73.244857221999951, 4.398147778000066, 304.536999999996624 ], [ -73.244866388999981, 4.398145278000072, 304.518500000005588 ], [ -73.244961666999984, 4.39811833300007, 304.319000000003143 ], [ -73.245067777999964, 4.39808944400005, 304.734599999996135 ], [ -73.245173888999943, 4.398060556000075, 305.305699999997159 ], [ -73.245226388999981, 4.398046389000058, 305.589300000006915 ], [ -73.24528, 4.398032500000056, 305.948699999993551 ], [ -73.245386388999975, 4.398004167000067, 306.836800000004587 ], [ -73.245412499999986, 4.397997222000072, 307.0674 ], [ -73.245492777999971, 4.397975833000032, 307.807400000005146 ], [ -73.24559888899995, 4.397947222000028, 308.584799999996903 ], [ -73.245704721999971, 4.397918889000039, 309.315700000006473 ], [ -73.245713610999985, 4.397916389000045, 309.381299999993644 ], [ -73.245811110999966, 4.39789055600005, 310.309999999997672 ], [ -73.245917221999946, 4.397862222000072, 312.152499999996508 ], [ -73.246023610999941, 4.397833889000026, 313.917499999995925 ], [ -73.246129721999978, 4.397805, 315.228199999997742 ], [ -73.246236388999989, 4.397776944000043, 316.175399999992806 ], [ -73.246342777999985, 4.397748611000054, 316.850600000005215 ], [ -73.246448888999964, 4.397719444000074, 316.202699999994365 ], [ -73.246554721999985, 4.39769, 315.467000000004191 ], [ -73.246660555999938, 4.397661111000048, 314.874800000005052 ], [ -73.246766666999974, 4.397631944000068, 314.520600000003469 ], [ -73.246872777999954, 4.397603333000063, 314.257299999997485 ], [ -73.246979166999949, 4.397574722000059, 313.692500000004657 ], [ -73.247085555999945, 4.39754638900007, 313.204800000006799 ], [ -73.247192221999967, 4.397516944000074, 312.693499999993946 ], [ -73.247298332999947, 4.397488056000043, 312.087199999994482 ], [ -73.247404721999942, 4.397459444000049, 311.481799999994109 ], [ -73.247509443999945, 4.397425278000071, 311.816200000001118 ], [ -73.247611943999971, 4.397385833000044, 312.451400000005378 ], [ -73.24771416699997, 4.397346111000047, 313.31140000000596 ], [ -73.247732221999968, 4.397339167000041, 313.511700000002747 ], [ -73.247816666999938, 4.397305833000075, 314.448699999993551 ], [ -73.247918610999989, 4.397264722000045, 315.579800000006799 ], [ -73.248020555999972, 4.397222778000071, 315.844899999996414 ], [ -73.248122499999965, 4.397181111000066, 315.503599999996368 ], [ -73.248224443999959, 4.39713972200002, 315.047099999996135 ], [ -73.248326666999958, 4.397099167000022, 314.630900000003749 ], [ -73.248428610999952, 4.397058056000049, 314.253800000005867 ], [ -73.248530555999935, 4.397016111000028, 314.123200000001816 ], [ -73.248632499999985, 4.396974722000039, 314.500299999999697 ], [ -73.248734721999938, 4.396933611000065, 314.878299999996671 ], [ -73.248836943999947, 4.396892500000035, 315.480899999995017 ], [ -73.248939166999946, 4.396851389000062, 316.278999999994994 ], [ -73.249041388999956, 4.396810278000032, 316.997700000007171 ], [ -73.24914333299995, 4.396769167000059, 316.870899999994435 ], [ -73.249245277999989, 4.39672777800007, 316.628700000001118 ], [ -73.249347499999942, 4.396687222000025, 316.221099999995204 ], [ -73.249450277999983, 4.396646667000027, 315.69100000000617 ], [ -73.249552221999977, 4.396605556000054, 315.161999999996624 ], [ -73.249654443999987, 4.396563889000049, 314.909899999998743 ], [ -73.249756110999954, 4.396522222000044, 314.755900000003749 ], [ -73.249857777999978, 4.396480556000029, 314.633900000000722 ], [ -73.24996, 4.396438889000024, 314.857900000002701 ], [ -73.25006222199994, 4.39639777800005, 315.084000000002561 ], [ -73.25016416699998, 4.396356944000047, 315.310100000002421 ], [ -73.250244166999948, 4.396324722000031, 315.486900000003516 ], [ -73.250310277999972, 4.396298333000061, 315.583299999998417 ], [ -73.250411110999949, 4.396256667000046, 315.409199999994598 ], [ -73.250512221999941, 4.396214722000025, 314.505699999994249 ], [ -73.25061444399995, 4.396173333000036, 313.714600000006612 ], [ -73.250661666999974, 4.39615416700002, 313.39539999999397 ], [ -73.250763610999968, 4.396113056000047, 313.243400000006659 ], [ -73.250865832999978, 4.396072778000075, 313.094500000006519 ], [ -73.250967777999961, 4.39603111100007, 312.991800000003423 ], [ -73.251068888999953, 4.395989167000039, 312.890299999999115 ], [ -73.251104166999937, 4.39597416700002, 312.826700000005076 ], [ -73.251195, 4.395936389000042, 312.599499999996624 ], [ -73.251297221999948, 4.395895833000054, 312.796300000001793 ], [ -73.251388055999939, 4.395861111000045, 313.003899999996065 ], [ -73.251405, 4.395854444000065, 313.041899999996531 ], [ -73.251454721999949, 4.395835, 313.153900000004796 ], [ -73.251556943999958, 4.395794167000076, 312.768599999995786 ], [ -73.251658888999941, 4.395752778000031, 312.19100000000617 ], [ -73.25171888899996, 4.395728333000022, 311.890700000003562 ], [ -73.251820555999984, 4.395686667000064, 311.667199999996228 ], [ -73.251861666999957, 4.395669444000021, 311.603600000002189 ], [ -73.251963610999951, 4.395626944000071, 311.446500000005472 ], [ -73.252065555999934, 4.395584722000024, 311.487999999997555 ], [ -73.252167499999985, 4.395543056000065, 311.710999999995693 ], [ -73.252269443999978, 4.395501111000044, 311.968500000002678 ], [ -73.252371388999961, 4.395459722000055, 312.500299999999697 ], [ -73.252473332999955, 4.395418333000066, 313.030299999998533 ], [ -73.252575555999954, 4.39537694400002, 313.56140000000596 ], [ -73.252677777999963, 4.39533555600002, 314.092499999998836 ], [ -73.252779721999957, 4.395294167000031, 314.622499999997672 ], [ -73.25288166699994, 4.395253056000058, 314.935599999997066 ], [ -73.252983332999975, 4.395211667000069, 314.822899999999208 ], [ -73.253083610999965, 4.395170278000023, 314.516900000002352 ], [ -73.253085, 4.395169722000048, 314.512799999996787 ], [ -73.253088660999936, 4.395168188000071, 314.501499999998487 ], [ -73.253184443999942, 4.395128056000033, 314.338300000003073 ], [ -73.253283055999987, 4.395079444000032, 314.24989999999525 ], [ -73.253375, 4.395018889000028, 314.231599999999162 ], [ -73.253462499999955, 4.394951667000043, 314.252699999997276 ], [ -73.253549721999946, 4.394884722000029, 314.204599999997299 ], [ -73.253637221999952, 4.39481694400007, 314.473499999992782 ], [ -73.253723888999957, 4.394749167000043, 314.864100000006147 ], [ -73.253811110999948, 4.394681667000043, 315.243900000001304 ], [ -73.253898055999969, 4.394614167000043, 315.645900000003166 ], [ -73.253985, 4.394546111000068, 316.045100000003004 ], [ -73.254071943999975, 4.394478611000068, 316.438800000003539 ], [ -73.254159166999955, 4.394411667000043, 316.794200000003912 ], [ -73.254247221999947, 4.394345, 316.499299999995856 ], [ -73.254335, 4.394278333000045, 316.245899999994435 ], [ -73.254422499999976, 4.39421138900002, 316.150200000003679 ], [ -73.254436666999936, 4.394200556000044, 316.149799999999232 ], [ -73.254510277999941, 4.394144444000062, 316.201799999995274 ], [ -73.254597777999948, 4.394077500000037, 316.130099999994854 ], [ -73.254685, 4.394010278000053, 315.895999999993364 ], [ -73.254772499999945, 4.393943056000069, 315.709300000002258 ], [ -73.254837777999967, 4.393892222000034, 315.546100000006845 ], [ -73.254925277999973, 4.393825, 315.819399999993038 ], [ -73.255012499999964, 4.393757778000065, 316.059500000003027 ], [ -73.255099721999954, 4.393690278000065, 315.951300000000629 ], [ -73.255186388999959, 4.393622500000049, 315.360400000005029 ], [ -73.255273332999934, 4.393554722000033, 314.975800000000163 ], [ -73.255360277999955, 4.393486944000074, 314.653099999995902 ], [ -73.255447221999987, 4.393419444000074, 314.010099999999511 ], [ -73.255535, 4.393353056000024, 313.098899999997229 ], [ -73.255624166999951, 4.393288889000075, 312.933300000004238 ], [ -73.255719166999938, 4.393233889000044, 312.723800000007031 ], [ -73.255820832999973, 4.393191667000053, 312.370299999995041 ], [ -73.255821943999933, 4.393191111000021, 312.364100000006147 ], [ -73.255925, 4.393156111000053, 311.853499999997439 ], [ -73.255950832999986, 4.393147778000071, 311.727100000003702 ], [ -73.256055555999978, 4.393113889000062, 311.214399999997113 ], [ -73.256160277999982, 4.39308027800007, 311.02730000000156 ], [ -73.256264721999969, 4.393045556000061, 311.111000000004424 ], [ -73.256369166999946, 4.393010278000077, 311.353099999992992 ], [ -73.256473610999933, 4.392975556000067, 312.01579999999376 ], [ -73.256577777999951, 4.392940833000068, 312.776199999992969 ], [ -73.256682221999938, 4.392905556000073, 313.316099999996368 ], [ -73.25678611099994, 4.392869722000057, 313.646399999997811 ], [ -73.25689, 4.392834167000046, 313.863899999996647 ], [ -73.256993055999942, 4.392799444000048, 313.996199999994133 ], [ -73.25709722199997, 4.392765, 313.875299999999697 ], [ -73.257201110999972, 4.39272972200007, 313.556299999996554 ], [ -73.257305, 4.392693889000043, 313.039499999998952 ], [ -73.257409166999935, 4.392658056000073, 312.521699999997509 ], [ -73.257513332999963, 4.392622778000032, 312.812699999994948 ], [ -73.25761777799994, 4.392587778000063, 313.110000000000582 ], [ -73.257722499999943, 4.392553611000039, 313.187000000005355 ], [ -73.257827499999962, 4.39252, 312.969200000006822 ], [ -73.257930277999947, 4.392480833000036, 312.824399999997695 ], [ -73.258027499999969, 4.392429167000046, 312.878599999996368 ], [ -73.258110555999963, 4.392356944000028, 312.919099999999162 ], [ -73.258161431999952, 4.392291142000033, 312.864300000001094 ], [ -73.258177777999947, 4.39227, 312.846699999994598 ], [ -73.258236110999974, 4.392176111000026, 313.327399999994668 ], [ -73.258237221999934, 4.392174444000034, 313.340400000000955 ], [ -73.258292221999966, 4.392081111000039, 313.9519 ], [ -73.258346666999955, 4.391987500000027, 314.422000000005937 ], [ -73.258347499999957, 4.391985833000035, 314.427400000000489 ], [ -73.258403888999965, 4.391893889000073, 314.635699999998906 ], [ -73.25847, 4.391805833000035, 314.8799 ], [ -73.25855, 4.391729722000036, 315.342000000004191 ], [ -73.258640555999989, 4.391666944000065, 315.842099999994389 ], [ -73.258736388999978, 4.391611944000033, 316.34769999999844 ], [ -73.258833055999958, 4.39155861100005, 316.736999999993714 ], [ -73.25893, 4.391505833000053, 316.938200000004144 ], [ -73.25902694399997, 4.391453056000046, 316.999700000000303 ], [ -73.259123332999934, 4.391399722000074, 316.583199999993667 ], [ -73.259152499999971, 4.391383611000037, 316.411099999997532 ], [ -73.25924916699995, 4.391331111000056, 315.764699999999721 ], [ -73.259346388999973, 4.39127944400002, 315.217000000004191 ], [ -73.259420359999979, 4.391254519000029, 315.436300000001211 ], [ -73.259448610999982, 4.391245, 315.54660000000149 ], [ -73.259476943999971, 4.391239444000064, 315.728000000002794 ], [ -73.259545555999978, 4.391218889000072, 316.116699999998673 ], [ -73.259577499999978, 4.391200556000058, 316.225500000000466 ], [ -73.259583610999982, 4.391196944000058, 316.248800000001211 ], [ -73.259604721999949, 4.391184167000063, 316.259200000000419 ], [ -73.25965611099997, 4.391153056000064, 316.475600000005215 ], [ -73.259665832999985, 4.391147222000029, 316.53519999999844 ], [ -73.259721110999976, 4.391114167000069, 316.903999999994994 ], [ -73.259750555999972, 4.391096667000056, 317.120999999999185 ], [ -73.259775832999935, 4.391081667000037, 317.318499999993946 ], [ -73.259831110999983, 4.391048889000047, 317.786500000001979 ], [ -73.259845277999943, 4.391040556000064, 317.914399999994203 ], [ -73.259886666999989, 4.391016111000056, 317.930800000001909 ], [ -73.25994, 4.390984444000026, 317.7788 ], [ -73.25994222199995, 4.390983333000065, 317.771699999997509 ], [ -73.259996943999965, 4.390950833000034, 317.566099999996368 ], [ -73.260034721999943, 4.390928611000049, 317.396299999993062 ], [ -73.260052777999988, 4.390917778000073, 317.306400000001304 ], [ -73.260106943999972, 4.390885556000057, 317.06239999999525 ], [ -73.260129166999945, 4.390872500000057, 317.013699999995879 ], [ -73.260162221999963, 4.390852778000067, 317.111999999993714 ], [ -73.260217499999953, 4.39082, 317.236900000003516 ], [ -73.260223610999958, 4.390816389000065, 317.247700000007171 ], [ -73.26027305599996, 4.39078694400007, 317.31239999999525 ], [ -73.260315832999936, 4.390761389000033, 317.335999999995693 ], [ -73.260328332999961, 4.390753889000052, 317.337199999994482 ], [ -73.260391110999933, 4.390716389000033, 317.304999999993015 ], [ -73.26041, 4.390705, 317.188999999998487 ], [ -73.260416110999984, 4.390701389000071, 317.140499999994063 ], [ -73.260448332999943, 4.390679722000073, 316.851599999994505 ], [ -73.260490277999963, 4.390624444000025, 316.220900000000256 ], [ -73.2605, 4.390608056000076, 315.99210000000312 ], [ -73.26051427699997, 4.390583556000024, 315.660000000003492 ], [ -73.260545, 4.390530833000071, 314.977599999998347 ], [ -73.260551110999984, 4.390520278000054, 314.846499999999651 ], [ -73.260566943999947, 4.390493889000027, 314.523400000005495 ], [ -73.26064527799997, 4.390419444000031, 313.521599999992759 ], [ -73.260685277999983, 4.390396944000031, 313.129199999995762 ], [ -73.26069416699994, 4.39039222200006, 313.031099999992875 ], [ -73.260790277999945, 4.390338333000045, 311.956399999995483 ], [ -73.26088638899995, 4.390283889000045, 310.850300000005518 ], [ -73.260982221999939, 4.390229444000056, 310.024999999994179 ], [ -73.261077499999942, 4.390173889000039, 309.614600000000792 ], [ -73.261103610999953, 4.390158611000061, 309.501799999998184 ], [ -73.261200277999933, 4.390105278000021, 309.107799999997951 ], [ -73.261297221999939, 4.390053056000056, 308.861000000004424 ], [ -73.261393888999976, 4.389999722000027, 308.664000000004307 ], [ -73.261489166999979, 4.389944444000037, 308.439599999997881 ], [ -73.261584443999936, 4.389889444000062, 308.154999999998836 ], [ -73.261685277999959, 4.389845833000038, 308.021999999997206 ], [ -73.261788610999986, 4.389808333000076, 308.259699999995064 ], [ -73.261892221999972, 4.389771389000032, 308.889599999994971 ], [ -73.261995, 4.389735278000046, 309.516399999993155 ], [ -73.262098610999942, 4.389698611000028, 309.849199999996927 ], [ -73.262201110999968, 4.389661389000025, 310.090700000000652 ], [ -73.262304443999938, 4.389623056000062, 310.271800000002258 ], [ -73.262407499999938, 4.389584444000036, 310.129000000000815 ], [ -73.262424166999949, 4.389578056000062, 310.105400000000373 ], [ -73.262510832999965, 4.389546111000072, 309.987299999993411 ], [ -73.262613888999965, 4.389508333000038, 309.643700000000536 ], [ -73.262639443999944, 4.389498889000038, 309.514200000005076 ], [ -73.262717221999935, 4.38947, 309.119699999995646 ], [ -73.262820277999936, 4.389431667000053, 308.596799999999348 ], [ -73.262923610999962, 4.389393056000074, 307.924599999998463 ], [ -73.263026943999989, 4.389355, 307.343599999992875 ], [ -73.26313, 4.389316389000044, 307.12850000000617 ], [ -73.26323333299996, 4.389278611000066, 307.495999999999185 ], [ -73.263336943999946, 4.389241111000047, 307.89539999999397 ], [ -73.263440277999962, 4.389203333000069, 308.521099999998114 ], [ -73.263494721999962, 4.389183333000062, 308.923800000004121 ], [ -73.263553610999963, 4.389161944000023, 309.359400000001187 ], [ -73.263656943999933, 4.389123611000059, 310.061900000000605 ], [ -73.263665832999948, 4.389120278000064, 310.094800000006217 ], [ -73.263758888999973, 4.389085556000055, 310.438999999998487 ], [ -73.263861943999984, 4.389046944000029, 310.820200000001932 ], [ -73.263965, 4.389008611000065, 310.798699999999371 ], [ -73.264066666999952, 4.388970556000061, 310.363200000007055 ], [ -73.26417, 4.388932778000026, 310.029099999999744 ], [ -73.264271666999946, 4.388895556000023, 309.328800000002957 ], [ -73.264375, 4.388858056000061, 308.564400000002934 ], [ -73.264478055999973, 4.388820278000026, 307.832099999999627 ], [ -73.264581666999959, 4.388782778000063, 307.115099999995437 ], [ -73.26468472199997, 4.388745, 306.295100000003004 ], [ -73.264788332999956, 4.388707500000066, 306.085399999996298 ], [ -73.264892221999958, 4.388670833000049, 306.091899999999441 ], [ -73.264995832999944, 4.38863333300003, 306.0 ], [ -73.265028610999934, 4.38862111100002, 306.0 ], [ -73.265098610999985, 4.388594444000034, 306.0 ], [ -73.265201110999953, 4.388554444000022, 306.0 ], [ -73.26530444399998, 4.388516389000074, 306.0 ], [ -73.265409721999958, 4.388484167000058, 306.0 ], [ -73.265516666999986, 4.388458889000049, 305.967300000003888 ], [ -73.265623610999967, 4.38843166700002, 306.202699999994365 ], [ -73.26573, 4.388403333000042, 306.491399999998976 ], [ -73.265836666999974, 4.388375833000055, 306.575200000006589 ], [ -73.265943332999939, 4.388348889000042, 306.103499999997439 ], [ -73.26605, 4.388321389000055, 305.468500000002678 ], [ -73.266111943999988, 4.388305278000075, 304.568299999998999 ], [ -73.266156388999946, 4.388293889000067, 303.731599999999162 ], [ -73.266262777999941, 4.388265556000022, 301.775999999998021 ], [ -73.266369166999937, 4.388236944000028, 300.183499999999185 ], [ -73.266475832999959, 4.38820944400004, 299.577600000004168 ], [ -73.266581388999953, 4.388182778000044, 299.15570000000298 ], [ -73.266688055999964, 4.388155278000056, 299.473299999997835 ], [ -73.266793055999983, 4.388128056000028, 300.090100000001257 ], [ -73.2669, 4.388101389000042, 300.827999999994063 ], [ -73.267005, 4.388075556000047, 301.796100000006845 ], [ -73.267111943999964, 4.388049722000062, 302.778699999995297 ], [ -73.267218610999976, 4.388022500000034, 303.213300000003073 ], [ -73.267241388999935, 4.388016389000029, 303.236199999999371 ], [ -73.267349443999933, 4.387995, 303.320300000006682 ], [ -73.267458610999938, 4.387981111000045, 303.181299999996554 ], [ -73.267567777999943, 4.387967222000043, 302.581200000000536 ], [ -73.267676943999959, 4.387952778000056, 301.943700000003446 ], [ -73.267785832999948, 4.387938056000053, 301.910799999997835 ], [ -73.267872221999937, 4.38792611100007, 302.010200000004261 ], [ -73.267925, 4.387918889000048, 302.061100000006263 ], [ -73.267981110999983, 4.387911111000051, 302.123800000001211 ], [ -73.268084166999984, 4.387896944000033, 302.229099999996834 ], [ -73.268193055999973, 4.387882500000046, 302.336500000004889 ], [ -73.268301943999973, 4.387867222000068, 302.150599999993574 ], [ -73.268410555999935, 4.387851944000033, 301.73519999999553 ], [ -73.268519443999935, 4.387835556000027, 301.163199999995413 ], [ -73.268628332999981, 4.387819444000058, 299.776700000002165 ], [ -73.268688055999974, 4.387810556000034, 299.036999999996624 ], [ -73.268797221999989, 4.387795278000056, 298.023300000000745 ], [ -73.268902499999967, 4.387781111000038, 298.301900000005844 ], [ -73.269005277999952, 4.387767222000036, 298.534499999994296 ], [ -73.269111388999988, 4.387752500000033, 298.734500000005937 ], [ -73.269184443999961, 4.387742500000058, 298.847099999999045 ], [ -73.269219721999946, 4.38773777800003, 298.894100000004983 ], [ -73.269325555999956, 4.387723611000069, 299.039000000004307 ], [ -73.269429721999984, 4.387709444000052, 299.49550000000454 ], [ -73.269538332999957, 4.387694444000033, 299.927599999995437 ], [ -73.269647499999962, 4.38767972200003, 299.855899999995017 ], [ -73.269756388999951, 4.387665556000059, 299.400399999998626 ], [ -73.269862777999947, 4.387651111000025, 298.888999999995576 ], [ -73.269953055999963, 4.387638333000041, 297.870200000004843 ], [ -73.270061666999936, 4.387622778000036, 296.770900000003166 ], [ -73.270167499999957, 4.387607500000058, 296.071400000000722 ], [ -73.270245555999963, 4.387596389000066, 295.896599999992759 ], [ -73.270354443999963, 4.387581389000047, 295.689299999998184 ], [ -73.270458332999965, 4.38756722200003, 295.528099999995902 ], [ -73.270564721999961, 4.387552778000043, 295.302100000000792 ], [ -73.27067083299994, 4.387538889000041, 295.004700000004959 ], [ -73.270775832999959, 4.387525556000071, 295.200700000001234 ], [ -73.270871666999938, 4.387513611000031, 295.3466000000044 ], [ -73.27097833299996, 4.387500833000047, 295.41370000000461 ], [ -73.271087499999965, 4.387486667000076, 295.361000000004424 ], [ -73.27119666699997, 4.387472500000058, 295.308399999994435 ], [ -73.27130638899996, 4.387459167000031, 295.525500000003376 ], [ -73.271415555999965, 4.38744527800003, 295.812699999994948 ], [ -73.271524721999981, 4.387431111000069, 295.858300000007148 ], [ -73.271633888999986, 4.387416944000051, 295.486699999994016 ], [ -73.271743055999934, 4.387402500000064, 295.071599999995669 ], [ -73.27185222199995, 4.387389444000064, 295.379100000005565 ], [ -73.271961666999971, 4.387378056000045, 295.750599999999395 ], [ -73.272065, 4.387365278000061, 295.909599999999045 ], [ -73.272174166999946, 4.387350833000028, 295.855999999999767 ], [ -73.272283332999962, 4.387336667000056, 295.803299999999581 ], [ -73.272392499999967, 4.387322500000039, 296.506899999993038 ], [ -73.272501388999956, 4.387308056000052, 297.259000000005472 ], [ -73.272610832999987, 4.38729416700005, 298.017200000002049 ], [ -73.27272, 4.387280278000048, 298.773300000000745 ], [ -73.272829166999941, 4.387266667000063, 299.530499999993481 ], [ -73.272937499999955, 4.38725305600002, 299.492499999993015 ], [ -73.273046943999987, 4.387238611000043, 299.438800000003539 ], [ -73.273156110999935, 4.387225833000059, 299.064199999993434 ], [ -73.273265555999956, 4.38721361100005, 298.339600000006612 ], [ -73.273375277999946, 4.387201111000024, 297.608399999997346 ], [ -73.273485, 4.387188889000072, 297.820999999996275 ], [ -73.273594443999968, 4.387176389000047, 298.068499999993946 ], [ -73.273670832999983, 4.387166944000057, 298.172099999996135 ], [ -73.273703888999989, 4.38716305600002, 298.157699999996112 ], [ -73.273813332999964, 4.387148889000059, 298.104999999995925 ], [ -73.273922777999985, 4.387134444000026, 298.049299999998766 ], [ -73.274031943999944, 4.38712083300004, 298.000400000004447 ], [ -73.274141388999965, 4.387109167000062, 298.0 ], [ -73.274251110999955, 4.387096389000021, 297.513999999995576 ], [ -73.274360277999961, 4.38708222200006, 296.77730000000156 ], [ -73.274469443999976, 4.387066944000026, 296.137400000006892 ], [ -73.27457888899994, 4.387052222000023, 295.787200000006123 ], [ -73.274659443999951, 4.387042778000023, 295.524300000004587 ], [ -73.274673610999969, 4.387041389000046, 295.477100000003702 ], [ -73.274783055999933, 4.387027778000061, 295.490999999994528 ], [ -73.274892221999949, 4.387014167000075, 295.774300000004587 ], [ -73.275001388999954, 4.387000278000073, 296.0 ], [ -73.275110832999985, 4.386986944000057, 296.0 ], [ -73.275220555999965, 4.38697361100003, 296.0 ], [ -73.275329721999981, 4.386960556000076, 295.708199999993667 ], [ -73.275439166999945, 4.386946667000075, 295.158999999999651 ], [ -73.27546777799995, 4.386942778000048, 295.000199999994948 ], [ -73.275548332999961, 4.386931944000025, 294.634500000000116 ], [ -73.275657499999966, 4.386917500000038, 294.835099999996601 ], [ -73.275746110999989, 4.386905833000071, 295.030100000003586 ], [ -73.275763332999986, 4.386903611000037, 295.071500000005472 ], [ -73.275872221999975, 4.386889722000035, 295.393599999995786 ], [ -73.27598138899998, 4.386875556000064, 295.744800000000396 ], [ -73.276005555999973, 4.386872222000022, 295.821800000005169 ], [ -73.276088055999935, 4.38686111100003, 296.085800000000745 ], [ -73.276195555999948, 4.386845833000052, 296.472200000003795 ], [ -73.27629555599998, 4.386831389000065, 296.845700000005309 ], [ -73.276403888999937, 4.386814444000038, 297.219100000002072 ], [ -73.276511666999966, 4.386797778000073, 297.617899999997462 ], [ -73.276620832999981, 4.386786111000049, 297.961800000004587 ], [ -73.276730832999988, 4.386786389000065, 297.24659999999858 ], [ -73.276839721999977, 4.386801111000068, 296.493700000006356 ], [ -73.27694444399998, 4.386830833000033, 295.860499999995227 ], [ -73.277029166999966, 4.386861667000062, 295.482600000003004 ], [ -73.277132221999977, 4.386900278000041, 295.100500000000466 ], [ -73.277197499999943, 4.386925278000035, 294.958299999998417 ], [ -73.277206666999973, 4.38692861100003, 294.946899999995367 ], [ -73.277261110999973, 4.386949444000038, 294.8606 ], [ -73.27732722199994, 4.386974444000032, 294.71490000000631 ], [ -73.277428888999964, 4.387016944000038, 294.408400000000256 ], [ -73.277484758999947, 4.387042640000061, 294.520699999993667 ], [ -73.277494721999972, 4.387047222000035, 294.540699999997742 ], [ -73.277545832999976, 4.387070833000053, 294.643100000001141 ], [ -73.27757472199994, 4.387084444000038, 294.69999999999709 ], [ -73.277651666999986, 4.387117500000045, 294.863299999997253 ], [ -73.277675141999964, 4.38712586500003, 294.924599999998463 ], [ -73.277675832999989, 4.387126111000043, 294.927200000005541 ], [ -73.27772833299997, 4.387149167000075, 295.231400000004214 ], [ -73.277771110999936, 4.387178333000065, 295.503800000005867 ], [ -73.277801666999949, 4.387201944000026, 295.673599999994622 ], [ -73.277827499999944, 4.387221944000032, 295.801800000001094 ], [ -73.277875, 4.387256667000031, 296.005600000004051 ], [ -73.277920277999954, 4.38728111100005, 296.184500000003027 ], [ -73.277935555999989, 4.387288889000047, 296.239700000005541 ], [ -73.277994443999944, 4.387319167000044, 296.466599999999744 ], [ -73.278025, 4.387334444000032, 296.61689999999362 ], [ -73.278048610999974, 4.387346389000072, 296.741399999998976 ], [ -73.278101666999987, 4.387373333000028, 297.048899999994319 ], [ -73.27812305599997, 4.38738416700005, 297.18399999999383 ], [ -73.278155, 4.38740027800003, 297.391699999992852 ], [ -73.278208332999952, 4.387427222000042, 297.694600000002538 ], [ -73.278220832999978, 4.387433611000063, 297.759699999995064 ], [ -73.278261943999951, 4.38745444400007, 297.786200000002282 ], [ -73.27831527799998, 4.387481389000072, 297.687099999995553 ], [ -73.278318888999934, 4.387483056000065, 297.680999999996857 ], [ -73.278369166999937, 4.387508611000044, 297.586999999999534 ], [ -73.278401388999953, 4.387525, 297.526700000002165 ], [ -73.278422777999936, 4.387535556000046, 297.487899999992806 ], [ -73.278475832999959, 4.387562500000058, 297.388699999995879 ], [ -73.278499443999976, 4.387574167000025, 297.345799999995506 ], [ -73.278529166999988, 4.387589444000071, 297.325899999996182 ], [ -73.278588610999975, 4.387619722000068, 297.375299999999697 ], [ -73.278603610999937, 4.387627500000065, 297.403099999995902 ], [ -73.278649166999969, 4.387652500000058, 297.526899999997113 ], [ -73.278695832999972, 4.38768611100005, 297.683600000003935 ], [ -73.278721388999941, 4.387705278000055, 297.770300000003772 ], [ -73.278783888999953, 4.387751944000058, 298.018100000001141 ], [ -73.278793610999969, 4.387759444000039, 298.043900000004214 ], [ -73.278812777999974, 4.387773333000041, 298.105500000005122 ], [ -73.278897910999945, 4.387827415000061, 298.529299999994691 ], [ -73.278904166999951, 4.387831389000041, 298.57039999999688 ], [ -73.279000832999941, 4.387880833000054, 299.303299999999581 ], [ -73.279058888999941, 4.38791, 299.732499999998254 ], [ -73.279159721999974, 4.387953056000072, 299.647899999996298 ], [ -73.27926333299996, 4.387988611000026, 299.518599999995786 ], [ -73.279322499999978, 4.388009444000033, 299.475800000000163 ], [ -73.279374443999984, 4.388027222000062, 299.287800000005518 ], [ -73.279426666999939, 4.38804527800005, 299.048899999994319 ], [ -73.279530832999967, 4.388081667000051, 298.419699999998556 ], [ -73.279634721999969, 4.388118889000054, 298.296799999996438 ], [ -73.279738610999971, 4.388156389000073, 299.011899999997695 ], [ -73.279842221999957, 4.388193611000077, 299.830199999996694 ], [ -73.279946110999958, 4.388230833000023, 300.377900000006775 ], [ -73.280049721999944, 4.388268333000042, 300.774099999995087 ], [ -73.280153888999962, 4.388305556000034, 301.0 ], [ -73.280257777999964, 4.388342222000063, 301.0 ], [ -73.280361943999935, 4.388378889000023, 301.0 ], [ -73.280465555999967, 4.388416111000026, 301.06359999999404 ], [ -73.28056944399998, 4.38845305600006, 301.072899999999208 ], [ -73.280673332999982, 4.38849, 301.044699999998556 ], [ -73.280776943999967, 4.388527500000066, 301.501699999993434 ], [ -73.280880555999943, 4.388565278000044, 301.853099999992992 ], [ -73.280984443999955, 4.388602778000063, 302.0 ], [ -73.281088055999987, 4.388640278000025, 302.0 ], [ -73.281191943999943, 4.388677222000069, 302.0 ], [ -73.281295832999945, 4.38871388900003, 302.276899999997113 ], [ -73.2814, 4.388750833000074, 302.699399999997695 ], [ -73.281503888999964, 4.38878694400006, 303.0 ], [ -73.281608055999982, 4.388823611000021, 303.0 ], [ -73.281711943999937, 4.388860556000054, 303.0 ], [ -73.28181555599997, 4.388898056000073, 303.0 ], [ -73.281842221999966, 4.388907500000073, 303.0 ], [ -73.281945832999952, 4.388945278000051, 303.0 ], [ -73.282016666999937, 4.388971389000062, 303.0 ], [ -73.282120555999938, 4.38900916700004, 303.0 ], [ -73.282223888999965, 4.389046944000029, 303.0 ], [ -73.282327499999951, 4.389085278000039, 303.0 ], [ -73.282431110999937, 4.389123611000059, 303.0 ], [ -73.282534166999937, 4.389161944000023, 303.0 ], [ -73.28263777799998, 4.389199722000058, 303.186000000001513 ], [ -73.282741388999966, 4.389237778000052, 303.52270000000135 ], [ -73.282844721999936, 4.389276389000031, 303.912100000001374 ], [ -73.282947777999937, 4.389315278000026, 304.110100000005332 ], [ -73.283050832999947, 4.389354722000064, 304.400099999998929 ], [ -73.283154166999964, 4.389392778000058, 304.609599999996135 ], [ -73.283258610999951, 4.389428611000028, 304.663499999995111 ], [ -73.283363332999954, 4.38946222200002, 304.606499999994412 ], [ -73.283468332999973, 4.389495, 304.715500000005704 ], [ -73.283573610999952, 4.389527222000027, 304.833899999997811 ], [ -73.283680277999963, 4.389553333000038, 304.929699999993318 ], [ -73.283786943999985, 4.389579444000049, 305.0512000000017 ], [ -73.283891388999962, 4.389614722000033, 305.310400000002119 ], [ -73.283995555999979, 4.389648333000025, 305.236499999999069 ], [ -73.284101110999984, 4.389679722000039, 305.076400000005378 ], [ -73.284206388999962, 4.389711667000029, 305.123999999996158 ], [ -73.284311388999981, 4.38974444400003, 305.75350000000617 ], [ -73.284416388999944, 4.389777500000037, 306.385099999999511 ], [ -73.284521388999963, 4.38981083300007, 306.550600000002305 ], [ -73.284626110999966, 4.389845278000053, 306.345100000005914 ], [ -73.284730832999969, 4.38987944400003, 306.0 ], [ -73.284835555999962, 4.389913611000054, 306.0 ], [ -73.28494, 4.389947500000062, 306.0 ], [ -73.285045, 4.389980833000038, 305.589200000002165 ], [ -73.28515, 4.390014167000061, 304.811900000000605 ], [ -73.285253888999989, 4.390047500000037, 304.042799999995623 ], [ -73.285336240999982, 4.390074079000044, 303.716599999999744 ], [ -73.285358888999951, 4.390081389000045, 303.632800000006682 ], [ -73.285463610999955, 4.390115556000069, 303.2451 ], [ -73.285568332999958, 4.390149722000046, 303.28059999999823 ], [ -73.285672777999935, 4.390183611000054, 303.904299999994691 ], [ -73.285777499999938, 4.390217222000047, 304.623699999996461 ], [ -73.285882221999941, 4.390250833000039, 304.830199999996694 ], [ -73.285986943999944, 4.390284167000061, 304.963199999998324 ], [ -73.286091666999937, 4.390318333000039, 304.961800000004587 ], [ -73.28619638899994, 4.390352222000047, 304.130000000004657 ], [ -73.286300832999984, 4.39038666700003, 303.40570000000298 ], [ -73.286405, 4.390421389000039, 302.309200000003329 ], [ -73.286509166999963, 4.390453889000071, 301.126199999998789 ], [ -73.286611666999988, 4.390487222000047, 300.062699999994948 ], [ -73.286716110999976, 4.390521111000055, 298.691500000000815 ], [ -73.286804721999943, 4.390548889000058, 297.590299999996205 ], [ -73.286821110999938, 4.390553889000046, 297.392099999997299 ], [ -73.286926666999989, 4.390585556000076, 296.47259999999369 ], [ -73.287032221999937, 4.39061722200006, 295.85229999999865 ], [ -73.287137777999988, 4.390649444000076, 295.05460000000312 ], [ -73.287243055999966, 4.390682222000066, 294.941500000000815 ], [ -73.287347499999953, 4.390714444000025, 294.912299999996321 ], [ -73.28745194399994, 4.390747222000073, 294.797600000005332 ], [ -73.287557499999934, 4.390779722000048, 294.581300000005285 ], [ -73.287663055999985, 4.390811667000037, 294.267300000006799 ], [ -73.287767499999973, 4.390845556000045, 293.880900000003749 ], [ -73.287820555999986, 4.390862500000026, 293.646099999998114 ], [ -73.287926110999933, 4.390894444000025, 293.099100000006729 ], [ -73.288033055999961, 4.390920278000067, 292.699200000002747 ], [ -73.288142777999951, 4.390933056000051, 292.327999999994063 ], [ -73.288252777999958, 4.390937778000023, 291.936900000000605 ], [ -73.28836305599998, 4.390941111000075, 291.540699999997742 ], [ -73.288473332999956, 4.390943056000026, 291.1394 ], [ -73.288583610999979, 4.390943889000027, 291.328200000003562 ], [ -73.288693888999944, 4.39094444400007, 291.721799999999348 ], [ -73.288756943999942, 4.390944167000043, 291.946100000001024 ], [ -73.28876444399998, 4.390944167000043, 291.97280000000319 ], [ -73.288790277999965, 4.390944167000043, 291.9326 ], [ -73.288850832999969, 4.390943889000027, 291.708599999998114 ], [ -73.288911388999963, 4.390943889000027, 291.484500000005937 ], [ -73.288925277999965, 4.390943889000027, 291.433099999994738 ], [ -73.289021666999986, 4.390941944000076, 291.076499999995576 ], [ -73.289128055999981, 4.390929167000024, 290.68289999999979 ], [ -73.289170832999957, 4.39092194400007, 290.524600000004284 ], [ -73.289200832999938, 4.390917222000041, 290.41359999999986 ], [ -73.289309443999969, 4.390898889000027, 290.011799999992945 ], [ -73.289417777999972, 4.39088055600007, 289.222099999999045 ], [ -73.289526110999986, 4.390863056000057, 288.420499999992899 ], [ -73.289635, 4.390845, 287.807400000005146 ], [ -73.289743610999949, 4.390827778000073, 287.40559999999823 ], [ -73.289852499999938, 4.390810833000046, 287.002699999997276 ], [ -73.289961388999984, 4.390793611000049, 287.0 ], [ -73.29007, 4.390776111000037, 287.0 ], [ -73.290178888999947, 4.390758333000065, 287.204700000002049 ], [ -73.290230832999953, 4.390750556000057, 287.396900000007008 ], [ -73.290335832999972, 4.390721389000021, 287.78530000000319 ], [ -73.290344384999969, 4.390719065000042, 287.81699999999546 ], [ -73.29044111099995, 4.390692778000073, 288.174799999993411 ], [ -73.290448610999988, 4.390691667000056, 288.202499999999418 ], [ -73.290479721999986, 4.390687222000054, 288.317599999994854 ], [ -73.290546110999969, 4.390677222000022, 288.563200000004144 ], [ -73.290586943999983, 4.390671111000074, 288.714300000006915 ], [ -73.290652499999965, 4.390661667000074, 288.933799999998882 ], [ -73.290695832999972, 4.390655278000054, 288.820200000001932 ], [ -73.290760277999937, 4.390651389000027, 288.579899999996996 ], [ -73.290805555999953, 4.390656111000055, 288.44550000000163 ], [ -73.290867499999933, 4.390662778000035, 288.243400000006659 ], [ -73.290915277999943, 4.390657778000048, 288.06699999999546 ], [ -73.290936110999951, 4.390654444000063, 288.0 ], [ -73.29101583299996, 4.390641667000068, 288.0 ], [ -73.29103194399994, 4.390639167000074, 288.0 ], [ -73.29108888899998, 4.39063, 288.0 ], [ -73.291140277999943, 4.390621667000062, 288.0 ], [ -73.291161388999967, 4.39061833300002, 288.0 ], [ -73.29123444399994, 4.390606389000027, 287.952099999994971 ], [ -73.291248888999974, 4.390604167000049, 287.9262000000017 ], [ -73.291306943999984, 4.390594444000044, 287.801800000001094 ], [ -73.291357499999947, 4.390586111000061, 287.668799999999464 ], [ -73.29138, 4.390582222000035, 287.601299999994808 ], [ -73.291452221999975, 4.390570556000057, 287.357699999993201 ], [ -73.291466110999977, 4.390568056000063, 287.303799999994226 ], [ -73.291523610999946, 4.390558611000074, 287.138900000005378 ], [ -73.291575, 4.390550278000035, 286.990499999999884 ], [ -73.291596388999949, 4.390546667000024, 286.923999999999069 ], [ -73.291669166999952, 4.390534722000041, 286.685299999997369 ], [ -73.291683610999939, 4.390532500000063, 286.636599999997998 ], [ -73.291741943999966, 4.390522778000047, 286.42269999999553 ], [ -73.291791943999954, 4.390514444000075, 286.074800000002142 ], [ -73.29181472199997, 4.390510833000064, 285.916599999996834 ], [ -73.291888055999948, 4.390498611000055, 285.417199999996228 ], [ -73.291900277999957, 4.390496667000036, 285.337199999994482 ], [ -73.291960832999962, 4.390486667000062, 284.947400000004563 ], [ -73.292008888999987, 4.390478611000049, 284.649000000004889 ], [ -73.292035277999958, 4.390474444000063, 284.346300000004703 ], [ -73.292107777999945, 4.390462500000069, 283.389599999994971 ], [ -73.292117777999977, 4.39046083300002, 283.259399999995367 ], [ -73.292180555999948, 4.39045027800006, 282.452000000004773 ], [ -73.292226666999966, 4.390442778000022, 281.87159999999858 ], [ -73.292253332999962, 4.39043833300002, 281.539900000003399 ], [ -73.292326388999982, 4.390426111000068, 281.279899999994086 ], [ -73.292335277999939, 4.390424722000034, 281.310500000006869 ], [ -73.292398888999969, 4.390414167000074, 281.515700000003562 ], [ -73.292443610999953, 4.390406944000063, 281.650200000003679 ], [ -73.292471388999957, 4.390402222000034, 281.727799999993294 ], [ -73.292551388999982, 4.390389167000023, 281.982000000003609 ], [ -73.292559166999979, 4.390388056000063, 282.032300000006217 ], [ -73.292616110999973, 4.390378611000074, 282.664300000004005 ], [ -73.292667499999936, 4.390370278000034, 283.234700000000885 ], [ -73.292714443999955, 4.390362500000037, 283.755699999994249 ], [ -73.292776110999966, 4.390351944000031, 284.440100000007078 ], [ -73.292812221999952, 4.390345833000026, 284.8408999999956 ], [ -73.292820277999965, 4.39034444400005, 284.930300000007264 ], [ -73.292910555999981, 4.390318333000039, 285.621400000003632 ], [ -73.292924721999952, 4.390311389000033, 285.72620000000461 ], [ -73.29302249999995, 4.390264167000055, 286.449399999997695 ], [ -73.293023888999983, 4.390263611000023, 286.459700000006706 ], [ -73.293107499999962, 4.390237500000069, 287.039099999994505 ], [ -73.293128888999945, 4.390235278000034, 287.118300000001909 ], [ -73.293189425999969, 4.390228792000073, 287.342199999999139 ], [ -73.293237777999934, 4.390223611000067, 287.521099999998114 ], [ -73.293248888999983, 4.390222222000034, 287.562200000000303 ], [ -73.293351110999936, 4.390225556000075, 287.940499999996973 ], [ -73.293458888999965, 4.390246667000042, 288.151899999997113 ], [ -73.293566388999977, 4.390270833000045, 288.395300000003772 ], [ -73.293673610999974, 4.390296111000055, 288.896999999997206 ], [ -73.293780832999971, 4.390320833000033, 289.781400000007125 ], [ -73.293888610999943, 4.390343889000064, 290.663799999994808 ], [ -73.293996388999972, 4.390366667000023, 291.873800000001211 ], [ -73.294104166999944, 4.39038944400005, 293.153999999994994 ], [ -73.294208888999947, 4.390411111000049, 294.345400000005611 ], [ -73.29431083299994, 4.390432222000072, 295.4771999999939 ], [ -73.294418332999953, 4.390448889000027, 296.670700000002398 ], [ -73.294526110999982, 4.390432500000031, 297.577999999994063 ], [ -73.294628055999965, 4.39039, 298.246100000003935 ], [ -73.294730277999975, 4.390348611000036, 298.463099999993574 ], [ -73.294832777999943, 4.390307778000022, 298.143100000001141 ], [ -73.294934721999937, 4.390265556000031, 297.925199999997858 ], [ -73.294947221999962, 4.390260278000028, 297.905799999993178 ], [ -73.295035555999959, 4.390223333000051, 297.822400000004563 ], [ -73.295119443999965, 4.390187222000066, 297.820000000006985 ], [ -73.29512277799995, 4.390185833000032, 297.821899999995367 ], [ -73.295136666999952, 4.39018, 297.830799999996088 ], [ -73.295146388999967, 4.390175556000031, 297.836500000004889 ], [ -73.295148888999961, 4.390174444000024, 297.838300000003073 ], [ -73.295159721999937, 4.390169722000053, 297.847500000003492 ], [ -73.29516111099997, 4.390169167000067, 297.849000000001979 ], [ -73.295165, 4.390167500000075, 297.852899999998044 ], [ -73.295208191999961, 4.390148613000065, 297.905899999997928 ], [ -73.295246943999985, 4.390131667000048, 297.972399999998743 ], [ -73.295346666999933, 4.390086944000075, 298.196700000000419 ], [ -73.295373888999961, 4.390074722000065, 298.275999999998021 ], [ -73.295395277999944, 4.390065, 298.345400000005611 ], [ -73.295478025999955, 4.390002806000041, 298.831099999995786 ], [ -73.295481388999974, 4.390000278000059, 298.853799999997136 ], [ -73.295537499999966, 4.389940556000056, 299.407399999996414 ], [ -73.29557833299998, 4.389892222000071, 299.914999999993597 ], [ -73.295601666999971, 4.389852500000075, 300.262799999996787 ], [ -73.295626943999935, 4.38980527800004, 300.292199999996228 ], [ -73.295653888999936, 4.389754722000021, 300.287299999996321 ], [ -73.29566, 4.389743056000043, 300.28070000000298 ], [ -73.295668332999981, 4.389727500000049, 300.26919999999518 ], [ -73.295694443999935, 4.389678333000063, 300.209400000007008 ], [ -73.295716110999933, 4.389636667000048, 300.130999999993946 ], [ -73.295726110999965, 4.389618333000044, 300.088900000002468 ], [ -73.295757777999938, 4.389558056000055, 299.684699999997974 ], [ -73.295767499999954, 4.389539167000066, 299.470799999995506 ], [ -73.295789166999953, 4.389498056000036, 299.023300000000745 ], [ -73.295818888999975, 4.389441667000028, 298.380199999999604 ], [ -73.295820832999937, 4.389437778000058, 298.334799999996903 ], [ -73.295852777999983, 4.389377500000023, 297.657099999996717 ], [ -73.295870277999938, 4.389344444000074, 297.307700000004843 ], [ -73.295884443999967, 4.389317500000061, 297.034599999999045 ], [ -73.295915832999981, 4.389258333000043, 296.471499999999651 ], [ -73.295921388999943, 4.389247500000067, 296.373699999996461 ], [ -73.295947221999938, 4.38919861100004, 295.953999999997905 ], [ -73.295972221999989, 4.389150833000031, 295.576499999995576 ], [ -73.295978610999953, 4.389138611000021, 295.48519999999553 ], [ -73.296010277999983, 4.389078333000043, 295.066200000001118 ], [ -73.296023332999937, 4.389053333000049, 294.907500000001164 ], [ -73.296041943999967, 4.389018056000054, 294.728900000001886 ], [ -73.296073332999981, 4.388958056000035, 294.3799 ], [ -73.296074443999942, 4.388955833000068, 294.366200000004028 ], [ -73.296104721999939, 4.388897778000057, 293.987200000003213 ], [ -73.296125, 4.388859167000021, 293.708899999997811 ], [ -73.296136110999953, 4.388837778000038, 293.545400000002701 ], [ -73.296169443999986, 4.388773889000049, 293.018400000000838 ], [ -73.29617583299995, 4.38876166700004, 293.022899999996298 ], [ -73.296179166999934, 4.388755278000076, 293.036600000006729 ], [ -73.296201388999975, 4.388711389000036, 293.115499999999884 ], [ -73.29622083299995, 4.388654444000053, 293.193499999993946 ], [ -73.296229443999948, 4.388625833000049, 293.223499999992782 ], [ -73.296249166999985, 4.388561389000074, 293.26579999999376 ], [ -73.296252047999985, 4.388552007000044, 293.269100000004983 ], [ -73.29626, 4.388526111000033, 293.274199999999837 ], [ -73.296285832999956, 4.388458056000047, 293.33169999999518 ], [ -73.296328610999979, 4.388360556000066, 293.540399999998044 ], [ -73.296371388999944, 4.388263889000029, 293.85920000000624 ], [ -73.29640361099996, 4.388189167000064, 294.216199999995297 ], [ -73.296446110999966, 4.38808750000004, 294.925900000002002 ], [ -73.296488055999987, 4.387985, 295.873600000006263 ], [ -73.29653, 4.387882778000062, 296.473100000002887 ], [ -73.296571388999951, 4.387780556000052, 296.793900000004214 ], [ -73.296604443999968, 4.387675278000074, 297.056100000001607 ], [ -73.296628332999944, 4.38756722200003, 297.89089999999851 ], [ -73.296652499999936, 4.387459444000058, 298.580300000001444 ], [ -73.296676943999955, 4.387351667000075, 298.820200000001932 ], [ -73.296700832999989, 4.387243611000031, 298.881999999997788 ], [ -73.296723888999963, 4.387135556000032, 299.0 ], [ -73.296746110999948, 4.387027222000029, 299.0 ], [ -73.296767777999946, 4.386920278000048, 299.0 ], [ -73.296789443999955, 4.386813333000021, 299.0 ], [ -73.296811943999955, 4.386705833000065, 299.0 ], [ -73.296835277999946, 4.386599444000069, 298.998099999997066 ], [ -73.296846110999979, 4.386548611000023, 298.971999999994296 ], [ -73.296869443999981, 4.386440556000025, 298.966799999994691 ], [ -73.29689222199994, 4.386332500000037, 299.0 ], [ -73.296914443999981, 4.386224167000023, 298.649099999995087 ], [ -73.296936666999954, 4.386115833000076, 298.358600000006845 ], [ -73.296959443999981, 4.386007500000062, 298.415599999992992 ], [ -73.296983055999988, 4.385899444000074, 298.739700000005541 ], [ -73.297006666999948, 4.385791389000076, 298.994500000000698 ], [ -73.29703, 4.385683333000031, 299.416100000002189 ], [ -73.297053332999951, 4.385575556000049, 299.976800000004005 ], [ -73.297076388999983, 4.385467500000061, 300.358699999997043 ], [ -73.297099166999942, 4.385359444000073, 300.458299999998417 ], [ -73.297121666999942, 4.385251389000075, 300.621700000003329 ], [ -73.297145277999959, 4.38514333300003, 299.771900000007008 ], [ -73.297168610999961, 4.385035278000032, 298.656000000002678 ], [ -73.297192221999978, 4.384927222000044, 297.647299999996903 ], [ -73.297215277999953, 4.384819167000046, 296.850399999995716 ], [ -73.297238332999939, 4.384711389000074, 296.055600000006962 ], [ -73.297260832999939, 4.384604722000063, 296.224600000001374 ], [ -73.297283332999939, 4.38449722200005, 296.404999999998836 ], [ -73.297306388999971, 4.384390556000028, 296.360899999999674 ], [ -73.297329721999972, 4.38428250000004, 296.006899999993038 ], [ -73.297353610999949, 4.384175556000059, 295.583499999993364 ], [ -73.297364166999955, 4.38412777800005, 295.438800000003539 ], [ -73.297388332999958, 4.38402, 295.214300000006915 ], [ -73.297412777999966, 4.383912500000065, 295.059399999998277 ], [ -73.297437221999985, 4.38380444400002, 295.0 ], [ -73.297460832999946, 4.383696944000064, 295.0 ], [ -73.297485832999939, 4.383589167000025, 295.0 ], [ -73.297489166999981, 4.383575, 295.0 ], [ -73.297510832999933, 4.383481667000069, 295.0 ], [ -73.297535832999984, 4.38337388900004, 295.0 ], [ -73.29755972199996, 4.383265833000053, 294.697700000004261 ], [ -73.297582777999935, 4.383158611000056, 294.302400000000489 ], [ -73.297603332999984, 4.383050278000042, 294.062799999999697 ], [ -73.297621943999957, 4.382941944000038, 294.355200000005425 ], [ -73.297632651999947, 4.382883281000034, 294.538000000000466 ], [ -73.297641666999937, 4.38283388900004, 294.705100000006496 ], [ -73.297650832999977, 4.382782500000076, 294.752299999992829 ], [ -73.297670555999957, 4.382674167000062, 294.461599999995087 ], [ -73.297687221999979, 4.382565, 294.108699999997043 ], [ -73.29770138899994, 4.382455556000025, 293.715500000005704 ], [ -73.297715832999984, 4.38234638900002, 293.326300000000629 ], [ -73.29773027799996, 4.382236944000056, 293.0 ], [ -73.297744166999962, 4.382126944000049, 293.0 ], [ -73.297759721999967, 4.382017500000075, 293.0 ], [ -73.297776666999937, 4.381908611000028, 293.086999999999534 ], [ -73.297793055999989, 4.381799167000054, 293.244300000005751 ], [ -73.297809721999954, 4.38169, 293.405400000003283 ], [ -73.297827499999983, 4.381580833000044, 293.470700000005309 ], [ -73.29784555599997, 4.381471944000054, 293.537100000001374 ], [ -73.297862221999935, 4.381362778000039, 293.279599999994389 ], [ -73.297875555999951, 4.381278333000068, 293.017300000006799 ], [ -73.297879166999962, 4.381254167000066, 292.941399999996065 ], [ -73.297895832999984, 4.381145833000062, 292.603300000002491 ], [ -73.29791305599997, 4.381037778000064, 292.268200000005891 ], [ -73.297936943999957, 4.380931389000068, 291.963900000002468 ], [ -73.29795444399997, 4.380873611000027, 291.823000000003958 ], [ -73.297954721999986, 4.38087222200005, 291.819099999993341 ], [ -73.297968055999945, 4.380828333000068, 291.702099999994971 ], [ -73.298001388999978, 4.380723889000024, 291.13980000000447 ], [ -73.298034443999939, 4.380618611000045, 290.486300000004121 ], [ -73.298056943999939, 4.380545278000056, 290.140499999994063 ], [ -73.298084166999956, 4.380455556000072, 289.779999999998836 ], [ -73.29809, 4.380436667000026, 289.712100000004284 ], [ -73.298122221999961, 4.380334167000058, 289.666700000001583 ], [ -73.298151388999941, 4.380227778000062, 290.343800000002375 ], [ -73.298181110999963, 4.380121389000067, 291.018899999995483 ], [ -73.298213888999953, 4.38001805600004, 291.937300000005052 ], [ -73.298245832999953, 4.379918611000051, 292.923999999999069 ], [ -73.298276388999966, 4.379814722000049, 293.905499999993481 ], [ -73.298302777999936, 4.379707500000052, 294.294099999999162 ], [ -73.298329443999933, 4.379600556000071, 294.75810000000638 ], [ -73.298344721999968, 4.379538889000059, 295.044200000003912 ], [ -73.29835583299996, 4.379493056000058, 295.213199999998324 ], [ -73.298381943999971, 4.379385556000045, 295.609500000005937 ], [ -73.298408055999971, 4.379278056000032, 296.0 ], [ -73.298430832999941, 4.379185556000039, 296.0 ], [ -73.298435555999959, 4.37916666700005, 296.0 ], [ -73.29846166699997, 4.379063611000049, 296.0 ], [ -73.298487499999965, 4.378956667000068, 295.80899999999383 ], [ -73.298513610999976, 4.378849167000055, 295.412599999996019 ], [ -73.298539721999987, 4.378741944000069, 295.110899999999674 ], [ -73.298562777999962, 4.378647222000041, 295.180200000002515 ], [ -73.29858749999994, 4.378539722000028, 295.271299999993062 ], [ -73.298612221999974, 4.378431944000056, 295.488100000002305 ], [ -73.298639443999946, 4.378324722000059, 295.983800000001793 ], [ -73.298667777999981, 4.378218056000037, 296.481599999999162 ], [ -73.29869611099997, 4.378111111000067, 296.464099999997416 ], [ -73.298723888999973, 4.378004167000029, 296.229699999996228 ], [ -73.298751943999946, 4.377897500000074, 296.061000000001513 ], [ -73.298782221999943, 4.377791111000022, 296.472500000003492 ], [ -73.298813888999973, 4.377685, 296.998399999996764 ], [ -73.298844721999956, 4.377578889000063, 296.676699999996345 ], [ -73.298875277999969, 4.377472500000067, 296.004700000004959 ], [ -73.298905555999966, 4.377366389000031, 295.333799999993062 ], [ -73.298935832999973, 4.37726, 294.660799999997835 ], [ -73.29896611099997, 4.37715361100004, 293.987800000002608 ], [ -73.298990277999962, 4.377067778000026, 293.755999999993946 ], [ -73.299019443999953, 4.376962500000047, 293.863500000006752 ], [ -73.299049166999964, 4.376856389000068, 293.973100000002887 ], [ -73.299079166999945, 4.376750278000031, 294.410499999998137 ], [ -73.299108610999951, 4.376643889000036, 294.911399999997229 ], [ -73.299138055999947, 4.37653750000004, 295.378700000001118 ], [ -73.299165, 4.376443333000054, 295.675300000002608 ], [ -73.299197499999934, 4.376340556000059, 295.922099999996135 ], [ -73.299231388999942, 4.376237500000059, 296.140400000003865 ], [ -73.299259721999988, 4.376133056000072, 296.451799999995274 ], [ -73.299285277999957, 4.376027222000062, 296.837700000003679 ], [ -73.299296388999949, 4.375983333000022, 297.021599999992759 ], [ -73.299323055999935, 4.375876389000041, 297.522599999996601 ], [ -73.299349166999946, 4.375768889000028, 297.94560000000638 ], [ -73.299381943999947, 4.375663889000066, 298.0 ], [ -73.299419721999982, 4.37556, 298.0 ], [ -73.299459721999938, 4.375456944000064, 297.857300000003306 ], [ -73.299476943999935, 4.375415, 297.611399999994319 ], [ -73.299511666999933, 4.37532972200006, 297.051300000006449 ], [ -73.299550555999986, 4.375226111000075, 296.274000000004889 ], [ -73.299588055999948, 4.375122222000073, 295.391799999997602 ], [ -73.299626943999954, 4.37501861100003, 294.649199999999837 ], [ -73.299665, 4.374915, 294.198199999998906 ], [ -73.299703332999968, 4.374811111000042, 294.017200000002049 ], [ -73.299742221999963, 4.374707500000056, 293.619099999996251 ], [ -73.299780832999943, 4.37460388900007, 293.006899999993038 ], [ -73.299819721999938, 4.374500278000028, 292.44550000000163 ], [ -73.29985888899995, 4.374397222000027, 291.999800000005052 ], [ -73.299897777999945, 4.374293611000041, 292.063500000003842 ], [ -73.29993666699994, 4.374192500000049, 292.059500000003027 ], [ -73.299976388999937, 4.374088889000063, 292.141099999993457 ], [ -73.300015832999975, 4.373985833000063, 292.521200000002864 ], [ -73.300048888999982, 4.373892500000068, 292.865300000004936 ], [ -73.300087499999961, 4.373788889000025, 292.951400000005378 ], [ -73.300129443999936, 4.373686667000072, 292.974000000001979 ], [ -73.300171388999956, 4.373584444000073, 292.999800000005052 ], [ -73.300211943999955, 4.373483056000055, 292.901400000002468 ], [ -73.300243613999953, 4.373399502000041, 292.740499999999884 ], [ -73.300251110999966, 4.373379722000038, 292.691900000005262 ], [ -73.300286110999934, 4.373285833000068, 292.511100000003353 ], [ -73.300292777999971, 4.373268056000029, 292.512799999996787 ], [ -73.30033138899995, 4.373165278000045, 292.458700000002864 ], [ -73.300370555999962, 4.373062222000044, 292.292799999995623 ], [ -73.300386666999941, 4.373021944000072, 292.253700000001118 ], [ -73.300406388999988, 4.372973056000035, 292.290399999998044 ], [ -73.300447221999946, 4.372870556000066, 292.599000000001979 ], [ -73.300486943999942, 4.372767778000025, 292.715100000001257 ], [ -73.30052638899997, 4.372664444000065, 292.243100000006962 ], [ -73.300565555999981, 4.372561389000055, 291.553100000004633 ], [ -73.300605555999937, 4.372458333000054, 290.766099999993457 ], [ -73.300646388999951, 4.372355556000059, 290.259000000005472 ], [ -73.300686110999948, 4.372252222000043, 290.0 ], [ -73.300724443999968, 4.372149444000058, 290.338699999992969 ], [ -73.300762221999946, 4.372045556000046, 290.87510000000475 ], [ -73.300801388999957, 4.37194222200003, 291.528099999995902 ], [ -73.300841110999954, 4.371839167000076, 292.204100000002654 ], [ -73.300879166999948, 4.371735556000033, 292.770199999999022 ], [ -73.300913888999958, 4.37163083300004, 292.824299999992945 ], [ -73.300937499999975, 4.37156611100005, 292.58190000000468 ], [ -73.300951943999962, 4.371527222000054, 292.415699999997742 ], [ -73.300992221999934, 4.37142444400007, 291.748600000006263 ], [ -73.301031666999961, 4.371321111000043, 291.62489999999525 ], [ -73.301069721999966, 4.371217778000073, 291.768100000001141 ], [ -73.301104443999975, 4.371125833000065, 292.106299999999464 ], [ -73.30114722199994, 4.371027778000041, 292.736999999993714 ], [ -73.301198055999976, 4.370931944000063, 293.490000000005239 ], [ -73.301252499999975, 4.370837222000034, 293.970199999996112 ], [ -73.301308610999968, 4.370742500000063, 293.828099999998813 ], [ -73.301366943999938, 4.370649167000067, 293.699299999992945 ], [ -73.301425832999939, 4.370555556000056, 293.571599999995669 ], [ -73.301484443999982, 4.370463611000048, 293.44890000000305 ], [ -73.301543332999984, 4.370371667000029, 293.149900000003981 ], [ -73.301603332999946, 4.370278889000076, 293.0 ], [ -73.301663055999938, 4.370186111000066, 293.0 ], [ -73.301720832999933, 4.370094722000033, 293.0 ], [ -73.301777499999957, 4.370004722000033, 292.830199999996694 ], [ -73.301836666999975, 4.369911944000023, 292.572599999999511 ], [ -73.301896388999978, 4.369819444000029, 292.167199999996228 ], [ -73.301955555999939, 4.369726111000034, 292.231400000004214 ], [ -73.302014721999967, 4.369633056000055, 292.574699999997392 ], [ -73.302072499999952, 4.36954083300003, 292.793799999999464 ], [ -73.302131388999953, 4.369447222000076, 292.819300000002841 ], [ -73.302189443999964, 4.369354444000066, 292.698099999994156 ], [ -73.302246110999988, 4.369265, 292.437300000005052 ], [ -73.302304443999958, 4.369175556000073, 292.021599999992759 ], [ -73.302361110999982, 4.369087222000076, 291.602899999998044 ], [ -73.302421110999944, 4.368994722000025, 291.159599999999045 ], [ -73.302480832999947, 4.368902222000031, 290.891699999992852 ], [ -73.302538610999989, 4.368813333000048, 290.802700000000186 ], [ -73.302595832999941, 4.368721667000045, 290.805200000002515 ], [ -73.302650277999987, 4.368631389000029, 290.340599999995902 ], [ -73.302708888999973, 4.368537500000059, 290.012799999996787 ], [ -73.302766943999984, 4.368446667000057, 289.98059999999532 ], [ -73.302824721999968, 4.368356111000026, 289.974700000006123 ], [ -73.302859166999951, 4.368302500000027, 290.0 ], [ -73.302910277999956, 4.368226389000029, 290.0 ], [ -73.302972221999937, 4.368135278000068, 290.099700000006123 ], [ -73.303034443999934, 4.368044722000036, 290.433799999998882 ], [ -73.30309555599996, 4.36795333300006, 290.770900000003166 ], [ -73.303151388999936, 4.367863333000059, 291.0 ], [ -73.303203888999974, 4.367777778000061, 291.0 ], [ -73.303261666999958, 4.367690278000055, 291.0 ], [ -73.303324443999941, 4.367599722000023, 291.075299999996787 ], [ -73.303385277999951, 4.367508889000021, 291.410399999993388 ], [ -73.303446666999946, 4.367418333000046, 291.744399999995949 ], [ -73.303508332999968, 4.367327500000044, 292.079500000007101 ], [ -73.303566666999984, 4.367235556000026, 292.418699999994715 ], [ -73.303576110999984, 4.36722, 292.475999999995111 ], [ -73.303632499999935, 4.36712527800006, 292.825400000001537 ], [ -73.303689166999959, 4.367030833000058, 293.260500000003958 ], [ -73.303746666999984, 4.366936667000061, 293.6731 ], [ -73.303804443999979, 4.36684305600005, 293.937300000005052 ], [ -73.303863055999955, 4.366749722000066, 293.842499999998836 ], [ -73.303920277999964, 4.366658611000048, 293.475800000000163 ], [ -73.30398, 4.366566111000054, 293.091899999999441 ], [ -73.304038332999937, 4.366472778000059, 293.0 ], [ -73.304096388999938, 4.366378889000032, 293.0 ], [ -73.304153888999963, 4.366286111000022, 293.0 ], [ -73.304212221999933, 4.366192500000068, 292.743700000006356 ], [ -73.304267221999964, 4.366103333000069, 292.547900000005029 ], [ -73.304321388999938, 4.366012778000027, 292.480100000000675 ], [ -73.304377221999971, 4.365917778000039, 292.827499999999418 ], [ -73.304435832999957, 4.365823889000069, 293.403500000000349 ], [ -73.304493888999957, 4.365730833000043, 293.976299999994808 ], [ -73.304510277999952, 4.365705, 294.0 ], [ -73.304545832999963, 4.365649444000042, 294.0 ], [ -73.304604166999979, 4.365557500000023, 294.0 ], [ -73.304662777999965, 4.365463889000068, 294.0 ], [ -73.30472, 4.365373333000036, 295.076400000005378 ], [ -73.304778888999977, 4.365280278000057, 296.998600000006263 ], [ -73.304827775999968, 4.36520613700003, 298.833599999998114 ], [ -73.304837499999962, 4.365191389000074, 299.2103000000061 ], [ -73.30489694399995, 4.365101667000033, 301.301300000006449 ], [ -73.304953332999958, 4.365016944000047, 303.37489999999525 ], [ -73.304963610999948, 4.365001667000058, 303.764500000004773 ], [ -73.305023332999951, 4.364918056000022, 305.905299999998533 ], [ -73.305039443999988, 4.364896111000064, 306.049499999993714 ], [ -73.305084721999947, 4.364835, 306.058099999994738 ], [ -73.305149166999968, 4.364745556000059, 306.195999999996275 ], [ -73.305201666999949, 4.364670833000048, 306.422399999995832 ], [ -73.30521194399995, 4.364656111000045, 306.479099999996834 ], [ -73.305270832999952, 4.364571111000032, 306.649199999999837 ], [ -73.305336110999974, 4.364482222000049, 306.424799999993411 ], [ -73.305400555999938, 4.364392778000024, 306.094899999996414 ], [ -73.305465, 4.364303333000066, 306.077900000003865 ], [ -73.305527777999941, 4.364214722000042, 306.447000000000116 ], [ -73.305591666999987, 4.364125, 307.026700000002165 ], [ -73.305655555999977, 4.364035278000074, 307.004700000004959 ], [ -73.305708055999958, 4.363961111000037, 306.849100000006729 ], [ -73.305771666999988, 4.363871111000037, 306.802299999995739 ], [ -73.305831943999976, 4.363787222000042, 306.310700000001816 ], [ -73.305896110999981, 4.363697778000073, 304.897500000006403 ], [ -73.305960555999945, 4.363608056000032, 303.794800000003306 ], [ -73.306023332999985, 4.363521667000043, 303.220000000001164 ], [ -73.306077777999974, 4.363448611000024, 303.083400000003166 ], [ -73.306143055999939, 4.363359722000041, 302.787400000001071 ], [ -73.306207221999955, 4.36327, 302.341799999994691 ], [ -73.306219166999938, 4.36325277800006, 302.291599999996834 ], [ -73.306277221999949, 4.363170833000027, 301.978499999997439 ], [ -73.306340555999952, 4.363080278000041, 301.480899999995017 ], [ -73.306402499999933, 4.362988889000064, 301.332800000003772 ], [ -73.306458610999982, 4.362894167000036, 301.961500000004889 ], [ -73.306513610999957, 4.362800278000066, 302.438999999998487 ], [ -73.306568610999989, 4.362705278000021, 302.907099999996717 ], [ -73.306621943999971, 4.362612500000068, 303.44100000000617 ], [ -73.306673332999935, 4.362521111000035, 303.704199999992852 ], [ -73.30672722199995, 4.362425278000046, 303.670800000007148 ], [ -73.306778055999985, 4.362334722000071, 303.482999999992899 ], [ -73.306827777999956, 4.362244722000071, 303.299400000003516 ], [ -73.306879721999962, 4.36215111100006, 302.914499999998952 ], [ -73.306933610999977, 4.362060278000058, 302.354200000001583 ], [ -73.306988888999967, 4.361965, 301.802299999995739 ], [ -73.307040277999988, 4.361873056000036, 301.411600000006729 ], [ -73.307096110999964, 4.361778056000048, 301.138600000005681 ], [ -73.307151943999941, 4.361682778000045, 301.009999999994761 ], [ -73.307207499999947, 4.361587500000041, 301.330300000001444 ], [ -73.307262499999979, 4.361492222000038, 301.725800000000163 ], [ -73.307314443999985, 4.361400556000035, 301.971300000004703 ], [ -73.307355277999989, 4.361326111000039, 301.782600000005914 ], [ -73.307402191999984, 4.361242057000027, 301.47259999999369 ], [ -73.307408610999971, 4.361230556000066, 301.430200000002515 ], [ -73.307417777999945, 4.361215, 301.372799999997369 ], [ -73.307466666999971, 4.361155833000055, 301.093900000007125 ], [ -73.307493055999942, 4.361136944000066, 300.926600000006147 ], [ -73.307543055999986, 4.361092500000041, 300.419299999994109 ], [ -73.307563332999962, 4.36105416700002, 299.920199999993201 ], [ -73.307574166999984, 4.36103055600006, 299.619000000006054 ], [ -73.307601666999972, 4.36097, 298.847399999998743 ], [ -73.307611943999973, 4.36094722200005, 298.557499999995343 ], [ -73.307626666999965, 4.360914722000075, 298.143500000005588 ], [ -73.307651110999984, 4.360860556000034, 297.453999999997905 ], [ -73.307657499999948, 4.360846944000059, 297.279800000003888 ], [ -73.307676110999978, 4.360805833000029, 297.006599999993341 ], [ -73.307700832999956, 4.36075111100007, 296.710900000005495 ], [ -73.30770305599998, 4.360746667000058, 296.687999999994645 ], [ -73.307725832999949, 4.36069666700007, 296.460900000005495 ], [ -73.307748610999965, 4.360646667000026, 296.276500000007218 ], [ -73.307750832999943, 4.360642222000024, 296.260099999999511 ], [ -73.307775832999937, 4.360587500000065, 296.058300000004238 ], [ -73.307794721999983, 4.360546389000035, 296.118799999996554 ], [ -73.307801110999947, 4.360532778000049, 296.186000000001513 ], [ -73.307826388999956, 4.36047833300006, 296.478300000002491 ], [ -73.307841388999975, 4.360446667000076, 296.666100000002189 ], [ -73.307851666999966, 4.360424167000076, 296.806599999996251 ], [ -73.307879166999953, 4.360364167000057, 297.212400000003981 ], [ -73.307887221999977, 4.360346944000071, 297.337700000003679 ], [ -73.307890277999945, 4.36034055600004, 297.385299999994459 ], [ -73.307911666999985, 4.360301111000069, 297.700599999996484 ], [ -73.307959721999964, 4.360257500000046, 297.881699999998091 ], [ -73.307986666999966, 4.360237500000039, 297.981299999999464 ], [ -73.308029721999958, 4.360175278000042, 297.924499999993714 ], [ -73.308039443999974, 4.360152778000042, 297.919800000003306 ], [ -73.308046388999969, 4.360069167000063, 297.970499999995809 ], [ -73.308045483999933, 4.360060120000071, 297.977599999998347 ], [ -73.308045, 4.360055278000061, 297.981299999999464 ], [ -73.308048888999963, 4.359949722000067, 297.706200000000536 ], [ -73.308064721999983, 4.359840278000036, 297.302700000000186 ], [ -73.308078055999943, 4.359738611000068, 296.950700000001234 ], [ -73.308094166999979, 4.359633333000033, 296.713099999993574 ], [ -73.30811111099996, 4.359531111000024, 296.530400000003283 ], [ -73.308113888999969, 4.359512778000067, 296.501699999993434 ], [ -73.308130555999981, 4.359403333000046, 296.353199999997742 ], [ -73.308146388999944, 4.359293611000055, 296.163300000000163 ], [ -73.30816249999998, 4.359183611000049, 296.0 ], [ -73.308178055999974, 4.359076389000052, 296.0 ], [ -73.308195277999971, 4.358967222000047, 296.0 ], [ -73.30821138899995, 4.35886, 296.251600000003236 ], [ -73.308228888999963, 4.35875388900007, 296.612800000002608 ], [ -73.308247499999936, 4.35864527800004, 297.043699999994715 ], [ -73.308265277999965, 4.358536111000035, 297.511599999997998 ], [ -73.308273055999962, 4.358485833000032, 297.725500000000466 ], [ -73.308287499999949, 4.35838166700006, 298.149499999999534 ], [ -73.308296943999949, 4.358305833000031, 298.390199999994365 ], [ -73.308308888999989, 4.358196111000041, 298.673200000004726 ], [ -73.308322221999958, 4.35808638900005, 298.656600000002072 ], [ -73.308339166999986, 4.357977222000045, 298.313500000003842 ], [ -73.308358332999944, 4.357872222000026, 298.030400000003283 ], [ -73.308378888999982, 4.357763889000069, 298.0 ], [ -73.308388332999982, 4.357706389000043, 298.0 ], [ -73.308391943999936, 4.357683889000043, 298.0 ], [ -73.308406110999954, 4.357597222000038, 298.0 ], [ -73.308407499999987, 4.357588889000056, 298.0 ], [ -73.308420832999957, 4.35751166700004, 298.446100000001024 ], [ -73.308424721999984, 4.357488333000049, 298.587100000004284 ], [ -73.308443055999987, 4.357379722000076, 299.276400000002468 ], [ -73.30844861099996, 4.357347778000076, 299.490000000005239 ], [ -73.308461943999987, 4.357271389000061, 299.897500000006403 ], [ -73.308480277999934, 4.357163889000049, 300.361300000004121 ], [ -73.308485277999978, 4.357132500000034, 300.49539999999979 ], [ -73.308498055999962, 4.357055278000075, 300.827099999994971 ], [ -73.308502536999981, 4.357027345000063, 300.88640000000305 ], [ -73.308514721999984, 4.356951389000074, 300.949800000002142 ], [ -73.308529443999987, 4.356856667000045, 300.993100000006962 ], [ -73.308546110999941, 4.356759722000049, 300.961699999999837 ], [ -73.308564721999971, 4.35665083300006, 300.893200000005891 ], [ -73.30858361099996, 4.356541944000071, 300.823699999993551 ], [ -73.308602221999934, 4.356433056000071, 300.755300000004354 ], [ -73.308605, 4.356416667000076, 300.744999999995343 ], [ -73.308620555999937, 4.356324167000025, 300.687799999999697 ], [ -73.308637221999959, 4.356215278000036, 300.587400000003981 ], [ -73.308641110999986, 4.356186111000056, 300.508199999996577 ], [ -73.308651388999976, 4.35610527800003, 300.305600000006962 ], [ -73.308657221999965, 4.356061667000063, 300.205300000001444 ], [ -73.308666943999981, 4.355996111000024, 300.06699999999546 ], [ -73.308676666999986, 4.355933889000028, 299.851800000004005 ], [ -73.308683888999951, 4.355886944000076, 299.602599999998347 ], [ -73.308701110999948, 4.355777778000061, 299.059699999997974 ], [ -73.308718610999961, 4.35566833300004, 298.672500000000582 ], [ -73.308736943999975, 4.35555944400005, 298.740000000005239 ], [ -73.308755555999937, 4.355450556000051, 298.808399999994435 ], [ -73.308772777999934, 4.355341389000046, 298.908200000005309 ], [ -73.308789721999972, 4.355232222000041, 298.979399999996531 ], [ -73.308804166999948, 4.355129722000072, 299.128200000006473 ], [ -73.308805, 4.355122778000066, 299.179199999998673 ], [ -73.308819443999937, 4.355013056000075, 299.947299999999814 ], [ -73.30883388899997, 4.354903611000054, 300.624200000005658 ], [ -73.30885, 4.354794167000023, 300.736099999994622 ], [ -73.30886861099998, 4.354685556000049, 300.709499999997206 ], [ -73.308887499999969, 4.35457666700006, 300.810599999997066 ], [ -73.308905555999957, 4.354467778000071, 301.145699999993667 ], [ -73.308921943999962, 4.354358889000025, 301.486900000003516 ], [ -73.308936943999981, 4.354249444000061, 301.051500000001397 ], [ -73.308951388999958, 4.354140278000045, 300.422600000005332 ], [ -73.308968610999955, 4.35403111100004, 299.722099999999045 ], [ -73.308988888999977, 4.353922778000026, 298.798399999999674 ], [ -73.309006666999949, 4.353813889000037, 297.921400000006543 ], [ -73.309023332999971, 4.353704722000032, 297.606100000004517 ], [ -73.30903944399995, 4.353596111000058, 297.345700000005309 ], [ -73.309056110999961, 4.353486667000027, 297.353600000002189 ], [ -73.309071943999982, 4.353377500000022, 298.10910000000149 ], [ -73.309088888999952, 4.353268056000047, 298.833400000003166 ], [ -73.309106388999965, 4.353159167000058, 299.86019999999553 ], [ -73.309124166999936, 4.353050278000069, 300.912100000001374 ], [ -73.309142221999934, 4.352941389000023, 301.909299999999348 ], [ -73.309159721999947, 4.352832222000075, 302.861099999994622 ], [ -73.309176110999942, 4.352722778000043, 303.775899999993271 ], [ -73.309192499999938, 4.352613611000038, 304.439400000002934 ], [ -73.309209443999976, 4.352504722000049, 305.055500000002212 ], [ -73.309225832999971, 4.35239583300006, 305.244000000006054 ], [ -73.309242777999941, 4.352286667000044, 304.654599999994389 ], [ -73.309259721999979, 4.352177778000055, 304.066300000005867 ], [ -73.309276110999974, 4.35206861100005, 303.989900000000489 ], [ -73.309293055999944, 4.351959722000061, 304.07499999999709 ], [ -73.3093, 4.351918611000031, 304.130799999998999 ], [ -73.30931222199996, 4.35185111100003, 304.451100000005681 ], [ -73.309339721999947, 4.351744722000035, 305.134300000005169 ], [ -73.309380832999977, 4.351642222000066, 305.970900000000256 ], [ -73.309421666999981, 4.351540556000032, 306.854900000005728 ], [ -73.30943694399997, 4.35150305600007, 307.187900000004447 ], [ -73.309478888999934, 4.351401389000046, 308.092600000003586 ], [ -73.30952138899994, 4.351299722000022, 308.696299999995972 ], [ -73.309522221999941, 4.35129777800006, 308.701400000005378 ], [ -73.309563610999987, 4.35119833300007, 308.904399999999441 ], [ -73.309605832999978, 4.351096667000036, 308.995999999999185 ], [ -73.309647777999942, 4.350994722000053, 309.466199999995297 ], [ -73.30969, 4.350893056000075, 310.24550000000454 ], [ -73.309697221999954, 4.350875556000062, 310.378800000005867 ], [ -73.309738610999943, 4.350773611000022, 311.088399999993271 ], [ -73.309780555999964, 4.350671111000054, 311.622399999992922 ], [ -73.309821943999964, 4.35056916700006, 312.032399999996414 ], [ -73.309863332999953, 4.350466944000061, 312.412500000005821 ], [ -73.309905277999974, 4.350365, 312.612800000002608 ], [ -73.309947221999948, 4.350262778000058, 313.224900000001071 ], [ -73.309988332999978, 4.350162222000051, 315.092799999998533 ], [ -73.31003, 4.350059722000026, 316.530799999993178 ], [ -73.310071943999958, 4.349957778000032, 317.320999999996275 ], [ -73.310077221999961, 4.349944722000032, 317.350300000005518 ], [ -73.31011472199998, 4.349855833000049, 317.403300000005402 ], [ -73.310157221999987, 4.349753889000056, 317.130199999999604 ], [ -73.310197777999974, 4.34965138900003, 317.413799999994808 ], [ -73.310239721999949, 4.349551667000071, 317.661099999997532 ], [ -73.310282777999987, 4.349450278000063, 317.566699999995762 ], [ -73.310324721999962, 4.349347778000038, 317.565000000002328 ], [ -73.310344721999968, 4.349296111000058, 317.526500000007218 ], [ -73.310364721999974, 4.349245, 317.459300000002258 ], [ -73.310397777999981, 4.349161667000033, 317.470799999995506 ], [ -73.310405832999948, 4.349142222000069, 317.615099999995437 ], [ -73.310447499999952, 4.349039722000043, 318.608099999997648 ], [ -73.310487777999981, 4.348936667000032, 319.896900000007008 ], [ -73.310492499999953, 4.348924722000049, 320.04649999999674 ], [ -73.310527221999962, 4.348833611000032, 321.278000000005704 ], [ -73.31056777799995, 4.348732778000056, 322.767300000006799 ], [ -73.310602221999943, 4.348648611000044, 324.099900000001071 ], [ -73.310643055999947, 4.348548889000028, 326.289099999994505 ], [ -73.310683332999986, 4.348449722000055, 328.835800000000745 ], [ -73.31072249999994, 4.348351667000031, 331.476299999994808 ], [ -73.310725157999968, 4.348344760000032, 331.635399999999208 ], [ -73.310760555999934, 4.348252778000074, 333.802400000000489 ], [ -73.310799166999971, 4.348152778000042, 336.260699999998906 ], [ -73.310838888999967, 4.348051944000076, 338.774399999994785 ], [ -73.310841943999947, 4.348044167000069, 338.966700000004494 ], [ -73.310878610999964, 4.347951667000075, 341.358800000001793 ], [ -73.310920277999969, 4.347852500000045, 344.179000000003725 ], [ -73.310961388999942, 4.347758056000032, 347.37050000000454 ], [ -73.311003888999949, 4.347658333000027, 350.581200000000536 ], [ -73.311043610999945, 4.347556944000075, 353.421000000002095 ], [ -73.311082499999941, 4.347454167000024, 355.087499999994179 ], [ -73.31110777799995, 4.34739, 356.3413 ], [ -73.31114888899998, 4.347289722000028, 358.689499999993131 ], [ -73.311178610999946, 4.347218611000073, 359.820900000006077 ], [ -73.311188610999977, 4.347194444000024, 360.153099999995902 ], [ -73.31120055599996, 4.347165278000034, 360.534199999994598 ], [ -73.311202777999938, 4.34716, 360.60229999999865 ], [ -73.31124, 4.347064444000068, 361.675300000002608 ], [ -73.311277777999976, 4.346967778000021, 363.542799999995623 ], [ -73.311334443999954, 4.346877222000046, 366.397400000001653 ], [ -73.311338055999954, 4.346873056000049, 366.544299999994109 ], [ -73.311401110999952, 4.346804444000043, 368.916800000006333 ], [ -73.311408888999949, 4.34679611100006, 369.191300000005867 ], [ -73.311436388999937, 4.346766667000054, 370.133199999996577 ], [ -73.311485, 4.346716111000035, 371.672200000000885 ], [ -73.311560832999987, 4.34663583300005, 373.411800000001676 ], [ -73.311633055999948, 4.346556111000041, 374.600500000000466 ], [ -73.311706110999978, 4.346474167000054, 375.654200000004494 ], [ -73.31177805599998, 4.346394167000028, 376.515700000003562 ], [ -73.311852499999986, 4.346313333000069, 377.522299999996903 ], [ -73.311927777999983, 4.346232500000042, 378.7103000000061 ], [ -73.312002777999965, 4.346151667000072, 379.578999999997905 ], [ -73.312027499999942, 4.346125278000045, 379.761700000002747 ], [ -73.312066388999938, 4.346084444000041, 380.035000000003492 ], [ -73.312078610999947, 4.346071389000031, 380.102599999998347 ], [ -73.312154443999987, 4.345991111000046, 380.618199999997159 ], [ -73.312230555999975, 4.345911389000037, 381.300700000007055 ], [ -73.312306110999941, 4.345832778000045, 382.140100000004168 ], [ -73.312381666999954, 4.345751944000028, 382.96129999999539 ], [ -73.312456666999935, 4.345671111000058, 383.855899999995017 ], [ -73.312461388999964, 4.345666111000071, 383.917199999996228 ], [ -73.312538055999937, 4.345597500000054, 384.485799999994924 ], [ -73.31263, 4.345539444000053, 385.0 ], [ -73.312694166999961, 4.345499167000071, 385.0 ], [ -73.312722221999934, 4.345481389000042, 385.0 ], [ -73.31281249999995, 4.345423333000042, 385.0 ], [ -73.312904721999985, 4.345363056000053, 384.759399999995367 ], [ -73.312993888999983, 4.345304167000052, 384.233399999997346 ], [ -73.313086110999961, 4.345243333000042, 383.840800000005402 ], [ -73.313178332999939, 4.345183611000039, 383.065499999996973 ], [ -73.313271110999949, 4.345124167000051, 381.615300000004936 ], [ -73.313364166999975, 4.345065556000065, 380.53070000000298 ], [ -73.313452777999942, 4.34501, 379.246100000003935 ], [ -73.313545832999978, 4.344952222000074, 377.525399999998626 ], [ -73.313639166999963, 4.344894167000064, 375.799700000003213 ], [ -73.313712221999936, 4.344848333000073, 375.0 ], [ -73.313732221999942, 4.344835833000047, 374.969700000001467 ], [ -73.313822221999942, 4.344778889000054, 374.759500000000116 ], [ -73.313823332999959, 4.344778333000022, 374.757400000002235 ], [ -73.313914721999936, 4.344721667000044, 374.548200000004726 ], [ -73.313967499999933, 4.344688889000054, 374.403999999994994 ], [ -73.313999721999949, 4.344668889000047, 374.292000000001281 ], [ -73.314092777999974, 4.344611667000038, 374.068499999993946 ], [ -73.314181110999982, 4.344558056000039, 373.8408999999956 ], [ -73.314263055999959, 4.344508611000037, 372.583199999993667 ], [ -73.314342221999937, 4.34445861100005, 370.716700000004494 ], [ -73.314422499999978, 4.344403333000059, 368.896200000002864 ], [ -73.314452777999975, 4.344383611000069, 368.24989999999525 ], [ -73.314511666999977, 4.344346667000025, 367.0049 ], [ -73.314550832999942, 4.344322500000033, 366.107099999993807 ], [ -73.31463611099997, 4.344270556000026, 364.199099999997998 ], [ -73.314729166999939, 4.344211667000025, 362.515599999998813 ], [ -73.314812221999944, 4.34415666700005, 361.917700000005425 ], [ -73.314815555999985, 4.344154444000026, 361.91359999999986 ], [ -73.314890555999966, 4.344102778000035, 361.876900000002934 ], [ -73.314905832999955, 4.344091667000043, 361.883600000001024 ], [ -73.314953610999964, 4.344058056000051, 361.931299999996554 ], [ -73.315034443999934, 4.344000278000067, 362.576400000005378 ], [ -73.315119721999963, 4.343939722000073, 365.478300000002491 ], [ -73.315146666999965, 4.343920833000027, 366.362099999998463 ], [ -73.31521111099994, 4.343883056000038, 368.30109999999695 ], [ -73.315313332999949, 4.343846389000021, 370.869300000005751 ], [ -73.315398888999937, 4.343828611000049, 372.47609999999986 ], [ -73.315500832999987, 4.343808611000043, 374.321899999995367 ], [ -73.315608888999975, 4.34378833300002, 376.08289999999397 ], [ -73.315646666999953, 4.343781111000055, 376.589600000006612 ], [ -73.315716666999947, 4.343768056000044, 377.505600000004051 ], [ -73.315825, 4.343748056000038, 378.676600000006147 ], [ -73.315933332999975, 4.343727778000073, 379.118700000006356 ], [ -73.316041110999947, 4.343706389000033, 379.465400000000955 ], [ -73.316148888999976, 4.343683333000058, 380.044399999998859 ], [ -73.316256388999989, 4.343659722000041, 380.990200000000186 ], [ -73.316259443999968, 4.343658889000039, 381.015100000004168 ], [ -73.316363888999945, 4.343635833000064, 381.864400000005844 ], [ -73.316434385999969, 4.343620349000048, 382.486499999999069 ], [ -73.316471388999958, 4.343612222000047, 382.812200000000303 ], [ -73.31657888899997, 4.343588889000046, 383.668499999999767 ], [ -73.316686388999983, 4.343565278000028, 384.099900000001071 ], [ -73.316793888999939, 4.343543056000044, 383.770699999993667 ], [ -73.316843610999967, 4.343532500000038, 383.614300000001094 ], [ -73.316901110999936, 4.343520556000044, 383.437300000005052 ], [ -73.317008332999933, 4.343497500000069, 382.786399999997229 ], [ -73.317115555999976, 4.343474167000068, 382.138600000005681 ], [ -73.317222777999973, 4.34345055600005, 381.700200000006589 ], [ -73.317328888999953, 4.343427222000059, 381.52730000000156 ], [ -73.31743611099995, 4.343405, 381.362699999997858 ], [ -73.317542777999961, 4.343383333000077, 381.145699999993667 ], [ -73.317563055999983, 4.343378889000064, 381.109299999996438 ], [ -73.317649721999942, 4.34336055600005, 381.010899999993853 ], [ -73.317756943999939, 4.34333805600005, 381.009500000000116 ], [ -73.317864166999982, 4.343314167000074, 381.145300000003772 ], [ -73.317971110999963, 4.343290833000026, 381.417300000000978 ], [ -73.317972499999939, 4.343290556000056, 381.42160000000149 ], [ -73.318063888999973, 4.343271111000035, 381.4603000000061 ], [ -73.318078888999935, 4.343268056000056, 381.434699999997974 ], [ -73.318186666999964, 4.343245833000026, 381.215599999995902 ], [ -73.31829388899996, 4.343221111000048, 381.115999999994528 ], [ -73.318399166999939, 4.343188333000057, 381.841000000000349 ], [ -73.318502777999981, 4.34315138900007, 382.447700000004261 ], [ -73.318606110999951, 4.34311305600005, 383.069900000002235 ], [ -73.318709443999978, 4.343075, 383.603300000002491 ], [ -73.31876, 4.343055833000051, 383.78070000000298 ], [ -73.318812221999963, 4.343035833000044, 383.906099999992875 ], [ -73.318911666999952, 4.342997500000024, 384.491399999998976 ], [ -73.319015, 4.342960278000021, 385.258799999995972 ], [ -73.319118888999981, 4.342925278000052, 386.429199999998673 ], [ -73.319222221999951, 4.342887222000059, 387.853199999997742 ], [ -73.319325, 4.342847500000062, 389.15690000000177 ], [ -73.319425555999942, 4.342810833000044, 390.090200000006007 ], [ -73.319528610999953, 4.342773056000055, 390.809999999997672 ], [ -73.319631388999937, 4.34273416700006, 391.410600000002887 ], [ -73.319734443999948, 4.342695278000065, 391.864799999995739 ], [ -73.319837777999965, 4.342656944000055, 392.662500000005821 ], [ -73.319849166999973, 4.342652500000042, 392.762300000002142 ], [ -73.31990194399998, 4.342632778000052, 393.172200000000885 ], [ -73.319915, 4.342628056000024, 393.170899999997346 ], [ -73.319940832999976, 4.342618333000075, 393.159400000004098 ], [ -73.320044166999935, 4.342580278000071, 392.97609999999986 ], [ -73.320147499999962, 4.342543056000068, 392.580199999996694 ], [ -73.320250555999962, 4.342505, 392.457699999999022 ], [ -73.320351388999939, 4.342467500000055, 392.358099999997648 ], [ -73.320454443999949, 4.342429167000034, 392.249599999995553 ], [ -73.320557777999966, 4.342390556000055, 392.6646999999939 ], [ -73.320660832999977, 4.342352222000045, 392.859899999995832 ], [ -73.320764166999936, 4.342313889000025, 392.909599999999045 ], [ -73.320867499999963, 4.342275556000061, 392.890400000003865 ], [ -73.320970832999933, 4.342237222000051, 392.762900000001537 ], [ -73.321073888999933, 4.342198889000031, 392.222999999998137 ], [ -73.32117722199996, 4.342161111000053, 391.955900000000838 ], [ -73.321280277999961, 4.342123056000048, 391.882800000006682 ], [ -73.321315, 4.34211, 391.786300000007031 ], [ -73.321417499999939, 4.342070556000067, 391.494800000000396 ], [ -73.321520555999939, 4.342032500000073, 391.213399999993271 ], [ -73.321622777999949, 4.341995, 391.133900000000722 ], [ -73.321725277999974, 4.341957500000035, 391.162500000005821 ], [ -73.321827777999943, 4.341919444000041, 391.188800000003539 ], [ -73.321929721999936, 4.341880278000076, 391.044099999999162 ], [ -73.321946943999933, 4.341873889000055, 391.02039999999397 ], [ -73.322032777999937, 4.341842222000025, 390.806800000005751 ], [ -73.322093610999957, 4.341819722000025, 390.6201 ], [ -73.322196943999984, 4.341781667000021, 390.200299999996787 ], [ -73.3223, 4.341743611000027, 389.673399999999674 ], [ -73.322403055999985, 4.341705833000049, 389.042700000005425 ], [ -73.322506388999955, 4.341667222000069, 388.293499999999767 ], [ -73.322609166999939, 4.341628889000049, 387.459400000007008 ], [ -73.322711943999934, 4.341590556000028, 386.919500000003609 ], [ -73.32281444399996, 4.341551667000033, 386.488200000007055 ], [ -73.322913888999949, 4.34151444400004, 386.120999999999185 ], [ -73.322917221999944, 4.341513056000053, 386.11019999999553 ], [ -73.32302, 4.341475833000061, 385.89089999999851 ], [ -73.323117221999951, 4.341441667000026, 385.787800000005518 ], [ -73.32321944399996, 4.341403611000032, 386.041700000001583 ], [ -73.323317777999989, 4.341366389000029, 386.47960000000603 ], [ -73.32341833299995, 4.341329167000026, 387.04769999999553 ], [ -73.323518332999981, 4.341291389000048, 387.967000000004191 ], [ -73.323619721999989, 4.34125361100007, 388.796799999996438 ], [ -73.323715832999937, 4.341218333000029, 389.376799999998184 ], [ -73.323782777999952, 4.341193611000051, 389.556500000006054 ], [ -73.323881666999966, 4.341157500000065, 389.743300000001909 ], [ -73.323985, 4.341120833000048, 389.736699999994016 ], [ -73.324088055999937, 4.341084444000046, 389.357399999993504 ], [ -73.324188332999938, 4.341048056000034, 388.848199999993085 ], [ -73.324285, 4.341011667000032, 388.3862999999983 ], [ -73.324387499999943, 4.340972500000021, 388.041599999996834 ], [ -73.324487221999959, 4.340935556000034, 387.727700000003097 ], [ -73.324585277999972, 4.340898889000073, 386.752500000002328 ], [ -73.324679166999942, 4.340864167000063, 385.763500000000931 ], [ -73.324778055999957, 4.340828611000063, 384.813500000003842 ], [ -73.32488, 4.340791667000076, 384.504300000000512 ], [ -73.324981110999943, 4.340756111000076, 384.483500000002095 ], [ -73.325082221999935, 4.340719722000074, 384.513900000005378 ], [ -73.325183888999959, 4.340682222000055, 384.809899999992922 ], [ -73.325285277999967, 4.340643889000035, 385.308799999998882 ], [ -73.325388055999952, 4.340605, 385.030499999993481 ], [ -73.325490555999977, 4.340565833000028, 384.506599999993341 ], [ -73.325594443999989, 4.340529444000026, 384.050900000002002 ], [ -73.325613052999984, 4.340522691000047, 384.025999999998021 ], [ -73.325697777999949, 4.340491944000064, 383.912299999996321 ], [ -73.32580083299996, 4.340453889000059, 383.771599999992759 ], [ -73.325901943999952, 4.34041250000007, 383.41809999999532 ], [ -73.325998610999989, 4.340369444000032, 382.901500000007218 ], [ -73.326097499999946, 4.340324167000063, 382.368499999996857 ], [ -73.326197221999962, 4.340277222000054, 382.153699999995297 ], [ -73.326298332999954, 4.340235, 382.037100000001374 ], [ -73.326395, 4.340194444000076, 382.182400000005146 ], [ -73.326491666999971, 4.340151667000043, 382.213300000003073 ], [ -73.326592221999988, 4.340106667000043, 382.125899999999092 ], [ -73.326691666999977, 4.340059722000035, 382.12159999999858 ], [ -73.326786666999965, 4.340012222000041, 382.472899999993388 ], [ -73.326822221999976, 4.339993889000027, 382.604399999996531 ], [ -73.326915, 4.339946389000033, 383.159499999994296 ], [ -73.326965832999974, 4.339919444000031, 383.920400000002701 ], [ -73.327018332999955, 4.339895, 384.808600000003935 ], [ -73.327063332999955, 4.339881667000043, 385.499800000005052 ], [ -73.327165555999954, 4.339855, 386.994099999996251 ], [ -73.327269721999983, 4.339829722000047, 388.175099999993108 ], [ -73.327289721999989, 4.339825, 388.369099999996251 ], [ -73.327371110999934, 4.339804722000054, 389.133600000001024 ], [ -73.327476110999953, 4.339774444000057, 390.012100000007194 ], [ -73.32758, 4.339748611000061, 390.134699999995064 ], [ -73.327679443999955, 4.339729444000056, 390.146099999998114 ], [ -73.327688055999943, 4.339727778000054, 390.142099999997299 ], [ -73.327749721999965, 4.339712778000035, 390.100500000000466 ], [ -73.327790555999968, 4.339701389000027, 390.165500000002794 ], [ -73.327797499999974, 4.339699167000049, 390.172800000000279 ], [ -73.327893610999979, 4.33967111100003, 390.255499999999302 ], [ -73.327995, 4.339652778000072, 390.384999999994761 ], [ -73.328103055999975, 4.339650556000038, 391.158999999999651 ], [ -73.328201943999943, 4.339657500000044, 392.021200000002864 ], [ -73.328299166999955, 4.339665278000041, 392.857699999993201 ], [ -73.32840555599995, 4.339675556000032, 393.759799999999814 ], [ -73.32851, 4.339686111000049, 394.618600000001607 ], [ -73.328603332999933, 4.339695556000038, 395.16009999999369 ], [ -73.328619166999943, 4.339696944000025, 395.223700000002282 ], [ -73.328681666999955, 4.339703333000045, 395.478300000002491 ], [ -73.32878055599997, 4.339713611000036, 395.850000000005821 ], [ -73.328798055999982, 4.339715278000028, 395.91479999999865 ], [ -73.328891388999978, 4.339723333000052, 396.0 ], [ -73.329000277999967, 4.339731667000024, 396.0 ], [ -73.329104443999938, 4.339740278000022, 396.006299999993644 ], [ -73.329213888999959, 4.339750278000054, 396.07499999999709 ], [ -73.329318055999977, 4.339760556000044, 396.170299999997951 ], [ -73.329425, 4.339770556000076, 396.239400000005844 ], [ -73.329529721999961, 4.33978, 396.27379999999539 ], [ -73.329639166999982, 4.339789444000075, 396.327199999999721 ], [ -73.329744443999971, 4.339798889000065, 396.616800000003423 ], [ -73.329848610999989, 4.339808056000038, 396.876799999998184 ], [ -73.329953055999965, 4.339816667000036, 397.266199999998207 ], [ -73.330060277999962, 4.339825556000051, 397.843599999992875 ], [ -73.33016194399994, 4.339833889000033, 398.414499999998952 ], [ -73.33027, 4.339843333000033, 398.687200000000303 ], [ -73.330376943999966, 4.339851944000031, 398.94199999999546 ], [ -73.330486666999946, 4.339859722000028, 399.035900000002584 ], [ -73.330594166999958, 4.33986694400005, 398.849199999996927 ], [ -73.330701388999955, 4.339874444000031, 398.643299999996088 ], [ -73.330805832999943, 4.339881389000027, 398.421100000006845 ], [ -73.330913055999986, 4.339888889000065, 398.1731 ], [ -73.331015, 4.33989611100003, 398.0 ], [ -73.331122221999976, 4.339903056000026, 398.0 ], [ -73.331225555999936, 4.339909722000073, 398.0 ], [ -73.331332777999933, 4.339916111000036, 397.705000000001746 ], [ -73.331440277999945, 4.339922500000057, 397.307199999995646 ], [ -73.331550277999952, 4.339929167000037, 396.963300000003073 ], [ -73.331655832999957, 4.339935278000041, 396.841499999994994 ], [ -73.331761388999951, 4.339939722000054, 396.743499999996857 ], [ -73.331869443999949, 4.339943611000024, 396.174799999993411 ], [ -73.331975277999959, 4.33995, 395.437799999999697 ], [ -73.332081388999939, 4.339957222000066, 394.770300000003772 ], [ -73.33219, 4.339964167000062, 394.418699999994715 ], [ -73.332276943999943, 4.339969722000035, 394.137300000002142 ], [ -73.332385, 4.339977222000073, 393.604900000005728 ], [ -73.33249277799996, 4.33998611100003, 392.906300000002375 ], [ -73.332599721999941, 4.33999444400007, 392.244600000005448 ], [ -73.332673888999977, 4.34, 392.29330000000482 ], [ -73.332783055999982, 4.340009444000032, 392.430900000006659 ], [ -73.332892221999941, 4.340018611000062, 392.752999999996973 ], [ -73.332996110999943, 4.340025833000027, 393.945200000001932 ], [ -73.333105277999948, 4.340031944000032, 395.159199999994598 ], [ -73.333213332999946, 4.340036944000076, 396.481199999994715 ], [ -73.333322777999967, 4.340043611000056, 397.873800000001211 ], [ -73.333430555999939, 4.340050556000051, 399.0432 ], [ -73.333539443999939, 4.340057500000057, 399.331000000005588 ], [ -73.33364611099995, 4.340064444000063, 399.592799999998533 ], [ -73.333754443999965, 4.340070556000057, 399.927200000005541 ], [ -73.333861388999935, 4.340076389000046, 400.301800000001094 ], [ -73.333968332999973, 4.340082500000051, 400.723599999997532 ], [ -73.334073610999951, 4.340088611000056, 401.4807 ], [ -73.334183332999942, 4.34009472200006, 402.270600000003469 ], [ -73.334290277999969, 4.340100278000023, 403.251499999998487 ], [ -73.334400277999976, 4.340106667000043, 404.428199999994831 ], [ -73.33451, 4.340113333000033, 405.486099999994622 ], [ -73.33462, 4.340120278000029, 405.500799999994342 ], [ -73.334658610999952, 4.340122778000023, 405.496199999994133 ], [ -73.334674606999954, 4.340123715000061, 405.492800000007264 ], [ -73.334729721999963, 4.340126944000076, 405.475300000005518 ], [ -73.334832499999948, 4.340132778000054, 404.952799999999115 ], [ -73.334939166999959, 4.340138889000059, 404.141199999998207 ], [ -73.33504888899995, 4.340144722000048, 403.38300000000163 ], [ -73.335078332999956, 4.340146111000024, 403.335000000006403 ], [ -73.335080277999964, 4.34014638900004, 403.331300000005285 ], [ -73.335158332999981, 4.340150556000026, 403.208700000002864 ], [ -73.335260277999964, 4.340156111000056, 403.061600000000908 ], [ -73.335370277999971, 4.34016222200006, 403.080000000001746 ], [ -73.335479721999945, 4.34016888900004, 403.201499999995576 ], [ -73.335589443999936, 4.340175556000077, 403.19560000000638 ], [ -73.335699166999973, 4.340181944000051, 402.360400000005029 ], [ -73.335808888999964, 4.340187222000054, 401.529200000004494 ], [ -73.335918332999938, 4.340192778000073, 400.842999999993481 ], [ -73.336027777999959, 4.340198056000077, 400.259900000004563 ], [ -73.336098055999969, 4.340202222000073, 399.904299999994691 ], [ -73.336207499999944, 4.34021, 399.500199999994948 ], [ -73.336316666999949, 4.34021666700005, 399.12039999999979 ], [ -73.336423332999971, 4.340222500000039, 398.762799999996787 ], [ -73.336526666999987, 4.340228611000043, 398.437000000005355 ], [ -73.336636110999962, 4.340234167000062, 398.073300000003655 ], [ -73.336738888999946, 4.340239444000076, 397.699099999997998 ], [ -73.336845277999942, 4.34024555600007, 397.305399999997462 ], [ -73.336955, 4.340251667000075, 397.09769999999844 ], [ -73.337063332999946, 4.34025888900004, 397.548399999999674 ], [ -73.337169443999983, 4.340264167000043, 398.017399999996996 ], [ -73.337276110999937, 4.340269722000073, 397.625700000004144 ], [ -73.337382499999933, 4.340275833000021, 396.926900000005844 ], [ -73.33749222199998, 4.340281667000056, 396.359899999995832 ], [ -73.337601943999971, 4.34028694400007, 396.340800000005402 ], [ -73.337711110999976, 4.340292222000073, 396.291299999997136 ], [ -73.33782055599994, 4.340298056000051, 396.867499999993015 ], [ -73.337930555999947, 4.34030388900004, 397.646399999997811 ], [ -73.338036388999967, 4.34030944400007, 398.277000000001863 ], [ -73.338146110999958, 4.340315833000034, 398.615499999999884 ], [ -73.338181943999984, 4.340317778000042, 398.721699999994598 ], [ -73.338256110999964, 4.340321944000038, 398.935800000006566 ], [ -73.338366110999971, 4.340328333000059, 398.762300000002142 ], [ -73.338476110999977, 4.340334722000023, 398.479200000001583 ], [ -73.338586388999943, 4.340341389000059, 398.172600000005332 ], [ -73.338696110999933, 4.340348333000065, 397.791800000006333 ], [ -73.338806388999956, 4.340355, 397.407900000005611 ], [ -73.338916110999946, 4.34036111100005, 397.381899999993038 ], [ -73.339026110999953, 4.34036750000007, 397.404999999998836 ], [ -73.339135832999943, 4.34037416700005, 397.429199999998673 ], [ -73.33924583299995, 4.34038083300004, 397.45339999999851 ], [ -73.339355555999987, 4.340387222000061, 397.476500000004307 ], [ -73.339463888999944, 4.340393333000065, 397.691699999995762 ], [ -73.339573888999951, 4.34039944400007, 397.900299999993877 ], [ -73.339683888999957, 4.340405, 397.908599999995204 ], [ -73.339793610999948, 4.340410833000021, 397.734899999995832 ], [ -73.339882499999987, 4.340416111000025, 397.608699999997043 ], [ -73.339992221999978, 4.340422500000045, 397.738899999996647 ], [ -73.340010277999966, 4.340423611000062, 397.767699999996694 ], [ -73.340103888999977, 4.340427500000033, 397.90679999999702 ], [ -73.340211388999933, 4.34043250000002, 398.096799999999348 ], [ -73.340319721999947, 4.340438333000066, 398.365200000000186 ], [ -73.340426110999942, 4.340443889000028, 398.644599999999627 ], [ -73.340532499999938, 4.340449167000031, 398.462799999993877 ], [ -73.34064, 4.340453611000044, 398.188299999994342 ], [ -73.340747499999964, 4.340456667000069, 397.901700000002165 ], [ -73.340856388999953, 4.340451667000025, 397.618700000006356 ], [ -73.34096361099995, 4.340440833000059, 397.375299999999697 ], [ -73.341025, 4.340435278000029, 397.562000000005355 ], [ -73.341068332999953, 4.340431389000059, 397.774799999999232 ], [ -73.341173610999988, 4.340420833000053, 398.251499999998487 ], [ -73.34128138899996, 4.340409167000075, 398.561600000000908 ], [ -73.34138722199998, 4.340398889000028, 398.524499999999534 ], [ -73.341495832999954, 4.340387778000036, 398.4182 ], [ -73.341603888999941, 4.34037694400007, 397.857099999993807 ], [ -73.34171166699997, 4.340367222000054, 397.20339999999851 ], [ -73.34181777799995, 4.340359167000031, 396.728499999997439 ], [ -73.341918888999942, 4.340350833000059, 396.666299999997136 ], [ -73.342028332999973, 4.340340833000027, 396.591799999994691 ], [ -73.342137499999978, 4.340328889000034, 396.781099999992875 ], [ -73.342246666999984, 4.340316667000025, 397.094100000002072 ], [ -73.342353055999979, 4.340304722000042, 397.323199999998906 ], [ -73.342384721999963, 4.340301389000047, 397.298399999999674 ], [ -73.342458610999984, 4.340292778000048, 397.234400000001187 ], [ -73.342564166999978, 4.340280556000039, 397.143500000005588 ], [ -73.342669443999966, 4.34026833300004, 397.052700000000186 ], [ -73.342776388999937, 4.340256944000032, 396.967900000003283 ], [ -73.342794443999935, 4.340255, 396.95350000000326 ], [ -73.342881943999942, 4.34024583300004, 396.883400000006077 ], [ -73.342988055999967, 4.340234722000048, 396.760599999994156 ], [ -73.343093332999956, 4.340222500000039, 396.59429999999702 ], [ -73.343096666999941, 4.340222222000023, 396.589600000006612 ], [ -73.343201943999986, 4.340208611000037, 396.23859999999695 ], [ -73.343283888999963, 4.340198056000077, 395.897500000006403 ], [ -73.343392499999936, 4.340183611000043, 395.478600000002189 ], [ -73.343414443999961, 4.340180833000034, 395.396599999992759 ], [ -73.343520555999987, 4.340169722000041, 394.528699999995297 ], [ -73.34363, 4.340160556000058, 393.650399999998626 ], [ -73.343736110999942, 4.340150556000026, 392.949600000007194 ], [ -73.343820832999938, 4.340141667000069, 392.5481 ], [ -73.343926388999989, 4.340129722000029, 392.105200000005425 ], [ -73.344032499999969, 4.340117778000035, 392.01940000000468 ], [ -73.344138888999964, 4.340105278000067, 392.109299999996438 ], [ -73.344242777999966, 4.340091111000049, 392.443199999994249 ], [ -73.344348055999944, 4.340077778000023, 393.590400000000955 ], [ -73.344453332999933, 4.34006555600007, 394.764500000004773 ], [ -73.344556943999976, 4.340054722000048, 395.87050000000454 ], [ -73.34466249999997, 4.340043611000056, 396.90559999999823 ], [ -73.344736110999975, 4.340035833000059, 397.589399999997113 ], [ -73.344771666999975, 4.340031944000032, 397.880699999994249 ], [ -73.34488111099995, 4.340019444000063, 398.371899999998277 ], [ -73.34493638899994, 4.340013056000032, 398.6057 ], [ -73.345043055999952, 4.340000278000048, 398.973100000002887 ], [ -73.345149166999988, 4.339988333000065, 398.587299999999232 ], [ -73.34525333299996, 4.33997666700003, 398.204599999997299 ], [ -73.345357499999977, 4.339964722000047, 397.788199999995413 ], [ -73.345466388999967, 4.33995305600007, 397.318199999994249 ], [ -73.345571388999986, 4.33994111100003, 396.829400000002352 ], [ -73.345678888999942, 4.339928056000076, 396.562099999995553 ], [ -73.345788332999973, 4.339915, 396.378299999996671 ], [ -73.345894721999969, 4.339902778000067, 396.812300000005052 ], [ -73.345977777999963, 4.339894167000068, 397.648400000005495 ], [ -73.346086943999978, 4.339882222000028, 398.717600000003586 ], [ -73.346187777999944, 4.339871111000036, 399.119000000006054 ], [ -73.346297221999976, 4.339858889000027, 399.3318 ], [ -73.346401388999936, 4.33984722200006, 399.509999999994761 ], [ -73.346510555999942, 4.339835, 399.316800000000512 ], [ -73.346616110999946, 4.339823611000043, 399.094800000006217 ], [ -73.346725277999951, 4.339811111000074, 398.494399999995949 ], [ -73.346830832999956, 4.339798611000049, 397.713300000003073 ], [ -73.346935277999989, 4.339785833000064, 396.970199999996112 ], [ -73.347038055999974, 4.339773333000039, 396.58990000000631 ], [ -73.347073610999985, 4.339769167000043, 396.458400000003166 ], [ -73.34713888899995, 4.339761944000031, 396.216799999994691 ], [ -73.347243888999969, 4.339750833000039, 395.82829999999376 ], [ -73.347349166999948, 4.339739167000062, 395.438800000003539 ], [ -73.347453888999951, 4.33972805600007, 395.051300000006449 ], [ -73.347558332999938, 4.339716667000062, 394.681400000001304 ], [ -73.347661943999981, 4.339704722000022, 394.301000000006752 ], [ -73.34776805599995, 4.339693889000046, 393.987800000002608 ], [ -73.347874443999956, 4.339683611000055, 393.925399999992806 ], [ -73.347980277999966, 4.339673611000023, 393.834199999997509 ], [ -73.348085832999971, 4.339663889000065, 394.129100000005565 ], [ -73.34819194399995, 4.339652778000072, 394.595300000000861 ], [ -73.348295832999952, 4.339640833000033, 395.127699999997276 ], [ -73.3484, 4.339629167000055, 395.898600000000442 ], [ -73.348505277999948, 4.339617222000072, 396.677599999995437 ], [ -73.348611388999984, 4.339606667000055, 397.130999999993946 ], [ -73.348716666999962, 4.339596389000064, 397.327699999994365 ], [ -73.348819443999957, 4.339586111000074, 397.487599999993108 ], [ -73.348927777999961, 4.339575, 396.865900000004331 ], [ -73.349033055999939, 4.339564444000075, 396.293600000004517 ], [ -73.349139166999976, 4.339553889000058, 395.515400000003865 ], [ -73.349245277999955, 4.339542778000066, 394.458799999993062 ], [ -73.349349443999984, 4.339532222000059, 393.391300000002957 ], [ -73.349453610999944, 4.339522500000044, 392.645199999999022 ], [ -73.349559443999965, 4.339511944000037, 391.892699999996694 ], [ -73.34966861099997, 4.33950138900002, 391.229999999995925 ], [ -73.34977555599994, 4.339491389000045, 390.808600000003935 ], [ -73.349879721999969, 4.339481111000055, 390.364100000006147 ], [ -73.349983610999971, 4.339471389000039, 390.476599999994505 ], [ -73.350088888999949, 4.33946194400005, 390.760899999993853 ], [ -73.350194721999969, 4.339453056000025, 390.91019999999844 ], [ -73.350301110999965, 4.339444167000067, 390.516499999997905 ], [ -73.350406110999984, 4.339434722000021, 390.127999999996973 ], [ -73.350515, 4.339424444000031, 390.0 ], [ -73.350620832999937, 4.339413333000039, 390.0 ], [ -73.350727499999948, 4.339402222000047, 390.049199999994016 ], [ -73.350832777999983, 4.339391667000029, 390.345000000001164 ], [ -73.350938888999963, 4.339381111000023, 390.612399999998161 ], [ -73.35104305599998, 4.339370556000063, 390.915599999992992 ], [ -73.351152221999939, 4.339358611000023, 391.275099999998929 ], [ -73.351256110999941, 4.339346667000029, 391.649099999995087 ], [ -73.35136111099996, 4.33932388900007, 392.730100000000675 ], [ -73.35145777799994, 4.339278333000038, 393.634399999995367 ], [ -73.351547499999981, 4.339221667000061, 394.231100000004517 ], [ -73.351609103999976, 4.339182430000051, 394.302700000000186 ], [ -73.35163777799994, 4.339164167000035, 394.244099999996251 ], [ -73.351725555999963, 4.339108056000043, 393.973700000002282 ], [ -73.351797777999934, 4.339061111000035, 393.589999999996508 ], [ -73.35181388899997, 4.339050833000044, 393.357000000003609 ], [ -73.351902499999937, 4.338993333000076, 392.064700000002631 ], [ -73.351992777999953, 4.33893583300005, 390.760200000004261 ], [ -73.352080832999945, 4.338879722000058, 389.622000000003027 ], [ -73.352170832999946, 4.338822222000033, 388.6587 ], [ -73.352258610999968, 4.338766389000057, 387.856400000004214 ], [ -73.352271666999968, 4.338758333000044, 387.749599999995553 ], [ -73.352348055999983, 4.33871, 387.330600000001141 ], [ -73.352435555999989, 4.338653333000025, 387.767099999997299 ], [ -73.352523610999981, 4.338597500000049, 388.794899999993504 ], [ -73.352612221999948, 4.338541944000042, 389.746299999998882 ], [ -73.352700832999972, 4.338486667000041, 390.154500000004191 ], [ -73.352790555999945, 4.338430278000033, 390.570800000001327 ], [ -73.352879443999939, 4.338373889000025, 391.007800000006682 ], [ -73.352969443999939, 4.338316667000072, 391.618300000001909 ], [ -73.353059166999969, 4.338258889000031, 391.948499999998603 ], [ -73.353148888999954, 4.338201111000046, 391.966100000005099 ], [ -73.353239721999955, 4.33814250000006, 391.294299999994109 ], [ -73.353326666999976, 4.33808444400006, 390.526899999997113 ], [ -73.353411110999957, 4.338028889000043, 389.492199999993318 ], [ -73.353500277999956, 4.337971667000033, 388.396599999992759 ], [ -73.353588055999978, 4.337915, 387.583199999993667 ], [ -73.353614721999975, 4.33789777800007, 387.389899999994668 ], [ -73.353703610999958, 4.337839444000053, 386.933900000003632 ], [ -73.353792777999956, 4.337781111000027, 386.564799999992829 ], [ -73.353881666999939, 4.337722778000057, 386.45339999999851 ], [ -73.353970832999948, 4.337664167000071, 386.69210000000021 ], [ -73.353998888999968, 4.337646111000026, 386.891900000002352 ], [ -73.354091110999946, 4.337586111000064, 387.452399999994668 ], [ -73.354148888999987, 4.337548333000029, 387.744600000005448 ], [ -73.354238610999971, 4.337490556000034, 388.347399999998743 ], [ -73.354327499999954, 4.337431667000033, 388.889599999994971 ], [ -73.354416943999979, 4.337372222000056, 388.856799999994109 ], [ -73.354505555999935, 4.337315278000062, 388.328800000002957 ], [ -73.354596666999953, 4.337258611000038, 387.885999999998603 ], [ -73.354688055999986, 4.33720222200003, 387.206200000000536 ], [ -73.354778332999956, 4.337146111000038, 386.41359999999986 ], [ -73.354869443999974, 4.337089167000045, 385.876699999993434 ], [ -73.354958055999987, 4.337033056000053, 385.616800000003423 ], [ -73.355048888999988, 4.336975833000054, 385.845100000005914 ], [ -73.355138055999987, 4.336920556000052, 385.64100000000326 ], [ -73.355227777999971, 4.336865556000021, 385.437900000004447 ], [ -73.355319166999948, 4.336808889000054, 385.152700000006007 ], [ -73.355409166999948, 4.336753333000047, 384.281000000002678 ], [ -73.355499166999948, 4.33669777800003, 383.348400000002584 ], [ -73.355588332999957, 4.336642222000023, 382.57499999999709 ], [ -73.355678332999958, 4.336585, 382.030899999997928 ], [ -73.355761388999952, 4.336533056000064, 381.532000000006519 ], [ -73.355850832999977, 4.336476667000056, 381.002099999997881 ], [ -73.355940832999977, 4.336419444000057, 380.790900000007241 ], [ -73.356033332999971, 4.33636, 380.571400000000722 ], [ -73.356121388999952, 4.336303333000046, 380.349100000006729 ], [ -73.356214166999962, 4.336244444000044, 379.740999999994528 ], [ -73.356301943999938, 4.336187778000067, 379.301900000005844 ], [ -73.356388888999959, 4.336130556000057, 379.000799999994342 ], [ -73.356476110999949, 4.336072500000057, 378.842499999998836 ], [ -73.356563610999956, 4.336013889000071, 378.544399999998859 ], [ -73.35664944399997, 4.335955556000044, 378.112999999997555 ], [ -73.356735832999959, 4.335898333000046, 377.86710000000312 ], [ -73.356826943999977, 4.335837500000025, 377.642500000001746 ], [ -73.356914166999957, 4.335779444000025, 377.428199999994831 ], [ -73.357001388999947, 4.33572166700003, 376.743700000006356 ], [ -73.35708916699997, 4.335664444000031, 375.828699999998207 ], [ -73.357178332999979, 4.335605556000075, 375.342199999999139 ], [ -73.357265832999985, 4.335547778000034, 374.701300000000629 ], [ -73.357353332999935, 4.335490556000025, 373.941800000000512 ], [ -73.357443055999966, 4.335432500000024, 373.160699999993085 ], [ -73.35753277799995, 4.33537472200004, 372.312699999994948 ], [ -73.357622221999975, 4.335316667000029, 371.32039999999688 ], [ -73.35771, 4.33526, 370.346499999999651 ], [ -73.357799443999966, 4.335201667000035, 370.0 ], [ -73.357887221999988, 4.335144722000052, 370.0 ], [ -73.357976388999987, 4.335087500000043, 370.0 ], [ -73.358065832999955, 4.33503, 370.064700000002631 ], [ -73.358156666999946, 4.334972222000033, 369.944399999993038 ], [ -73.35824527799997, 4.334916667000073, 369.555999999996857 ], [ -73.358333888999937, 4.334861389000025, 369.27719999999681 ], [ -73.358423610999978, 4.334805278000033, 369.435500000006869 ], [ -73.358512499999961, 4.334749722000026, 369.5341000000044 ], [ -73.35860527799997, 4.334690556000055, 369.488100000002305 ], [ -73.358693332999962, 4.334633611000072, 369.301300000006449 ], [ -73.358783055999936, 4.334575556000061, 369.0 ], [ -73.358870832999969, 4.334518333000062, 368.959600000001956 ], [ -73.358959721999952, 4.33446, 368.775899999993271 ], [ -73.359041666999985, 4.334406389000037, 368.481499999994412 ], [ -73.359131666999986, 4.334349167000028, 368.005999999993946 ], [ -73.359213089999969, 4.334298213000068, 367.494399999995949 ], [ -73.35922, 4.334293889000037, 367.44539999999688 ], [ -73.359307777999959, 4.334238056000061, 366.890299999999115 ], [ -73.35939222199994, 4.334183333000055, 366.430099999997765 ], [ -73.359480555999937, 4.334127222000063, 365.896299999993062 ], [ -73.35956833299997, 4.334070833000055, 365.363500000006752 ], [ -73.359656666999967, 4.334012778000044, 365.0 ], [ -73.359745832999977, 4.333955278000076, 365.0 ], [ -73.35983472199996, 4.333895833000042, 365.0 ], [ -73.359901943999944, 4.333859722000057, 365.0 ], [ -73.359930555999938, 4.333850556000073, 365.163400000004913 ], [ -73.359960555999976, 4.333841667000058, 365.358099999997648 ], [ -73.360031388999971, 4.333819722000044, 365.848299999997835 ], [ -73.360052777999954, 4.333813056000054, 366.004799999995157 ], [ -73.360154443999988, 4.333780556000022, 366.804799999998068 ], [ -73.360257221999973, 4.333748056000047, 367.516099999993457 ], [ -73.360359166999956, 4.333715556000072, 368.041200000006938 ], [ -73.360458610999956, 4.333683889000042, 368.381800000002841 ], [ -73.360560555999939, 4.333651944000053, 368.145600000003469 ], [ -73.360663055999964, 4.333619722000037, 367.907300000006217 ], [ -73.360765, 4.333587500000021, 367.547000000005937 ], [ -73.360866666999982, 4.333555, 366.989199999996345 ], [ -73.360966666999957, 4.333523056000047, 366.352599999998347 ], [ -73.361067221999974, 4.333490556000072, 366.02390000000014 ], [ -73.361165832999973, 4.33345805600004, 366.144000000000233 ], [ -73.361266943999965, 4.333424722000075, 366.278000000005704 ], [ -73.361371388999942, 4.333391111000026, 366.558600000003935 ], [ -73.361472499999934, 4.333359444000052, 366.915800000002491 ], [ -73.361575277999975, 4.333328333000054, 367.247300000002724 ], [ -73.361675832999936, 4.333297500000072, 367.475399999995716 ], [ -73.361775832999967, 4.333266667000032, 367.70339999999851 ], [ -73.361875555999973, 4.333235, 367.955799999996088 ], [ -73.361979721999944, 4.333201389000067, 368.183199999999488 ], [ -73.362083610999946, 4.33316555600004, 368.18399999999383 ], [ -73.362186110999971, 4.333126667000045, 367.881399999998393 ], [ -73.362290832999975, 4.333092500000021, 367.264899999994668 ], [ -73.362392221999983, 4.333060833000047, 366.899099999995087 ], [ -73.362493332999975, 4.333027500000071, 366.952799999999115 ], [ -73.362595, 4.332993333000047, 367.097399999998743 ], [ -73.362694166999972, 4.332961111000031, 367.012700000006589 ], [ -73.362709721999977, 4.332955833000028, 367.0 ], [ -73.362796388999982, 4.332927222000023, 367.0 ], [ -73.362897499999974, 4.332893611000031, 367.0 ], [ -73.362998055999981, 4.332860556000071, 367.0 ], [ -73.363099443999943, 4.332827778000023, 367.0 ], [ -73.363199166999948, 4.332795833000034, 367.076600000000326 ], [ -73.363298888999964, 4.332763889000034, 367.161300000007031 ], [ -73.363399443999981, 4.332730556000058, 367.154500000004191 ], [ -73.3635, 4.33269666700005, 367.041100000002189 ], [ -73.363593055999957, 4.332666111000037, 366.953599999993457 ], [ -73.363694443999975, 4.332632500000045, 366.823999999993248 ], [ -73.363796110999942, 4.332599444000039, 367.077900000003865 ], [ -73.363897777999966, 4.332566667000037, 367.332800000003772 ], [ -73.363997221999966, 4.332534444000032, 367.441399999996065 ], [ -73.364096666999956, 4.332502778000048, 367.324299999992945 ], [ -73.364198332999933, 4.33247, 367.203099999998813 ], [ -73.364298055999939, 4.332438611000043, 366.834000000002561 ], [ -73.36436249999997, 4.332418889000053, 366.522599999996601 ], [ -73.364461110999969, 4.33238833300004, 366.03059999999823 ], [ -73.364561943999945, 4.332355556000039, 366.009300000005169 ], [ -73.364660832999959, 4.332323333000033, 366.255900000003749 ], [ -73.364760277999949, 4.332292222000035, 366.508799999995972 ], [ -73.364859721999949, 4.332261111000037, 367.092499999998836 ], [ -73.364961388999973, 4.332229722000022, 367.728600000002189 ], [ -73.365063610999982, 4.332197778000022, 368.196599999995669 ], [ -73.365163610999957, 4.332166111000049, 368.079500000007101 ], [ -73.365265277999981, 4.332133611000074, 367.993100000006962 ], [ -73.365365277999956, 4.332101389000059, 368.032099999996717 ], [ -73.365465, 4.332069722000028, 368.157800000000861 ], [ -73.365566110999964, 4.332037778000029, 368.372799999997369 ], [ -73.36566583299998, 4.33200555600007, 368.514100000000326 ], [ -73.365768055999979, 4.331972500000063, 368.6362999999983 ], [ -73.365867777999938, 4.331940556000063, 368.889100000000326 ], [ -73.36597, 4.331908333000058, 369.805200000002515 ], [ -73.366071666999972, 4.331876389000058, 370.626900000002934 ], [ -73.366172777999964, 4.331845, 371.161099999997532 ], [ -73.366275555999948, 4.331813333000071, 371.68739999999525 ], [ -73.366377499999942, 4.331782500000031, 372.213600000002771 ], [ -73.36647888899995, 4.331751389000033, 371.917199999996228 ], [ -73.366579443999967, 4.331719444000043, 371.559599999993225 ], [ -73.366674721999971, 4.331688611000061, 371.268899999995483 ], [ -73.366775555999936, 4.331656111000029, 370.775800000003073 ], [ -73.366874721999977, 4.331623333000039, 370.287800000005518 ], [ -73.36695, 4.3316, 370.049100000003818 ], [ -73.367029536999951, 4.331586323000067, 370.270499999998719 ], [ -73.367055, 4.33158194400005, 370.335099999996601 ], [ -73.367068332999963, 4.331581667000023, 370.378899999996065 ], [ -73.367147221999971, 4.331567778000021, 370.55460000000312 ], [ -73.367167221999978, 4.33156027800004, 370.56699999999546 ], [ -73.367228055999988, 4.331529167000042, 370.515499999994063 ], [ -73.367260277999947, 4.331502500000056, 370.384200000000419 ], [ -73.367308888999958, 4.331467500000031, 370.187799999999697 ], [ -73.367356666999967, 4.331450833000076, 370.117400000002817 ], [ -73.367376666999974, 4.331445, 370.092600000003586 ], [ -73.367443055999956, 4.331425833000026, 369.989600000000792 ], [ -73.367469443999937, 4.331418333000045, 369.940199999997276 ], [ -73.367500832999951, 4.33140944400003, 369.587100000004284 ], [ -73.367559166999968, 4.331393056000024, 368.890299999999115 ], [ -73.367575832999989, 4.331388611000023, 368.702799999999115 ], [ -73.367616943999963, 4.331376944000056, 368.252600000007078 ], [ -73.367675, 4.33136055600005, 367.661999999996624 ], [ -73.367681110999968, 4.331358889000057, 367.603199999997742 ], [ -73.367733055999963, 4.331344444000024, 367.124599999995553 ], [ -73.367787221999947, 4.331329167000035, 366.871400000003632 ], [ -73.367790832999958, 4.331328056000075, 366.867199999993318 ], [ -73.367848888999958, 4.331311944000049, 366.798800000004121 ], [ -73.367893332999984, 4.33129972200004, 366.762799999996787 ], [ -73.367907221999985, 4.33129583300007, 366.755199999999604 ], [ -73.367965277999986, 4.331279722000033, 366.738100000002305 ], [ -73.367999443999963, 4.331270278000034, 366.739600000000792 ], [ -73.368022221999979, 4.33126388900007, 366.828699999998207 ], [ -73.36808694399997, 4.331246389000057, 367.501799999998184 ], [ -73.368103610999981, 4.331241667000029, 367.677500000005239 ], [ -73.368110277999961, 4.331239722000021, 367.748399999996764 ], [ -73.368151943999976, 4.331225, 368.219899999996414 ], [ -73.368203888999972, 4.331186111000022, 369.034599999999045 ], [ -73.368211480999946, 4.331179613000074, 369.162700000000768 ], [ -73.368236666999962, 4.331158056000049, 369.587599999998929 ], [ -73.368288055999983, 4.331115, 370.433799999998882 ], [ -73.368296130999965, 4.331108015000041, 370.545599999997648 ], [ -73.368298332999984, 4.331106111000054, 370.575899999996182 ], [ -73.368377777999967, 4.331060833000038, 371.357000000003609 ], [ -73.368394166999963, 4.33105583300005, 371.454599999997299 ], [ -73.36849583299994, 4.331024167000066, 372.064799999992829 ], [ -73.368522221999967, 4.331016111000054, 372.221999999994296 ], [ -73.368622777999974, 4.330986111000072, 372.744999999995343 ], [ -73.36872361099995, 4.330956667000066, 373.162500000005821 ], [ -73.368747221999968, 4.330949722000071, 373.248699999996461 ], [ -73.368780277999974, 4.330940278000071, 373.360799999994924 ], [ -73.368826943999977, 4.330927222000071, 373.493499999996857 ], [ -73.368927777999943, 4.330899167000041, 373.224300000001676 ], [ -73.369030832999954, 4.330881111000053, 372.909899999998743 ], [ -73.369136943999933, 4.33087, 372.142200000002049 ], [ -73.369241388999967, 4.330860278000046, 370.724300000001676 ], [ -73.369346388999986, 4.330852778000065, 369.270099999994272 ], [ -73.36945222199995, 4.330852778000065, 367.150800000003073 ], [ -73.369556943999953, 4.330859722000071, 364.929999999993015 ], [ -73.369654443999934, 4.330866667000066, 362.875299999999697 ], [ -73.369760277999944, 4.330873333000056, 360.586100000000442 ], [ -73.369864443999973, 4.330879167000035, 358.281499999997322 ], [ -73.369968055999948, 4.330885833000025, 356.704800000006799 ], [ -73.37007472199997, 4.330893333000063, 355.618600000001607 ], [ -73.370180277999964, 4.3309, 354.55899999999383 ], [ -73.370284166999966, 4.330905, 353.321100000001024 ], [ -73.370373055999949, 4.330907778000039, 352.281600000002072 ], [ -73.370471388999988, 4.330908889000057, 350.863400000002002 ], [ -73.370573332999982, 4.330893333000063, 348.433199999999488 ], [ -73.370661388999963, 4.330851667000047, 345.995200000004843 ], [ -73.370742221999933, 4.330796389000056, 343.3799 ], [ -73.370826943999987, 4.330740278000064, 339.547099999996135 ], [ -73.370912499999974, 4.330685, 335.914900000003399 ], [ -73.370996110999954, 4.33063, 332.628899999996065 ], [ -73.371082221999984, 4.330573611000034, 330.003100000001723 ], [ -73.371171666999942, 4.330515, 327.779800000003888 ], [ -73.371258610999973, 4.330456944000048, 325.536600000006729 ], [ -73.371344443999988, 4.33040027800007, 323.299599999998463 ], [ -73.371431943999937, 4.330343056000061, 321.301900000005844 ], [ -73.371520832999977, 4.330284722000044, 319.549499999993714 ], [ -73.371608332999983, 4.330228333000036, 317.228099999992992 ], [ -73.371697499999982, 4.330171111000027, 314.861699999994016 ], [ -73.371784443999957, 4.330115, 313.085999999995693 ], [ -73.371871110999962, 4.330057778000025, 311.640400000003865 ], [ -73.371959166999943, 4.329998889000024, 310.554699999993318 ], [ -73.372047499999951, 4.329938889000061, 310.054900000002817 ], [ -73.372135277999973, 4.329880833000061, 309.909599999999045 ], [ -73.37222388899994, 4.329820556000072, 309.661300000007031 ], [ -73.37227166699995, 4.32978722200005, 309.464600000006612 ], [ -73.372356943999989, 4.329727500000047, 308.996100000003935 ], [ -73.372443055999952, 4.329662778000056, 308.683199999999488 ], [ -73.372525277999955, 4.329598056000066, 308.5962 ], [ -73.372611666999944, 4.329529444000059, 308.663499999995111 ], [ -73.372635555999977, 4.329510833000029, 308.709199999997509 ], [ -73.372662221999974, 4.32949, 308.774799999999232 ], [ -73.372703049999984, 4.329458549000037, 308.90240000000631 ], [ -73.372720277999974, 4.329445278000037, 308.966799999994691 ], [ -73.372730277999949, 4.32943750000004, 309.005099999994854 ], [ -73.372742777999974, 4.329428333000067, 309.038899999999558 ], [ -73.372823332999985, 4.329400278000037, 309.142600000006496 ], [ -73.372835277999968, 4.329398333000029, 309.149900000003981 ], [ -73.372877499999959, 4.329391389000023, 309.175600000002305 ], [ -73.372931943999959, 4.329378056000053, 309.224900000001071 ], [ -73.372980277999943, 4.329354444000046, 309.312099999995553 ], [ -73.372994721999987, 4.329346389000023, 309.341899999999441 ], [ -73.373049166999976, 4.329315833000067, 309.454700000002049 ], [ -73.37305166699997, 4.329314444000033, 309.459799999996903 ], [ -73.373098888999948, 4.329288056000053, 309.557300000000396 ], [ -73.373148332999961, 4.329260833000035, 309.657800000000861 ], [ -73.373197777999962, 4.329233333000047, 309.93399999999383 ], [ -73.373244721999981, 4.329207500000052, 310.202999999994063 ], [ -73.373246110999958, 4.329206667000051, 310.211200000005192 ], [ -73.373295, 4.329179722000049, 310.491500000003725 ], [ -73.373341388999961, 4.32915416700007, 310.757500000006985 ], [ -73.373344166999971, 4.329152500000021, 310.77390000000014 ], [ -73.373399721999988, 4.32912250000004, 311.090100000001257 ], [ -73.373438332999967, 4.329101667000032, 311.294099999999162 ], [ -73.373444721999988, 4.329098333000047, 311.323099999994156 ], [ -73.373461110999983, 4.329089444000033, 311.396099999998114 ], [ -73.37352333299998, 4.329025278000074, 311.706300000005285 ], [ -73.373530832999961, 4.329012500000033, 311.747399999992922 ], [ -73.373601388999987, 4.328939167000044, 311.948399999993853 ], [ -73.373606204999987, 4.328936043000056, 311.954800000006799 ], [ -73.373611666999977, 4.328932500000064, 311.961599999995087 ], [ -73.373703888999955, 4.328875, 311.996199999994133 ], [ -73.373767221999969, 4.328836944000045, 311.93760000000475 ], [ -73.373859166999978, 4.328780556000027, 311.732799999997951 ], [ -73.373950277999938, 4.328723889000059, 311.387300000002142 ], [ -73.374039166999978, 4.328668333000053, 311.154999999998836 ], [ -73.374130555999955, 4.328613611000037, 310.876600000003236 ], [ -73.374145832999943, 4.328604444000064, 310.783200000005309 ], [ -73.374220555999955, 4.328558889000021, 310.263500000000931 ], [ -73.374311388999956, 4.32850250000007, 309.628299999996671 ], [ -73.374400277999939, 4.328447222000023, 309.016099999993457 ], [ -73.374489721999964, 4.328391944000032, 308.403900000004796 ], [ -73.37458, 4.328339167000024, 307.819300000002841 ], [ -73.374671388999957, 4.328287500000044, 307.247000000003027 ], [ -73.374763332999976, 4.328234444000032, 306.659299999999348 ], [ -73.374853610999935, 4.328181111000049, 306.452699999994365 ], [ -73.374946388999945, 4.328125833000058, 306.543999999994412 ], [ -73.375037499999962, 4.328071667000074, 307.003700000001118 ], [ -73.375127777999978, 4.32801777800006, 308.025599999993574 ], [ -73.375218888999939, 4.327963889000046, 309.323199999998906 ], [ -73.375311666999949, 4.327910556000063, 310.903200000000652 ], [ -73.375404721999985, 4.327858056000025, 311.901299999997718 ], [ -73.375496388999977, 4.327806944000031, 312.650299999993877 ], [ -73.375587777999954, 4.327755278000041, 312.762600000001839 ], [ -73.375683888999959, 4.32771, 312.161500000001979 ], [ -73.375785832999952, 4.327678889000026, 311.752999999996973 ], [ -73.375890277999986, 4.327658611000061, 311.384300000005169 ], [ -73.375996110999949, 4.327639722000072, 310.932400000005146 ], [ -73.376101110999969, 4.327622222000059, 310.529399999999441 ], [ -73.376206388999947, 4.327605278000021, 310.775299999993877 ], [ -73.376265555999964, 4.327595833000032, 311.032399999996414 ], [ -73.376278888999934, 4.32759388900007, 311.090700000000652 ], [ -73.376307398999984, 4.327589844000045, 311.216700000004494 ], [ -73.376361110999937, 4.327582222000046, 311.462599999998929 ], [ -73.376386666999963, 4.327578611000035, 311.583400000003166 ], [ -73.376490832999934, 4.327563889000032, 312.155400000003283 ], [ -73.376585277999936, 4.327550278000047, 312.647100000001956 ], [ -73.376688888999979, 4.327534722000053, 312.94550000000163 ], [ -73.376792777999981, 4.327519722000034, 312.616699999998673 ], [ -73.376896388999967, 4.327504167000029, 312.291100000002189 ], [ -73.377002777999962, 4.327488889000051, 311.903699999995297 ], [ -73.377058888999954, 4.327480833000038, 311.670199999993201 ], [ -73.377106388999948, 4.327474167000048, 311.462599999998929 ], [ -73.377211388999967, 4.32745888900007, 311.0 ], [ -73.377315277999969, 4.327443611000035, 311.0 ], [ -73.377418610999939, 4.327427778000072, 311.0 ], [ -73.377522221999982, 4.327411944000062, 311.170700000002398 ], [ -73.377627221999944, 4.327396111000041, 311.559200000003329 ], [ -73.377731110999946, 4.327380278000021, 311.943499999993946 ], [ -73.377834443999973, 4.327364167000042, 312.0 ], [ -73.377939166999965, 4.327347778000046, 312.0 ], [ -73.378042499999935, 4.327330833000076, 311.979800000000978 ], [ -73.378146388999937, 4.327315278000071, 311.926500000001397 ], [ -73.37825, 4.3273, 311.916599999996834 ], [ -73.37835333299995, 4.327285, 312.194799999997485 ], [ -73.378458332999969, 4.327269167000054, 312.652000000001863 ], [ -73.378561943999955, 4.327253056000075, 313.077600000004168 ], [ -73.378666110999973, 4.327236389000063, 313.1394 ], [ -73.378769443999943, 4.32722, 313.200100000001839 ], [ -73.378873055999975, 4.327203611000073, 313.048299999994924 ], [ -73.378976388999945, 4.327186944000061, 312.593999999997322 ], [ -73.379079443999956, 4.327171389000057, 312.093599999992875 ], [ -73.379183332999958, 4.327155278000021, 311.822700000004261 ], [ -73.379288332999977, 4.327139167000041, 311.647400000001653 ], [ -73.379391666999936, 4.327123333000031, 311.558600000003935 ], [ -73.379498332999958, 4.327106944000036, 311.619399999995949 ], [ -73.379601666999974, 4.327091667000047, 311.676000000006752 ], [ -73.379707777999954, 4.327075833000038, 311.991800000003423 ], [ -73.379813888999934, 4.327060556000049, 312.44100000000617 ], [ -73.37992, 4.327045, 312.89770000000135 ], [ -73.38002333299994, 4.327029444000061, 313.370899999994435 ], [ -73.380127499999958, 4.327014167000073, 313.802999999999884 ], [ -73.380230832999985, 4.326998333000063, 313.982000000003609 ], [ -73.380334443999971, 4.326982222000026, 313.965200000006007 ], [ -73.380439443999933, 4.326965833000031, 313.994900000005146 ], [ -73.380544443999952, 4.326949167000066, 314.0 ], [ -73.380647499999952, 4.32693305600003, 314.0 ], [ -73.380750832999979, 4.32691722200002, 314.078699999998207 ], [ -73.380856943999959, 4.326900556000055, 314.312999999994645 ], [ -73.380963055999985, 4.326883889000044, 314.498800000001211 ], [ -73.381068888999948, 4.326866944000074, 314.634300000005169 ], [ -73.381172221999975, 4.326850833000037, 314.721799999999348 ], [ -73.381206666999958, 4.32684583300005, 314.743300000001909 ], [ -73.381223888999955, 4.326843333000056, 314.752200000002631 ], [ -73.381278055999985, 4.326835556000049, 314.748300000006566 ], [ -73.381381666999971, 4.326820278000071, 314.634999999994761 ], [ -73.381486666999933, 4.326803333000043, 314.509399999995367 ], [ -73.381592221999938, 4.326787222000064, 314.345199999996112 ], [ -73.381695555999954, 4.326771944000029, 314.19199999999546 ], [ -73.381801666999934, 4.326755556000023, 314.069499999997788 ], [ -73.381908055999986, 4.326740278000045, 313.233500000002095 ], [ -73.382013610999934, 4.326725, 312.387400000006892 ], [ -73.382118888999969, 4.326708889000031, 311.709499999997206 ], [ -73.382225, 4.326692778000051, 311.185500000006869 ], [ -73.382324443999948, 4.326677500000073, 310.650599999993574 ], [ -73.382342499999936, 4.326674722000064, 310.556500000006054 ], [ -73.382445555999936, 4.326657778000026, 310.539900000003399 ], [ -73.382548888999963, 4.32664027800007, 310.569099999993341 ], [ -73.382652221999933, 4.326624444000061, 310.804199999998673 ], [ -73.382756110999935, 4.326609722000057, 311.320300000006682 ], [ -73.382859721999978, 4.32659527800007, 311.876900000002934 ], [ -73.382966110999973, 4.32658, 312.0 ], [ -73.383069721999959, 4.326564167000072, 312.0 ], [ -73.383108332999939, 4.326558056000067, 312.0 ], [ -73.383173332999945, 4.326548056000036, 312.054799999998068 ], [ -73.383276943999988, 4.326533056000073, 312.345900000000256 ], [ -73.383383610999942, 4.326517778000039, 312.689499999993131 ], [ -73.383488055999976, 4.326502500000061, 313.104699999996228 ], [ -73.383591666999962, 4.326487778000057, 313.542700000005425 ], [ -73.383698610999943, 4.326473056000054, 313.992299999998068 ], [ -73.383804166999937, 4.326458611000021, 314.413300000000163 ], [ -73.383910277999973, 4.326443611000059, 314.805900000006659 ], [ -73.384013888999959, 4.326428333000024, 314.836599999995087 ], [ -73.384120277999955, 4.326413056000035, 314.529599999994389 ], [ -73.384223888999941, 4.326397500000041, 314.275899999993271 ], [ -73.384327777999943, 4.326381944000047, 313.607199999998556 ], [ -73.384431388999985, 4.326366944000029, 312.896099999998114 ], [ -73.384535, 4.326351389000024, 312.538899999999558 ], [ -73.384640832999935, 4.32633583300003, 312.988200000007055 ], [ -73.384746666999945, 4.326320556000042, 313.43640000000596 ], [ -73.38485305599994, 4.326305833000049, 314.058399999994435 ], [ -73.38496166699997, 4.32629055600006, 314.793699999994715 ], [ -73.385068332999936, 4.326276111000027, 315.519499999994878 ], [ -73.385176666999939, 4.326260833000049, 316.125799999994342 ], [ -73.385195832999955, 4.326258056000029, 316.228700000006938 ], [ -73.385282221999944, 4.326245278000044, 316.675499999997555 ], [ -73.385386943999947, 4.326222500000029, 316.657300000006217 ], [ -73.385485, 4.32618, 316.367899999997462 ], [ -73.385577499999954, 4.326126389000024, 316.025800000003073 ], [ -73.385670277999964, 4.326073611000027, 315.682700000004843 ], [ -73.385763610999959, 4.326021389000061, 315.337499999994179 ], [ -73.385855832999937, 4.32597, 315.0 ], [ -73.385949443999948, 4.32591750000006, 315.009000000005472 ], [ -73.386043332999975, 4.325865556000053, 315.151700000002165 ], [ -73.38613666699996, 4.32581527800005, 315.420400000002701 ], [ -73.386230832999956, 4.325764444000072, 315.821800000005169 ], [ -73.386324166999941, 4.325711944000034, 316.362299999993411 ], [ -73.386417499999936, 4.325659444000053, 316.878100000001723 ], [ -73.386508332999938, 4.325608056000021, 316.751499999998487 ], [ -73.386601388999964, 4.32555555600004, 316.60120000000461 ], [ -73.386694443999943, 4.325503333000029, 316.449800000002142 ], [ -73.386787777999984, 4.325451111000064, 316.297399999995832 ], [ -73.386881943999981, 4.325399444000027, 316.139899999994668 ], [ -73.386975555999982, 4.325347500000021, 316.681400000001304 ], [ -73.387071666999987, 4.325294167000038, 317.983099999997648 ], [ -73.387166110999942, 4.325241389000041, 319.266399999993155 ], [ -73.387259721999953, 4.325188333000028, 320.209799999996903 ], [ -73.387347777999935, 4.325138889000073, 320.754000000000815 ], [ -73.387440832999971, 4.325087778000068, 321.268400000000838 ], [ -73.387535277999973, 4.325036944000033, 321.652600000001257 ], [ -73.387591943999951, 4.325006667000025, 321.671300000001793 ], [ -73.38762944399997, 4.32498638900006, 321.607499999998254 ], [ -73.387723610999956, 4.324935278000055, 321.172800000000279 ], [ -73.387812777999955, 4.324887500000045, 320.758499999996275 ], [ -73.387904721999973, 4.324837500000058, 320.44560000000638 ], [ -73.387996943999951, 4.324787778000029, 320.471699999994598 ], [ -73.388089166999976, 4.324737500000026, 320.075400000001537 ], [ -73.388181388999953, 4.324687778000055, 319.660900000002584 ], [ -73.38827555599994, 4.324636111000075, 319.376799999998184 ], [ -73.388368888999935, 4.324583056000051, 319.561000000001513 ], [ -73.38846111099997, 4.32453, 319.658599999995204 ], [ -73.388552221999987, 4.324478333000059, 319.703099999998813 ], [ -73.388646110999957, 4.324425833000021, 319.894499999994878 ], [ -73.38873777799995, 4.324375, 319.964600000006612 ], [ -73.388828888999967, 4.324323333000052, 319.912400000001071 ], [ -73.388880555999947, 4.324294167000062, 319.816800000000512 ], [ -73.388975832999961, 4.324246667000068, 319.668900000004214 ], [ -73.389076943999953, 4.324210278000066, 319.6875 ], [ -73.389176388999942, 4.324177500000076, 320.058199999999488 ], [ -73.389279166999984, 4.324145556000076, 320.424599999998463 ], [ -73.389382221999938, 4.324114444000031, 320.622700000007171 ], [ -73.389485, 4.324083889000065, 320.283500000005006 ], [ -73.38949, 4.324082500000031, 320.268700000000536 ], [ -73.38958805599998, 4.32405250000005, 320.034700000003795 ], [ -73.389690555999948, 4.32401972200006, 319.597899999993388 ], [ -73.389747221999983, 4.324001389000045, 319.144899999999325 ], [ -73.389846943999942, 4.323968889000071, 318.416500000006636 ], [ -73.389946388999988, 4.323936389000039, 317.954299999997602 ], [ -73.390046388999963, 4.323904722000066, 317.768700000000536 ], [ -73.390135555999962, 4.32387638900002, 317.529899999994086 ], [ -73.390235277999977, 4.323845, 317.117599999997765 ], [ -73.390335, 4.323813333000032, 316.631699999998091 ], [ -73.390437499999962, 4.323781944000075, 316.13640000000305 ], [ -73.390540277999946, 4.323749722000059, 315.701700000005076 ], [ -73.39064222199994, 4.323717222000028, 315.444699999992736 ], [ -73.390742777999947, 4.323683889000051, 315.217900000003283 ], [ -73.390796388999945, 4.323666667000055, 315.15559999999823 ], [ -73.390895832999945, 4.32363527800004, 315.103600000002189 ], [ -73.390996110999936, 4.323604167000042, 315.12390000000596 ], [ -73.391096110999968, 4.323572500000068, 314.988100000002305 ], [ -73.391196110999942, 4.323540556000069, 314.854300000006333 ], [ -73.391295555999989, 4.323508333000063, 314.868100000006962 ], [ -73.391396110999949, 4.323475833000032, 315.067299999995157 ], [ -73.391495832999965, 4.323443889000032, 315.184800000002724 ], [ -73.39159555599997, 4.323411667000073, 315.919299999994109 ], [ -73.391695832999972, 4.323379722000027, 316.974199999996927 ], [ -73.391795832999946, 4.323348611000029, 317.938800000003539 ], [ -73.391898332999972, 4.323316944000055, 318.709099999992759 ], [ -73.392001110999956, 4.323284722000039, 319.469599999996717 ], [ -73.392101110999988, 4.32325277800004, 320.0 ], [ -73.392200832999947, 4.323220556000024, 320.0 ], [ -73.392300555999952, 4.323187778000033, 319.890299999999115 ], [ -73.392402777999962, 4.323154722000027, 319.819300000002841 ], [ -73.392505555999946, 4.323121667000066, 319.858699999997043 ], [ -73.392605277999962, 4.32308972200002, 319.985700000004726 ], [ -73.392705277999937, 4.32305777800002, 320.33969999999681 ], [ -73.392807777999963, 4.323025278000046, 320.718900000007125 ], [ -73.392907777999937, 4.322993333000056, 321.0 ], [ -73.393007221999937, 4.322961944000042, 321.0 ], [ -73.393107221999969, 4.322930556000074, 320.939400000002934 ], [ -73.393207221999944, 4.322898889000044, 320.822400000004563 ], [ -73.393283332999943, 4.322874444000036, 320.732000000003609 ], [ -73.39330694399996, 4.322866667000028, 320.70329999999376 ], [ -73.393408888999943, 4.32283277800002, 320.577999999994063 ], [ -73.393508610999959, 4.322800278000045, 319.834799999996903 ], [ -73.393586110999934, 4.322775278000051, 319.168900000004214 ], [ -73.393686110999965, 4.322743333000062, 318.311000000001513 ], [ -73.39378611099994, 4.322711667000021, 317.792199999996228 ], [ -73.393887499999948, 4.32268, 317.30000000000291 ], [ -73.393987221999964, 4.322648056000048, 316.985899999999674 ], [ -73.394089721999933, 4.322615556000073, 317.340100000001257 ], [ -73.394105555999943, 4.322610556000029, 317.403000000005704 ], [ -73.394192221999958, 4.322583333000068, 317.785600000002887 ], [ -73.394292221999933, 4.322551944000054, 318.517699999996694 ], [ -73.394393055999956, 4.322520833000056, 319.502500000002328 ], [ -73.394493332999957, 4.322489444000041, 320.568599999998696 ], [ -73.394595555999956, 4.32245666700004, 321.145000000004075 ], [ -73.394695277999972, 4.322424444000035, 321.63300000000163 ], [ -73.394794721999972, 4.322392222000076, 322.10120000000461 ], [ -73.394867777999934, 4.322368611000059, 322.275800000003073 ], [ -73.394953055999963, 4.32234027800007, 322.48519999999553 ], [ -73.395055, 4.322306667000021, 322.689700000002631 ], [ -73.395155, 4.322274444000072, 322.374400000000605 ], [ -73.395257221999941, 4.322241944000041, 321.959000000002561 ], [ -73.395359721999966, 4.322209722000025, 321.609599999996135 ], [ -73.395459721999941, 4.322178056000041, 321.396399999997811 ], [ -73.395562221999967, 4.322145556000066, 321.087899999998626 ], [ -73.395662221999942, 4.322113889000036, 320.743600000001607 ], [ -73.395762221999973, 4.322082500000022, 320.478300000002491 ], [ -73.395861388999947, 4.322051111000064, 320.311600000000908 ], [ -73.395961388999979, 4.322019167000064, 320.429699999993318 ], [ -73.396061388999954, 4.32198777800005, 320.545700000002398 ], [ -73.396160832999954, 4.321955833000061, 320.82829999999376 ], [ -73.396262777999937, 4.321923333000029, 321.392300000006799 ], [ -73.396362499999952, 4.32189111100007, 321.856499999994412 ], [ -73.396462499999984, 4.321859722000056, 322.234500000005937 ], [ -73.396562499999959, 4.321828056000072, 322.526100000002771 ], [ -73.396662499999934, 4.321796389000042, 322.731100000004517 ], [ -73.39676222199995, 4.321764444000053, 322.976599999994505 ], [ -73.396861943999966, 4.321732778000069, 323.228400000007241 ], [ -73.396961943999941, 4.321700833000023, 323.480299999995623 ], [ -73.397063332999949, 4.321668333000048, 323.73519999999553 ], [ -73.39716333299998, 4.321636944000034, 323.989100000006147 ], [ -73.397264443999973, 4.32160527800005, 324.032000000006519 ], [ -73.397366666999972, 4.32157333300006, 324.0 ], [ -73.397468610999965, 4.321541111000045, 324.0 ], [ -73.39756861099994, 4.32150972200003, 323.668999999994412 ], [ -73.397671110999966, 4.321477222000055, 323.28979999999865 ], [ -73.397771943999942, 4.321445556000072, 322.991599999993923 ], [ -73.397872777999964, 4.321413889000041, 322.847399999998743 ], [ -73.397973055999955, 4.321381944000052, 322.528000000005704 ], [ -73.398075, 4.321349722000036, 322.17160000000149 ], [ -73.398177221999958, 4.321317778000036, 322.013099999996484 ], [ -73.398281943999962, 4.321285, 322.1394 ], [ -73.398382221999952, 4.321253889000047, 322.423200000004726 ], [ -73.398483332999945, 4.321221667000032, 322.552500000005239 ], [ -73.39858305599995, 4.321190278000074, 322.547500000000582 ], [ -73.398685555999975, 4.321157778000043, 322.670299999997951 ], [ -73.398788055999944, 4.321125, 322.884000000005472 ], [ -73.39888777799996, 4.321093056000052, 322.850800000000163 ], [ -73.398987499999976, 4.321061389000022, 322.454400000002352 ], [ -73.39909, 4.321028333000072, 322.12949999999546 ], [ -73.399191943999938, 4.320995556000071, 322.478199999997742 ], [ -73.399291666999943, 4.320963611000025, 322.803100000004633 ], [ -73.399393610999937, 4.320930833000034, 323.16479999999865 ], [ -73.399495832999946, 4.320898056000033, 323.921100000006845 ], [ -73.399598332999972, 4.320865556000058, 324.67949999999837 ], [ -73.399699443999964, 4.320833333000053, 325.173899999994319 ], [ -73.399795832999985, 4.320802778000029, 325.528300000005402 ], [ -73.399896943999977, 4.320771111000056, 325.94199999999546 ], [ -73.399999443999945, 4.320738611000024, 326.052899999995134 ], [ -73.400100277999968, 4.320706667000024, 326.196200000005774 ], [ -73.400203332999979, 4.320673889000034, 326.356299999999464 ], [ -73.400307777999956, 4.320641111000043, 326.302899999995134 ], [ -73.400410277999981, 4.320609167000043, 326.340100000001257 ], [ -73.400511943999959, 4.32057750000007, 326.465299999996205 ], [ -73.400612777999982, 4.32054555600007, 326.681599999996251 ], [ -73.400679443999934, 4.320524444000057, 326.872900000002119 ], [ -73.400712777999956, 4.320513611000024, 326.986000000004424 ], [ -73.400815277999982, 4.320480556000064, 327.432700000004843 ], [ -73.40091694399996, 4.320448056000032, 328.053899999998976 ], [ -73.401018055999941, 4.320415833000027, 328.777100000006612 ], [ -73.401118610999958, 4.320383611000068, 329.180800000001909 ], [ -73.401218332999974, 4.320351667000068, 329.318599999998696 ], [ -73.401318888999981, 4.320319167000036, 329.194199999998091 ], [ -73.401415555999961, 4.320287778000022, 328.822100000004866 ], [ -73.401517499999954, 4.320255278000047, 328.161800000001676 ], [ -73.401595308999958, 4.320230353000056, 327.805399999997462 ], [ -73.40161722199997, 4.320223333000058, 327.738800000006449 ], [ -73.401719166999953, 4.320190278000041, 327.374400000000605 ], [ -73.401820832999988, 4.32015750000005, 327.038400000004913 ], [ -73.401920832999963, 4.320126111000036, 327.369200000001001 ], [ -73.402020555999968, 4.320094167000036, 327.873800000001211 ], [ -73.402120555999943, 4.320062778000022, 328.210800000000745 ], [ -73.402225, 4.320029722000072, 328.131500000003143 ], [ -73.402326388999938, 4.319997500000056, 327.964600000006612 ], [ -73.402332221999984, 4.319995833000064, 327.951600000000326 ], [ -73.40242916699998, 4.319964722000066, 327.712199999994482 ], [ -73.402531388999989, 4.31993250000005, 327.453099999998813 ], [ -73.402633610999942, 4.319900278000034, 327.294999999998254 ], [ -73.402736110999967, 4.319868056000075, 327.487599999993108 ], [ -73.402839166999968, 4.319836111000029, 327.500199999994948 ], [ -73.402940832999946, 4.319804722000072, 327.384200000000419 ], [ -73.403043055999944, 4.319771944000024, 327.263099999996484 ], [ -73.403145, 4.319739167000023, 327.141900000002352 ], [ -73.403244721999954, 4.319707222000034, 327.02379999999539 ], [ -73.403343888999984, 4.319675278000034, 327.094200000006822 ], [ -73.403446388999953, 4.319641944000068, 327.158599999995204 ], [ -73.403546110999969, 4.31961, 327.040399999998044 ], [ -73.403650277999986, 4.319576389000076, 327.011700000002747 ], [ -73.403751388999979, 4.31954416700006, 327.447000000000116 ], [ -73.403852777999987, 4.31951138900007, 328.15230000000156 ], [ -73.403953888999979, 4.319479167000054, 328.763300000005984 ], [ -73.404056388999948, 4.319446389000063, 330.267699999996694 ], [ -73.404159166999989, 4.319414167000048, 331.857300000003306 ], [ -73.404261388999942, 4.319380833000025, 333.218999999997322 ], [ -73.404363610999951, 4.319347500000049, 334.606199999994715 ], [ -73.40446305599994, 4.319316944000036, 335.711699999999837 ], [ -73.404566110999951, 4.319286389000069, 336.090299999996205 ], [ -73.404665, 4.319256111000072, 336.008400000006077 ], [ -73.404699166999933, 4.319245, 335.970499999995809 ], [ -73.404765555999973, 4.319223333000025, 335.895699999993667 ], [ -73.404869166999958, 4.319188333000056, 336.064400000002934 ], [ -73.404970555999967, 4.319154167000022, 336.395099999994272 ], [ -73.405058610999959, 4.319125, 337.024399999994785 ], [ -73.405101110999965, 4.319111111000041, 337.571700000000419 ], [ -73.405184721999944, 4.319084167000028, 338.603400000007241 ], [ -73.405224166999972, 4.319071389000044, 339.068299999998999 ], [ -73.405326388999981, 4.319037778000052, 340.172200000000885 ], [ -73.405426666999972, 4.319003056000042, 340.87609999999404 ], [ -73.405524721999939, 4.318954722000058, 341.5908999999956 ], [ -73.405610277999983, 4.318891944000029, 342.089999999996508 ], [ -73.405695555999955, 4.318822222000051, 341.753299999996671 ], [ -73.405781388999969, 4.318753056000048, 341.565199999997276 ], [ -73.405856666999966, 4.318692222000038, 341.532200000001467 ], [ -73.405941943999949, 4.318622778000076, 341.024199999999837 ], [ -73.406026666999935, 4.318552500000067, 340.816099999996368 ], [ -73.406111666999948, 4.318482222000057, 340.93399999999383 ], [ -73.406196943999987, 4.318412222000063, 340.880000000004657 ], [ -73.406281943999943, 4.318342222000069, 340.992199999993318 ], [ -73.406367499999988, 4.31827277800005, 340.967099999994389 ], [ -73.406452221999984, 4.318202500000041, 340.806599999996251 ], [ -73.40653722199994, 4.318132222000031, 340.492299999998068 ], [ -73.406622777999985, 4.318062778000069, 340.167300000000978 ], [ -73.406708055999957, 4.317992778000075, 340.0966000000044 ], [ -73.406793332999939, 4.317922778000025, 340.197499999994761 ], [ -73.406879166999943, 4.317853889000048, 340.138999999995576 ], [ -73.406962221999947, 4.317786111000032, 340.143800000005285 ], [ -73.407045277999941, 4.317718333000073, 340.58289999999397 ], [ -73.407128888999978, 4.317649722000056, 340.8701 ], [ -73.40721138899994, 4.317581389000054, 341.000499999994645 ], [ -73.407292221999967, 4.317514444000039, 341.372099999993225 ], [ -73.407374721999986, 4.317446389000054, 341.928299999999581 ], [ -73.40745777799998, 4.317377778000036, 342.48859999999695 ], [ -73.40754138899996, 4.317309722000061, 343.231899999998859 ], [ -73.407626666999988, 4.317240833000028, 344.237099999998463 ], [ -73.407710277999968, 4.317172778000042, 345.357699999993201 ], [ -73.407793888999947, 4.317105, 345.922200000000885 ], [ -73.407876666999982, 4.317037222000067, 345.822499999994761 ], [ -73.407960555999978, 4.316969444000051, 345.355200000005425 ], [ -73.408042777999981, 4.316902778000042, 344.619999999995343 ], [ -73.408126110999945, 4.316835278000042, 344.259799999999814 ], [ -73.408209166999939, 4.316767500000026, 344.052999999999884 ], [ -73.408291943999984, 4.316699444000051, 343.919599999993807 ], [ -73.408374166999977, 4.316632500000026, 343.869399999995949 ], [ -73.408432499999947, 4.316585, 344.016199999998207 ], [ -73.408514166999964, 4.316519167000024, 344.474199999996927 ], [ -73.408597499999985, 4.316450278000048, 345.125799999994342 ], [ -73.40868, 4.316382222000072, 345.180500000002212 ], [ -73.408763332999968, 4.316314722000072, 345.239600000000792 ], [ -73.408844721999969, 4.316249167000024, 345.258199999996577 ], [ -73.408927777999963, 4.31618194400005, 345.010099999999511 ], [ -73.409009721999951, 4.316114722000066, 344.274699999994482 ], [ -73.40909222199997, 4.316046389000064, 343.954599999997299 ], [ -73.409173610999972, 4.31598027800004, 343.976800000004005 ], [ -73.409248683999976, 4.315916222000055, 344.111699999994016 ], [ -73.409255, 4.315910833000032, 344.129000000000815 ], [ -73.409313888999975, 4.315821944000049, 343.349199999996927 ], [ -73.409347499999967, 4.315743611000073, 342.431500000006054 ], [ -73.409365832999981, 4.31569333300007, 341.790399999998044 ], [ -73.409374027999945, 4.31566986100006, 341.480899999995017 ], [ -73.409382221999977, 4.315646389000051, 341.13980000000447 ], [ -73.409416388999944, 4.315552222000065, 339.532200000001467 ], [ -73.409453610999947, 4.315450278000071, 337.957399999999325 ], [ -73.409488888999988, 4.315348889000063, 336.717300000003888 ], [ -73.409522777999939, 4.315249722000033, 336.236099999994622 ], [ -73.409565832999988, 4.31515138900005, 335.828899999993155 ], [ -73.409623888999988, 4.31506416700006, 335.952199999999721 ], [ -73.409693055999981, 4.314985278000051, 337.139500000004773 ], [ -73.409769721999965, 4.314911667000047, 338.350300000005518 ], [ -73.409780353999963, 4.314901749000057, 338.493900000001304 ], [ -73.409848332999957, 4.314838333000068, 339.275999999998021 ], [ -73.409926666999979, 4.314764722000064, 340.405199999993783 ], [ -73.410002499999962, 4.314692222000076, 341.928199999994831 ], [ -73.410080555999969, 4.314618056000029, 343.338399999993271 ], [ -73.410158888999945, 4.314544167000065, 344.50449999999546 ], [ -73.410236388999976, 4.314469444000053, 344.448399999993853 ], [ -73.41031305599995, 4.314394444000072, 344.185100000002421 ], [ -73.410389721999934, 4.314320556000041, 343.934200000003329 ], [ -73.410465555999963, 4.314248056000054, 344.063500000003842 ], [ -73.410543055999938, 4.314174722000075, 344.636599999997998 ], [ -73.41062, 4.314103056000022, 345.205600000001141 ], [ -73.410697221999953, 4.314030278000075, 345.776599999997416 ], [ -73.410697221999953, 4.31403, 345.776599999997416 ], [ -73.410697499999969, 4.31403, 345.778699999995297 ], [ -73.410775555999976, 4.313956389000055, 345.392200000002049 ], [ -73.410852777999935, 4.313883333000035, 344.797500000000582 ], [ -73.410907777999967, 4.313830556000028, 344.455900000000838 ], [ -73.410919443999944, 4.313819444000046, 344.394899999999325 ], [ -73.41099659799994, 4.313765340000032, 344.36699999999837 ], [ -73.411007777999941, 4.313757500000065, 344.301600000006147 ], [ -73.411069443999963, 4.313727778000043, 344.099600000001374 ], [ -73.41110527799998, 4.313711389000048, 343.961100000000442 ], [ -73.41117277799998, 4.313693056000034, 343.797900000005029 ], [ -73.411201110999968, 4.313688889000048, 343.767500000001746 ], [ -73.411219166999956, 4.313688611000032, 343.790900000007241 ], [ -73.411270832999946, 4.313682500000027, 343.747499999997672 ], [ -73.41129861099995, 4.313675833000048, 343.751199999998789 ], [ -73.411364443999958, 4.313650556000027, 343.615699999994831 ], [ -73.411389443999951, 4.313636389000067, 343.502200000002631 ], [ -73.411437777999936, 4.313585278000062, 342.922399999995832 ], [ -73.411442221999948, 4.313579167000057, 342.851299999994808 ], [ -73.411451943999964, 4.313564167000038, 342.672999999995227 ], [ -73.41147583299994, 4.313479444000052, 341.4807 ], [ -73.411477221999974, 4.313468611000076, 341.317599999994854 ], [ -73.411485832999972, 4.313393056000052, 340.074200000002747 ], [ -73.411488610999982, 4.313369722000061, 339.687799999999697 ], [ -73.41149444399997, 4.313317778000055, 338.818199999994249 ], [ -73.41150111099995, 4.313259722000055, 337.837700000003679 ], [ -73.411503055999958, 4.313242500000058, 337.544500000003609 ], [ -73.411511388999941, 4.313166667000075, 336.491200000004028 ], [ -73.411513332999959, 4.313150278000023, 336.338900000002468 ], [ -73.41152, 4.313091389000022, 335.76940000000468 ], [ -73.411525832999985, 4.313040556000033, 335.252299999992829 ], [ -73.411528610999937, 4.313015833000065, 334.99210000000312 ], [ -73.411537499999952, 4.312940556000058, 334.164099999994505 ], [ -73.411538610999969, 4.312930833000053, 334.053299999999581 ], [ -73.41154204999998, 4.312900392000074, 334.019799999994575 ], [ -73.41154611099995, 4.31286444400007, 334.039900000003399 ], [ -73.411551110999937, 4.312820833000046, 334.054099999993923 ], [ -73.411554721999948, 4.312789444000032, 334.057000000000698 ], [ -73.411563610999963, 4.312714167000024, 334.039399999994203 ], [ -73.411563888999979, 4.312711111000056, 334.037800000005518 ], [ -73.411572221999961, 4.312638611000068, 334.0 ], [ -73.411576388999947, 4.312601389000065, 334.0 ], [ -73.41158083299996, 4.312563056000045, 334.0 ], [ -73.411588888999972, 4.312491667000074, 334.0 ], [ -73.411589166999988, 4.312487500000032, 334.0 ], [ -73.411597777999987, 4.312412222000034, 334.0 ], [ -73.411601110999982, 4.312381667000068, 334.001699999993434 ], [ -73.411606388999985, 4.312336667000068, 334.042799999995623 ], [ -73.411613888999966, 4.312271944000031, 334.113200000007055 ], [ -73.411615, 4.312261389000071, 334.125700000004144 ], [ -73.411623610999982, 4.312185556000031, 334.226699999999255 ], [ -73.411626110999975, 4.31216222200004, 334.260899999993853 ], [ -73.411631943999964, 4.31211055600005, 334.347899999993388 ], [ -73.411638332999985, 4.312052222000034, 334.58640000000014 ], [ -73.411640555999952, 4.312035, 334.657999999995809 ], [ -73.41164916699995, 4.31195972200004, 334.967199999999139 ], [ -73.411651388999985, 4.311942778000059, 335.037800000005518 ], [ -73.41165861099995, 4.311884167000073, 335.280400000003283 ], [ -73.411665, 4.311833056000069, 335.478499999997439 ], [ -73.41166777799998, 4.311809167000035, 335.534899999998743 ], [ -73.41167722199998, 4.311733889000038, 335.702199999999721 ], [ -73.411678332999941, 4.311723611000048, 335.723199999993085 ], [ -73.411686943999939, 4.311651667000035, 335.862299999993411 ], [ -73.411688055999946, 4.311640556000043, 335.882100000002538 ], [ -73.411688888999947, 4.311633056000062, 335.895300000003772 ], [ -73.411685, 4.31154527800004, 336.042199999996228 ], [ -73.411678332999941, 4.311525833000076, 336.079500000007101 ], [ -73.411657943999955, 4.311468937000029, 336.21020000000135 ], [ -73.41164916699995, 4.311444444000074, 336.276199999992969 ], [ -73.411647777999974, 4.311440833000063, 336.286600000006729 ], [ -73.411636666999982, 4.311408333000031, 336.383300000001327 ], [ -73.411625277999974, 4.311370833000069, 336.503299999996671 ], [ -73.411617221999961, 4.311338611000053, 336.610300000000279 ], [ -73.411613888999966, 4.311324722000052, 336.658100000000559 ], [ -73.411592221999967, 4.311233611000034, 337.048200000004726 ], [ -73.41156861099995, 4.311125833000062, 337.533100000000559 ], [ -73.41154611099995, 4.311017500000048, 337.980100000000675 ], [ -73.411525, 4.310910278000051, 338.0 ], [ -73.411525, 4.31091, 338.0 ], [ -73.411524721999967, 4.310909167000034, 338.0 ], [ -73.411507499999971, 4.310823611000046, 338.0 ], [ -73.411502777999942, 4.310801111000046, 338.0 ], [ -73.41149722199998, 4.31077444400006, 338.0 ], [ -73.411484166999969, 4.310711111000046, 338.165099999998347 ], [ -73.411480277999942, 4.310693056000048, 338.231599999999162 ], [ -73.411455832999934, 4.310585556000035, 338.627800000002026 ], [ -73.41143, 4.310478611000065, 338.978000000002794 ], [ -73.411405832999947, 4.310371667000027, 338.583899999997811 ], [ -73.411383332999947, 4.310263889000055, 338.186700000005658 ], [ -73.411360277999961, 4.310156111000026, 337.789399999994203 ], [ -73.411344166999982, 4.310082778000037, 337.51919999999518 ], [ -73.411342499999989, 4.310075556000072, 337.492499999993015 ], [ -73.411336666999944, 4.310048333000054, 337.392200000002049 ], [ -73.411313055999983, 4.309940833000041, 336.992599999997765 ], [ -73.411295, 4.309861389000048, 336.432199999995646 ], [ -73.411294166999937, 4.309858056000053, 336.407800000000861 ], [ -73.411292221999986, 4.309849167000039, 336.342499999998836 ], [ -73.411288888999934, 4.309834444000046, 336.233300000007148 ], [ -73.411286110999981, 4.309822500000053, 336.143500000005588 ], [ -73.411283888999947, 4.309812778000037, 336.069799999997485 ], [ -73.411265832999959, 4.309727778000024, 335.438500000003842 ], [ -73.411243610999975, 4.309623889000022, 334.931899999995949 ], [ -73.411222499999951, 4.309525833000066, 334.64890000000014 ], [ -73.411220277999973, 4.309516389000066, 334.622399999992922 ], [ -73.411196943999983, 4.309408333000022, 334.310800000006566 ], [ -73.411174443999982, 4.309300556000039, 334.361000000004424 ], [ -73.411152777999973, 4.309191944000077, 334.441500000000815 ], [ -73.41113166699995, 4.309083889000021, 334.597899999993388 ], [ -73.41111, 4.308975556000064, 334.824900000006892 ], [ -73.411088055999983, 4.308867500000076, 334.987200000003213 ], [ -73.411065832999952, 4.308759444000032, 335.084300000002258 ], [ -73.411043332999952, 4.308651389000033, 335.114799999995739 ], [ -73.411021110999968, 4.308543333000046, 335.213099999993574 ], [ -73.410998610999968, 4.308435278000047, 335.552899999995134 ], [ -73.410975832999952, 4.308327222000059, 335.951100000005681 ], [ -73.410953055999983, 4.308219722000047, 336.630799999998999 ], [ -73.410930832999952, 4.308111944000075, 337.290800000002491 ], [ -73.410918610999943, 4.308052778000047, 337.62510000000475 ], [ -73.410908332999952, 4.308003889000076, 337.650099999998929 ], [ -73.410886110999968, 4.307896111000048, 337.567500000004657 ], [ -73.410864721999985, 4.307791111000029, 337.487999999997555 ], [ -73.410845, 4.307696667000073, 337.689799999992829 ], [ -73.410823610999955, 4.307588056000043, 338.010599999994156 ], [ -73.410803055999963, 4.307479722000039, 338.314199999993434 ], [ -73.410786188999964, 4.307395385000063, 338.505999999993946 ], [ -73.410786182999971, 4.307395359000054, 338.506099999998696 ], [ -73.410781388999965, 4.307371389000025, 338.567699999999604 ], [ -73.410771388999933, 4.307321667000053, 338.705600000001141 ], [ -73.41076, 4.307266389000063, 338.874700000000303 ], [ -73.410738332999983, 4.307161389000044, 339.00449999999546 ], [ -73.410716943999944, 4.307056111000065, 338.938800000003539 ], [ -73.410701666999955, 4.30695, 338.881899999993038 ], [ -73.410695277999935, 4.306842778000032, 338.857900000002701 ], [ -73.410694166999974, 4.306735278000076, 338.853499999997439 ], [ -73.410692777999941, 4.306627778000063, 338.847999999998137 ], [ -73.410691110999949, 4.30651944400006, 338.841499999994994 ], [ -73.410690555999963, 4.306409444000053, 338.802999999999884 ], [ -73.410689721999972, 4.30630194400004, 338.072199999995064 ], [ -73.410689443999956, 4.306194444000027, 337.344500000006519 ], [ -73.410688610999955, 4.306086667000045, 336.790500000002794 ], [ -73.410688055999969, 4.305979444000059, 336.395300000003772 ], [ -73.410686943999963, 4.30587138900006, 335.997000000003027 ], [ -73.410686110999961, 4.305763611000032, 335.599700000006123 ], [ -73.41068527799996, 4.305656389000035, 335.204400000002352 ], [ -73.410684721999985, 4.305549444000064, 334.96480000000156 ], [ -73.410683610999968, 4.305441944000052, 334.888800000000629 ], [ -73.410682221999934, 4.305334167000069, 334.80800000000454 ], [ -73.410681388999933, 4.305226944000026, 334.801300000006449 ], [ -73.410680555999988, 4.305118889000028, 334.797900000005029 ], [ -73.410679721999941, 4.305012500000032, 334.794500000003609 ], [ -73.41067861099998, 4.304905, 334.789999999993597 ], [ -73.410678332999964, 4.304794722000054, 334.78859999999986 ], [ -73.410677777999979, 4.304686944000025, 334.707299999994575 ], [ -73.410676666999962, 4.304576667000049, 334.61250000000291 ], [ -73.410676388999946, 4.304553889000033, 334.592099999994389 ], [ -73.410675555999944, 4.304482500000063, 334.486600000003818 ], [ -73.410675277999985, 4.304443611000067, 334.405400000003283 ], [ -73.410672777999935, 4.304333333000045, 334.174499999993714 ], [ -73.410668610999949, 4.304223333000039, 334.078099999998813 ], [ -73.410664166999936, 4.304115833000026, 334.474400000006426 ], [ -73.410663332999945, 4.304055, 334.698600000003353 ], [ -73.410663610999961, 4.30394472200004, 335.028200000000652 ], [ -73.410663610999961, 4.303833889000032, 335.138200000001234 ], [ -73.410663888999977, 4.303723611000066, 335.246899999998277 ], [ -73.410665, 4.303613056000074, 334.936700000005658 ], [ -73.410665, 4.303502778000052, 334.53059999999823 ], [ -73.410664443999963, 4.30339222200007, 334.267300000006799 ], [ -73.410664166999936, 4.303321944000061, 334.268500000005588 ], [ -73.410663888999977, 4.303281944000048, 334.269700000004377 ], [ -73.410663332999945, 4.303181389000031, 334.272100000001956 ], [ -73.410663055999976, 4.303171389000056, 334.273100000005797 ], [ -73.410662499999944, 4.303061111000034, 334.538100000005215 ], [ -73.410661666999943, 4.302953333000062, 334.826700000005076 ], [ -73.410661666999943, 4.302843056000029, 334.833799999993062 ], [ -73.410661388999984, 4.302732500000047, 334.426300000006449 ], [ -73.41066, 4.302622222000025, 334.019799999994575 ], [ -73.410659443999975, 4.302512222000075, 334.0 ], [ -73.410659443999975, 4.302401667000026, 334.0 ], [ -73.410659443999975, 4.302291111000045, 334.142699999996694 ], [ -73.410659443999975, 4.302180556000053, 334.432100000005448 ], [ -73.410658610999974, 4.302070278000031, 334.736600000003818 ], [ -73.410657777999972, 4.301959722000049, 335.548200000004726 ], [ -73.410657221999941, 4.301849444000027, 336.358800000001793 ], [ -73.41065611099998, 4.301738889000035, 336.696599999995669 ], [ -73.410654443999988, 4.301628333000053, 336.690000000002328 ], [ -73.410652777999985, 4.30151805600002, 336.649000000004889 ], [ -73.410651666999968, 4.301407500000039, 336.368100000006962 ], [ -73.41065055599995, 4.301297222000073, 336.091400000004796 ], [ -73.410649443999944, 4.301186667000024, 336.271999999997206 ], [ -73.410648610999942, 4.301076389000059, 336.678499999994528 ], [ -73.410647777999941, 4.300966111000037, 337.0 ], [ -73.410643888999971, 4.300855833000071, 337.0 ], [ -73.410632221999947, 4.300746111000024, 337.0 ], [ -73.410619721999979, 4.300636389000033, 337.265299999999115 ], [ -73.410607221999953, 4.300526667000042, 337.688299999994342 ], [ -73.41059249999995, 4.300417222000021, 338.361399999994319 ], [ -73.410581388999958, 4.300339722000047, 339.186900000000605 ], [ -73.410565555999938, 4.300230833000057, 340.388900000005378 ], [ -73.410549721999985, 4.300121667000042, 341.165800000002491 ], [ -73.41053444399995, 4.300012500000037, 341.422099999996135 ], [ -73.410520277999979, 4.299903056000062, 341.615200000000186 ], [ -73.410506388999977, 4.299793611000041, 340.618100000006962 ], [ -73.410492499999975, 4.299684167000066, 339.537500000005821 ], [ -73.41047722199994, 4.299574722000045, 338.371199999994133 ], [ -73.410461666999936, 4.29946555600003, 337.15230000000156 ], [ -73.410445555999956, 4.299356389000025, 336.016600000002654 ], [ -73.410429721999947, 4.299247222000076, 336.357900000002701 ], [ -73.410414166999942, 4.29914111100004, 336.643599999995786 ], [ -73.410412777999966, 4.299130556000023, 336.670100000003004 ], [ -73.410398888999964, 4.299035278000076, 336.682700000004843 ], [ -73.410391943999969, 4.298984722000057, 336.59759999999369 ], [ -73.41039, 4.29897, 336.571500000005472 ], [ -73.410387777999972, 4.298955556000067, 336.54330000000482 ], [ -73.410383610999986, 4.298925, 336.483900000006543 ], [ -73.410379721999959, 4.298898889000043, 336.428400000004331 ], [ -73.410368055999982, 4.298815833000049, 336.235799999994924 ], [ -73.410352499999988, 4.298709722000069, 335.900299999993877 ], [ -73.410337221999953, 4.298604167000065, 335.612399999998161 ], [ -73.410321110999973, 4.298495, 335.74659999999858 ], [ -73.410305277999953, 4.298385833000054, 336.34780000000319 ], [ -73.410300975999974, 4.298355323000067, 336.524499999999534 ], [ -73.410290277999934, 4.298279444000059, 336.979399999996531 ], [ -73.410275832999957, 4.298173611000038, 337.2728000000061 ], [ -73.410261943999956, 4.298064167000064, 337.604500000001281 ], [ -73.410248055999944, 4.297954722000043, 337.825599999996484 ], [ -73.410233332999951, 4.297845278000068, 337.880499999999302 ], [ -73.410218888999964, 4.297735833000047, 337.934299999993527 ], [ -73.410205277999978, 4.297626389000072, 337.602100000003702 ], [ -73.410192221999978, 4.297520833000021, 337.216199999995297 ], [ -73.410176666999973, 4.297411667000063, 337.0 ], [ -73.410160277999978, 4.297302500000058, 337.0 ], [ -73.410145555999975, 4.297197222000023, 337.0 ], [ -73.410131110999941, 4.297091111000043, 337.0 ], [ -73.410117499999956, 4.296986111000024, 337.0 ], [ -73.410103332999938, 4.296876389000033, 336.89890000000014 ], [ -73.410088888999951, 4.296767222000028, 336.673500000004424 ], [ -73.410079443999962, 4.29670027800006, 336.558399999994435 ], [ -73.410071110999979, 4.296639722000066, 336.46940000000177 ], [ -73.410061110999948, 4.296563333000051, 336.358600000006845 ], [ -73.410047777999978, 4.296453611000061, 336.161500000001979 ], [ -73.410034166999935, 4.296348611000042, 336.0 ], [ -73.410018610999941, 4.296239167000067, 336.0 ], [ -73.410002777999978, 4.29613, 336.0 ], [ -73.409986666999941, 4.296020833000057, 336.3125 ], [ -73.409971388999963, 4.295911389000025, 336.7158999999956 ], [ -73.409956943999987, 4.295801944000061, 337.227899999998044 ], [ -73.409943055999975, 4.29569250000003, 338.025299999993877 ], [ -73.409928332999982, 4.295583056000055, 338.836999999999534 ], [ -73.409913332999963, 4.29547777800002, 338.6362999999983 ], [ -73.409898055999975, 4.295368611000072, 338.246899999998277 ], [ -73.409883610999941, 4.29525916700004, 337.782099999996717 ], [ -73.40986944399998, 4.29514944400006, 337.07499999999709 ], [ -73.409855555999968, 4.295040278000045, 336.413000000000466 ], [ -73.409840832999976, 4.294934167000065, 336.233500000002095 ], [ -73.409825277999971, 4.294824722000044, 336.111600000003818 ], [ -73.409809721999977, 4.294715556000028, 336.247099999993225 ], [ -73.409795555999949, 4.294606111000064, 337.053899999998976 ], [ -73.409781943999974, 4.294496389000074, 337.862699999997858 ], [ -73.409767499999987, 4.294386944000053, 338.128700000001118 ], [ -73.409752221999952, 4.294277778000037, 338.241500000003725 ], [ -73.409737221999933, 4.294168333000073, 338.233600000006845 ], [ -73.409723610999947, 4.294058889000041, 338.100800000000163 ], [ -73.409710832999963, 4.293953611000063, 338.011799999992945 ], [ -73.40969611099996, 4.293847500000027, 337.676900000005844 ], [ -73.409686943999986, 4.29378527800003, 337.447599999999511 ], [ -73.409677777999946, 4.293722778000074, 337.217199999999139 ], [ -73.409662499999968, 4.293613333000053, 336.993499999996857 ], [ -73.40964833299995, 4.293504167000037, 336.940700000006473 ], [ -73.409634166999979, 4.293394722000073, 336.888000000006286 ], [ -73.409620277999977, 4.293285278000042, 336.836200000005192 ], [ -73.409606388999975, 4.293175556000051, 336.784499999994296 ], [ -73.409592499999974, 4.29306611100003, 336.678400000004331 ], [ -73.409578055999987, 4.292956667000055, 336.48420000000624 ], [ -73.409563055999968, 4.292847222000034, 336.246100000003935 ], [ -73.409548332999975, 4.292742222000072, 336.136499999993248 ], [ -73.409539166999934, 4.292677778000041, 336.068199999994249 ], [ -73.409530555999936, 4.29261583300007, 336.004100000005565 ], [ -73.409516110999959, 4.292506389000039, 335.77719999999681 ], [ -73.409502221999958, 4.292396667000048, 335.527100000006612 ], [ -73.409487499999955, 4.292287500000043, 335.364799999995739 ], [ -73.409473332999937, 4.292181944000049, 335.48399999999674 ], [ -73.409458055999949, 4.292072500000074, 335.695900000006077 ], [ -73.409443610999972, 4.291963333000069, 335.821800000005169 ], [ -73.409428332999937, 4.291853889000038, 335.878700000001118 ], [ -73.409411666999972, 4.291745, 335.872499999997672 ], [ -73.409393332999969, 4.291636111000059, 335.517200000002049 ], [ -73.409383055999967, 4.29157611100004, 335.25789999999688 ], [ -73.409373888999937, 4.291522778000058, 335.02719999999681 ], [ -73.409363610999947, 4.291462778000039, 334.767800000001444 ], [ -73.409352221999939, 4.291399167000066, 334.490999999994528 ], [ -73.409333610999965, 4.29129277800007, 334.029699999999139 ], [ -73.409314721999976, 4.29118416700004, 333.740799999999581 ], [ -73.409296388999962, 4.291079444000047, 333.824699999997392 ], [ -73.409276943999942, 4.290970556000048, 333.967699999993783 ], [ -73.409257499999967, 4.290861944000028, 334.0 ], [ -73.409238332999962, 4.290753333000055, 334.0 ], [ -73.409218610999972, 4.290644444000066, 334.0 ], [ -73.40919805599998, 4.290536111000051, 334.0 ], [ -73.409177499999942, 4.290427778000037, 334.0 ], [ -73.409156388999975, 4.290319167000064, 333.344599999996717 ], [ -73.409135832999937, 4.29021083300006, 332.546000000002095 ], [ -73.409119756999985, 4.290129618000037, 332.0 ], [ -73.409114443999954, 4.290102778000062, 332.0 ], [ -73.409095277999938, 4.290007778000074, 332.0 ], [ -73.409093332999987, 4.289997222000068, 332.0 ], [ -73.409071388999962, 4.289889167000069, 332.0 ], [ -73.409050555999954, 4.289785, 332.0 ], [ -73.409041110999965, 4.289737222000042, 332.0 ], [ -73.409031110999933, 4.289685556000052, 332.0 ], [ -73.409009721999951, 4.289577222000048, 331.972899999993388 ], [ -73.409000832999936, 4.289530278000029, 331.889899999994668 ], [ -73.408983055999954, 4.289438889000053, 331.694399999993038 ], [ -73.40897972199997, 4.289421667000056, 331.652600000001257 ], [ -73.40895805599996, 4.289313333000052, 331.359899999995832 ], [ -73.408936388999962, 4.289205, 331.165399999998044 ], [ -73.408915, 4.289096667000024, 331.035499999998137 ], [ -73.408893888999955, 4.288988611000036, 330.968900000007125 ], [ -73.408872777999989, 4.28888, 330.96469999999681 ], [ -73.40885222199995, 4.288771667000049, 331.0 ], [ -73.408831388999943, 4.288663056000075, 331.0 ], [ -73.408810832999961, 4.288554444000056, 331.0 ], [ -73.40879, 4.288449167000067, 330.835500000001048 ], [ -73.408768888999987, 4.288341111000022, 330.586100000000442 ], [ -73.408747777999963, 4.288232500000049, 330.401299999997718 ], [ -73.408727221999982, 4.288123889000076, 330.282000000006519 ], [ -73.40870694399996, 4.288015556000062, 330.101999999998952 ], [ -73.408686110999952, 4.287908333000075, 330.077199999999721 ], [ -73.408666110999945, 4.287804444000074, 330.171400000006543 ], [ -73.408645277999938, 4.287696111000059, 330.209199999997509 ], [ -73.408623055999954, 4.287588056000061, 330.177800000004936 ], [ -73.408601110999939, 4.28748, 330.082500000004075 ], [ -73.408580832999974, 4.287372778000076, 330.0 ], [ -73.408560555999941, 4.287264444000073, 330.0 ], [ -73.408539443999985, 4.287155833000043, 330.0 ], [ -73.408517777999975, 4.287047778000044, 330.384900000004563 ], [ -73.408497777999969, 4.286939444000041, 330.7841000000044 ], [ -73.408478332999948, 4.286830556000041, 331.109400000001187 ], [ -73.408458055999972, 4.286722222000037, 331.300700000007055 ], [ -73.408436943999959, 4.286613611000064, 331.429199999998673 ], [ -73.40841527799995, 4.28650527800005, 331.355200000005425 ], [ -73.408393332999935, 4.286397222000062, 331.273700000005192 ], [ -73.408371666999983, 4.286288889000048, 331.7387000000017 ], [ -73.408352221999962, 4.286180278000074, 332.867299999998068 ], [ -73.408333888999948, 4.286071667000044, 334.0 ], [ -73.408314443999984, 4.285962778000055, 335.87510000000475 ], [ -73.408293610999976, 4.285854444000051, 337.776100000002771 ], [ -73.408270277999975, 4.285746389000053, 338.849499999996624 ], [ -73.408246666999958, 4.285638333000065, 338.885800000003655 ], [ -73.408224443999984, 4.28553, 338.992499999993015 ], [ -73.408204166999951, 4.285421389000021, 338.404599999994389 ], [ -73.408184721999987, 4.285312500000032, 337.830700000005891 ], [ -73.408164166999939, 4.285204167000074, 337.114799999995739 ], [ -73.40814249999994, 4.285095833000071, 336.119300000005751 ], [ -73.408122499999934, 4.284987778000072, 335.062099999995553 ], [ -73.408109721999949, 4.284877778000066, 334.150599999993574 ], [ -73.408108610999989, 4.284767500000044, 333.251999999993131 ], [ -73.408118332999948, 4.284657500000037, 332.603600000002189 ], [ -73.408143055999972, 4.28455, 332.26919999999518 ], [ -73.40817805599994, 4.284445278000021, 332.012000000002445 ], [ -73.408213332999935, 4.284340556000075, 332.145000000004075 ], [ -73.40824833299996, 4.284235833000025, 332.20230000000447 ], [ -73.408285832999979, 4.284132500000055, 332.131399999998393 ], [ -73.40832249999994, 4.284028611000053, 332.0 ], [ -73.40835722199995, 4.28392388900005, 332.0 ], [ -73.408394166999983, 4.283819722000032, 332.0 ], [ -73.40843111099997, 4.283715556000061, 332.0 ], [ -73.408466110999939, 4.283610833000068, 331.971099999995204 ], [ -73.40849222199995, 4.283503889000031, 331.717300000003888 ], [ -73.408507499999985, 4.283394444000066, 331.415099999998347 ], [ -73.408523332999948, 4.283285556000067, 331.508700000005774 ], [ -73.408533610999939, 4.283203333000074, 331.774000000004889 ], [ -73.408522777999963, 4.283095, 332.213799999997718 ], [ -73.408478770999977, 4.283021069000029, 332.649300000004587 ], [ -73.408467221999956, 4.283001667000065, 332.763600000005681 ], [ -73.408459721999975, 4.282993611000052, 332.820999999996275 ], [ -73.408415, 4.282943889000023, 333.169800000003306 ], [ -73.408386388999986, 4.282912500000066, 333.391399999993155 ], [ -73.408344721999981, 4.282871667000052, 333.696100000001024 ], [ -73.408303055999966, 4.28284194400004, 334.023600000000442 ], [ -73.408288332999973, 4.282832222000025, 334.166899999996531 ], [ -73.408252499999946, 4.282808056000022, 334.552999999999884 ], [ -73.408236388999967, 4.282797222000056, 334.778500000000349 ], [ -73.408189166999989, 4.282765278000056, 335.413799999994808 ], [ -73.408164443999965, 4.282748611000045, 335.729500000001281 ], [ -73.40814249999994, 4.282733611000026, 336.001999999993131 ], [ -73.408096110999963, 4.282702222000069, 336.546100000006845 ], [ -73.408073055999978, 4.282686944000034, 336.799299999998766 ], [ -73.408048888999986, 4.282670556000028, 337.044599999993807 ], [ -73.408002499999952, 4.28263944400004, 337.384000000005472 ], [ -73.407981388999985, 4.282625556000028, 337.549199999994016 ], [ -73.407955555999933, 4.282608056000072, 337.766600000002654 ], [ -73.407903055999952, 4.282573056000047, 338.241200000004028 ], [ -73.407889721999936, 4.282564167000032, 338.369699999995646 ], [ -73.407883888999947, 4.282560278000062, 338.426900000005844 ], [ -73.407849443999964, 4.28253333300006, 338.847999999998137 ], [ -73.407816943999933, 4.282489167000051, 339.619300000005751 ], [ -73.40781371099996, 4.282483714000023, 339.711599999995087 ], [ -73.407789443999945, 4.282442778000075, 340.404800000003888 ], [ -73.407751110999982, 4.282341944000052, 341.917300000000978 ], [ -73.407741666999982, 4.282303889000048, 342.478300000002491 ], [ -73.407722777999936, 4.282227222000074, 343.608500000002095 ], [ -73.407714443999964, 4.282121667000069, 345.164900000003399 ], [ -73.407723888999953, 4.282012500000064, 346.774699999994482 ], [ -73.407729166999957, 4.281945278000023, 347.727899999998044 ], [ -73.407737499999939, 4.281835, 349.291599999996834 ], [ -73.40773808299997, 4.281826143000046, 349.41809999999532 ], [ -73.407744443999945, 4.281729444000064, 350.807799999995041 ], [ -73.407752499999958, 4.281619444000057, 350.931299999996554 ], [ -73.407761388999972, 4.281509444000051, 350.983699999997043 ], [ -73.407770555999946, 4.281399444000044, 351.009600000004866 ], [ -73.407779443999971, 4.281292500000063, 351.008700000005774 ], [ -73.407783332999941, 4.281186667000043, 351.000499999994645 ], [ -73.407783888999973, 4.281106667000074, 350.998300000006566 ], [ -73.407784166999988, 4.281029722000028, 350.996700000003329 ], [ -73.407784721999974, 4.280946389000064, 350.992700000002515 ], [ -73.407785, 4.280920556000069, 350.990499999999884 ], [ -73.407785555999965, 4.280815, 350.986900000003516 ], [ -73.407785832999934, 4.280735, 350.985300000000279 ], [ -73.407785832999934, 4.280706111000029, 350.985499999995227 ], [ -73.40778611099995, 4.280600556000024, 350.985300000000279 ], [ -73.407785832999934, 4.280489722000027, 350.990600000004633 ], [ -73.407784166999988, 4.280379444000062, 351.0 ], [ -73.40778, 4.280268611000054, 351.0 ], [ -73.407758610999963, 4.280161111000041, 351.0 ], [ -73.407725555999946, 4.280055556000036, 350.876799999998184 ], [ -73.407692499999939, 4.27995, 350.639599999994971 ], [ -73.407659721999948, 4.279844722000064, 350.497499999997672 ], [ -73.407626388999972, 4.279739444000029, 350.585900000005495 ], [ -73.40759277799998, 4.27963416700004, 350.710600000005797 ], [ -73.407559721999974, 4.279533056000048, 350.764100000000326 ], [ -73.407526666999956, 4.27943, 350.513500000000931 ], [ -73.407495, 4.279329444000041, 350.105400000000373 ], [ -73.40746166699995, 4.279224167000052, 349.802899999995134 ], [ -73.407428888999959, 4.279121389000068, 349.681200000006356 ], [ -73.407395555999983, 4.279016389000049, 349.557499999995343 ], [ -73.407361943999945, 4.27891111100007, 348.682700000004843 ], [ -73.407328610999969, 4.278805833000035, 347.783100000000559 ], [ -73.407295277999935, 4.278700278000031, 347.213600000002771 ], [ -73.407262499999945, 4.278595, 347.098199999993085 ], [ -73.407232499999964, 4.278499444000033, 347.0 ], [ -73.407200555999964, 4.278398333000041, 347.26480000000447 ], [ -73.407168610999975, 4.27829805600004, 347.634300000005169 ], [ -73.407135, 4.278193056000021, 348.008700000005774 ], [ -73.407101388999934, 4.278087500000026, 348.219100000002072 ], [ -73.407068332999984, 4.277982222000048, 348.524199999999837 ], [ -73.407037499999944, 4.277884444000051, 348.929699999993318 ], [ -73.407004721999954, 4.277778889000047, 349.440300000002026 ], [ -73.406972777999954, 4.277676389000021, 349.936600000000908 ], [ -73.406941943999982, 4.277574444000038, 349.824800000002142 ], [ -73.406910832999984, 4.277471944000069, 349.5625 ], [ -73.406878888999984, 4.27737083300002, 349.3413 ], [ -73.406845, 4.277265556000032, 349.272200000006706 ], [ -73.406811388999984, 4.277160278000053, 349.105400000000373 ], [ -73.406778610999936, 4.277057778000028, 349.205000000001746 ], [ -73.406746388999977, 4.27695638900002, 349.578699999998207 ], [ -73.406714443999988, 4.276853889000051, 349.956399999995483 ], [ -73.406682499999988, 4.276751667000042, 350.636799999992945 ], [ -73.406650277999972, 4.276649167000073, 351.27379999999539 ], [ -73.406617221999966, 4.276543889000038, 351.57039999999688 ], [ -73.406584443999975, 4.276441667000029, 351.072100000004866 ], [ -73.406551943999943, 4.276338889000044, 350.572700000004261 ], [ -73.40652, 4.276236667000035, 350.165900000007241 ], [ -73.406488610999986, 4.276134167000066, 349.958199999993667 ], [ -73.406456666999986, 4.276030556000023, 349.927899999995134 ], [ -73.406425555999988, 4.275929444000042, 350.363200000007055 ], [ -73.406393888999958, 4.275827222000032, 350.739900000000489 ], [ -73.406361666999942, 4.275724722000064, 350.882299999997485 ], [ -73.406329721999953, 4.275622500000054, 350.505600000004051 ], [ -73.40629888899997, 4.275521944000047, 350.134999999994761 ], [ -73.406267777999972, 4.27542027800007, 349.760399999999208 ], [ -73.406236666999973, 4.275319444000047, 349.388800000000629 ], [ -73.406204443999968, 4.275217500000053, 349.013099999996484 ], [ -73.406172499999968, 4.275115833000029, 348.631599999993341 ], [ -73.40614138899997, 4.275013056000034, 348.163100000005215 ], [ -73.406112499999949, 4.274916389000055, 347.71929999999702 ], [ -73.406083055999943, 4.274815278000062, 347.364600000000792 ], [ -73.406058055999949, 4.274711389000061, 347.087899999998626 ], [ -73.406039721999946, 4.274605833000066, 347.253700000001118 ], [ -73.406023055999981, 4.274501111000063, 347.5818 ], [ -73.406007777999946, 4.274394444000052, 347.813999999998487 ], [ -73.405995555999937, 4.274288611000031, 347.72280000000319 ], [ -73.405983610999954, 4.274178889000041, 347.633700000005774 ], [ -73.405970832999969, 4.274069444000077, 347.362200000003213 ], [ -73.405957777999959, 4.27396, 347.029800000003888 ], [ -73.405944443999942, 4.273853333000034, 346.829100000002654 ], [ -73.405930277999971, 4.273747778000029, 346.881899999993038 ], [ -73.405917499999987, 4.273648889000071, 346.92949999999837 ], [ -73.405906110999979, 4.273543611000036, 346.820000000006985 ], [ -73.405896388999963, 4.273434167000062, 346.443899999998393 ], [ -73.405884721999939, 4.273328611000068, 346.053799999994226 ], [ -73.405871388999969, 4.273219167000036, 346.316500000000815 ], [ -73.405857499999968, 4.273113056000057, 346.629400000005262 ], [ -73.405843610999966, 4.273006389000045, 347.039999999993597 ], [ -73.405831388999957, 4.272899722000034, 347.67609999999695 ], [ -73.405818888999988, 4.272793056000069, 348.274199999999837 ], [ -73.405816198999958, 4.272770008000066, 348.385599999994156 ], [ -73.405806666999979, 4.272688333000076, 348.314499999993131 ], [ -73.405794166999954, 4.272582500000055, 348.221300000004703 ], [ -73.405781388999969, 4.272472778000065, 348.112999999997555 ], [ -73.405768332999969, 4.272363056000074, 348.014100000000326 ], [ -73.405755555999974, 4.272253333000037, 347.994200000001001 ], [ -73.40575, 4.272205833000044, 347.951700000005076 ], [ -73.405742777999933, 4.272145278000039, 347.819600000002538 ], [ -73.40573, 4.272039167000059, 347.55899999999383 ], [ -73.405716388999963, 4.271929444000023, 347.286699999996927 ], [ -73.405703055999936, 4.271823056000073, 347.135999999998603 ], [ -73.40568861099996, 4.271713611000052, 347.021399999997811 ], [ -73.405675555999949, 4.271606667000071, 347.0 ], [ -73.405662777999964, 4.271498333000068, 347.0 ], [ -73.405651388999956, 4.271393056000022, 347.0 ], [ -73.405638888999988, 4.271283333000042, 347.0 ], [ -73.405626110999947, 4.271178056000053, 347.0 ], [ -73.405613610999978, 4.271073333000061, 347.245200000004843 ], [ -73.405601666999985, 4.270967778000056, 347.581000000005588 ], [ -73.405588888999944, 4.270861667000077, 347.935299999997369 ], [ -73.405576666999934, 4.270758056000034, 348.731899999998859 ], [ -73.405563610999934, 4.27065250000004, 349.578699999998207 ], [ -73.405551388999982, 4.270557500000052, 350.210699999995995 ], [ -73.40555, 4.270546944000046, 350.262100000007194 ], [ -73.405535555999961, 4.270444722000036, 350.782900000005611 ], [ -73.405527499999948, 4.270386389000066, 351.09759999999369 ], [ -73.40552166699996, 4.270338333000041, 351.3637000000017 ], [ -73.405511110999953, 4.270231667000076, 351.444399999993038 ], [ -73.405503332999956, 4.270156667000037, 351.473400000002584 ], [ -73.405500832999962, 4.270133889000022, 351.482799999997951 ], [ -73.405488055999967, 4.270027778000042, 351.415099999998347 ], [ -73.405475277999983, 4.269921944000032, 351.072599999999511 ], [ -73.405462499999942, 4.269814722000035, 350.725000000005821 ], [ -73.405449721999958, 4.269708611000055, 350.185100000002421 ], [ -73.405437221999989, 4.269602500000076, 349.545499999992899 ], [ -73.405423888999962, 4.269495278000022, 349.0 ], [ -73.405411943999979, 4.269398333000026, 349.0 ], [ -73.405401388999962, 4.26931055600005, 349.0 ], [ -73.405388610999978, 4.269200556000044, 349.148100000005797 ], [ -73.405376388999969, 4.269093611000073, 349.528699999995297 ], [ -73.405363610999984, 4.268983611000067, 349.958499999993364 ], [ -73.405350832999943, 4.268877500000031, 349.958100000003469 ], [ -73.405337777999989, 4.268768056000056, 349.909400000004098 ], [ -73.405324721999989, 4.26866166700006, 349.860799999994924 ], [ -73.405311110999946, 4.268555278000065, 349.810100000002421 ], [ -73.405296943999986, 4.26844722200002, 349.757299999997485 ], [ -73.405294443999935, 4.268428611000047, 349.750400000004447 ], [ -73.405283888999975, 4.26833472200002, 349.812300000005052 ], [ -73.405272221999951, 4.268228889000056, 349.914900000003399 ], [ -73.405259721999983, 4.268119444000035, 350.149199999999837 ], [ -73.405247777999989, 4.268013056000029, 350.541299999997136 ], [ -73.40523555599998, 4.267910556000061, 350.919099999999162 ], [ -73.405222499999979, 4.267804167000065, 350.850699999995413 ], [ -73.405208332999962, 4.267694444000028, 350.694399999993038 ], [ -73.405194721999976, 4.267584722000038, 350.623800000001211 ], [ -73.405181666999965, 4.267475, 350.672399999995832 ], [ -73.40516805599998, 4.267365278000057, 350.723199999993085 ], [ -73.405155555999954, 4.267258889000061, 350.522599999996601 ], [ -73.405143888999987, 4.267152778000025, 350.23399999999674 ], [ -73.405131943999947, 4.267045833000054, 349.893599999995786 ], [ -73.405119721999938, 4.26694027800005, 349.50449999999546 ], [ -73.405107499999986, 4.266833333000022, 349.110300000000279 ], [ -73.405094166999959, 4.266727500000059, 348.720199999996112 ], [ -73.405082221999976, 4.266636667000057, 348.385500000003958 ], [ -73.405068332999974, 4.266528056000027, 348.029699999999139 ], [ -73.40505666699994, 4.266422500000033, 348.80789999999979 ], [ -73.405044166999971, 4.266316111000037, 349.592199999999139 ], [ -73.405031110999971, 4.266209167000056, 350.190300000002026 ], [ -73.405018332999987, 4.266104444000064, 350.576300000000629 ], [ -73.405016110999952, 4.266086389000066, 350.642800000001444 ], [ -73.405003332999968, 4.265978056000051, 350.95789999999397 ], [ -73.404990555999973, 4.265871944000025, 350.566800000000512 ], [ -73.404978055999948, 4.265766389000021, 350.177700000000186 ], [ -73.404965555999979, 4.265660278000041, 350.0 ], [ -73.404952777999938, 4.265553889000046, 350.0 ], [ -73.40494027799997, 4.265446667000049, 350.002200000002631 ], [ -73.404925, 4.265339167000036, 351.19090000000142 ], [ -73.404906666999977, 4.265234722000059, 352.345799999995506 ], [ -73.404887777999988, 4.265131389000032, 353.162800000005518 ], [ -73.404868055999941, 4.265025, 353.554900000002817 ], [ -73.404848332999961, 4.264918056000056, 353.949099999997998 ], [ -73.404828055999985, 4.264812778000021, 354.674100000003818 ], [ -73.404808332999949, 4.264706389000025, 355.538400000004913 ], [ -73.40478944399996, 4.264602222000065, 356.246299999998882 ], [ -73.404768055999966, 4.264494167000066, 356.724000000001979 ], [ -73.404747221999969, 4.264389722000033, 357.18640000000596 ], [ -73.404727499999979, 4.264285278000045, 356.698699999993551 ], [ -73.404708055999947, 4.264179167000066, 355.7981 ], [ -73.404688332999967, 4.264073611000072, 354.75449999999546 ], [ -73.404668055999934, 4.263968611000053, 353.206500000000233 ], [ -73.404648332999955, 4.263862778000032, 351.646200000002864 ], [ -73.404628610999964, 4.26375777800007, 350.549100000003818 ], [ -73.404609443999959, 4.263656944000047, 349.805900000006659 ], [ -73.40459, 4.263558056000022, 349.0769 ], [ -73.404570277999937, 4.263451667000027, 349.0 ], [ -73.404553610999983, 4.263359444000059, 348.996199999994133 ], [ -73.404534166999952, 4.263255, 348.845700000005309 ], [ -73.404515555999978, 4.263155556000072, 348.470900000000256 ], [ -73.404496110999958, 4.263050833000023, 348.131200000003446 ], [ -73.404476388999967, 4.262944722000043, 347.711899999994785 ], [ -73.404457499999978, 4.262839722000024, 347.167199999996228 ], [ -73.404438888999948, 4.262730833000035, 346.569399999993038 ], [ -73.404419166999958, 4.262621944000045, 346.69199999999546 ], [ -73.404398888999935, 4.262514444000033, 346.74989999999525 ], [ -73.404376388999935, 4.262406111000075, 347.561199999996461 ], [ -73.404362499999934, 4.262337778000074, 348.59780000000319 ], [ -73.404342499999984, 4.26223333300004, 350.2841000000044 ], [ -73.404321943999946, 4.262124722000067, 351.212899999998626 ], [ -73.404306666999958, 4.26204, 351.516499999997905 ], [ -73.404302499999972, 4.262016111000037, 351.608200000002398 ], [ -73.404283610999983, 4.261910833000059, 352.008300000001327 ], [ -73.40426333299996, 4.261805, 351.807100000005448 ], [ -73.404243332999954, 4.261700278000035, 351.549700000003213 ], [ -73.404222777999962, 4.261596389000033, 351.050700000007055 ], [ -73.404203055999972, 4.261498889000052, 350.351999999998952 ], [ -73.404182777999949, 4.261390278000022, 349.505099999994854 ], [ -73.404163332999985, 4.261285556000075, 348.968299999993178 ], [ -73.404143055999953, 4.261176944000056, 348.403300000005402 ], [ -73.404123332999973, 4.261070833000076, 348.0 ], [ -73.404104443999984, 4.260967222000033, 348.0 ], [ -73.404085555999984, 4.260863889000063, 348.0 ], [ -73.404071943999952, 4.260789444000068, 347.867299999998068 ], [ -73.404052499999977, 4.260683333000031, 347.513900000005378 ], [ -73.404032777999987, 4.26058, 347.112699999997858 ], [ -73.404011110999988, 4.260471667000047, 346.982199999998556 ], [ -73.403991388999941, 4.260366111000053, 346.972500000003492 ], [ -73.403972777999968, 4.260263056000042, 347.10580000000482 ], [ -73.403951943999971, 4.260154444000023, 347.506099999998696 ], [ -73.403932777999955, 4.260047222000026, 347.901299999997718 ], [ -73.403914166999982, 4.259943333000024, 348.852599999998347 ], [ -73.4039, 4.259864444000073, 349.724799999996321 ], [ -73.403885555999977, 4.259786389000055, 350.587899999998626 ], [ -73.403864443999964, 4.259678333000068, 351.782699999996112 ], [ -73.403843888999972, 4.259570278000069, 352.977400000003399 ], [ -73.403823055999965, 4.259461944000066, 354.074399999997695 ], [ -73.403816666999944, 4.259427222000056, 354.232999999992899 ], [ -73.403797499999939, 4.259325833000048, 354.66030000000319 ], [ -73.40377861099995, 4.259222222000062, 355.044299999994109 ], [ -73.403759443999945, 4.259119167000051, 355.025399999998626 ], [ -73.403740277999987, 4.259015556000065, 354.956099999995786 ], [ -73.40372027799998, 4.258910833000073, 354.901500000007218 ], [ -73.4037, 4.258802500000058, 354.906199999997625 ], [ -73.403680555999983, 4.258698056000071, 354.967699999993783 ], [ -73.403661388999978, 4.258594167000069, 355.0 ], [ -73.403643055999964, 4.25848916700005, 355.0 ], [ -73.403623888999959, 4.258383889000072, 354.951300000000629 ], [ -73.403603610999937, 4.258278611000037, 354.387900000001537 ], [ -73.403579721999961, 4.258175278000067, 353.903699999995297 ], [ -73.403575832999934, 4.258157500000038, 353.826499999995576 ], [ -73.403556943999945, 4.258062778000067, 353.56140000000596 ], [ -73.403539443999989, 4.257961111000043, 353.320000000006985 ], [ -73.403519443999983, 4.257854444000031, 353.0144 ], [ -73.403500277999967, 4.257751111000061, 353.026899999997113 ], [ -73.403480832999946, 4.257646389000058, 353.001199999998789 ], [ -73.403462221999973, 4.257545278000066, 352.991699999998673 ], [ -73.403443332999984, 4.257443611000042, 352.931500000006054 ], [ -73.403424443999938, 4.25733972200004, 352.816900000005262 ], [ -73.40340527799998, 4.257238056000062, 352.791899999996531 ], [ -73.403385277999973, 4.257129722000059, 352.877699999997276 ], [ -73.403365555999983, 4.25702166700006, 353.0 ], [ -73.403345555999977, 4.256913333000057, 353.0 ], [ -73.403329166999981, 4.256824167000048, 353.0 ], [ -73.403307499999983, 4.256719167000028, 352.892399999996996 ], [ -73.403289443999938, 4.256630278000046, 352.648600000000442 ], [ -73.403273610999975, 4.256550556000036, 352.393599999995786 ], [ -73.403253055999983, 4.256444167000041, 351.945900000006077 ], [ -73.403232221999986, 4.256338611000047, 351.463300000003073 ], [ -73.403229166999949, 4.256323333000068, 351.398400000005495 ], [ -73.403211666999937, 4.256234444000029, 351.046199999997043 ], [ -73.403194721999967, 4.256146667000053, 351.0 ], [ -73.403191666999987, 4.256128889000024, 351.0 ], [ -73.403173055999957, 4.256025556000054, 351.0 ], [ -73.403152777999935, 4.255917222000051, 351.0 ], [ -73.403133055999945, 4.255812500000047, 351.0 ], [ -73.403113610999981, 4.255707500000028, 351.0 ], [ -73.403093888999933, 4.25560222200005, 350.840100000001257 ], [ -73.403074166999943, 4.255495556000028, 350.668399999995017 ], [ -73.403054166999937, 4.255389444000059, 350.612999999997555 ], [ -73.403033610999955, 4.255283889000054, 350.81600000000617 ], [ -73.403013610999949, 4.255178611000076, 350.959099999992759 ], [ -73.403005, 4.255134167000051, 350.9951 ], [ -73.402993332999984, 4.255072778000056, 350.853700000006938 ], [ -73.402974645999961, 4.254978837000067, 350.557700000004843 ], [ -73.402972777999935, 4.254969444000039, 350.5228000000061 ], [ -73.402951943999938, 4.254864167000051, 350.070800000001327 ], [ -73.402932221999947, 4.254756111000063, 349.984700000000885 ], [ -73.402912777999973, 4.25465, 349.912500000005821 ], [ -73.402893055999982, 4.254544722000048, 349.849799999996321 ], [ -73.402874721999979, 4.254441111000062, 349.890100000004168 ], [ -73.402854721999972, 4.254332222000073, 349.988500000006752 ], [ -73.402850832999945, 4.254311944000051, 350.052999999999884 ], [ -73.402835, 4.254228889000046, 350.483699999997043 ], [ -73.40281472199996, 4.254123333000052, 351.083599999998114 ], [ -73.402794166999968, 4.254018333000033, 351.60580000000482 ], [ -73.402774166999961, 4.253914722000047, 351.814100000003236 ], [ -73.402755, 4.25381, 351.966499999994994 ], [ -73.402735832999952, 4.25370444400005, 352.278600000005099 ], [ -73.402715832999945, 4.253598056000044, 352.670700000002398 ], [ -73.402695832999939, 4.253491944000075, 353.005099999994854 ], [ -73.402675277999947, 4.253386667000029, 353.002999999996973 ], [ -73.402654721999966, 4.253281667000067, 352.98859999999695 ], [ -73.402636943999937, 4.253185, 353.026199999992969 ], [ -73.402618055999937, 4.253084444000024, 353.116099999999278 ], [ -73.402598055999988, 4.252977222000027, 353.268800000005285 ], [ -73.402578888999983, 4.252871667000022, 353.351599999994505 ], [ -73.402560277999953, 4.252770833000056, 353.420800000007148 ], [ -73.402546110999936, 4.252696667000066, 353.473499999992782 ], [ -73.402525277999985, 4.25259055600003, 353.166899999996531 ], [ -73.402504721999946, 4.252483889000075, 352.850200000000768 ], [ -73.402485277999972, 4.252377778000039, 352.699600000007194 ], [ -73.402465832999951, 4.252271944000029, 352.771900000007008 ], [ -73.402446943999962, 4.252165833000049, 352.842199999999139 ], [ -73.402428332999989, 4.25206, 353.560200000007171 ], [ -73.402409721999959, 4.25195472200005, 354.42149999999674 ], [ -73.402391110999986, 4.251849722000031, 355.152900000000955 ], [ -73.402372499999956, 4.251743611000052, 355.504199999995762 ], [ -73.402357221999978, 4.251654167000027, 355.717300000003888 ], [ -73.402353888999983, 4.251636389000055, 355.74989999999525 ], [ -73.402335277999953, 4.251537222000024, 355.476299999994808 ], [ -73.402314443999956, 4.251435833000073, 355.025200000003679 ], [ -73.40229138899997, 4.25132833300006, 354.54330000000482 ], [ -73.40226611099996, 4.251223056000072, 354.06140000000596 ], [ -73.402238888999989, 4.251116667000076, 353.568199999994249 ], [ -73.402212777999978, 4.251013611000076, 353.091499999994994 ], [ -73.402186388999951, 4.250909722000074, 352.6106 ], [ -73.402159721999965, 4.250805556000046, 352.127699999997276 ], [ -73.402135555999962, 4.250708889000066, 352.000700000004144 ], [ -73.402109166999935, 4.250605, 351.931700000001001 ], [ -73.402085555999975, 4.250512778000029, 351.815100000007078 ], [ -73.402059443999974, 4.250408889000028, 351.71809999999823 ], [ -73.402034166999954, 4.250305556000058, 351.624200000005658 ], [ -73.402008888999944, 4.250202500000057, 351.617400000002817 ], [ -73.401982221999958, 4.250095833000046, 351.760299999994459 ], [ -73.401956666999979, 4.24999222200006, 351.973700000002282 ], [ -73.401932221999971, 4.249890278000066, 352.0 ], [ -73.401909443999955, 4.249795, 352.0 ], [ -73.401884166999935, 4.249691111000061, 352.0 ], [ -73.40185833299995, 4.249586944000043, 352.0 ], [ -73.401831666999954, 4.249483333000057, 352.0 ], [ -73.401805555999942, 4.249379722000072, 351.831300000005285 ], [ -73.401780277999933, 4.249275556000043, 351.590100000001257 ], [ -73.401754721999964, 4.249171667000041, 351.42269999999553 ], [ -73.401728332999937, 4.249068611000041, 351.325200000006589 ], [ -73.401701666999941, 4.248965833000057, 351.15690000000177 ], [ -73.401675277999971, 4.248858889000076, 350.862800000002608 ], [ -73.401648332999969, 4.248751944000048, 350.468699999997625 ], [ -73.401622499999974, 4.248648889000037, 350.088900000002468 ], [ -73.401596388999963, 4.24854166700004, 350.0 ], [ -73.401570277999951, 4.248438056000055, 350.0 ], [ -73.401544721999983, 4.248335833000056, 350.052299999995739 ], [ -73.401519443999973, 4.248230833000036, 350.322000000000116 ], [ -73.401493332999962, 4.248127500000066, 350.512700000006589 ], [ -73.401467777999983, 4.248023889000024, 350.735300000000279 ], [ -73.401448055999936, 4.247943611000039, 350.957999999998719 ], [ -73.401442221999957, 4.247919444000047, 351.025399999998626 ], [ -73.401417777999939, 4.247817222000037, 351.311300000001211 ], [ -73.401392499999986, 4.247714444000053, 351.951199999995879 ], [ -73.401365832999943, 4.24761, 352.622000000003027 ], [ -73.401338610999971, 4.247503333000054, 353.31260000000475 ], [ -73.401312777999976, 4.247399167000026, 353.895799999998417 ], [ -73.401287777999983, 4.247294167000064, 354.378899999996065 ], [ -73.401263888999949, 4.247191944000065, 354.142800000001444 ], [ -73.401242777999983, 4.247086944000046, 353.808199999999488 ], [ -73.401222221999944, 4.24698, 353.509300000005169 ], [ -73.401210832999936, 4.246918889000028, 353.116800000003423 ], [ -73.40120277799997, 4.246875, 352.846900000004098 ], [ -73.401182499999948, 4.246766389000072, 352.220499999995809 ], [ -73.401162221999982, 4.246658056000058, 351.503299999996671 ], [ -73.401143888999968, 4.246552222000048, 350.723100000002887 ], [ -73.401126666999971, 4.246454722000067, 350.004400000005262 ], [ -73.401107499999966, 4.24634861100003, 349.681899999995949 ], [ -73.401088610999977, 4.246243333000052, 349.309999999997672 ], [ -73.401070277999963, 4.246137778000048, 349.209600000001956 ], [ -73.401050277999957, 4.246029444000044, 349.534499999994296 ], [ -73.40103305599996, 4.245930556000076, 349.835000000006403 ], [ -73.401029721999976, 4.245912500000031, 349.889100000000326 ], [ -73.401010277999944, 4.245809167000061, 350.265299999999115 ], [ -73.400989721999963, 4.245700833000058, 350.719200000006822 ], [ -73.40097, 4.245595833000039, 351.163400000004913 ], [ -73.400949443999934, 4.245487222000065, 351.563699999998789 ], [ -73.400929443999985, 4.245381111000029, 351.954800000006799 ], [ -73.40092, 4.245329444000049, 352.145199999999022 ], [ -73.400909166999952, 4.24527305600003, 352.353000000002794 ], [ -73.400888610999971, 4.245164722000027, 352.752299999992829 ], [ -73.400868332999949, 4.245056389000069, 353.044399999998859 ], [ -73.400848332999942, 4.244951667000066, 353.117400000002817 ], [ -73.400827499999934, 4.244843056000036, 353.132299999997485 ], [ -73.400806388999968, 4.244734722000032, 353.0625 ], [ -73.400786110999945, 4.244626389000075, 352.990499999999884 ], [ -73.400766666999971, 4.244520278000039, 352.787299999996321 ], [ -73.400747777999982, 4.244415278000076, 352.330100000006496 ], [ -73.400728610999977, 4.244309722000025, 351.869800000000396 ], [ -73.400709443999972, 4.244206389000055, 351.702099999994971 ], [ -73.400689721999981, 4.24410111100002, 351.628700000001118 ], [ -73.40067, 4.243995278000057, 351.520699999993667 ], [ -73.400650832999986, 4.243892222000056, 351.270000000004075 ], [ -73.400632221999956, 4.243790278000063, 351.075500000006286 ], [ -73.400613055999941, 4.243681944000059, 351.217300000003888 ], [ -73.400594166999952, 4.24357694400004, 351.604300000006333 ], [ -73.400583577999953, 4.243519314000025, 351.816699999995762 ], [ -73.400574721999988, 4.243471111000076, 351.994399999995949 ], [ -73.400552221999988, 4.243367222000074, 352.0 ], [ -73.400525277999975, 4.24326277800003, 352.0 ], [ -73.400499443999934, 4.243160833000047, 352.0 ], [ -73.400472221999962, 4.243053889000066, 352.0 ], [ -73.400445832999935, 4.242950556000039, 352.0 ], [ -73.400418610999964, 4.242843611000069, 351.883700000005774 ], [ -73.400392221999937, 4.242740833000028, 351.6731 ], [ -73.400365832999967, 4.242638056000033, 351.425399999992806 ], [ -73.400339721999956, 4.242534444000057, 351.32839999999851 ], [ -73.400312777999943, 4.242427778000035, 351.228400000007241 ], [ -73.400286110999957, 4.242324444000076, 350.908899999994901 ], [ -73.400258332999954, 4.242217778000054, 350.412700000000768 ], [ -73.400231666999957, 4.242114722000053, 350.006200000003446 ], [ -73.400204721999955, 4.242010278000066, 349.621799999993527 ], [ -73.400178055999959, 4.241907222000066, 349.24199999999837 ], [ -73.400150555999971, 4.241800278000028, 349.0 ], [ -73.400123055999984, 4.241696667000042, 349.0 ], [ -73.400095832999966, 4.24159277800004, 349.0 ], [ -73.400069721999955, 4.24148972200004, 348.503299999996671 ], [ -73.400042499999984, 4.241383056000075, 347.775399999998626 ], [ -73.400016666999989, 4.241281111000035, 347.128800000005867 ], [ -73.39999, 4.24117555600003, 347.029800000003888 ], [ -73.399963055999933, 4.241070278000052, 347.0 ], [ -73.399936943999933, 4.240966944000036, 347.186000000001513 ], [ -73.399911110999938, 4.240865, 347.441399999996065 ], [ -73.399885, 4.240761667000072, 347.626999999993131 ], [ -73.399858332999941, 4.240657222000038, 347.738100000002305 ], [ -73.399831666999944, 4.240552222000076, 347.774000000004889 ], [ -73.399805277999974, 4.240449167000065, 347.864499999996042 ], [ -73.399779166999963, 4.240345833000049, 348.132599999997183 ], [ -73.399753055999952, 4.240241389000062, 348.331600000004983 ], [ -73.399727221999967, 4.240134444000034, 348.45329999999376 ], [ -73.399701943999958, 4.240030556000022, 348.674400000003516 ], [ -73.399676110999962, 4.239925, 349.063399999999092 ], [ -73.399650277999967, 4.239821111000026, 349.446299999995972 ], [ -73.399624166999956, 4.239716944000065, 349.830199999996694 ], [ -73.399598610999988, 4.239613889000054, 350.0 ], [ -73.399575277999986, 4.239516667000032, 350.0 ], [ -73.39955, 4.239413056000046, 350.0 ], [ -73.399523888999965, 4.23930861100007, 350.335099999996601 ], [ -73.39949833299994, 4.239204167000025, 350.720000000001164 ], [ -73.399485555999945, 4.239098056000046, 351.017399999996996 ], [ -73.39948888899994, 4.238991389000034, 351.084799999996903 ], [ -73.399497777999954, 4.238885278000055, 351.179799999998068 ], [ -73.399507777999986, 4.238776389000066, 351.463900000002468 ], [ -73.399517499999945, 4.238669444000038, 351.775500000003376 ], [ -73.399526388999959, 4.238563611000075, 352.024900000003981 ], [ -73.399534721999942, 4.238456389000021, 352.16019999999844 ], [ -73.399542499999939, 4.238350556000057, 352.31600000000617 ], [ -73.399547777999942, 4.238280278000047, 352.209600000001956 ], [ -73.399555832999965, 4.238173889000052, 351.681100000001607 ], [ -73.399563610999962, 4.238065833000064, 351.12050000000454 ], [ -73.399571666999975, 4.237959722000028, 350.529699999999139 ], [ -73.39958, 4.237853889000064, 349.954500000007101 ], [ -73.399588610999956, 4.237747222000053, 349.302700000000186 ], [ -73.399597221999954, 4.237641667000048, 348.333299999998417 ], [ -73.399603332999959, 4.23756944400003, 347.656099999992875 ], [ -73.399611943999957, 4.237463056000024, 346.689899999997579 ], [ -73.39962, 4.237361944000043, 345.825800000005984 ], [ -73.399625555999933, 4.237287778000052, 345.165999999997439 ], [ -73.399631943999964, 4.237204444000042, 344.495899999994435 ], [ -73.399633888999972, 4.237179722000064, 344.363800000006449 ], [ -73.399641943999939, 4.237075556000036, 343.822000000000116 ], [ -73.399648888999934, 4.236991667000041, 343.400099999998929 ], [ -73.399655555999971, 4.236910833000024, 343.085999999995693 ], [ -73.399661666999975, 4.236834722000026, 342.835000000006403 ], [ -73.39966888899994, 4.236743333000049, 342.517900000006193 ], [ -73.39967722199998, 4.236650556000029, 341.997799999997369 ], [ -73.399678055999971, 4.23664, 341.908899999994901 ], [ -73.39967939099995, 4.236625758000059, 341.787899999995716 ], [ -73.399687221999955, 4.236542222000026, 341.088499999998021 ], [ -73.399696666999944, 4.236436944000047, 340.233900000006543 ], [ -73.399706110999944, 4.236328889000049, 339.396999999997206 ], [ -73.399713888999941, 4.236225833000049, 338.608699999997043 ], [ -73.399722499999939, 4.236118889000068, 338.093900000007125 ], [ -73.399731666999969, 4.236013056000047, 338.48410000000149 ], [ -73.399740832999953, 4.235903333000067, 338.888600000005681 ], [ -73.399749721999967, 4.235795278000069, 339.5737999999983 ], [ -73.399758610999982, 4.235685556000021, 340.382800000006682 ], [ -73.39976722199998, 4.23558, 341.211500000004889 ], [ -73.399775277999936, 4.235472222000055, 342.226500000004307 ], [ -73.399783055999933, 4.23536583300006, 343.183499999999185 ], [ -73.399791110999956, 4.235255833000053, 343.250799999994342 ], [ -73.399799443999939, 4.235149444000058, 342.925700000007055 ], [ -73.399808055999983, 4.235044167000069, 342.663300000000163 ], [ -73.399816666999982, 4.234938056000033, 342.631800000002841 ], [ -73.39982527799998, 4.234828056000026, 342.600300000005518 ], [ -73.399826666999957, 4.234812222000073, 342.595199999996112 ], [ -73.399828610999975, 4.23478805600007, 342.588000000003376 ], [ -73.399836388999972, 4.234701111000049, 342.059599999993225 ], [ -73.399846388999947, 4.234591111000043, 341.41710000000603 ], [ -73.399856388999979, 4.23448361100003, 340.755199999999604 ], [ -73.399867221999955, 4.234376944000076, 339.968699999997625 ], [ -73.399877221999986, 4.234278056000051, 339.239600000000792 ], [ -73.399884443999952, 4.234195, 338.81359999999404 ], [ -73.39989277799998, 4.234094722000066, 338.443899999998393 ], [ -73.399902777999955, 4.233987500000069, 338.048599999994622 ], [ -73.399911666999969, 4.233881111000073, 338.246100000003935 ], [ -73.399920555999984, 4.233781111000042, 338.533400000000256 ], [ -73.399929443999952, 4.233675, 339.114300000001094 ], [ -73.399937221999949, 4.233569444000068, 340.381200000003446 ], [ -73.399945277999961, 4.233464444000049, 341.619500000000698 ], [ -73.399953332999985, 4.233362500000055, 342.477400000003399 ], [ -73.399961943999983, 4.233256944000061, 343.225000000005821 ], [ -73.39996972199998, 4.23315, 343.967699999993783 ], [ -73.39997638899996, 4.23304138900005, 344.392399999996996 ], [ -73.399973332999934, 4.232933889000037, 344.777000000001863 ], [ -73.399951943999952, 4.232828611000059, 345.501699999993434 ], [ -73.399921666999944, 4.232724167000072, 346.422600000005332 ], [ -73.399890555999946, 4.232618333000062, 347.264299999995274 ], [ -73.399860832999934, 4.232516111000052, 347.04769999999553 ], [ -73.399830832999953, 4.232413333000068, 346.82499999999709 ], [ -73.399801943999989, 4.232312500000035, 346.9487999999983 ], [ -73.399772221999967, 4.232208333000074, 347.818799999993644 ], [ -73.399742499999945, 4.232107500000041, 348.737800000002608 ], [ -73.399711110999988, 4.232001944000046, 349.452999999994063 ], [ -73.399679443999958, 4.231896667000058, 349.966100000005099 ], [ -73.39965, 4.231795556000066, 350.459799999996903 ], [ -73.399621110999988, 4.231694444000027, 350.012400000006892 ], [ -73.399592777999942, 4.231593333000035, 349.647400000001653 ], [ -73.399564166999937, 4.231490833000066, 349.115300000004936 ], [ -73.399535277999973, 4.231389444000058, 348.260800000003655 ], [ -73.399505, 4.231283611000038, 347.368300000001909 ], [ -73.399473610999962, 4.231177778000074, 345.857000000003609 ], [ -73.399443610999981, 4.231075833000034, 344.185299999997369 ], [ -73.399411943999951, 4.23097, 342.426600000006147 ], [ -73.399382221999986, 4.230868611000062, 341.348400000002584 ], [ -73.399354166999956, 4.230768889000046, 340.300900000002002 ], [ -73.399325832999978, 4.230664722000029, 339.30909999999858 ], [ -73.399298332999933, 4.230564722000054, 338.493900000001304 ], [ -73.39926944399997, 4.230459167000049, 337.716000000000349 ], [ -73.399261943999988, 4.230431944000031, 337.545499999992899 ], [ -73.399233055999957, 4.23033, 336.955300000001444 ], [ -73.399203888999978, 4.230226944000037, 336.358900000006543 ], [ -73.39917388899994, 4.230120833000058, 335.979200000001583 ], [ -73.399144443999944, 4.230016944000056, 335.943899999998393 ], [ -73.399113888999977, 4.229912500000069, 335.992599999997765 ], [ -73.39908361099998, 4.229809167000042, 336.0 ], [ -73.399053610999943, 4.229706667000073, 336.0 ], [ -73.399024166999936, 4.229605556000024, 336.0 ], [ -73.39899361099998, 4.229504167000073, 336.0 ], [ -73.398962777999941, 4.229401667000047, 336.0 ], [ -73.398933332999945, 4.229301667000072, 336.0 ], [ -73.398902499999963, 4.229197222000039, 336.0 ], [ -73.39887166699998, 4.229093056000067, 336.0 ], [ -73.398840832999952, 4.228987500000073, 336.0 ], [ -73.39881, 4.228884444000073, 336.0 ], [ -73.398797221999985, 4.228841944000067, 336.0 ], [ -73.398779166999987, 4.228781111000046, 336.071200000005774 ], [ -73.398748055999988, 4.228678333000062, 336.203999999997905 ], [ -73.39871805599995, 4.228579167000021, 336.249200000005658 ], [ -73.39868888899997, 4.228482500000041, 336.570900000006077 ], [ -73.398658332999958, 4.228379444000041, 337.225800000000163 ], [ -73.398627777999934, 4.228277500000047, 337.938699999998789 ], [ -73.398620755999957, 4.228253753000047, 337.843999999997322 ], [ -73.398597221999978, 4.22817416700002, 337.519499999994878 ], [ -73.398596943999962, 4.22817305600006, 337.515499999994063 ], [ -73.398566943999981, 4.228072222000037, 337.178599999999278 ], [ -73.398536943999943, 4.227970278000043, 336.94999999999709 ], [ -73.398506388999976, 4.227868889000035, 336.747300000002724 ], [ -73.398474721999946, 4.227765833000035, 336.452399999994668 ], [ -73.39844416699998, 4.227662500000065, 336.913000000000466 ], [ -73.398414443999968, 4.227558611000063, 337.890499999994063 ], [ -73.398383888999945, 4.227456389000054, 339.024000000004889 ], [ -73.398365277999972, 4.227398056000027, 339.757500000006985 ], [ -73.398365, 4.22739694400002, 339.771999999997206 ], [ -73.398364166999954, 4.227394444000026, 339.805800000001909 ], [ -73.39835138899997, 4.22735472200003, 340.362599999993108 ], [ -73.398329166999986, 4.227281667000057, 341.481400000004214 ], [ -73.398304166999935, 4.227191667000056, 343.007599999997183 ], [ -73.398299721999933, 4.227175, 343.318700000003446 ], [ -73.398280555999975, 4.22710416700005, 344.647599999996601 ], [ -73.398273055999937, 4.227076389000047, 345.168399999995017 ], [ -73.398245, 4.226976111000056, 347.063299999994342 ], [ -73.398215277999952, 4.226876111000024, 348.657900000005611 ], [ -73.398184721999939, 4.226772778000054, 349.873200000001816 ], [ -73.398154166999973, 4.226668333000021, 351.096699999994598 ], [ -73.39812361099996, 4.226565556000025, 351.767200000002049 ], [ -73.398121110999966, 4.226556667000068, 351.802299999995739 ], [ -73.398093055999936, 4.226463611000042, 351.986300000004121 ], [ -73.398062221999965, 4.226361944000075, 351.601299999994808 ], [ -73.398051110999972, 4.226323611000055, 350.906099999992875 ], [ -73.398032499999943, 4.226259167000023, 349.6591000000044 ], [ -73.398003610999979, 4.226155556000037, 347.460999999995693 ], [ -73.397973888999957, 4.226051944000062, 344.98750000000291 ], [ -73.397942499999942, 4.225949167000067, 342.498000000006869 ], [ -73.397911110999985, 4.225845833000051, 340.085900000005495 ], [ -73.397880832999988, 4.225743889000057, 339.523000000001048 ], [ -73.397851388999982, 4.225643056000024, 339.195099999997183 ], [ -73.397820555999942, 4.225537222000071, 339.189199999993434 ], [ -73.397790555999961, 4.22543527800002, 339.940600000001723 ], [ -73.397761110999966, 4.225334167000028, 340.685899999996764 ], [ -73.397730832999969, 4.225230833000069, 341.138200000001234 ], [ -73.397700832999988, 4.225127500000042, 341.305999999996857 ], [ -73.397671388999981, 4.225025, 341.389899999994668 ], [ -73.397641388999944, 4.224921389000031, 340.921400000006543 ], [ -73.397611388999962, 4.224817778000045, 340.428100000004633 ], [ -73.39758083299995, 4.224714444000028, 340.298999999999069 ], [ -73.397564443999954, 4.224659167000027, 340.661200000002282 ], [ -73.397550277999983, 4.224610833000042, 341.069099999993341 ], [ -73.39752, 4.224508611000033, 341.808600000003935 ], [ -73.397489166999947, 4.224406111000064, 342.599799999996321 ], [ -73.397458332999975, 4.224302500000022, 343.543999999994412 ], [ -73.397428332999937, 4.2242, 344.528000000005704 ], [ -73.397398055999986, 4.224098333000029, 345.015100000004168 ], [ -73.397367221999957, 4.223996389000035, 345.505199999999604 ], [ -73.397336666999934, 4.223894167000026, 346.248699999996461 ], [ -73.397306388999937, 4.223790833000066, 347.505099999994854 ], [ -73.397276388999956, 4.223688611000057, 348.873399999996764 ], [ -73.397247221999976, 4.223586944000033, 349.586999999999534 ], [ -73.397218610999971, 4.223486389000072, 350.034899999998743 ], [ -73.397187777999989, 4.223381111000037, 350.341499999994994 ], [ -73.397157221999976, 4.22327944400007, 349.883900000000722 ], [ -73.397126666999952, 4.223176111000043, 349.331399999995483 ], [ -73.397096110999939, 4.223072778000073, 348.692500000004657 ], [ -73.397065555999973, 4.222969444000057, 347.967199999999139 ], [ -73.397035, 4.222865556000045, 347.151500000007218 ], [ -73.397004721999963, 4.22276277800006, 346.206000000005588 ], [ -73.396974721999982, 4.222659167000074, 345.219599999996717 ], [ -73.396952221999982, 4.222581389000027, 344.479300000006333 ], [ -73.39693, 4.222505, 344.289900000003399 ], [ -73.396899443999985, 4.222401667000042, 344.063099999999395 ], [ -73.396870555999953, 4.222305833000064, 343.851899999994203 ], [ -73.396839166999939, 4.222200556000075, 344.006899999993038 ], [ -73.396808888999942, 4.22209805600005, 344.159899999998743 ], [ -73.396806943999934, 4.222091111000054, 344.171000000002095 ], [ -73.396778610999945, 4.221995278000065, 344.166100000002189 ], [ -73.396773055999972, 4.221976667000035, 344.124800000005052 ], [ -73.396748055999979, 4.221892500000024, 344.030400000003283 ], [ -73.396724721999988, 4.221813611000073, 344.11699999999837 ], [ -73.396717777999982, 4.221789444000024, 344.142800000001444 ], [ -73.396695555999941, 4.221714167000073, 344.225300000005518 ], [ -73.396687499999985, 4.22168638900007, 344.255199999999604 ], [ -73.396657221999988, 4.221582778000027, 344.367499999993015 ], [ -73.396626943999934, 4.221479167000041, 344.479900000005728 ], [ -73.396597499999984, 4.221376111000041, 344.589200000002165 ], [ -73.396567499999946, 4.22127305600003, 344.700599999996484 ], [ -73.396537221999949, 4.221171111000046, 344.627900000006775 ], [ -73.396506943999952, 4.221070556000029, 344.369699999995646 ], [ -73.396476666999945, 4.22096833300003, 344.067599999994854 ], [ -73.396445, 4.220863056000042, 344.0 ], [ -73.396414166999989, 4.220761111000058, 344.0 ], [ -73.39638333299996, 4.220658056000048, 343.924100000003818 ], [ -73.396353610999938, 4.220557500000041, 343.553499999994528 ], [ -73.396322777999956, 4.220456111000033, 343.179900000002817 ], [ -73.396292777999975, 4.220355833000042, 342.863400000002002 ], [ -73.396261943999946, 4.220254444000034, 342.529800000003888 ], [ -73.396231666999938, 4.22015250000004, 342.110700000004726 ], [ -73.396201388999941, 4.220049722000056, 342.0 ], [ -73.396171110999944, 4.21994611100007, 342.0 ], [ -73.396141388999979, 4.219842500000027, 342.104500000001281 ], [ -73.396112221999942, 4.21974, 342.638500000000931 ], [ -73.396083055999952, 4.219637778000049, 343.252900000006775 ], [ -73.396055277999949, 4.21954305600002, 343.971900000004098 ], [ -73.396024443999977, 4.219440556000052, 344.841799999994691 ], [ -73.395993332999979, 4.219337500000051, 345.716899999999441 ], [ -73.395962777999955, 4.219234444000051, 346.28519999999844 ], [ -73.395936247999941, 4.219144047000043, 346.583199999993667 ], [ -73.395932777999974, 4.219132222000042, 346.603000000002794 ], [ -73.395932499999958, 4.219131667000056, 346.603099999992992 ], [ -73.395902221999961, 4.219028611000056, 346.592900000003283 ], [ -73.395871943999964, 4.218925556000045, 346.104699999996228 ], [ -73.395841110999982, 4.218822500000044, 345.699399999997695 ], [ -73.39581, 4.21871972200006, 345.161500000001979 ], [ -73.395778055999983, 4.218617222000034, 344.551800000001094 ], [ -73.395745832999978, 4.218515, 344.032900000005611 ], [ -73.395713610999962, 4.218412500000056, 343.342799999998533 ], [ -73.395682221999948, 4.218306944000062, 342.529099999999744 ], [ -73.395650832999934, 4.218203333000076, 342.090400000000955 ], [ -73.395619443999976, 4.218098333000057, 342.107699999993201 ], [ -73.395588610999937, 4.217992778000053, 342.033999999999651 ], [ -73.395556943999964, 4.217889722000052, 342.152499999996508 ], [ -73.395525555999939, 4.217786944000068, 342.2837 ], [ -73.395495832999984, 4.217683333000025, 342.321700000000419 ], [ -73.395466666999937, 4.21758, 342.213399999993271 ], [ -73.395436943999982, 4.217476111000053, 342.103099999992992 ], [ -73.395406388999959, 4.217373056000042, 341.809399999998277 ], [ -73.395375, 4.217270278000058, 341.383400000006077 ], [ -73.395343610999987, 4.217167500000073, 341.045700000002398 ], [ -73.395311388999971, 4.217065278000064, 341.316399999996065 ], [ -73.395279721999941, 4.216963333000024, 341.69210000000021 ], [ -73.395248610999943, 4.21685750000006, 342.033200000005309 ], [ -73.395221666999987, 4.216762500000073, 342.131399999998393 ], [ -73.395191943999976, 4.216660278000063, 342.156700000006822 ], [ -73.395161666999968, 4.216557222000063, 341.892600000006496 ], [ -73.39513, 4.216453889000036, 341.414900000003399 ], [ -73.395099721999941, 4.216352778000044, 341.049299999998766 ], [ -73.395068888999958, 4.216250833000061, 341.317800000004354 ], [ -73.395037499999944, 4.216148333000035, 341.69560000000638 ], [ -73.395005555999944, 4.216045, 342.038100000005215 ], [ -73.394974166999987, 4.215941667000038, 342.281000000002678 ], [ -73.394943888999933, 4.215841111000032, 342.601800000004005 ], [ -73.394916666999961, 4.215752222000049, 342.801300000006449 ], [ -73.394888610999942, 4.215658889000053, 342.898300000000745 ], [ -73.39485777799996, 4.215555556000027, 343.040999999997439 ], [ -73.394826943999988, 4.215453056000058, 342.861600000003818 ], [ -73.394795832999989, 4.215349167000056, 342.458599999998114 ], [ -73.394765555999982, 4.215246944000057, 341.982499999998254 ], [ -73.394735, 4.215145, 341.606799999994109 ], [ -73.394704443999956, 4.215042222000022, 341.228099999992992 ], [ -73.394673888999989, 4.214938611000036, 341.0 ], [ -73.39464305599995, 4.214836667000043, 341.0 ], [ -73.394611110999961, 4.214734444000044, 341.0 ], [ -73.394578888999945, 4.214631667000049, 341.261599999997998 ], [ -73.394546666999986, 4.214529167000023, 341.529299999994691 ], [ -73.394545555999969, 4.214526111000055, 341.535499999998137 ], [ -73.394515277999972, 4.214426111000023, 341.668699999994715 ], [ -73.394484443999943, 4.214323333000038, 341.385599999994156 ], [ -73.394454166999935, 4.214221389000045, 341.021299999993062 ], [ -73.39442472199994, 4.214119167000035, 340.865699999994831 ], [ -73.394394721999959, 4.214016111000035, 341.0228000000061 ], [ -73.394365277999952, 4.213915278000059, 341.175799999997253 ], [ -73.394335832999957, 4.213814722000052, 341.327799999999115 ], [ -73.394306110999935, 4.213710556000024, 341.490999999994528 ], [ -73.39427638899997, 4.213607778000039, 341.602799999993294 ], [ -73.394247499999949, 4.213506944000073, 341.510399999999208 ], [ -73.394218332999969, 4.213405833000024, 341.496899999998277 ], [ -73.394188888999963, 4.213303056000029, 341.385299999994459 ], [ -73.394159443999968, 4.21320083300003, 341.159700000003795 ], [ -73.394129443999987, 4.213098056000035, 341.01579999999376 ], [ -73.394098610999947, 4.212994167000033, 340.637000000002445 ], [ -73.394069443999967, 4.212893889000043, 340.292000000001281 ], [ -73.39404, 4.212793889000068, 339.754199999995762 ], [ -73.394011110999941, 4.21269361100002, 338.690600000001723 ], [ -73.393978610999966, 4.212591667000027, 337.778900000004796 ], [ -73.393956388999982, 4.21252666700002, 337.434899999992922 ], [ -73.39392388899995, 4.212425278000069, 337.929099999993923 ], [ -73.393891110999959, 4.212323333000029, 338.426500000001397 ], [ -73.393858332999969, 4.212218333000067, 339.249100000000908 ], [ -73.393826388999969, 4.212117222000074, 340.460099999996601 ], [ -73.393793610999978, 4.212015, 341.777600000001257 ], [ -73.393761666999978, 4.211915, 342.411699999996927 ], [ -73.393738610999947, 4.21181, 342.884300000005169 ], [ -73.393727499999954, 4.211705278000068, 343.102899999998044 ], [ -73.393716666999978, 4.211598056000071, 342.352899999998044 ], [ -73.393706110999972, 4.211492222000061, 341.612099999998463 ], [ -73.393699166999966, 4.211385278000023, 341.012199999997392 ], [ -73.393706943999973, 4.211275833000059, 340.458400000003166 ], [ -73.393733055999974, 4.211172778000048, 339.949399999997695 ], [ -73.393767499999967, 4.211076111000068, 339.29670000000624 ], [ -73.393808888999956, 4.210980556000038, 338.460399999996298 ], [ -73.393851110999947, 4.210884444000044, 337.615999999994528 ], [ -73.393895555999961, 4.21079, 336.90219999999681 ], [ -73.393940555999961, 4.210695556000076, 336.302400000000489 ], [ -73.393984443999955, 4.210601667000049, 335.959099999992759 ], [ -73.394024443999967, 4.210511667000048, 335.930800000001909 ], [ -73.394049795999933, 4.210450823000031, 335.962899999998626 ], [ -73.394064721999939, 4.210415, 336.005199999999604 ], [ -73.394081666999966, 4.210310556000024, 336.377200000002631 ], [ -73.394080555999949, 4.210291667000035, 336.427800000004936 ], [ -73.394075, 4.210184167000023, 336.742199999993318 ], [ -73.394070555999974, 4.21007916700006, 337.214399999997113 ], [ -73.394070555999974, 4.210078889000044, 337.217499999998836 ], [ -73.394065832999956, 4.209968889000038, 338.41479999999865 ], [ -73.394060277999984, 4.209862778000058, 339.588000000003376 ], [ -73.394055, 4.209758333000025, 340.247700000007171 ], [ -73.394049166999935, 4.209653333000063, 340.634699999995064 ], [ -73.394043332999956, 4.20954583300005, 340.997499999997672 ], [ -73.394038055999943, 4.209440833000031, 340.958199999993667 ], [ -73.394032777999939, 4.209334444000035, 340.902799999996205 ], [ -73.394028332999937, 4.209229167000046, 340.863200000007055 ], [ -73.39402333299995, 4.209125278000045, 340.84440000000177 ], [ -73.394022221999933, 4.209104444000047, 340.840200000006007 ], [ -73.394016943999986, 4.209017222000057, 340.82039999999688 ], [ -73.394010277999939, 4.208909722000044, 341.171100000006845 ], [ -73.393999443999974, 4.208803056000022, 341.52379999999539 ], [ -73.39397833299995, 4.208699722000063, 341.526700000002165 ], [ -73.393957221999983, 4.208593333000067, 341.056200000006356 ], [ -73.393935832999944, 4.208487500000047, 340.586599999995087 ], [ -73.393914166999934, 4.208381944000052, 340.257599999997183 ], [ -73.393892221999977, 4.208276389000048, 339.899499999999534 ], [ -73.393869721999977, 4.20817, 339.573499999998603 ], [ -73.393847221999977, 4.208065, 339.470900000000256 ], [ -73.393825555999967, 4.207963611000025, 339.311100000006263 ], [ -73.393802777999952, 4.207857500000046, 339.313699999998789 ], [ -73.393781110999953, 4.207754722000061, 339.555399999997462 ], [ -73.393759166999985, 4.207648333000066, 339.91479999999865 ], [ -73.393738332999988, 4.207543889000021, 340.69210000000021 ], [ -73.393716943999948, 4.207438056000058, 341.540399999998044 ], [ -73.393694721999964, 4.207330278000029, 342.148700000005192 ], [ -73.393673055999955, 4.207226111000068, 342.532200000001467 ], [ -73.393650555999955, 4.207121111000049, 343.048599999994622 ], [ -73.393627221999964, 4.20701611100003, 342.902000000001863 ], [ -73.39359555599998, 4.206913333000045, 342.758300000001327 ], [ -73.393553332999943, 4.206817222000041, 342.462499999994179 ], [ -73.39350944399996, 4.206718611000042, 341.231299999999464 ], [ -73.393466943999954, 4.206620556000075, 339.792000000001281 ], [ -73.393424443999947, 4.206522778000021, 338.350300000005518 ], [ -73.393382499999973, 4.206425833000026, 336.841899999999441 ], [ -73.393341943999985, 4.206328889000076, 335.12039999999979 ], [ -73.393300555999986, 4.206230278000021, 333.738800000006449 ], [ -73.393258610999965, 4.206131667000022, 332.775599999993574 ], [ -73.393217221999976, 4.206035556000074, 331.919599999993807 ], [ -73.393173610999952, 4.205934722000052, 330.775800000003073 ], [ -73.393131388999961, 4.205836111000053, 329.752099999997881 ], [ -73.393088055999954, 4.205736111000022, 328.857000000003609 ], [ -73.393045, 4.205638056000055, 328.134300000005169 ], [ -73.39300222199995, 4.205539722000026, 327.409599999999045 ], [ -73.392959721999944, 4.205441389000043, 326.473800000007031 ], [ -73.392916110999977, 4.205340278000051, 325.145199999999022 ], [ -73.392873332999955, 4.205241111000021, 323.842199999999139 ], [ -73.392831110999964, 4.205144722000057, 323.038899999999558 ], [ -73.392788610999958, 4.205048611000052, 322.240300000004936 ], [ -73.392746388999967, 4.204952222000031, 321.216499999994994 ], [ -73.392703610999945, 4.204853611000033, 321.683099999994738 ], [ -73.392663332999973, 4.204760556000053, 322.400399999998626 ], [ -73.392621943999984, 4.204663889000074, 323.014500000004773 ], [ -73.392579443999978, 4.204565, 323.187999999994645 ], [ -73.392536943999971, 4.204467222000062, 323.245299999995041 ], [ -73.392494721999981, 4.204369444000065, 323.064199999993434 ], [ -73.392453610999951, 4.204272500000059, 322.55449999999837 ], [ -73.392413888999954, 4.204175278000037, 322.071599999995669 ], [ -73.392374443999984, 4.204075556000021, 321.587400000003981 ], [ -73.392336388999979, 4.203977500000065, 321.261899999997695 ], [ -73.39229888899996, 4.203879444000052, 321.03870000000461 ], [ -73.39226055599994, 4.203781667000044, 320.809399999998277 ], [ -73.392221110999969, 4.203684444000032, 320.467399999994086 ], [ -73.392193332999966, 4.203615556000045, 320.162100000001374 ], [ -73.392180832999941, 4.203584167000031, 320.006200000003446 ], [ -73.392140832999985, 4.203484444000026, 319.631299999993644 ], [ -73.392100555999946, 4.203384444000051, 319.262799999996787 ], [ -73.392067499999939, 4.203279444000032, 319.0 ], [ -73.392050277999942, 4.203175833000046, 319.0 ], [ -73.392043055999977, 4.203071111000042, 319.0 ], [ -73.392034166999963, 4.202963056000044, 319.290299999993294 ], [ -73.392028610999944, 4.202905833000045, 319.501300000003539 ], [ -73.392023888999972, 4.202855556000031, 319.686600000000908 ], [ -73.392013888999941, 4.202748056000075, 319.967999999993481 ], [ -73.392005, 4.20263888900007, 319.82839999999851 ], [ -73.391999786999975, 4.202549589000057, 319.728000000002794 ], [ -73.391998610999963, 4.202529444000049, 319.707099999999627 ], [ -73.391995, 4.20244027800004, 319.249400000000605 ], [ -73.391993888999934, 4.202422222000052, 319.12050000000454 ], [ -73.391992777999974, 4.202403611000022, 318.987399999998161 ], [ -73.391988888999947, 4.20235583300007, 318.649799999999232 ], [ -73.391988332999972, 4.202344444000062, 318.567899999994552 ], [ -73.391987777999987, 4.202336389000038, 318.510599999994156 ], [ -73.391986666999969, 4.20231194400003, 318.334600000001956 ], [ -73.391984166999976, 4.202201389000038, 317.653900000004796 ], [ -73.391979443999958, 4.202114722000033, 317.432700000004843 ], [ -73.391978055999971, 4.202091389000032, 317.371400000003632 ], [ -73.391973055999983, 4.20198083300005, 317.068299999998999 ], [ -73.39196777799998, 4.201870556000074, 317.0 ], [ -73.391963888999953, 4.20176, 317.0 ], [ -73.391960555999958, 4.20164972200007, 317.082500000004075 ], [ -73.391956388999972, 4.201539444000048, 317.354800000000978 ], [ -73.391952777999961, 4.201429167000072, 317.64890000000014 ], [ -73.391947221999942, 4.201318611000033, 317.376999999993131 ], [ -73.391945555999939, 4.201208056000041, 316.982600000003004 ], [ -73.391945832999966, 4.201097778000076, 316.719200000006822 ], [ -73.391948055999933, 4.200987222000037, 316.646099999998114 ], [ -73.391953332999947, 4.200876944000072, 316.532999999995809 ], [ -73.391956943999958, 4.200766389000023, 316.490900000004331 ], [ -73.391960555999958, 4.200656111000058, 316.451799999995274 ], [ -73.391967221999948, 4.200549722000062, 316.044800000003306 ], [ -73.391980555999965, 4.20044, 315.201499999995576 ], [ -73.391996110999969, 4.20033055600004, 314.38310000000638 ], [ -73.392010555999946, 4.200221111000076, 314.267300000006799 ], [ -73.39202, 4.200143611000044, 314.197899999999208 ], [ -73.392021943999964, 4.200127778000024, 314.183600000003935 ], [ -73.392024166999988, 4.200111667000044, 314.167199999996228 ], [ -73.39204, 4.200002222000023, 314.147899999996298 ], [ -73.392040832999953, 4.19999694400002, 314.151700000002165 ], [ -73.392049721999967, 4.199945556000046, 314.190300000002026 ], [ -73.39206722199998, 4.199842222000029, 314.307100000005448 ], [ -73.392085, 4.199733611000056, 314.74989999999525 ], [ -73.392102221999949, 4.199625, 315.487399999998161 ], [ -73.392117499999983, 4.19952138900004, 316.195099999997183 ], [ -73.392132777999961, 4.199412778000067, 316.939799999992829 ], [ -73.392148332999966, 4.199303889000021, 317.685400000002119 ], [ -73.392163610999944, 4.199194444000057, 318.436199999996461 ], [ -73.392178332999947, 4.199086944000044, 319.174700000003213 ], [ -73.392192777999981, 4.198977500000069, 319.965400000000955 ], [ -73.392206388999966, 4.198868056000038, 321.897299999996903 ], [ -73.392218888999935, 4.198759167000048, 323.833499999993364 ], [ -73.392230832999985, 4.198651111000061, 326.497199999997974 ], [ -73.392239166999957, 4.19854805600005, 329.885899999993853 ], [ -73.392247499999939, 4.198448056000075, 333.173200000004726 ], [ -73.392257499999971, 4.198352500000055, 334.743499999996857 ], [ -73.39227, 4.198250833000031, 336.088399999993271 ], [ -73.392284721999943, 4.198143611000035, 337.410000000003492 ], [ -73.392300277999936, 4.198035556000036, 337.690400000006775 ], [ -73.392320277999943, 4.197927222000033, 337.928100000004633 ], [ -73.392344166999976, 4.197819722000077, 338.399999999994179 ], [ -73.392368888999954, 4.197712222000064, 339.090500000005704 ], [ -73.392391388999954, 4.19761416700004, 339.767399999996996 ], [ -73.392408055999965, 4.197543333000056, 339.828899999993155 ], [ -73.392415277999987, 4.19751111100004, 339.855500000005122 ], [ -73.392439443999933, 4.197404167000059, 339.944600000002538 ], [ -73.392462499999965, 4.197300278000057, 340.273300000000745 ], [ -73.392486666999957, 4.19719305600006, 340.885800000003655 ], [ -73.392511388999935, 4.197085556000047, 341.496199999994133 ], [ -73.392535, 4.196982500000047, 341.068299999998999 ], [ -73.392558888999986, 4.196875, 340.495800000004238 ], [ -73.392582221999987, 4.19676944400004, 339.934599999993225 ], [ -73.392605277999962, 4.196667778000062, 339.38980000000447 ], [ -73.392629721999981, 4.196560556000065, 338.814199999993434 ], [ -73.392654443999959, 4.196452778000037, 338.234500000005937 ], [ -73.392678888999967, 4.19634555600004, 337.658899999994901 ], [ -73.392703332999986, 4.196238056000027, 337.082299999994575 ], [ -73.392725555999959, 4.196139167000069, 336.553899999998976 ], [ -73.392746943999953, 4.19604083300004, 336.160399999993388 ], [ -73.392771110999945, 4.195933333000028, 335.587599999998929 ], [ -73.392795277999937, 4.195825833000072, 334.794899999993504 ], [ -73.392818888999955, 4.195720278000067, 334.016600000002654 ], [ -73.392838888999961, 4.195630833000052, 334.0 ], [ -73.392858055999966, 4.195545, 334.0 ], [ -73.39288027799995, 4.195446667000056, 334.000499999994645 ], [ -73.392904721999969, 4.195338889000027, 334.397899999996298 ], [ -73.392929166999977, 4.195231389000071, 334.794200000003912 ], [ -73.39295333299998, 4.195126944000037, 335.179300000003423 ], [ -73.392978055999947, 4.195021667000049, 335.567500000004657 ], [ -73.39300222199995, 4.19491388900002, 335.946100000001024 ], [ -73.393025555999941, 4.194808333000026, 335.577799999999115 ], [ -73.393048610999983, 4.19470472200004, 335.213699999992969 ], [ -73.393072777999976, 4.194597778000059, 335.093900000007125 ], [ -73.393097499999953, 4.194490833000032, 335.330199999996694 ], [ -73.393122221999988, 4.194383333000076, 335.495699999999488 ], [ -73.393146666999939, 4.194276667000054, 335.307199999995646 ], [ -73.393169443999966, 4.194174167000028, 335.111999999993714 ], [ -73.393193332999942, 4.194067222000058, 335.086500000004889 ], [ -73.393218055999967, 4.193960833000062, 335.478799999997136 ], [ -73.393242221999969, 4.193853611000065, 335.874100000000908 ], [ -73.393265832999987, 4.193746667000028, 335.465500000005704 ], [ -73.393278332999955, 4.19369, 335.100500000000466 ], [ -73.393280186999959, 4.193682281000065, 335.054999999993015 ], [ -73.393303888999981, 4.193583611000065, 334.506899999993038 ], [ -73.393331388999968, 4.193480278000038, 334.157099999996717 ], [ -73.39334916699994, 4.193372778000025, 333.756999999997788 ], [ -73.393357777999938, 4.193263889000036, 333.297600000005332 ], [ -73.393365555999935, 4.193159444000059, 333.080499999996391 ], [ -73.39337444399996, 4.193052500000022, 332.887000000002445 ], [ -73.393377499999986, 4.193019722000031, 332.8353000000061 ], [ -73.393382221999957, 4.192967500000066, 332.861799999998766 ], [ -73.393386943999985, 4.19291, 332.91830000000482 ], [ -73.393386136999936, 4.192901974000051, 332.91830000000482 ], [ -73.393376388999968, 4.192805, 332.946700000000419 ], [ -73.393375277999951, 4.192800833000035, 332.947799999994459 ], [ -73.393364166999959, 4.192735278000043, 332.999100000000908 ], [ -73.393364443999985, 4.192691389000061, 332.944000000003143 ], [ -73.393365277999976, 4.192672222000056, 332.91830000000482 ], [ -73.393368055999986, 4.192605556000046, 332.826100000005681 ], [ -73.393369166999946, 4.192580833000022, 332.790500000002794 ], [ -73.393371110999965, 4.192545, 332.736600000003818 ], [ -73.393373888999974, 4.192485278000049, 332.64440000000468 ], [ -73.393374721999976, 4.192470556000046, 332.62039999999979 ], [ -73.393376943999954, 4.19242527800003, 332.406300000002375 ], [ -73.393379721999963, 4.192365, 332.0818 ], [ -73.393379721999963, 4.19236, 332.055900000006659 ], [ -73.393381943999941, 4.192304722000074, 331.756200000003446 ], [ -73.393383888999949, 4.192249444000026, 331.455000000001746 ], [ -73.393383888999949, 4.192243889000054, 331.425900000002002 ], [ -73.393385555999942, 4.19218444400002, 331.141199999998207 ], [ -73.393386666999959, 4.192138889000034, 331.133300000001327 ], [ -73.393386943999985, 4.192123889000072, 331.131399999998393 ], [ -73.393388332999962, 4.192063611000037, 331.12149999999383 ], [ -73.393389166999953, 4.192028611000069, 331.115499999999884 ], [ -73.393389443999979, 4.192003611000075, 331.11359999999695 ], [ -73.393390832999955, 4.191936944000076, 331.103799999997136 ], [ -73.393391388999987, 4.19191805600002, 331.104099999996834 ], [ -73.39339416699994, 4.191873611000062, 331.159299999999348 ], [ -73.393408332999968, 4.191809167000031, 331.185700000001816 ], [ -73.393411943999979, 4.191796944000032, 331.188200000004144 ], [ -73.393424817999971, 4.191727747000073, 331.261199999993551 ], [ -73.393429721999951, 4.191701389000059, 331.295400000002701 ], [ -73.393438888999981, 4.191591111000037, 331.590100000001257 ], [ -73.393446110999946, 4.19149027800006, 331.935400000002119 ], [ -73.393453332999968, 4.191382500000032, 332.306299999996554 ], [ -73.39345777799997, 4.191314444000056, 332.938800000003539 ], [ -73.393464166999934, 4.19120833300002, 333.983900000006543 ], [ -73.393469721999963, 4.191099722000047, 335.0 ], [ -73.393474166999965, 4.190989444000024, 335.0 ], [ -73.393475555999942, 4.190908056000069, 335.0 ], [ -73.393476943999985, 4.190798056000062, 334.927100000000792 ], [ -73.39347749999996, 4.190692500000068, 334.720499999995809 ], [ -73.393469443999948, 4.190582778000021, 334.5625 ], [ -73.393456388999937, 4.190508056000056, 334.278000000005704 ], [ -73.393445832999987, 4.190446111000028, 333.98859999999695 ], [ -73.393428332999974, 4.190339167000047, 333.52379999999539 ], [ -73.393415555999979, 4.190260556000055, 333.277700000006007 ], [ -73.393398332999936, 4.190152222000052, 333.070699999996577 ], [ -73.39338111099994, 4.190044167000053, 332.864700000005541 ], [ -73.393365555999935, 4.18994, 332.353300000002491 ], [ -73.393351110999959, 4.189841389000037, 331.787700000000768 ], [ -73.393335555999954, 4.189738611000053, 331.290599999992992 ], [ -73.393319443999985, 4.18963, 331.470600000000559 ], [ -73.39331, 4.189568611000027, 331.576000000000931 ], [ -73.393297221999944, 4.18948277800007, 331.718699999997625 ], [ -73.393293888999949, 4.18946027800007, 331.5481 ], [ -73.393278332999955, 4.189351389000024, 330.517800000001444 ], [ -73.393263332999936, 4.189247778000038, 329.470100000005914 ], [ -73.393247499999973, 4.18914, 328.137900000001537 ], [ -73.393231110999977, 4.189031667000052, 326.753899999996065 ], [ -73.393215, 4.188923056000021, 325.587700000003679 ], [ -73.393199166999977, 4.188816389000067, 325.371299999998882 ], [ -73.393183888999943, 4.188715278000075, 325.169299999994109 ], [ -73.393167777999963, 4.188606667000045, 325.032500000001164 ], [ -73.393151666999984, 4.18849750000004, 325.003299999996671 ], [ -73.393136388999949, 4.188396111000031, 325.024099999995087 ], [ -73.39312, 4.188287222000042, 324.08520000000135 ], [ -73.393103888999974, 4.188178611000069, 323.124100000000908 ], [ -73.39308833299998, 4.188071667000031, 322.173299999994924 ], [ -73.393073332999961, 4.187968333000072, 321.254100000005565 ], [ -73.393057499999941, 4.187864722000029, 320.344200000006822 ], [ -73.393040832999986, 4.18775583300004, 318.382700000001932 ], [ -73.393024166999965, 4.187647500000026, 316.244099999996251 ], [ -73.393008055999985, 4.187538889000052, 314.351500000004307 ], [ -73.393000832999974, 4.18749222200006, 313.774999999994179 ], [ -73.392991943999959, 4.187434167000049, 313.124299999995856 ], [ -73.392983610999977, 4.187380278000035, 312.48399999999674 ], [ -73.392975277999938, 4.18732527800006, 311.789099999994505 ], [ -73.392960277999975, 4.18722333300002, 311.387700000006589 ], [ -73.39296, 4.187220833000026, 311.380000000004657 ], [ -73.392944166999939, 4.18711722200004, 311.08629999999539 ], [ -73.392928610999945, 4.187015833000032, 310.791299999997136 ], [ -73.392911943999934, 4.186908889000051, 310.699200000002747 ], [ -73.392894721999937, 4.186801667000054, 310.511100000003353 ], [ -73.392879166999933, 4.186697500000037, 310.850399999995716 ], [ -73.392863055999953, 4.186589722000065, 311.482199999998556 ], [ -73.392846943999984, 4.186485556000036, 312.0 ], [ -73.392830555999979, 4.186378611000066, 312.0 ], [ -73.392815277999944, 4.186274167000022, 312.0 ], [ -73.39279972199995, 4.186164722000058, 311.567999999999302 ], [ -73.392783888999986, 4.186056111000028, 310.767399999996996 ], [ -73.392768055999966, 4.185950278000064, 310.0 ], [ -73.39275194399994, 4.185843611000053, 310.0 ], [ -73.392735277999975, 4.185734722000063, 310.0 ], [ -73.392726666999977, 4.185677500000054, 310.030100000003586 ], [ -73.392711666999958, 4.185569444000066, 310.085999999995693 ], [ -73.392696666999939, 4.185466111000039, 310.141900000002352 ], [ -73.392680555999959, 4.185356944000034, 310.356100000004517 ], [ -73.39266472199995, 4.18524750000006, 310.7019 ], [ -73.392648332999954, 4.185138056000028, 311.0 ], [ -73.392631666999989, 4.185031389000073, 310.849100000006729 ], [ -73.392618610999989, 4.184946667000077, 310.694900000002235 ], [ -73.392609443999959, 4.184889167000051, 310.572000000000116 ], [ -73.392595832999973, 4.184803611000063, 310.37039999999979 ], [ -73.392583610999964, 4.18472444400004, 310.20789999999397 ], [ -73.392566943999952, 4.184615278000024, 310.02740000000631 ], [ -73.39255, 4.18450583300006, 309.896900000007008 ], [ -73.392533610999976, 4.184396667000044, 309.81590000000142 ], [ -73.392517221999981, 4.184287500000039, 309.809800000002724 ], [ -73.392501330999949, 4.184181920000071, 309.868900000001304 ], [ -73.392500832999986, 4.18417861100005, 309.870800000004238 ], [ -73.392491666999945, 4.184118611000031, 309.904899999994086 ], [ -73.392484166999964, 4.184069167000075, 309.932799999995041 ], [ -73.392468055999984, 4.18396, 309.650699999998324 ], [ -73.392451943999959, 4.183850556000039, 309.25449999999546 ], [ -73.392435277999937, 4.183741389000033, 309.130900000003749 ], [ -73.392418888999941, 4.183632222000028, 309.45350000000326 ], [ -73.392403332999947, 4.18352305600007, 309.729900000005728 ], [ -73.392388610999944, 4.183413611000049, 309.814100000003236 ], [ -73.392373610999982, 4.183304167000074, 309.91710000000603 ], [ -73.392358055999978, 4.183194722000053, 309.837199999994482 ], [ -73.392341388999967, 4.183085556000037, 309.434800000002724 ], [ -73.392324443999939, 4.182976667000048, 309.033500000005006 ], [ -73.392309166999951, 4.182877500000075, 309.0 ], [ -73.392292777999955, 4.182768056000043, 309.0 ], [ -73.39227638899996, 4.182658889000038, 309.194600000002538 ], [ -73.39226, 4.182549444000074, 309.830499999996391 ], [ -73.392243888999985, 4.182440278000058, 310.561199999996461 ], [ -73.392227499999933, 4.182330833000037, 311.201100000005681 ], [ -73.392211110999938, 4.182222222000064, 311.7216000000044 ], [ -73.392195277999974, 4.182118611000021, 312.126999999993131 ], [ -73.392177777999962, 4.182009722000032, 312.452499999999418 ], [ -73.392159443999958, 4.181903889000068, 312.659799999993993 ], [ -73.392144443999939, 4.181803056000035, 311.843999999997322 ], [ -73.392133610999963, 4.181714722000038, 310.96490000000631 ], [ -73.392117499999983, 4.181608611000058, 309.960999999995693 ], [ -73.3921, 4.181504722000057, 308.325599999996484 ], [ -73.392082777999974, 4.18140138900003, 306.79670000000624 ], [ -73.392063888999985, 4.181295, 305.583100000003469 ], [ -73.392045832999941, 4.181190278000031, 304.716599999999744 ], [ -73.392027499999983, 4.181085556000028, 303.799299999998766 ], [ -73.39201, 4.180981667000026, 303.697700000004261 ], [ -73.391993332999959, 4.180878333000067, 303.759699999995064 ], [ -73.391976388999979, 4.18076944400002, 303.619200000001001 ], [ -73.391959721999967, 4.180660278000062, 302.876499999998487 ], [ -73.391944166999963, 4.180561667000063, 302.207500000004075 ], [ -73.391927221999936, 4.180455278000068, 300.968299999993178 ], [ -73.39191083299994, 4.180350278000049, 299.523000000001048 ], [ -73.391895277999936, 4.180249444000026, 298.194099999993341 ], [ -73.391878055999939, 4.180140833000053, 297.121400000003632 ], [ -73.391861110999969, 4.180034167000031, 296.068100000004051 ], [ -73.391844443999958, 4.179930278000029, 295.505399999994552 ], [ -73.391827777999936, 4.179823889000033, 295.310500000006869 ], [ -73.391810832999965, 4.17971527800006, 295.011199999993551 ], [ -73.391793610999969, 4.179608889000065, 295.567800000004354 ], [ -73.39177583299994, 4.179500278000035, 296.115499999999884 ], [ -73.391758055999958, 4.179392222000047, 296.542600000000675 ], [ -73.391739721999954, 4.179283333000058, 296.875700000004144 ], [ -73.391721943999983, 4.179174444000068, 297.210900000005495 ], [ -73.39170444399997, 4.179066111000054, 297.482300000003306 ], [ -73.391687499999989, 4.178957222000065, 297.803599999999278 ], [ -73.391670277999935, 4.178848333000076, 298.0 ], [ -73.391653055999939, 4.17873944400003, 297.984800000005635 ], [ -73.391635555999983, 4.178631111000072, 297.910399999993388 ], [ -73.39161805599997, 4.178522222000026, 297.459300000002258 ], [ -73.391601110999943, 4.178413333000037, 296.994900000005146 ], [ -73.391584443999989, 4.178309167000066, 296.718699999997625 ], [ -73.391567777999967, 4.178204722000032, 296.656700000006822 ], [ -73.391553055999964, 4.178111667000053, 296.601899999994203 ], [ -73.391536388999953, 4.178004722000026, 296.674199999994016 ], [ -73.391519721999941, 4.17789805600006, 296.835500000001048 ], [ -73.39150277799996, 4.177789444000041, 297.0 ], [ -73.391486110999949, 4.17768361100002, 297.0 ], [ -73.391469166999968, 4.177574722000031, 297.0 ], [ -73.391452221999941, 4.177465833000042, 297.0 ], [ -73.391435, 4.177356667000026, 297.0 ], [ -73.391418332999933, 4.17725, 296.926399999996647 ], [ -73.391401666999968, 4.177143889000035, 296.53530000000319 ], [ -73.391384721999941, 4.177035278000062, 296.110400000005029 ], [ -73.391368055999976, 4.176928889000067, 295.935599999997066 ], [ -73.391351666999981, 4.176824167000063, 295.947299999999814 ], [ -73.391334721999954, 4.176715278000074, 295.990600000004633 ], [ -73.391317777999973, 4.176608611000063, 295.880199999999604 ], [ -73.391300832999946, 4.176501667000025, 295.719899999996414 ], [ -73.39128444399995, 4.176397778000023, 295.68760000000475 ], [ -73.391268332999971, 4.176298889000066, 295.807400000005146 ], [ -73.391250832999958, 4.176192222000054, 295.985499999995227 ], [ -73.391233332999946, 4.176083611000024, 296.153500000000349 ], [ -73.39121972199996, 4.175996944000076, 296.25010000000475 ], [ -73.391204166999955, 4.175889444000063, 296.453200000003562 ], [ -73.391189443999963, 4.175782500000025, 297.093599999992875 ], [ -73.391173888999958, 4.175675556000044, 297.776800000006915 ], [ -73.391156943999988, 4.175571667000042, 298.486000000004424 ], [ -73.391147777999947, 4.175512222000066, 298.912500000005821 ], [ -73.391133610999987, 4.175407222000047, 299.695999999996275 ], [ -73.391123618999984, 4.175330286000076, 299.99649999999383 ], [ -73.391119721999985, 4.175300278000066, 299.99189999999362 ], [ -73.391105, 4.175193611000054, 299.9771999999939 ], [ -73.391088332999971, 4.175085556000056, 299.910600000002887 ], [ -73.391071943999975, 4.174977222000052, 299.269100000004983 ], [ -73.391057777999947, 4.174869722000039, 298.715700000000652 ], [ -73.391042221999953, 4.174762778000058, 298.526899999997113 ], [ -73.39102749999995, 4.174658611000041, 298.487299999993411 ], [ -73.391013055999963, 4.174553333000063, 298.387600000001839 ], [ -73.390999166999961, 4.174460556000042, 297.913300000000163 ], [ -73.390997777999985, 4.174450833000037, 297.865300000004936 ], [ -73.390981388999933, 4.174345, 297.375199999994948 ], [ -73.390966666999987, 4.174242222000032, 297.161699999996927 ], [ -73.390952777999985, 4.174138889000062, 297.265199999994365 ], [ -73.390937777999966, 4.174029444000041, 297.376900000002934 ], [ -73.390923610999948, 4.173922222000044, 297.231199999994715 ], [ -73.390909443999988, 4.173815278000063, 297.005799999998999 ], [ -73.390895277999959, 4.173708056000066, 296.827099999994971 ], [ -73.390880555999956, 4.173602222000056, 296.850600000005215 ], [ -73.39086611099998, 4.173498333000055, 296.915200000003097 ], [ -73.390850832999945, 4.173391111000058, 296.715599999995902 ], [ -73.390835832999983, 4.173281944000053, 296.369099999996251 ], [ -73.390820832999964, 4.173172778000037, 296.111499999999069 ], [ -73.390806110999961, 4.173068056000034, 296.091700000004494 ], [ -73.390791110999942, 4.172961111000063, 296.027799999996205 ], [ -73.390776388999939, 4.172855556000059, 295.92160000000149 ], [ -73.390761388999977, 4.17275, 295.772100000001956 ], [ -73.390746110999942, 4.172642778000068, 295.59769999999844 ], [ -73.39073111099998, 4.172535278000055, 295.541800000006333 ], [ -73.390715832999945, 4.172426389000066, 295.484899999995832 ], [ -73.390700555999956, 4.172317222000061, 295.427999999999884 ], [ -73.390685, 4.172208889000046, 295.3701 ], [ -73.39067, 4.172103333000052, 295.271099999998114 ], [ -73.390654721999965, 4.17199583300004, 294.817999999999302 ], [ -73.390639166999961, 4.171886667000024, 294.357699999993201 ], [ -73.390623332999951, 4.171779722000053, 294.343299999993178 ], [ -73.390601666999942, 4.171673611000074, 294.649399999994785 ], [ -73.390591666999967, 4.171637778000047, 294.764599999994971 ], [ -73.390563055999962, 4.171536944000025, 295.355999999999767 ], [ -73.390532499999949, 4.171436111000048, 296.615600000004633 ], [ -73.390501110999935, 4.171335556000031, 297.864900000000489 ], [ -73.390471666999986, 4.171232222000071, 298.369200000001001 ], [ -73.39043972199994, 4.171128056000043, 298.607699999993201 ], [ -73.390404443999955, 4.171023889000026, 298.950100000001839 ], [ -73.390374166999948, 4.170926111000028, 298.154099999999744 ], [ -73.390342499999974, 4.17082083300005, 297.384999999994761 ], [ -73.390312777999952, 4.17072, 296.884999999994761 ], [ -73.39028194399998, 4.170614722000039, 296.791299999997136 ], [ -73.390251110999941, 4.17050972200002, 296.787200000006123 ], [ -73.390220277999958, 4.170405556000048, 296.66009999999369 ], [ -73.390190832999963, 4.170308333000037, 296.430300000007264 ], [ -73.390159443999949, 4.170202778000032, 296.040399999998044 ], [ -73.390129166999941, 4.17010166700004, 295.255999999993946 ], [ -73.390098610999985, 4.170001111000033, 294.394899999999325 ], [ -73.390068332999988, 4.169900833000042, 293.772299999996903 ], [ -73.390036388999988, 4.169795833000023, 293.525699999998324 ], [ -73.390005277999933, 4.16969388900003, 293.25449999999546 ], [ -73.389973610999959, 4.169588611000052, 292.960399999996298 ], [ -73.389942221999945, 4.169483333000073, 292.688899999993737 ], [ -73.38991361099994, 4.16938527800005, 292.464300000006915 ], [ -73.389882499999942, 4.16928, 292.33629999999539 ], [ -73.38985444399998, 4.169175556000027, 292.119099999996251 ], [ -73.389823332999981, 4.169070278000049, 292.0 ], [ -73.389789721999989, 4.168965556000046, 292.0 ], [ -73.389758332999975, 4.168861111000069, 292.00109999999404 ], [ -73.389727221999976, 4.168756389000066, 291.551900000005844 ], [ -73.389696943999979, 4.168651667000063, 291.008400000006077 ], [ -73.389666388999956, 4.168546389000028, 290.525800000003073 ], [ -73.389635555999973, 4.168440556000064, 290.188699999998789 ], [ -73.389605555999935, 4.168340278000073, 289.781400000007125 ], [ -73.389574443999948, 4.168234722000022, 289.494000000006054 ], [ -73.389543888999981, 4.16813, 289.267099999997299 ], [ -73.389514721999944, 4.168028889000027, 289.049100000003818 ], [ -73.389485, 4.167925556000057, 289.0 ], [ -73.389455555999973, 4.167825, 289.0 ], [ -73.389425, 4.167719444000056, 289.06140000000596 ], [ -73.389394166999978, 4.167614167000067, 289.248000000006869 ], [ -73.389363610999965, 4.167511111000067, 289.518100000001141 ], [ -73.389332499999966, 4.167408333000026, 290.342900000003283 ], [ -73.389301110999952, 4.167303333000064, 291.233399999997346 ], [ -73.389270832999955, 4.16719861100006, 292.013099999996484 ], [ -73.389241388999949, 4.16709277800004, 292.503599999996368 ], [ -73.389212499999985, 4.166987222000046, 292.907699999996112 ], [ -73.389184166999939, 4.166886111000053, 292.459099999992759 ], [ -73.389164166999933, 4.166815833000044, 291.941099999996368 ], [ -73.389134443999978, 4.166710833000025, 291.16710000000603 ], [ -73.389108055999941, 4.16662111100004, 290.872600000002421 ], [ -73.389076666999983, 4.166516667000053, 290.747799999997369 ], [ -73.389049242999988, 4.166424932000041, 290.711599999995087 ], [ -73.389045277999969, 4.166411667000034, 290.736399999994319 ], [ -73.389025277999963, 4.16634444400006, 291.058300000004238 ], [ -73.389015555999947, 4.166310833000068, 291.218299999993178 ], [ -73.38898527799995, 4.166205556000023, 291.718699999997625 ], [ -73.388958055999979, 4.166103889000055, 292.306400000001304 ], [ -73.388933055999985, 4.166001944000072, 293.05789999999979 ], [ -73.38891388899998, 4.165896667000027, 293.833899999997811 ], [ -73.388893332999942, 4.165788611000039, 294.856799999994109 ], [ -73.388868055999978, 4.165684167000052, 295.837400000003981 ], [ -73.388854443999946, 4.165616667000052, 296.442200000004959 ], [ -73.38883333299998, 4.165513889000067, 296.988400000002002 ], [ -73.38881166699997, 4.165405833000023, 297.565600000001723 ], [ -73.388791666999964, 4.165298333000067, 297.919399999998859 ], [ -73.388772221999943, 4.165192778000062, 297.625799999994342 ], [ -73.388752221999937, 4.165084722000074, 297.266699999992852 ], [ -73.388731388999986, 4.164981389000047, 296.825899999996182 ], [ -73.38870861099997, 4.164873611000075, 296.343999999997322 ], [ -73.388687221999987, 4.164770833000034, 295.825700000001234 ], [ -73.388666110999964, 4.164666389000047, 295.085099999996601 ], [ -73.388645277999956, 4.164558611000075, 294.445000000006985 ], [ -73.388624721999975, 4.164452500000039, 294.280299999998533 ], [ -73.388604166999983, 4.164344167000024, 294.356700000003912 ], [ -73.38858388899996, 4.164240556000038, 294.4231 ], [ -73.388563055999953, 4.164134167000043, 294.299199999994016 ], [ -73.388541388999954, 4.16402666700003, 294.112699999997858 ], [ -73.388520555999946, 4.163923056000044, 293.936499999996158 ], [ -73.388499166999964, 4.163816667000049, 293.852499999993597 ], [ -73.388482221999936, 4.163733056000069, 293.830700000005891 ], [ -73.38846111099997, 4.163627500000075, 294.168699999994715 ], [ -73.388443888999973, 4.163543056000037, 294.543999999994412 ], [ -73.388426666999976, 4.163455833000057, 294.913000000000466 ], [ -73.388411110999982, 4.163374444000056, 295.0 ], [ -73.388390277999974, 4.163265833000025, 295.0 ], [ -73.388369166999951, 4.163157778000027, 294.959400000007008 ], [ -73.388348888999985, 4.163055, 293.677500000005239 ], [ -73.388328888999979, 4.162954167000066, 292.531400000007125 ], [ -73.388311943999952, 4.162868056000036, 291.806800000005751 ], [ -73.388295832999972, 4.162787500000036, 291.62960000000021 ], [ -73.388274443999933, 4.162679167000022, 291.3894 ], [ -73.388253332999966, 4.162571667000066, 291.321800000005169 ], [ -73.388234166999951, 4.162473333000037, 291.464300000006915 ], [ -73.388212777999968, 4.162365556000054, 291.623300000006566 ], [ -73.388191666999944, 4.162258333000068, 292.106799999994109 ], [ -73.388170277999961, 4.16215027800007, 292.664099999994505 ], [ -73.388157499999977, 4.162085556000022, 292.981100000004517 ], [ -73.38814416699995, 4.162018056000022, 292.854699999996228 ], [ -73.388131666999982, 4.161953611000058, 292.66359999999986 ], [ -73.388118610999982, 4.161885556000072, 292.46129999999539 ], [ -73.388097499999958, 4.161777222000069, 292.116599999993923 ], [ -73.388076943999977, 4.161680556000022, 291.7163 ], [ -73.38806083299994, 4.161610833000054, 291.395099999994272 ], [ -73.388041943999951, 4.161530556000059, 290.996100000003935 ], [ -73.388015, 4.161423611000032, 290.779699999999139 ], [ -73.387974721999967, 4.161321389000022, 290.457299999994575 ], [ -73.387923055999977, 4.161229444000071, 290.099000000001979 ], [ -73.387869443999989, 4.161133889000041, 290.045700000002398 ], [ -73.387853203999953, 4.161105028000065, 290.062000000005355 ], [ -73.387815832999934, 4.161038611000038, 290.050900000002002 ], [ -73.387764721999986, 4.160946944000045, 289.848800000007031 ], [ -73.387716943999976, 4.16086027800003, 289.376199999998789 ], [ -73.387665832999971, 4.160765, 288.604300000006333 ], [ -73.387614721999967, 4.160667222000029, 288.208899999997811 ], [ -73.387583332999952, 4.160605556000064, 288.441500000000815 ], [ -73.387536388999933, 4.160507778000067, 288.599300000001676 ], [ -73.387491943999976, 4.160406667000075, 288.514100000000326 ], [ -73.387449443999969, 4.160304444000076, 288.356400000004214 ], [ -73.387407499999938, 4.160203056000057, 288.200899999996182 ], [ -73.387368332999984, 4.160107222000022, 288.055600000006962 ], [ -73.387325832999977, 4.160005, 288.037700000000768 ], [ -73.387283888999946, 4.15990277800006, 288.001699999993434 ], [ -73.387241666999955, 4.15980055600005, 288.158800000004703 ], [ -73.387199166999949, 4.159698611000067, 288.43409999999858 ], [ -73.387156666999942, 4.159596667000073, 288.76589999999851 ], [ -73.387115, 4.159496667000042, 288.9424 ], [ -73.387072499999988, 4.159394722000059, 288.963399999993271 ], [ -73.387031388999958, 4.159295, 288.559500000003027 ], [ -73.386989721999953, 4.159193333000076, 288.030299999998533 ], [ -73.386948332999964, 4.15909083300005, 287.499100000000908 ], [ -73.386906943999975, 4.158988056000055, 287.721799999999348 ], [ -73.386865, 4.15888555600003, 287.943899999998393 ], [ -73.386822499999937, 4.158783056000061, 288.031099999992875 ], [ -73.386781388999964, 4.15868027800002, 287.881399999998393 ], [ -73.38674055599995, 4.15858, 287.935100000002421 ], [ -73.386698055999943, 4.158478056000035, 287.964300000006915 ], [ -73.386655832999963, 4.15837805600006, 288.108900000006543 ], [ -73.386613888999989, 4.158278056000029, 288.482300000003306 ], [ -73.386573055999975, 4.158177500000022, 288.462499999994179 ], [ -73.386532221999971, 4.158075833000055, 288.294699999998556 ], [ -73.386490555999956, 4.157973611000045, 288.292600000000675 ], [ -73.386448888999951, 4.157871944000021, 288.671100000006845 ], [ -73.386429577999934, 4.157823734000033, 288.809500000003027 ], [ -73.386408610999979, 4.157771389000061, 288.930999999996857 ], [ -73.386367221999933, 4.157673611000064, 288.85460000000603 ], [ -73.386365555999987, 4.157669722000037, 288.843699999997625 ], [ -73.386334166999973, 4.157599444000027, 288.614300000001094 ], [ -73.386288610999941, 4.157499722000068, 288.182000000000698 ], [ -73.386243610999941, 4.157399167000051, 287.883600000001024 ], [ -73.386216943999955, 4.157341111000051, 287.768500000005588 ], [ -73.386192499999936, 4.157236667000063, 287.474400000006426 ], [ -73.386192499999936, 4.157126667000057, 287.233600000006845 ], [ -73.386193888999969, 4.157018611000069, 287.109899999995832 ], [ -73.386194443999955, 4.156911111000056, 286.990600000004633 ], [ -73.386194721999971, 4.156800833000034, 286.869099999996251 ], [ -73.386195277999946, 4.156695, 286.754000000000815 ], [ -73.386196110999947, 4.156590278000067, 286.642600000006496 ], [ -73.386197777999939, 4.15648027800006, 286.532699999996112 ], [ -73.386198888999957, 4.15637, 286.419200000003912 ], [ -73.386199721999958, 4.15626, 286.247799999997369 ], [ -73.386200277999933, 4.156151667000074, 286.074299999992945 ], [ -73.386201943999936, 4.156041944000037, 286.30000000000291 ], [ -73.386203332999969, 4.155932222000047, 286.81239999999525 ], [ -73.386203888999944, 4.15582222200004, 287.268100000001141 ], [ -73.386203888999944, 4.15571250000005, 287.268400000000838 ], [ -73.386203610999985, 4.155604167000035, 287.269799999994575 ], [ -73.386203610999985, 4.155498333000025, 286.791599999996834 ], [ -73.386204443999986, 4.155388611000035, 285.979999999995925 ], [ -73.386205555999936, 4.155280278000021, 285.209199999997509 ], [ -73.386207777999971, 4.155170278000071, 284.692500000004657 ], [ -73.386210277999965, 4.155062222000026, 284.19090000000142 ], [ -73.386213332999944, 4.15495222200002, 284.252399999997579 ], [ -73.386216666999985, 4.15484222200007, 284.657900000005611 ], [ -73.386220832999982, 4.154732778000039, 285.0 ], [ -73.386226943999986, 4.154622778000032, 285.0 ], [ -73.386234721999983, 4.154517500000054, 285.0 ], [ -73.386243610999941, 4.154409722000025, 284.747700000007171 ], [ -73.386252777999971, 4.154303889000062, 284.357499999998254 ], [ -73.386262221999971, 4.154194722000057, 284.044899999993504 ], [ -73.38627166699996, 4.15408750000006, 284.440199999997276 ], [ -73.386280555999974, 4.153981944000066, 284.839099999997416 ], [ -73.386289721999958, 4.153876111000045, 285.262799999996787 ], [ -73.386299443999974, 4.153768889000048, 285.693799999993644 ], [ -73.386308888999963, 4.153664167000045, 286.11359999999695 ], [ -73.386318332999963, 4.153554444000065, 286.148199999995995 ], [ -73.386328055999968, 4.153444722000074, 286.183799999998882 ], [ -73.386337777999984, 4.153335833000028, 286.008199999996577 ], [ -73.386347221999984, 4.153230278000024, 285.653699999995297 ], [ -73.386357221999958, 4.153122778000068, 285.294099999999162 ], [ -73.386367221999933, 4.15301305600002, 285.196100000001024 ], [ -73.386376388999963, 4.152908056000058, 285.076400000005378 ], [ -73.386385555999937, 4.152798889000053, 284.618499999996857 ], [ -73.386394166999935, 4.15269416700005, 283.846399999994901 ], [ -73.386402221999958, 4.15258444400007, 283.037400000001071 ], [ -73.386396943999955, 4.152476944000057, 282.293499999999767 ], [ -73.386375, 4.152377500000057, 281.728900000001886 ], [ -73.386351666999985, 4.152275556000063, 281.225500000000466 ], [ -73.386330832999988, 4.152188611000042, 280.739499999996042 ], [ -73.386302221999983, 4.152084444000025, 280.18409999999858 ], [ -73.386272499999961, 4.151983333000032, 279.622600000002421 ], [ -73.386243888999957, 4.151882500000056, 278.845199999996112 ], [ -73.38622, 4.151780278000047, 277.912700000000768 ], [ -73.386193332999937, 4.151673889000051, 277.342300000003888 ], [ -73.386165, 4.151567500000056, 276.845000000001164 ], [ -73.38613666699996, 4.151460556000075, 276.469100000002072 ], [ -73.386108610999941, 4.151353889000063, 276.364900000000489 ], [ -73.386080832999937, 4.151246944000036, 276.261700000002747 ], [ -73.38605333299995, 4.15114, 276.111000000004424 ], [ -73.386025832999962, 4.151032778000058, 276.017200000002049 ], [ -73.38599888899995, 4.150925833000031, 276.042600000000675 ], [ -73.385970277999945, 4.15081888900005, 276.14879999999539 ], [ -73.38594166699994, 4.150712222000038, 276.255099999994854 ], [ -73.38591444399998, 4.150605278000057, 276.631599999993341 ], [ -73.385885832999975, 4.150498889000062, 277.130000000004657 ], [ -73.385855277999951, 4.150392500000066, 277.60109999999986 ], [ -73.38582527799997, 4.15028638900003, 277.828200000003562 ], [ -73.385796110999934, 4.150179722000075, 277.96809999999823 ], [ -73.385770277999939, 4.150080833000061, 278.022599999996601 ], [ -73.385753610999984, 4.150014167000052, 278.021200000002864 ], [ -73.385729443999935, 4.149908611000058, 278.08629999999539 ], [ -73.385706388999949, 4.149803611000038, 278.257700000001932 ], [ -73.38568111099994, 4.149696667000057, 278.44550000000163 ], [ -73.385656110999946, 4.149592778000056, 278.635999999998603 ], [ -73.385630555999967, 4.14949, 279.048399999999674 ], [ -73.385625063999953, 4.149464623000028, 279.134600000004866 ], [ -73.385622499999954, 4.149452778000068, 279.173500000004424 ], [ -73.385602499999948, 4.149344167000038, 279.477599999998347 ], [ -73.385583055999973, 4.149235556000065, 279.263600000005681 ], [ -73.385563332999936, 4.149131944000032, 278.955100000006496 ], [ -73.385542499999985, 4.149026667000044, 278.575500000006286 ], [ -73.385537499999941, 4.14900166700005, 278.430600000006962 ], [ -73.385521666999978, 4.148921667000025, 277.943199999994249 ], [ -73.385500832999981, 4.148815556000045, 277.243199999997159 ], [ -73.385481110999933, 4.148707222000041, 277.0 ], [ -73.385461943999985, 4.148598333000052, 277.050399999992806 ], [ -73.385447221999982, 4.148506389000033, 277.205499999996391 ], [ -73.385432499999979, 4.148402778000047, 278.022200000006706 ], [ -73.385418888999936, 4.148295, 278.819600000002538 ], [ -73.385405832999936, 4.148188056000038, 279.291899999996531 ], [ -73.385393332999968, 4.14808388900002, 279.459600000001956 ], [ -73.385379443999966, 4.147975, 279.679199999998673 ], [ -73.385365277999938, 4.147865556000056, 279.87159999999858 ], [ -73.385350277999976, 4.147756111000035, 279.979200000001583 ], [ -73.385334972999942, 4.147654946000046, 279.850699999995413 ], [ -73.38533388899998, 4.147647778000021, 279.824299999992945 ], [ -73.385319443999947, 4.14754083300005, 279.430099999997765 ], [ -73.385316943999953, 4.147522778000052, 279.36359999999695 ], [ -73.385304443999985, 4.147436389000063, 279.045100000003004 ], [ -73.385287777999963, 4.147329444000036, 278.541400000001886 ], [ -73.385261666999952, 4.147222500000055, 278.095700000005309 ], [ -73.385224721999975, 4.14711972200007, 277.695900000006077 ], [ -73.385184721999963, 4.147019722000039, 277.01919999999518 ], [ -73.385144443999934, 4.146916944000054, 276.261700000002747 ], [ -73.385104721999937, 4.146814444000029, 275.753100000001723 ], [ -73.385065277999956, 4.146711111000059, 275.372300000002724 ], [ -73.385027221999962, 4.146613333000062, 275.012000000002445 ], [ -73.384988888999942, 4.146512222000069, 274.92609999999695 ], [ -73.384950832999948, 4.14641111100002, 274.95329999999376 ], [ -73.384913888999961, 4.14631083300003, 275.176000000006752 ], [ -73.384880832999954, 4.146220833000029, 275.630300000004354 ], [ -73.384843610999951, 4.146119444000021, 276.142099999997299 ], [ -73.384806943999934, 4.146018611000045, 276.470100000005914 ], [ -73.384774721999975, 4.14591305600004, 276.58969999999681 ], [ -73.384749166999939, 4.145805833000054, 276.684599999993225 ], [ -73.38472361099997, 4.145698611000057, 276.420700000002398 ], [ -73.38469833299996, 4.145594722000055, 276.131699999998091 ], [ -73.384672221999949, 4.145488056000033, 275.970499999995809 ], [ -73.384647221999955, 4.145380833000047, 276.0 ], [ -73.384623888999954, 4.145275556000058, 276.0 ], [ -73.384600832999979, 4.145168889000047, 275.688800000003539 ], [ -73.384576666999976, 4.145061389000034, 275.292600000000675 ], [ -73.384550555999965, 4.144953889000021, 274.956200000000536 ], [ -73.384524166999938, 4.144846667000024, 274.740399999995134 ], [ -73.3845, 4.144744722000041, 274.4663 ], [ -73.384475, 4.144636944000069, 274.10580000000482 ], [ -73.384450277999974, 4.14452916700003, 273.673200000004726 ], [ -73.384426388999941, 4.144424722000053, 273.327600000004168 ], [ -73.384401666999963, 4.144317778000072, 273.922900000005029 ], [ -73.384379166999963, 4.144219722000059, 274.677999999999884 ], [ -73.384355, 4.144112778000022, 275.525699999998324 ], [ -73.38433, 4.144005833000051, 276.292700000005425 ], [ -73.384304443999952, 4.143900833000032, 276.974499999996624 ], [ -73.384282221999968, 4.143811389000064, 277.131800000002841 ], [ -73.384259166999982, 4.143717500000037, 277.333499999993364 ], [ -73.384233332999941, 4.14361, 277.600999999995111 ], [ -73.384207499999945, 4.143502500000068, 277.696899999995367 ], [ -73.38418166699995, 4.143395278000071, 277.792900000000373 ], [ -73.384180832999959, 4.143390833000069, 277.796000000002095 ], [ -73.384172221999961, 4.143353056000024, 277.825100000001839 ], [ -73.384153332999972, 4.14324722200007, 277.544699999998556 ], [ -73.384138055999983, 4.143138333000024, 277.195900000006077 ], [ -73.384123055999964, 4.143028611000034, 276.802899999995134 ], [ -73.38411027799998, 4.142928889000075, 276.466400000004796 ], [ -73.384096110999963, 4.14281972200007, 276.138699999995879 ], [ -73.384083332999978, 4.142710833000024, 276.1591000000044 ], [ -73.384072499999945, 4.142600833000074, 276.199500000002445 ], [ -73.384062777999986, 4.142490556000041, 276.332299999994575 ], [ -73.384052777999955, 4.142380278000076, 276.540399999998044 ], [ -73.384042221999948, 4.14227, 276.685700000001816 ], [ -73.384031388999972, 4.14216, 276.245999999999185 ], [ -73.384021110999981, 4.14205, 275.802100000000792 ], [ -73.38401, 4.14194, 275.446899999995367 ], [ -73.38399888899994, 4.141834722000056, 275.2103000000061 ], [ -73.383988055999964, 4.141725, 274.995699999999488 ], [ -73.383976943999983, 4.141615, 274.590200000006007 ], [ -73.383964166999988, 4.141505278000068, 274.185800000006566 ], [ -73.383952221999948, 4.141398889000072, 274.0 ], [ -73.38394083299994, 4.141294167000069, 274.0 ], [ -73.383929166999962, 4.141184444000032, 274.0 ], [ -73.38392, 4.141131667000025, 274.191300000005867 ], [ -73.38389472199998, 4.141024444000038, 274.586500000004889 ], [ -73.383880277999936, 4.140961944000026, 274.816800000000512 ], [ -73.383870277999961, 4.140917500000057, 274.98059999999532 ], [ -73.383851943999957, 4.140830833000052, 274.987099999998463 ], [ -73.383834443999945, 4.140734444000032, 274.886499999993248 ], [ -73.383815832999971, 4.140628333000052, 274.649099999995087 ], [ -73.383805127999949, 4.140571986000054, 274.404299999994691 ], [ -73.383795832999965, 4.140523056000063, 274.205199999996694 ], [ -73.383775277999973, 4.140417778000028, 273.816500000000815 ], [ -73.383773055999939, 4.140407500000038, 273.780799999993178 ], [ -73.383772499999964, 4.140405833000045, 273.774300000004587 ], [ -73.383772221999948, 4.140403889000027, 273.768200000005891 ], [ -73.38377, 4.140393611000036, 273.733399999997346 ], [ -73.383768055999951, 4.140383611000061, 273.700899999996182 ], [ -73.383766110999943, 4.14037361100003, 273.668999999994412 ], [ -73.38374651099997, 4.140277160000039, 273.868199999997159 ], [ -73.383745851999947, 4.140273913000044, 273.877399999997579 ], [ -73.383745, 4.140269722000028, 273.8894 ], [ -73.383742499999983, 4.140257778000034, 273.924700000003213 ], [ -73.38374, 4.140245556000025, 273.962499999994179 ], [ -73.383736388999978, 4.14022638900002, 274.025099999998929 ], [ -73.383732499999951, 4.140205278000053, 274.098400000002584 ], [ -73.383714166999937, 4.140111667000042, 274.481100000004517 ], [ -73.383712221999986, 4.14010055600005, 274.53190000000177 ], [ -73.383704721999948, 4.140064444000075, 274.693599999998696 ], [ -73.383692777999954, 4.140017500000056, 274.910999999992782 ], [ -73.383666666999943, 4.139910278000059, 275.403099999995902 ], [ -73.383642221999935, 4.13980250000003, 275.80109999999695 ], [ -73.383624443999963, 4.139693611000041, 275.867299999998068 ], [ -73.383603888999971, 4.139585278000027, 275.943700000003446 ], [ -73.38358722199996, 4.139503611000066, 275.802700000000186 ], [ -73.383582221999973, 4.139477222000039, 275.686799999995856 ], [ -73.38356, 4.139368889000025, 275.205000000001746 ], [ -73.383536943999957, 4.139261111000053, 274.807499999995343 ], [ -73.383513332999939, 4.139153056000055, 274.719700000001467 ], [ -73.383488610999962, 4.139045278000026, 274.627900000006775 ], [ -73.38348134599994, 4.139014717000066, 274.600900000004913 ], [ -73.383463055999982, 4.13893777800007, 274.662400000001071 ], [ -73.383439721999935, 4.138829444000066, 274.820800000001327 ], [ -73.383416388999933, 4.138721389000068, 275.0 ], [ -73.383392777999973, 4.138613056000054, 275.0 ], [ -73.38337, 4.138505, 275.0 ], [ -73.383348055999988, 4.138396667000052, 274.971399999994901 ], [ -73.383328055999982, 4.138293333000036, 274.979699999996228 ], [ -73.383306666999943, 4.138185, 274.999299999995856 ], [ -73.383283610999968, 4.138076944000034, 274.744500000000698 ], [ -73.383259443999975, 4.137969167000051, 274.566399999996065 ], [ -73.383235832999958, 4.137861667000038, 274.790500000002794 ], [ -73.383221110999955, 4.137752222000074, 275.142500000001746 ], [ -73.383214721999934, 4.137641667000025, 275.423399999999674 ], [ -73.383209721999947, 4.13753138900006, 275.681299999996554 ], [ -73.383205277999934, 4.137420833000022, 275.924299999998766 ], [ -73.383202221999966, 4.137323889000072, 275.774499999999534 ], [ -73.383198332999939, 4.13721361100005, 275.368000000002212 ], [ -73.38319249999995, 4.137103333000027, 274.981700000003912 ], [ -73.383184166999968, 4.136993056000051, 274.774999999994179 ], [ -73.383176666999987, 4.136896389000071, 274.572400000004563 ], [ -73.383170555999982, 4.1368, 274.443400000003749 ], [ -73.383165, 4.136689444000069, 274.422500000000582 ], [ -73.38316055599995, 4.136592778000022, 274.40570000000298 ], [ -73.383155555999963, 4.136482500000056, 273.933499999999185 ], [ -73.383151110999961, 4.136371944000075, 273.363800000006449 ], [ -73.38314749999995, 4.136276389000045, 273.0 ], [ -73.38314361099998, 4.136166111000023, 273.0 ], [ -73.383139166999968, 4.136055556000031, 273.0 ], [ -73.383133055999963, 4.135945, 273.494300000005751 ], [ -73.383123332999958, 4.135835, 274.092699999993783 ], [ -73.383112499999982, 4.135733333000076, 274.518700000000536 ], [ -73.383101388999989, 4.135623333000069, 274.77039999999397 ], [ -73.383093332999977, 4.135513056000036, 275.069099999993341 ], [ -73.383086666999986, 4.135402500000055, 275.088900000002468 ], [ -73.383081110999967, 4.135291944000073, 275.03059999999823 ], [ -73.38307611099998, 4.13518166700004, 274.888900000005378 ], [ -73.383071943999937, 4.135071111000059, 274.509200000000419 ], [ -73.38306666699998, 4.134960833000036, 274.1137000000017 ], [ -73.383059166999942, 4.134850278000044, 274.024900000003981 ], [ -73.383051388999945, 4.134740278000038, 273.995699999999488 ], [ -73.38304527799994, 4.134629722000057, 273.97269999999844 ], [ -73.383038332999945, 4.13452, 273.946700000000419 ], [ -73.383032499999956, 4.134409444000028, 273.924700000003213 ], [ -73.383026388999951, 4.134298889000036, 273.938699999998789 ], [ -73.383019443999956, 4.134188333000054, 273.973100000002887 ], [ -73.383011943999975, 4.134078056000021, 273.839099999997416 ], [ -73.383008888999939, 4.134028611000076, 273.688800000003539 ], [ -73.383006943999987, 4.133995, 273.588900000002468 ], [ -73.383005277999985, 4.133967778000056, 273.509399999995367 ], [ -73.382998888999964, 4.133857222000074, 273.201400000005378 ], [ -73.382993332999945, 4.133746944000052, 273.222399999998743 ], [ -73.382986943999981, 4.133636667000076, 273.246400000003632 ], [ -73.382975832999989, 4.133526667000069, 273.287899999995716 ], [ -73.382957221999959, 4.133417500000064, 273.357099999993807 ], [ -73.382941666999955, 4.133308056000033, 273.426699999996345 ], [ -73.382935832999976, 4.133197500000051, 273.627299999992829 ], [ -73.382934443999943, 4.133086667000043, 273.81600000000617 ], [ -73.382936388999951, 4.132976111000062, 273.761599999997998 ], [ -73.382936388999951, 4.132865278000054, 273.584099999992759 ], [ -73.382930555999963, 4.132768333000058, 273.449800000002142 ], [ -73.382919166999955, 4.132658611000068, 273.289199999999255 ], [ -73.38291, 4.132548333000045, 273.091700000004494 ], [ -73.382905832999938, 4.132438056000069, 273.129400000005262 ], [ -73.382902221999984, 4.132327500000031, 273.36250000000291 ], [ -73.382898332999957, 4.132218056000056, 273.578899999993155 ], [ -73.382892777999984, 4.13212111100006, 273.599799999996321 ], [ -73.382883332999938, 4.132010833000038, 273.635099999999511 ], [ -73.38287, 4.131901389000063, 273.898000000001048 ], [ -73.382868888999951, 4.131892222000033, 273.935899999996764 ], [ -73.382860033999975, 4.131819372000052, 274.23750000000291 ], [ -73.382856666999942, 4.131791667000073, 274.352100000003702 ], [ -73.382849443999987, 4.131681111000034, 274.767600000006496 ], [ -73.382846110999935, 4.131570556000042, 274.872000000003027 ], [ -73.382841388999964, 4.131469444000061, 274.959499999997206 ], [ -73.38283249999995, 4.131358889000069, 275.0 ], [ -73.382823888999951, 4.131263056000023, 275.0 ], [ -73.38281638899997, 4.131155, 275.0 ], [ -73.382811666999942, 4.131045556000061, 274.299799999993411 ], [ -73.382806388999938, 4.130935278000038, 273.510599999994156 ], [ -73.382800277999934, 4.13083, 273.053700000004028 ], [ -73.382794166999986, 4.130720833000055, 273.03070000000298 ], [ -73.382790832999945, 4.130673333000061, 273.018200000005891 ], [ -73.382787221999934, 4.130615, 273.004700000004959 ], [ -73.382785277999972, 4.13055, 273.194000000003143 ], [ -73.382784166999954, 4.130506111000045, 273.353799999997136 ], [ -73.382783888999938, 4.130491944000028, 273.405199999993783 ], [ -73.382780555999943, 4.130395833000023, 273.747000000003027 ], [ -73.38277416699998, 4.130290278000075, 274.259099999995669 ], [ -73.382768332999945, 4.130189722000068, 274.978499999997439 ], [ -73.382761666999954, 4.130079722000062, 275.7644 ], [ -73.382755277999934, 4.129970833000073, 276.175600000002305 ], [ -73.382748610999954, 4.129861389000041, 276.489000000001397 ], [ -73.382741666999948, 4.129752500000052, 276.554699999993318 ], [ -73.382735277999984, 4.129644722000023, 276.188399999999092 ], [ -73.382728332999989, 4.129535833000034, 275.835800000000745 ], [ -73.382722221999984, 4.129435556000033, 275.530299999998533 ], [ -73.382715555999937, 4.129327778000061, 275.220799999995506 ], [ -73.382708610999941, 4.129217500000038, 274.924700000003213 ], [ -73.382701943999962, 4.129111389000059, 274.659700000003795 ], [ -73.382694166999954, 4.129002222000054, 274.410600000002887 ], [ -73.382690786999945, 4.128951135000023, 274.445699999996577 ], [ -73.382686943999943, 4.128893056000038, 274.674199999994016 ], [ -73.382681666999986, 4.128783611000074, 275.097500000003492 ], [ -73.382673888999989, 4.128675833000045, 275.52390000000014 ], [ -73.382666388999951, 4.12856666700003, 275.954400000002352 ], [ -73.382658332999938, 4.128461389000051, 276.372600000002421 ], [ -73.382655555999975, 4.128425, 276.476299999994808 ], [ -73.382653412999957, 4.128396030000033, 276.430999999996857 ], [ -73.382647499999962, 4.128316111000061, 276.297000000005937 ], [ -73.38264583299997, 4.128292778000059, 276.255300000004354 ], [ -73.382638332999989, 4.128192500000068, 276.064100000003236 ], [ -73.382637777999946, 4.128183333000038, 276.045499999992899 ], [ -73.382635, 4.128140556000062, 275.956999999994878 ], [ -73.382634166999935, 4.128128333000063, 275.931100000001607 ], [ -73.382630577999976, 4.128080299000032, 275.826199999995879 ], [ -73.382626943999981, 4.128031667000073, 275.715100000001257 ], [ -73.382623610999985, 4.127989444000036, 275.614300000001094 ], [ -73.382618332999982, 4.127925833000063, 275.454299999997602 ], [ -73.38261111099996, 4.127845556000068, 275.287700000000768 ], [ -73.382602221999946, 4.127736111000047, 275.134600000004866 ], [ -73.382593055999962, 4.127626667000072, 275.008300000001327 ], [ -73.382583888999989, 4.127517778000026, 275.0 ], [ -73.382574166999973, 4.12741027800007, 275.0 ], [ -73.382564166999941, 4.127303056000073, 274.97259999999369 ], [ -73.382553610999935, 4.127194167000027, 274.927200000005541 ], [ -73.382543332999944, 4.127086667000071, 274.913000000000466 ], [ -73.382533055999943, 4.126981944000022, 274.619399999995949 ], [ -73.382522777999952, 4.126872222000031, 274.245599999994738 ], [ -73.382512221999946, 4.126764722000075, 273.978199999997742 ], [ -73.382502221999971, 4.126657778000038, 273.971099999995204 ], [ -73.382493055999987, 4.126551944000028, 273.993300000001909 ], [ -73.382483055999955, 4.126446944000065, 274.275699999998324 ], [ -73.382472499999949, 4.126339722000068, 274.589500000001863 ], [ -73.382461666999973, 4.126230278000037, 274.902700000006007 ], [ -73.38245083299995, 4.126121111000032, 275.264599999994971 ], [ -73.382440832999976, 4.12601333300006, 275.624500000005355 ], [ -73.382430555999974, 4.125905833000047, 275.669399999998859 ], [ -73.382420832999969, 4.125796944000058, 275.63300000000163 ], [ -73.382411110999954, 4.125689167000075, 275.596699999994598 ], [ -73.382401388999938, 4.125579167000069, 275.560299999997369 ], [ -73.382391388999963, 4.125469444000032, 275.523000000001048 ], [ -73.382381666999947, 4.125359444000026, 275.654500000004191 ], [ -73.382371666999973, 4.125249444000076, 275.852700000003097 ], [ -73.382361110999966, 4.125139444000069, 275.943499999993946 ], [ -73.382350277999933, 4.125033889000065, 275.805300000007264 ], [ -73.382343332999938, 4.124923611000042, 275.67949999999837 ], [ -73.382333332999963, 4.124814167000068, 275.563299999994342 ], [ -73.382321666999985, 4.124704444000031, 275.385299999994459 ], [ -73.382314721999933, 4.124597222000034, 275.268700000000536 ], [ -73.382306943999936, 4.124486944000068, 275.319799999997485 ], [ -73.382302221999964, 4.124377500000037, 275.368700000006356 ], [ -73.382298332999937, 4.124266944000055, 275.225699999995413 ], [ -73.382294721999983, 4.124156667000022, 275.077099999994971 ], [ -73.382289721999939, 4.124046389000057, 274.832999999998719 ], [ -73.382283055999949, 4.123936667000066, 274.428599999999278 ], [ -73.382277777999946, 4.123829722000039, 274.034400000004098 ], [ -73.38227361099996, 4.123719167000047, 274.403500000000349 ], [ -73.382269721999933, 4.12360833300005, 274.833799999993062 ], [ -73.382266110999979, 4.123497778000058, 275.052899999995134 ], [ -73.382261943999936, 4.123387500000035, 275.037200000006123 ], [ -73.382257221999964, 4.123276944000054, 275.0193 ], [ -73.382253055999968, 4.123166389000062, 275.002099999997881 ], [ -73.382248888999982, 4.123056111000039, 275.009999999994761 ], [ -73.382244166999953, 4.122945556000047, 275.036800000001676 ], [ -73.382240277999983, 4.122856389000049, 275.069499999997788 ], [ -73.382235277999939, 4.122745833000067, 275.124700000000303 ], [ -73.382230277999952, 4.122635278000075, 275.134600000004866 ], [ -73.382225277999964, 4.122524722000037, 275.123999999996158 ], [ -73.382220277999977, 4.12241472200003, 274.960500000001048 ], [ -73.382215277999933, 4.122304722000024, 274.633700000005774 ], [ -73.382211666999979, 4.122224722000055, 274.405400000003283 ], [ -73.382210555999961, 4.122195, 274.320999999996275 ], [ -73.382205832999944, 4.122085, 274.607699999993201 ], [ -73.382201388999988, 4.12198, 274.866699999998673 ], [ -73.38219666699996, 4.12187083300006, 275.147400000001653 ], [ -73.382191388999956, 4.121763611000063, 275.448300000003655 ], [ -73.382186110999953, 4.121653611000056, 275.741200000004028 ], [ -73.382181388999982, 4.121548056000051, 275.733099999997648 ], [ -73.382176388999937, 4.12144, 275.714200000002165 ], [ -73.382171943999936, 4.121329167000056, 275.697400000004563 ], [ -73.382167777999939, 4.121218611000074, 275.681599999996251 ], [ -73.382164443999955, 4.121108056000025, 275.668900000004214 ], [ -73.382161110999959, 4.120997500000044, 275.390100000004168 ], [ -73.382156388999988, 4.120886944000063, 275.119300000005751 ], [ -73.382153332999962, 4.120829167000068, 274.957500000004075 ], [ -73.382147221999958, 4.120721111000023, 274.319300000002841 ], [ -73.382141666999985, 4.120610833000057, 273.684699999997974 ], [ -73.382137499999942, 4.120501111000067, 273.197400000004563 ], [ -73.382133610999972, 4.120395833000032, 272.823999999993248 ], [ -73.382129721999945, 4.120285556000056, 272.478300000002491 ], [ -73.382125832999975, 4.120175278000033, 272.705199999996694 ], [ -73.382121666999979, 4.120069444000023, 272.911999999996624 ], [ -73.382117499999936, 4.119964167000035, 273.214600000006612 ], [ -73.38211305599998, 4.119854167000028, 273.6201 ], [ -73.382107499999961, 4.119743611000047, 274.027600000001257 ], [ -73.382101666999972, 4.119638333000069, 274.415699999997742 ], [ -73.382095277999952, 4.119530556000029, 274.812900000004447 ], [ -73.382089166999947, 4.119425, 275.202000000004773 ], [ -73.382083888999944, 4.119316389000062, 275.602400000003399 ], [ -73.38207861099994, 4.119206389000055, 276.0 ], [ -73.382072499999936, 4.119095833000074, 276.0 ], [ -73.382070277999958, 4.119056389000036, 276.0 ], [ -73.382064166999953, 4.118948333000048, 276.0 ], [ -73.382056943999942, 4.118838056000072, 276.096399999994901 ], [ -73.38205, 4.118727500000034, 276.183699999994133 ], [ -73.382045277999964, 4.118617222000069, 276.50010000000475 ], [ -73.38204194399998, 4.118506667000077, 277.138099999996484 ], [ -73.382038332999969, 4.118398611000032, 277.782999999995809 ], [ -73.382034166999972, 4.118287778000024, 277.892300000006799 ], [ -73.382028055999967, 4.118177500000058, 277.969100000002072 ], [ -73.382021666999947, 4.118080833000022, 277.84320000000298 ], [ -73.382012777999989, 4.117970556000046, 277.436700000005658 ], [ -73.382007777999945, 4.11786, 277.029200000004494 ], [ -73.382005555999967, 4.117749444000026, 276.243400000006659 ], [ -73.381997499999954, 4.117639444000076, 275.432400000005146 ], [ -73.381991110999934, 4.11753, 274.815799999996671 ], [ -73.381985832999987, 4.117419444000063, 274.403600000005099 ], [ -73.381981110999959, 4.117311111000049, 274.005799999998999 ], [ -73.38197527799997, 4.117209722000041, 274.016099999993457 ], [ -73.381972499999961, 4.117101111000068, 274.041800000006333 ], [ -73.381970832999968, 4.117001389000052, 274.060899999996764 ], [ -73.38196888899995, 4.116946944000063, 274.068299999998999 ], [ -73.38196611099994, 4.116838889000064, 274.078899999993155 ], [ -73.381964443999948, 4.116729722000059, 274.073699999993551 ], [ -73.381961943999954, 4.116619722000053, 274.043499999999767 ], [ -73.381960832999937, 4.116508889000045, 274.0049 ], [ -73.381959721999976, 4.116398611000022, 274.037200000006123 ], [ -73.381957221999983, 4.116289167000048, 274.08640000000014 ], [ -73.381953332999956, 4.116181389000076, 274.128299999996671 ], [ -73.381947777999983, 4.116070833000038, 274.149199999999837 ], [ -73.381941943999948, 4.115964167000072, 274.171199999997043 ], [ -73.381935555999974, 4.115856111000028, 274.482799999997951 ], [ -73.381929443999979, 4.115752778000058, 274.795400000002701 ], [ -73.381924721999951, 4.115642222000076, 275.0 ], [ -73.381923332999975, 4.115534722000064, 275.0 ], [ -73.381923332999975, 4.115424722000057, 275.0 ], [ -73.381922221999957, 4.115324444000066, 275.078099999998813 ], [ -73.381918610999946, 4.115213889000074, 275.188399999999092 ], [ -73.38191444399996, 4.115114167000058, 275.368000000002212 ], [ -73.381911110999965, 4.115006111000071, 275.778999999994994 ], [ -73.381908055999986, 4.114896389000023, 276.195200000001932 ], [ -73.381904721999945, 4.114786389000074, 276.012100000007194 ], [ -73.381898888999956, 4.114675833000035, 275.626499999998487 ], [ -73.381891110999959, 4.114566389000061, 275.100099999996019 ], [ -73.381885, 4.11445777800003, 274.164999999993597 ], [ -73.381879166999965, 4.11434805600004, 273.201499999995576 ], [ -73.381872777999945, 4.114238056000033, 272.860700000004726 ], [ -73.381866388999981, 4.114128333000053, 272.66830000000482 ], [ -73.381859443999986, 4.114018333000047, 272.517200000002049 ], [ -73.381852499999979, 4.11390833300004, 272.491200000004028 ], [ -73.381847777999951, 4.113799444000051, 272.473299999997835 ], [ -73.381839721999938, 4.11369916700005, 272.579800000006799 ], [ -73.38183111099994, 4.113589722000029, 272.70339999999851 ], [ -73.381825277999951, 4.113480278000054, 272.848400000002584 ], [ -73.381820832999949, 4.11337, 273.071899999995367 ], [ -73.381816666999953, 4.113263889000052, 273.300300000002608 ], [ -73.381813055999942, 4.113154167000062, 273.868300000001909 ], [ -73.381811666999965, 4.11304750000005, 274.518400000000838 ], [ -73.381811110999934, 4.112937500000044, 275.192899999994552 ], [ -73.381808055999954, 4.112826944000062, 275.877600000007078 ], [ -73.381803864999938, 4.112724790000073, 276.523199999995995 ], [ -73.381803610999953, 4.112718611000048, 276.562699999994948 ], [ -73.381797499999948, 4.11260777800004, 277.379000000000815 ], [ -73.38179249999996, 4.112522222000052, 278.028500000000349 ], [ -73.381785555999954, 4.112411389000044, 278.787700000000768 ], [ -73.381777499999941, 4.112300833000063, 278.984400000001187 ], [ -73.381771666999953, 4.112226389000057, 279.088499999998021 ], [ -73.381766666999965, 4.112161111000034, 279.160399999993388 ], [ -73.381759166999984, 4.112051111000028, 279.139699999999721 ], [ -73.381754443999966, 4.111940556000036, 279.121899999998277 ], [ -73.38175416699994, 4.111832778000064, 278.909899999998743 ], [ -73.38175305599998, 4.111722222000026, 278.451499999995576 ], [ -73.38175, 4.111611667000034, 277.997000000003027 ], [ -73.381744443999935, 4.111500833000036, 277.588499999998021 ], [ -73.381738888999962, 4.11139, 277.179900000002817 ], [ -73.381732499999941, 4.11128, 276.5576 ], [ -73.381725832999962, 4.111169444000041, 275.742400000002817 ], [ -73.381720832999974, 4.111058333000074, 275.005300000004354 ], [ -73.381716110999946, 4.110948333000067, 275.023199999995995 ], [ -73.381713055999967, 4.110838611000077, 275.034799999993993 ], [ -73.381712499999935, 4.110728056000028, 275.027600000001257 ], [ -73.38171, 4.110618056000021, 275.015700000003562 ], [ -73.381704166999953, 4.110507778000056, 275.06710000000021 ], [ -73.381695832999981, 4.110397778000049, 275.429799999998068 ], [ -73.381689166999934, 4.110287778000043, 275.772599999996601 ], [ -73.381686943999966, 4.110177778000036, 275.866399999998976 ], [ -73.381684443999973, 4.11006777800003, 275.856799999994109 ], [ -73.381679166999959, 4.109957500000064, 275.76919999999518 ], [ -73.38167055599996, 4.109847222000042, 275.495800000004238 ], [ -73.381662777999964, 4.109737222000035, 275.27270000000135 ], [ -73.381658888999937, 4.109627222000029, 275.315300000002026 ], [ -73.381655, 4.109517222000022, 275.437699999994948 ], [ -73.38165, 4.109406944000057, 275.545599999997648 ], [ -73.381645555999967, 4.109296389000065, 275.579199999992852 ], [ -73.381640832999949, 4.109185833000026, 275.614900000000489 ], [ -73.381636110999978, 4.109076111000036, 276.235700000004726 ], [ -73.38163, 4.108966389000045, 276.941600000005565 ], [ -73.381625, 4.108860556000025, 277.602100000003702 ], [ -73.381623332999936, 4.108810556000037, 277.907300000006217 ], [ -73.381623055999967, 4.108801944000049, 277.959700000006706 ], [ -73.381620555999973, 4.108691944000043, 278.620999999999185 ], [ -73.381620277999957, 4.108668056000056, 278.763500000000931 ], [ -73.381618888999981, 4.108559444000036, 278.845300000000861 ], [ -73.381618610999965, 4.108450278000021, 278.600999999995111 ], [ -73.381617777999963, 4.108371667000029, 278.427999999999884 ], [ -73.381613610999977, 4.108260556000062, 278.118700000006356 ], [ -73.381609443999935, 4.108150556000055, 277.777000000001863 ], [ -73.381605555999954, 4.108039722000058, 277.293900000004214 ], [ -73.381601943999954, 4.107929167000066, 276.653000000005704 ], [ -73.381598332999943, 4.107818611000027, 276.023400000005495 ], [ -73.381597221999982, 4.107782222000026, 276.118900000001304 ], [ -73.381594443999973, 4.107708333000062, 276.391199999998207 ], [ -73.38158361099994, 4.10759777800007, 276.798699999999371 ], [ -73.381577499999935, 4.107487222000032, 277.319199999998091 ], [ -73.38158, 4.107377222000025, 277.941099999996368 ], [ -73.381583055999954, 4.107319444000041, 278.259699999995064 ], [ -73.38158333299998, 4.107268611000052, 278.520000000004075 ], [ -73.381582221999963, 4.107220556000073, 278.430300000007264 ], [ -73.381580277999944, 4.107159444000047, 278.315000000002328 ], [ -73.381577777999951, 4.107065, 278.130000000004657 ], [ -73.38157416699994, 4.106954444000053, 277.73420000000624 ], [ -73.381570555999986, 4.106843333000029, 277.086800000004587 ], [ -73.381566666999959, 4.106733056000053, 276.432000000000698 ], [ -73.381562499999973, 4.106622222000055, 276.39440000000468 ], [ -73.381558332999987, 4.106511944000033, 276.378599999996368 ], [ -73.38155444399996, 4.106400833000066, 276.498000000006869 ], [ -73.381550832999949, 4.106290278000074, 276.751999999993131 ], [ -73.381546388999936, 4.106184722000023, 277.0 ], [ -73.381541943999935, 4.106074444000058, 277.0 ], [ -73.381537777999938, 4.105963333000034, 277.0 ], [ -73.381533888999968, 4.105853611000043, 276.771900000007008 ], [ -73.381530832999943, 4.10574222200006, 276.361300000004121 ], [ -73.381527221999988, 4.105632222000054, 275.988500000006752 ], [ -73.381523888999936, 4.105547778000073, 275.911900000006426 ], [ -73.381522777999976, 4.105521667000062, 275.889899999994668 ], [ -73.381518888999949, 4.10542833300002, 275.817699999999604 ], [ -73.381513332999987, 4.105317778000028, 275.834099999992759 ], [ -73.38150666699994, 4.105207500000063, 275.928499999994528 ], [ -73.381500277999976, 4.105110833000026, 275.994600000005448 ], [ -73.381492221999963, 4.105000278000034, 276.0 ], [ -73.381483888999981, 4.10489, 276.0 ], [ -73.381475555999941, 4.104780278000021, 276.0 ], [ -73.381467221999969, 4.104670278000071, 276.0 ], [ -73.381458332999955, 4.10456, 276.0 ], [ -73.381447499999979, 4.10445, 276.0 ], [ -73.381435555999985, 4.10434, 276.0 ], [ -73.381426943999941, 4.10423, 276.212799999993877 ], [ -73.381420832999936, 4.10413333300005, 276.569099999993341 ], [ -73.381413055999985, 4.104023056000074, 276.975600000005215 ], [ -73.381407777999982, 4.103912222000076, 277.384099999995669 ], [ -73.381396666999933, 4.103801944000054, 277.790599999992992 ], [ -73.381377499999985, 4.103693333000024, 278.057199999995646 ], [ -73.381357221999963, 4.103584722000051, 278.221799999999348 ], [ -73.381344721999938, 4.103521944000022, 278.346900000004098 ], [ -73.381325, 4.103426944000034, 278.409499999994296 ], [ -73.381309443999953, 4.103355278000038, 278.311300000001211 ], [ -73.381284721999975, 4.10324722200005, 278.106299999999464 ], [ -73.38126, 4.103139444000021, 277.706500000000233 ], [ -73.381237221999982, 4.103031111000064, 277.255399999994552 ], [ -73.381216943999959, 4.102922500000034, 276.807400000005146 ], [ -73.381195555999966, 4.102813611000045, 275.697100000004866 ], [ -73.381174166999983, 4.102705, 274.499400000000605 ], [ -73.381151666999983, 4.102596944000027, 273.967699999993783 ], [ -73.381128055999966, 4.102488611000069, 273.856799999994109 ], [ -73.381103888999974, 4.102380278000055, 273.723199999993085 ], [ -73.381081110999958, 4.102272222000067, 274.199200000002747 ], [ -73.381058888999974, 4.102163889000053, 274.744500000000698 ], [ -73.381036666999989, 4.102055, 275.35899999999674 ], [ -73.381014443999959, 4.10194666700005, 276.036399999997229 ], [ -73.380991943999959, 4.101838611000062, 276.732900000002701 ], [ -73.380969443999959, 4.101730278000048, 276.816500000000815 ], [ -73.380947221999975, 4.101621667000074, 276.899099999995087 ], [ -73.380925, 4.10151361100003, 277.206200000000536 ], [ -73.380902499999934, 4.101404722000041, 277.584900000001653 ], [ -73.380879721999975, 4.101296389000026, 277.87510000000475 ], [ -73.380856666999989, 4.101188611000055, 278.186700000005658 ], [ -73.380833055999972, 4.10108, 278.499200000005658 ], [ -73.380811388999973, 4.100971111000035, 278.686499999996158 ], [ -73.380790832999935, 4.100862778000021, 278.819000000003143 ], [ -73.38077, 4.100754444000074, 279.002600000007078 ], [ -73.380747777999943, 4.100645556000075, 279.119099999996251 ], [ -73.380726666999976, 4.100536944000055, 279.360899999999674 ], [ -73.380705832999979, 4.100428611000041, 279.369399999995949 ], [ -73.380685, 4.100320556000042, 279.12609999999404 ], [ -73.380663055999946, 4.100211944000023, 278.868000000002212 ], [ -73.380640832999973, 4.100104444000067, 278.16370000000461 ], [ -73.380618332999973, 4.099995833000037, 277.363100000002305 ], [ -73.380596388999948, 4.099888333000024, 276.78530000000319 ], [ -73.380574443999933, 4.099779444000035, 276.384000000005472 ], [ -73.380551943999933, 4.099671667000052, 276.0 ], [ -73.380529721999949, 4.099563333000049, 276.0 ], [ -73.380508332999966, 4.09945527800005, 276.0 ], [ -73.380487221999942, 4.099346111000045, 276.0 ], [ -73.380467221999936, 4.099238333000073, 276.0 ], [ -73.380447221999987, 4.099129722000043, 276.0 ], [ -73.380428055999971, 4.099021389000029, 276.0 ], [ -73.380409443999952, 4.098912778000056, 276.0 ], [ -73.380390832999979, 4.098804167000026, 276.210500000001048 ], [ -73.380371943999933, 4.098695278000037, 276.611900000003516 ], [ -73.38035333299996, 4.098587222000049, 276.99890000000596 ], [ -73.380334166999944, 4.09848, 276.927700000000186 ], [ -73.380314443999964, 4.098371111000063, 276.796900000001187 ], [ -73.380295, 4.098263333000034, 276.609899999995832 ], [ -73.380275832999985, 4.098154444000045, 276.365399999995134 ], [ -73.380256943999939, 4.098046389000046, 276.066900000005262 ], [ -73.38023777799998, 4.097938056000032, 275.739700000005541 ], [ -73.380218055999933, 4.09782944400007, 275.466499999994994 ], [ -73.380197221999936, 4.097721111000055, 275.451400000005378 ], [ -73.380177777999961, 4.097612778000041, 275.697199999995064 ], [ -73.38016, 4.097504444000037, 276.000899999999092 ], [ -73.380142499999977, 4.097395556000038, 276.40219999999681 ], [ -73.380123055999945, 4.097287222000034, 276.801500000001397 ], [ -73.380103055999939, 4.097178333000045, 277.007700000001932 ], [ -73.380083610999975, 4.097069722000072, 277.066500000000815 ], [ -73.380063332999953, 4.096961389000057, 277.188200000004144 ], [ -73.380042499999945, 4.096853056000043, 277.664900000003399 ], [ -73.380021666999937, 4.096744444000024, 278.142699999996694 ], [ -73.380001110999956, 4.096635556000024, 278.8237999999983 ], [ -73.379980555999964, 4.096526667000035, 279.702900000003865 ], [ -73.379960277999942, 4.096418333000031, 280.568899999998393 ], [ -73.379940555999951, 4.096313333000069, 280.642300000006799 ], [ -73.379919721999954, 4.09620527800007, 280.719700000001467 ], [ -73.379898888999946, 4.09609666700004, 280.646099999998114 ], [ -73.379878055999939, 4.095988056000067, 280.358800000001793 ], [ -73.379856666999956, 4.095879167000021, 280.008400000006077 ], [ -73.379835832999959, 4.095771111000033, 280.433399999994435 ], [ -73.379815555999983, 4.09566638900003, 280.965400000000955 ], [ -73.379793888999984, 4.095557778000057, 281.375199999994948 ], [ -73.379771666999943, 4.095449444000053, 281.540399999998044 ], [ -73.379755, 4.095370556000034, 281.664300000004005 ], [ -73.379733332999933, 4.095262500000047, 281.607499999998254 ], [ -73.379711666999981, 4.095154167000032, 281.332200000004377 ], [ -73.37969, 4.095045, 281.055900000006659 ], [ -73.379672221999954, 4.094950278000056, 281.298699999999371 ], [ -73.379654443999982, 4.094855, 281.450299999996787 ], [ -73.379642499999989, 4.094745, 282.055500000002212 ], [ -73.379639443999963, 4.094634167000038, 283.353000000002794 ], [ -73.379633332999958, 4.094523611000056, 284.603799999997136 ], [ -73.379632361999938, 4.094508642000051, 284.785699999993085 ], [ -73.379627221999954, 4.09442944400007, 285.78519999999844 ], [ -73.379621110999949, 4.09432, 287.209099999992759 ], [ -73.379615832999946, 4.09421, 288.371700000003329 ], [ -73.379613332999952, 4.094160833000046, 288.652900000000955 ], [ -73.379605, 4.094051667000031, 289.326000000000931 ], [ -73.379603055999951, 4.094028611000056, 289.478700000006938 ], [ -73.379593888999977, 4.093921944000044, 289.866299999994226 ], [ -73.37959277799996, 4.093908611000074, 289.874599999995553 ], [ -73.379585277999979, 4.093803889000071, 289.930800000001909 ], [ -73.379579166999974, 4.093717500000025, 289.976599999994505 ], [ -73.379578332999984, 4.093705278000073, 289.979000000006636 ], [ -73.379577499999982, 4.093693056000063, 289.940199999997276 ], [ -73.37957694399995, 4.093685278000066, 289.915699999997742 ], [ -73.379576666999981, 4.09368, 289.898300000000745 ], [ -73.379576110999949, 4.093673056000057, 289.876900000002934 ], [ -73.379575, 4.093660556000032, 289.835900000005495 ], [ -73.379569443999969, 4.093583333000026, 289.582599999994272 ], [ -73.379568610999968, 4.093569444000025, 289.537400000001071 ], [ -73.379563055999938, 4.093463611000061, 289.197700000004261 ], [ -73.379576110999949, 4.093387778000022, 288.652799999996205 ], [ -73.379595832999939, 4.093354722000072, 288.263300000005984 ], [ -73.379629166999962, 4.093247778000034, 287.228600000002189 ], [ -73.379628610999987, 4.093198056000062, 286.866399999998976 ], [ -73.379627777999985, 4.093098056000031, 285.9856 ], [ -73.379626666999968, 4.092993611000054, 284.979900000005728 ], [ -73.379624166999974, 4.092892778000021, 284.002500000002328 ], [ -73.379624166999974, 4.092890278000027, 284.0 ], [ -73.379620832999933, 4.092788889000076, 284.0 ], [ -73.379616388999978, 4.092680833000031, 284.0 ], [ -73.379613055999982, 4.092578333000063, 283.704800000006799 ], [ -73.37961, 4.092508889000044, 283.222299999993993 ], [ -73.379608610999981, 4.09247472200002, 282.982900000002701 ], [ -73.379605, 4.092371944000035, 282.256800000002841 ], [ -73.379603610999936, 4.092327500000067, 282.09769999999844 ], [ -73.379601943999944, 4.092283056000042, 282.091400000004796 ], [ -73.379597777999948, 4.09218, 282.075700000001234 ], [ -73.379597221999973, 4.092169167000065, 282.073600000003353 ], [ -73.379593888999977, 4.092077222000057, 282.061000000001513 ], [ -73.379593055999976, 4.092058056000042, 282.057799999995041 ], [ -73.37959277799996, 4.092047222000076, 282.056700000001001 ], [ -73.379592499999944, 4.092035833000068, 282.055699999997159 ], [ -73.379590555999982, 4.091973611000071, 282.048299999994924 ], [ -73.379589166999949, 4.091876944000035, 282.042799999995623 ], [ -73.379589166999949, 4.091872222000063, 282.042799999995623 ], [ -73.379587777999973, 4.091769722000038, 282.30460000000312 ], [ -73.379586110999981, 4.091663889000074, 283.056100000001607 ], [ -73.379584443999988, 4.091564722000044, 283.769799999994575 ], [ -73.379581943999938, 4.091458889000023, 284.269799999994575 ], [ -73.379578610999943, 4.091355556000053, 284.663400000004913 ], [ -73.379575, 4.091253333000054, 285.044899999993504 ], [ -73.379572221999979, 4.091145556000072, 285.059599999993225 ], [ -73.379570832999946, 4.091050278000068, 285.044999999998254 ], [ -73.379569166999943, 4.090946389000067, 284.680699999997159 ], [ -73.379566666999949, 4.090842222000049, 283.9038 ], [ -73.379564166999955, 4.09074, 283.134399999995367 ], [ -73.379561943999988, 4.090638889000047, 283.288300000000163 ], [ -73.379560277999985, 4.090536667000038, 283.637300000002142 ], [ -73.379558610999936, 4.090445833000047, 283.961599999995087 ], [ -73.379558610999936, 4.090444167000044, 283.973400000002584 ], [ -73.379555555999957, 4.090341667000075, 284.684500000003027 ], [ -73.379552499999988, 4.090239444000076, 285.384799999999814 ], [ -73.379551897999988, 4.090211277000037, 285.577900000003865 ], [ -73.379551388999971, 4.09018750000007, 285.740499999999884 ], [ -73.379550832999939, 4.090173611000068, 285.773300000000745 ], [ -73.379550832999939, 4.090162778000035, 285.741599999993923 ], [ -73.379550277999954, 4.090135278000048, 285.657800000000861 ], [ -73.37955, 4.090124167000056, 285.62390000000596 ], [ -73.379551110999955, 4.090100833000065, 285.562200000000303 ], [ -73.379555, 4.090075833000071, 285.506800000002841 ], [ -73.379558610999936, 4.090063611000062, 285.485000000000582 ], [ -73.379560832999971, 4.090056944000025, 285.473199999993085 ], [ -73.379566943999976, 4.090042778000054, 285.450400000001537 ], [ -73.379569443999969, 4.090036667000049, 285.43859999999404 ], [ -73.379609721999941, 4.089944722000041, 285.118600000001607 ], [ -73.379651943999988, 4.089849722000054, 284.941800000000512 ], [ -73.379694443999938, 4.089754722000066, 284.758600000001024 ], [ -73.379735832999984, 4.089663056000063, 284.476299999994808 ], [ -73.379778888999965, 4.089569444000063, 284.196700000000419 ], [ -73.379823610999949, 4.089474444000075, 284.038799999994808 ], [ -73.379869443999951, 4.08937833300007, 284.0 ], [ -73.379914443999951, 4.089283889000058, 284.230999999999767 ], [ -73.379955277999954, 4.089198889000045, 284.376600000003236 ], [ -73.38000055599997, 4.089107222000052, 284.423200000004726 ], [ -73.380046388999972, 4.089015556000049, 284.27390000000014 ], [ -73.380093332999934, 4.088922500000024, 284.100399999995716 ], [ -73.380106920999935, 4.088895089000061, 284.050199999997858 ], [ -73.380141388999959, 4.088825556000074, 284.0 ], [ -73.380184721999967, 4.088734722000027, 283.749400000000605 ], [ -73.380207221999967, 4.088633611000034, 283.523199999995995 ], [ -73.38020611099995, 4.08853083300005, 283.395999999993364 ], [ -73.380205, 4.088426944000048, 283.774499999999534 ], [ -73.380202499999939, 4.088322500000061, 284.149900000003981 ], [ -73.380198610999969, 4.088220556000067, 284.286999999996624 ], [ -73.380193888999941, 4.088113333000024, 284.26919999999518 ], [ -73.380189443999939, 4.088009444000022, 284.252900000006775 ], [ -73.380188888999953, 4.087990278000063, 284.268500000005588 ], [ -73.380185832999985, 4.087922222000032, 284.31600000000617 ], [ -73.380181666999988, 4.087819167000021, 284.3799 ], [ -73.380178610999963, 4.08774138900003, 284.420800000007148 ], [ -73.380174721999936, 4.087639444000047, 284.02740000000631 ], [ -73.380173610999975, 4.087607778000063, 283.90230000000156 ], [ -73.38017027799998, 4.087534167000058, 283.60580000000482 ], [ -73.380164721999961, 4.087431389000074, 283.429900000002817 ], [ -73.380159443999958, 4.087340278000056, 283.681899999995949 ], [ -73.380154166999944, 4.087239167000064, 283.979800000000978 ], [ -73.380149166999956, 4.087131667000051, 284.076600000000326 ], [ -73.380145277999986, 4.087030833000028, 284.033500000005006 ], [ -73.380141943999945, 4.08692833300006, 284.000899999999092 ], [ -73.380138332999934, 4.086825556000065, 284.387900000001537 ], [ -73.380133610999962, 4.086722222000049, 284.778099999995902 ], [ -73.380128610999975, 4.086620556000071, 285.263500000000931 ], [ -73.380123332999972, 4.086515556000052, 286.019000000000233 ], [ -73.380118610999943, 4.086413611000069, 286.770900000003166 ], [ -73.380114166999988, 4.086311389000059, 287.0 ], [ -73.380111110999962, 4.086205, 287.0 ], [ -73.380109721999986, 4.08610416700003, 287.026500000007218 ], [ -73.380108610999969, 4.085998889000052, 287.435299999997369 ], [ -73.380107777999967, 4.08594944400005, 287.629199999995762 ], [ -73.38010666699995, 4.085898333000046, 287.831600000004983 ], [ -73.380105832999959, 4.08585, 288.023700000005192 ], [ -73.380104443999983, 4.085796111000036, 288.218999999997322 ], [ -73.380103332999965, 4.085747222000066, 288.389500000004773 ], [ -73.380101943999989, 4.085701111000049, 288.549599999998463 ], [ -73.3801, 4.08565416700003, 288.71129999999539 ], [ -73.380097499999977, 4.08560250000005, 288.886499999993248 ], [ -73.380095, 4.085554167000055, 288.900200000003679 ], [ -73.380091666999988, 4.085503333000077, 288.548200000004726 ], [ -73.380087777999961, 4.08545527800004, 288.220799999995506 ], [ -73.38008416699995, 4.085407222000072, 287.897899999996298 ], [ -73.38008, 4.085355833000051, 287.558900000003632 ], [ -73.380076110999937, 4.08530444400003, 287.224799999996321 ], [ -73.380071388999966, 4.085249722000071, 287.125799999994342 ], [ -73.380067499999939, 4.085198889000026, 287.057300000000396 ], [ -73.38006444399997, 4.085151111000073, 286.983200000002398 ], [ -73.380062777999967, 4.08512333300007, 286.936499999996158 ], [ -73.380061388999934, 4.085096389000057, 286.889100000000326 ], [ -73.380057221999948, 4.08504083300005, 286.78070000000298 ], [ -73.380054721999954, 4.084991667000054, 286.744099999996251 ], [ -73.380053888999953, 4.084940278000033, 286.740799999999581 ], [ -73.380053888999953, 4.084935833000031, 286.740799999999581 ], [ -73.380054443999938, 4.084885, 286.742700000002515 ], [ -73.380055277999986, 4.08483, 286.745599999994738 ], [ -73.38005463199994, 4.084797680000065, 286.743100000006962 ], [ -73.380054166999969, 4.084774444000061, 286.741299999994226 ], [ -73.380052499999977, 4.084723333000056, 286.619800000000396 ], [ -73.380051388999959, 4.084674722000045, 286.436300000001211 ], [ -73.380050277999942, 4.084625556000049, 286.250799999994342 ], [ -73.380049166999981, 4.084575556000061, 286.062200000000303 ], [ -73.380048332999934, 4.08453, 285.891099999993457 ], [ -73.380047221999973, 4.084478611000065, 285.684999999997672 ], [ -73.380046110999956, 4.084426667000059, 285.353300000002491 ], [ -73.380045, 4.08437888900005, 285.049499999993714 ], [ -73.380043610999962, 4.084328056000061, 284.727499999993597 ], [ -73.380043055999977, 4.084271389000037, 284.371700000003329 ], [ -73.380042777999961, 4.084221667000065, 284.060400000002119 ], [ -73.380042221999986, 4.084172222000063, 284.0 ], [ -73.380041666999944, 4.084120833000043, 284.0 ], [ -73.380041110999969, 4.084070833000055, 284.0 ], [ -73.380040832999953, 4.084057222000069, 284.0 ], [ -73.380040555999983, 4.084022778000076, 284.0 ], [ -73.380039721999935, 4.083975278000025, 284.0 ], [ -73.380038888999934, 4.083925556000054, 284.055999999996857 ], [ -73.380037499999958, 4.083819444000028, 284.447100000004866 ], [ -73.380036666999956, 4.083766111000045, 284.643700000000536 ], [ -73.380033332999972, 4.08365972200005, 285.0 ], [ -73.380032777999986, 4.083607222000069, 285.0 ], [ -73.380033888999947, 4.083558333000042, 285.0 ], [ -73.38003527799998, 4.083506667000051, 285.0 ], [ -73.380035555999939, 4.083457778000025, 285.0 ], [ -73.380035555999939, 4.083405833000029, 285.0 ], [ -73.380035, 4.083353889000023, 284.89089999999851 ], [ -73.380034443999989, 4.083303611000076, 284.765499999994063 ], [ -73.380034166999963, 4.083255, 284.643700000000536 ], [ -73.380033888999947, 4.083202222000068, 284.510599999994156 ], [ -73.380033610999988, 4.083150833000047, 284.380099999994854 ], [ -73.380033332999972, 4.083098889000041, 284.146399999997811 ], [ -73.380032777999986, 4.083047778000036, 283.830100000006496 ], [ -73.38003249999997, 4.082996111000057, 283.512700000006589 ], [ -73.380031388999953, 4.082942778000074, 283.181599999996251 ], [ -73.380030277999936, 4.082893889000047, 282.879199999995762 ], [ -73.380002221999973, 4.082796389000066, 282.879400000005262 ], [ -73.379976943999964, 4.082753333000028, 282.9951 ], [ -73.379950555999983, 4.082706944000051, 283.091400000004796 ], [ -73.379911666999988, 4.08263861100005, 283.172099999996135 ], [ -73.37986, 4.082545278000055, 283.033200000005309 ], [ -73.379809166999962, 4.082451667000043, 283.0 ], [ -73.379761388999952, 4.082361667000043, 283.0 ], [ -73.379711110999949, 4.082269167000049, 282.839200000002165 ], [ -73.379668610999943, 4.082195833000071, 282.569000000003143 ], [ -73.379641388999971, 4.082094722000022, 282.196400000000722 ], [ -73.37964, 4.082046389000027, 282.018200000005891 ], [ -73.379638888999978, 4.081997500000057, 282.130399999994552 ], [ -73.379638055999976, 4.081949167000062, 282.274900000003981 ], [ -73.379638055999976, 4.081897500000025, 282.428799999994226 ], [ -73.379638610999962, 4.081847778000053, 282.575599999996484 ], [ -73.379639721999979, 4.081792778000022, 282.735499999995227 ], [ -73.379641110999955, 4.08173944400005, 282.910600000002887 ], [ -73.379642499999989, 4.081689444000062, 283.089999999996508 ], [ -73.379644166999981, 4.081637500000056, 283.275399999998626 ], [ -73.379645555999957, 4.08158833300007, 283.451700000005076 ], [ -73.379646943999944, 4.081540278000034, 283.62390000000596 ], [ -73.379647499999976, 4.081490556000062, 283.774499999999534 ], [ -73.379647499999976, 4.081441389000076, 283.774600000004284 ], [ -73.37964722199996, 4.081394722000027, 283.775800000003073 ], [ -73.379646666999975, 4.08134, 283.778000000005704 ], [ -73.379645555999957, 4.081294722000052, 283.782300000006217 ], [ -73.379645555999957, 4.081244167000023, 283.782500000001164 ], [ -73.379645832999984, 4.081189722000033, 283.781600000002072 ], [ -73.379645555999957, 4.081182500000068, 283.782699999996112 ], [ -73.379644721999966, 4.081141111000022, 283.785900000002584 ], [ -73.379643055999964, 4.081091667000067, 283.792199999996228 ], [ -73.379641943999957, 4.081041389000063, 283.79649999999674 ], [ -73.379641110999955, 4.080988611000066, 283.799700000003213 ], [ -73.379640832999939, 4.080937500000061, 283.675799999997253 ], [ -73.379640277999954, 4.080886944000042, 283.341799999994691 ], [ -73.37964, 4.080835, 282.997199999997974 ], [ -73.379639721999979, 4.08078305600003, 282.65219999999681 ], [ -73.379638888999978, 4.080731667000066, 282.310700000001816 ], [ -73.37963777799996, 4.08068, 281.984800000005635 ], [ -73.379636388999984, 4.080629444000067, 281.832200000004377 ], [ -73.379635, 4.080581944000073, 281.686900000000605 ], [ -73.379633055999989, 4.080531389000043, 281.529200000004494 ], [ -73.379631110999981, 4.080481389000056, 281.370599999994738 ], [ -73.379629166999962, 4.080433611000046, 281.216100000005099 ], [ -73.379626666999968, 4.080383889000075, 281.128899999996065 ], [ -73.379623888999959, 4.080331389000037, 281.093599999992875 ], [ -73.379620832999933, 4.080281944000035, 281.063200000004144 ], [ -73.379617221999979, 4.080226111000059, 281.0337 ], [ -73.379614166999943, 4.080171111000027, 281.010299999994459 ], [ -73.379611943999976, 4.08012, 280.924499999993714 ], [ -73.379610277999973, 4.080068056000073, 280.748399999996764 ], [ -73.379609443999982, 4.080045, 280.669399999998859 ], [ -73.379609166999956, 4.080039444000022, 280.650200000003679 ], [ -73.379608610999981, 4.080019167000046, 280.580400000006193 ], [ -73.379605, 4.079974167000046, 280.418799999999464 ], [ -73.379603610999936, 4.079964444000041, 280.381899999993038 ], [ -73.379599166999981, 4.079911389000074, 280.183499999999185 ], [ -73.379598055999963, 4.079858056000035, 280.037299999996321 ], [ -73.379597221999973, 4.079813889000036, 280.0341000000044 ], [ -73.379596943999957, 4.079807500000072, 280.032999999995809 ], [ -73.379596666999987, 4.079704722000031, 280.031700000006822 ], [ -73.379596388999971, 4.079600278000044, 280.030299999998533 ], [ -73.379596666999987, 4.079553889000067, 280.031199999997625 ], [ -73.379597499999988, 4.079503611000064, 280.0341000000044 ], [ -73.379598332999933, 4.079447778000031, 280.036999999996624 ], [ -73.379598610999949, 4.079398611000045, 280.037899999995716 ], [ -73.379598332999933, 4.07934750000004, 280.036699999996927 ], [ -73.379598332999933, 4.079344167000045, 280.036699999996927 ], [ -73.379597777999948, 4.079296111000076, 280.150299999993877 ], [ -73.379597499999988, 4.079249167000057, 280.316500000000815 ], [ -73.379597499999988, 4.079232778000062, 280.37489999999525 ], [ -73.379597499999988, 4.079199444000039, 280.493600000001607 ], [ -73.379597221999973, 4.079149722000068, 280.670400000002701 ], [ -73.379597499999988, 4.079055278000055, 281.0 ], [ -73.379597499999988, 4.079032778000055, 281.0 ], [ -73.379597499999988, 4.079002500000058, 281.0 ], [ -73.379597499999988, 4.078993056000058, 281.0 ], [ -73.379597221999973, 4.078980556000033, 281.0 ], [ -73.379597221999973, 4.078976944000033, 281.0 ], [ -73.379597221999973, 4.078971944000045, 281.0 ], [ -73.379596380999942, 4.078940533000036, 281.0 ], [ -73.37959555599997, 4.078909722000049, 281.0 ] ] ] } },
{ "type": "Feature", "properties": { "GASODUCTO": "CUSIANA - APIAY - USME", "TRM_RML": "Restrepo", "TP_DUCTO": "Ramal", "DISTRITO": "4", "DIAMETRO": "2", "TRM_REG": "CUSIANA - APIAY", "ZONA": "3", "CUADRILLA": "C1_T5", "PK_INICIO": "000+000", "PK_FIN": "017+001", "LONGITUD": 16.922514657185371, "ANCHO_DDV": "8", "BUFFER": "4" }, "geometry": { "type": "MultiLineString", "coordinates": [ [ [ -73.405503954999972, 4.270162666000033, 351.471099999995204 ], [ -73.405504022999935, 4.270162654000046, 351.470900000000256 ], [ -73.405652765999946, 4.270135822000043, 350.920499999992899 ], [ -73.405843209999944, 4.270101034000049, 350.215800000005402 ], [ -73.406033652999952, 4.270066245000066, 349.987899999992806 ], [ -73.406224096999949, 4.270031457000073, 349.979900000005728 ], [ -73.406450142999972, 4.269991221000055, 349.732099999993807 ], [ -73.406676188999938, 4.269950985000037, 349.428400000004331 ], [ -73.406696866999937, 4.269947123000065, 349.42609999999695 ], [ -73.406895793999979, 4.269909974000029, 349.177999999999884 ], [ -73.407094719999975, 4.26987282500005, 348.872099999993225 ], [ -73.40729364699996, 4.269835676000071, 348.704100000002654 ], [ -73.407546823999951, 4.269767838000064, 348.160799999997835 ], [ -73.4078, 4.2697, 349.040599999992992 ], [ -73.40805371099998, 4.269673791000059, 350.513600000005681 ], [ -73.408307420999961, 4.269647581000072, 351.376000000003842 ], [ -73.408561131999988, 4.269621372000074, 351.059999999997672 ], [ -73.408764996999935, 4.269591992000073, 350.404899999994086 ], [ -73.408968860999948, 4.269562613000062, 349.650599999993574 ], [ -73.409172725999952, 4.269533233000061, 349.0 ], [ -73.409397845999933, 4.269482994000043, 349.0 ], [ -73.409622964999983, 4.269432754000036, 349.521800000002258 ], [ -73.409815309999942, 4.269421836000049, 349.637100000007194 ], [ -73.410007654999959, 4.269410919000052, 349.674199999994016 ], [ -73.4102, 4.269400001000065, 349.957699999999022 ], [ -73.41042247699994, 4.26938281200006, 350.728199999997742 ], [ -73.410644954999952, 4.269365624000045, 351.0 ], [ -73.410867431999975, 4.26934843500004, 351.0 ], [ -73.411061993999965, 4.269347227000026, 351.0 ], [ -73.411256556999945, 4.269346019000068, 351.0 ], [ -73.411451118999935, 4.269344811000053, 351.534799999993993 ], [ -73.411657419999983, 4.269342693000056, 351.89879999999539 ], [ -73.411863720999975, 4.269340575000058, 351.627800000002026 ], [ -73.412070021999966, 4.269338456000071, 351.118499999996857 ], [ -73.412276322999958, 4.269336338000073, 351.0 ], [ -73.412514998999939, 4.26938520300007, 350.767099999997299 ], [ -73.412753674999976, 4.269434068000066, 350.327199999999721 ], [ -73.412926836999986, 4.269517034000046, 350.021999999997206 ], [ -73.4131, 4.2696, 350.180600000006962 ], [ -73.41334, 4.26964, 350.729699999996228 ], [ -73.41358, 4.26968, 350.824699999997392 ], [ -73.41382, 4.26972, 350.723400000002584 ], [ -73.41406, 4.26976, 350.8701 ], [ -73.4143, 4.2698, 351.09440000000177 ], [ -73.414324001999944, 4.269803904000071, 351.193700000003446 ], [ -73.41457238299995, 4.269844300000045, 352.0 ], [ -73.414820764999945, 4.26988469500003, 352.012799999996787 ], [ -73.415069145999951, 4.269925091000061, 353.851500000004307 ], [ -73.415289379999933, 4.269978706000074, 354.0 ], [ -73.415509613999973, 4.270032321000031, 352.815100000007078 ], [ -73.415729847999955, 4.270085936000044, 351.958400000003166 ], [ -73.41591989899996, 4.270123957000067, 352.074699999997392 ], [ -73.416109948999974, 4.270161978000033, 352.778099999995902 ], [ -73.4163, 4.270199999000056, 353.248099999997066 ], [ -73.416533656999945, 4.270236579000027, 353.248999999996158 ], [ -73.416767313999969, 4.270273158000066, 352.788799999994808 ], [ -73.417016356999966, 4.270299981000051, 351.960399999996298 ], [ -73.417265399999962, 4.270326803000046, 351.895699999993667 ], [ -73.417514442999959, 4.270353626000031, 352.046199999997043 ], [ -73.417739898999969, 4.270379136000031, 351.329899999996996 ], [ -73.417965355999968, 4.270404645000042, 350.437900000004447 ], [ -73.418190811999978, 4.270430155000042, 349.52039999999397 ], [ -73.418393874999936, 4.270453437000072, 349.326400000005378 ], [ -73.418596936999961, 4.270476719000044, 350.4716000000044 ], [ -73.4188, 4.270500001000073, 351.623300000006566 ], [ -73.419045661999974, 4.270510696000031, 352.243499999996857 ], [ -73.419291322999982, 4.270521390000056, 351.975200000000768 ], [ -73.419536984999979, 4.27053208500007, 351.602499999993597 ], [ -73.419770667999956, 4.270543586000031, 351.434399999998277 ], [ -73.420004350999989, 4.270555086000059, 351.026700000002165 ], [ -73.420238033999965, 4.270566587000076, 350.176300000006449 ], [ -73.420458688999986, 4.270577725000066, 350.135899999993853 ], [ -73.42067934499994, 4.270588862000068, 350.095600000000559 ], [ -73.4209, 4.2706, 351.011100000003353 ], [ -73.421092958999964, 4.270620405000045, 352.239400000005844 ], [ -73.421285918999956, 4.270640809000042, 353.028200000000652 ], [ -73.421478877999959, 4.270661214000029, 352.520300000003772 ], [ -73.421706189999952, 4.270687232000057, 351.413799999994808 ], [ -73.421933500999955, 4.270713250000028, 350.599199999996927 ], [ -73.422160812999948, 4.270739267000067, 350.626300000003539 ], [ -73.422388124999941, 4.270765285000039, 351.555399999997462 ], [ -73.422591093999984, 4.270798964000051, 351.922999999995227 ], [ -73.42279406199998, 4.270832643000062, 352.0 ], [ -73.422997030999966, 4.270866321000028, 352.021399999997811 ], [ -73.4232, 4.2709, 352.060200000007171 ], [ -73.423272610999959, 4.270907972000032, 352.317999999999302 ], [ -73.423519569999939, 4.270935088000044, 353.029299999994691 ], [ -73.423766529999966, 4.270962203000067, 353.760200000004261 ], [ -73.424013488999947, 4.270989319000023, 353.96020000000135 ], [ -73.424260448999974, 4.271016434000046, 352.614400000005844 ], [ -73.424478835999935, 4.271024232000059, 352.502600000007078 ], [ -73.424697223999942, 4.271032030000072, 352.474600000001374 ], [ -73.42491561099996, 4.271039828000028, 352.814199999993434 ], [ -73.425157805999959, 4.271019914000021, 353.520699999993667 ], [ -73.4254, 4.271, 353.724600000001374 ], [ -73.425593300999935, 4.270941356000037, 354.141399999993155 ], [ -73.42578660099997, 4.270882712000059, 354.0 ], [ -73.426016360999938, 4.270805351000035, 354.742400000002817 ], [ -73.426246119999973, 4.270727989000022, 355.690199999997276 ], [ -73.426475879999941, 4.270650628000055, 356.254300000000512 ], [ -73.426683919999959, 4.270533752000063, 356.93859999999404 ], [ -73.426891959999978, 4.270416877000059, 356.490999999994528 ], [ -73.4271, 4.270300001000066, 355.918900000004214 ], [ -73.427319387999944, 4.270238478000067, 355.592000000004191 ], [ -73.42753877499996, 4.270176954000021, 355.364499999996042 ], [ -73.427758162999964, 4.270115431000022, 355.137000000002445 ], [ -73.427984555999956, 4.270007722000059, 354.466599999999744 ], [ -73.428190554999958, 4.269948450000072, 354.479900000005728 ], [ -73.42839655399996, 4.269889178000028, 354.60120000000461 ], [ -73.428602552999962, 4.269829906000041, 354.08190000000468 ], [ -73.428801701999987, 4.26975327100007, 354.0 ], [ -73.429000850999955, 4.269676635000053, 354.481499999994412 ], [ -73.4292, 4.2696, 355.167499999995925 ], [ -73.429346235999958, 4.269508654000049, 355.759099999995669 ], [ -73.429492471999936, 4.269417308000072, 356.30000000000291 ], [ -73.429739221999967, 4.269332361000068, 357.0 ], [ -73.42998597199994, 4.269247414000063, 356.930300000007264 ], [ -73.430168714999979, 4.269266026000025, 356.998399999996764 ], [ -73.430351458999951, 4.269284639000034, 356.96820000000298 ], [ -73.430534201999933, 4.269303251000053, 356.5769 ], [ -73.43056820399994, 4.269323258000043, 356.289099999994505 ], [ -73.430656699999986, 4.269371696000064, 355.632199999992736 ], [ -73.430858145999935, 4.269404615000042, 355.0 ], [ -73.43105959199994, 4.26943753300003, 354.93760000000475 ], [ -73.43123972799998, 4.269391689000031, 354.649000000004889 ], [ -73.431419863999963, 4.269345845000032, 354.278900000004796 ], [ -73.4316, 4.269300001000033, 353.793799999999464 ], [ -73.431651168999963, 4.269278340000028, 353.68399999999383 ], [ -73.431846356999984, 4.269195712000055, 353.5341000000044 ], [ -73.432041543999958, 4.269113084000026, 353.619800000000396 ], [ -73.432265729999983, 4.269021108000061, 353.600699999995413 ], [ -73.432489916999941, 4.26892913100005, 354.739700000005541 ], [ -73.432714102999967, 4.268837155000028, 356.271200000002864 ], [ -73.43292792799997, 4.268694819000075, 356.988800000006449 ], [ -73.433141751999983, 4.268552482000075, 356.198000000003958 ], [ -73.4333, 4.2684, 356.078899999993155 ], [ -73.433427043999984, 4.268180448000066, 356.854699999996228 ], [ -73.433554087999937, 4.267960896000034, 356.731499999994412 ], [ -73.433681131999947, 4.267741344000058, 355.571500000005472 ], [ -73.433816955999987, 4.267531785000074, 355.120800000004238 ], [ -73.43395277999997, 4.267322225000044, 356.121199999994133 ], [ -73.434088603999953, 4.26711266600006, 358.204800000006799 ], [ -73.434198918999982, 4.266938422000067, 358.881999999997788 ], [ -73.434309232999965, 4.266764178000074, 358.827600000004168 ], [ -73.434419547999937, 4.266589934000024, 357.552400000000489 ], [ -73.4345, 4.2664, 356.907800000000861 ], [ -73.434642627999949, 4.266200609000066, 357.0 ], [ -73.434785256999987, 4.266001218000042, 356.949200000002747 ], [ -73.434927884999979, 4.265801827000075, 355.810299999997369 ], [ -73.435052849999977, 4.265621232000058, 355.134699999995064 ], [ -73.435177814999975, 4.26544063700004, 355.486699999994016 ], [ -73.435300473999973, 4.265258330000052, 356.127600000007078 ], [ -73.435423131999983, 4.265076022000073, 356.0 ], [ -73.435545790999981, 4.264893715000028, 356.135699999998906 ], [ -73.435681933999945, 4.264664743000026, 357.170599999997648 ], [ -73.435818076999965, 4.264435770000034, 359.090100000001257 ], [ -73.435929710999972, 4.264263331000052, 359.539399999994203 ], [ -73.436041344999978, 4.264090893000059, 358.949900000006892 ], [ -73.436152977999939, 4.26391845400002, 358.317699999999604 ], [ -73.436264611999945, 4.263746015000038, 358.368600000001607 ], [ -73.436409740999977, 4.263530677000062, 359.162899999995716 ], [ -73.436554870999942, 4.263315338000041, 360.391699999992852 ], [ -73.4367, 4.2631, 361.704500000007101 ], [ -73.436731895999969, 4.263048188000027, 361.875499999994645 ], [ -73.436866458999987, 4.262829603000057, 361.754799999995157 ], [ -73.437001020999958, 4.26261101800003, 360.868700000006356 ], [ -73.437135583999975, 4.262392433000059, 359.7163 ], [ -73.43734171899996, 4.262231542000052, 358.674700000003213 ], [ -73.437547854999934, 4.262070651000045, 358.500299999999697 ], [ -73.437753989999976, 4.261909760000037, 358.434200000003329 ], [ -73.437937596999973, 4.261806958000022, 359.273499999995693 ], [ -73.438121204999959, 4.261704156000064, 359.286600000006729 ], [ -73.438304811999956, 4.261601354000049, 359.357799999997951 ], [ -73.438503207999986, 4.261500902000023, 359.723199999993085 ], [ -73.438701603999959, 4.261400451000043, 360.688099999999395 ], [ -73.4389, 4.261299999000073, 361.641699999992852 ], [ -73.43907330199994, 4.261198071000024, 361.792400000005728 ], [ -73.439246602999958, 4.261096143000032, 361.537100000001374 ], [ -73.439419904999966, 4.260994215000039, 361.012199999997392 ], [ -73.43958536699995, 4.260905184000023, 361.624299999995856 ], [ -73.439750828999934, 4.260816153000064, 362.236300000004121 ], [ -73.439916290999975, 4.260727122000048, 362.848400000002584 ], [ -73.440119352999943, 4.260619982000037, 363.541800000006333 ], [ -73.440322413999979, 4.260512841000036, 364.245699999999488 ], [ -73.440525475999948, 4.260405701000025, 364.20329999999376 ], [ -73.440706448999947, 4.26031019200002, 363.217900000003283 ], [ -73.440887420999957, 4.260214682000026, 363.0 ], [ -73.441068393999956, 4.260119173000021, 363.137400000006892 ], [ -73.441284196999959, 4.259959587000026, 364.281300000002375 ], [ -73.4415, 4.2598, 364.97960000000603 ], [ -73.441722723999987, 4.259710356000028, 364.877099999997881 ], [ -73.441945448999945, 4.259620711000025, 365.354300000006333 ], [ -73.44216817299997, 4.259531067000069, 366.013500000000931 ], [ -73.442350664999935, 4.259479934000069, 365.790399999998044 ], [ -73.442533156999957, 4.259428800000023, 364.86710000000312 ], [ -73.442715648999979, 4.259377667000024, 364.117800000007264 ], [ -73.442922916999976, 4.259434202000023, 364.708400000003166 ], [ -73.443130183999983, 4.259490737000021, 364.24189999999362 ], [ -73.44333745199998, 4.25954727200002, 364.065400000006775 ], [ -73.443568725999967, 4.259623636000072, 364.149300000004587 ], [ -73.4438, 4.2597, 364.893700000000536 ], [ -73.444004634999942, 4.259751388000041, 365.22620000000461 ], [ -73.444209270999977, 4.259802777000061, 365.680300000007264 ], [ -73.444413905999966, 4.259854165000036, 366.102400000003399 ], [ -73.444618541999944, 4.259905553000067, 366.349600000001374 ], [ -73.444859270999984, 4.259852777000049, 367.492599999997765 ], [ -73.4451, 4.2598, 367.883199999996577 ], [ -73.445168758999955, 4.259772775000044, 368.126499999998487 ], [ -73.445337008999957, 4.25970615600005, 368.864700000005541 ], [ -73.445571188999963, 4.259636183000055, 368.868499999996857 ], [ -73.445805367999981, 4.25956620900007, 369.540800000002491 ], [ -73.446039547999987, 4.259496236000075, 369.967600000003586 ], [ -73.446273726999948, 4.259426262000034, 369.054300000003423 ], [ -73.446407369999974, 4.259388620000038, 368.206399999995483 ], [ -73.446418462999986, 4.259385517000055, 368.142200000002049 ], [ -73.446589973999949, 4.259337541000036, 366.91710000000603 ], [ -73.446755758999984, 4.259291167000072, 365.845199999996112 ], [ -73.446881499999961, 4.259224491000055, 365.517000000007101 ], [ -73.447007240999937, 4.259157815000037, 365.714300000006915 ], [ -73.447033221999959, 4.259012426000027, 366.881999999997788 ], [ -73.447150109999939, 4.258824927000035, 368.364900000000489 ], [ -73.4472, 4.2588, 368.559999999997672 ], [ -73.44742589699996, 4.258713936000049, 368.952099999994971 ], [ -73.447651792999977, 4.258627873000023, 369.557000000000698 ], [ -73.447877689999984, 4.258541809000064, 369.408999999999651 ], [ -73.448127033999981, 4.25851009400003, 368.83969999999681 ], [ -73.448376377999978, 4.258478379000053, 368.326499999995576 ], [ -73.448582282999951, 4.25848378400002, 369.107799999997951 ], [ -73.44878818899997, 4.258489190000034, 370.562900000004447 ], [ -73.448994093999943, 4.258494595000059, 371.670400000002701 ], [ -73.4492, 4.2585, 372.253899999996065 ], [ -73.449434738999969, 4.258544326000049, 372.444399999993038 ], [ -73.449669476999986, 4.258588652000071, 373.121199999994133 ], [ -73.449904215999936, 4.258632978000037, 374.495800000004238 ], [ -73.450102107999953, 4.258666489000063, 374.864900000000489 ], [ -73.4503, 4.2587, 374.721900000004098 ], [ -73.4504, 4.2587, 374.356299999999464 ], [ -73.450617802999943, 4.258707899000058, 373.52270000000135 ], [ -73.450835605999941, 4.258715797000036, 372.922200000000885 ], [ -73.45105340899994, 4.258723696000061, 372.9887000000017 ], [ -73.451317894999988, 4.258737817000053, 374.0 ], [ -73.451499843999954, 4.258761271000026, 374.0 ], [ -73.451744355999949, 4.258754640000063, 373.385500000003958 ], [ -73.451988867999944, 4.258748008000055, 372.4807 ], [ -73.452186882999968, 4.258757823000053, 371.797099999996135 ], [ -73.452384896999945, 4.258767639000041, 371.242499999993015 ], [ -73.452582911999968, 4.25877745400004, 371.457800000003772 ], [ -73.452794025999935, 4.25879509300006, 371.995699999999488 ], [ -73.453005139999959, 4.258812731000035, 372.284400000004098 ], [ -73.453216253999983, 4.258830370000055, 372.0 ], [ -73.453445421999959, 4.258857705000025, 372.0 ], [ -73.453490767999938, 4.258862972000031, 372.044999999998254 ], [ -73.453622457999984, 4.258878269000036, 372.358900000006543 ], [ -73.453799493999952, 4.258898832000057, 372.7103000000061 ], [ -73.453819195999984, 4.258901120000075, 372.718699999997625 ], [ -73.453880184999946, 4.258908204000022, 372.744600000005448 ], [ -73.45413040699998, 4.258930787000054, 372.827099999994971 ], [ -73.454380629999946, 4.258953370000029, 373.247099999993225 ], [ -73.454628721999939, 4.258988676000058, 374.0112999999983 ], [ -73.454876814999977, 4.259023981000041, 374.168399999995017 ], [ -73.455119878999938, 4.259037083000067, 374.299899999998161 ], [ -73.455362943999944, 4.259050185000035, 374.998300000006566 ], [ -73.455622610999967, 4.259080750000066, 374.636700000002747 ], [ -73.455882277999933, 4.259111315000041, 374.512700000006589 ], [ -73.456064049999952, 4.25913540800002, 373.823000000003958 ], [ -73.456245820999982, 4.259159500000067, 373.244000000006054 ], [ -73.456427592999944, 4.259183593000046, 373.013099999996484 ], [ -73.45660793199994, 4.259200235000037, 373.614400000005844 ], [ -73.456788271999983, 4.259216877000028, 374.035600000002887 ], [ -73.456968610999979, 4.25923351900002, 374.062099999995553 ], [ -73.457188462999966, 4.259249806000071, 373.243199999997159 ], [ -73.457408314999952, 4.259266093000065, 372.977400000003399 ], [ -73.457628582999973, 4.259281760000022, 373.391699999992852 ], [ -73.457848851999984, 4.259297426000046, 374.172300000005635 ], [ -73.458115749999934, 4.259325380000064, 374.782800000000861 ], [ -73.45838264799994, 4.259353333000035, 375.0 ], [ -73.458622820999949, 4.259391684000036, 375.036600000006729 ], [ -73.458862993999958, 4.259430034000047, 375.627399999997579 ], [ -73.458866462999936, 4.259430588000043, 375.637799999996787 ], [ -73.458954203999951, 4.259436341000026, 375.77270000000135 ], [ -73.459152790999951, 4.259445754000069, 376.0 ], [ -73.459351376999962, 4.259455166000066, 376.0 ], [ -73.459549963999962, 4.259464579000053, 376.502699999997276 ], [ -73.459734895999986, 4.259468785000024, 377.0 ], [ -73.459919828999944, 4.259472991000052, 377.0 ], [ -73.460104760999968, 4.259477197000024, 376.444099999993341 ], [ -73.460301873999981, 4.259465052000053, 375.71469999999681 ], [ -73.460498987999983, 4.259452907000025, 374.996100000003935 ], [ -73.46069610099994, 4.259440762000054, 374.767399999996996 ], [ -73.460964066999964, 4.259427175000042, 375.639699999999721 ], [ -73.461232033999977, 4.259413588000029, 377.1533999999956 ], [ -73.4615, 4.259400001000074, 377.869300000005751 ], [ -73.461734074999981, 4.259376589000055, 378.0 ], [ -73.461968149999961, 4.259353176000047, 377.548699999999371 ], [ -73.462206877999961, 4.259334441000021, 376.762700000006589 ], [ -73.46244560699995, 4.259315706000052, 376.391099999993457 ], [ -73.462684334999949, 4.259296971000026, 377.101500000004307 ], [ -73.462782954999966, 4.259289009000042, 377.466400000004796 ], [ -73.462985979999985, 4.259272618000068, 378.230999999999767 ], [ -73.463189003999958, 4.259256228000027, 378.968999999997322 ], [ -73.463392028999976, 4.259239837000052, 379.6762000000017 ], [ -73.46358976199997, 4.259228332000021, 379.490900000004331 ], [ -73.463787494999963, 4.259216828000035, 379.0 ], [ -73.463985227999956, 4.25920532300006, 379.0 ], [ -73.464188920999959, 4.259203992000039, 378.461699999999837 ], [ -73.464392613999962, 4.259202661000074, 378.453999999997905 ], [ -73.464596306999965, 4.259201330000053, 378.79330000000482 ], [ -73.4648, 4.259199999000032, 378.787800000005518 ], [ -73.465056537999942, 4.259200744000054, 378.974799999996321 ], [ -73.465313075999973, 4.259201488000031, 379.829400000002352 ], [ -73.465578781999966, 4.259223023000061, 380.812699999994948 ], [ -73.465844488999949, 4.259244557000045, 381.755499999999302 ], [ -73.465956799999958, 4.259258227000032, 381.99890000000596 ], [ -73.466126973999963, 4.259265651000021, 382.069600000002538 ], [ -73.466297147999967, 4.259273074000021, 382.133499999996275 ], [ -73.466495304999967, 4.259292898000069, 382.199299999992945 ], [ -73.466693462999956, 4.259312722000061, 382.024499999999534 ], [ -73.466872536999972, 4.259334685000056, 382.167199999996228 ], [ -73.467051610999988, 4.25935664800005, 382.358699999997043 ], [ -73.467232360999958, 4.259350361000031, 382.335000000006403 ], [ -73.467413110999985, 4.259344074000069, 382.311300000001211 ], [ -73.467544018999945, 4.259129130000076, 382.525599999993574 ], [ -73.467749740999977, 4.259056648000069, 382.96140000000014 ], [ -73.46796977799994, 4.259022787000049, 383.0 ], [ -73.46818981499996, 4.258988926000029, 382.525399999998626 ], [ -73.468424508999988, 4.259023260000049, 382.343299999993178 ], [ -73.468659203999948, 4.259057593000023, 383.211899999994785 ], [ -73.468853240999977, 4.259072769000056, 383.929999999993015 ], [ -73.469047277999948, 4.259087944000044, 384.0 ], [ -73.469240866999939, 4.259111332000032, 383.836699999999837 ], [ -73.469434455999988, 4.25913472000002, 383.509600000004866 ], [ -73.46964356999996, 4.259140249000041, 383.919699999998556 ], [ -73.469852684999978, 4.259145778000061, 384.628800000005867 ], [ -73.470051684999987, 4.259172954000064, 385.365399999995134 ], [ -73.470250684999939, 4.259200130000067, 386.0 ], [ -73.470509489999984, 4.259210297000038, 385.951700000005076 ], [ -73.47076829599996, 4.259220463000077, 385.136799999992945 ], [ -73.471005370999933, 4.259257387000048, 384.12390000000596 ], [ -73.471242445999962, 4.259294311000076, 384.063500000003842 ], [ -73.471472095999957, 4.259285527000031, 384.705799999996088 ], [ -73.471686047999981, 4.259292763000076, 385.109700000000885 ], [ -73.4719, 4.259299999000064, 385.341400000004796 ], [ -73.472152075999986, 4.259327218000067, 386.512600000001839 ], [ -73.472323520999964, 4.259345731000053, 387.849400000006426 ], [ -73.472494965999942, 4.259364244000039, 388.627299999992829 ], [ -73.472729993999963, 4.259383495000066, 388.722500000003492 ], [ -73.472965021999983, 4.259402746000035, 387.852700000003097 ], [ -73.473200049999946, 4.259421997000061, 387.007199999992736 ], [ -73.473405754999987, 4.259440080000047, 387.274199999999837 ], [ -73.473611460999962, 4.259458163000033, 387.286200000002282 ], [ -73.473817165999947, 4.259476246000077, 387.521200000002864 ], [ -73.474038597999936, 4.259494969000059, 388.374599999995553 ], [ -73.474260030999972, 4.259513693000031, 389.885099999999511 ], [ -73.474481462999961, 4.25953241600007, 390.759600000004866 ], [ -73.474557105999963, 4.259541832000025, 390.980500000005122 ], [ -73.474615057999983, 4.259547375000068, 390.9603000000061 ], [ -73.474645370999951, 4.259543844000063, 390.973400000002584 ], [ -73.474718995999979, 4.259498932000042, 391.0 ], [ -73.474876004999942, 4.25940315500003, 391.0 ], [ -73.475106638999989, 4.259262466000052, 390.904599999994389 ], [ -73.475337271999933, 4.259121777000075, 389.503700000001118 ], [ -73.475567905999981, 4.258981088000041, 388.159799999993993 ], [ -73.475798538999982, 4.258840399000064, 388.421799999996438 ], [ -73.476029172999972, 4.258699709000041, 389.484700000000885 ], [ -73.476231438999946, 4.258576324000046, 390.0 ], [ -73.476259805999973, 4.258559020000064, 390.0 ], [ -73.476260536999973, 4.258558574000062, 390.0 ], [ -73.476273814999956, 4.258500907000041, 390.0 ], [ -73.476324240999986, 4.258383241000047, 389.743499999996857 ], [ -73.476434147999953, 4.258351667000056, 389.626799999998184 ], [ -73.476582573999963, 4.258296250000058, 389.339300000006915 ], [ -73.476731, 4.258240833000059, 388.697799999994459 ], [ -73.476914305999969, 4.258180019000065, 388.753299999996671 ], [ -73.477097610999976, 4.258119204000025, 389.306400000001304 ], [ -73.477274370999965, 4.258050574000038, 390.0908999999956 ], [ -73.477451129999963, 4.257981944000051, 390.744900000005146 ], [ -73.477626916999952, 4.257931343000052, 391.029200000004494 ], [ -73.477802703999942, 4.257880741000065, 390.887000000002445 ], [ -73.477939861999971, 4.257857686000023, 390.801600000006147 ], [ -73.478077018999954, 4.257834630000048, 390.67269999999553 ], [ -73.478147351999951, 4.257904556000028, 390.660999999992782 ], [ -73.478308443999936, 4.257959278000044, 390.068100000004051 ], [ -73.478469536999967, 4.258014, 391.347999999998137 ], [ -73.478652175999969, 4.258070491000069, 392.874599999995553 ], [ -73.478834814999971, 4.258126981000032, 394.12039999999979 ], [ -73.479039101999945, 4.25817356500005, 394.650099999998929 ], [ -73.479243388999976, 4.258220148000021, 394.782800000000861 ], [ -73.479453406999937, 4.258271750000063, 394.676399999996647 ], [ -73.479663425999945, 4.258323352000048, 394.486799999998766 ], [ -73.479865740999969, 4.258371343000022, 394.310500000006869 ], [ -73.480068055999936, 4.258419333000063, 394.076400000005378 ], [ -73.480228888999989, 4.258477056000061, 394.0 ], [ -73.480389721999984, 4.258534778000069, 394.0 ], [ -73.480557561999944, 4.258504361000064, 394.0 ], [ -73.480614111999955, 4.25849411300004, 394.0 ], [ -73.480801562999943, 4.258415909000064, 394.442800000004354 ], [ -73.480989013999988, 4.258337704000041, 395.713900000002468 ], [ -73.481176464999976, 4.258259500000065, 396.453099999998813 ], [ -73.481372025999974, 4.258183055000075, 397.006599999993341 ], [ -73.481567585999983, 4.258106609000038, 397.006099999998696 ], [ -73.481763146999981, 4.258030164000047, 395.894700000004377 ], [ -73.481978594999987, 4.257954031000054, 395.072599999999511 ], [ -73.482039899999961, 4.257934922000061, 395.02039999999397 ], [ -73.482261358999949, 4.257844312000032, 394.217999999993481 ], [ -73.482499258999951, 4.257763336000039, 394.18760000000475 ], [ -73.482725301999949, 4.257679222000036, 394.095900000000256 ], [ -73.482951343999957, 4.257595107000043, 393.558099999994738 ], [ -73.483177386999955, 4.257510993000039, 392.541899999996531 ], [ -73.483350444999985, 4.257448331000035, 392.692599999994854 ], [ -73.483523502999958, 4.257385670000076, 393.009799999999814 ], [ -73.483696560999988, 4.257323008000071, 393.185800000006566 ], [ -73.483897706999983, 4.257348672000035, 393.036699999996927 ], [ -73.484098853999967, 4.257374336000055, 393.346499999999651 ], [ -73.4843, 4.2574, 394.176399999996647 ], [ -73.4844, 4.2574, 394.510699999998906 ], [ -73.484622463999983, 4.257449305000023, 395.0 ], [ -73.484844928999962, 4.257498610000027, 395.048399999999674 ], [ -73.485067392999952, 4.257547915000032, 395.593900000007125 ], [ -73.485267718999978, 4.257598553000037, 396.932199999995646 ], [ -73.485468044999948, 4.257649192000031, 398.407200000001467 ], [ -73.485668370999974, 4.257699830000035, 398.802400000000489 ], [ -73.485884184999975, 4.257749915000034, 398.618400000006659 ], [ -73.4861, 4.2578, 398.85920000000624 ], [ -73.486296388999961, 4.257849686000043, 399.0 ], [ -73.486492778999946, 4.257899371000065, 398.781000000002678 ], [ -73.486714979999988, 4.257950169000026, 398.117400000002817 ], [ -73.486937181999963, 4.258000966000054, 398.304099999993923 ], [ -73.487159382999948, 4.258051764000072, 398.832999999998719 ], [ -73.48736953699995, 4.258088823000037, 398.717999999993481 ], [ -73.487579690999951, 4.258125882000058, 398.237299999993411 ], [ -73.487789845999941, 4.258162940000034, 398.100699999995413 ], [ -73.488, 4.258199999000055, 398.02719999999681 ], [ -73.488238642999988, 4.258231673000068, 399.48410000000149 ], [ -73.488477286999967, 4.258263346000035, 400.669999999998254 ], [ -73.488680793999947, 4.258272413000043, 401.0 ], [ -73.488884299999938, 4.258281480000051, 400.92500000000291 ], [ -73.489087806999976, 4.258290547000058, 399.972899999993388 ], [ -73.489291313999956, 4.258299614000066, 399.572599999999511 ], [ -73.4893, 4.258300001000066, 399.561700000005658 ], [ -73.489534142999958, 4.258351279000067, 399.398000000001048 ], [ -73.489768285999958, 4.258402557000068, 399.298299999994924 ], [ -73.489945932999944, 4.258427057000063, 398.878899999996065 ], [ -73.490123580999978, 4.258451557000058, 398.927800000004936 ], [ -73.490341003999959, 4.258442424000066, 398.87850000000617 ], [ -73.49055842599995, 4.258433290000028, 398.88749999999709 ], [ -73.490775848999988, 4.258424157000036, 398.909700000003795 ], [ -73.491028417999985, 4.258405922000065, 399.776400000002468 ], [ -73.491164208999976, 4.258402962000048, 401.255000000004657 ], [ -73.4913, 4.258400001000041, 402.751300000003539 ], [ -73.491444153999964, 4.258391564000021, 403.932799999995041 ], [ -73.491588308999951, 4.258383126000069, 404.981100000004517 ], [ -73.491628456999933, 4.258402923000062, 404.951799999995274 ], [ -73.491778650999947, 4.258542263000038, 404.78059999999823 ], [ -73.491928845999951, 4.258681602000024, 403.552800000004936 ], [ -73.492079039999965, 4.258820942000057, 401.964500000001863 ], [ -73.492279295999936, 4.258994382000026, 399.774699999994482 ], [ -73.492479552999953, 4.259167821000062, 399.726899999994203 ], [ -73.49260891199998, 4.259279288000073, 400.685400000002119 ], [ -73.492653705999942, 4.259340292000047, 401.481799999994109 ], [ -73.492805996999948, 4.259463824000022, 404.260099999999511 ], [ -73.492958287999954, 4.259587357000044, 406.117899999997462 ], [ -73.493110578999961, 4.259710889000075, 406.287200000006123 ], [ -73.493261063999967, 4.259856636000052, 405.648499999995693 ], [ -73.493411549999962, 4.260002382000039, 405.062300000005052 ], [ -73.493562034999968, 4.260148129000072, 404.776899999997113 ], [ -73.493685234999987, 4.260272413000052, 405.261899999997695 ], [ -73.49382499799998, 4.260415342000044, 405.717900000003283 ], [ -73.493964761999962, 4.260558270000047, 405.750400000004447 ], [ -73.494077058999949, 4.260643013000049, 406.285900000002584 ], [ -73.494256037999946, 4.260757210000065, 407.359899999995832 ], [ -73.494435015999954, 4.260871407000025, 408.551000000006752 ], [ -73.494613994999952, 4.260985604000041, 409.284400000004098 ], [ -73.494723735999969, 4.261068161000026, 409.588499999998021 ], [ -73.494833477999975, 4.261150717000021, 409.820999999996275 ], [ -73.495016292999935, 4.261269585000036, 408.663100000005215 ], [ -73.495199106999962, 4.261388452000062, 407.464399999997113 ], [ -73.495381921999979, 4.261507320000021, 406.699800000002142 ], [ -73.495556157999943, 4.26162206500004, 406.49989999999525 ], [ -73.495730393999963, 4.26173680900007, 406.781499999997322 ], [ -73.495904629999984, 4.261851554000032, 407.594800000006217 ], [ -73.495956238999952, 4.26188389400005, 407.785399999993388 ], [ -73.496071761999985, 4.261956286000043, 408.376999999993131 ], [ -73.496187284999962, 4.262028677000046, 408.680600000006962 ], [ -73.496322870999961, 4.262124955000047, 408.016600000002654 ], [ -73.49645845699996, 4.262221232000059, 407.919500000003609 ], [ -73.496492583999952, 4.262240807000069, 407.797999999995227 ], [ -73.49659203899995, 4.262297855000043, 407.430099999997765 ], [ -73.496774085999959, 4.262427034000041, 407.856899999998859 ], [ -73.49680383599997, 4.262435001000028, 407.996299999998882 ], [ -73.496943088999956, 4.262472292000041, 408.64879999999539 ], [ -73.497082342999988, 4.262509583000053, 409.258799999995972 ], [ -73.497285905999945, 4.262568487000067, 409.698699999993551 ], [ -73.497489469999948, 4.262627390000034, 408.473700000002282 ], [ -73.497693032999962, 4.262686294000048, 408.181700000001001 ], [ -73.497893498999986, 4.262746176000064, 408.408599999995204 ], [ -73.498093963999963, 4.26280605900007, 409.3012000000017 ], [ -73.498294429999987, 4.26286594100003, 410.990699999994831 ], [ -73.498400466999954, 4.262906324000028, 411.538199999995413 ], [ -73.498647540999968, 4.262974904000032, 411.842699999993783 ], [ -73.498894614999983, 4.263043485000026, 411.520600000003469 ], [ -73.499141688999941, 4.26311206500003, 410.107199999998556 ], [ -73.49934187599996, 4.263175923000063, 410.079500000007101 ], [ -73.499542063999968, 4.263239782000028, 411.235799999994924 ], [ -73.499742250999986, 4.263303640000061, 412.735000000000582 ], [ -73.499888511999984, 4.263352560000044, 413.595400000005611 ], [ -73.500034773999971, 4.263401480000027, 413.985000000000582 ], [ -73.500191721999954, 4.263539815000058, 413.547200000000885 ], [ -73.500367388999962, 4.263681500000075, 413.360100000005332 ], [ -73.50054305599997, 4.263823185000035, 413.272200000006706 ], [ -73.500722916999962, 4.263978972000075, 413.0 ], [ -73.500902777999954, 4.264134759000058, 413.548699999999371 ], [ -73.501084919999983, 4.264142679000031, 414.44539999999688 ], [ -73.501267061999954, 4.264150599000061, 415.793600000004517 ], [ -73.501449203999982, 4.264158519000034, 417.119699999995646 ], [ -73.501535806999982, 4.264153346000057, 417.730999999999767 ], [ -73.501713354999936, 4.26415144200007, 417.970499999995809 ], [ -73.501890903999936, 4.264149538000026, 418.175399999992806 ], [ -73.502108624999948, 4.264180471000032, 419.040999999997439 ], [ -73.502326344999972, 4.264211404000037, 419.279699999999139 ], [ -73.502544065999984, 4.264242337000042, 419.701199999995879 ], [ -73.502790743999981, 4.26430969200004, 418.9375 ], [ -73.503037421999977, 4.264377047000039, 418.051999999996042 ], [ -73.503284099999973, 4.264444402000038, 418.02039999999397 ], [ -73.503456066999945, 4.264529601000049, 418.647500000006403 ], [ -73.503628032999984, 4.264614800000061, 419.909799999993993 ], [ -73.5038, 4.264699999000072, 421.432100000005448 ], [ -73.504027471999962, 4.264786425000068, 423.0 ], [ -73.504254942999978, 4.264872851000064, 423.0 ], [ -73.504482414999984, 4.26495927600007, 423.0 ], [ -73.504709886999933, 4.265045702000066, 422.199699999997392 ], [ -73.504873257999975, 4.265130468000052, 422.261700000002747 ], [ -73.50503662899996, 4.265215234000038, 423.438699999998789 ], [ -73.5052, 4.2653, 424.454299999997602 ], [ -73.505275064999978, 4.265337179000028, 424.732199999998556 ], [ -73.50550025299998, 4.265448712000023, 424.833700000002864 ], [ -73.505725441999971, 4.265560245000074, 424.95339999999851 ], [ -73.505922390999956, 4.265668235000021, 424.485799999994924 ], [ -73.506119339999941, 4.265776224000035, 424.088300000003073 ], [ -73.506312892999972, 4.265917483000067, 423.568100000004051 ], [ -73.506506446999936, 4.266058741000052, 423.630000000004657 ], [ -73.5067, 4.2662, 424.539499999998952 ], [ -73.506934567999963, 4.26622042200006, 425.725699999995413 ], [ -73.50716913499997, 4.266240845000027, 425.576100000005681 ], [ -73.507403702999966, 4.266261267000061, 423.805399999997462 ], [ -73.507607537999945, 4.266284706000022, 422.287599999996019 ], [ -73.507811373999971, 4.266308146000029, 421.364499999996042 ], [ -73.50801520899995, 4.266331585000046, 421.05789999999979 ], [ -73.508210138999971, 4.26635439000006, 421.037200000006123 ], [ -73.508405069999981, 4.266377195000075, 421.477100000003702 ], [ -73.5086, 4.2664, 422.440000000002328 ], [ -73.508815170999981, 4.26642806600006, 423.193400000003749 ], [ -73.50903034199996, 4.266456133000077, 423.782900000005611 ], [ -73.509245512999939, 4.266484199000047, 424.0 ], [ -73.509439717999953, 4.266507979000039, 424.235499999995227 ], [ -73.509633923999957, 4.266531760000021, 425.460900000005495 ], [ -73.50982812899997, 4.26655554000007, 426.943599999998696 ], [ -73.510008968999955, 4.266576778000058, 428.105999999999767 ], [ -73.510189808999939, 4.266598015000056, 428.853099999992992 ], [ -73.510391884999933, 4.266608719000033, 428.318700000003446 ], [ -73.510593960999984, 4.266619422000076, 427.581099999995786 ], [ -73.510796036999977, 4.266630126000052, 426.992199999993318 ], [ -73.510997357999941, 4.266653417000043, 426.879700000004959 ], [ -73.511198678999961, 4.266676709000023, 426.782800000000861 ], [ -73.5114, 4.2667, 427.099400000006426 ], [ -73.511637915999984, 4.266753817000051, 427.782300000006217 ], [ -73.511875832999976, 4.266807634000031, 428.301999999996042 ], [ -73.51211374899998, 4.266861451000068, 428.095199999996112 ], [ -73.51233719399994, 4.26690656300002, 428.0 ], [ -73.512560639999947, 4.266951676000076, 427.777600000001257 ], [ -73.512784084999964, 4.266996788000029, 427.972200000003795 ], [ -73.5128, 4.267000001000042, 427.977599999998347 ], [ -73.512988787999973, 4.267055027000026, 428.042400000005728 ], [ -73.513177574999986, 4.267110053000067, 427.824500000002445 ], [ -73.513366362999989, 4.267165079000051, 429.371400000003632 ], [ -73.513583180999944, 4.267232540000066, 430.74210000000312 ], [ -73.5138, 4.2673, 431.648000000001048 ], [ -73.513952170999971, 4.26732332000006, 431.938299999994342 ], [ -73.514104341999939, 4.267346640000028, 431.867899999997462 ], [ -73.514325743999962, 4.267355266000038, 431.546199999997043 ], [ -73.514547144999938, 4.267363892000049, 431.0 ], [ -73.51476854699996, 4.267372518000059, 431.0 ], [ -73.515016605999961, 4.26737965600006, 430.37159999999858 ], [ -73.515264663999972, 4.26738679500005, 430.176300000006449 ], [ -73.515512722999972, 4.267393933000051, 429.52730000000156 ], [ -73.515760781999973, 4.267401071000052, 429.057300000000396 ], [ -73.515991886999984, 4.267394825000054, 429.7932 ], [ -73.516222991999939, 4.267388579000055, 431.043399999995017 ], [ -73.51645409799994, 4.267382333000057, 431.067999999999302 ], [ -73.516685202999952, 4.267376087000059, 430.046100000006845 ], [ -73.51693198199996, 4.267340653000076, 430.875400000004447 ], [ -73.517178760999968, 4.267305219000036, 432.985300000000279 ], [ -73.517206199999976, 4.267282966000039, 433.167799999995623 ], [ -73.517221468999935, 4.267270583000027, 433.262100000007194 ], [ -73.517392692999977, 4.267113438000024, 433.969700000001467 ], [ -73.517563915999972, 4.266956293000021, 434.328800000002957 ], [ -73.517766499999937, 4.266787592000071, 433.608200000002398 ], [ -73.517969084999947, 4.266618891000064, 431.583299999998417 ], [ -73.518171668999969, 4.266450190000057, 431.929900000002817 ], [ -73.518374252999934, 4.26628148900005, 433.888500000000931 ], [ -73.518523248999941, 4.266150215000039, 436.025899999993271 ], [ -73.518672245999937, 4.266018940000038, 437.011799999992945 ], [ -73.518821241999945, 4.265887666000026, 437.204299999997602 ], [ -73.51895991799995, 4.265769566000074, 437.511700000002747 ], [ -73.519098592999967, 4.265651466000065, 438.128899999996065 ], [ -73.519237268999973, 4.265533366000057, 437.155100000003586 ], [ -73.519393237999964, 4.265398118000064, 435.502800000002026 ], [ -73.519549205999965, 4.265262869000026, 433.857499999998254 ], [ -73.519705174999956, 4.265127621000033, 432.552100000000792 ], [ -73.519882892999988, 4.265054614000064, 432.834600000001956 ], [ -73.520060611999952, 4.264981608000028, 433.446899999995367 ], [ -73.520238329999984, 4.264908601000059, 434.242700000002515 ], [ -73.520339800999977, 4.264867150000043, 435.188800000003539 ], [ -73.520462685999973, 4.264676659000031, 436.633600000001024 ], [ -73.520585571999959, 4.264486168000076, 436.505399999994552 ], [ -73.520708456999955, 4.264295678000053, 435.178599999999278 ], [ -73.520831342999941, 4.264105187000041, 433.424199999994016 ], [ -73.520954227999937, 4.263914696000029, 432.01919999999518 ], [ -73.521077112999933, 4.263724205000074, 432.961200000005192 ], [ -73.521088163999934, 4.263716532000046, 433.035999999992782 ], [ -73.521224002999986, 4.263622209000062, 433.76600000000326 ], [ -73.521359840999935, 4.26352788500003, 434.041500000006636 ], [ -73.5214, 4.263499999000032, 433.983800000001793 ], [ -73.521609356999988, 4.263399280000044, 433.371100000003935 ], [ -73.521818713999949, 4.263298562000045, 434.212400000003981 ], [ -73.522028070999966, 4.263197843000057, 435.358699999997043 ], [ -73.522038172999942, 4.263219464000031, 435.316500000000815 ], [ -73.522250893999967, 4.263138195000067, 436.482300000003306 ], [ -73.522463613999946, 4.263056927000036, 437.282099999996717 ], [ -73.522676334999971, 4.262975658000073, 437.543499999999767 ], [ -73.522899405999965, 4.262882387000047, 437.199099999997998 ], [ -73.523122476999959, 4.262789116000022, 436.228099999992992 ], [ -73.523361238999939, 4.262694558000021, 435.676000000006752 ], [ -73.5236, 4.262599999000031, 435.694799999997485 ], [ -73.523790095999971, 4.262522975000024, 435.888500000000931 ], [ -73.523980191999954, 4.262445950000028, 436.097299999993993 ], [ -73.524170287999937, 4.262368926000022, 435.606100000004517 ], [ -73.524386439999944, 4.262272816000063, 434.896399999997811 ], [ -73.524602591999951, 4.262176705000059, 434.0396999999939 ], [ -73.524801295999964, 4.262088353000024, 433.271699999997509 ], [ -73.525, 4.262, 432.924199999994016 ], [ -73.525244448999956, 4.261905649000028, 432.592499999998836 ], [ -73.525492854999982, 4.261809772000049, 432.779599999994389 ], [ -73.525741260999951, 4.261713894000025, 433.86710000000312 ], [ -73.525928723999982, 4.261633546000041, 434.650999999998021 ], [ -73.526116185999967, 4.261553197000069, 434.891699999992852 ], [ -73.526200957999947, 4.261521296000069, 435.160799999997835 ], [ -73.526386410999976, 4.261416664000024, 435.846900000004098 ], [ -73.526571862999958, 4.261312031000045, 436.532900000005611 ], [ -73.526807896999969, 4.261186658000042, 436.470000000001164 ], [ -73.527047881999977, 4.261109919000035, 434.822700000004261 ], [ -73.527287866999984, 4.261033180000027, 433.303499999994528 ], [ -73.527502535999986, 4.260967600000072, 433.003100000001723 ], [ -73.527717203999941, 4.260902019000071, 433.883900000000722 ], [ -73.527910027999951, 4.260816, 434.431200000006356 ], [ -73.528102851999961, 4.260729981000054, 434.601299999994808 ], [ -73.528322842999955, 4.260641787000054, 434.0 ], [ -73.52854283299996, 4.260553593000054, 434.0 ], [ -73.528769368999974, 4.260474014000067, 433.337199999994482 ], [ -73.528995903999942, 4.260394435000023, 433.0 ], [ -73.529192279999961, 4.260368258000028, 433.0 ], [ -73.529419425999947, 4.260383976000071, 433.0 ], [ -73.52964657299998, 4.260399694000057, 433.056500000006054 ], [ -73.529663008999989, 4.260400831000027, 433.066500000000815 ], [ -73.529892042999961, 4.260402746000068, 433.864799999995739 ], [ -73.530121075999944, 4.260404662000042, 434.04670000000624 ], [ -73.530350109999972, 4.260406577000026, 434.565499999996973 ], [ -73.530556206999961, 4.260410823000029, 435.086999999999534 ], [ -73.530762304999939, 4.260415070000022, 435.198199999998906 ], [ -73.530968401999985, 4.260419316000025, 435.83980000000156 ], [ -73.531212267999933, 4.260412877000022, 436.0 ], [ -73.531456133999939, 4.260406438000075, 436.0 ], [ -73.5317, 4.260399999000072, 435.492199999993318 ], [ -73.531957211999952, 4.260408160000054, 435.025200000003679 ], [ -73.532214422999971, 4.260416320000047, 435.495699999999488 ], [ -73.532471634999979, 4.26042448100003, 436.435700000001816 ], [ -73.532677437999951, 4.260428252000054, 436.875 ], [ -73.532883239999933, 4.260432022000032, 436.113400000002002 ], [ -73.533089042999961, 4.260435793000056, 436.0 ], [ -73.533292694999943, 4.260423862000039, 436.0 ], [ -73.533496347999971, 4.260411930000032, 436.009999999994761 ], [ -73.5337, 4.260399999000072, 436.018299999996088 ], [ -73.533908756999949, 4.260398581000061, 436.0144 ], [ -73.534117512999956, 4.260397162000061, 436.462700000003679 ], [ -73.534326269999951, 4.26039574400005, 437.002800000002026 ], [ -73.534537946999933, 4.260377768000069, 437.009999999994761 ], [ -73.534749624999961, 4.260359792000031, 437.79330000000482 ], [ -73.534961301999942, 4.26034181600005, 438.576600000000326 ], [ -73.53516713199997, 4.260326918000032, 438.661800000001676 ], [ -73.535372962999986, 4.260312019000025, 437.900099999998929 ], [ -73.535578792999956, 4.260297121000065, 437.138500000000931 ], [ -73.535777855999982, 4.260281649000035, 437.0 ], [ -73.53597691899995, 4.260266177000062, 437.669599999993807 ], [ -73.536175981999975, 4.260250705000033, 439.104500000001281 ], [ -73.536392651999961, 4.260229279000043, 440.208299999998417 ], [ -73.536595100999989, 4.260219519000032, 440.347299999993993 ], [ -73.53679755099995, 4.26020975900002, 439.939299999998184 ], [ -73.537, 4.260199999000065, 439.307400000005146 ], [ -73.537164122999968, 4.260193212000047, 439.429999999993015 ], [ -73.537328246999948, 4.260186425000029, 439.446800000005169 ], [ -73.537349455999959, 4.260185548000038, 439.440300000002026 ], [ -73.537489425999979, 4.26027811900002, 440.122000000003027 ], [ -73.537629395999943, 4.260370689000069, 440.803700000004028 ], [ -73.537788413999976, 4.260475857000074, 441.0 ], [ -73.537947431999953, 4.260581025000022, 441.0 ], [ -73.538134424999953, 4.260722587000032, 441.0 ], [ -73.538321417999953, 4.260864148000053, 441.00350000000617 ], [ -73.538508410999953, 4.261005710000063, 441.169399999998859 ], [ -73.538531799999987, 4.261023416000057, 441.241800000003423 ], [ -73.538695867999934, 4.261147811000058, 442.65570000000298 ], [ -73.538903907999952, 4.261304696000025, 444.111399999994319 ], [ -73.539111946999981, 4.261461582000038, 444.075899999996182 ], [ -73.539319986999942, 4.261618467000062, 443.290299999993294 ], [ -73.53950909699995, 4.261759042000051, 443.0 ], [ -73.539698207999947, 4.261899616000051, 443.0 ], [ -73.539887317999955, 4.26204019100004, 443.040599999992992 ], [ -73.540041345999953, 4.262163523000027, 443.504300000000512 ], [ -73.54019537299996, 4.26228685600006, 443.958599999998114 ], [ -73.540349400999958, 4.262410188000047, 443.587199999994482 ], [ -73.540480208999952, 4.262504574000047, 443.243799999996554 ], [ -73.540611016999947, 4.262598960000048, 443.489799999995739 ], [ -73.540805507999949, 4.262649481000039, 444.480999999999767 ], [ -73.541, 4.262700001000042, 446.304799999998068 ], [ -73.541137195999966, 4.26273489700003, 447.388200000001234 ], [ -73.541327561999935, 4.262721501000044, 448.646699999997509 ], [ -73.541517927999962, 4.262708104000069, 449.754700000004959 ], [ -73.541708293999989, 4.262694708000026, 450.336100000000442 ], [ -73.541932005999968, 4.262653420000049, 450.316200000001118 ], [ -73.542155717999947, 4.262612131000026, 449.466499999994994 ], [ -73.542379429999983, 4.262570843000049, 448.000199999994948 ], [ -73.542517802999953, 4.262544138000067, 447.990900000004331 ], [ -73.54265617599998, 4.262517432000038, 447.755699999994249 ], [ -73.542914193999934, 4.262459912000054, 447.005199999999604 ], [ -73.543172211999945, 4.262402391000023, 447.602899999998044 ], [ -73.543365883999968, 4.26236801400006, 447.750400000004447 ], [ -73.54355955699998, 4.262333636000051, 447.477100000003702 ], [ -73.543753228999947, 4.262299259000031, 446.898000000001048 ], [ -73.544003158999942, 4.26233447900006, 445.875700000004144 ], [ -73.544194765999976, 4.262381873000038, 445.701499999995576 ], [ -73.544395085999952, 4.262494762000074, 445.637900000001537 ], [ -73.544595404999939, 4.262607651000053, 446.333899999997811 ], [ -73.544795724999972, 4.262720540000032, 446.989199999996345 ], [ -73.545002360999945, 4.262836931000038, 446.98059999999532 ], [ -73.545208996999975, 4.262953322000044, 447.40240000000631 ], [ -73.545367143999954, 4.263074832000029, 447.849900000001071 ], [ -73.545525290999933, 4.263196342000072, 448.297399999995832 ], [ -73.545683437999969, 4.263317852000057, 448.744900000005146 ], [ -73.54573266999995, 4.263362151000024, 448.908100000000559 ], [ -73.545741306999957, 4.263369922000038, 448.936700000005658 ] ] ] } },
{ "type": "Feature", "properties": { "GASODUCTO": "CUSIANA - APIAY - USME", "TRM_RML": "Apiay - Villavicencio", "TP_DUCTO": "Troncal", "DISTRITO": "4", "DIAMETRO": "6", "TRM_REG": "APIAY - USME", "ZONA": "3", "CUADRILLA": "C1_T5", "PK_INICIO": "015+660", "PK_FIN": "025+033", "LONGITUD": 9.0980896767672501, "ANCHO_DDV": "12", "BUFFER": "6" }, "geometry": { "type": "MultiLineString", "coordinates": [ [ [ -73.517527155999971, 4.087376025000026, 341.0 ], [ -73.517576649999967, 4.087364720000039, 341.0 ], [ -73.51768710999994, 4.087339110000073, 340.878800000005867 ], [ -73.517846059999954, 4.08730244000003, 340.21809999999823 ], [ -73.517895, 4.087290940000059, 340.079100000002654 ], [ -73.517992769999978, 4.087268610000024, 341.316800000000512 ], [ -73.518002929999966, 4.087266270000043, 341.451499999995576 ], [ -73.518108549999965, 4.087241080000069, 342.731899999998859 ], [ -73.518214679999971, 4.087213530000042, 343.778200000000652 ], [ -73.518319779999956, 4.087186250000059, 344.577900000003865 ], [ -73.518339239999989, 4.087181380000061, 344.702699999994365 ], [ -73.518355329999963, 4.087177380000071, 344.800399999992806 ], [ -73.518405719999976, 4.087165060000075, 345.075800000005984 ], [ -73.518427819999943, 4.087159780000036, 345.182700000004843 ], [ -73.518534179999961, 4.087134270000035, 344.402000000001863 ], [ -73.518640459999972, 4.08710732000003, 343.436700000005658 ], [ -73.518749329999935, 4.087079990000063, 342.683799999998882 ], [ -73.518858559999956, 4.087052710000023, 342.280400000003283 ], [ -73.518968349999966, 4.087024480000025, 341.931500000006054 ], [ -73.51907762999997, 4.086995160000072, 341.076600000000326 ], [ -73.519186789999935, 4.086966500000074, 340.193599999998696 ], [ -73.519294199999933, 4.086939600000051, 339.84759999999369 ], [ -73.519406309999965, 4.086911790000045, 340.361600000003818 ], [ -73.519515069999954, 4.086882680000031, 340.941500000000815 ], [ -73.519624, 4.086854180000046, 341.731199999994715 ], [ -73.519729259999963, 4.086826420000023, 342.510299999994459 ], [ -73.519836019999957, 4.086799130000031, 343.020000000004075 ], [ -73.519946379999965, 4.086770810000075, 343.015700000003562 ], [ -73.52001372999996, 4.086753480000027, 342.993100000006962 ], [ -73.520052829999941, 4.086743350000063, 342.99649999999383 ], [ -73.520159169999943, 4.086716590000037, 342.6538 ], [ -73.520264969999971, 4.086691120000069, 342.262300000002142 ], [ -73.520374799999956, 4.086665200000027, 342.14419999999518 ], [ -73.520480959999986, 4.08664, 342.537100000001374 ], [ -73.520588299999986, 4.086614050000037, 342.934299999993527 ], [ -73.520623609999973, 4.086605300000031, 343.037899999995716 ], [ -73.520638558999963, 4.086601456000039, 343.071899999995367 ], [ -73.520693019999953, 4.086587450000025, 343.209099999992759 ], [ -73.520803129999933, 4.086559200000067, 343.55000000000291 ], [ -73.520913289999953, 4.086532330000068, 343.833299999998417 ], [ -73.521019629999955, 4.086506730000053, 343.920400000002701 ], [ -73.521127619999959, 4.086481090000063, 344.042799999995623 ], [ -73.521238289999985, 4.086456320000025, 344.134399999995367 ], [ -73.521346709999989, 4.08643139000003, 344.226599999994505 ], [ -73.521406129999946, 4.086417710000035, 344.27719999999681 ], [ -73.521455639999942, 4.08640629000007, 344.417499999995925 ], [ -73.521536189999949, 4.086387820000027, 344.658500000005006 ], [ -73.521561989999952, 4.086381840000058, 344.7271999999939 ], [ -73.521673139999962, 4.086355640000022, 344.974900000001071 ], [ -73.521783409999955, 4.086329230000047, 345.357199999998556 ], [ -73.521842569999933, 4.086315640000066, 345.576199999995879 ], [ -73.521891399999959, 4.086304840000025, 345.756899999993038 ], [ -73.521998, 4.086282870000048, 345.966000000000349 ], [ -73.522109819999969, 4.086261020000052, 345.918900000004214 ], [ -73.522221689999981, 4.086239480000074, 345.93760000000475 ], [ -73.522332769999934, 4.086218060000022, 345.615699999994831 ], [ -73.522443869999961, 4.086196790000031, 345.27390000000014 ], [ -73.522552379999979, 4.086176210000076, 344.967199999999139 ], [ -73.522661349999964, 4.08615664000007, 344.6362999999983 ], [ -73.522769379999943, 4.086137920000056, 344.318199999994249 ], [ -73.522878559999981, 4.086119560000043, 344.790299999993294 ], [ -73.522986139999944, 4.08610131000006, 345.255999999993946 ], [ -73.523094019999974, 4.086083330000065, 345.721799999999348 ], [ -73.523202449999985, 4.086069130000055, 346.175700000007055 ], [ -73.523313619999954, 4.086049970000033, 346.630099999994854 ], [ -73.523419249999961, 4.08603013000004, 346.592099999994389 ], [ -73.523526609999976, 4.086015910000071, 346.572499999994761 ], [ -73.523529799999949, 4.086015530000054, 346.572299999999814 ], [ -73.523636049999936, 4.086003260000041, 346.23399999999674 ], [ -73.523742439999978, 4.085988290000046, 345.598299999997835 ], [ -73.523759359999985, 4.085985740000069, 345.494000000006054 ], [ -73.523860109999987, 4.085972800000036, 344.969899999996414 ], [ -73.523868379999954, 4.085972330000061, 345.004400000005262 ], [ -73.523978219999947, 4.085972540000057, 345.441200000001118 ], [ -73.524091829999975, 4.085965410000028, 345.895999999993364 ], [ -73.524201879999964, 4.085956860000067, 346.616299999994226 ], [ -73.524311049999937, 4.085951590000036, 347.422399999995832 ], [ -73.524417579999977, 4.085947100000055, 348.086899999994785 ], [ -73.52453104999995, 4.085941760000026, 348.486900000003516 ], [ -73.524641, 4.085935900000038, 348.872000000003027 ], [ -73.524751209999977, 4.085929910000061, 348.574800000002142 ], [ -73.524860369999942, 4.085924300000045, 348.149799999999232 ], [ -73.524970889999963, 4.085918900000024, 347.566099999996368 ], [ -73.525078449999967, 4.08591344000007, 346.749500000005355 ], [ -73.525187889999984, 4.085908040000049, 345.919099999999162 ], [ -73.525297849999959, 4.085902210000029, 345.448000000003958 ], [ -73.525320319999935, 4.085900980000076, 345.360300000000279 ], [ -73.525410719999968, 4.085895790000052, 345.006299999993644 ], [ -73.525519849999966, 4.085889570000063, 344.765499999994063 ], [ -73.525633019999987, 4.085883610000053, 344.743300000001909 ], [ -73.525744289999977, 4.085877650000043, 344.733300000007148 ], [ -73.525853419999976, 4.085871670000074, 344.992899999997462 ], [ -73.52596202999996, 4.085865710000064, 345.233200000002398 ], [ -73.526040709999961, 4.085862040000052, 345.364000000001397 ], [ -73.526063719999968, 4.085860930000024, 345.385200000004261 ], [ -73.526165919999983, 4.08585553000006, 345.485700000004726 ], [ -73.526275579999947, 4.085849260000032, 345.608699999997043 ], [ -73.526384889999974, 4.085841760000051, 346.135500000003958 ], [ -73.526499339999987, 4.085834810000051, 346.729200000001583 ], [ -73.526608729999964, 4.085828540000023, 347.116500000003725 ], [ -73.526718929999959, 4.085822260000043, 347.321200000005774 ], [ -73.526760379999985, 4.085819680000043, 347.392699999996694 ], [ -73.526827719999972, 4.085815160000038, 347.487899999992806 ], [ -73.526936529999944, 4.085807990000035, 347.461200000005192 ], [ -73.527049369999986, 4.085801210000056, 347.435899999996764 ], [ -73.527160379999941, 4.08579498000006, 347.047600000005332 ], [ -73.527274319999947, 4.085788190000073, 346.443700000003446 ], [ -73.527384809999944, 4.085782510000058, 346.0 ], [ -73.527498009999988, 4.085777260000043, 346.0 ], [ -73.527606919999982, 4.085771950000037, 346.0 ], [ -73.527715029999968, 4.085766840000076, 346.095799999995506 ], [ -73.527745009999933, 4.08576548000002, 346.127800000002026 ], [ -73.527750794999974, 4.085765213000059, 346.133799999995972 ], [ -73.527823959999978, 4.085761840000032, 346.206399999995483 ], [ -73.527933179999934, 4.085757790000059, 346.457599999994272 ], [ -73.528042189999951, 4.085755220000067, 347.061900000000605 ], [ -73.528153609999947, 4.085752280000065, 347.66009999999369 ], [ -73.528307029999951, 4.085747330000061, 348.589999999996508 ], [ -73.528370779999989, 4.085745680000059, 348.992599999997765 ], [ -73.52848113999994, 4.085744470000066, 349.479200000001583 ], [ -73.528593129999933, 4.085744560000023, 349.571800000005169 ], [ -73.528705649999949, 4.085745710000026, 349.676500000001397 ], [ -73.528819239999962, 4.085747, 349.694900000002235 ], [ -73.52892849999995, 4.085748920000071, 349.715299999996205 ], [ -73.52903828999996, 4.085752170000035, 349.698099999994156 ], [ -73.52914777999996, 4.085756220000064, 349.631599999993341 ], [ -73.529259129999957, 4.085760710000045, 349.562099999995553 ], [ -73.529371799999979, 4.085766270000022, 349.602599999998347 ], [ -73.529484139999965, 4.085772510000027, 349.648000000001048 ], [ -73.529586589999951, 4.085778060000052, 349.927299999995739 ], [ -73.529699199999982, 4.085784200000035, 350.388900000005378 ], [ -73.529809789999945, 4.08578755000002, 350.651700000002165 ], [ -73.529919059999941, 4.085789500000033, 350.013000000006286 ], [ -73.530028879999975, 4.085792080000033, 349.383199999996577 ], [ -73.530137889999935, 4.085794440000029, 348.929999999993015 ], [ -73.530251199999952, 4.085795750000045, 348.524199999999837 ], [ -73.53047756999996, 4.08579571000007, 348.320900000006077 ], [ -73.530587149999974, 4.085794720000024, 348.391900000002352 ], [ -73.530667249999965, 4.085793710000075, 348.781700000006822 ], [ -73.530694579999988, 4.085793600000045, 348.943299999998999 ], [ -73.530805759999964, 4.08579321000002, 349.601899999994203 ], [ -73.530918809999946, 4.085792310000045, 350.340200000006007 ], [ -73.531000199999937, 4.085790130000021, 350.942699999999604 ], [ -73.531111489999944, 4.085793780000074, 351.766600000002654 ], [ -73.531219649999969, 4.085792680000054, 351.716400000004796 ], [ -73.531330559999958, 4.085796760000051, 351.305800000001909 ], [ -73.531444119999946, 4.085799200000054, 350.656400000007125 ], [ -73.531552849999969, 4.085801780000054, 349.448999999993248 ], [ -73.531662369999935, 4.085805450000066, 348.232799999997951 ], [ -73.531775849999974, 4.085810310000056, 348.0 ], [ -73.531885819999957, 4.085815460000049, 348.0 ], [ -73.531995569999935, 4.085819680000043, 348.234899999995832 ], [ -73.532105089999959, 4.085823410000046, 348.838900000002468 ], [ -73.532219089999955, 4.08582849000004, 349.451600000000326 ], [ -73.532333119999976, 4.085833370000046, 349.864000000001397 ], [ -73.532442339999989, 4.085837800000036, 350.252299999992829 ], [ -73.53255052999998, 4.085840810000036, 350.221999999994296 ], [ -73.53265977999996, 4.085843830000044, 349.806700000001001 ], [ -73.532767419999971, 4.085847630000046, 349.3894 ], [ -73.532916029999967, 4.085852570000043, 348.607399999993504 ], [ -73.532992869999987, 4.085855440000046, 348.210600000005797 ], [ -73.533106639999971, 4.08585985000002, 348.0 ], [ -73.533216139999979, 4.085863620000055, 348.0 ], [ -73.533328609999955, 4.085867090000022, 348.089999999996508 ], [ -73.533441319999952, 4.085871280000049, 348.507199999992736 ], [ -73.533554579999986, 4.085875190000024, 348.926500000001397 ], [ -73.533782709999969, 4.085882940000033, 348.784299999999348 ], [ -73.533894019999934, 4.085888, 348.92160000000149 ], [ -73.534004619999962, 4.085890920000054, 349.341400000004796 ], [ -73.534117099999946, 4.08589395000007, 349.762100000007194 ], [ -73.534227989999977, 4.085896400000024, 349.865699999994831 ], [ -73.534341839999968, 4.085897910000028, 349.964000000007218 ], [ -73.534451069999989, 4.085900940000045, 350.0 ], [ -73.53456142999994, 4.085902650000037, 350.0 ], [ -73.534673129999987, 4.085903920000021, 349.960500000001048 ], [ -73.534723749999955, 4.085904210000024, 349.849400000006426 ], [ -73.534786169999961, 4.085904250000056, 349.712499999994179 ], [ -73.534896019999962, 4.085903920000021, 349.474199999996927 ], [ -73.534936469999934, 4.085903780000024, 349.453099999998813 ], [ -73.534956559999955, 4.085903660000042, 349.528500000000349 ], [ -73.535010409999984, 4.085903210000026, 349.731400000004214 ], [ -73.535015229999942, 4.085903190000067, 349.749400000000605 ], [ -73.535124269999983, 4.085902670000053, 350.157399999996414 ], [ -73.535237049999978, 4.085902180000062, 350.546300000001793 ], [ -73.535350379999954, 4.085901260000071, 350.881899999993038 ], [ -73.535463959999959, 4.085899500000039, 351.21820000000298 ], [ -73.53557485999994, 4.085897970000076, 350.731799999994109 ], [ -73.535659649999957, 4.085896340000033, 350.347899999993388 ], [ -73.535688339999979, 4.085895660000062, 350.217199999999139 ], [ -73.535801679999963, 4.085891330000038, 350.0 ], [ -73.53591197999998, 4.085885150000024, 350.0 ], [ -73.536022569999943, 4.085879140000031, 350.018400000000838 ], [ -73.536245689999987, 4.08586930000007, 350.298299999994924 ], [ -73.536355499999956, 4.085864860000072, 350.543000000005122 ], [ -73.536460209999973, 4.08585966000004, 350.80000000000291 ], [ -73.536574339999959, 4.085855080000044, 350.896099999998114 ], [ -73.536684719999982, 4.085851590000061, 350.48750000000291 ], [ -73.53679834999997, 4.085850210000046, 350.066900000005262 ], [ -73.536911339999961, 4.085844110000039, 350.0 ], [ -73.537024479999957, 4.085836090000043, 350.0 ], [ -73.537135879999937, 4.085830620000024, 350.270099999994272 ], [ -73.53719805999998, 4.085828810000066, 350.6137000000017 ], [ -73.537242289999938, 4.085827790000053, 350.859500000005937 ], [ -73.537361829999952, 4.085824120000041, 351.533599999995204 ], [ -73.537474669999938, 4.085820630000057, 352.181299999996554 ], [ -73.537587, 4.085818510000024, 352.827699999994365 ], [ -73.537636736999957, 4.085817192000036, 353.082699999999022 ], [ -73.53763792999996, 4.085817160000033, 353.0853000000061 ], [ -73.537696069999981, 4.085814800000037, 353.219700000001467 ], [ -73.537817599999983, 4.085807670000065, 353.534799999993993 ], [ -73.537839819999988, 4.085806430000048, 353.59429999999702 ], [ -73.537921539999957, 4.085803240000075, 353.608399999997346 ], [ -73.538031399999966, 4.085799250000036, 353.001900000002934 ], [ -73.538141349999989, 4.085791590000042, 352.410999999992782 ], [ -73.538251439999954, 4.085787070000038, 352.710800000000745 ], [ -73.538358909999943, 4.085790130000021, 353.235899999999674 ], [ -73.538475449999964, 4.085794270000065, 353.705199999996694 ], [ -73.538595789999988, 4.085790780000025, 354.001499999998487 ], [ -73.538688539999953, 4.085789250000062, 354.22960000000603 ], [ -73.538790949999964, 4.085789310000052, 354.498399999996764 ], [ -73.53891023999995, 4.085786820000067, 354.823399999993853 ], [ -73.539021789999936, 4.085785760000022, 355.211999999999534 ], [ -73.53906816999995, 4.085785170000065, 355.437099999995553 ], [ -73.539124199999947, 4.085784130000036, 355.712299999999232 ], [ -73.539133309999954, 4.085783900000024, 355.757700000001932 ], [ -73.539242289999947, 4.085778700000049, 356.326700000005076 ], [ -73.539352199999939, 4.085771170000044, 356.524799999999232 ], [ -73.539467469999977, 4.085765570000035, 356.675199999997858 ], [ -73.539580429999944, 4.085755410000047, 356.5337 ], [ -73.539689829999986, 4.085742190000076, 356.177800000004936 ], [ -73.539798079999969, 4.085724600000049, 355.842300000003888 ], [ -73.539906229999985, 4.085703340000066, 355.520699999993667 ], [ -73.540122529999962, 4.08565550000003, 354.928799999994226 ], [ -73.540228949999971, 4.08563244000004, 354.726699999999255 ], [ -73.540340479999941, 4.085607630000027, 354.624700000000303 ], [ -73.540559289999976, 4.085557530000074, 354.575599999996484 ], [ -73.540670219999981, 4.085532540000031, 354.411500000001979 ], [ -73.540778409999973, 4.085508780000055, 354.323699999993551 ], [ -73.540885719999949, 4.085484750000035, 354.296100000006845 ], [ -73.540996639999946, 4.085459680000042, 354.614000000001397 ], [ -73.541106709999951, 4.085434520000035, 354.928299999999581 ], [ -73.541214459999935, 4.085410010000032, 355.029999999998836 ], [ -73.541322679999951, 4.085385160000044, 355.042900000000373 ], [ -73.541432929999985, 4.085359620000077, 355.019700000004377 ], [ -73.54149818999997, 4.085344220000025, 355.093399999997928 ], [ -73.541543069999989, 4.085333540000022, 355.16019999999844 ], [ -73.541648919999943, 4.085307990000047, 355.370800000004238 ], [ -73.541756719999967, 4.08528251000007, 355.651599999997416 ], [ -73.54186840999995, 4.085265290000052, 355.872199999997974 ], [ -73.541979949999984, 4.085277330000054, 356.051900000005844 ], [ -73.542091679999942, 4.085294920000024, 356.279200000004494 ], [ -73.542201809999938, 4.08531086000005, 356.550600000002305 ], [ -73.542314479999959, 4.085327950000021, 356.653300000005402 ], [ -73.542425, 4.085344970000051, 356.715800000005402 ], [ -73.542535509999936, 4.08536212000007, 356.909199999994598 ], [ -73.542638959999977, 4.085379190000026, 357.30460000000312 ], [ -73.542748109999934, 4.085396400000036, 357.768100000001141 ], [ -73.542854269999964, 4.085413470000049, 358.282000000006519 ], [ -73.54287678999998, 4.085417020000023, 358.391499999997905 ], [ -73.542964969999957, 4.085431150000034, 358.821599999995669 ], [ -73.543074429999933, 4.085448020000058, 359.498000000006869 ], [ -73.543186669999955, 4.085464530000024, 360.37609999999404 ], [ -73.543299489999981, 4.085482480000053, 361.212899999998626 ], [ -73.543408419999935, 4.085499250000055, 360.770499999998719 ], [ -73.543519519999961, 4.085515970000074, 360.2549 ], [ -73.543628679999983, 4.085532980000039, 359.484299999996438 ], [ -73.543736819999936, 4.085551250000037, 358.479900000005728 ], [ -73.543846469999949, 4.085568710000075, 357.412299999996321 ], [ -73.543954849999977, 4.085585580000043, 356.388300000005984 ], [ -73.544175329999973, 4.085619730000076, 354.827600000004168 ], [ -73.544283969999981, 4.08563829000002, 354.492700000002515 ], [ -73.544392249999987, 4.085655780000025, 354.143400000000838 ], [ -73.544501679999939, 4.085672810000062, 354.080900000000838 ], [ -73.544524229999979, 4.085676140000032, 354.068700000003446 ], [ -73.54461060999995, 4.08568759000002, 354.026700000002165 ], [ -73.544694229999948, 4.085694660000058, 354.159499999994296 ], [ -73.544722639999975, 4.085695660000056, 354.266099999993457 ], [ -73.544831759999965, 4.085696810000059, 354.670100000003004 ], [ -73.544945459999951, 4.085695670000064, 355.088699999992969 ], [ -73.545046009999965, 4.085694810000064, 355.460900000005495 ], [ -73.545055389999959, 4.08569478000004, 355.495599999994738 ], [ -73.545168269999976, 4.085694770000032, 355.913499999995111 ], [ -73.545282229999941, 4.085693960000071, 356.333700000002864 ], [ -73.545396459999949, 4.085692970000025, 356.751499999998487 ], [ -73.545506129999978, 4.08569349000004, 356.994099999996251 ], [ -73.545615259999977, 4.08569269000003, 356.99550000000454 ], [ -73.545724379999967, 4.085690450000072, 356.999500000005355 ], [ -73.545833759999937, 4.085688730000072, 356.990399999995134 ], [ -73.545942619999948, 4.085688080000068, 356.978099999992992 ], [ -73.546056309999983, 4.085687370000073, 356.975200000000768 ], [ -73.546170249999989, 4.085684830000048, 356.984599999996135 ], [ -73.546283639999956, 4.085682490000067, 357.002099999997881 ], [ -73.546315729999947, 4.085680090000039, 357.009399999995367 ], [ -73.546424049999985, 4.085657300000037, 357.080199999996694 ], [ -73.546528149999972, 4.085621980000042, 357.258700000005774 ], [ -73.546610509999937, 4.085582920000036, 357.815499999996973 ], [ -73.546626539999977, 4.085574190000045, 357.931599999996251 ], [ -73.546723619999966, 4.085519030000057, 358.555600000006962 ], [ -73.546821429999966, 4.085461900000041, 358.995699999999488 ], [ -73.546877959999961, 4.085428850000028, 358.99659999999858 ], [ -73.546916989999943, 4.085406290000037, 359.069199999998091 ], [ -73.547012819999964, 4.085350560000052, 359.274900000003981 ], [ -73.54710087899997, 4.085299900000052, 359.4568 ], [ -73.547107049999966, 4.085296350000021, 359.470499999995809 ], [ -73.547199109999951, 4.085244320000072, 359.810299999997369 ], [ -73.547296839999944, 4.085187050000059, 360.476800000004005 ], [ -73.547392879999961, 4.085132850000036, 361.011499999993248 ], [ -73.547586659999979, 4.085017060000041, 361.436499999996158 ], [ -73.547766729999978, 4.084912400000064, 361.891799999997602 ], [ -73.547776339999984, 4.084907040000076, 361.911600000006729 ], [ -73.547874459999946, 4.084852070000068, 361.991800000003423 ], [ -73.547972639999955, 4.084796160000053, 361.510500000003958 ], [ -73.548070889999963, 4.084741480000048, 361.032300000006217 ], [ -73.548135979999984, 4.084704440000053, 360.798899999994319 ], [ -73.548166829999957, 4.084687020000047, 360.720799999995506 ], [ -73.548186159999943, 4.084676500000057, 360.743100000006962 ], [ -73.548289719999957, 4.08462884000005, 360.909700000003795 ], [ -73.548394409999958, 4.084597110000061, 361.0 ], [ -73.548501929999986, 4.084577140000022, 361.0 ], [ -73.548614379999947, 4.084567360000051, 361.0 ], [ -73.54872770999998, 4.084562620000042, 361.015700000003562 ], [ -73.548840489999975, 4.084558010000023, 361.100999999995111 ], [ -73.548954309999942, 4.084552550000069, 361.204500000007101 ], [ -73.549066839999966, 4.084548010000049, 361.579199999992852 ], [ -73.549176339999974, 4.084541940000065, 362.007199999992736 ], [ -73.549288729999944, 4.08453473000003, 362.334400000007008 ], [ -73.549401469999964, 4.084528950000049, 362.488500000006752 ], [ -73.549503509999965, 4.084523790000048, 362.643100000001141 ], [ -73.549601859999939, 4.084520420000047, 362.682400000005146 ], [ -73.549710929999947, 4.084516430000065, 362.712400000003981 ], [ -73.549821059999942, 4.084512460000042, 362.692999999999302 ], [ -73.549930609999933, 4.08450724000005, 362.570999999996275 ], [ -73.55004004999995, 4.084500160000061, 362.440700000006473 ], [ -73.55015149999997, 4.084493260000045, 362.086999999999534 ], [ -73.550263879999989, 4.084494100000029, 361.6682 ], [ -73.550266829999941, 4.084494300000074, 361.656499999997322 ], [ -73.550369399999965, 4.084506860000033, 361.329299999997602 ], [ -73.550489339999956, 4.084527080000043, 361.125499999994645 ], [ -73.550594829999966, 4.084545700000035, 361.000799999994342 ], [ -73.550704259999975, 4.084565140000052, 361.072000000000116 ], [ -73.550918469999942, 4.084605830000044, 361.029599999994389 ], [ -73.551029609999944, 4.084626480000054, 360.935500000006869 ], [ -73.551142269999957, 4.084644630000071, 360.913100000005215 ], [ -73.551254749999941, 4.084660270000029, 361.34429999999702 ], [ -73.551366959999939, 4.084676010000067, 361.822000000000116 ], [ -73.55147618999996, 4.084693410000057, 361.924299999998766 ], [ -73.55158315999995, 4.084709740000051, 361.76940000000468 ], [ -73.551695279999933, 4.084727870000052, 361.399699999994482 ], [ -73.55191874999997, 4.084761990000061, 359.251300000003539 ], [ -73.552028249999978, 4.084777680000059, 359.303100000004633 ], [ -73.552136409999946, 4.084795, 359.70339999999851 ], [ -73.552245049999954, 4.084812670000076, 360.211200000005192 ], [ -73.552355069999976, 4.084828500000071, 361.025800000003073 ], [ -73.552461469999969, 4.084842970000068, 361.813500000003842 ], [ -73.552462799999944, 4.084843160000048, 361.823300000003655 ], [ -73.552574349999986, 4.084861380000063, 362.0 ], [ -73.552682609999977, 4.084881340000038, 362.0 ], [ -73.552791619999937, 4.08489996000003, 361.877500000002328 ], [ -73.552902869999969, 4.084918470000048, 361.523100000005797 ], [ -73.553012439999975, 4.08493358000004, 361.217799999998533 ], [ -73.553122519999988, 4.084946510000066, 361.142699999996694 ], [ -73.553235129999962, 4.084960850000073, 361.062699999994948 ], [ -73.55328727999995, 4.084967820000031, 361.010800000003655 ], [ -73.55329035699998, 4.084968213000025, 361.007500000006985 ], [ -73.553344, 4.084975070000041, 361.0 ], [ -73.553456599999947, 4.084989600000029, 361.0 ], [ -73.55353058999998, 4.084999400000072, 361.0 ], [ -73.553644419999955, 4.08501442000005, 361.285799999997835 ], [ -73.553753849999964, 4.085029390000045, 361.69090000000142 ], [ -73.553862289999984, 4.085045690000072, 362.184599999993225 ], [ -73.553974079999989, 4.085061370000062, 363.012199999997392 ], [ -73.554087059999972, 4.085076130000061, 363.848700000002282 ], [ -73.554200249999951, 4.085089230000051, 364.0 ], [ -73.554310899999962, 4.085103150000066, 364.0 ], [ -73.55442155999998, 4.085120850000067, 364.162599999996019 ], [ -73.554533359999937, 4.085134130000029, 364.576400000005378 ], [ -73.554560339999966, 4.085136410000075, 364.676300000006449 ], [ -73.554665729999954, 4.085146540000039, 364.933600000003935 ], [ -73.554777359999946, 4.085161250000056, 364.51600000000326 ], [ -73.554890159999957, 4.085175400000026, 364.0966000000044 ], [ -73.554920759999959, 4.08517917000006, 363.990300000004936 ], [ -73.555001339999933, 4.08518945000003, 363.725800000000163 ], [ -73.555108769999947, 4.085203250000063, 363.408400000000256 ], [ -73.555302229999938, 4.085229120000065, 363.257400000002235 ], [ -73.555414299999939, 4.085244460000069, 363.313699999998789 ], [ -73.555526479999969, 4.085253850000072, 363.095300000000861 ], [ -73.555640309999944, 4.085258920000058, 362.6924 ], [ -73.555751389999955, 4.085264650000056, 362.387300000002142 ], [ -73.555860229999951, 4.08527231000005, 362.415299999993294 ], [ -73.555972179999969, 4.085281510000073, 362.44890000000305 ], [ -73.556084339999984, 4.085291520000055, 362.966599999999744 ], [ -73.556196199999988, 4.085301780000066, 363.603799999997136 ], [ -73.556306159999963, 4.085312160000058, 364.355400000000373 ], [ -73.556418679999979, 4.085323920000064, 365.445999999996275 ], [ -73.556441869999958, 4.085326440000074, 365.675499999997555 ], [ -73.556489309999961, 4.08533170000004, 366.150200000003679 ], [ -73.556636639999965, 4.085350490000053, 366.955600000001141 ], [ -73.556749409999952, 4.085368530000039, 367.366299999994226 ], [ -73.556857129999969, 4.085387610000055, 367.675799999997253 ], [ -73.556966839999973, 4.08540768000006, 367.823199999998906 ], [ -73.557074389999968, 4.085427510000045, 367.968900000007125 ], [ -73.557186239999965, 4.085449400000073, 368.168799999999464 ], [ -73.557297709999943, 4.085470310000062, 368.310299999997369 ], [ -73.557324329999972, 4.085475220000035, 368.334099999992759 ], [ -73.557520259999933, 4.085511250000025, 367.76600000000326 ], [ -73.55763023999998, 4.085529680000036, 367.345199999996112 ], [ -73.557737939999981, 4.085547210000072, 367.237899999992806 ], [ -73.55776684999995, 4.085551480000049, 367.199699999997392 ], [ -73.557847349999975, 4.085562320000065, 367.074800000002142 ], [ -73.557956249999961, 4.085577300000068, 367.017000000007101 ], [ -73.558064749999971, 4.085593170000038, 367.120299999995041 ], [ -73.558171449999975, 4.085608320000063, 367.283599999995204 ], [ -73.558280509999975, 4.085622110000031, 367.219800000006217 ], [ -73.558392389999938, 4.085636890000046, 367.070099999997183 ], [ -73.558503229999985, 4.085651450000057, 367.0 ], [ -73.558612349999976, 4.085666810000021, 367.0 ], [ -73.55872095999996, 4.085681890000046, 367.071500000005472 ], [ -73.558832909999978, 4.085698140000034, 367.481400000004214 ], [ -73.558945069999936, 4.08571476000003, 367.949900000006892 ], [ -73.559054679999974, 4.085730140000067, 368.095199999996112 ], [ -73.559167359999947, 4.085745170000052, 368.150399999998626 ], [ -73.559276539999985, 4.085760070000049, 368.232600000003004 ], [ -73.55938716999998, 4.085776160000023, 368.407699999996112 ], [ -73.55949628999997, 4.085793160000037, 368.635999999998603 ], [ -73.559605229999988, 4.085809730000051, 368.774600000004284 ], [ -73.559639772999958, 4.08581552000004, 368.81710000000021 ], [ -73.559717859999978, 4.085828610000021, 368.913300000000163 ], [ -73.559933469999976, 4.085862330000054, 369.069699999992736 ], [ -73.560043009999958, 4.085878500000035, 369.00789999999688 ], [ -73.560155449999968, 4.085895310000069, 369.0 ], [ -73.560157476999962, 4.085895612000058, 369.0 ], [ -73.560265239999978, 4.085911660000022, 369.0 ], [ -73.560374239999987, 4.085927750000053, 369.198000000003958 ], [ -73.560482479999962, 4.085943490000034, 369.598599999997532 ], [ -73.560595239999941, 4.085959310000021, 370.0 ], [ -73.560637699999972, 4.085965220000048, 370.0 ], [ -73.560745509999947, 4.085981600000025, 370.010399999999208 ], [ -73.560850079999966, 4.085997020000036, 370.071700000000419 ], [ -73.56094386999996, 4.086013110000067, 370.399399999994785 ], [ -73.56096808999996, 4.086017800000036, 370.487399999998161 ], [ -73.561053909999941, 4.08603424000006, 370.774399999994785 ], [ -73.56116228999997, 4.08605405000003, 371.082399999999325 ], [ -73.561271179999949, 4.08606683000005, 371.346699999994598 ], [ -73.561380159999942, 4.086076240000068, 371.584799999996903 ], [ -73.561490079999942, 4.086087030000044, 371.728099999992992 ], [ -73.561598709999942, 4.086101910000025, 371.876199999998789 ], [ -73.561665526999946, 4.086112752000076, 371.989000000001397 ], [ -73.561714879999954, 4.086120760000028, 371.924299999998766 ], [ -73.561826839999981, 4.086136970000041, 371.763200000001234 ], [ -73.562047689999986, 4.086172010000041, 371.435400000002119 ], [ -73.562153169999988, 4.086186160000068, 371.166700000001583 ], [ -73.562262819999944, 4.086201550000055, 370.967000000004191 ], [ -73.562372539999956, 4.086218330000065, 370.932700000004843 ], [ -73.562386079999953, 4.08622022000003, 370.931500000006054 ], [ -73.562491589999979, 4.086236170000063, 370.952399999994668 ], [ -73.562601279999967, 4.086250970000037, 371.0 ], [ -73.562709779999977, 4.086264920000076, 371.0 ], [ -73.562818159999949, 4.086281240000062, 371.244800000000396 ], [ -73.562921484999947, 4.086302715000045, 371.627299999992829 ], [ -73.562925259999986, 4.086303500000042, 371.641300000002957 ], [ -73.562942169999985, 4.086306420000028, 371.703899999993155 ], [ -73.563038669999969, 4.086316030000035, 372.0 ], [ -73.563149149999958, 4.086323140000047, 372.0 ], [ -73.563258829999938, 4.086337620000052, 372.0 ], [ -73.563371449999977, 4.08635490000006, 371.820699999996577 ], [ -73.563402245999953, 4.086359798000046, 371.758300000001327 ], [ -73.563477889999945, 4.086371830000076, 371.622199999997974 ], [ -73.563480529999936, 4.086372250000068, 371.617899999997462 ], [ -73.563588379999942, 4.086388840000041, 371.318199999994249 ], [ -73.563696599999957, 4.086404730000027, 370.507400000002235 ], [ -73.563800369999967, 4.086419650000039, 369.642999999996391 ], [ -73.563902859999985, 4.086434040000029, 369.061499999996158 ], [ -73.564011489999984, 4.08644903000004, 368.604399999996531 ], [ -73.564070949999973, 4.086457440000061, 368.353400000007241 ], [ -73.564124549999974, 4.086465100000055, 368.288400000004913 ], [ -73.564231589999963, 4.086479770000039, 368.630799999998999 ], [ -73.564343279999946, 4.086494110000046, 368.991599999993923 ], [ -73.564451979999944, 4.086508550000076, 369.3269 ], [ -73.564564449999978, 4.086524980000036, 369.700599999996484 ], [ -73.564676349999957, 4.086541650000072, 369.935800000006566 ], [ -73.564788459999988, 4.086558790000026, 369.937099999995553 ], [ -73.564898489999962, 4.086573260000023, 369.989700000005541 ], [ -73.564899753999953, 4.086573451000049, 369.990600000004633 ], [ -73.565009569999972, 4.086590020000074, 370.267399999996996 ], [ -73.565117359999988, 4.086607030000039, 370.519100000004983 ], [ -73.565337359999944, 4.08663867000007, 370.815499999996973 ], [ -73.56545, 4.086654060000058, 370.993799999996554 ], [ -73.565561249999973, 4.086669680000057, 371.182300000000396 ], [ -73.565674369999954, 4.086685560000035, 371.326000000000931 ], [ -73.565786729999957, 4.086700900000039, 371.576100000005681 ], [ -73.565894249999985, 4.086715990000073, 371.918699999994715 ], [ -73.566002979999951, 4.086733080000045, 372.266199999998207 ], [ -73.566021582999952, 4.08673615400005, 372.338000000003376 ], [ -73.566027309999981, 4.08673710000005, 372.359800000005635 ], [ -73.566073679999988, 4.086744260000046, 372.533400000000256 ], [ -73.566074152999988, 4.086744322000072, 372.53519999999844 ], [ -73.566127119999976, 4.086751240000069, 372.729200000001583 ], [ -73.56623430999997, 4.086764800000026, 373.094500000006519 ], [ -73.566264339999975, 4.08676889000003, 373.185700000001816 ], [ -73.566335159999937, 4.086786110000048, 373.05909999999858 ], [ -73.566434919999949, 4.086832590000029, 372.716899999999441 ], [ -73.566521579999971, 4.086900280000066, 372.218299999993178 ], [ -73.566604989999973, 4.086973790000059, 371.587700000003679 ], [ -73.566687419999937, 4.087049170000057, 371.086899999994785 ], [ -73.566754969999977, 4.087108950000072, 371.0 ], [ -73.566769651999948, 4.087117873000068, 371.0 ], [ -73.566850809999949, 4.087167200000067, 371.0 ], [ -73.56695641999994, 4.087193980000052, 371.0 ], [ -73.567064169999981, 4.08720739000006, 371.0 ], [ -73.567176719999964, 4.087218930000063, 370.6201 ], [ -73.567232169999954, 4.08722036000006, 370.414900000003399 ], [ -73.567289509999966, 4.087215310000033, 370.202600000004168 ], [ -73.567386409999983, 4.087167880000038, 370.155899999997928 ], [ -73.567465479999953, 4.087092750000068, 370.448399999993853 ], [ -73.567467419999957, 4.087089850000041, 370.455600000001141 ], [ -73.567508579999981, 4.086990030000038, 370.888300000005984 ], [ -73.567525529999955, 4.086935590000053, 371.151700000002165 ], [ -73.567548900999952, 4.086853555000062, 371.540399999998044 ], [ -73.567549249999956, 4.086852330000056, 371.546199999997043 ], [ -73.567553689999954, 4.086835660000077, 371.624100000000908 ], [ -73.567556529999933, 4.086824790000037, 371.674599999998463 ], [ -73.56757762999996, 4.086742250000043, 371.862699999997858 ], [ -73.567604249999988, 4.086635500000057, 371.960999999995693 ], [ -73.567607169999974, 4.086623130000021, 371.971799999999348 ], [ -73.567608269999937, 4.086618580000049, 371.975800000000163 ], [ -73.567638489999979, 4.086538380000036, 372.087499999994179 ], [ -73.567674129999943, 4.086491580000029, 372.008499999996275 ], [ -73.567757747999963, 4.086432139000067, 372.03179999999702 ], [ -73.567763949999971, 4.086427730000025, 372.038899999999558 ], [ -73.567774979999967, 4.086422920000075, 372.069199999998091 ], [ -73.567796329999965, 4.086415250000073, 372.139999999999418 ], [ -73.567864749999956, 4.086399730000039, 372.432799999995041 ], [ -73.567977919999976, 4.086403250000046, 372.402499999996508 ], [ -73.568085929999938, 4.086415170000066, 372.300900000002002 ], [ -73.568197719999944, 4.086429080000073, 372.30000000000291 ], [ -73.568305719999955, 4.086440940000045, 372.386899999997695 ], [ -73.568414759999939, 4.086453060000053, 372.475800000000163 ], [ -73.568523279999965, 4.086465160000046, 372.4856 ], [ -73.568632819999948, 4.086477660000071, 372.524099999995087 ], [ -73.568745339999964, 4.086490040000058, 372.620299999995041 ], [ -73.568853167999976, 4.08650142700003, 372.74539999999979 ], [ -73.568856319999952, 4.086501760000033, 372.749100000000908 ], [ -73.568963199999985, 4.086514030000046, 372.884000000005472 ], [ -73.569040829999949, 4.086523690000035, 373.268400000000838 ], [ -73.569068659999971, 4.086527130000036, 373.392699999996694 ], [ -73.569181029999982, 4.086540660000026, 373.820999999996275 ], [ -73.569290559999956, 4.086553020000053, 373.594899999996414 ], [ -73.569402499999967, 4.086565710000059, 372.766199999998207 ], [ -73.569511109999951, 4.086579100000051, 371.962100000004284 ], [ -73.569618899999966, 4.086592860000053, 371.164099999994505 ], [ -73.569727759999978, 4.086606350000068, 370.358200000002398 ], [ -73.569815719999951, 4.086617270000033, 370.0 ], [ -73.569840639999939, 4.086620270000026, 370.0 ], [ -73.569948839999938, 4.086632780000059, 370.0 ], [ -73.570057359999964, 4.086644900000067, 370.036200000002282 ], [ -73.570169829999941, 4.086657660000071, 370.446299999995972 ], [ -73.570282139999961, 4.086669350000022, 370.926800000001094 ], [ -73.570391149999978, 4.086681820000024, 371.706200000000536 ], [ -73.570608659999948, 4.086708940000051, 373.37840000000142 ], [ -73.570717569999942, 4.086722340000051, 373.583499999993364 ], [ -73.570827549999933, 4.086735800000042, 373.75010000000475 ], [ -73.570933779999962, 4.086749080000061, 373.588399999993271 ], [ -73.571045689999949, 4.086762050000061, 373.261700000002747 ], [ -73.571153059999972, 4.086774700000035, 373.0 ], [ -73.571266019999939, 4.086787790000074, 373.0 ], [ -73.571378, 4.086800070000038, 373.029599999994389 ], [ -73.571487329999968, 4.086814340000046, 373.521599999992759 ], [ -73.571530459999963, 4.086820110000076, 373.744800000000396 ], [ -73.571592969999983, 4.086828080000032, 374.063899999993737 ], [ -73.571701429999962, 4.086840500000051, 374.348199999993085 ], [ -73.571809979999955, 4.086852370000031, 374.0769 ], [ -73.571946079999975, 4.086867620000021, 373.764899999994668 ], [ -73.572032829999955, 4.086877380000033, 373.776800000006915 ], [ -73.57213859999996, 4.086889910000025, 373.765499999994063 ], [ -73.572245319999979, 4.086903520000021, 373.864400000005844 ], [ -73.572352529999989, 4.086917620000065, 374.182400000005146 ], [ -73.57246417999994, 4.086930460000076, 374.462799999993877 ], [ -73.572573739999939, 4.086942780000072, 374.889200000005076 ], [ -73.572683139999981, 4.086956590000057, 375.344800000006217 ], [ -73.57280043999998, 4.08697163000005, 375.709600000001956 ], [ -73.572909559999971, 4.086985440000035, 375.875599999999395 ], [ -73.572996479999972, 4.086996010000064, 375.978499999997439 ], [ -73.573022189999961, 4.086999140000046, 375.995899999994435 ], [ -73.573134579999987, 4.087012660000028, 375.9091000000044 ], [ -73.573247609999953, 4.087025210000036, 375.86019999999553 ], [ -73.573360119999961, 4.087037640000062, 375.379300000000512 ], [ -73.573467919999985, 4.087051220000035, 374.645199999999022 ], [ -73.573575819999974, 4.087064030000022, 374.0 ], [ -73.573685399999988, 4.087076110000055, 374.022200000006706 ], [ -73.573794679999935, 4.087088620000031, 374.068100000004051 ], [ -73.573895449999952, 4.087100260000057, 374.110799999994924 ], [ -73.574004179999974, 4.087112700000034, 374.156400000007125 ], [ -73.57411320999995, 4.087125080000021, 374.201799999995274 ], [ -73.574221209999962, 4.087136960000066, 374.245299999995041 ], [ -73.574334, 4.087140970000064, 374.259799999999814 ], [ -73.574446429999966, 4.087134430000049, 374.235499999995227 ], [ -73.574555869999983, 4.087119120000068, 374.178799999994226 ], [ -73.574664079999934, 4.087102580000021, 374.117599999997765 ], [ -73.574759189999952, 4.087088720000054, 374.066200000001118 ], [ -73.574775839999973, 4.087086380000073, 374.0576 ], [ -73.574886489999983, 4.087069950000057, 374.0 ], [ -73.574994689999983, 4.087053450000042, 374.29670000000624 ], [ -73.575102459999982, 4.087037670000029, 374.628100000001723 ], [ -73.575211259999946, 4.087021510000056, 374.936100000006263 ], [ -73.575318529999947, 4.087005910000073, 375.275299999993877 ], [ -73.575427279999985, 4.086989380000034, 375.616599999993923 ], [ -73.575535119999984, 4.086972230000072, 375.750799999994342 ], [ -73.575647989999936, 4.086954400000025, 375.885800000003655 ], [ -73.575758499999949, 4.086936990000027, 376.0 ], [ -73.575866229999974, 4.08692091000006, 376.0 ], [ -73.575942099999963, 4.08691022000005, 376.0 ], [ -73.575971949999939, 4.086905870000066, 376.0 ], [ -73.576083599999947, 4.086888900000076, 376.347200000003795 ], [ -73.576190959999963, 4.086870570000031, 376.744600000005448 ], [ -73.576300969999977, 4.086851860000024, 377.151700000002165 ], [ -73.576332399999956, 4.086847190000071, 377.267999999996391 ], [ -73.576417449999951, 4.08683467000003, 377.582800000003772 ], [ -73.576466039999957, 4.086827430000028, 377.762600000001839 ], [ -73.576562529999933, 4.086812130000055, 378.239499999996042 ], [ -73.576600525999936, 4.086805039000069, 378.520799999998417 ], [ -73.576627849999966, 4.086799940000049, 378.7212 ], [ -73.576647239999943, 4.086795080000059, 378.848700000002282 ], [ -73.576700479999943, 4.086777740000059, 379.153999999994994 ], [ -73.576750309999966, 4.086757830000067, 379.371799999993527 ], [ -73.576820509999948, 4.086720910000054, 379.463900000002468 ], [ -73.576844669999957, 4.086707710000042, 379.42160000000149 ], [ -73.576941179999949, 4.086655300000075, 379.168600000004517 ], [ -73.577038559999949, 4.086603380000042, 378.783500000005006 ], [ -73.577137439999944, 4.086548630000038, 378.686700000005658 ], [ -73.57714870999996, 4.086542510000072, 378.706000000005588 ], [ -73.577167629999963, 4.086532570000031, 378.745800000004238 ], [ -73.577236039999946, 4.086499150000066, 378.973299999997835 ], [ -73.577333179999982, 4.086448480000058, 379.060800000006566 ], [ -73.577429579999944, 4.086397010000042, 379.180500000002212 ], [ -73.577526139999975, 4.086345850000043, 379.580100000006496 ], [ -73.577623569999957, 4.086295180000036, 380.180500000002212 ], [ -73.57772104999998, 4.086244620000059, 380.323699999993551 ], [ -73.577816699999971, 4.086195210000028, 380.470000000001164 ], [ -73.57791586999997, 4.086143820000075, 380.630000000004657 ], [ -73.578015329999971, 4.086091840000051, 380.689299999998184 ], [ -73.578112549999958, 4.086040230000037, 380.883300000001327 ], [ -73.578194669999959, 4.085997830000053, 381.005900000003749 ], [ -73.578306159999954, 4.085940040000025, 380.82390000000305 ], [ -73.578405349999969, 4.085888710000063, 380.634399999995367 ], [ -73.578503539999986, 4.08583778000002, 380.883300000001327 ], [ -73.57860218999997, 4.085786590000055, 381.096399999994901 ], [ -73.578699609999944, 4.085737090000066, 381.204800000006799 ], [ -73.578894499999933, 4.085636470000054, 381.385899999993853 ], [ -73.578992219999975, 4.085584030000064, 381.204199999992852 ], [ -73.579093329999978, 4.085531270000047, 381.077199999999721 ], [ -73.579198839999947, 4.085504700000058, 381.428199999994831 ], [ -73.579306659999986, 4.085522940000033, 382.048399999999674 ], [ -73.579397299999982, 4.085583180000071, 382.819000000003143 ], [ -73.579472499999952, 4.085650340000029, 383.479000000006636 ], [ -73.579484879999939, 4.085661370000025, 383.574299999992945 ], [ -73.579512469999941, 4.085685670000032, 383.771099999998114 ], [ -73.579569169999957, 4.085734380000076, 384.0 ], [ -73.579653929999949, 4.085804680000024, 384.0 ], [ -73.579738679999934, 4.085875, 384.0 ], [ -73.579822239999942, 4.085946340000021, 383.816699999995762 ], [ -73.579905519999954, 4.086016770000072, 383.455900000000838 ], [ -73.579989609999984, 4.086086150000028, 383.126300000003539 ], [ -73.580085549999978, 4.086141560000044, 382.910900000002584 ], [ -73.580189579999967, 4.086173970000061, 382.629400000005262 ], [ -73.580299799999977, 4.086183830000039, 382.316900000005262 ], [ -73.580315549999966, 4.086184760000037, 382.282999999995809 ], [ -73.580409809999935, 4.086190420000037, 382.431599999996251 ], [ -73.580515869999942, 4.086195810000049, 382.631500000003143 ], [ -73.580519609999953, 4.086196030000053, 382.639200000005076 ], [ -73.580629059999978, 4.086203080000075, 383.092699999993783 ], [ -73.580641339999943, 4.086203780000062, 383.176999999996042 ], [ -73.580741529999955, 4.086208770000042, 383.869900000005146 ], [ -73.580854789999989, 4.086215080000045, 384.665699999997742 ], [ -73.58093488999998, 4.086219970000059, 384.790299999993294 ], [ -73.58096667999996, 4.086221490000071, 384.832099999999627 ], [ -73.581096029999969, 4.086227420000057, 384.975099999996019 ], [ -73.581194079999989, 4.086232290000055, 385.027600000001257 ], [ -73.581233619999978, 4.086234550000029, 385.0396999999939 ], [ -73.581295029999978, 4.08623840000007, 385.052899999995134 ], [ -73.581406669999978, 4.08624455000006, 385.012100000007194 ], [ -73.581515939999974, 4.086250090000021, 384.587499999994179 ], [ -73.58162815999998, 4.086255410000035, 384.152700000006007 ], [ -73.581739019999986, 4.086261510000043, 383.440000000002328 ], [ -73.581842929999937, 4.086267130000067, 382.615900000004331 ], [ -73.581894019999936, 4.086267670000041, 382.228199999997742 ], [ -73.581900969999936, 4.086267620000058, 382.176800000001094 ], [ -73.58195416999996, 4.086265630000071, 381.878899999996065 ], [ -73.582065089999958, 4.086248130000058, 381.636199999993551 ], [ -73.582173259999934, 4.086226920000058, 381.481899999998859 ], [ -73.582283169999982, 4.08620355000005, 381.704299999997602 ], [ -73.58239384999996, 4.086179970000046, 382.114700000005541 ], [ -73.582501279999974, 4.086156490000064, 382.512700000006589 ], [ -73.582606789999943, 4.086134310000034, 382.649000000004889 ], [ -73.582713749999982, 4.08611269000005, 382.711899999994785 ], [ -73.582822219999969, 4.086090340000055, 382.850600000005215 ], [ -73.582933349999962, 4.086067570000068, 382.742199999993318 ], [ -73.583041329999958, 4.086046790000069, 382.392699999996694 ], [ -73.583149329999969, 4.086024760000043, 382.187799999999697 ], [ -73.583256229999961, 4.086002640000061, 382.047900000005029 ], [ -73.583366669999975, 4.085979190000046, 382.0 ], [ -73.583477019999975, 4.085955360000071, 382.0 ], [ -73.583587979999947, 4.085931760000051, 382.121899999998277 ], [ -73.583699649999971, 4.085909060000063, 382.53519999999844 ], [ -73.583808119999958, 4.085886620000053, 382.936600000000908 ], [ -73.583918149999988, 4.085862450000036, 383.343800000002375 ], [ -73.58402295999997, 4.085839540000052, 383.731700000003912 ], [ -73.584151749999933, 4.085812290000035, 383.929199999998673 ], [ -73.584252099999958, 4.085791490000076, 383.84769999999844 ], [ -73.584259949999989, 4.085789800000043, 383.843900000007125 ], [ -73.584367199999974, 4.085766750000062, 383.828699999998207 ], [ -73.584483229999989, 4.085742540000069, 383.91830000000482 ], [ -73.584593199999972, 4.085719490000031, 384.0 ], [ -73.584697939999955, 4.085697480000022, 384.229800000000978 ], [ -73.58480579999997, 4.085676110000065, 384.629000000000815 ], [ -73.584913959999938, 4.085653490000027, 385.021999999997206 ], [ -73.585024929999975, 4.08562868000007, 385.290699999997742 ], [ -73.585156739999945, 4.085599010000067, 385.5112999999983 ], [ -73.585234699999944, 4.085582330000022, 385.595400000005611 ], [ -73.585339839999961, 4.085559670000066, 385.651400000002468 ], [ -73.585447569999985, 4.085537630000033, 385.647100000001956 ], [ -73.585555119999981, 4.085516030000065, 385.390499999994063 ], [ -73.585662059999947, 4.085492840000029, 385.190700000006473 ], [ -73.585769059999961, 4.08546866000006, 385.069300000002841 ], [ -73.585879559999967, 4.085446900000022, 384.984400000001187 ], [ -73.585989859999984, 4.085425450000059, 384.899399999994785 ], [ -73.586096039999973, 4.08540258000005, 384.491599999993923 ], [ -73.586206769999933, 4.085377920000042, 384.136599999997998 ], [ -73.586315329999934, 4.085357410000029, 384.0 ], [ -73.586426909999943, 4.085342150000031, 384.0 ], [ -73.586537969999938, 4.085329200000047, 384.101299999994808 ], [ -73.586628679999933, 4.085317210000028, 384.941900000005262 ], [ -73.586724749999973, 4.085305030000029, 385.80109999999695 ], [ -73.586836529999971, 4.08529124000006, 386.532300000006217 ], [ -73.586945879999973, 4.085277400000052, 386.758900000000722 ], [ -73.587048519999939, 4.08526388000007, 386.890599999998813 ], [ -73.58716112999997, 4.085248610000065, 386.588499999998021 ], [ -73.587272809999945, 4.085234120000052, 386.298200000004726 ], [ -73.587380589999952, 4.085220830000026, 386.152100000006612 ], [ -73.587488509999957, 4.085208470000055, 386.106299999999464 ], [ -73.587596699999949, 4.085193980000042, 386.052599999995437 ], [ -73.587704409999958, 4.085180140000034, 386.001399999993737 ], [ -73.587813349999976, 4.085167280000064, 385.988899999996647 ], [ -73.587924469999962, 4.08515256000004, 386.0 ], [ -73.588033709999934, 4.085137940000038, 386.0 ], [ -73.588142709999943, 4.085125650000066, 386.0 ], [ -73.588251489999948, 4.085111590000054, 386.0 ], [ -73.588358949999986, 4.085097870000027, 386.0 ], [ -73.588468039999952, 4.085084050000034, 386.118199999997159 ], [ -73.588579729999935, 4.085069500000031, 386.352899999998044 ], [ -73.588688189999971, 4.085051560000068, 386.524099999995087 ], [ -73.58873927999997, 4.085041010000054, 386.764100000000326 ], [ -73.588794699999937, 4.08502892000007, 387.006699999998091 ], [ -73.588904609999986, 4.085004250000054, 387.429099999993923 ], [ -73.589015359999962, 4.084979640000029, 387.727499999993597 ], [ -73.589119939999989, 4.084952350000037, 387.912800000005518 ], [ -73.589127159999975, 4.084950350000042, 387.924799999993411 ], [ -73.589226649999944, 4.08492472000006, 388.103600000002189 ], [ -73.589331349999952, 4.084902570000054, 387.958700000002864 ], [ -73.589439069999969, 4.08488052000007, 387.869200000001001 ], [ -73.589545329999964, 4.084854330000042, 387.626199999998789 ], [ -73.589652769999987, 4.084827340000061, 387.128800000005867 ], [ -73.589759649999962, 4.084800360000031, 386.633600000001024 ], [ -73.589868469999942, 4.08477576000007, 386.505900000003749 ], [ -73.589976049999962, 4.084750550000024, 386.412700000000768 ], [ -73.590080499999942, 4.08472179000006, 386.549599999998463 ], [ -73.590158637999934, 4.084700860000055, 386.870699999999488 ], [ -73.590184359999967, 4.084693970000046, 386.9568 ], [ -73.590191649999952, 4.084692180000047, 386.9807 ], [ -73.590294969999945, 4.084670030000041, 387.27730000000156 ], [ -73.590403299999934, 4.084645830000056, 388.113400000002002 ], [ -73.590512419999982, 4.084614810000062, 389.047900000005029 ], [ -73.590618779999943, 4.084588050000036, 389.838499999998021 ], [ -73.59072550999997, 4.084565160000068, 390.649999999994179 ], [ -73.590832069999976, 4.084540230000073, 391.363500000006752 ], [ -73.590939689999971, 4.084513990000062, 391.611799999998766 ], [ -73.591047289999949, 4.084488860000022, 391.994600000005448 ], [ -73.591155079999965, 4.084463310000046, 392.396099999998114 ], [ -73.591261759999952, 4.084437800000046, 392.391300000002957 ], [ -73.591368469999964, 4.08441018000002, 392.297200000000885 ], [ -73.591477599999962, 4.08438115000007, 392.416700000001583 ], [ -73.591565519999961, 4.084356730000025, 392.673999999999069 ], [ -73.591596599999946, 4.084348660000046, 392.816600000005565 ], [ -73.591703639999935, 4.084329670000045, 393.142500000001746 ], [ -73.591810959999975, 4.084345080000048, 393.085999999995693 ], [ -73.591814559999989, 4.084346160000052, 393.081999999994878 ], [ -73.591841199999976, 4.084355060000064, 393.049299999998766 ], [ -73.591871879999985, 4.084366990000035, 393.005300000004354 ], [ -73.591914539999948, 4.08438502000007, 393.122000000003027 ], [ -73.59201061999994, 4.084432290000052, 393.470100000005914 ], [ -73.592108049999979, 4.084481680000067, 393.833799999993062 ], [ -73.592206159999989, 4.084528470000066, 394.16009999999369 ], [ -73.592306939999958, 4.084575230000041, 394.131200000003446 ], [ -73.592406979999964, 4.084622310000043, 394.107399999993504 ], [ -73.592543919999969, 4.084687170000052, 393.777799999996205 ], [ -73.592625289999944, 4.084726150000051, 393.6106 ], [ -73.592706729999975, 4.084764330000041, 393.527100000006612 ], [ -73.592805569999939, 4.084810780000055, 393.479200000001583 ], [ -73.592903809999939, 4.084857880000072, 393.319699999992736 ], [ -73.59297252999994, 4.084891, 393.133300000001327 ], [ -73.593003039999985, 4.084905400000025, 393.03059999999823 ], [ -73.593053019999957, 4.084929340000031, 392.692599999994854 ], [ -73.593106339999963, 4.084954970000069, 392.297800000000279 ], [ -73.593205329999989, 4.085002860000031, 391.564700000002631 ], [ -73.593306849999976, 4.085050490000071, 390.858699999997043 ], [ -73.593408119999935, 4.085098690000052, 390.209099999992759 ], [ -73.59351001999994, 4.085148100000026, 389.41830000000482 ], [ -73.593611639999949, 4.085194880000074, 388.565499999996973 ], [ -73.593711459999952, 4.085242420000043, 387.94560000000638 ], [ -73.593811949999974, 4.085291670000061, 387.457099999999627 ], [ -73.593812669999977, 4.085292010000046, 387.453999999997905 ], [ -73.593912959999955, 4.085339170000054, 387.717600000003586 ], [ -73.594012929999963, 4.085385750000057, 387.925499999997555 ], [ -73.594111619999978, 4.085433170000044, 388.0 ], [ -73.594210259999954, 4.085480690000054, 388.053199999994831 ], [ -73.594240549999938, 4.085494950000054, 388.066200000001118 ], [ -73.594311509999955, 4.085529010000073, 388.050900000002002 ], [ -73.594515059999935, 4.08562709000006, 388.0 ], [ -73.59471426999994, 4.085719300000051, 388.296199999997043 ], [ -73.594813099999953, 4.085765190000075, 388.85920000000624 ], [ -73.594912879999981, 4.085813400000063, 389.319499999997788 ], [ -73.594965549999984, 4.085839160000035, 389.414399999994203 ], [ -73.595014689999971, 4.085863030000041, 389.502200000002631 ], [ -73.595113559999959, 4.085910650000073, 389.677599999995437 ], [ -73.595212139999944, 4.085958320000032, 389.726999999998952 ], [ -73.595311519999939, 4.086004880000075, 389.472399999998743 ], [ -73.595410149999964, 4.086051780000048, 389.095600000000559 ], [ -73.595508919999986, 4.086099040000022, 388.844899999996414 ], [ -73.595607989999962, 4.086146290000045, 388.720900000000256 ], [ -73.595707409999989, 4.086194640000031, 388.728199999997742 ], [ -73.595808089999935, 4.086242880000043, 388.900699999998324 ], [ -73.595907659999966, 4.086289080000029, 389.141499999997905 ], [ -73.596009219999985, 4.086336680000045, 389.467600000003586 ], [ -73.596109109999986, 4.086384710000061, 389.647400000001653 ], [ -73.59630403999995, 4.086478500000055, 389.621799999993527 ], [ -73.596406569999942, 4.086527210000042, 389.407300000006217 ], [ -73.59641623999994, 4.086531800000046, 389.380000000004657 ], [ -73.596497309999961, 4.086570140000049, 389.093900000007125 ], [ -73.596519055999977, 4.086579493000045, 389.013399999996182 ], [ -73.596547949999945, 4.086591920000046, 388.923800000004121 ], [ -73.596614579999937, 4.086616970000023, 388.754300000000512 ], [ -73.59672132999998, 4.086644320000062, 388.542900000000373 ], [ -73.596730769999965, 4.086646250000058, 388.526599999997416 ], [ -73.596832339999935, 4.086664710000036, 388.665999999997439 ], [ -73.596882557999947, 4.086673138000037, 388.98410000000149 ] ] ] } },
{ "type": "Feature", "properties": { "GASODUCTO": "CUSIANA - APIAY - USME", "TRM_RML": "Apiay - Termocoa", "TP_DUCTO": "Troncal", "DISTRITO": "4", "DIAMETRO": "6", "TRM_REG": "APIAY - VILLAVICENCIO - OCOA", "ZONA": "3", "CUADRILLA": "C1_T5", "PK_INICIO": "015+640", "PK_FIN": "024+984", "LONGITUD": 9.0684681224611303, "ANCHO_DDV": "10", "BUFFER": "5" }, "geometry": { "type": "MultiLineString", "coordinates": [ [ [ -73.517530642999986, 4.087407674000076, 341.0 ], [ -73.517622915999937, 4.087388893000025, 341.0 ], [ -73.517826038999942, 4.087347550000061, 340.629000000000815 ], [ -73.517866954999988, 4.087338193000051, 340.460500000001048 ], [ -73.517980712999986, 4.087309942000047, 341.204400000002352 ], [ -73.518045177999966, 4.087292643000069, 342.066500000000815 ], [ -73.518138723999982, 4.087265513000034, 343.2451 ], [ -73.518308764999972, 4.08721255100005, 344.807300000000396 ], [ -73.518387965999977, 4.087189310000042, 345.305699999997159 ], [ -73.518498765999936, 4.087158612000053, 345.012700000006589 ], [ -73.518630983999969, 4.087123288000043, 343.735000000000582 ], [ -73.518727110999976, 4.087098260000062, 342.95339999999851 ], [ -73.518781560999969, 4.087085573000024, 342.76579999999376 ], [ -73.518872678999969, 4.087066162000042, 342.478600000002189 ], [ -73.519014034999941, 4.087037230000021, 341.8353000000061 ], [ -73.519069596999941, 4.087027086000035, 341.330100000006496 ], [ -73.51915457399997, 4.087012285000071, 340.633799999995972 ], [ -73.519207991999963, 4.08700196500007, 340.209400000007008 ], [ -73.519274223999957, 4.086988205000068, 339.914600000003702 ], [ -73.519523481999954, 4.086932567000076, 340.991399999998976 ], [ -73.519735088999937, 4.086879365000073, 342.553700000004028 ], [ -73.519923891999952, 4.086833179000052, 343.122799999997369 ], [ -73.520112693999977, 4.086786993000032, 342.913100000005215 ], [ -73.520310562999953, 4.086740114000065, 342.093399999997928 ], [ -73.520423283999946, 4.086712946000034, 342.3237999999983 ], [ -73.520624603999977, 4.086665377000031, 343.024900000003981 ], [ -73.520710759999986, 4.086645603000022, 343.168799999999464 ], [ -73.520842267999967, 4.086612657000046, 343.487099999998463 ], [ -73.520955975999982, 4.086584170000037, 343.562799999999697 ], [ -73.521157082999935, 4.086534682000035, 343.696800000005169 ], [ -73.521283763999975, 4.086502937000034, 343.944300000002841 ], [ -73.521420000999967, 4.086470568000038, 344.093800000002375 ], [ -73.521628846999988, 4.086420163000071, 344.842999999993481 ], [ -73.521754129999977, 4.08638899400006, 345.248999999996158 ], [ -73.521886773999938, 4.086356953000063, 345.739900000000489 ], [ -73.522052787999939, 4.086319157000048, 345.873200000001816 ], [ -73.522122421999939, 4.086301976000073, 345.819799999997485 ], [ -73.522335776999967, 4.086247899000057, 345.541899999996531 ], [ -73.522368959999937, 4.086240978000035, 345.442800000004354 ], [ -73.522397429999955, 4.086236391000057, 345.350999999995111 ], [ -73.52241732899995, 4.086234140000045, 345.2837 ], [ -73.522519631999955, 4.086225520000028, 344.918900000004214 ], [ -73.522723485999961, 4.086210151000046, 344.209099999992759 ], [ -73.522842615999934, 4.086200052000038, 344.3606 ], [ -73.522959112999956, 4.086191584000062, 344.823300000003655 ], [ -73.523175110999944, 4.086174782000057, 345.685299999997369 ], [ -73.523380365999969, 4.086156892000076, 346.040999999997439 ], [ -73.52351989999994, 4.086143918000062, 345.736399999994319 ], [ -73.523619301999986, 4.086135962000071, 345.441699999995762 ], [ -73.523774018999973, 4.086124490000032, 344.739400000005844 ], [ -73.52393544499995, 4.08610855400002, 344.931400000001304 ], [ -73.524118078999948, 4.086093652000045, 345.997399999992922 ], [ -73.524201339999934, 4.086085982000043, 346.612899999992806 ], [ -73.524307574999966, 4.086074647000032, 347.399300000004587 ], [ -73.524466157999939, 4.086059601000045, 348.286600000006729 ], [ -73.524624739999979, 4.086044555000058, 348.873500000001513 ], [ -73.524770354999987, 4.086031203000061, 348.587499999994179 ], [ -73.525022289999981, 4.086009040000022, 347.310100000002421 ], [ -73.525152198999933, 4.085999584000035, 346.348400000002584 ], [ -73.525309727999968, 4.08598736600004, 345.591199999995297 ], [ -73.525404995999963, 4.085978778000026, 345.238500000006752 ], [ -73.525555130999976, 4.085963956000057, 345.0 ], [ -73.525705264999942, 4.085949134000032, 344.984599999996135 ], [ -73.525760809999952, 4.085944424000047, 345.043000000005122 ], [ -73.526026240999954, 4.085935102000064, 345.868300000001909 ], [ -73.526291671999957, 4.085925780000025, 345.944799999997485 ], [ -73.526342536999948, 4.085926463000021, 346.154299999994691 ], [ -73.52659719899998, 4.085913445000074, 347.148199999995995 ], [ -73.526739631999988, 4.085906163000061, 347.577699999994365 ], [ -73.526851860999955, 4.085900426000023, 347.802200000005541 ], [ -73.527106522999986, 4.085887408000076, 347.649499999999534 ], [ -73.527361184999961, 4.085874389000026, 346.0 ], [ -73.527576628999952, 4.085866639000074, 346.0 ], [ -73.527792073999933, 4.085858889000065, 346.385899999993853 ], [ -73.527929192999977, 4.085853647000022, 346.862200000003213 ], [ -73.528151639999976, 4.085845144000075, 348.626900000002934 ], [ -73.528374085999985, 4.085836640000025, 349.768700000000536 ], [ -73.528596532999984, 4.085828137000021, 350.367800000007264 ], [ -73.528818978999936, 4.085819634000075, 350.498200000001816 ], [ -73.528846516999977, 4.085818581000069, 350.486300000004121 ], [ -73.529041425999935, 4.085811130000025, 350.299100000003818 ], [ -73.529249064999988, 4.085816912000041, 349.981599999999162 ], [ -73.529456702999937, 4.085822695000047, 350.018100000001141 ], [ -73.529664341999933, 4.085828477000064, 350.586500000004889 ], [ -73.529871980999985, 4.085834259000023, 350.6731 ], [ -73.530107776999955, 4.08584, 349.545400000002701 ], [ -73.530343573999971, 4.085845741000071, 348.767800000001444 ], [ -73.530569499999956, 4.085849315000075, 348.630000000004657 ], [ -73.530668530999947, 4.085850882000045, 348.94890000000305 ], [ -73.530677545999936, 4.085851024000021, 348.995599999994738 ], [ -73.530795425999941, 4.085852889000023, 349.603799999997136 ], [ -73.531009041999937, 4.085861357000056, 351.008499999996275 ], [ -73.531222656999944, 4.085869824000042, 351.705000000001746 ], [ -73.53143627299994, 4.085878292000075, 350.743000000002212 ], [ -73.531649888999937, 4.085886759000061, 348.370800000004238 ], [ -73.531879230999948, 4.085893463000048, 348.0 ], [ -73.532107245999953, 4.085900128000048, 348.690100000007078 ], [ -73.532252706999941, 4.085902815000054, 349.310400000002119 ], [ -73.532355045999964, 4.085904695000067, 349.682499999995343 ], [ -73.532601518999968, 4.085909222000055, 349.781000000002678 ], [ -73.532855971999936, 4.085917704000053, 348.757700000001932 ], [ -73.533110425999951, 4.085926185000062, 348.0 ], [ -73.533358193999959, 4.085934583000039, 348.199699999997392 ], [ -73.533605962999957, 4.085942981000073, 348.993199999997159 ], [ -73.533868027999972, 4.085952444000043, 349.063099999999395 ], [ -73.534130092999987, 4.085961907000069, 350.000599999999395 ], [ -73.534388073999935, 4.085963509000067, 350.015700000003562 ], [ -73.534546506999959, 4.085964493000063, 350.019000000000233 ], [ -73.534646055999985, 4.085965111000064, 350.020999999993364 ], [ -73.534869, 4.08597074100004, 349.249200000005658 ], [ -73.535091943999987, 4.085976370000026, 349.640700000003562 ], [ -73.535327304999953, 4.085986639000055, 350.536600000006729 ], [ -73.535562666999965, 4.085996907000037, 350.825200000006589 ], [ -73.535609370999964, 4.085997593000059, 350.67949999999837 ], [ -73.535774092999986, 4.085989418000054, 350.200200000006589 ], [ -73.535826487999941, 4.085986411000022, 350.160699999993085 ], [ -73.535830843999975, 4.085986142000024, 350.157500000001164 ], [ -73.536001844999987, 4.085977755000044, 350.065199999997276 ], [ -73.536091672999987, 4.08597702000003, 350.061300000001211 ], [ -73.536145210999962, 4.085977734000039, 350.063800000003539 ], [ -73.536207544999968, 4.085982193000063, 350.080100000006496 ], [ -73.536212803999945, 4.08598299800002, 350.082999999998719 ], [ -73.536324515999979, 4.086010971000064, 350.332099999999627 ], [ -73.536393611999983, 4.086027213000023, 350.573999999993248 ], [ -73.536533750999979, 4.086059051000063, 350.970799999995506 ], [ -73.536746815999948, 4.086110430000076, 350.666700000001583 ], [ -73.536937954999985, 4.086154371000021, 350.712899999998626 ], [ -73.537023906999934, 4.086173059000032, 350.781600000002072 ], [ -73.537052761999973, 4.086178773000029, 350.802599999995437 ], [ -73.53707045699997, 4.086180433000038, 350.808699999994133 ], [ -73.537087811999982, 4.086180682000077, 350.814799999992829 ], [ -73.537106367999968, 4.086179730000026, 350.880000000004657 ], [ -73.537122204999946, 4.086177607000025, 350.930699999997159 ], [ -73.537180239999941, 4.086164653000026, 351.09759999999369 ], [ -73.537282371999936, 4.086140955000076, 351.388000000006286 ], [ -73.537398904999975, 4.086112779000075, 351.540200000003097 ], [ -73.537499911999987, 4.086089160000029, 351.501799999998184 ], [ -73.537744486999941, 4.086033697000062, 351.733900000006543 ], [ -73.537852065999971, 4.086008726000045, 351.826199999995879 ], [ -73.537876352999945, 4.08600308900003, 351.847099999999045 ], [ -73.537964881999983, 4.085981283000024, 351.694600000002538 ], [ -73.538107593999939, 4.085945097000035, 351.357000000003609 ], [ -73.538178046999974, 4.085928313000068, 351.322199999995064 ], [ -73.538299774999984, 4.08590115100003, 352.319099999993341 ], [ -73.538347512999962, 4.085889209000072, 352.691800000000512 ], [ -73.538386963999983, 4.08587804900003, 352.993600000001607 ], [ -73.538415809999947, 4.085869374000026, 353.208700000002864 ], [ -73.538437424999984, 4.085864774000072, 353.358300000007148 ], [ -73.538458190999961, 4.08586161900007, 353.398400000005495 ], [ -73.538482845999965, 4.085859440000036, 353.441600000005565 ], [ -73.53849956199997, 4.085859389000063, 353.465299999996205 ], [ -73.538529775999962, 4.085860963000073, 353.49989999999525 ], [ -73.53856945299998, 4.085864653000044, 353.534599999999045 ], [ -73.538686186999939, 4.085879282000064, 353.586699999999837 ], [ -73.538815295999939, 4.085894495000048, 354.09780000000319 ], [ -73.539072987999987, 4.085926863000054, 355.092399999994086 ], [ -73.539235233999989, 4.085950764000074, 355.082599999994272 ], [ -73.539279500999953, 4.085956117000023, 355.161800000001676 ], [ -73.539317060999963, 4.085959441000057, 355.276299999997718 ], [ -73.539333505999934, 4.085959815000024, 355.334199999997509 ], [ -73.539355258999933, 4.085958778000077, 355.420100000003004 ], [ -73.53937142999996, 4.085956592000059, 355.491599999993923 ], [ -73.539383773999987, 4.085953847000042, 355.551500000001397 ], [ -73.53942737999995, 4.085941211000033, 355.770000000004075 ], [ -73.539555782999969, 4.085897998000064, 356.098899999997229 ], [ -73.539603364999948, 4.08588321700006, 355.977499999993597 ], [ -73.539642995999941, 4.085872030000075, 355.872099999993225 ], [ -73.539698861999966, 4.085858113000029, 355.716799999994691 ], [ -73.539805055999977, 4.085834838000039, 355.409899999998743 ], [ -73.539888600999973, 4.085814949000053, 355.174199999994016 ], [ -73.540095678999933, 4.085760729000071, 354.643200000005891 ], [ -73.540295450999963, 4.085707399000057, 354.115999999994528 ], [ -73.540369373999965, 4.085688912000023, 354.1682 ], [ -73.540546391999953, 4.085647741000059, 354.73750000000291 ], [ -73.540638119999983, 4.085625263000054, 354.75340000000142 ], [ -73.540729424999938, 4.085602014000074, 354.667400000005728 ], [ -73.540862371999935, 4.085566958000072, 354.537899999995716 ], [ -73.541051138999933, 4.085517823000032, 355.029999999998836 ], [ -73.541153412999961, 4.085490570000047, 355.255600000004051 ], [ -73.541223714999944, 4.085472755000069, 355.189799999992829 ], [ -73.541384137999955, 4.085434303000056, 355.047600000005332 ], [ -73.541501001999961, 4.085406859000045, 355.018200000005891 ], [ -73.541579548999948, 4.085386997000057, 355.080100000006496 ], [ -73.541702204999979, 4.085354445000064, 355.310100000002421 ], [ -73.541758272999971, 4.085338205000028, 355.508799999995972 ], [ -73.541886462999969, 4.085298763000026, 355.87149999999383 ], [ -73.541903095999942, 4.085295212000062, 355.907500000001164 ], [ -73.541922156999988, 4.085293058000047, 355.945999999996275 ], [ -73.541943855999989, 4.085292274000039, 355.988200000007055 ], [ -73.541959579999968, 4.085292864000053, 356.018700000000536 ], [ -73.542002208999975, 4.085297210000022, 356.10460000000603 ], [ -73.542059603999974, 4.085304532000066, 356.230400000000373 ], [ -73.542115456999966, 4.085312655000052, 356.365999999994528 ], [ -73.54217762899998, 4.08532329600007, 356.536500000001979 ], [ -73.542325044999984, 4.085349827000073, 356.733900000006543 ], [ -73.542573781999977, 4.085388907000038, 357.14879999999539 ], [ -73.542676212999936, 4.085404106000055, 357.575599999996484 ], [ -73.542762593999953, 4.085414872000058, 357.95350000000326 ], [ -73.542808388999958, 4.085422019000021, 358.175499999997555 ], [ -73.542991047999976, 4.085453806000032, 359.085099999996601 ], [ -73.543029225999987, 4.085459067000045, 359.264999999999418 ], [ -73.54310094799996, 4.085467563000066, 359.810400000002119 ], [ -73.543217869999978, 4.085483584000031, 360.680900000006659 ], [ -73.543264140999952, 4.085491365000053, 361.017399999996996 ], [ -73.543378159999975, 4.085513386000059, 360.951300000000629 ], [ -73.54340840499998, 4.085518008000065, 360.812099999995553 ], [ -73.543501289999938, 4.085527845000058, 360.356799999994109 ], [ -73.543550751999987, 4.085534420000045, 360.10460000000603 ], [ -73.543639908999978, 4.085548799000037, 359.369300000005751 ], [ -73.543817347999948, 4.085578402000067, 357.651500000007218 ], [ -73.543994787999964, 4.085608004000051, 355.997700000007171 ], [ -73.544084510999937, 4.085623406000025, 355.222099999999045 ], [ -73.544204586999967, 4.085643150000067, 354.71929999999702 ], [ -73.544323360999954, 4.08566083900007, 354.311900000000605 ], [ -73.544496459999948, 4.085690284000066, 354.016399999993155 ], [ -73.544622137999966, 4.085710337000023, 354.051000000006752 ], [ -73.544715024999959, 4.085724352000057, 354.318899999998393 ], [ -73.544856980999953, 4.085744792000071, 354.805200000002515 ], [ -73.544998937999935, 4.085765231000039, 355.286900000006426 ], [ -73.545027042999948, 4.085768014000053, 355.39089999999851 ], [ -73.545049151999933, 4.085769022000022, 355.47269999999844 ], [ -73.545077810999942, 4.085768848000043, 355.578800000002957 ], [ -73.54515556299998, 4.085765019000064, 355.866599999993923 ], [ -73.545279695999966, 4.085758027000054, 356.326100000005681 ], [ -73.545455211, 4.085745983000038, 356.975699999995413 ], [ -73.545617752999988, 4.085736158000032, 357.086500000004889 ], [ -73.545765118999952, 4.085728517000064, 357.106499999994412 ], [ -73.545912484999974, 4.08572087500005, 357.030799999993178 ], [ -73.545990346999986, 4.085715853000067, 357.003200000006473 ], [ -73.546094342999936, 4.085708029000045, 357.0 ], [ -73.54631846999996, 4.085694001000036, 357.001199999998789 ], [ -73.54639341099994, 4.085690855000053, 357.008499999996275 ], [ -73.546500295999977, 4.085688480000044, 357.023600000000442 ], [ -73.54651488099995, 4.085687023000048, 357.029999999998836 ], [ -73.546531431999938, 4.08568394200006, 357.043000000005122 ], [ -73.546544380999933, 4.085680222000065, 357.072199999995064 ], [ -73.546561306999934, 4.085673451000048, 357.217000000004191 ], [ -73.546577622999962, 4.085665586000061, 357.357999999992899 ], [ -73.546613028999957, 4.085645473000056, 357.66009999999369 ], [ -73.546742900999959, 4.085566719000042, 358.606499999994412 ], [ -73.546787448999964, 4.085541051000064, 358.866299999994226 ], [ -73.546842634999962, 4.085510585000065, 358.965100000001257 ], [ -73.546898430999988, 4.08547978100006, 358.936000000001513 ], [ -73.546956889999933, 4.085446253000043, 358.958400000003166 ], [ -73.547173363999946, 4.085320790000026, 359.308099999994738 ], [ -73.547255361999987, 4.085274851000065, 359.624100000000908 ], [ -73.54739492899995, 4.085194242000057, 360.578899999993155 ], [ -73.547600847999945, 4.085078708000026, 361.255000000004657 ], [ -73.547748726999941, 4.084996292000028, 361.582599999994272 ], [ -73.547896605999938, 4.08491387600003, 361.867199999993318 ], [ -73.548052642999949, 4.084824551000054, 360.951799999995274 ], [ -73.548244135999937, 4.084712464000063, 360.52039999999397 ], [ -73.548303463999957, 4.084676802000047, 360.638699999995879 ], [ -73.548319896999942, 4.084668756000042, 360.671000000002095 ], [ -73.548334641999986, 4.084662859000048, 360.695099999997183 ], [ -73.548348474999955, 4.084658841000021, 360.710500000001048 ], [ -73.548366520999934, 4.084655564000059, 360.720199999996112 ], [ -73.548383158999968, 4.084653848000073, 360.721900000004098 ], [ -73.548424448999981, 4.08465177100004, 360.713699999992969 ], [ -73.548480760999951, 4.08465048000005, 360.71809999999823 ], [ -73.548540130999982, 4.084651049000058, 360.714200000002165 ], [ -73.548617152999952, 4.084652798000036, 360.701700000005076 ], [ -73.548692312999947, 4.084652600000027, 360.70350000000326 ], [ -73.548823027999958, 4.084651299000029, 360.776599999997416 ], [ -73.548958760999938, 4.084649257000024, 360.856799999994109 ], [ -73.549120571999936, 4.084645399000067, 361.354300000006333 ], [ -73.549337978999972, 4.084637147000024, 361.7896999999939 ], [ -73.549449279999976, 4.084633478000057, 361.790699999997742 ], [ -73.549605217999954, 4.084630061000041, 361.811199999996461 ], [ -73.549737782999955, 4.084626702000037, 361.849300000001676 ], [ -73.549876961999985, 4.084624322000025, 361.890599999998813 ], [ -73.550016140999958, 4.084621942000069, 361.931299999996554 ], [ -73.550099447999969, 4.084619027000031, 361.797999999995227 ], [ -73.550236637999944, 4.084613252000054, 361.329500000007101 ], [ -73.550266404999945, 4.084613017000038, 361.220199999996112 ], [ -73.550297754999974, 4.084614330000022, 361.099100000006729 ], [ -73.55032522099998, 4.084616695000022, 360.989100000006147 ], [ -73.550451721999934, 4.084634705000042, 360.922000000005937 ], [ -73.550615701999959, 4.084661654000058, 360.809899999992922 ], [ -73.550784059999955, 4.084688150000034, 360.534499999994296 ], [ -73.550991435999947, 4.084719004000021, 360.405400000003283 ], [ -73.551147597999943, 4.084743520000075, 360.586500000004889 ], [ -73.551303759999939, 4.084768035000025, 361.406499999997322 ], [ -73.551503877999949, 4.084798134000039, 361.75449999999546 ], [ -73.551661860999957, 4.084819392000043, 361.284199999994598 ], [ -73.551852616999952, 4.084846679000066, 359.743700000006356 ], [ -73.552004256999965, 4.084869247000029, 359.214500000001863 ], [ -73.552262536999933, 4.084906053000054, 360.40240000000631 ], [ -73.552365165999959, 4.084921676000022, 361.159899999998743 ], [ -73.552569179999978, 4.084954341000071, 362.0 ], [ -73.552605251999978, 4.08495888300007, 362.0 ], [ -73.552699423999968, 4.084969454000031, 362.0 ], [ -73.552763526999968, 4.084978297000021, 361.983399999997346 ], [ -73.552982320999945, 4.085010238000052, 361.545899999997346 ], [ -73.553077973999962, 4.085023814000067, 361.41030000000319 ], [ -73.553248620999966, 4.085050078000052, 361.107900000002701 ], [ -73.55332969799997, 4.08506194000006, 361.0 ], [ -73.553371789999971, 4.085068099000068, 361.0 ], [ -73.55347140899994, 4.085084803000029, 361.0 ], [ -73.553675903999988, 4.085115659000053, 361.402600000001257 ], [ -73.553805822999948, 4.085136514000055, 361.883499999996275 ], [ -73.553863270999955, 4.085144568000032, 362.192299999995157 ], [ -73.553990927999962, 4.085161213000049, 363.131599999993341 ], [ -73.554245549999962, 4.085198441000045, 363.928199999994831 ], [ -73.554500172999951, 4.085235669000042, 364.325200000006589 ], [ -73.554586559999962, 4.085248604000071, 364.517600000006496 ], [ -73.554690074999939, 4.085262502000035, 364.521200000002864 ], [ -73.554782903999978, 4.085273857000061, 364.288000000000466 ], [ -73.554908231999946, 4.08528844500006, 364.018599999995786 ], [ -73.555166801999974, 4.085319426000069, 363.622700000007171 ], [ -73.555426422999972, 4.08535213600004, 363.710500000001048 ], [ -73.555546428999946, 4.085366461000035, 363.436300000001211 ], [ -73.555704877999972, 4.085384057000056, 362.914199999999255 ], [ -73.555804767999973, 4.08539591300007, 362.870999999999185 ], [ -73.556060242999934, 4.085430035000059, 363.225800000000163 ], [ -73.556223361999969, 4.085452492000059, 364.055099999997765 ], [ -73.556386481999937, 4.085474948000069, 365.721999999994296 ], [ -73.556496310999989, 4.08548866700005, 366.984700000000885 ], [ -73.556746246999978, 4.085522987000047, 368.701600000000326 ], [ -73.556917435999935, 4.085543772000051, 369.240099999995437 ], [ -73.557091299999968, 4.085568630000068, 369.490799999999581 ], [ -73.557286974999954, 4.085595717000047, 369.346900000004098 ], [ -73.557451435999951, 4.085616380000033, 368.723400000002584 ], [ -73.557604773999969, 4.085639059000073, 367.857699999993201 ], [ -73.557758111999988, 4.085661737000066, 367.411300000007031 ], [ -73.557833434999964, 4.085671622000064, 367.18289999999979 ], [ -73.558000452999977, 4.085692724000069, 367.377999999996973 ], [ -73.558154883999975, 4.085713356000042, 368.017500000001746 ], [ -73.558309315999963, 4.085733987000026, 367.618499999996857 ], [ -73.558441480999988, 4.085753344000068, 367.364499999996042 ], [ -73.558544499999982, 4.085767819000068, 367.470700000005309 ], [ -73.558668942999986, 4.085784132000072, 367.590400000000955 ], [ -73.558728796999958, 4.085791548000032, 367.717300000003888 ], [ -73.558872316999953, 4.085807325000076, 368.156099999992875 ], [ -73.559137160999967, 4.08584066800006, 368.502500000002328 ], [ -73.559272975999988, 4.085858901000051, 368.638500000000931 ], [ -73.559466900999951, 4.085882791000074, 369.208400000003166 ], [ -73.559657034999987, 4.085905626000056, 369.481299999999464 ], [ -73.55966069599998, 4.085906136000062, 369.485100000005332 ], [ -73.559735238999963, 4.08591651100005, 369.561199999996461 ], [ -73.559882555999934, 4.08593965700004, 369.454700000002049 ], [ -73.559997302999989, 4.085958313000049, 369.171199999997043 ], [ -73.560064025999964, 4.085967676000053, 369.0 ], [ -73.560171090999972, 4.085981136000044, 369.0 ], [ -73.560178660999952, 4.085981921000041, 369.0 ], [ -73.560309109999935, 4.085995448000062, 369.0 ], [ -73.560469616999967, 4.086011428000063, 369.5512000000017 ], [ -73.560524157999964, 4.086018273000036, 369.753100000001723 ], [ -73.560628581999936, 4.086033085000054, 370.029099999999744 ], [ -73.560708326999986, 4.08604318600004, 370.106599999999162 ], [ -73.560754589999988, 4.086050142000033, 370.164099999994505 ], [ -73.560826297999938, 4.086061965000056, 370.27379999999539 ], [ -73.561021609999955, 4.086091158000045, 370.765400000003865 ], [ -73.561111731999972, 4.086105618000033, 370.962199999994482 ], [ -73.561255822999954, 4.086132209000027, 371.197499999994761 ], [ -73.561399913999935, 4.086158799000032, 371.328599999993457 ], [ -73.561434759999941, 4.08616390800006, 371.396800000002258 ], [ -73.561521242999959, 4.086173515000041, 371.59769999999844 ], [ -73.561571851999986, 4.086178236000023, 371.726899999994203 ], [ -73.561650053999983, 4.086184323000055, 371.939599999997881 ], [ -73.561674621999941, 4.086186235000071, 371.997300000002724 ], [ -73.561750777999976, 4.086193770000023, 371.940600000001723 ], [ -73.561794666999958, 4.086199148000048, 371.916800000006333 ], [ -73.56193301899998, 4.086219176000043, 371.894499999994878 ], [ -73.562183940999944, 4.086256662000039, 371.099799999996321 ], [ -73.56236380699994, 4.086285555000075, 371.0 ], [ -73.562444588999938, 4.086299773000064, 371.0 ], [ -73.562517643999968, 4.086314058000028, 371.0 ], [ -73.562637792999965, 4.086339443000043, 371.0 ], [ -73.562709884999947, 4.086353220000035, 371.0 ], [ -73.562859679999974, 4.086380377000069, 371.398700000005192 ], [ -73.562914006999961, 4.086389012000041, 371.599799999996321 ], [ -73.562938925999958, 4.086392973000045, 371.69210000000021 ], [ -73.563191795999956, 4.086429286000055, 372.0 ], [ -73.563294031999988, 4.086443506000023, 371.998099999997066 ], [ -73.563480736999963, 4.086470973000075, 371.871299999998882 ], [ -73.563611098999957, 4.086491248000073, 371.388800000000629 ], [ -73.563743927999951, 4.086512559000028, 369.994900000005146 ], [ -73.563923836999948, 4.086540200000059, 368.615900000004331 ], [ -73.564103745999944, 4.086567840000043, 368.004000000000815 ], [ -73.564218925999967, 4.086586433000036, 368.430300000007264 ], [ -73.564422108999963, 4.086621137000066, 369.115499999999884 ], [ -73.564585081999951, 4.086648299000046, 369.419200000003912 ], [ -73.564728399999979, 4.086671519000049, 369.622700000007171 ], [ -73.564891846999956, 4.086700473000064, 369.948300000003655 ], [ -73.564946028999941, 4.086709338000048, 370.037700000000768 ], [ -73.565031742999963, 4.086723361000054, 370.113200000007055 ], [ -73.56525576699994, 4.086758093000071, 370.363800000006449 ], [ -73.565318127999944, 4.086769058000073, 370.544500000003609 ], [ -73.565379891999953, 4.08678152300007, 370.740099999995437 ], [ -73.565482016999965, 4.086802959000067, 370.969100000002072 ], [ -73.565529695999942, 4.086814341000036, 370.945200000001932 ], [ -73.565594243999954, 4.086831342000039, 370.933499999999185 ], [ -73.565723027999979, 4.086867975000075, 370.999500000005355 ], [ -73.565812965999953, 4.086895168000069, 371.207500000004075 ], [ -73.565824584999973, 4.086900064000076, 371.227700000003097 ], [ -73.565836245999947, 4.086906416000033, 371.244200000001001 ], [ -73.56590988399995, 4.086957564000045, 371.273700000005192 ], [ -73.565920471999959, 4.086964919000025, 371.269499999994878 ], [ -73.565942439999958, 4.086979605000067, 371.255699999994249 ], [ -73.566020867999953, 4.087032033000071, 371.134699999995064 ], [ -73.566063183999972, 4.087060706000045, 371.020999999993364 ], [ -73.566077805999953, 4.087068619000036, 371.0 ], [ -73.566093968999951, 4.087075937000066, 371.0 ], [ -73.56610812699995, 4.087081253000065, 371.0 ], [ -73.566153749999955, 4.087094241000045, 371.0 ], [ -73.566197781999961, 4.087105444000031, 371.0 ], [ -73.566248549999955, 4.087116686000059, 371.0 ], [ -73.566322010999954, 4.087131017000047, 371.0 ], [ -73.566493083999944, 4.087161422000065, 371.0 ], [ -73.566678082999942, 4.087196139000071, 371.0 ], [ -73.56677525899994, 4.087215116000039, 371.0 ], [ -73.566829333999976, 4.08722567600006, 371.0 ], [ -73.566939790999982, 4.087246422000021, 371.0 ], [ -73.567000604999976, 4.087256533000073, 371.0 ], [ -73.567111682999951, 4.087272207000069, 370.860700000004726 ], [ -73.567130242999951, 4.087273841000069, 370.792000000001281 ], [ -73.567150110999989, 4.087274265000076, 370.718500000002678 ], [ -73.567171909999956, 4.087273165000056, 370.637799999996787 ], [ -73.567192980999948, 4.087270751000062, 370.559800000002724 ], [ -73.567232431999969, 4.087264401000027, 370.413799999994808 ], [ -73.567250569999942, 4.087260047000029, 370.346699999994598 ], [ -73.56727017999998, 4.087253932000067, 370.274099999995087 ], [ -73.567289142999982, 4.087246505000053, 370.203899999993155 ], [ -73.567307251999978, 4.087238108000065, 370.136899999997695 ], [ -73.567336676999957, 4.087222940000061, 370.028000000005704 ], [ -73.567355060999944, 4.087211939000042, 370.039999999993597 ], [ -73.567374043999962, 4.087198949000026, 370.11019999999553 ], [ -73.567392000999973, 4.087185045000069, 370.176600000006147 ], [ -73.567434659999947, 4.08714757000007, 370.334499999997206 ], [ -73.567490219999968, 4.08709790000006, 370.539999999993597 ], [ -73.567557875999967, 4.087038575000065, 370.892099999997299 ], [ -73.567587333999938, 4.08701449800003, 371.08990000000631 ], [ -73.567599508999933, 4.087005566000073, 371.167900000000373 ], [ -73.567611130999978, 4.086998777000076, 371.235899999999674 ], [ -73.567623786999945, 4.086992912000028, 371.30439999999362 ], [ -73.567636701999959, 4.086988359000031, 371.369000000006054 ], [ -73.567650964999984, 4.086984975000064, 371.434299999993527 ], [ -73.567664595999986, 4.086983, 371.49210000000312 ], [ -73.567708533999962, 4.086981171000048, 371.661600000006729 ], [ -73.567727194999975, 4.086981557000058, 371.729200000001583 ], [ -73.567746285999988, 4.086983300000043, 371.793499999999767 ], [ -73.567763888999934, 4.086986181000043, 371.848100000002887 ], [ -73.567780048999964, 4.086990279000076, 371.892900000006193 ], [ -73.567848860999959, 4.087010290000023, 372.073999999993248 ], [ -73.567934211999955, 4.087033596000026, 372.282099999996717 ], [ -73.567989451999949, 4.087047541000061, 372.430500000002212 ], [ -73.568052896999973, 4.087061736000067, 372.629300000000512 ], [ -73.568205359999979, 4.087093690000074, 373.0 ], [ -73.568239609999978, 4.087100091000025, 373.0 ], [ -73.568256962999953, 4.087102058000028, 373.0 ], [ -73.568275496999945, 4.087102869000034, 373.0 ], [ -73.568293321999988, 4.087102240000036, 373.0 ], [ -73.568312464999963, 4.087100023000062, 373.0 ], [ -73.568352467999944, 4.087092569000049, 373.0 ], [ -73.568373265999981, 4.087087045000033, 373.0 ], [ -73.568389857999989, 4.087081159000036, 373.0 ], [ -73.56840619899998, 4.08707401700002, 373.0 ], [ -73.568424066999967, 4.087064543000054, 373.0 ], [ -73.568479572999934, 4.087030782000056, 373.026800000006915 ], [ -73.568654423999988, 4.086921689000064, 373.454299999997602 ], [ -73.568805388999976, 4.086828461000039, 374.286600000006729 ], [ -73.568914180999968, 4.086762426000064, 374.587400000003981 ], [ -73.569040585999971, 4.086683291000043, 374.122900000002119 ], [ -73.56906695899994, 4.086667357000067, 374.032900000005611 ], [ -73.569085853999979, 4.086657596000066, 373.989199999996345 ], [ -73.569110749999936, 4.086646643000051, 373.953599999993457 ], [ -73.569132298999989, 4.086638660000062, 373.938999999998487 ], [ -73.56916760699994, 4.086627897000028, 373.939700000002631 ], [ -73.56918632199995, 4.086623101000043, 373.949800000002142 ], [ -73.569205944999965, 4.08661948200006, 373.966700000004494 ], [ -73.569225592999942, 4.08661720200007, 373.987999999997555 ], [ -73.569249587999934, 4.086616033000041, 373.897899999996298 ], [ -73.569300079999948, 4.086616313000036, 373.524199999999837 ], [ -73.569330131999948, 4.086618067000074, 373.301699999996345 ], [ -73.569357956999966, 4.086621020000052, 373.095700000005309 ], [ -73.569451342999969, 4.086634183000058, 372.404299999994691 ], [ -73.569486443999949, 4.086638180000023, 372.14440000000468 ], [ -73.56955405399998, 4.086645075000035, 371.643899999995483 ], [ -73.569707757999936, 4.086662850000039, 370.505999999993946 ], [ -73.569820923999941, 4.086674638000034, 370.0 ], [ -73.569966680999983, 4.086688953000021, 370.0 ], [ -73.570144986999935, 4.086709213000063, 370.495699999999488 ], [ -73.57038893899994, 4.086731924000048, 372.059399999998277 ], [ -73.570454692999988, 4.08673923200007, 372.599799999996321 ], [ -73.57056287599994, 4.086752620000027, 373.49890000000596 ], [ -73.570738861999985, 4.086775436000039, 373.886199999993551 ], [ -73.57089740899994, 4.086794468000051, 373.8413 ], [ -73.571055956999942, 4.086813499000073, 373.38310000000638 ], [ -73.57119497399998, 4.086829891000036, 373.271299999993062 ], [ -73.571402282999941, 4.086856742000066, 373.676399999996647 ], [ -73.571609592999948, 4.086883592000049, 374.739300000001094 ], [ -73.571713099999954, 4.086898049000069, 374.941200000001118 ], [ -73.571871036999937, 4.086921045000054, 374.609800000005635 ], [ -73.572028973999977, 4.086944041000038, 374.434699999997974 ], [ -73.572116749999964, 4.086956289000057, 374.364499999996042 ], [ -73.572187678999967, 4.086965469000063, 374.280899999997928 ], [ -73.572219810999968, 4.08696793200005, 374.270900000003166 ], [ -73.572243235999963, 4.086968661000071, 374.308199999999488 ], [ -73.572328790999961, 4.086968832000025, 374.4262000000017 ], [ -73.572408078999956, 4.086967309000045, 374.527499999996508 ], [ -73.572602463999942, 4.086961487000053, 375.064499999993131 ], [ -73.572678337999946, 4.086960537000039, 375.341599999999744 ], [ -73.57272599099997, 4.086961102000032, 375.520000000004075 ], [ -73.572774074999984, 4.086963123000032, 375.646099999998114 ], [ -73.572820939999986, 4.086966499000027, 375.723100000002887 ], [ -73.572875456999952, 4.08697193200004, 375.810200000007171 ], [ -73.572983613999952, 4.086984587000074, 375.96020000000135 ], [ -73.573050432999935, 4.086990883000055, 375.964999999996508 ], [ -73.573171708999951, 4.087000949000071, 375.85559999999532 ], [ -73.573310262999939, 4.087014102000069, 375.646999999997206 ], [ -73.573448816999985, 4.08702725400002, 374.746100000003935 ], [ -73.573509915999978, 4.08703390200003, 374.333700000002864 ], [ -73.573643795999942, 4.087051958000075, 374.0 ], [ -73.573901102999969, 4.08708090500005, 374.039399999994203 ], [ -73.57401045499995, 4.087090243000034, 374.073600000003353 ], [ -73.574162720999936, 4.08710663100004, 374.133600000001024 ], [ -73.574217590999979, 4.087111169000025, 374.150200000003679 ], [ -73.574247965999973, 4.087112816000058, 374.156199999997625 ], [ -73.574262860999966, 4.087113622000061, 374.159199999994598 ], [ -73.574268273999962, 4.087113946000045, 374.160399999993388 ], [ -73.574342825999963, 4.087118409000027, 374.176600000006147 ], [ -73.57440652799994, 4.087124279000022, 374.198099999994156 ], [ -73.574484685999948, 4.087129490000052, 374.217199999999139 ], [ -73.574512141999946, 4.087127481000039, 374.209700000006706 ], [ -73.574512444999982, 4.087127459000044, 374.209600000001956 ], [ -73.574562731999947, 4.087123779000024, 374.195900000006077 ], [ -73.574622376999969, 4.087116671000047, 374.169599999993807 ], [ -73.574622561999945, 4.087116649000052, 374.169500000003609 ], [ -73.574654578999969, 4.087112834000038, 374.155400000003283 ], [ -73.574719110999979, 4.087106204000065, 374.130799999998999 ], [ -73.574897551999982, 4.087080785000069, 374.036699999996927 ], [ -73.574900714999956, 4.087080334000063, 374.035000000003492 ], [ -73.575122629999953, 4.08704872200002, 374.725800000000163 ], [ -73.575315157999967, 4.087012408000021, 375.286800000001676 ], [ -73.575507684999934, 4.086976093000033, 375.725000000005821 ], [ -73.575708814999984, 4.086944825000046, 375.981400000004214 ], [ -73.575845552999965, 4.086923567000042, 376.0 ], [ -73.575909943999989, 4.08691355600007, 376.0 ], [ -73.576101851999965, 4.086876013000051, 376.4146999999939 ], [ -73.576293758999952, 4.086838469000043, 377.125 ], [ -73.576407389999986, 4.086816239000029, 377.545499999992899 ], [ -73.576485666999986, 4.086800926000024, 377.83520000000135 ], [ -73.576603777999935, 4.086783074000039, 378.509500000000116 ], [ -73.576608654999973, 4.086782416000062, 378.541899999996531 ], [ -73.576652414999955, 4.086776513000075, 378.824299999992945 ], [ -73.576686749999965, 4.08676371100006, 379.001000000003842 ], [ -73.57669935499996, 4.086757014000057, 379.050600000002305 ], [ -73.576711569999986, 4.08675052500007, 379.09429999999702 ], [ -73.57677739199994, 4.086715652000066, 379.255900000003749 ], [ -73.576781021999977, 4.086714030000053, 379.263200000001234 ], [ -73.576834466999969, 4.086684198000057, 379.212499999994179 ], [ -73.576984695999954, 4.086599216000025, 378.688500000003842 ], [ -73.577186564999977, 4.086480781000034, 378.52270000000135 ], [ -73.577267651999989, 4.086435008000024, 378.599400000006426 ], [ -73.577366415999961, 4.086381082000059, 378.552999999999884 ], [ -73.57749218899994, 4.086313149000034, 379.057199999995646 ], [ -73.57760456699998, 4.086251144000073, 379.872300000002724 ], [ -73.577703711999959, 4.086195690000068, 379.957099999999627 ], [ -73.577814518999958, 4.086135744000046, 380.18640000000596 ], [ -73.577935312999955, 4.086071727000046, 380.447599999999511 ], [ -73.578082527999982, 4.085995006000076, 380.750899999999092 ], [ -73.57821931899997, 4.085925207000059, 380.76940000000468 ], [ -73.578356109999959, 4.085855408000043, 380.511799999992945 ], [ -73.578514712999947, 4.085771389000058, 380.614199999996345 ], [ -73.578590500999951, 4.085732544000052, 380.718399999997928 ], [ -73.578786180999941, 4.085635478000029, 380.691500000000815 ], [ -73.578853206999952, 4.085601292000035, 380.659499999994296 ], [ -73.579020058999959, 4.085512559000051, 380.359599999996135 ], [ -73.579087958999935, 4.085477886000035, 380.34780000000319 ], [ -73.579101199999968, 4.085471941000037, 380.363400000002002 ], [ -73.579114772999958, 4.085467398000048, 380.401400000002468 ], [ -73.579131225999959, 4.085463411000035, 380.468599999992875 ], [ -73.579148135999958, 4.085460782000041, 380.557400000005146 ], [ -73.579162187999941, 4.085459912000033, 380.648000000001048 ], [ -73.579176840999935, 4.085460435000073, 380.759699999995064 ], [ -73.57920680999996, 4.08546332800006, 381.008400000006077 ], [ -73.579223016999947, 4.085466423000071, 381.1591000000044 ], [ -73.57923642999998, 4.085470354000051, 381.283899999994901 ], [ -73.579249813999979, 4.085475795000036, 381.387700000006589 ], [ -73.579262969999945, 4.085482538000065, 381.502800000002026 ], [ -73.579279784999983, 4.085492688000045, 381.662200000006123 ], [ -73.579336007999984, 4.085532202000024, 382.215400000000955 ], [ -73.579425168999933, 4.085596610000039, 382.982999999992899 ], [ -73.579493018999983, 4.085646319000034, 383.467499999998836 ], [ -73.579497795999941, 4.085649538000041, 383.495999999999185 ], [ -73.579514727999936, 4.085662282000044, 383.603499999997439 ], [ -73.579563091999944, 4.085698684000022, 383.877999999996973 ], [ -73.579564870999945, 4.085700023000072, 383.887199999997392 ], [ -73.579627716999937, 4.085747833000028, 384.0 ], [ -73.579748450999944, 4.085835513000063, 384.0 ], [ -73.579900781999982, 4.08594793900005, 383.525999999998021 ], [ -73.579947243999982, 4.085980643000028, 383.353900000001886 ], [ -73.580016217999969, 4.086026845000049, 383.084700000006706 ], [ -73.580074083999989, 4.086064119000071, 382.967900000003283 ], [ -73.580101614999933, 4.086080827000046, 382.926300000006449 ], [ -73.580117830999939, 4.086088715000074, 382.897899999996298 ], [ -73.580157398999972, 4.086109559000022, 382.81140000000596 ], [ -73.580200229999946, 4.086128832000043, 382.699600000007194 ], [ -73.580201040999953, 4.086129005000032, 382.697700000004261 ], [ -73.580219181999951, 4.086134388000062, 382.650099999998929 ], [ -73.580281232999937, 4.086148088000073, 382.482499999998254 ], [ -73.580328345999988, 4.086155702000042, 382.39890000000014 ], [ -73.580384024999944, 4.08616141300007, 382.436000000001513 ], [ -73.580456400999935, 4.086165621000021, 382.509399999995367 ], [ -73.580586351999955, 4.08617063600002, 382.688899999993737 ], [ -73.580723508999938, 4.086175929000035, 383.565199999997276 ], [ -73.580860666999968, 4.08618122200005, 384.430200000002515 ], [ -73.581032185999959, 4.086184588000037, 384.810299999997369 ], [ -73.581098173999976, 4.086187130000042, 384.949299999992945 ], [ -73.581100220999986, 4.086187209000059, 384.95339999999851 ], [ -73.581289, 4.086194481000064, 385.150200000003679 ], [ -73.581412661999934, 4.086193868000066, 385.176900000005844 ], [ -73.581475267999963, 4.086193672000036, 384.945999999996275 ], [ -73.581483927999955, 4.086193645000037, 384.914099999994505 ], [ -73.581630307999944, 4.086193187000049, 384.374299999995856 ], [ -73.58163613499994, 4.086193303000073, 384.35229999999865 ], [ -73.581772758999989, 4.08619227500003, 383.549799999993411 ], [ -73.581773606999946, 4.086192269000037, 383.544299999994109 ], [ -73.581790488999957, 4.086192494000045, 383.43409999999858 ], [ -73.581924038999944, 4.08619359000005, 382.563399999999092 ], [ -73.581957843999987, 4.086192175000065, 382.444099999993341 ], [ -73.581984489999968, 4.086189871000045, 382.3894 ], [ -73.582013075999953, 4.086185771000032, 382.346300000004703 ], [ -73.582086708999952, 4.08617397200004, 382.261799999992945 ], [ -73.58215409099995, 4.086161927000035, 382.21820000000298 ], [ -73.58234202899996, 4.086124492000067, 382.774399999994785 ], [ -73.582553883999935, 4.086084024000058, 383.427400000000489 ], [ -73.58271283299996, 4.086054596000054, 383.381299999993644 ], [ -73.582871781999984, 4.086025167000059, 382.975800000000163 ], [ -73.583062260999952, 4.085986732000038, 382.036800000001676 ], [ -73.58321749199996, 4.085956266000039, 382.095400000005611 ], [ -73.583439165999948, 4.085915227000044, 382.0 ], [ -73.583552515999941, 4.085894680000024, 382.0 ], [ -73.583676392999962, 4.085870182000065, 382.448999999993248 ], [ -73.583890837999945, 4.085826950000069, 383.242599999997765 ], [ -73.584091655999941, 4.085789212000066, 383.985899999999674 ], [ -73.584247251999955, 4.085761197000068, 383.915099999998347 ], [ -73.584453979999978, 4.085722157000021, 383.993300000001909 ], [ -73.584651675999964, 4.085682225000028, 384.058499999999185 ], [ -73.58473934999995, 4.085665304000031, 384.38300000000163 ], [ -73.584910458999957, 4.085635481000054, 385.011199999993551 ], [ -73.585059747999935, 4.085605958000031, 385.328200000003562 ], [ -73.58520903699997, 4.085576435000064, 385.524600000004284 ], [ -73.585410068999977, 4.085540157000025, 385.622300000002724 ], [ -73.585611099999937, 4.085503879000044, 385.27740000000631 ], [ -73.585746940999968, 4.085477529000059, 385.101999999998952 ], [ -73.585901384999943, 4.085448454000073, 384.992800000007264 ], [ -73.586028987999953, 4.085425436000037, 384.767600000006496 ], [ -73.586236501999963, 4.085385511000027, 384.05789999999979 ], [ -73.586356278999972, 4.085362063000048, 384.0 ], [ -73.586518829999989, 4.085332839000046, 384.0 ], [ -73.586666950999984, 4.085303969000051, 385.271999999997206 ], [ -73.586888080999984, 4.085260034000044, 386.497399999992922 ], [ -73.587045210999975, 4.08523032100004, 386.532300000006217 ], [ -73.587206497999944, 4.085202614000025, 386.16830000000482 ], [ -73.587258030999976, 4.085194502000036, 386.088000000003376 ], [ -73.587283226999944, 4.085192177000067, 386.065600000001723 ], [ -73.587369784999964, 4.085185330000058, 386.021299999993062 ], [ -73.587531129999945, 4.08517101700005, 385.959099999992759 ], [ -73.587678892999975, 4.085156635000033, 385.937099999995553 ], [ -73.587826655999947, 4.085142253000072, 385.973599999997532 ], [ -73.588086827999973, 4.085115073000054, 386.0 ], [ -73.588179944999979, 4.085101590000022, 386.0 ], [ -73.588282337999942, 4.085088946000042, 386.0 ], [ -73.588539127999979, 4.085059164000029, 386.247000000003027 ], [ -73.588740393999956, 4.085032974000057, 386.734899999995832 ], [ -73.588900647999935, 4.085013975000038, 387.473299999997835 ], [ -73.58912149799994, 4.084980801000029, 388.12840000000142 ], [ -73.589226438999958, 4.084963730000027, 388.390499999994063 ], [ -73.589333309999972, 4.084944817000064, 388.260599999994156 ], [ -73.589400162999937, 4.084931558000051, 388.162500000005821 ], [ -73.589505617999976, 4.084909116000063, 387.975099999996019 ], [ -73.589572806999968, 4.084894157000065, 387.671100000006845 ], [ -73.589698385999952, 4.084859658000028, 387.078899999993155 ], [ -73.589783555999986, 4.084837759000038, 386.734599999996135 ], [ -73.589958624999952, 4.084793904000037, 386.572599999999511 ], [ -73.590166863999968, 4.08474058500002, 387.199399999997695 ], [ -73.59036810899994, 4.084690220000027, 388.214000000007218 ], [ -73.590405245999989, 4.084681570000043, 388.530400000003283 ], [ -73.590405304999933, 4.084681556000021, 388.530899999997928 ], [ -73.590556021999987, 4.084646452000072, 389.815100000007078 ], [ -73.590686847999962, 4.084613689000037, 390.867599999997765 ], [ -73.590864266999972, 4.084567551000021, 391.985499999995227 ], [ -73.591041685999983, 4.084521412000072, 392.185299999997369 ], [ -73.591168122999989, 4.084490884000047, 392.532600000005914 ], [ -73.591379632999974, 4.084441948000062, 392.532900000005611 ], [ -73.59147110899994, 4.084419335000064, 392.674199999994016 ], [ -73.591542582999978, 4.084400649000031, 392.800700000007055 ], [ -73.59170749499998, 4.084355257000027, 393.048200000004726 ], [ -73.591721919999941, 4.084352443000057, 393.058600000003935 ], [ -73.591739377999943, 4.08435077300004, 393.064799999992829 ], [ -73.591762137999979, 4.084350452000024, 393.066099999996368 ], [ -73.591791057999956, 4.084351316000038, 393.062900000004447 ], [ -73.591805176999969, 4.084353078000049, 393.056500000006054 ], [ -73.591821508999942, 4.084356670000034, 393.04330000000482 ], [ -73.591839080999989, 4.084362272000021, 393.02270000000135 ], [ -73.591892671999972, 4.084382299000026, 393.102100000003702 ], [ -73.59194344399998, 4.084402638000029, 393.251799999998184 ], [ -73.592008261999979, 4.084430545000032, 393.457200000004377 ], [ -73.592155667999975, 4.084496681000076, 393.944199999998091 ], [ -73.592306950999955, 4.084565678000047, 394.060800000006566 ], [ -73.592458234999981, 4.084634675000075, 394.008600000001024 ], [ -73.59263686099996, 4.084715346000053, 393.556899999995949 ], [ -73.592774063999968, 4.084775912000055, 393.439599999997881 ], [ -73.592961832999947, 4.084861094000075, 393.149699999994482 ], [ -73.593067889999986, 4.084911195000075, 392.583400000003166 ], [ -73.593218895999939, 4.084979399000076, 391.464399999997113 ], [ -73.593377799999985, 4.085048206000067, 390.464999999996508 ], [ -73.593496703999961, 4.085102137000035, 389.645499999998719 ], [ -73.593606287999989, 4.085154387000046, 388.745800000004238 ], [ -73.593778433999944, 4.085237552000024, 387.488500000006752 ], [ -73.593959840999958, 4.085327150000069, 387.769899999999325 ], [ -73.594141248999961, 4.085416748000057, 388.0 ], [ -73.594251137999947, 4.085469559000046, 388.021999999997206 ], [ -73.594396920999941, 4.085537637000073, 388.0 ], [ -73.594556520999959, 4.085615064000024, 388.0 ], [ -73.594649924999942, 4.085659824000061, 388.049899999998161 ], [ -73.594755871999951, 4.085711571000047, 388.43300000000454 ], [ -73.594855071999973, 4.085758585000065, 388.963799999997718 ], [ -73.594994418999988, 4.085824083000034, 389.358699999997043 ], [ -73.595149148999951, 4.085900280000033, 389.639299999995274 ], [ -73.59533588499994, 4.085989294000058, 389.381099999998696 ], [ -73.595556407999936, 4.086097822000056, 388.732399999993504 ], [ -73.595735266999952, 4.086184679000041, 388.686300000001211 ], [ -73.59584082899994, 4.086235240000065, 388.872399999992922 ], [ -73.595985346999953, 4.086305504000052, 389.260800000003655 ], [ -73.596155839999938, 4.086386269000059, 389.58190000000468 ], [ -73.596257092999963, 4.086433874000022, 389.593699999997625 ], [ -73.596393169999942, 4.086500018000038, 389.406300000002375 ], [ -73.59650998799998, 4.086557327000037, 389.047000000005937 ], [ -73.596631867999974, 4.086619249000023, 388.711500000004889 ], [ -73.596649787999979, 4.086626461000037, 388.676600000006147 ], [ -73.596671428999969, 4.086633500000062, 388.635800000003655 ], [ -73.596691171999964, 4.086638572000027, 388.599100000006729 ], [ -73.59677740799998, 4.086656567000034, 388.456300000005285 ], [ -73.596869030999983, 4.086673975000053, 388.907099999996717 ], [ -73.596881922999955, 4.08667629200005, 388.992800000007264 ] ] ] } }
]
}
