{
"type": "FeatureCollection",
"name": "DUCTO_ESTRUCTURACION_IEDDV",
"crs": { "type": "name", "properties": { "name": "urn:ogc:def:crs:OGC:1.3:CRS84" } },
"features": [
{ "type": "Feature", "properties": { "GASODUCTO": "CENTRO - ORIENTE", "TRAMO": "La Belleza - Vasconia", "TP_DUCTO": "Loop", "DISTRITO": "1", "DIAMETRO": "16", "TRM_REG": "LA BELLEZA - VASCONIA", "ZONA": "1", "PK_INICIO": "058+972", "PK_FIN": "093+883", "LONGITUD": 15.303734962661069, "TURNO": "Turno 10", "ESTADO": "ESTRUCTURACIÓN", "SERVICIO": "IEDDV" }, "geometry": { "type": "MultiLineString", "coordinates": [ [ [ -74.339628959999956, 5.851422467, 269.058799999998882 ], [ -74.339637990999947, 5.851429094000026, 268.69100000000617 ], [ -74.339647055999933, 5.851435745000067, 268.33169999999518 ], [ -74.339706378999949, 5.85147926700006, 266.516499999997905 ], [ -74.339789688999986, 5.851540393000045, 264.476699999999255 ], [ -74.339937450999955, 5.85164838600005, 261.972999999998137 ], [ -74.340085212999952, 5.851756378000074, 261.675700000007055 ], [ -74.34014904999998, 5.851803735000055, 261.683699999994133 ], [ -74.340317815999981, 5.851941419000088, 262.381200000003446 ], [ -74.340402850999965, 5.852008736000062, 262.473199999993085 ], [ -74.340489679999962, 5.852075061000067, 262.284400000004098 ], [ -74.340574523999962, 5.85214158400007, 261.44210000000021 ], [ -74.340658671999961, 5.85220816900005, 260.520499999998719 ], [ -74.34074349499997, 5.852275698000051, 259.646299999993062 ], [ -74.340830701999934, 5.852342267000034, 258.949299999992945 ], [ -74.340917133999923, 5.852409189000098, 258.413199999995413 ], [ -74.34100336399996, 5.852476735000034, 258.126399999993737 ], [ -74.341089608999923, 5.85254416900006, 258.155499999993481 ], [ -74.341176035999979, 5.852611222000057, 258.340299999996205 ], [ -74.341256427999937, 5.852688302000058, 258.756699999998091 ], [ -74.341348255999947, 5.852745853000041, 259.466100000005099 ], [ -74.341352222999944, 5.852748966000039, 259.511100000003353 ], [ -74.341434075999985, 5.852813195000078, 260.364600000000792 ], [ -74.341520174999957, 5.852880764000083, 261.107999999992899 ], [ -74.341605934999947, 5.852947580000031, 261.502800000002026 ], [ -74.341692744999989, 5.853014415000092, 261.382599999997183 ], [ -74.341779012999936, 5.853081587000091, 260.588799999997718 ], [ -74.341864926999961, 5.853149004000039, 259.596900000004098 ], [ -74.341950689999976, 5.85321622900006, 258.739600000000792 ], [ -74.34203751299998, 5.853283592000034, 258.342199999999139 ], [ -74.342124007999971, 5.853349911000064, 258.400399999998626 ], [ -74.34221024, 5.853416557000083, 258.05439999999362 ], [ -74.342277650999961, 5.853469154000043, 257.677400000000489 ], [ -74.342296037999958, 5.853483500000023, 257.557799999995041 ], [ -74.342384624999966, 5.853554306000048, 257.003599999996368 ], [ -74.342468207999943, 5.853618220000055, 256.824200000002747 ], [ -74.342555817999937, 5.85368391200006, 256.478499999997439 ], [ -74.342640951999954, 5.853753187000084, 255.995800000004238 ], [ -74.342728220999959, 5.85381805100009, 255.712400000003981 ], [ -74.342816934999973, 5.853883224000071, 255.625400000004447 ], [ -74.342901940999965, 5.853952978000047, 255.569000000003143 ], [ -74.342989255999953, 5.854019462000052, 255.781600000002072 ], [ -74.343075911999961, 5.854085883000042, 256.026599999997416 ], [ -74.343162388999986, 5.854152530000048, 256.272400000001653 ], [ -74.343249284999942, 5.854219773000088, 256.639899999994668 ], [ -74.343336110999971, 5.854285717000039, 256.898199999995995 ], [ -74.343423423999965, 5.854351294000044, 256.9951 ], [ -74.343511453999938, 5.854417113000075, 255.939400000002934 ], [ -74.343598830999937, 5.854481784000027, 254.619699999995646 ], [ -74.343687274999979, 5.854546028000076, 253.441200000001118 ], [ -74.343771368999967, 5.85461502000004, 252.652499999996508 ], [ -74.343858669999975, 5.854679786000084, 252.11250000000291 ], [ -74.343945081999934, 5.85474753100004, 251.748099999997066 ], [ -74.344031851999944, 5.854813421000091, 251.652600000001257 ], [ -74.344119303999932, 5.854878880000052, 251.536500000001979 ], [ -74.344207034999954, 5.854943553000064, 251.40679999999702 ], [ -74.344293628999921, 5.855009216000062, 251.490699999994831 ], [ -74.344380596999926, 5.855076191000034, 251.815199999997276 ], [ -74.344468240999959, 5.855141923000051, 251.980200000005425 ], [ -74.344554358, 5.855208837000026, 252.434299999993527 ], [ -74.344639083999922, 5.855277438000051, 253.120899999994435 ], [ -74.344721579999941, 5.855348919000058, 253.332500000004075 ], [ -74.344802717999983, 5.855419345000053, 253.07050000000163 ], [ -74.344888130999948, 5.855491662000099, 251.834300000002258 ], [ -74.344971069999971, 5.855562196000026, 250.663400000004913 ], [ -74.345052734999967, 5.855631372000086, 249.66809999999532 ], [ -74.34513616199996, 5.855702447000057, 249.021599999992759 ], [ -74.345218493999923, 5.855773863000036, 249.0 ], [ -74.345300630999972, 5.855846741000092, 249.0 ], [ -74.34538223999995, 5.855916933000073, 249.119800000000396 ], [ -74.345466458999965, 5.855985002000065, 249.4663 ], [ -74.345551142999952, 5.856056316000069, 249.8943 ], [ -74.345635035999976, 5.856126835000095, 250.046900000001187 ], [ -74.345718156999951, 5.856196927000064, 250.134399999995367 ], [ -74.345800514999951, 5.856267679000033, 250.0 ], [ -74.345884182999953, 5.856337912000114, 250.0 ], [ -74.34596710199996, 5.856408516000059, 250.164900000003399 ], [ -74.346059526999966, 5.856466454000054, 250.499599999995553 ], [ -74.346162281999966, 5.856498894000048, 250.925300000002608 ], [ -74.34627059099995, 5.856517160000069, 251.788400000004913 ], [ -74.346378892999951, 5.856537229000032, 252.760599999994156 ], [ -74.346485974999936, 5.856557963000049, 253.483500000002095 ], [ -74.346593100999939, 5.856579205000076, 254.035900000002584 ], [ -74.346700506999966, 5.856600054000102, 254.586500000004889 ], [ -74.346807619999936, 5.856621055000063, 254.612800000002608 ], [ -74.34691520199992, 5.856641083000075, 254.553100000004633 ], [ -74.347023004999983, 5.856661406000067, 254.176900000005844 ], [ -74.347130431999972, 5.856680798000073, 253.455499999996391 ], [ -74.347237617999937, 5.856701584000099, 252.740999999994528 ], [ -74.34734498499995, 5.856723207000087, 251.75340000000142 ], [ -74.347448079999921, 5.856757767000047, 250.737399999998161 ], [ -74.347541672999967, 5.856813047000065, 249.91030000000319 ], [ -74.347628125999961, 5.85687998900007, 249.5913 ], [ -74.347714502999949, 5.856947443000036, 249.272599999996601 ], [ -74.347801396999941, 5.857013944000083, 249.0 ], [ -74.347948849999966, 5.857160679000105, 248.781199999997625 ], [ -74.348096302999977, 5.857307414000072, 248.213300000003073 ], [ -74.348138137, 5.85740874900008, 248.006099999998696 ], [ -74.348179549999941, 5.857510365000068, 247.7841000000044 ], [ -74.348219033999939, 5.857608113000061, 247.57730000000447 ], [ -74.348220498999979, 5.857611788000053, 247.574500000002445 ], [ -74.348301583999941, 5.857813733000076, 247.198699999993551 ], [ -74.348344358999952, 5.857910052000029, 247.0818 ], [ -74.348390094999957, 5.858011478000036, 247.287200000006123 ], [ -74.348433269999987, 5.85811184400007, 247.498000000006869 ], [ -74.348475973999925, 5.858211910000024, 247.709499999997206 ], [ -74.348519346999964, 5.858311430000073, 247.916500000006636 ], [ -74.348534801999961, 5.858347397000077, 247.99210000000312 ], [ -74.348562949999973, 5.858412900000068, 248.129799999995157 ], [ -74.348604995999949, 5.85851363000005, 247.980500000005122 ], [ -74.348646636999931, 5.85861477700009, 247.790099999998347 ], [ -74.348691769999945, 5.858713598000075, 247.763500000000931 ], [ -74.348755387999972, 5.858802431000056, 247.856400000004214 ], [ -74.348836399999968, 5.858876167000079, 247.829400000002352 ], [ -74.348920360999955, 5.858946884000033, 247.955700000005891 ], [ -74.349006078999935, 5.859009235000037, 247.90559999999823 ], [ -74.349088026999937, 5.859086498000062, 247.903000000005704 ], [ -74.349170944999969, 5.859157384000071, 248.199699999997392 ], [ -74.349254161999951, 5.859228548000062, 248.813899999993737 ], [ -74.34933542399996, 5.859296424000033, 249.240499999999884 ], [ -74.349419321999946, 5.859367896000053, 249.507800000006682 ], [ -74.349501399999951, 5.859440032000081, 249.544599999993807 ], [ -74.349586515999974, 5.859507298000071, 249.5962 ], [ -74.34967071599992, 5.859578287000053, 249.39089999999851 ], [ -74.349762763999934, 5.859655634000055, 248.982399999993504 ], [ -74.349836095999919, 5.859720058000089, 248.49189999999362 ], [ -74.349918210999988, 5.859790114000042, 247.821400000000722 ], [ -74.350001773999963, 5.859862198000046, 247.114799999995739 ], [ -74.350082848999989, 5.859934903000075, 246.75800000000163 ], [ -74.350164958999983, 5.8600066280001, 246.73399999999674 ], [ -74.350248258999954, 5.860079048000063, 247.281600000002072 ], [ -74.350327170999947, 5.860145417000069, 248.108699999997043 ], [ -74.350415974999947, 5.860222517000077, 249.048500000004424 ], [ -74.350497761999975, 5.860293076000077, 249.912299999996321 ], [ -74.35058034099994, 5.860364753000078, 249.884900000004563 ], [ -74.350663342999951, 5.860435662000042, 249.840100000001257 ], [ -74.350746291999926, 5.860508102000075, 249.8012000000017 ], [ -74.350828433999922, 5.860579945000035, 249.335999999995693 ], [ -74.350909925999972, 5.860651980000035, 249.066099999996368 ], [ -74.350995415999989, 5.860719892000024, 248.906300000002375 ], [ -74.351078924999968, 5.860792653000066, 248.93640000000596 ], [ -74.351161015999921, 5.860863082000034, 248.717499999998836 ], [ -74.351244844999925, 5.860934113000048, 248.313500000003842 ], [ -74.35132811699998, 5.861006591000066, 248.105100000000675 ], [ -74.351410599999937, 5.861077666000034, 248.629400000005262 ], [ -74.351490052999949, 5.861146248000066, 249.067699999999604 ], [ -74.351576167999951, 5.861218910000046, 249.335699999995995 ], [ -74.351636395999932, 5.861272208000091, 249.926500000001397 ], [ -74.351739233999979, 5.86136589700002, 251.030899999997928 ], [ -74.351824740999973, 5.86143901600011, 251.800099999993108 ], [ -74.35190355899995, 5.861512250000033, 252.213000000003376 ], [ -74.351975836999941, 5.861577843000021, 252.306200000006356 ], [ -74.352069581999956, 5.861651692000087, 252.108399999997346 ], [ -74.352151637999938, 5.861723645000047, 251.802700000000186 ], [ -74.352236391999952, 5.861795096000047, 251.539199999999255 ], [ -74.352319851999937, 5.86186474500006, 251.282300000006217 ], [ -74.352405811999958, 5.861929540000079, 251.007100000002538 ], [ -74.352497236999966, 5.861984304000052, 250.626399999993737 ], [ -74.352588799999978, 5.862046811000045, 250.28859999999986 ], [ -74.352678895999972, 5.862104635000057, 249.973499999992782 ], [ -74.352765255999941, 5.862168612000081, 249.695900000006077 ], [ -74.352853934999985, 5.862231695000074, 249.381500000003143 ], [ -74.352944135999948, 5.862292960000051, 249.251999999993131 ], [ -74.353034256999919, 5.862355133000055, 248.816200000001118 ], [ -74.353121342999913, 5.862421391000074, 248.417900000000373 ], [ -74.353135051, 5.862421767000064, 248.318100000004051 ], [ -74.353208681999945, 5.862488073000085, 247.96820000000298 ], [ -74.353289374999974, 5.862559836000063, 246.54670000000624 ], [ -74.353373653999924, 5.862630820000059, 245.090100000001257 ], [ -74.353457034999963, 5.86270072500003, 243.651400000002468 ], [ -74.353540165999945, 5.862770125000046, 242.942599999994854 ], [ -74.353623839999955, 5.862840396000056, 242.683399999994435 ], [ -74.353708498999922, 5.862910147000036, 242.4262000000017 ], [ -74.353792844999987, 5.862980030000076, 242.322799999994459 ], [ -74.353877050999969, 5.863050593000047, 242.428799999994226 ], [ -74.353960583999921, 5.863120477000092, 242.311799999995856 ], [ -74.354043356999966, 5.863189977000034, 241.630600000004051 ], [ -74.354126311999948, 5.86326042300005, 240.498800000001211 ], [ -74.354210006999949, 5.863330879000043, 239.574200000002747 ], [ -74.354295501999957, 5.863401278000031, 238.99649999999383 ], [ -74.354379453999968, 5.863472551000028, 238.79330000000482 ], [ -74.354462930999944, 5.863542341000039, 238.432300000000396 ], [ -74.354547389999937, 5.863613813000056, 238.06140000000596 ], [ -74.354631766999944, 5.863683964000079, 238.107000000003609 ], [ -74.354715875999929, 5.863755562000044, 238.387700000006589 ], [ -74.354799945999943, 5.863825841000082, 238.828099999998813 ], [ -74.354877563999935, 5.863890567000097, 239.0 ], [ -74.354954852999981, 5.863955708000059, 239.0 ], [ -74.355031222999955, 5.864020137000079, 239.0 ], [ -74.355116134999946, 5.86408947900004, 239.0 ], [ -74.355200148999984, 5.864160076000099, 238.81590000000142 ], [ -74.355284455999936, 5.864229991000068, 238.55800000000454 ], [ -74.355354115999944, 5.864286786000063, 238.348499999992782 ], [ -74.355369342999936, 5.86429920000008, 238.302800000004936 ], [ -74.355452706999984, 5.864369841000069, 238.309500000003027 ], [ -74.355538094999972, 5.864441698000062, 238.461699999999837 ], [ -74.355621388999964, 5.864511033000066, 238.470100000005914 ], [ -74.355705676999946, 5.864581169000094, 237.994399999995949 ], [ -74.355789673999936, 5.864650981000071, 237.480100000000675 ], [ -74.355873464999945, 5.864721107000044, 237.125700000004144 ], [ -74.355932874999937, 5.864770006000098, 236.869600000005448 ], [ -74.355958007999945, 5.864790692000041, 236.642500000001746 ], [ -74.356043478999936, 5.864861185000057, 235.976599999994505 ], [ -74.356127026999943, 5.864932232000086, 235.55449999999837 ], [ -74.356211475999942, 5.865001745000049, 235.865600000004633 ], [ -74.356294306999985, 5.865072971000108, 236.653699999995297 ], [ -74.356380813999962, 5.86514182200007, 237.415599999992992 ], [ -74.356465551999989, 5.865210325000022, 237.951000000000931 ], [ -74.356548796999959, 5.865283032000034, 237.029500000004191 ], [ -74.356634648999929, 5.865349442, 236.079100000002654 ], [ -74.356718255999965, 5.865420123000066, 235.153600000005099 ], [ -74.35680283399995, 5.865490473000049, 234.173800000004121 ], [ -74.356884798999943, 5.865561113000092, 233.35460000000603 ], [ -74.356970009999941, 5.86563034000008, 232.825400000001537 ], [ -74.357054004999938, 5.865700346000056, 233.403000000005704 ], [ -74.35713777999996, 5.865771494000072, 234.55460000000312 ], [ -74.357220888999947, 5.865842505000059, 235.486900000003516 ], [ -74.357304197999952, 5.865913853000049, 236.149300000004587 ], [ -74.357387888999938, 5.865985177000018, 236.454899999996996 ], [ -74.357470199999966, 5.86605653000004, 236.90240000000631 ], [ -74.357554773999937, 5.866126641000042, 237.40219999999681 ], [ -74.357642596999924, 5.866192111000032, 237.319699999992736 ], [ -74.357738911999931, 5.86624912200006, 237.174599999998463 ], [ -74.357796287999975, 5.866279861000076, 237.078899999993155 ], [ -74.357893116999932, 5.866329026000084, 237.263900000005378 ], [ -74.35799005899996, 5.866377850000045, 237.261100000003353 ], [ -74.358087430999944, 5.866427140000036, 236.99890000000596 ], [ -74.35818436299995, 5.866475291000063, 236.641199999998207 ], [ -74.358282693999968, 5.866524285000064, 236.278300000005402 ], [ -74.358381183999924, 5.866572413000035, 236.004199999995762 ], [ -74.358479379999949, 5.866620705000057, 235.92960000000312 ], [ -74.358577620999938, 5.866668472000096, 235.98059999999532 ], [ -74.358676260999971, 5.866716487000099, 236.121100000003935 ], [ -74.358774908999962, 5.866765158000027, 236.16009999999369 ], [ -74.358871931999929, 5.866814178000052, 236.075599999996484 ], [ -74.358970366999969, 5.866862281000052, 235.627900000006775 ], [ -74.359067731999971, 5.866912079000029, 235.253200000006473 ], [ -74.359163564999946, 5.866964990000039, 235.012900000001537 ], [ -74.359245705999967, 5.867034342000072, 235.058799999998882 ], [ -74.359328356999981, 5.867106676000049, 235.053599999999278 ], [ -74.359408602999949, 5.867181430000092, 235.329299999997602 ], [ -74.359484299999963, 5.867254835000058, 235.568799999993644 ], [ -74.359571171999946, 5.867329502000086, 235.517699999996694 ], [ -74.359652615999948, 5.867402036000054, 235.222999999998137 ], [ -74.359734543999934, 5.867472498000046, 235.0 ], [ -74.35979914499994, 5.867543418000024, 235.0 ], [ -74.359903132999975, 5.867615600000018, 235.0 ], [ -74.359974298999987, 5.867693378000073, 234.790399999998044 ], [ -74.360051615999964, 5.867771712000012, 234.493600000001607 ], [ -74.360132856999925, 5.86785663900005, 234.180399999997462 ], [ -74.360202700999935, 5.867931652000062, 234.018599999995786 ], [ -74.360276658999965, 5.868013546000053, 233.968399999997928 ], [ -74.360348997999935, 5.868093843000068, 233.759500000000116 ], [ -74.360425979999931, 5.868174652000054, 233.374400000000605 ], [ -74.360499022999988, 5.868253393000043, 233.100200000000768 ], [ -74.360573017999968, 5.868333744000052, 232.827199999999721 ], [ -74.360646170999971, 5.868414387000062, 232.557300000000396 ], [ -74.360720805999961, 5.868495316000057, 232.582599999994272 ], [ -74.360796057999934, 5.868575464000071, 232.943499999993946 ], [ -74.360874804999966, 5.868651894000061, 233.791200000006938 ], [ -74.360954784999933, 5.868727642000097, 234.690199999997276 ], [ -74.361035305999948, 5.868801490000089, 235.828099999998813 ], [ -74.361118458999954, 5.868873624000064, 236.790500000002794 ], [ -74.361199380999949, 5.868944277000044, 237.574500000002445 ], [ -74.361283107999938, 5.869015604000032, 238.187900000004447 ], [ -74.361366232999941, 5.86908676500002, 238.442999999999302 ], [ -74.36145053599995, 5.869156684000108, 237.903200000000652 ], [ -74.361534909999989, 5.869226719000053, 237.041700000001583 ], [ -74.361619314999984, 5.869296088000078, 235.676000000006752 ], [ -74.361703528999954, 5.869366638000055, 233.680800000001909 ], [ -74.361786106999958, 5.869438164000046, 231.87840000000142 ], [ -74.361865613999953, 5.869508640000053, 230.294699999998556 ], [ -74.362032642999964, 5.869652831000054, 228.821100000001024 ], [ -74.362073954, 5.869688277000038, 228.685100000002421 ], [ -74.362117419999947, 5.869718688000043, 228.583899999997811 ], [ -74.362198416999931, 5.869796333000082, 229.126300000003539 ], [ -74.362348853999947, 5.869923346000066, 230.288799999994808 ], [ -74.362384378999934, 5.869953339000058, 230.488400000002002 ], [ -74.362515859999974, 5.870064346000035, 230.646699999997509 ], [ -74.362596879999941, 5.870136837000073, 230.130199999999604 ], [ -74.362676029999989, 5.870202120000077, 229.597299999993993 ], [ -74.362762626999938, 5.870279392000041, 229.18300000000454 ], [ -74.362845299999947, 5.870349707000063, 228.993499999996857 ], [ -74.362929331999965, 5.870421810000058, 228.962700000003679 ], [ -74.363011613999959, 5.870494593000037, 229.264200000005076 ], [ -74.363094088999944, 5.87056649600002, 229.861499999999069 ], [ -74.363176132999953, 5.87063828000008, 230.572700000004261 ], [ -74.363258604999942, 5.870710094000054, 231.08190000000468 ], [ -74.363339885999949, 5.870782369000061, 231.381800000002841 ], [ -74.363422670999952, 5.870854400000082, 231.687200000000303 ], [ -74.363505192999966, 5.870927140000087, 231.703899999993155 ], [ -74.363587871999954, 5.870998402000065, 231.482000000003609 ], [ -74.36367482199995, 5.871064066000055, 231.318400000003749 ], [ -74.363764325999938, 5.871123985000045, 231.206600000004983 ], [ -74.363849071999937, 5.871192802000061, 231.521200000002864 ], [ -74.363926849999984, 5.871269020000088, 232.095100000005914 ], [ -74.364008655999953, 5.871343108000089, 232.6987999999983 ], [ -74.364087568999921, 5.871417615000032, 233.006500000003143 ], [ -74.364168822999929, 5.871490605000069, 232.331500000000233 ], [ -74.364254631999984, 5.871560493000078, 231.558099999994738 ], [ -74.364336521999959, 5.87163164400005, 230.814700000002631 ], [ -74.364385508999973, 5.871738403000065, 229.999100000000908 ], [ -74.36450317799995, 5.871774559000069, 230.315799999996671 ], [ -74.364586677999981, 5.871843980000064, 230.446500000005472 ], [ -74.364669866999961, 5.871916171000064, 230.267399999996996 ], [ -74.364753777999965, 5.871985284000077, 229.924100000003818 ], [ -74.364835592999938, 5.872054700000037, 229.423200000004726 ], [ -74.364919719999989, 5.872125545000071, 228.87039999999979 ], [ -74.365003667999972, 5.872194688000055, 228.360300000000279 ], [ -74.365088187999945, 5.872264935000045, 227.934299999993527 ], [ -74.365174175999968, 5.872335190000058, 227.910999999992782 ], [ -74.365256534999958, 5.872403601000043, 228.049199999994016 ], [ -74.365340977999935, 5.872473965000071, 228.030199999993783 ], [ -74.365424673999939, 5.872542153000034, 228.03179999999702 ], [ -74.365509556999939, 5.872614967000062, 228.117899999997462 ], [ -74.365594181999924, 5.872686265000028, 227.880399999994552 ], [ -74.365676739999955, 5.872753306000073, 227.358500000002095 ], [ -74.365783755999985, 5.872802558000044, 227.024799999999232 ], [ -74.365867743999942, 5.872870112000068, 227.220700000005309 ], [ -74.365954325999951, 5.872935577000015, 227.596999999994296 ], [ -74.36604437599992, 5.872993566000042, 228.404099999999744 ], [ -74.366139779999955, 5.873049542000037, 229.3799 ], [ -74.36622969099993, 5.873111655000103, 230.035600000002887 ], [ -74.366323658999988, 5.873170231000083, 230.227599999998347 ], [ -74.36637925399998, 5.873205344000046, 230.269700000004377 ], [ -74.366457102999973, 5.87327794600004, 230.162800000005518 ], [ -74.366547792999938, 5.873339216000035, 229.530400000003283 ], [ -74.366638833999943, 5.873399959000052, 228.77270000000135 ], [ -74.366691089999946, 5.87343714500002, 228.403699999995297 ], [ -74.366819732999943, 5.873521697000069, 227.71480000000156 ], [ -74.366910034999975, 5.873582917000019, 227.411999999996624 ], [ -74.367001027999933, 5.873643476000042, 226.944900000002235 ], [ -74.367091438999964, 5.873704189000033, 226.611799999998766 ], [ -74.367182826999951, 5.873764181000067, 226.390499999994063 ], [ -74.367271477999964, 5.87382418300008, 226.169099999999162 ], [ -74.367350495999972, 5.873901198000053, 226.0 ], [ -74.367426038999938, 5.873978052000044, 226.0 ], [ -74.367502658999967, 5.874056552000063, 226.0 ], [ -74.367578059999971, 5.874135786000063, 226.000400000004447 ], [ -74.367653109999921, 5.874215012000035, 226.272299999996903 ], [ -74.367727741999943, 5.874294512000067, 226.565499999996973 ], [ -74.367802519999927, 5.874373980000033, 226.858600000006845 ], [ -74.367876928999948, 5.874452907000041, 227.253899999996065 ], [ -74.367957790999967, 5.874539601000035, 227.692800000004354 ], [ -74.368027507999955, 5.874611585000028, 227.9146999999939 ], [ -74.368102123999947, 5.874691278000072, 227.998699999996461 ], [ -74.36817902599995, 5.874769771000048, 227.838300000003073 ], [ -74.368254331999921, 5.874847397000046, 227.796400000006543 ], [ -74.368330416999967, 5.874926201000052, 227.916599999996834 ], [ -74.368406635999975, 5.875004113000048, 227.9231 ], [ -74.368483984999941, 5.875082110000063, 227.637700000006589 ], [ -74.368560182999943, 5.875160769000055, 227.356599999999162 ], [ -74.368635563999973, 5.875240207000048, 226.971900000004098 ], [ -74.368637883999952, 5.875238951000063, 226.97259999999369 ], [ -74.368783216999987, 5.875403127000016, 225.225500000000466 ], [ -74.368855789999927, 5.875484067000054, 224.360799999994924 ], [ -74.36894056999995, 5.875554928000067, 224.046799999996438 ], [ -74.369013021999933, 5.87563489700008, 224.314100000003236 ], [ -74.369087746999966, 5.875716075000085, 224.58969999999681 ], [ -74.369113098999946, 5.87574506500005, 224.683300000004238 ], [ -74.369159797999941, 5.875798466000042, 224.967699999993783 ], [ -74.369234752999944, 5.875878615000061, 225.618100000006962 ], [ -74.369306516999984, 5.875958189000068, 226.216599999999744 ], [ -74.369380108999948, 5.876038483000054, 226.667499999995925 ], [ -74.369456486999951, 5.876115396000086, 226.950100000001839 ], [ -74.369529216999979, 5.876194771000049, 226.781600000002072 ], [ -74.369602652999944, 5.876276121000067, 226.510599999994156 ], [ -74.369692252999968, 5.876368994000106, 226.141099999993457 ], [ -74.369749709999951, 5.876437415000072, 225.951199999995879 ], [ -74.369822699999986, 5.876519651000026, 225.630199999999604 ], [ -74.36989506299993, 5.876601879000019, 225.517300000006799 ], [ -74.369969582999943, 5.876683154000027, 225.789099999994505 ], [ -74.370043002999978, 5.876763328000062, 226.26480000000447 ], [ -74.370117650999987, 5.87684305300007, 226.553700000004028 ], [ -74.370190434999984, 5.876923214000082, 226.513399999996182 ], [ -74.370263673999943, 5.877005372000035, 226.594700000001467 ], [ -74.370335677999947, 5.877087037000037, 226.864400000005844 ], [ -74.370407523999972, 5.877168163000031, 226.924899999998161 ], [ -74.370481459999951, 5.877249331000035, 226.661399999997229 ], [ -74.370554530999982, 5.877329537000043, 226.240999999994528 ], [ -74.370629039999983, 5.877408899000073, 226.0 ], [ -74.370701744999977, 5.877489933000052, 226.0 ], [ -74.37077517299997, 5.877569453000033, 226.0 ], [ -74.370847594999972, 5.877651496000065, 226.086599999995087 ], [ -74.370920047999945, 5.877733159000057, 226.584799999996903 ], [ -74.370993987999938, 5.877813555000064, 226.694699999992736 ], [ -74.371066134999964, 5.877896016000031, 226.324299999992945 ], [ -74.371140331999982, 5.877977131000029, 226.471399999994901 ], [ -74.371287434999928, 5.878136824000021, 228.145699999993667 ], [ -74.371361096999962, 5.878217081000073, 228.952399999994668 ], [ -74.371435822999942, 5.878298354000036, 230.849600000001374 ], [ -74.371512207999956, 5.878374216000075, 233.065199999997276 ], [ -74.371579286999975, 5.878453394000097, 235.176999999996042 ], [ -74.371647019999941, 5.878527156000112, 237.401100000002771 ], [ -74.371722840999951, 5.878604434000068, 239.782000000006519 ], [ -74.371758729999939, 5.878647633000079, 240.999700000000303 ], [ -74.371810182999951, 5.878736439000042, 242.980500000005122 ], [ -74.371859958999934, 5.878768987000079, 244.560500000006869 ], [ -74.371927160999974, 5.87885393900006, 246.21929999999702 ], [ -74.371966703999988, 5.878898085000063, 246.746799999993527 ], [ -74.371998962999953, 5.878933675000032, 247.211800000004587 ], [ -74.372072194999987, 5.87901169900004, 248.377299999992829 ], [ -74.37214382999997, 5.879087480000069, 250.535699999993085 ], [ -74.372214516999961, 5.879163090000035, 253.724300000001676 ], [ -74.372257565999973, 5.879211209000074, 255.933600000003935 ], [ -74.372282441999971, 5.879239014000078, 257.158800000004703 ], [ -74.372356251999975, 5.879313345000096, 260.183099999994738 ], [ -74.372431589999948, 5.879390668000055, 262.406700000006822 ], [ -74.372485671999982, 5.879439984000051, 264.002999999996973 ], [ -74.372506644999987, 5.879468225000068, 264.621899999998277 ], [ -74.372581600999979, 5.879548098000066, 266.834099999992759 ], [ -74.372658523999974, 5.879626120000103, 269.724300000001676 ], [ -74.372784175999968, 5.879733434000077, 272.928899999998976 ], [ -74.372909828999965, 5.879840747000096, 275.103700000006938 ], [ -74.372999651999976, 5.879902497000063, 276.220799999995506 ], [ -74.373090966999939, 5.879964221, 276.27039999999397 ], [ -74.373180933999947, 5.880025923000057, 276.779599999994389 ], [ -74.373280936999947, 5.880073256000078, 277.213799999997718 ], [ -74.373387268999977, 5.880105718000046, 275.731100000004517 ], [ -74.373493137999944, 5.880125755000061, 273.751499999998487 ], [ -74.373601021999946, 5.88014072900009, 272.728199999997742 ], [ -74.373722205999968, 5.880155245000043, 272.186900000000605 ], [ -74.373820349999946, 5.880168883000078, 271.515100000004168 ], [ -74.373928961999965, 5.880182060000063, 269.461800000004587 ], [ -74.37411500599994, 5.88017562800009, 265.877500000002328 ], [ -74.374223517999951, 5.880166644000039, 263.42170000000624 ], [ -74.374332696999943, 5.88016236200003, 260.943499999993946 ], [ -74.374461550999953, 5.880168942000089, 259.15570000000298 ], [ -74.374550506999981, 5.880177746000085, 258.079700000002049 ], [ -74.374657210999928, 5.880203511000053, 257.56260000000475 ], [ -74.374815969999986, 5.880245826000015, 259.018500000005588 ], [ -74.374865338999939, 5.880269388000054, 259.798200000004726 ], [ -74.374961626999948, 5.880323637000047, 261.445099999997183 ], [ -74.375057384999934, 5.880375194000104, 263.199299999992945 ], [ -74.375152452999941, 5.88043023800005, 263.711200000005192 ], [ -74.375246912999955, 5.880485032000014, 263.473599999997532 ], [ -74.375297012999951, 5.880515875000066, 263.513699999995879 ], [ -74.375464919999928, 5.880589935000053, 263.827900000003865 ], [ -74.375515699999951, 5.880675501000041, 263.138399999996182 ], [ -74.375527541999986, 5.880683263000028, 262.821800000005169 ], [ -74.375605427999972, 5.88073431600005, 261.113400000002002 ], [ -74.375705249999939, 5.880768768000032, 260.098700000002282 ], [ -74.375814983999973, 5.880773231000047, 259.630799999998999 ], [ -74.37592428899994, 5.880782618000103, 259.184899999992922 ], [ -74.376032919999929, 5.880749871000034, 258.484599999996135 ], [ -74.37614298599992, 5.880738833000072, 257.543699999994715 ], [ -74.376200672999971, 5.88073503900005, 257.0576 ], [ -74.37624070399994, 5.880732407000041, 256.723800000007031 ], [ -74.376344717999984, 5.880718742000064, 255.827000000004773 ], [ -74.376449307999948, 5.88071285900005, 254.861300000004121 ], [ -74.37654897699997, 5.880701975000035, 253.861300000004121 ], [ -74.376710272999944, 5.880706245000055, 252.223100000002887 ], [ -74.376818236999938, 5.880726620000106, 251.240000000005239 ], [ -74.376924712999937, 5.880743968000069, 250.189299999998184 ], [ -74.377046154999945, 5.880767976000084, 249.022100000001956 ], [ -74.377153585999949, 5.880790585000058, 248.706500000000233 ], [ -74.377242160999955, 5.880803, 248.471399999994901 ], [ -74.37734282599996, 5.880821865000047, 248.443700000003446 ], [ -74.377425037999956, 5.880854320000023, 249.702099999994971 ], [ -74.377509499999974, 5.880922146000082, 251.568799999993644 ], [ -74.377551743999959, 5.880997890000066, 250.469100000002072 ], [ -74.377594128999988, 5.881113191000077, 248.580499999996391 ], [ -74.377621893999958, 5.88120470000008, 246.889999999999418 ], [ -74.377659346999963, 5.881300944000024, 245.00350000000617 ], [ -74.377713537999966, 5.881403594000063, 242.850000000005821 ], [ -74.377780820999973, 5.881581752000072, 240.026299999997718 ], [ -74.377804190999939, 5.881688900000049, 238.809399999998277 ], [ -74.377822080999977, 5.88179663100005, 237.93409999999858 ], [ -74.377818992999934, 5.88190494700009, 237.021099999998114 ], [ -74.377800032999957, 5.882012653000051, 235.840700000000652 ], [ -74.37778364199994, 5.882120491000022, 234.405400000003283 ], [ -74.377768049999972, 5.882228659000059, 232.978199999997742 ], [ -74.377751813999964, 5.882336468000079, 230.856499999994412 ], [ -74.377758374999985, 5.882554169000095, 226.503800000005867 ], [ -74.377775541999938, 5.882662411000093, 228.89100000000326 ], [ -74.377797198999971, 5.882768511000058, 231.238800000006449 ], [ -74.377829160999951, 5.882866085000036, 233.382500000006985 ], [ -74.377872731999958, 5.882958182000036, 235.613899999996647 ], [ -74.377933221999967, 5.883042201000019, 237.422600000005332 ], [ -74.378006042999971, 5.883116358000074, 238.442500000004657 ], [ -74.378084398999988, 5.883188205000061, 238.704899999996996 ], [ -74.378169665999962, 5.883254953000087, 239.084199999997509 ], [ -74.378259337999964, 5.883318042000075, 239.665299999993294 ], [ -74.378349559999947, 5.883378946000045, 240.210000000006403 ], [ -74.378434766999973, 5.883433505000059, 239.625199999994948 ], [ -74.378523829999949, 5.883493209000076, 238.52390000000014 ], [ -74.378610983999977, 5.883551248000082, 237.45329999999376 ], [ -74.378696338999987, 5.883607519000065, 236.340800000005402 ], [ -74.378784818999975, 5.883670710000057, 233.872199999997974 ], [ -74.378870477999939, 5.88373311200005, 231.348299999997835 ], [ -74.37894070699997, 5.883784541000078, 229.488200000007055 ], [ -74.379029426999963, 5.883846030000041, 227.731599999999162 ], [ -74.379121789999928, 5.883906005000037, 226.562300000005052 ], [ -74.379212656999982, 5.883966497000071, 226.440100000007078 ], [ -74.379302666999934, 5.884030039000056, 226.741599999993923 ], [ -74.379387569999935, 5.884097889000072, 227.164999999993597 ], [ -74.379465556999932, 5.884172683000038, 227.637799999996787 ], [ -74.379538505999946, 5.884251467000066, 227.510599999994156 ], [ -74.379611271999963, 5.884338907000036, 227.506800000002841 ], [ -74.379678, 5.884424132000093, 227.776599999997416 ], [ -74.379710399999965, 5.884470270000101, 227.881299999993644 ], [ -74.379788889999986, 5.884611066000065, 227.30909999999858 ], [ -74.379846544999964, 5.884701857000014, 226.971999999994296 ], [ -74.379918640999961, 5.884785211000083, 225.92149999999674 ], [ -74.379998236999924, 5.884860223000056, 224.48750000000291 ], [ -74.380086266999953, 5.884925282000063, 223.04670000000624 ], [ -74.380185455999936, 5.884969293000079, 222.490699999994831 ], [ -74.380289635999972, 5.884997555000067, 222.614700000005541 ], [ -74.380394049999936, 5.885025073000048, 222.443599999998696 ], [ -74.380495766999971, 5.885053062000074, 221.926399999996647 ], [ -74.380598899999939, 5.885080543000093, 221.223100000002887 ], [ -74.380705754999951, 5.885111524000022, 220.853000000002794 ], [ -74.380819367999948, 5.885140809000076, 221.177599999995437 ], [ -74.380972791999952, 5.885236508000058, 221.008499999996275 ], [ -74.381126216999959, 5.885332207000044, 219.288100000005215 ], [ -74.381194121999954, 5.885406551000084, 216.813500000003842 ], [ -74.381261980999966, 5.885478989000047, 214.782800000000861 ], [ -74.381331783999926, 5.885552872000065, 213.400999999998021 ], [ -74.381400356999947, 5.885620208000052, 212.993700000006356 ], [ -74.381466723999949, 5.885720078000096, 213.111099999994622 ], [ -74.381518383999932, 5.885808018000033, 213.535900000002584 ], [ -74.381558738999942, 5.885902488000077, 214.67939999999362 ], [ -74.381588736999944, 5.886004326000032, 216.096900000004098 ], [ -74.381612071999925, 5.886146127000086, 217.930800000001909 ], [ -74.381635407999951, 5.88628792800009, 219.425900000002002 ], [ -74.381635797999934, 5.886290298000079, 219.448600000003353 ], [ -74.381632730999968, 5.886355463000032, 219.993900000001304 ], [ -74.381632180999986, 5.886410777000036, 220.451199999995879 ], [ -74.381674751999981, 5.886546257000036, 221.334000000002561 ], [ -74.381679544999926, 5.886609392000017, 221.687099999995553 ], [ -74.381700372999944, 5.886717311000045, 220.186900000000605 ], [ -74.381722765999925, 5.886821821000079, 218.759999999994761 ], [ -74.381763689999943, 5.886978265000029, 216.0481 ], [ -74.381791058999966, 5.887079138000071, 213.951300000000629 ], [ -74.38179932599995, 5.887141745000097, 212.771699999997509 ], [ -74.381824562999938, 5.887243941000065, 210.884099999995669 ], [ -74.381849731999964, 5.887349907000082, 209.253299999996671 ], [ -74.381873835999954, 5.887455870000088, 208.152600000001257 ], [ -74.381897887999969, 5.887563252000073, 207.716899999999441 ], [ -74.381920511999965, 5.88766878100008, 207.227499999993597 ], [ -74.381969665999975, 5.887823204000029, 207.0 ], [ -74.382041000999948, 5.887978067000081, 207.090500000005704 ], [ -74.382127902999983, 5.888052524000063, 207.710999999995693 ], [ -74.382183929999925, 5.88814423900005, 208.354900000005728 ], [ -74.382305559999949, 5.888360127000064, 208.662100000001374 ], [ -74.382368101999987, 5.888447384000087, 208.322599999999511 ], [ -74.382422095999971, 5.888521381000071, 207.98859999999695 ], [ -74.382492956999926, 5.888619229000049, 208.243700000006356 ], [ -74.382554721999952, 5.888700539000094, 209.371100000003935 ], [ -74.382644247999949, 5.888827683000064, 210.838799999997718 ], [ -74.382680027999967, 5.888870560000051, 211.148400000005495 ], [ -74.382748325999955, 5.888956263000072, 211.637900000001537 ], [ -74.382817660999905, 5.889041059000041, 212.944099999993341 ], [ -74.382888013999931, 5.889122753000046, 213.885399999999208 ], [ -74.382957543999964, 5.889204524000062, 214.327999999994063 ], [ -74.38302480899992, 5.889287151000098, 214.306800000005751 ], [ -74.383092229999974, 5.889369175000072, 214.31590000000142 ], [ -74.383162600999981, 5.889451195000093, 213.892300000006799 ], [ -74.383231297999941, 5.889536171000031, 212.946299999995972 ], [ -74.383289184999967, 5.889639133000073, 211.842399999994086 ], [ -74.383365326999964, 5.889707491000046, 212.226599999994505 ], [ -74.383430034999932, 5.889782887000039, 212.664300000004005 ], [ -74.383501884999987, 5.889861135000085, 213.310700000001816 ], [ -74.383505978999963, 5.889872226000048, 213.295800000007148 ], [ -74.383578134999908, 5.889951488000073, 213.078999999997905 ], [ -74.383650566999961, 5.890032107000059, 212.364700000005541 ], [ -74.383724503999971, 5.890111162000032, 211.82829999999376 ], [ -74.383797818999923, 5.890192098000064, 211.261599999997998 ], [ -74.383869543999936, 5.890274737000047, 210.301300000006449 ], [ -74.383934580999934, 5.89035813200007, 209.358500000002095 ], [ -74.383993180999937, 5.890444253000073, 209.743499999996857 ], [ -74.384045769999929, 5.890531183000077, 211.8462 ], [ -74.38409192899995, 5.890593392000037, 213.64419999999518 ], [ -74.384153799999979, 5.890704866000044, 215.306899999995949 ], [ -74.384233952999978, 5.890798498000078, 214.124200000005658 ], [ -74.384310875999972, 5.890875457000062, 212.989100000006147 ], [ -74.384386391999954, 5.890951985000071, 211.899000000004889 ], [ -74.38445838399997, 5.89103664400005, 214.243199999997159 ], [ -74.384528905999929, 5.89111951500006, 215.412100000001374 ], [ -74.38459982199997, 5.891198686000064, 215.353300000002491 ], [ -74.384674089999976, 5.891277939000083, 215.240999999994528 ], [ -74.384748142999953, 5.891358855000044, 215.819499999997788 ], [ -74.384822552999921, 5.891438118000069, 215.384000000005472 ], [ -74.384896956999967, 5.891517053000034, 214.096000000005006 ], [ -74.384972327999947, 5.891596209000066, 213.787200000006123 ], [ -74.38504820299994, 5.891674311000031, 213.615799999999581 ], [ -74.385126998999951, 5.891750573000033, 213.052200000005541 ], [ -74.385206590999971, 5.891824447000057, 211.169699999998556 ], [ -74.385285325999973, 5.891901063000062, 209.450500000006286 ], [ -74.38537013399997, 5.891970040000052, 207.748500000001513 ], [ -74.385465708999959, 5.892040274000076, 206.023300000000745 ], [ -74.385547905999942, 5.892089416000053, 206.689799999992829 ], [ -74.385635875999952, 5.892150462000076, 207.229999999995925 ], [ -74.385704812999947, 5.89219818600004, 207.551999999996042 ], [ -74.385795503999972, 5.892251018, 208.420899999997346 ], [ -74.385887804999967, 5.892300974000026, 209.859599999996135 ], [ -74.38598598699997, 5.892354224000036, 212.52379999999539 ], [ -74.386082588999955, 5.892402161000085, 213.059500000003027 ], [ -74.386176955999986, 5.892450563000084, 212.659700000003795 ], [ -74.38627246, 5.892498649000053, 211.7451 ], [ -74.386368777999948, 5.892543784000064, 209.498699999996461 ], [ -74.386534205999965, 5.892634335000069, 205.298999999999069 ], [ -74.38662986699994, 5.89268373600004, 204.864199999996345 ], [ -74.386725140999928, 5.892731821000036, 205.178599999999278 ], [ -74.386820151999984, 5.892780202000046, 205.990200000000186 ], [ -74.386917683999968, 5.892828685000057, 206.755799999998999 ], [ -74.387013585999966, 5.892879046000093, 207.665299999993294 ], [ -74.387107183999944, 5.892929973000047, 208.771800000002258 ], [ -74.387187782999931, 5.892973817000051, 209.594200000006822 ], [ -74.387204544999975, 5.892982935000032, 209.753100000001723 ], [ -74.387282833999961, 5.893052717000061, 210.969800000006217 ], [ -74.387364070999951, 5.893122378000051, 211.986699999994016 ], [ -74.387440735999959, 5.893208104000068, 212.678199999994831 ], [ -74.387510175999978, 5.893291737000047, 212.792600000000675 ], [ -74.387558554999941, 5.893389517000055, 213.090299999996205 ], [ -74.38759225799997, 5.893493036000058, 213.195699999996577 ], [ -74.387615189999963, 5.893599751000083, 213.7103000000061 ], [ -74.387622768999947, 5.893708021000062, 214.024000000004889 ], [ -74.387606516999952, 5.893815122000059, 214.005699999994249 ], [ -74.387569484999972, 5.893914622000085, 214.437699999994948 ], [ -74.387530574999971, 5.894014309000079, 214.807799999995041 ], [ -74.387492126999973, 5.894114767000087, 215.058900000003632 ], [ -74.387456425999957, 5.894214964000096, 215.078200000003562 ], [ -74.387416928999968, 5.894316750000056, 214.688999999998487 ], [ -74.387378143999968, 5.894418575000064, 214.823600000003353 ], [ -74.387357818999988, 5.894469800000051, 215.056400000001304 ], [ -74.387293679999971, 5.894620896000058, 210.714000000007218 ], [ -74.387257139999974, 5.894722796000056, 207.898199999995995 ], [ -74.387215674999936, 5.894822733000087, 206.328800000002957 ], [ -74.387183263999987, 5.894925748000066, 204.706300000005285 ], [ -74.387168978999966, 5.895035111000032, 202.805600000006962 ], [ -74.38716339299998, 5.895139889000098, 201.542600000000675 ], [ -74.38715674999996, 5.895247865000047, 200.260699999998906 ], [ -74.387135322999924, 5.895351983000076, 200.057700000004843 ], [ -74.387104773999965, 5.895452241000041, 200.540200000003097 ], [ -74.387064183999939, 5.895556217000048, 201.356599999999162 ], [ -74.387031624999963, 5.89566061400008, 202.793900000004214 ], [ -74.386994696999977, 5.895762820000092, 204.106299999999464 ], [ -74.386961334999953, 5.895867403000067, 205.014599999994971 ], [ -74.386933174999967, 5.895969514000075, 205.368499999996857 ], [ -74.386901010999949, 5.896072172000059, 205.661099999997532 ], [ -74.386877943999949, 5.896178355000107, 205.023700000005192 ], [ -74.38686596899997, 5.896284946000053, 203.945300000006682 ], [ -74.386859440999956, 5.896392738000045, 202.91830000000482 ], [ -74.386851852999925, 5.896497546000053, 202.4424 ], [ -74.386842380999951, 5.896605504000076, 202.00810000000638 ], [ -74.386830825999922, 5.896711582000024, 201.448699999993551 ], [ -74.386822941999966, 5.896820696000055, 200.701199999995879 ], [ -74.386808773999974, 5.896931492000046, 200.1591000000044 ], [ -74.386801927999954, 5.897040627000066, 200.528600000005099 ], [ -74.386794514999949, 5.897150269000091, 200.816300000005867 ], [ -74.386809446999948, 5.897257908000038, 201.233500000002095 ], [ -74.386828860999955, 5.897314130000038, 201.375599999999395 ], [ -74.38686656699997, 5.897412, 201.332200000004377 ], [ -74.386919416999945, 5.89750014900005, 201.859500000005937 ], [ -74.387004778999923, 5.897576135000083, 202.639500000004773 ], [ -74.387099717999945, 5.897630761000091, 202.754100000005565 ], [ -74.387195462999955, 5.897679960000076, 203.613299999997253 ], [ -74.387289631, 5.897728225000064, 204.206000000005588 ], [ -74.38738256399995, 5.897776615000048, 205.361300000004121 ], [ -74.387474910999956, 5.897826309000039, 206.770300000003772 ], [ -74.38756998999996, 5.897879488000051, 207.87149999999383 ], [ -74.387669015999961, 5.897924447000044, 208.212100000004284 ], [ -74.387769651999974, 5.897962420000067, 207.610100000005332 ], [ -74.387871354999945, 5.898000782000059, 206.472899999993388 ], [ -74.387973169999938, 5.898035458000059, 204.207200000004377 ], [ -74.388075278999949, 5.898070819000071, 202.054699999993318 ], [ -74.388177974999962, 5.898108343000042, 200.20339999999851 ], [ -74.388277036999966, 5.898151285000047, 199.318400000003749 ], [ -74.388370733999977, 5.898198367000015, 198.309899999992922 ], [ -74.388461046999964, 5.898254029000066, 197.160999999992782 ], [ -74.388538721999964, 5.898318814000072, 196.661600000006729 ], [ -74.38861153699996, 5.898377968000043, 196.709499999997206 ], [ -74.388719676999969, 5.898466515000072, 197.441300000005867 ], [ -74.388794464999975, 5.898527579000096, 198.428700000004028 ], [ -74.388871201999947, 5.898589731000088, 200.537299999996321 ], [ -74.388951281999923, 5.898656453000056, 203.081300000005285 ], [ -74.389032947999951, 5.898726613000084, 205.194300000002841 ], [ -74.389120921999961, 5.898805024000069, 206.323000000003958 ], [ -74.389198955999973, 5.898879573000044, 206.339099999997416 ], [ -74.389275401999953, 5.898955555000081, 205.875899999999092 ], [ -74.389350797999953, 5.89903024100008, 205.633799999995972 ], [ -74.389425251999967, 5.89910641700004, 205.157600000005914 ], [ -74.389500224999949, 5.899182726000055, 204.327799999999115 ], [ -74.389576138999971, 5.899260200000074, 203.269499999994878 ], [ -74.389649693999942, 5.899337048000063, 201.858300000007148 ], [ -74.389722345999985, 5.89941037400009, 200.200899999996182 ], [ -74.389794939999945, 5.899485580000063, 198.630000000004657 ], [ -74.389868440999976, 5.899562544000053, 198.246199999994133 ], [ -74.389944942999989, 5.899641933000062, 198.0 ], [ -74.390017812999986, 5.899720223000045, 198.0 ], [ -74.39009085899994, 5.89980069900002, 198.0 ], [ -74.390129965999961, 5.899846477000054, 198.0 ], [ -74.390160993999984, 5.899882799000085, 198.0 ], [ -74.390257498999972, 5.899981729000046, 198.189299999998184 ], [ -74.390354004999949, 5.900080658000048, 198.0 ], [ -74.390432540999925, 5.900156695000017, 198.0 ], [ -74.390509748999989, 5.900215683000066, 198.0 ], [ -74.390606099999943, 5.90028784500003, 198.0 ], [ -74.390694326999935, 5.900349564000066, 197.408100000000559 ], [ -74.39075365199993, 5.900390806000066, 196.970300000000861 ], [ -74.39084330299994, 5.900453354000056, 196.269100000004983 ], [ -74.390941599999962, 5.900498573000075, 195.628200000006473 ], [ -74.391042567999989, 5.900541228000066, 195.266499999997905 ], [ -74.39114320799996, 5.900583701000078, 195.0228000000061 ], [ -74.391242542999976, 5.900626749000038, 195.85460000000603 ], [ -74.391342314999974, 5.900670419000045, 196.952000000004773 ], [ -74.391440537999983, 5.900714061000027, 198.260899999993853 ], [ -74.39153603799997, 5.900756639000083, 200.99539999999979 ], [ -74.391633536999962, 5.900800097000059, 203.558300000004238 ], [ -74.391733812999973, 5.900846516000052, 205.918799999999464 ], [ -74.391831391999986, 5.900892320000056, 207.784899999998743 ], [ -74.391923496999937, 5.900937757000078, 209.231499999994412 ], [ -74.39201921199998, 5.900983352000039, 208.147599999996601 ], [ -74.392116819999956, 5.901028828000048, 203.581099999995786 ], [ -74.392214616999979, 5.901078742000047, 199.134799999999814 ], [ -74.392342167999971, 5.901149383000082, 195.843399999997928 ], [ -74.392469718999962, 5.901220023000055, 194.252399999997579 ], [ -74.392569068999933, 5.901265832000053, 194.924400000003516 ], [ -74.392669278999961, 5.901306558000058, 196.602400000003399 ], [ -74.392824587999925, 5.901370119000036, 198.91830000000482 ], [ -74.392869916999985, 5.901388486000055, 199.469599999996717 ], [ -74.392969801999982, 5.901430378000059, 200.522500000006403 ], [ -74.393066752999957, 5.901469027000076, 201.353000000002794 ], [ -74.39316045299995, 5.901504721000058, 202.237599999993108 ], [ -74.393259589999943, 5.901545913000088, 203.249100000000908 ], [ -74.393358326999987, 5.901591524000045, 203.82050000000163 ], [ -74.39346001499996, 5.901646189000094, 204.001699999993434 ], [ -74.393553941999969, 5.90169749600005, 204.440100000007078 ], [ -74.393650817999969, 5.901747193000085, 204.28859999999986 ], [ -74.393747843999947, 5.901795074000062, 203.849300000001676 ], [ -74.39384346699994, 5.901839378000066, 203.424899999998161 ], [ -74.39394176199994, 5.901882951000078, 203.808499999999185 ], [ -74.394037736999962, 5.901934155000061, 204.649699999994482 ], [ -74.394127634999947, 5.901995331000033, 205.871799999993527 ], [ -74.394218428999963, 5.902057087000066, 206.195200000001932 ], [ -74.394306949999987, 5.902120388000076, 205.745899999994435 ], [ -74.394393364999985, 5.902185637000048, 205.108200000002398 ], [ -74.394475860999975, 5.902259025000025, 202.997900000002119 ], [ -74.394550690999949, 5.902338047000056, 200.789600000003702 ], [ -74.394627007999986, 5.902416312000085, 199.169800000003306 ], [ -74.394705766999934, 5.902491907000097, 198.379400000005262 ], [ -74.394783908999941, 5.902568151000032, 198.104900000005728 ], [ -74.394865063999987, 5.902643506000062, 197.6201 ], [ -74.394940001999927, 5.902720757000059, 197.369099999996251 ], [ -74.395015551999961, 5.902800316000058, 196.965800000005402 ], [ -74.395091062999938, 5.902878237000053, 196.369399999995949 ], [ -74.395165587999941, 5.902956143000058, 194.477400000003399 ], [ -74.395236562999941, 5.903037426000052, 192.609700000000885 ], [ -74.395303645999931, 5.903121394000039, 191.214399999997113 ], [ -74.395387789, 5.903195518000071, 189.974799999996321 ], [ -74.395466885999952, 5.90327140900007, 189.158400000000256 ], [ -74.395541387999955, 5.903348240000106, 188.89890000000014 ], [ -74.395616323999946, 5.903429439000034, 189.0 ], [ -74.395692827999937, 5.903512591000044, 189.0 ], [ -74.395765861999948, 5.903592755000013, 189.00789999999688 ], [ -74.39583889499994, 5.903672921000062, 189.48859999999695 ], [ -74.395920967999984, 5.903743705000063, 190.5962 ], [ -74.396003601999951, 5.90381390600006, 191.698699999993551 ], [ -74.396087409999936, 5.90388269200002, 192.955100000006496 ], [ -74.39613424199996, 5.903920991000098, 193.586899999994785 ], [ -74.396171341999946, 5.903951331000044, 193.983399999997346 ], [ -74.396255273999941, 5.90401997300008, 194.107600000003004 ], [ -74.396348948999957, 5.904071682000074, 193.734400000001187 ], [ -74.396450336999976, 5.904109996000038, 193.157200000001467 ], [ -74.396551725999956, 5.904148307000067, 192.685800000006566 ], [ -74.396651988999949, 5.904189464000082, 192.532500000001164 ], [ -74.39675207199997, 5.904231071000031, 192.66370000000461 ], [ -74.396849683999932, 5.904271649000077, 193.119200000001001 ], [ -74.396948491999979, 5.904317161000074, 192.922600000005332 ], [ -74.397048832999971, 5.904358814000044, 192.706000000005588 ], [ -74.397149838999951, 5.904403808000065, 192.499400000000605 ], [ -74.39725032099993, 5.904445776000062, 192.283500000005006 ], [ -74.397350375999963, 5.904488841000048, 192.073199999998906 ], [ -74.397451604999958, 5.904530641000073, 192.083400000003166 ], [ -74.397554621999973, 5.904567703000068, 192.220199999996112 ], [ -74.397607962999984, 5.904583817000056, 192.279699999999139 ], [ -74.397658511999964, 5.904599088000074, 192.336100000000442 ], [ -74.397762379999961, 5.904627938000043, 192.566200000001118 ], [ -74.397867434999952, 5.904655399000038, 193.02740000000631 ], [ -74.397974265999935, 5.904683410000069, 193.329700000002049 ], [ -74.398077569999941, 5.904709056000085, 193.029500000004191 ], [ -74.398182559999952, 5.90473765500008, 192.679000000003725 ], [ -74.398282120999966, 5.904782724000065, 192.461899999994785 ], [ -74.398374194999974, 5.904841162000039, 192.15240000000631 ], [ -74.398465065999957, 5.904901337000091, 191.130099999994854 ], [ -74.398558381999962, 5.904958242000043, 190.898300000000745 ], [ -74.398650333, 5.905016952000038, 190.505499999999302 ], [ -74.398742335999941, 5.905074941000042, 190.100699999995413 ], [ -74.398833156999956, 5.905131948000075, 191.186600000000908 ], [ -74.39891950599997, 5.905188141000069, 192.119300000005751 ], [ -74.399006260999954, 5.905244905000098, 192.923299999994924 ], [ -74.399095180999936, 5.905308519000094, 193.30789999999979 ], [ -74.399182010999908, 5.905372800000057, 194.071500000005472 ], [ -74.399266038999926, 5.905431575000027, 194.772200000006706 ], [ -74.399350939999977, 5.905491968000059, 194.81140000000596 ], [ -74.399435272999924, 5.905553299000085, 194.301999999996042 ], [ -74.399522217999959, 5.90561648000008, 193.480299999995623 ], [ -74.399608503999957, 5.905682665000053, 192.895499999998719 ], [ -74.399692435999953, 5.905750275000087, 192.67160000000149 ], [ -74.399780457999952, 5.905814654000043, 192.705000000001746 ], [ -74.399864401999935, 5.90588072300005, 193.141199999998207 ], [ -74.399946697999937, 5.905945874000054, 193.569499999997788 ], [ -74.400030697999966, 5.906012998000042, 194.158800000004703 ], [ -74.400117122999973, 5.906080978000029, 194.816699999995762 ], [ -74.400204341999938, 5.906145781000015, 194.731799999994109 ], [ -74.400292669999928, 5.906209800000067, 193.443199999994249 ], [ -74.40038133299997, 5.906273022000046, 192.498699999996461 ], [ -74.400526510999953, 5.90638176100004, 192.008900000000722 ], [ -74.400613626999984, 5.906446119000078, 192.388300000005984 ], [ -74.400700709999953, 5.906509786000092, 192.228099999992992 ], [ -74.400787610999942, 5.906575962000037, 191.739799999995739 ], [ -74.400870697999935, 5.906639281000035, 191.27270000000135 ], [ -74.400955506999935, 5.906701396000082, 190.721499999999651 ], [ -74.401042187999948, 5.906766875000073, 189.996899999998277 ], [ -74.401129518999923, 5.90683019300011, 189.296100000006845 ], [ -74.401217832999976, 5.906894494000062, 188.157099999996717 ], [ -74.401263927999935, 5.906930325000054, 187.262400000006892 ], [ -74.401304460999938, 5.906961832000031, 186.579599999997299 ], [ -74.401389231999971, 5.907028094000062, 185.35460000000603 ], [ -74.40147477499994, 5.907094531000059, 184.389200000005076 ], [ -74.401560049999944, 5.907160901000071, 184.047200000000885 ], [ -74.401644464999947, 5.907228725000048, 183.977100000003702 ], [ -74.401729649999936, 5.907295801000071, 184.041100000002189 ], [ -74.401815743999961, 5.907363751000067, 185.198199999998906 ], [ -74.401902632999949, 5.907427721000025, 186.817200000004959 ], [ -74.401990658999978, 5.907490203000069, 188.898100000005797 ], [ -74.402077399999939, 5.907552161000063, 190.748999999996158 ], [ -74.40216434599995, 5.907614931000063, 192.420299999997951 ], [ -74.402252904999941, 5.907678986000058, 193.9712 ], [ -74.402338652999944, 5.907741355000036, 194.508199999996577 ], [ -74.402427105999948, 5.907805099000047, 194.876999999993131 ], [ -74.402506884999966, 5.907871258000053, 195.031499999997322 ], [ -74.402587174999951, 5.907936333000084, 195.06600000000617 ], [ -74.402673904999972, 5.908003781000058, 194.900599999993574 ], [ -74.402761301999973, 5.90806639700002, 194.253200000006473 ], [ -74.40284965499994, 5.908129135000017, 193.481700000003912 ], [ -74.402932883999938, 5.908198374000028, 192.547099999996135 ], [ -74.403009245999954, 5.908277266000036, 191.094100000002072 ], [ -74.403089574999967, 5.908349211000062, 189.59309999999823 ], [ -74.403255446999935, 5.908482736000091, 187.384000000005472 ], [ -74.403387514999963, 5.908587533000062, 185.737999999997555 ], [ -74.403419338999967, 5.908612555000044, 185.503200000006473 ], [ -74.403511689999959, 5.908686111000075, 184.821700000000419 ], [ -74.403533033999949, 5.908704335000044, 184.664199999999255 ], [ -74.403588500999959, 5.908751691000034, 184.255000000004657 ], [ -74.403670091999956, 5.908820217000046, 183.98420000000624 ], [ -74.403747859999953, 5.908889358000077, 184.568299999998999 ], [ -74.403825237999968, 5.908953754000029, 185.505000000004657 ], [ -74.403990833999941, 5.909100232000079, 189.888699999995879 ], [ -74.404075309999939, 5.909166126000068, 192.257500000006985 ], [ -74.404163478999976, 5.909229855000055, 194.385699999998906 ], [ -74.404251091999981, 5.909293078000075, 196.336200000005192 ], [ -74.404350322999946, 5.909363317000053, 198.892399999996996 ], [ -74.404447711999978, 5.909429171000049, 200.767099999997299 ], [ -74.404561763999922, 5.909484704000034, 201.038499999995111 ], [ -74.404706190999946, 5.90955502600002, 201.134500000000116 ], [ -74.404710940999948, 5.909557339000096, 201.084700000006706 ], [ -74.404887021999969, 5.909635834000045, 199.418699999994715 ], [ -74.404979814999919, 5.909686391000042, 198.236999999993714 ], [ -74.405054628999949, 5.909757508000057, 195.329700000002049 ], [ -74.405128665999925, 5.90983108000009, 192.8174 ], [ -74.405202285999962, 5.909904207000102, 190.760699999998906 ], [ -74.405279953999965, 5.909978325000093, 189.358699999997043 ], [ -74.405358541999959, 5.910053665000011, 188.878599999996368 ], [ -74.405437429999949, 5.910129524000091, 188.717600000003586 ], [ -74.405515901999919, 5.910205535000074, 188.856199999994715 ], [ -74.405593669999973, 5.910280774000067, 187.510800000003655 ], [ -74.405633225999964, 5.910319621000061, 186.955000000001746 ], [ -74.405710125999974, 5.910396334000049, 186.225200000000768 ], [ -74.405788068999968, 5.910471962000043, 185.987599999993108 ], [ -74.40586503899992, 5.910547375000064, 185.957099999999627 ], [ -74.405945130999939, 5.910622204000066, 186.380000000004657 ], [ -74.406024892999923, 5.910697337000062, 187.29330000000482 ], [ -74.406104020999962, 5.910773096000073, 188.130699999994249 ], [ -74.406182397999942, 5.910848892000068, 188.566699999995762 ], [ -74.406261121999989, 5.910924642000052, 189.164900000003399 ], [ -74.406340646999979, 5.910999692000099, 189.847299999993993 ], [ -74.406419294999964, 5.911074825000068, 188.9033999999956 ], [ -74.406488636999924, 5.911143255000069, 188.241399999998976 ], [ -74.406573915999957, 5.911222580000101, 187.964399999997113 ], [ -74.406629069999951, 5.911268176000016, 187.983600000006845 ], [ -74.406671031999963, 5.911304363000061, 188.0 ], [ -74.406752649999973, 5.911378873000047, 188.0 ], [ -74.406831771999975, 5.911449917000052, 188.0 ], [ -74.406912248999944, 5.911521316000068, 187.57839999999851 ], [ -74.406991950999938, 5.911595312000059, 186.713399999993271 ], [ -74.407076857999982, 5.91166649700006, 185.773600000000442 ], [ -74.407160874999988, 5.91173349400006, 184.947899999999208 ], [ -74.407244745999947, 5.91180229600011, 184.638500000000931 ], [ -74.407325703999945, 5.911875247000086, 184.043000000005122 ], [ -74.407410415999948, 5.911942387000085, 183.186000000001513 ], [ -74.407494035999946, 5.912011148000024, 183.112200000003213 ], [ -74.407579424999938, 5.912078356000081, 183.293499999999767 ], [ -74.407666878999962, 5.912144006000063, 184.334700000006706 ], [ -74.407752641999934, 5.912210539000075, 185.992700000002515 ], [ -74.407839038999953, 5.912278281000053, 187.475500000000466 ], [ -74.407924507999965, 5.912344554000095, 188.625400000004447 ], [ -74.408044662999941, 5.91243213200007, 188.527000000001863 ], [ -74.408164817999989, 5.912519709000033, 188.108300000007148 ], [ -74.408248661999934, 5.912588658000059, 188.171300000001793 ], [ -74.408333175999971, 5.912656698000037, 189.139599999994971 ], [ -74.408417092999969, 5.912722274000026, 190.382100000002538 ], [ -74.408498724999959, 5.912789768000029, 192.048800000004121 ], [ -74.408581281999943, 5.912859706000065, 192.731899999998859 ], [ -74.408662316999923, 5.912933163000058, 192.463000000003376 ], [ -74.408738341999936, 5.913003431000043, 190.658999999999651 ], [ -74.408814731999939, 5.913074169000025, 188.666400000001886 ], [ -74.408853066999924, 5.913109946000026, 187.707800000003772 ], [ -74.408892416999947, 5.913146393000049, 186.807799999995041 ], [ -74.408961924999971, 5.913212465000071, 185.898400000005495 ], [ -74.409053703999973, 5.913292047000037, 185.92939999999362 ], [ -74.409134248999962, 5.913366251000106, 185.335099999996601 ], [ -74.409216359999959, 5.913439110000065, 184.729300000006333 ], [ -74.409296595999905, 5.913520818000079, 183.604900000005728 ], [ -74.40938240299991, 5.913581890000033, 182.790500000002794 ], [ -74.409466082999984, 5.913651500000093, 182.238299999997253 ], [ -74.409548733999941, 5.913724028000069, 182.000299999999697 ], [ -74.409630110999942, 5.913797778000063, 181.89100000000326 ], [ -74.409713548999946, 5.913868303000067, 181.93859999999404 ], [ -74.409796613999944, 5.913939723000068, 181.981599999999162 ], [ -74.409879104999945, 5.914012178000069, 182.094100000002072 ], [ -74.409963615999956, 5.91407870800003, 182.356700000003912 ], [ -74.410042391999966, 5.914151910000035, 182.3943 ], [ -74.410120743999968, 5.91422870300007, 182.247099999993225 ], [ -74.41019619199993, 5.91430803900007, 182.597299999993993 ], [ -74.410269981999988, 5.914386437000067, 183.124700000000303 ], [ -74.410351661999968, 5.91445927700006, 183.759999999994761 ], [ -74.410480464999978, 5.914558853000084, 183.945200000001932 ], [ -74.410609267999959, 5.914658428000029, 183.899300000004587 ], [ -74.41069493699996, 5.914724554000032, 183.84780000000319 ], [ -74.410782400999949, 5.914789838000051, 183.203200000003562 ], [ -74.410869656999964, 5.914854055000042, 182.486199999999371 ], [ -74.410925903999953, 5.914894491000059, 182.097299999993993 ], [ -74.410957195999956, 5.914916986000057, 181.976999999998952 ], [ -74.411042571999971, 5.914986168000043, 181.755999999993946 ], [ -74.411124784999956, 5.915052260000031, 181.392699999996694 ], [ -74.411208559, 5.915117256000032, 181.017000000007101 ], [ -74.411295497999959, 5.915183048000087, 181.611600000003818 ], [ -74.411381417999962, 5.915249731000076, 182.245599999994738 ], [ -74.411467111999968, 5.915317050000069, 182.877900000006775 ], [ -74.411550359999964, 5.915383912000031, 183.830100000006496 ], [ -74.411636327999986, 5.91545146400006, 184.851800000004005 ], [ -74.41172210699996, 5.915519836000074, 185.714099999997416 ], [ -74.41180486699993, 5.915588931000084, 185.815000000002328 ], [ -74.411888781999934, 5.915657105000038, 185.116099999999278 ], [ -74.411972322999986, 5.915726785000067, 184.036800000001676 ], [ -74.412055955999961, 5.915797162000062, 182.838000000003376 ], [ -74.412140463999947, 5.915865936000043, 181.45339999999851 ], [ -74.412225298999942, 5.915934876000049, 180.137400000006892 ], [ -74.412309996999952, 5.916004808000032, 179.175099999993108 ], [ -74.412391497999977, 5.916073983000064, 178.66479999999865 ], [ -74.412483853999973, 5.916129998000057, 178.251399999993737 ], [ -74.412559208999937, 5.916214449000044, 178.0 ], [ -74.41264300499995, 5.916285619000075, 178.0 ], [ -74.41272354299997, 5.91635782800009, 178.0 ], [ -74.412803750999956, 5.916429936000069, 178.0 ], [ -74.41288777499993, 5.916498514000068, 178.191600000005565 ], [ -74.412968253999949, 5.916573915000063, 178.267699999996694 ], [ -74.413051013999947, 5.91664596500006, 178.169299999994109 ], [ -74.413136092999935, 5.916713775000062, 177.997300000002724 ], [ -74.413218464999929, 5.916790068000047, 177.876300000003539 ], [ -74.413316459999976, 5.9168731240001, 177.531199999997625 ], [ -74.413382445999957, 5.916922180000068, 177.199500000002445 ], [ -74.413463853999971, 5.916997139000088, 176.716899999999441 ], [ -74.413550092999969, 5.917063284000041, 176.574200000002747 ], [ -74.413641035999916, 5.917125581000083, 176.565400000006775 ], [ -74.41373151199997, 5.917188325000057, 177.364100000006147 ], [ -74.413821585999983, 5.917249098000081, 178.25460000000021 ], [ -74.413910663999943, 5.91730934200007, 179.346999999994296 ], [ -74.414003882999964, 5.917361821000044, 181.152900000000955 ], [ -74.414085934999946, 5.917439217000046, 183.232699999993201 ], [ -74.414162951, 5.917516637000099, 185.392900000006193 ], [ -74.414240522999975, 5.917593280000083, 186.420299999997951 ], [ -74.414309050999975, 5.917677023000069, 186.984800000005635 ], [ -74.414344965999987, 5.917730403000092, 187.432499999995343 ], [ -74.414403817999968, 5.91783412200004, 189.159499999994296 ], [ -74.414448031999939, 5.917933981000061, 191.734400000001187 ], [ -74.414549102999956, 5.918148569000044, 195.348599999997532 ], [ -74.414678483999978, 5.918292424000082, 193.3269 ], [ -74.414807864999943, 5.918436278000069, 189.377500000002328 ], [ -74.414943715999982, 5.918553127000056, 186.319499999997788 ], [ -74.415051645999938, 5.918653274000098, 184.665200000003097 ], [ -74.41515957699994, 5.9187534220001, 183.560800000006566 ], [ -74.415189087999977, 5.918780805000038, 183.207599999994272 ], [ -74.415393088999963, 5.918948610000032, 181.42149999999674 ], [ -74.415597089999949, 5.919116414000029, 180.806299999996554 ], [ -74.415644841999949, 5.919158310000066, 180.94539999999688 ], [ -74.41576381699997, 5.919262692000115, 182.878200000006473 ], [ -74.415882790999945, 5.919367074000054, 183.686199999996461 ], [ -74.416069744999959, 5.919511399000063, 181.964000000007218 ], [ -74.416196076999938, 5.919616978000038, 180.458599999998114 ], [ -74.41632240999995, 5.919722557000066, 178.73410000000149 ], [ -74.416483519999971, 5.919855098000036, 178.638399999996182 ], [ -74.416657537999981, 5.919951192000045, 177.821899999995367 ], [ -74.416831555999977, 5.920047286000081, 177.919500000003609 ], [ -74.417017329999965, 5.920215327000088, 178.082800000003772 ], [ -74.417206514999961, 5.920376759000017, 177.36689999999362 ], [ -74.417395700999975, 5.920538191000045, 176.405499999993481 ], [ -74.417584885999986, 5.920699622000052, 175.863100000002305 ], [ -74.417774071999986, 5.920861054000049, 176.65219999999681 ], [ -74.417963257999986, 5.92102248600004, 177.84320000000298 ], [ -74.41815244299994, 5.921183917000062, 179.805399999997462 ], [ -74.41834162899994, 5.921345349000057, 182.016199999998207 ], [ -74.418530816, 5.921506780000082, 185.121400000003632 ], [ -74.418720001999986, 5.921668211000076, 186.730100000000675 ], [ -74.418909188, 5.921829643000021, 188.354800000000978 ], [ -74.419106627999952, 5.921998118000025, 186.045100000003004 ], [ -74.419304068999963, 5.922166593000068, 181.926399999996647 ], [ -74.419501508999986, 5.92233506800009, 183.547800000000279 ], [ -74.41957139499992, 5.922417613000047, 184.967399999994086 ], [ -74.419641680999973, 5.922502848000022, 186.324299999992945 ], [ -74.419711628999949, 5.922588286000083, 186.696400000000722 ], [ -74.419780936999985, 5.92267307000003, 186.601500000004307 ], [ -74.419850080999936, 5.922759915000039, 186.624100000000908 ], [ -74.419920346999959, 5.922843783000072, 186.356599999999162 ], [ -74.419988450999938, 5.922925546000056, 185.664099999994505 ], [ -74.420059226999953, 5.923011783000041, 183.996799999993527 ], [ -74.420129459999927, 5.923096504000049, 182.511199999993551 ], [ -74.420198314999936, 5.923181279000075, 181.27379999999539 ], [ -74.420267093999939, 5.923266577000041, 180.107300000003306 ], [ -74.420337955999983, 5.923351880000046, 178.854200000001583 ], [ -74.42040575399993, 5.923435122000081, 177.501900000002934 ], [ -74.420472747999952, 5.923520020000068, 177.51940000000468 ], [ -74.420542884999961, 5.923603504000019, 178.374200000005658 ], [ -74.420613633999949, 5.92369022400004, 178.928799999994226 ], [ -74.420680752999942, 5.92377439900005, 179.226500000004307 ], [ -74.420751663, 5.923860403000052, 179.704700000002049 ], [ -74.420819988999938, 5.923945353000015, 180.094899999996414 ], [ -74.420889651999971, 5.924028883000088, 180.342999999993481 ], [ -74.420946458999921, 5.924123329000052, 181.267900000006193 ], [ -74.421017583999955, 5.924206292000087, 181.427700000000186 ], [ -74.421087786999976, 5.924289100000069, 181.219500000006519 ], [ -74.421158388999984, 5.924374680000021, 180.793699999994715 ], [ -74.421227906999945, 5.924459049000043, 179.909700000003795 ], [ -74.421296756999936, 5.924544329000098, 179.711699999999837 ], [ -74.421364238999956, 5.924630951000052, 179.5512000000017 ], [ -74.421433137999941, 5.924715639000064, 179.297000000005937 ], [ -74.421501661999955, 5.92479986200005, 179.044299999994109 ], [ -74.42157126499994, 5.924883443000079, 178.837700000003679 ], [ -74.421641625999939, 5.924966896000051, 178.529899999994086 ], [ -74.421709992, 5.925052436000045, 178.214399999997113 ], [ -74.421778260999986, 5.92514042500007, 178.107499999998254 ], [ -74.421845987999973, 5.925223439000065, 178.773600000000442 ], [ -74.421915370999955, 5.925307414000049, 179.339500000001863 ], [ -74.421982804999956, 5.925391877000044, 179.740399999995134 ], [ -74.422048906999976, 5.925478863000062, 179.983300000007148 ], [ -74.42211709999998, 5.92556478700004, 179.84769999999844 ], [ -74.422194292999961, 5.925642727000033, 179.508799999995972 ], [ -74.42225427399994, 5.925735944000055, 178.962100000004284 ], [ -74.422320874999969, 5.925821926, 178.399399999994785 ], [ -74.422394014999938, 5.925904177000066, 178.301900000005844 ], [ -74.422460810999951, 5.925990639000092, 178.493199999997159 ], [ -74.422528177999922, 5.926077469000063, 178.741699999998673 ], [ -74.422597656999983, 5.92616356300004, 178.997900000002119 ], [ -74.422665882999979, 5.926248159000067, 179.102799999993294 ], [ -74.422733268999934, 5.926333683000067, 179.241599999993923 ], [ -74.42280263399995, 5.926419197000047, 179.550499999997555 ], [ -74.422870101999933, 5.926504739000055, 180.283299999995506 ], [ -74.42294328399997, 5.926587417000085, 180.771800000002258 ], [ -74.423012607999951, 5.926670377000065, 181.107799999997951 ], [ -74.423083427999984, 5.926753926000071, 181.319499999997788 ], [ -74.423147682999968, 5.926834896000059, 181.736000000004424 ], [ -74.423205634999988, 5.926912672000076, 182.377699999997276 ], [ -74.423270242999919, 5.926993078000075, 182.913100000005215 ], [ -74.42339960799994, 5.92716457600006, 184.125299999999697 ], [ -74.423466125999923, 5.927248507000035, 184.769899999999325 ], [ -74.423535086999934, 5.927335671000042, 185.206399999995483 ], [ -74.423602982999967, 5.927419312000018, 185.514899999994668 ], [ -74.423674106999954, 5.927505137000038, 185.831399999995483 ], [ -74.423743987999956, 5.927588849000101, 185.096300000004703 ], [ -74.423813844999984, 5.927673647000081, 183.455499999996391 ], [ -74.423881416999961, 5.927758324000038, 181.678499999994528 ], [ -74.423950594999937, 5.927842006000044, 179.96020000000135 ], [ -74.424016630999972, 5.927930434000074, 179.229900000005728 ], [ -74.424084621999953, 5.92801627400011, 178.66479999999865 ], [ -74.424153192999924, 5.928101430000022, 178.287599999996019 ], [ -74.42415689399995, 5.928106111000067, 178.287299999996321 ], [ -74.424220848999923, 5.928187003000092, 178.356400000004214 ], [ -74.424290396999922, 5.928270979000073, 178.414999999993597 ], [ -74.424360417999907, 5.928355320000055, 178.467799999998533 ], [ -74.424429539999949, 5.928441024000056, 178.459300000002258 ], [ -74.424498147999941, 5.928526878000087, 178.602599999998347 ], [ -74.424566585999969, 5.928610955000073, 178.933199999999488 ], [ -74.424635003999981, 5.928695915000078, 179.223199999993085 ], [ -74.424702238999942, 5.928782506000064, 179.542499999995925 ], [ -74.424771222999937, 5.92886630800006, 179.868100000006962 ], [ -74.424841050999973, 5.928950933000068, 180.391099999993457 ], [ -74.424910763999947, 5.929034989000058, 180.752099999997881 ], [ -74.424984070999983, 5.929117518000071, 180.955499999996391 ], [ -74.425055815999926, 5.929197937000017, 180.925300000002608 ], [ -74.425135131999966, 5.929275509000032, 180.639100000000326 ], [ -74.425218115999925, 5.929344925000081, 180.38300000000163 ], [ -74.425299772999949, 5.929419035000019, 180.109700000000885 ], [ -74.425465523999947, 5.929562563000048, 181.236699999994016 ], [ -74.425549009999926, 5.929633745000054, 182.168600000004517 ], [ -74.425631924999934, 5.929703803000034, 182.881699999998091 ], [ -74.425716054999938, 5.929774002000062, 183.19999999999709 ], [ -74.425755346999935, 5.929810694000046, 183.238299999997253 ], [ -74.425837115999954, 5.929886431000052, 183.066099999996368 ], [ -74.425916544999936, 5.929952806000107, 182.760800000003655 ], [ -74.425970096999933, 5.930000913000093, 182.505600000004051 ], [ -74.426045182999971, 5.930071263000076, 181.905100000003586 ], [ -74.426128715999923, 5.930137378000053, 181.505300000004354 ], [ -74.426216272999966, 5.93020293800005, 182.10229999999865 ], [ -74.426305973999945, 5.930265504000046, 183.036300000007031 ], [ -74.426394626999965, 5.930328573000088, 184.250799999994342 ], [ -74.426483462999954, 5.930390826000075, 184.979500000001281 ], [ -74.426572419999957, 5.930454142000059, 185.559599999993225 ], [ -74.426661587999931, 5.93051693700004, 185.987099999998463 ], [ -74.426750517999949, 5.930579932000056, 185.7387000000017 ], [ -74.426841320999984, 5.930642345000031, 185.611600000003818 ], [ -74.426929533999953, 5.930705837000053, 185.646200000002864 ], [ -74.427020072999937, 5.930770513, 185.565799999996671 ], [ -74.427158662999943, 5.930864942000023, 185.587499999994179 ], [ -74.427197363999937, 5.930891311000055, 185.667900000000373 ], [ -74.427287915999941, 5.930953009000098, 185.472399999998743 ], [ -74.427370678999964, 5.931017530000096, 185.020000000004075 ], [ -74.42741407599992, 5.931048133000053, 184.660999999992782 ], [ -74.427503182999942, 5.931112062000076, 183.721699999994598 ], [ -74.427591839999934, 5.931177133000058, 182.740399999995134 ], [ -74.427678643999968, 5.931241491000065, 181.779699999999139 ], [ -74.427768540999978, 5.931305109000085, 181.0 ], [ -74.427858649999948, 5.931368015000054, 181.209600000001956 ], [ -74.427947887999935, 5.931431202000094, 181.71140000000014 ], [ -74.428037626999981, 5.931493734000063, 182.118600000001607 ], [ -74.428126535999965, 5.931557717000027, 182.647400000001653 ], [ -74.428215095999974, 5.931620281000063, 182.991699999998673 ], [ -74.428304350999952, 5.93168391800002, 182.705199999996694 ], [ -74.428394000999958, 5.931748147000089, 182.137400000006892 ], [ -74.428482693999968, 5.931812436000053, 181.573000000003958 ], [ -74.428570584999989, 5.931876259000051, 181.013300000005984 ], [ -74.428655961999937, 5.931944018000014, 180.725500000000466 ], [ -74.428718132999961, 5.931990240000047, 180.641399999993155 ], [ -74.428744907999942, 5.932010144000074, 180.629300000000512 ], [ -74.428894693999951, 5.93213225900008, 181.330700000005891 ], [ -74.428983251999966, 5.9321966140001, 182.167900000000373 ], [ -74.429070756999977, 5.932258792000069, 182.797500000000582 ], [ -74.429113001999937, 5.932289068000069, 183.047099999996135 ], [ -74.429247805999978, 5.932387713000056, 183.975200000000768 ], [ -74.429336483999975, 5.932452213000036, 184.643400000000838 ], [ -74.429425017999961, 5.932516299000052, 184.374800000005052 ], [ -74.429512657999979, 5.932581387000035, 183.712199999994482 ], [ -74.429602057999929, 5.93264624200006, 183.197199999995064 ], [ -74.429690873999974, 5.932709784000056, 182.994900000005146 ], [ -74.429780007999966, 5.932773615000039, 182.868600000001607 ], [ -74.429868638999935, 5.932837617000091, 182.587899999998626 ], [ -74.429958443999965, 5.932902085000028, 182.108399999997346 ], [ -74.430046758999936, 5.932965402000034, 181.548999999999069 ], [ -74.430134962999944, 5.933030077000075, 181.368600000001607 ], [ -74.430223158999979, 5.933092707000063, 181.571500000005472 ], [ -74.430312194999942, 5.933157418000065, 182.138699999995879 ], [ -74.430401829999923, 5.93322311400008, 182.711800000004587 ], [ -74.43049450999996, 5.933279209000047, 183.355400000000373 ], [ -74.430579312999953, 5.933350604000073, 183.929199999998673 ], [ -74.430668074999957, 5.933414611000058, 184.198099999994156 ], [ -74.43069916099995, 5.933437022000048, 184.219200000006822 ], [ -74.430844884999928, 5.933543296000038, 183.623600000006263 ], [ -74.430933544999945, 5.933606703000064, 183.506399999998393 ], [ -74.430978599999946, 5.93363776300004, 183.501499999998487 ], [ -74.431062203999943, 5.933699670000087, 183.30800000000454 ], [ -74.431143295999959, 5.933754966000071, 182.901899999997113 ], [ -74.431242684999958, 5.933823776000073, 182.222299999993993 ], [ -74.431266339999979, 5.933839511000047, 182.047800000000279 ], [ -74.431334342999932, 5.933884743000023, 181.546000000002095 ], [ -74.431378773999924, 5.933916288000042, 181.21809999999823 ], [ -74.431469323999977, 5.933977077000063, 180.55000000000291 ], [ -74.43156031499997, 5.934038992000085, 180.060700000001816 ], [ -74.431650661999981, 5.934100668000032, 180.201400000005378 ], [ -74.431740459999958, 5.934162824000087, 179.871700000003329 ], [ -74.431830000999966, 5.934226666000052, 178.970199999996112 ], [ -74.431905879999988, 5.934281154000097, 177.563999999998487 ], [ -74.432010371999965, 5.93435166100007, 175.544800000003306 ], [ -74.432099222999966, 5.934413408000096, 174.064899999997579 ], [ -74.432280566999964, 5.934539030000048, 173.219200000006822 ], [ -74.432461911999951, 5.934664652000032, 173.143100000001141 ], [ -74.432552204999965, 5.934726946000064, 173.246400000003632 ], [ -74.432641571999952, 5.934789003000045, 173.312099999995553 ], [ -74.432731312999962, 5.934850482000066, 173.097299999993993 ], [ -74.432820913999933, 5.934913302000044, 172.838699999992969 ], [ -74.432913065999955, 5.934978430000081, 172.629199999995762 ], [ -74.433000917999948, 5.935038803000072, 172.516699999992852 ], [ -74.433090558999936, 5.935101873000092, 172.243900000001304 ], [ -74.433180834999959, 5.935164531000086, 172.131099999998696 ], [ -74.433270740999944, 5.935226450000075, 172.805300000007264 ], [ -74.43336095699992, 5.935288891000042, 173.636100000003353 ], [ -74.433450114999971, 5.935350969000083, 174.592399999994086 ], [ -74.433540135999948, 5.935413788000066, 175.385800000003655 ], [ -74.433557637999968, 5.935426089000071, 175.566500000000815 ], [ -74.43362908999994, 5.935476309000038, 176.243600000001607 ], [ -74.433717475999956, 5.935540637000051, 176.942800000004354 ], [ -74.433806994999941, 5.935603876000073, 177.170700000002398 ], [ -74.433896005999941, 5.935666986000059, 177.245699999999488 ], [ -74.433986287999957, 5.935729328000031, 177.159400000004098 ], [ -74.434075740999958, 5.935791931000036, 176.924799999993411 ], [ -74.434164783999961, 5.935854438000062, 176.540099999998347 ], [ -74.43423934499998, 5.93590892200006, 176.101899999994203 ], [ -74.43430895299997, 5.935961511000064, 176.19550000000163 ], [ -74.434398576999968, 5.936024062000052, 176.393800000005285 ], [ -74.434488469999962, 5.936086260000024, 176.441200000001118 ], [ -74.434578096999971, 5.936149263000082, 176.47269999999844 ], [ -74.434667298999955, 5.936213440000101, 176.565000000002328 ], [ -74.43481879999996, 5.936328106000087, 176.618600000001607 ], [ -74.434844406999957, 5.936340973000045, 176.571100000001024 ], [ -74.434932786999966, 5.936404709000045, 176.335900000005495 ], [ -74.435022201, 5.936468077000032, 176.102100000003702 ], [ -74.435112583999953, 5.936531967000078, 175.755000000004657 ], [ -74.435199211999972, 5.936594599000052, 175.447799999994459 ], [ -74.435287921999986, 5.936658858000043, 175.285699999993085 ], [ -74.435377519999975, 5.936721559000015, 175.406000000002678 ], [ -74.435465093999923, 5.936786365000025, 175.899499999999534 ], [ -74.435548098999945, 5.936847022000074, 176.316900000005262 ], [ -74.435636452999972, 5.936911352000052, 176.367899999997462 ], [ -74.435724324999967, 5.936974561000088, 175.810500000006869 ], [ -74.435812380999948, 5.937039218000049, 175.250899999999092 ], [ -74.435901764999983, 5.937102254000052, 174.863299999997253 ], [ -74.43599061499998, 5.937166704000045, 174.382100000002538 ], [ -74.436079928999959, 5.937230064000079, 174.051500000001397 ], [ -74.436167891999943, 5.937294010000111, 173.945200000001932 ], [ -74.436247324999954, 5.937370536000067, 174.147299999996903 ], [ -74.436345479999943, 5.937422224000057, 174.119399999995949 ], [ -74.436514867999961, 5.937542490000059, 174.0 ], [ -74.436598467999957, 5.937600491000083, 174.022500000006403 ], [ -74.436686298999973, 5.937664727000021, 174.295400000002701 ], [ -74.436779943999966, 5.93773044400008, 174.555500000002212 ], [ -74.436855941999966, 5.937785446000015, 174.758400000006077 ], [ -74.436947643999986, 5.937849588000079, 174.9951 ], [ -74.437037545999928, 5.937910825000084, 174.464500000001863 ], [ -74.437128250999919, 5.937971600000032, 173.795199999993201 ], [ -74.437218296999959, 5.938033930000088, 173.130799999998999 ], [ -74.437308973999961, 5.938095425000038, 172.730899999995017 ], [ -74.437398409999943, 5.93815791900007, 172.480500000005122 ], [ -74.437487940999972, 5.938220876000059, 172.409899999998743 ], [ -74.437576628999977, 5.938283928000023, 172.700899999996182 ], [ -74.437670826999977, 5.938341551000089, 172.924899999998161 ], [ -74.437752688999979, 5.938410355000029, 173.052100000000792 ], [ -74.437840658999946, 5.938473185000015, 172.997099999993225 ], [ -74.437928520999947, 5.938536886000072, 172.681700000001001 ], [ -74.438017712999965, 5.938603410000051, 172.206399999995483 ], [ -74.438107729999956, 5.938668714000068, 171.996199999994133 ], [ -74.438146254999921, 5.938698288000053, 171.954700000002049 ], [ -74.438193994999949, 5.93873442400011, 171.861199999999371 ], [ -74.438281711999934, 5.938799140000072, 171.572299999999814 ], [ -74.438368342999979, 5.938863759000063, 171.664300000004005 ], [ -74.438457347999972, 5.938928858000076, 172.045700000002398 ], [ -74.438544221999976, 5.938993579000074, 171.826000000000931 ], [ -74.438570741999968, 5.939011943000043, 171.734599999996135 ], [ -74.438634431999958, 5.939056046000078, 171.549100000003818 ], [ -74.438721425999972, 5.939120083000043, 171.053499999994528 ], [ -74.438836283999933, 5.939192690000052, 170.190199999997276 ], [ -74.438899202999934, 5.939245992000073, 169.968500000002678 ], [ -74.438986634999921, 5.939312177000058, 169.887400000006892 ], [ -74.439074714999933, 5.939376797000041, 169.660000000003492 ], [ -74.439160741999942, 5.939443535000081, 169.260200000004261 ], [ -74.439248029999987, 5.939510754000032, 168.928299999999581 ], [ -74.439334191999933, 5.939576535000067, 168.904800000003888 ], [ -74.439419944999941, 5.939641951000056, 169.079100000002654 ], [ -74.439506094999956, 5.939708138000071, 169.429999999993015 ], [ -74.439589008999974, 5.939773629000054, 169.680600000006962 ], [ -74.439674969999942, 5.939839717000036, 169.997700000007171 ], [ -74.439759485999957, 5.939904948000073, 170.0 ], [ -74.439846865999968, 5.939974980000066, 170.0 ], [ -74.439932897999924, 5.940040408000105, 169.995999999999185 ], [ -74.440011773999956, 5.940113263000081, 170.083299999998417 ], [ -74.440105378999988, 5.940175252000063, 170.337100000004284 ], [ -74.440193557999976, 5.94023963900005, 170.740699999994831 ], [ -74.440281158999923, 5.940303583000038, 170.815300000002026 ], [ -74.440369088999944, 5.94037043600005, 170.73750000000291 ], [ -74.440405088999981, 5.940397213000034, 170.70350000000326 ], [ -74.440489860999932, 5.940460073000059, 170.622700000007171 ], [ -74.440575769999953, 5.940523466000076, 170.5396999999939 ], [ -74.440623717999983, 5.94055484700008, 170.478600000002189 ], [ -74.440713832999947, 5.940639198000078, 169.643800000005285 ], [ -74.440796130999956, 5.940694105000046, 168.883499999996275 ], [ -74.440878491999939, 5.940763992000023, 168.283599999995204 ], [ -74.440959565999933, 5.940835605000074, 167.984800000005635 ], [ -74.44103535999993, 5.940908754000037, 167.743400000006659 ], [ -74.441110205999962, 5.940991303000043, 168.048599999994622 ], [ -74.441181236999952, 5.941075457000056, 168.651400000002468 ], [ -74.44124909199995, 5.941155436000054, 169.334099999992759 ], [ -74.441317848999972, 5.941240011000066, 169.496299999998882 ], [ -74.441388311999958, 5.941322905000058, 169.190600000001723 ], [ -74.441459291999934, 5.941410236000044, 169.076199999995879 ], [ -74.44153169399992, 5.941487054000045, 169.351299999994808 ], [ -74.441593137999973, 5.941528222000064, 169.640199999994365 ], [ -74.441743359999975, 5.941712208000098, 170.627399999997579 ], [ -74.441800665999949, 5.941782216000035, 170.838799999997718 ], [ -74.441931878999981, 5.941956694000076, 171.175600000002305 ], [ -74.442085268999961, 5.942096794000082, 171.224600000001374 ], [ -74.442238659999987, 5.94223689300004, 171.092900000003283 ], [ -74.442318751999949, 5.942312023000057, 170.834000000002561 ], [ -74.442398629999943, 5.94238714800002, 170.441399999996065 ], [ -74.442478288999922, 5.942462484000038, 169.293799999999464 ], [ -74.442558396999956, 5.94253733100005, 168.232000000003609 ], [ -74.442639226999958, 5.942611321000077, 167.497799999997369 ], [ -74.44272024699994, 5.94268644900006, 167.123800000001211 ], [ -74.442800284999961, 5.942761288000033, 167.0 ], [ -74.442879371999936, 5.942836949000046, 167.0 ], [ -74.44295736499997, 5.942914008000034, 167.0 ], [ -74.443033282999963, 5.942991346000073, 167.0 ], [ -74.443107874999939, 5.943071789000081, 166.911600000006729 ], [ -74.443184735, 5.943151251000092, 166.968999999997322 ], [ -74.44325949999994, 5.94323052100006, 167.185800000006566 ], [ -74.443333435999975, 5.943311610000027, 167.492400000002817 ], [ -74.443407410999953, 5.943393252000037, 167.765199999994365 ], [ -74.443570281999925, 5.943606845000042, 167.851599999994505 ], [ -74.443733152999968, 5.943820438000036, 167.967199999999139 ], [ -74.44379967499998, 5.943906398000022, 167.788199999995413 ], [ -74.443865519999974, 5.943993912000077, 167.545400000002701 ], [ -74.443931852999981, 5.944081908000058, 167.300799999997253 ], [ -74.443996798999919, 5.94416963900006, 167.061300000001211 ], [ -74.444062323999958, 5.944257374000088, 167.114199999996345 ], [ -74.444126293999929, 5.944345435000085, 167.398700000005192 ], [ -74.444197496999948, 5.944429663000062, 167.947400000004563 ], [ -74.444273691999967, 5.944506903000068, 168.513399999996182 ], [ -74.444436844999984, 5.944652689000049, 169.051300000006449 ], [ -74.444599997999944, 5.944798474000056, 169.465700000000652 ], [ -74.44466424999996, 5.944886500000043, 169.553400000004331 ], [ -74.444731863999934, 5.944972782000045, 169.255000000004657 ], [ -74.444786156999953, 5.945042090000068, 169.070900000006077 ], [ -74.444852352999973, 5.945128018000065, 168.985400000005029 ], [ -74.444918672999947, 5.945215122000054, 169.109700000000885 ], [ -74.444985910999932, 5.945301130000077, 169.199699999997392 ], [ -74.44505464999996, 5.945384295000067, 169.126300000003539 ], [ -74.445124660999966, 5.945466191000063, 169.006500000003143 ], [ -74.445239237999942, 5.945618254000079, 168.868199999997159 ], [ -74.445306147999972, 5.945706243000092, 168.790399999998044 ], [ -74.445382518999963, 5.945782694000069, 169.049299999998766 ], [ -74.445455360999958, 5.945857324000023, 169.317999999999302 ], [ -74.445539542999924, 5.945950979000047, 169.62840000000142 ], [ -74.445615547999978, 5.946042279000072, 170.085900000005495 ], [ -74.445661711999932, 5.94611267300008, 170.476299999994808 ], [ -74.445732783999972, 5.946195941000041, 170.783400000000256 ], [ -74.445800659999961, 5.946280595000093, 171.0 ], [ -74.445867471999975, 5.946365445000027, 171.0 ], [ -74.445936670999956, 5.946455175000032, 171.0 ], [ -74.446006158999978, 5.94653636600005, 170.960999999995693 ], [ -74.446074793999969, 5.946618849000076, 170.65679999999702 ], [ -74.446144343999947, 5.946703656000111, 170.343999999997322 ], [ -74.446213365999938, 5.946788739000066, 169.803400000004331 ], [ -74.446283026999922, 5.946871660000066, 169.361499999999069 ], [ -74.446353254999963, 5.94695611300007, 169.110899999999674 ], [ -74.446423503999938, 5.947041737000105, 169.025399999998626 ], [ -74.446492684999953, 5.947126623000056, 168.856499999994412 ], [ -74.446561210999946, 5.947211956000039, 168.603799999997136 ], [ -74.446630578999986, 5.947296253000049, 168.347999999998137 ], [ -74.446697630999935, 5.947382503000042, 168.404200000004494 ], [ -74.446772213999949, 5.947460812000033, 168.722899999993388 ], [ -74.446849376999964, 5.947540025000016, 169.022599999996601 ], [ -74.446907915999958, 5.947597551000077, 169.231100000004517 ], [ -74.446985755999947, 5.947673632000041, 169.280499999993481 ], [ -74.447062916999968, 5.947748462000062, 169.137400000006892 ], [ -74.447139366, 5.947822381000045, 168.840200000006007 ], [ -74.447217963999933, 5.947898616000023, 168.478600000002189 ], [ -74.447295237999981, 5.947975536000077, 168.591100000005099 ], [ -74.447445073999972, 5.948132271000071, 169.194799999997485 ], [ -74.447518811999927, 5.948208134000048, 169.658299999995506 ], [ -74.447594482999989, 5.948285650000074, 170.680999999996857 ], [ -74.447672264999937, 5.948363160000051, 171.825599999996484 ], [ -74.447717649999959, 5.948405248000037, 172.458799999993062 ], [ -74.447824379999972, 5.948518356000015, 173.349600000001374 ], [ -74.447905680999938, 5.948595989000078, 173.635999999998603 ], [ -74.447978756999973, 5.948674064000045, 173.923999999999069 ], [ -74.448050588999934, 5.948753843000087, 173.805900000006659 ], [ -74.448122608999924, 5.948834004000058, 173.175799999997253 ], [ -74.448195408999936, 5.948916463000064, 172.334700000006706 ], [ -74.448267918999989, 5.948998483000023, 171.534499999994296 ], [ -74.448341365999937, 5.949080894000074, 170.667700000005425 ], [ -74.448414783999965, 5.949162696000047, 169.97729999999865 ], [ -74.448488146999978, 5.94924266900007, 169.539399999994203 ], [ -74.448557786999956, 5.949320824000048, 170.020099999994272 ], [ -74.448629337999975, 5.949401582000069, 170.8557 ], [ -74.448696712999933, 5.949481526000082, 172.005999999993946 ], [ -74.448733118999925, 5.949523333000053, 172.406700000006822 ], [ -74.448800113999937, 5.949608168000072, 172.6538 ], [ -74.448833014999934, 5.949651189000084, 172.775099999998929 ], [ -74.448899737999952, 5.949738496000068, 173.021200000002864 ], [ -74.448962313999957, 5.949826768000047, 172.944900000002235 ], [ -74.449026688999922, 5.949913584000081, 172.740300000004936 ], [ -74.44909268899994, 5.950004258000042, 172.680500000002212 ], [ -74.449155350999931, 5.950093688000051, 172.927500000005239 ], [ -74.449215963999961, 5.950179419000064, 173.561700000005658 ], [ -74.449280340999948, 5.950268944000083, 174.27390000000014 ], [ -74.449342986999952, 5.950358233000028, 175.013600000005681 ], [ -74.449402655999947, 5.950444303000062, 175.683300000004238 ], [ -74.449466177999966, 5.950534029000067, 176.195999999996275 ], [ -74.449527114999952, 5.950619956000051, 176.770099999994272 ], [ -74.449592478999975, 5.950711981000062, 177.591499999994994 ], [ -74.449651981999963, 5.950802411000054, 178.363800000006449 ], [ -74.449712689999942, 5.950893569000082, 178.995899999994435 ], [ -74.449773925999963, 5.950983672000078, 178.783599999995204 ], [ -74.449833448999982, 5.951071852000053, 178.287599999996019 ], [ -74.449894043999947, 5.95116249500006, 177.421400000006543 ], [ -74.449902636999951, 5.951175006000032, 177.265700000003562 ], [ -74.449956134999965, 5.951252900000075, 176.29670000000624 ], [ -74.450018285999988, 5.951343564000067, 175.427299999995739 ], [ -74.45009685499997, 5.951450827000033, 175.071899999995367 ], [ -74.450147990999938, 5.951522182000109, 175.267200000002049 ], [ -74.450210080999952, 5.951606344000044, 175.630000000004657 ], [ -74.450273635999963, 5.951697119000069, 176.140599999998813 ], [ -74.450328888999934, 5.951784754000086, 176.677999999999884 ], [ -74.450384098999947, 5.951881721000079, 177.135599999994156 ], [ -74.450442282999958, 5.951970692000041, 177.290999999997439 ], [ -74.45048339799996, 5.952071091000054, 177.139500000004773 ], [ -74.450508356999933, 5.952176040000054, 177.04769999999553 ], [ -74.450555762999954, 5.952383649000087, 173.346699999994598 ], [ -74.450608145999965, 5.952499604000033, 171.254700000004959 ], [ -74.450661147999924, 5.952605314000034, 170.670499999992899 ], [ -74.450732649999978, 5.95268676800005, 170.333299999998417 ], [ -74.450805832999947, 5.952766102000055, 169.951199999995879 ], [ -74.450872093999976, 5.952846034000067, 169.7068 ], [ -74.450946288999944, 5.952931959000074, 169.433199999999488 ], [ -74.451006288999963, 5.953008020000034, 169.211999999999534 ], [ -74.451077410999972, 5.953098064000096, 168.961699999999837 ], [ -74.45114736999993, 5.953184155000026, 168.863500000006752 ], [ -74.451216686999928, 5.953268969, 168.926800000001094 ], [ -74.451284413999971, 5.953355440000067, 169.0 ], [ -74.45135234699994, 5.953441872000035, 168.936799999995856 ], [ -74.451420034999956, 5.953528093000052, 168.890700000003562 ], [ -74.45148824499995, 5.95361327700005, 169.219200000006822 ], [ -74.451556449999941, 5.953696723000084, 169.813699999998789 ], [ -74.45162482299996, 5.953781767000072, 170.575599999996484 ], [ -74.45169273099998, 5.953868006000033, 171.373600000006263 ], [ -74.451759720999974, 5.953954736000098, 171.739700000005541 ], [ -74.451829218999919, 5.954039268000038, 171.9487999999983 ], [ -74.451897588999941, 5.954123036000068, 171.982799999997951 ], [ -74.452068032999975, 5.954302070000052, 172.277100000006612 ], [ -74.45223847599992, 5.954481103000058, 174.223100000002887 ], [ -74.452408919999968, 5.954660137000077, 177.802700000000186 ], [ -74.452502023999955, 5.954796717000042, 177.34440000000177 ], [ -74.45253194999998, 5.954839788000063, 177.196800000005169 ], [ -74.452595604999928, 5.954929677000051, 177.001600000003236 ], [ -74.452655855999978, 5.955016874000037, 176.68300000000454 ], [ -74.452711791999931, 5.955109902000057, 176.287200000006123 ], [ -74.452763324999978, 5.955205454000074, 176.003299999996671 ], [ -74.452814721999971, 5.955299893000102, 176.16479999999865 ], [ -74.452867797999943, 5.955394153000063, 176.462299999999232 ], [ -74.452920695999978, 5.955483687000036, 176.912899999995716 ], [ -74.452972734999946, 5.955568462000022, 177.688399999999092 ], [ -74.453032740999959, 5.955670654000094, 178.266199999998207 ], [ -74.453088315999921, 5.955763369000088, 178.394599999999627 ], [ -74.453143524999959, 5.955857711000054, 177.495200000004843 ], [ -74.453215024999963, 5.955961494000076, 176.466100000005099 ], [ -74.45327780999996, 5.956047017000058, 175.323499999998603 ], [ -74.453337900999941, 5.956128445000088, 173.979399999996531 ], [ -74.453409533999945, 5.956217814000064, 172.462199999994482 ], [ -74.45347398399997, 5.956308712000069, 171.071500000005472 ], [ -74.453539068999987, 5.956396378000037, 169.859700000000885 ], [ -74.453605123999978, 5.956485398000074, 168.692699999999604 ], [ -74.45366987899996, 5.956573373000058, 167.779999999998836 ], [ -74.453736110999955, 5.956661130000047, 167.291500000006636 ], [ -74.453802327999924, 5.956748333000062, 167.069099999993341 ], [ -74.45386700899995, 5.956837282000046, 167.377900000006775 ], [ -74.453931781999984, 5.956925114000036, 168.134500000000116 ], [ -74.453997925999928, 5.95701223800006, 169.049599999998463 ], [ -74.454062960999977, 5.95709994300007, 170.236600000003818 ], [ -74.454127839999956, 5.957187059000066, 171.836200000005192 ], [ -74.454192141999954, 5.957274328000048, 173.428299999999581 ], [ -74.454256330999939, 5.957359894000046, 175.006299999993644 ], [ -74.454321959999945, 5.957444372000033, 175.744900000005146 ], [ -74.454390921999959, 5.957528783000043, 175.687799999999697 ], [ -74.454453445999931, 5.95758878400007, 175.697100000004866 ], [ -74.454520312999989, 5.957673401000029, 175.745999999999185 ], [ -74.454587922999949, 5.957756532000106, 175.99539999999979 ], [ -74.454656257999957, 5.957840882, 176.0 ], [ -74.454725734999954, 5.957925343000051, 176.065400000006775 ], [ -74.454794699999979, 5.958011167000055, 176.447400000004563 ], [ -74.454863707999934, 5.958095184000073, 176.632800000006682 ], [ -74.454931785999975, 5.958178480000081, 175.941500000000815 ], [ -74.455003137999938, 5.958264871000058, 174.877999999996973 ], [ -74.45507454899996, 5.958346953000027, 173.493100000006962 ], [ -74.455147167999939, 5.958428982000043, 171.977499999993597 ], [ -74.455220490999977, 5.958511221000032, 171.343699999997625 ], [ -74.455294355999953, 5.958589726000083, 170.798800000004121 ], [ -74.455370670999969, 5.958665945000063, 170.235899999999674 ], [ -74.455445948999966, 5.958743509000068, 170.282699999996112 ], [ -74.455521745999988, 5.958819103000065, 171.119999999995343 ], [ -74.45560005699997, 5.958894998000082, 171.968699999997625 ], [ -74.455678238999951, 5.958969047000056, 172.757599999997183 ], [ -74.455741035999935, 5.959033894000086, 172.570699999996577 ], [ -74.455815038999944, 5.959081448000076, 171.944799999997485 ], [ -74.45583224399995, 5.959092504000077, 171.771900000007008 ], [ -74.455908073999979, 5.95916945000006, 170.810500000006869 ], [ -74.455981501999986, 5.959249260000016, 169.667700000005425 ], [ -74.456049035999953, 5.959334037000099, 169.032000000006519 ], [ -74.45611506399996, 5.959420083000061, 168.816699999995762 ], [ -74.456181092999941, 5.959506130000016, 168.910499999998137 ], [ -74.456247120999933, 5.959592177000061, 169.077399999994668 ], [ -74.456313148999968, 5.959678223000044, 169.151299999997718 ], [ -74.456379177999949, 5.959764270000054, 169.225200000000768 ], [ -74.456450104999973, 5.959846301000036, 169.136899999997695 ], [ -74.456521317999943, 5.959928099000057, 169.0 ], [ -74.456592528999977, 5.960009897000015, 169.0 ], [ -74.456663739999954, 5.960091695000085, 169.012000000002445 ], [ -74.456734599999933, 5.960173788000048, 169.029599999994389 ], [ -74.456802165999989, 5.960258629000063, 169.322799999994459 ], [ -74.456869731999959, 5.960343471000064, 169.821100000001024 ], [ -74.456937298999932, 5.960428312000044, 170.783200000005309 ], [ -74.457004864999988, 5.960513154000088, 171.513900000005378 ], [ -74.457017388999972, 5.960528880000042, 171.615099999995437 ], [ -74.457079819999933, 5.960607273000062, 172.121299999998882 ], [ -74.457148071999924, 5.960692423000099, 173.077900000003865 ], [ -74.457211364999978, 5.960777959000034, 173.987899999992806 ], [ -74.457233278999979, 5.960808677000061, 174.277700000006007 ], [ -74.457264919999943, 5.96085302700007, 174.664000000004307 ], [ -74.457277065999946, 5.960870051000039, 174.802100000000792 ], [ -74.457336231999989, 5.960952660000031, 174.525399999998626 ], [ -74.457448401999955, 5.961125603000067, 172.381899999993038 ], [ -74.457503639999956, 5.961217510000036, 170.757700000001932 ], [ -74.457526258999962, 5.961266759000063, 169.864499999996042 ], [ -74.457572361999951, 5.961365337000093, 168.073199999998906 ], [ -74.457627819999971, 5.96146005600003, 166.918999999994412 ], [ -74.457688847999975, 5.961549554000052, 166.588900000002468 ], [ -74.457749713999988, 5.961639914000061, 166.255699999994249 ], [ -74.457829573999945, 5.96172551100007, 166.1201 ], [ -74.457871268999924, 5.961813656000059, 166.793900000004214 ], [ -74.457904412999923, 5.961866302000038, 167.122799999997369 ], [ -74.457968623999989, 5.961958662000023, 167.451600000000326 ], [ -74.458029450999959, 5.962047664000061, 168.04309999999532 ], [ -74.458092001999944, 5.962137811000046, 168.388300000005984 ], [ -74.458155001999941, 5.962229157000047, 168.399000000004889 ], [ -74.458218421999945, 5.962317201000095, 168.576700000005076 ], [ -74.458281666999937, 5.96240140000004, 168.808699999994133 ], [ -74.458345019999967, 5.962489245000048, 169.079899999996996 ], [ -74.458409303999971, 5.962578215000081, 168.912899999995716 ], [ -74.458469247999957, 5.96266724400005, 168.691900000005262 ], [ -74.458533614999965, 5.962756675000027, 168.454500000007101 ], [ -74.458580759999961, 5.962824804000038, 168.1021999999939 ], [ -74.458595438999964, 5.962847572000054, 167.938500000003842 ], [ -74.458657912999954, 5.962936947000091, 167.468599999992875 ], [ -74.458720172999975, 5.963026707000045, 167.075200000006589 ], [ -74.458786971999984, 5.963120674000042, 166.580700000005891 ], [ -74.458844434999946, 5.963205012000065, 166.16479999999865 ], [ -74.458905796999943, 5.963294214000037, 166.015400000003865 ], [ -74.458967349999952, 5.963382813000063, 166.117199999993318 ], [ -74.459032613999952, 5.963470537000032, 166.274900000003981 ], [ -74.459098686999937, 5.963556946000016, 166.443499999993946 ], [ -74.459163129, 5.963640885000074, 166.625700000004144 ], [ -74.459227993999946, 5.96372557000007, 166.715599999995902 ], [ -74.459293827999929, 5.963811181000046, 166.858600000006845 ], [ -74.459321006999971, 5.96384552700009, 166.964399999997113 ], [ -74.459360701999955, 5.963897121000086, 167.149199999999837 ], [ -74.45941682699997, 5.963971036000046, 167.330100000006496 ], [ -74.459482893999962, 5.964057295000048, 167.415999999997439 ], [ -74.459545269999964, 5.964139877000038, 167.577199999999721 ], [ -74.459573047999982, 5.964176285000086, 167.756399999998393 ], [ -74.459637274999977, 5.964260403000023, 168.229999999995925 ], [ -74.459659156999962, 5.96428682800007, 168.391399999993155 ], [ -74.459725320999951, 5.964377200000053, 168.879300000000512 ], [ -74.459763038999938, 5.964427445000085, 169.049700000003213 ], [ -74.459826483999962, 5.96451159700008, 168.767399999996996 ], [ -74.459887412999933, 5.964594122000068, 168.209900000001653 ], [ -74.459950132999936, 5.964678677000057, 167.353900000001886 ], [ -74.460019772999928, 5.96476761400003, 165.881099999998696 ], [ -74.460079512999968, 5.964852615000037, 164.627099999997881 ], [ -74.460143647999985, 5.964939357000073, 163.347399999998743 ], [ -74.460219052999932, 5.965041896000096, 162.126000000003842 ], [ -74.460284450999936, 5.965129887000027, 161.154399999999441 ], [ -74.460320430999957, 5.965177194000034, 160.791200000006938 ], [ -74.460455313999944, 5.965349698000099, 160.900800000003073 ], [ -74.460499915999947, 5.965405582000095, 161.299499999993714 ], [ -74.460570792999974, 5.965489377000051, 162.002399999997579 ], [ -74.460635827999965, 5.965573452000081, 162.222299999993993 ], [ -74.460702348999959, 5.965657480000091, 162.237699999997858 ], [ -74.460718854999982, 5.965678210000036, 162.21820000000298 ], [ -74.46085676999995, 5.965844263000086, 161.77730000000156 ], [ -74.460994683999942, 5.966010317000047, 161.672399999995832 ], [ -74.461132598999939, 5.966176370000021, 161.524300000004587 ], [ -74.461270513999978, 5.966342423000077, 161.176300000006449 ], [ -74.461348753999957, 5.96641744500006, 161.729800000000978 ], [ -74.461416167999971, 5.966506666000066, 162.509200000000419 ], [ -74.46148878799994, 5.966588748000037, 163.434599999993225 ], [ -74.461560688999953, 5.966670960000059, 164.695300000006682 ], [ -74.46163283199995, 5.966754086000051, 165.809399999998277 ], [ -74.461704286999975, 5.966836229000049, 166.966000000000349 ], [ -74.461773714999936, 5.966916997000051, 168.013399999996182 ], [ -74.461847534999947, 5.966999849000046, 168.911999999996624 ], [ -74.461917229999983, 5.967080105000045, 169.626799999998184 ], [ -74.461973442999948, 5.967138291000033, 170.0 ], [ -74.462052110999934, 5.967194050000061, 170.0 ], [ -74.462064887999986, 5.967212674000054, 170.0 ], [ -74.462116210999952, 5.967287478000072, 170.0 ], [ -74.462190746999966, 5.967363256000055, 170.0 ], [ -74.462268330999947, 5.967436359000051, 170.162400000001071 ], [ -74.462347629999954, 5.967508590000043, 170.627500000002328 ], [ -74.462428089999946, 5.967583563000083, 171.270499999998719 ], [ -74.462508144999944, 5.96765716400007, 172.077699999994365 ], [ -74.462589453999939, 5.967731490000063, 173.031600000002072 ], [ -74.46262607999995, 5.967771071000093, 173.463300000003073 ], [ -74.462662705999946, 5.967810651000032, 173.895000000004075 ], [ -74.462746463999963, 5.967930077000072, 174.893500000005588 ], [ -74.46282562, 5.968004968000096, 175.138500000000931 ], [ -74.462904467999977, 5.968078264000048, 175.165200000003097 ], [ -74.462981542999955, 5.968150506000026, 175.039399999994203 ], [ -74.463059508999947, 5.96822278500002, 174.467499999998836 ], [ -74.46313553799996, 5.968293310000046, 173.408200000005309 ], [ -74.46321536399995, 5.968367990000052, 172.606899999998859 ], [ -74.463295207999977, 5.968442162000041, 171.921799999996438 ], [ -74.463370651999981, 5.968510845000026, 171.213399999993271 ], [ -74.463415468999983, 5.968553708000068, 170.926900000005844 ], [ -74.463493839999941, 5.968628661000027, 170.677100000000792 ], [ -74.463572208999949, 5.96870361100006, 170.7981 ], [ -74.463650579999964, 5.968778564000063, 171.074600000007194 ], [ -74.463728948999957, 5.968853515000055, 171.35109999999986 ], [ -74.46380731999993, 5.968928468000054, 171.627600000007078 ], [ -74.463885688999937, 5.969003418000059, 171.904099999999744 ], [ -74.463980412999945, 5.969035426000056, 172.008199999996577 ], [ -74.464088729999958, 5.969031738000078, 171.967699999993783 ], [ -74.464196031999961, 5.969034202000047, 171.564100000003236 ], [ -74.464230870999984, 5.969047357000032, 171.406199999997625 ], [ -74.464297438999921, 5.969072494000039, 171.069600000002538 ], [ -74.464398844999948, 5.969110787000028, 170.575599999996484 ], [ -74.464500251999937, 5.969149079000042, 170.250499999994645 ], [ -74.464601657999935, 5.969187373000068, 170.031300000002375 ], [ -74.464703062999945, 5.969225666000066, 170.0 ], [ -74.464802785999936, 5.969263444000066, 170.0 ], [ -74.464897922999938, 5.969309600000025, 169.947700000004261 ], [ -74.464997624999967, 5.969348956000037, 170.093999999997322 ], [ -74.465096611999968, 5.969391038000047, 170.331099999995786 ], [ -74.465151064999986, 5.969416800000037, 170.499800000005052 ], [ -74.465244499999969, 5.969462064000067, 171.349700000006123 ], [ -74.46534281299995, 5.969508772000045, 172.564100000003236 ], [ -74.465437487999949, 5.969552693000036, 173.93289999999979 ], [ -74.465491481999948, 5.969578172000079, 174.0 ], [ -74.465589484999938, 5.969623366000073, 174.0 ], [ -74.465688613999973, 5.969661502000085, 174.0 ], [ -74.465782739999952, 5.969694980000057, 172.870200000004843 ], [ -74.465880264999953, 5.969728923000075, 171.430800000001909 ], [ -74.465982041999951, 5.969765076000044, 169.928599999999278 ], [ -74.466057360999955, 5.969798532000046, 168.81699999999546 ], [ -74.466142918999935, 5.969863419000042, 167.282999999995809 ], [ -74.466212428999924, 5.969950829000041, 165.268400000000838 ], [ -74.466280361999964, 5.970037401000069, 163.361799999998766 ], [ -74.466347080999967, 5.970123420000066, 161.493499999996857 ], [ -74.466416571999929, 5.970210082000063, 160.245899999994435 ], [ -74.466486032999967, 5.970295039000089, 159.327799999999115 ], [ -74.466555281999945, 5.970379824000075, 158.864100000006147 ], [ -74.466625940999961, 5.970463366000058, 159.015499999994063 ], [ -74.466695108999929, 5.970548532000105, 159.352700000003097 ], [ -74.466763733999969, 5.970634161000048, 159.853600000002189 ], [ -74.466848614999947, 5.970741311000044, 160.463799999997718 ], [ -74.466902412999957, 5.970804136000032, 160.735300000000279 ], [ -74.466972738999971, 5.970888180000055, 160.953999999997905 ], [ -74.467044320999946, 5.970971628000031, 160.832299999994575 ], [ -74.467109987999947, 5.971059088000078, 160.687200000000303 ], [ -74.467169582999986, 5.971151566000051, 160.565799999996671 ], [ -74.467228378999934, 5.97124385200006, 160.508499999996275 ], [ -74.46728664799997, 5.971335989000046, 160.404899999994086 ], [ -74.46732983899993, 5.971403193000079, 160.237800000002608 ], [ -74.467389433999983, 5.971495377000069, 160.145799999998417 ], [ -74.467448910999963, 5.971587640000046, 159.864000000001397 ], [ -74.467473961999971, 5.971626762000029, 159.609800000005635 ], [ -74.467538124999976, 5.97171542900004, 158.690400000006775 ], [ -74.467606394999962, 5.97179596000007, 157.996799999993527 ], [ -74.467698927999933, 5.971865938000064, 157.674700000003213 ], [ -74.467746687999963, 5.971964249000052, 157.130000000004657 ], [ -74.467815533999939, 5.972047687000035, 156.548599999994622 ], [ -74.467885295999949, 5.972130789000078, 156.463000000003376 ], [ -74.467957174999967, 5.9722126030001, 156.821599999995669 ], [ -74.467992552999959, 5.972252780000114, 156.939100000003236 ], [ -74.468030058999943, 5.972295374000064, 157.07850000000326 ], [ -74.468102740999925, 5.972377705000074, 157.649999999994179 ], [ -74.468175000999963, 5.972458090000058, 158.540699999997742 ], [ -74.468247895999966, 5.972538678000071, 159.975500000000466 ], [ -74.468319207999969, 5.972617123000043, 161.231700000003912 ], [ -74.468388368999953, 5.972694431000049, 162.252600000007078 ], [ -74.46852669499998, 5.972868107000105, 163.368199999997159 ], [ -74.468665021999968, 5.97304178300006, 162.518500000005588 ], [ -74.468725989999925, 5.973131897000048, 162.135500000003958 ], [ -74.468765006999931, 5.973191045000015, 162.353600000002189 ], [ -74.468825485999943, 5.973281101000049, 162.685800000006566 ], [ -74.46888930199998, 5.973370013000048, 162.989900000000489 ], [ -74.468953072999952, 5.973458164000042, 162.670199999993201 ], [ -74.469015286999934, 5.9735463100001, 162.336100000000442 ], [ -74.469079206999922, 5.973632148000056, 162.019499999994878 ], [ -74.469148100999959, 5.973717681000079, 161.112099999998463 ], [ -74.469218062999957, 5.973801909000064, 160.180099999997765 ], [ -74.469288921999976, 5.973883993000066, 159.079100000002654 ], [ -74.469360542999937, 5.973964822000062, 158.316399999996065 ], [ -74.46943384399998, 5.974046366000048, 157.745299999995041 ], [ -74.469326029999934, 5.973922569000052, 158.599499999996624 ], [ -74.469451264999975, 5.974064117000085, 157.615600000004633 ], [ -74.469576500999949, 5.974205665000073, 157.481799999994109 ], [ -74.469651917999968, 5.974283621000049, 158.067599999994854 ], [ -74.469726200999943, 5.974360279000053, 158.175300000002608 ], [ -74.469801242999935, 5.974439429, 157.903000000005704 ], [ -74.469875324999961, 5.974520397000058, 158.0432 ], [ -74.469949270999948, 5.974601653000041, 158.105899999995017 ], [ -74.470022951999965, 5.974681109000086, 157.999800000005052 ], [ -74.470096202999954, 5.974760520000099, 157.737599999993108 ], [ -74.470170438999958, 5.974841475000095, 157.31140000000596 ], [ -74.470268774999965, 5.974902297000053, 156.464999999996508 ], [ -74.470342131999985, 5.974983926000039, 155.897500000006403 ], [ -74.470393310999953, 5.975082375000062, 155.951199999995879 ], [ -74.470468045999951, 5.975163474000077, 155.716199999995297 ], [ -74.470613639999954, 5.975322042000093, 155.290399999998044 ], [ -74.470759234999932, 5.975480609000068, 155.926399999996647 ], [ -74.470904828999949, 5.975639177000064, 156.383799999995972 ], [ -74.470979034999971, 5.975719526000042, 156.680200000002515 ], [ -74.471053337999933, 5.975799280000053, 156.974400000006426 ], [ -74.471128467999947, 5.975878678000078, 157.267200000002049 ], [ -74.471200827999951, 5.97595452700005, 157.427999999999884 ], [ -74.471238605999972, 5.975995444000036, 157.576499999995576 ], [ -74.471349348999965, 5.976110926000038, 158.525800000003073 ], [ -74.471427481999967, 5.976186212000083, 160.027900000000955 ], [ -74.471483575999954, 5.976241554000073, 160.964600000006612 ], [ -74.471565196999947, 5.976312379000044, 161.890299999999115 ], [ -74.471651040999973, 5.976377431000076, 162.192200000004959 ], [ -74.471739029999981, 5.976440454000088, 161.264299999995274 ], [ -74.471777082999949, 5.976467279000079, 160.715700000000652 ], [ -74.471819128999982, 5.976497012000043, 160.077399999994668 ], [ -74.471865370999978, 5.97652934000009, 159.335699999995995 ], [ -74.471949279999919, 5.976590754000044, 157.950800000005984 ], [ -74.472033099999962, 5.976654364000086, 157.549799999993411 ], [ -74.472090677999972, 5.976700542000045, 157.535900000002584 ], [ -74.472129951999989, 5.976732333000043, 157.611999999993714 ], [ -74.472340544999952, 5.976901137000044, 159.548299999994924 ], [ -74.472427990999947, 5.976967989000065, 160.196100000001024 ], [ -74.472513515999935, 5.977033589000037, 160.263699999995879 ], [ -74.472613704999958, 5.977099755000055, 159.457699999999022 ], [ -74.472755868999954, 5.977220283000105, 158.221000000005006 ], [ -74.472795524999981, 5.977251109000078, 158.861300000004121 ], [ -74.472842523999972, 5.977286128000062, 159.707500000004075 ], [ -74.472881089999987, 5.977315441000074, 160.472999999998137 ], [ -74.472966468999957, 5.977379120000045, 162.37510000000475 ], [ -74.47305380499995, 5.977450316000072, 164.521599999992759 ], [ -74.47313330999998, 5.977526619000058, 165.622600000002421 ], [ -74.473157859999944, 5.977551810000053, 165.787299999996321 ], [ -74.473241544999937, 5.977640384000059, 165.687300000005052 ], [ -74.473353736999968, 5.977756854000086, 164.15219999999681 ], [ -74.473391816999936, 5.977796700000062, 163.505699999994249 ], [ -74.473505399999951, 5.977912854000046, 161.349600000001374 ], [ -74.473593289999926, 5.97798403100006, 160.122000000003027 ], [ -74.473657164999963, 5.978069457000055, 160.672500000000582 ], [ -74.47373091799993, 5.978147392000044, 161.232000000003609 ], [ -74.473843059999979, 5.978264809000073, 162.095300000000861 ], [ -74.473955201999956, 5.978382226000054, 163.76919999999518 ], [ -74.47398229099997, 5.978435783000106, 164.266199999998207 ], [ -74.474052739999934, 5.978518343000105, 165.338900000002468 ], [ -74.474121602999944, 5.97859835600003, 165.748800000001211 ], [ -74.474194284999953, 5.97867863500005, 165.6478000000061 ], [ -74.474271764999969, 5.978756315000051, 165.254000000000815 ], [ -74.474316774999963, 5.978798745000067, 164.929900000002817 ], [ -74.474401133999947, 5.978877138000031, 164.275399999998626 ], [ -74.474481613999956, 5.978950086000077, 163.440300000002026 ], [ -74.474513622999936, 5.978978935000073, 163.109400000001187 ], [ -74.474561077999965, 5.979021706000049, 162.618799999996554 ], [ -74.474640659999963, 5.979093593000079, 162.177899999995134 ], [ -74.474722053999969, 5.979167881000036, 162.752200000002631 ], [ -74.474799832999949, 5.979242295000058, 163.576199999995879 ], [ -74.474877027999966, 5.979317943000077, 164.561799999995856 ], [ -74.474952472999973, 5.97939279300005, 165.0 ], [ -74.475028657999971, 5.979467679000053, 165.0 ], [ -74.475060751999933, 5.979500899000089, 165.0 ], [ -74.475139295999952, 5.979576409000074, 165.0 ], [ -74.475218481999946, 5.979650890000073, 164.904299999994691 ], [ -74.475297805999944, 5.97972523300009, 164.455600000001141 ], [ -74.475377768999977, 5.979797253000063, 163.848100000002887 ], [ -74.475457020999954, 5.979867681000053, 163.094599999996717 ], [ -74.475537676999963, 5.979940751000068, 163.247799999997369 ], [ -74.475560270999935, 5.979960563000035, 163.310599999997066 ], [ -74.475635848999957, 5.980028483000083, 163.532999999995809 ], [ -74.475714299999922, 5.980094925000048, 163.733900000006543 ], [ -74.475753930999986, 5.980129293000079, 163.897100000001956 ], [ -74.475793350999936, 5.980165202000029, 164.210500000001048 ], [ -74.475873669999928, 5.980238406000081, 164.704100000002654 ], [ -74.47592433799997, 5.98028410600004, 164.847899999993388 ], [ -74.476003490999958, 5.98035930000001, 164.835099999996601 ], [ -74.476082553999959, 5.980434599000036, 164.484500000005937 ], [ -74.476158801999986, 5.980509745000075, 164.095300000000861 ], [ -74.476236011999958, 5.980585675000063, 163.859599999996135 ], [ -74.476311625999969, 5.980660492000066, 163.795599999997648 ], [ -74.476328839999937, 5.980677694000062, 163.795599999997648 ], [ -74.476403320999964, 5.980755954000098, 163.288899999999558 ], [ -74.476472581999985, 5.980831784000046, 162.753700000001118 ], [ -74.476619232999951, 5.981003501000024, 161.752999999996973 ], [ -74.476765884999949, 5.981175217000075, 161.212199999994482 ], [ -74.476836402999922, 5.981256996000065, 160.626699999993434 ], [ -74.476908923999972, 5.981338225000083, 159.4603000000061 ], [ -74.476979882999956, 5.981416776000083, 158.329400000002352 ], [ -74.477051470999967, 5.98149794500007, 157.167199999996228 ], [ -74.477111711999939, 5.981565932000045, 157.433099999994738 ], [ -74.477185913999961, 5.981648698000105, 157.770099999994272 ], [ -74.477255231999948, 5.981729225000058, 158.108500000002095 ], [ -74.477326748999985, 5.981811008000024, 158.470000000001164 ], [ -74.477398845, 5.981893983000051, 158.692899999994552 ], [ -74.477471308999952, 5.981976040000067, 158.337499999994179 ], [ -74.477542821999975, 5.982058878000046, 157.368499999996857 ], [ -74.477613822999956, 5.98214158400005, 156.033500000005006 ], [ -74.477685164, 5.982224954000057, 154.426000000006752 ], [ -74.477756297999974, 5.982306847000086, 152.403900000004796 ], [ -74.477827770999951, 5.982389686000036, 151.351800000004005 ], [ -74.477899899999954, 5.98247209000007, 150.363800000006449 ], [ -74.477971575999959, 5.982554641000031, 150.605400000000373 ], [ -74.478044576999949, 5.982636666000089, 151.189299999998184 ], [ -74.478128770999945, 5.982705754000038, 151.912200000006123 ], [ -74.478178614999919, 5.982734245000071, 152.231899999998859 ], [ -74.478226183999936, 5.982752645000072, 153.388900000005378 ], [ -74.478329272999972, 5.982787410000082, 155.638099999996484 ], [ -74.478433828999982, 5.98282203, 157.61710000000312 ], [ -74.478537548999952, 5.982857818000073, 158.662500000005821 ], [ -74.478737981999984, 5.982941035000089, 160.704400000002352 ], [ -74.478821804999939, 5.983011255000061, 161.531700000006822 ], [ -74.478900144999955, 5.983087791000062, 162.385299999994459 ], [ -74.478978545999937, 5.983166293000068, 163.10109999999986 ], [ -74.479056118999935, 5.983243792000063, 162.866099999999278 ], [ -74.479133099999942, 5.983321380000056, 162.311700000005658 ], [ -74.479211626999984, 5.983398965000064, 161.566600000005565 ], [ -74.479288168999972, 5.983475481000045, 160.281000000002678 ], [ -74.47936617699996, 5.983552426000112, 158.750299999999697 ], [ -74.479443973999935, 5.98362929400004, 157.3862999999983 ], [ -74.479521997999925, 5.983706273000034, 156.470799999995506 ], [ -74.47959900099994, 5.9837827850001, 156.752500000002328 ], [ -74.479677693999989, 5.983859798000048, 157.047099999996135 ], [ -74.479756165999945, 5.983935963000041, 157.173899999994319 ], [ -74.479834073999939, 5.984012605000024, 157.624400000000605 ], [ -74.479912190999968, 5.984090240000083, 158.293999999994412 ], [ -74.47999023899996, 5.984166142000052, 158.790099999998347 ], [ -74.480068816999946, 5.984242560000038, 159.122900000002119 ], [ -74.480147342999942, 5.98431892800004, 159.404599999994389 ], [ -74.480226946999949, 5.984394548000052, 159.683600000003935 ], [ -74.480305938999948, 5.984469541000044, 159.9603000000061 ], [ -74.48030861899997, 5.984472046000087, 159.969500000006519 ], [ -74.480386137999972, 5.984544504000046, 159.957200000004377 ], [ -74.480466, 5.984619413000099, 159.64440000000468 ], [ -74.480540737999931, 5.984699333000036, 159.388000000006286 ], [ -74.480610600999952, 5.98478289800007, 158.956099999995786 ], [ -74.480679262999956, 5.984867889000054, 157.876900000002934 ], [ -74.480746322999948, 5.98495216000005, 157.080499999996391 ], [ -74.48081293499996, 5.985038585000039, 156.581300000005285 ], [ -74.480878192, 5.985123153000097, 155.788199999995413 ], [ -74.480943782999987, 5.985209460000032, 154.782999999995809 ], [ -74.481004180999946, 5.985292694000073, 153.748600000006263 ], [ -74.481070939999952, 5.985380277000069, 153.005199999999604 ], [ -74.481136843999934, 5.985467179000088, 152.276199999992969 ], [ -74.481203175999951, 5.985553559000063, 152.152499999996508 ], [ -74.481269122999947, 5.98564003800006, 152.673299999994924 ], [ -74.481383489999985, 5.985781454000093, 153.616599999993923 ], [ -74.481497856999965, 5.98592286900004, 154.640499999994063 ], [ -74.48161222399996, 5.986064285000079, 155.425600000002305 ], [ -74.481743346999949, 5.986231841000065, 154.946100000001024 ], [ -74.481812244999944, 5.986317495000054, 153.828599999993457 ], [ -74.481880265999962, 5.986403363000027, 152.575899999996182 ], [ -74.481984287999964, 5.986530606000053, 151.404800000003888 ], [ -74.482088309999924, 5.986657848000091, 150.615600000004633 ], [ -74.482156267999983, 5.986743510000045, 150.680999999996857 ], [ -74.482225409999941, 5.98682843600007, 150.739300000001094 ], [ -74.482294464999924, 5.986913463000061, 150.450100000001839 ], [ -74.482362164999969, 5.98699868000006, 150.257299999997485 ], [ -74.482430283999975, 5.987083081000051, 150.381899999993038 ], [ -74.482498402999951, 5.987167480000042, 150.819199999998091 ], [ -74.482566522999932, 5.987251879000052, 151.302999999999884 ], [ -74.482634639999958, 5.987336279000064, 151.994399999995949 ], [ -74.482702834999927, 5.987420618000049, 152.998600000006263 ], [ -74.482772556999976, 5.987503405000052, 154.321400000000722 ], [ -74.482790550999937, 5.987517286000079, 154.628100000001723 ], [ -74.482814786999924, 5.987535983000057, 155.192599999994854 ], [ -74.48285836699992, 5.987569599000053, 156.207699999999022 ], [ -74.482952336999972, 5.987623667000046, 158.193100000004051 ], [ -74.483018822999938, 5.987661924000061, 159.59780000000319 ], [ -74.483067568999942, 5.98768473800006, 160.492299999998068 ], [ -74.483117143999934, 5.98770850300002, 160.952900000003865 ], [ -74.483215970999936, 5.987754785000053, 161.653600000005099 ], [ -74.483315244999957, 5.987800129000049, 162.187300000005052 ], [ -74.483375345999946, 5.98783072700007, 162.300399999992806 ], [ -74.483408923999932, 5.987842, 162.285699999993085 ], [ -74.48350279999994, 5.987884266000047, 162.204199999992852 ], [ -74.483599479999938, 5.987926891000036, 162.007199999992736 ], [ -74.483646829999927, 5.987948721000047, 161.375299999999697 ], [ -74.483693446999922, 5.98797476300011, 160.690400000006775 ], [ -74.483738770999921, 5.988002503000073, 159.988299999997253 ], [ -74.48378543199992, 5.988030449000068, 159.007400000002235 ], [ -74.48382907499996, 5.988057861000071, 158.059899999992922 ], [ -74.483872682999944, 5.98808532100005, 157.112399999998161 ], [ -74.483965467999951, 5.988144121000082, 155.947799999994459 ], [ -74.484006411999971, 5.988170156000019, 155.482600000003004 ], [ -74.484057532999927, 5.988203013000054, 154.939499999993131 ], [ -74.484092430999965, 5.988225584000078, 154.593800000002375 ], [ -74.484150489999934, 5.988262147000032, 154.093900000007125 ], [ -74.484241029999964, 5.988319876000059, 154.551999999996042 ], [ -74.484334832999934, 5.98837773300004, 155.399600000004284 ], [ -74.48442803599994, 5.9884354230001, 156.418499999999767 ], [ -74.484518872999956, 5.988490963000095, 157.790900000007241 ], [ -74.484612518999953, 5.988548390000094, 159.46820000000298 ], [ -74.48470541599994, 5.988605883000058, 160.065300000002026 ], [ -74.484748525999976, 5.988634100000076, 159.792600000000675 ], [ -74.484793796999952, 5.988670184000071, 159.485000000000582 ], [ -74.484879280999948, 5.988738500000077, 158.782999999995809 ], [ -74.484964785999964, 5.988806542000038, 158.0 ], [ -74.48505002399996, 5.988876092000075, 157.782900000005611 ], [ -74.485131127999978, 5.988943074000064, 157.535799999997835 ], [ -74.485214963999951, 5.989013422000026, 157.276299999997718 ], [ -74.485298265999973, 5.989083996000054, 156.759500000000116 ], [ -74.485332764999939, 5.989111254000055, 156.616399999998976 ], [ -74.485335766999981, 5.989113051000083, 156.605299999995623 ], [ -74.485388933999957, 5.989144895000031, 156.409199999994598 ], [ -74.485436509999943, 5.989160648000047, 156.233600000006845 ], [ -74.48548806299992, 5.989186169000062, 156.043499999999767 ], [ -74.485590368999937, 5.989219943000043, 156.83969999999681 ], [ -74.48569246299995, 5.98925340000005, 157.69890000000305 ], [ -74.485793364999935, 5.989285984000039, 158.685100000002421 ], [ -74.485871671999973, 5.989313654000053, 160.027499999996508 ], [ -74.48590900799995, 5.989327692000095, 160.664399999994203 ], [ -74.485971869999958, 5.989354695000045, 161.724300000001676 ], [ -74.486067367999979, 5.989398864000075, 162.545400000002701 ], [ -74.48624433399992, 5.989506140000071, 160.966000000000349 ], [ -74.486331498999959, 5.989569448000062, 159.810500000006869 ], [ -74.486419688999931, 5.989630107000018, 158.605899999995017 ], [ -74.486443134999945, 5.989645984000077, 158.432700000004843 ], [ -74.486533047999941, 5.989707878000051, 157.667600000000675 ], [ -74.48662246799995, 5.989769783000036, 157.256099999998696 ], [ -74.486712066999985, 5.989830478000072, 157.691099999996368 ], [ -74.486802838999935, 5.989892606000103, 158.432799999995041 ], [ -74.48688449199993, 5.989949500000013, 159.842099999994389 ], [ -74.486977463999935, 5.990005266000016, 161.334199999997509 ], [ -74.487070438999964, 5.990061034000071, 162.685200000007171 ], [ -74.487163412999962, 5.990116802000049, 163.75800000000163 ], [ -74.487256385999956, 5.990172568000046, 164.479999999995925 ], [ -74.487349360999985, 5.99022833600004, 164.957500000004075 ], [ -74.487442334999969, 5.990284102000052, 165.414000000004307 ], [ -74.487515005999967, 5.990327692000058, 165.574900000006892 ], [ -74.487535307999963, 5.990339870000111, 165.619800000000396 ], [ -74.487628282999935, 5.990395637000104, 165.825599999996484 ], [ -74.48771231299996, 5.990446039000067, 165.857600000003004 ], [ -74.487773873999956, 5.990502488000054, 165.879799999995157 ], [ -74.48779151899997, 5.990517176000052, 165.845199999996112 ], [ -74.487831803999939, 5.990550712000069, 165.713499999998021 ], [ -74.487841298999953, 5.99055901100008, 165.672800000000279 ], [ -74.487899426999931, 5.990609819000043, 165.330199999996694 ], [ -74.487984238999957, 5.990664039000045, 164.835099999996601 ], [ -74.488116076999958, 5.990743925000078, 164.243000000002212 ], [ -74.488208187999987, 5.990797136000014, 163.402600000001257 ], [ -74.488289047999956, 5.990849422000084, 161.986900000003516 ], [ -74.488364967999971, 5.990894100000055, 160.770799999998417 ], [ -74.488446486999962, 5.990942955000076, 159.564199999993434 ], [ -74.488528667999958, 5.990988484000089, 159.177999999999884 ], [ -74.488618240999955, 5.99104186000005, 159.7158999999956 ], [ -74.48870093499994, 5.991108369000106, 160.546199999997043 ], [ -74.488766123999937, 5.991177876000065, 161.452999999994063 ], [ -74.488876025999957, 5.991228296000048, 161.889299999995274 ], [ -74.489010888999985, 5.991308165000019, 161.622600000002421 ], [ -74.489097406999974, 5.991360058000048, 160.520900000003166 ], [ -74.489146343999948, 5.991396370000092, 159.841400000004796 ], [ -74.489242334999986, 5.991437338000042, 158.782000000006519 ], [ -74.489341010999965, 5.991490707000036, 158.13289999999688 ], [ -74.489447026999983, 5.991521102000077, 158.020499999998719 ], [ -74.489553483999941, 5.991544026000041, 158.125599999999395 ], [ -74.489659720999953, 5.991568035000052, 158.599199999996927 ], [ -74.489766182999972, 5.991593169000066, 159.049100000003818 ], [ -74.489870632999938, 5.991623720000072, 159.562799999999697 ], [ -74.489972345999945, 5.991661048000031, 160.247600000002421 ], [ -74.490070046999946, 5.991702156000025, 160.810700000001816 ], [ -74.490149960999986, 5.991778496000078, 161.021599999992759 ], [ -74.490207141999974, 5.991871747000063, 160.899799999999232 ], [ -74.490252116999955, 5.991970336000086, 160.661300000007031 ], [ -74.490304265999953, 5.992066637000086, 160.28179999999702 ], [ -74.490361906999951, 5.992159283000054, 160.064199999993434 ], [ -74.490423735999954, 5.992248109000082, 159.672500000000582 ], [ -74.490489282999988, 5.99233282600005, 159.189100000003236 ], [ -74.490555854999954, 5.992418169000077, 158.799299999998766 ], [ -74.490624670999978, 5.992502183000074, 158.247900000002119 ], [ -74.490701059999935, 5.992581597000012, 158.372700000007171 ], [ -74.490775440999968, 5.992658523000065, 158.854000000006636 ], [ -74.490848349999951, 5.99273615500005, 158.909400000004098 ], [ -74.490923101999954, 5.992813481000074, 158.499500000005355 ], [ -74.490999521999967, 5.992893628000068, 157.382700000001932 ], [ -74.491063234999956, 5.992979364000087, 156.596699999994598 ], [ -74.491126498999961, 5.993068428000083, 155.801699999996345 ], [ -74.491198174999965, 5.993148539000063, 155.036200000002282 ], [ -74.491269689999967, 5.993227084000099, 155.556400000001304 ], [ -74.491347984999962, 5.993301967000034, 156.121400000003632 ], [ -74.491388524999934, 5.99333882900005, 156.407000000006519 ], [ -74.491429065999966, 5.993375691000051, 156.692500000004657 ], [ -74.491510135999988, 5.99344699800002, 156.915299999993294 ], [ -74.491595141999923, 5.993512268000091, 156.674499999993714 ], [ -74.491675437999959, 5.993586458000051, 156.400800000003073 ], [ -74.491754708999963, 5.99366252500005, 156.27270000000135 ], [ -74.491834903999973, 5.993736734000066, 156.525299999993877 ], [ -74.491910817999951, 5.993811771000034, 156.586100000000442 ], [ -74.491987220999988, 5.993887221000051, 156.491299999994226 ], [ -74.492037729999922, 5.993940279000068, 156.526899999997113 ], [ -74.492115275999922, 5.994016066000027, 157.204899999996996 ], [ -74.492193685999951, 5.994090978000051, 158.072499999994761 ], [ -74.492279017999977, 5.994157479000034, 159.014999999999418 ], [ -74.49237377799993, 5.99420948800003, 160.029099999999744 ], [ -74.492472822999957, 5.99425521100003, 161.132199999992736 ], [ -74.492574454999954, 5.994292928000052, 161.793999999994412 ], [ -74.49267542399997, 5.994331107000065, 161.653000000005704 ], [ -74.492776678999959, 5.994371550000055, 161.503599999996368 ], [ -74.492880483999954, 5.99441252400004, 160.903099999995902 ], [ -74.492983803999948, 5.994449321000052, 160.004700000004959 ], [ -74.493082657999935, 5.994484260000037, 159.146200000002864 ], [ -74.49318302599994, 5.994516832000055, 158.70339999999851 ], [ -74.493285296999943, 5.994552621000048, 158.565799999996671 ], [ -74.493390830999942, 5.994582037000059, 158.518500000005588 ], [ -74.493496599999958, 5.994609609000067, 158.564700000002631 ], [ -74.493600666999939, 5.994641484000077, 158.552100000000792 ], [ -74.493702038999956, 5.994678187000063, 158.724199999996927 ], [ -74.493802276999972, 5.994714535000063, 158.911500000001979 ], [ -74.493903054999961, 5.994750301000079, 158.999700000000303 ], [ -74.494005378999972, 5.994788211000066, 158.602599999998347 ], [ -74.494104633999939, 5.994827194000023, 158.212199999994482 ], [ -74.494204493999959, 5.99486632900005, 157.816099999996368 ], [ -74.494304605999972, 5.994904380000014, 157.264500000004773 ], [ -74.49440694299993, 5.994940966000076, 156.800600000002305 ], [ -74.49450924599995, 5.994976799000025, 156.498200000001816 ], [ -74.494611549999945, 5.995012632000049, 156.253100000001723 ], [ -74.494707945999934, 5.995062150000062, 156.031199999997625 ], [ -74.494802296999978, 5.995115551000025, 155.684699999997974 ], [ -74.494896647999951, 5.995168953000084, 155.336699999999837 ], [ -74.494975892999946, 5.995213997000077, 155.044299999994109 ], [ -74.495069508999947, 5.995266708000043, 155.301000000006752 ], [ -74.495163831999946, 5.995321377000062, 155.644599999999627 ], [ -74.495203961999948, 5.995347039000051, 155.697899999999208 ], [ -74.495256407999975, 5.995380578000052, 155.767600000006496 ], [ -74.495343602999966, 5.995442145000037, 155.549899999998161 ], [ -74.495434524999951, 5.995504722000053, 155.319000000003143 ], [ -74.495525171999972, 5.995566428000069, 155.091199999995297 ], [ -74.49561617199997, 5.995627205000058, 154.682499999995343 ], [ -74.495707625999955, 5.995685656000064, 154.345100000005914 ], [ -74.495800062999919, 5.995744280000074, 154.004199999995762 ], [ -74.495892230999971, 5.995802290000051, 154.0 ], [ -74.495984723999982, 5.995860843000073, 154.0 ], [ -74.496077343999957, 5.995917778000034, 153.607699999993201 ], [ -74.496164017999931, 5.995971769000066, 153.528900000004796 ], [ -74.496254608999919, 5.996028827000044, 153.441900000005262 ], [ -74.496345265999935, 5.996086492000092, 153.350600000005215 ], [ -74.496435424999945, 5.996143824000066, 153.286300000007031 ], [ -74.49652871399995, 5.996201728000111, 153.256899999993038 ], [ -74.496620296999936, 5.996259434000041, 153.047000000005937 ], [ -74.496711968999975, 5.996316894000103, 152.154699999999139 ], [ -74.496804334999965, 5.996374812000062, 150.965400000000955 ], [ -74.496894749999953, 5.996433400000051, 149.790299999993294 ], [ -74.49698374999997, 5.996492344000061, 149.584099999992759 ], [ -74.49706681899994, 5.996546915000109, 149.650399999998626 ], [ -74.497166034999964, 5.996605304000074, 150.069300000002841 ], [ -74.497257962999967, 5.996661849000032, 150.747499999997672 ], [ -74.497349036999921, 5.996722438000065, 151.594700000001467 ], [ -74.497436523999951, 5.996783, 152.450700000001234 ], [ -74.497529696999948, 5.99684233600003, 153.137600000001839 ], [ -74.497620255999934, 5.996901929000072, 153.663100000005215 ], [ -74.497712011999951, 5.996962593000071, 153.931299999996554 ], [ -74.497803218999934, 5.997021782000077, 154.040599999992992 ], [ -74.497893835999946, 5.997081713000066, 154.437900000004447 ], [ -74.497985471999968, 5.997141220000073, 155.057300000000396 ], [ -74.498076118999947, 5.997200861000064, 155.391699999992852 ], [ -74.498166261999984, 5.997261356000021, 155.395699999993667 ], [ -74.498255390999987, 5.997324026000052, 155.123999999996158 ], [ -74.498344990999954, 5.997386452000052, 154.221300000004703 ], [ -74.49846553299993, 5.997500735000068, 153.116299999994226 ], [ -74.498586075999981, 5.997615017000065, 152.6587 ], [ -74.498661549999937, 5.997693598000065, 152.6591000000044 ], [ -74.498702403999971, 5.997736251000077, 152.726500000004307 ], [ -74.498737566999964, 5.997771589000023, 152.745599999994738 ], [ -74.498814234999926, 5.997847537000018, 152.232199999998556 ], [ -74.498891345999937, 5.997923852000057, 151.384799999999814 ], [ -74.498968208999941, 5.998001195000033, 150.53070000000298 ], [ -74.499044345999948, 5.998079632000067, 150.02379999999539 ], [ -74.499121241999944, 5.998156898000068, 149.392600000006496 ], [ -74.49919665799996, 5.998235003000066, 148.555099999997765 ], [ -74.499273770999935, 5.998313183000079, 147.557199999995646 ], [ -74.499350991999961, 5.998390297000105, 147.0 ], [ -74.499427728999933, 5.99846812100004, 147.0 ], [ -74.499499837999963, 5.998540141000044, 147.0 ], [ -74.499579932999936, 5.998623617000023, 147.178100000004633 ], [ -74.499655963999942, 5.998699665000096, 147.803899999998976 ], [ -74.499729520999949, 5.99877663200006, 148.363800000006449 ], [ -74.499802745999943, 5.998853545000027, 148.759300000005169 ], [ -74.499874397999946, 5.998935990000041, 149.015400000003865 ], [ -74.49993916699998, 5.999018302000053, 149.092900000003283 ], [ -74.500006536999933, 5.999100884000042, 149.025299999993877 ], [ -74.50007433599994, 5.999184176000054, 148.03059999999823 ], [ -74.500143470999944, 5.999268586000043, 146.739000000001397 ], [ -74.500210639999978, 5.99935469600006, 145.716199999995297 ], [ -74.500278053999963, 5.999441772000081, 145.41019999999844 ], [ -74.500345852999942, 5.999527683000073, 145.636599999997998 ], [ -74.50041375099994, 5.999612666000105, 146.046199999997043 ], [ -74.500480639999978, 5.999698158000057, 147.069099999993341 ], [ -74.500548317999971, 5.999780956000063, 147.792000000001281 ], [ -74.500617320999936, 5.999862701000034, 148.070999999996275 ], [ -74.500695690999962, 5.999936170000077, 147.901899999997113 ], [ -74.500776568999967, 6.000004477000068, 146.950500000006286 ], [ -74.500797906999935, 6.000022392000077, 146.650899999993271 ], [ -74.500858353999945, 6.000073144000052, 145.689100000003236 ], [ -74.50094005699998, 6.000142755000068, 144.105500000005122 ], [ -74.501023958999937, 6.000216572000081, 142.377600000007078 ], [ -74.501103413999928, 6.000289167000096, 141.592199999999139 ], [ -74.501185412999973, 6.000360693000082, 141.114400000005844 ], [ -74.50126678499997, 6.000432731000063, 141.294200000003912 ], [ -74.501347175999953, 6.000506288000055, 141.9087 ], [ -74.501428542999975, 6.000577012000066, 142.508900000000722 ], [ -74.501510691999954, 6.000648007000053, 143.154099999999744 ], [ -74.501594387999944, 6.000719354000069, 143.789900000003399 ], [ -74.501676214999975, 6.000789721000035, 144.214999999996508 ], [ -74.501757845999975, 6.000860250000067, 144.510500000003958 ], [ -74.501840788999971, 6.000930334000027, 145.234599999996135 ], [ -74.501959687999928, 6.001035710000055, 146.878800000005867 ], [ -74.502078587999947, 6.001141086000084, 148.455600000001141 ], [ -74.50215951399997, 6.001211828000068, 149.350999999995111 ], [ -74.502238143999975, 6.001282656000086, 150.220900000000256 ], [ -74.502319012999962, 6.001355624000058, 150.905100000003586 ], [ -74.502399207999972, 6.001429748000042, 150.359700000000885 ], [ -74.502478096999923, 6.001503876000074, 150.14440000000468 ], [ -74.502593741999974, 6.001607335000079, 149.844800000006217 ], [ -74.502709386999982, 6.00171079400009, 148.565300000002026 ], [ -74.502790623999928, 6.001783362000036, 147.666500000006636 ], [ -74.502871130999949, 6.001856444000052, 146.650299999993877 ], [ -74.502951374999952, 6.001930189000055, 145.834000000002561 ], [ -74.503032649999952, 6.00200532200008, 145.002500000002328 ], [ -74.503111697999941, 6.002078784000052, 144.189400000002934 ], [ -74.503189105999965, 6.002155299000052, 143.092900000003283 ], [ -74.503264388999966, 6.002234543000039, 142.182100000005448 ], [ -74.503337578999947, 6.002315053000066, 141.449600000007194 ], [ -74.503411409999941, 6.002395656000035, 141.10580000000482 ], [ -74.503484806999936, 6.002477402000063, 141.407399999996414 ], [ -74.50355817999997, 6.00255607400004, 141.697599999999511 ], [ -74.503630063999935, 6.00263903300004, 142.000499999994645 ], [ -74.50370086099997, 6.002724104000068, 142.091700000004494 ], [ -74.503770195999934, 6.002809078000067, 142.144000000000233 ], [ -74.503837932999943, 6.002895156000037, 142.032999999995809 ], [ -74.503904533999957, 6.00298143200009, 141.763999999995576 ], [ -74.503970267999989, 6.003067654000071, 141.415399999998044 ], [ -74.504037299999936, 6.003152257000073, 141.103300000002491 ], [ -74.504103775999965, 6.00323767100004, 141.0 ], [ -74.50416820199996, 6.00332156900005, 141.0 ], [ -74.504236473999981, 6.003408214000054, 141.0 ], [ -74.504304527999977, 6.003490184000047, 141.103099999992992 ], [ -74.504372762999935, 6.003574258000086, 141.55449999999837 ], [ -74.504441810999936, 6.003657105000064, 142.314700000002631 ], [ -74.50451142699994, 6.003738581000065, 143.059399999998277 ], [ -74.504577735999987, 6.00382234800004, 143.368400000006659 ], [ -74.504647802999955, 6.003905547000037, 143.675300000002608 ], [ -74.504716817999949, 6.003989754000033, 143.985899999999674 ], [ -74.504786236999948, 6.004073536000014, 143.631699999998091 ], [ -74.50485615499997, 6.004157099000077, 143.055800000001909 ], [ -74.504925021999952, 6.004241078000063, 142.647899999996298 ], [ -74.504993506999938, 6.004325981000025, 142.425499999997555 ], [ -74.505062923999958, 6.004411548000082, 142.216100000005099 ], [ -74.505128508999974, 6.004486603000057, 141.768700000000536 ], [ -74.505200482999939, 6.004580163000076, 141.226899999994203 ], [ -74.505270296999981, 6.00466229000009, 141.096900000004098 ], [ -74.505340198999974, 6.004744824000037, 141.583199999993667 ], [ -74.505410198999968, 6.004828931000016, 142.279699999999139 ], [ -74.505478844999971, 6.004914330000084, 143.462599999998929 ], [ -74.505647576999905, 6.005112505000057, 146.167199999996228 ], [ -74.505816309999929, 6.005310680000031, 147.66030000000319 ], [ -74.505885865999971, 6.00539161400009, 148.852100000003702 ], [ -74.505958170999946, 6.005471201000039, 150.266099999993457 ], [ -74.506036889999962, 6.005547914000053, 151.695699999996577 ], [ -74.506114601, 6.005621657000075, 152.994099999996251 ], [ -74.506192265999957, 6.005697804000018, 152.62159999999858 ], [ -74.506270256999969, 6.005773731000043, 152.088699999992969 ], [ -74.506346110999971, 6.005854402000093, 151.368400000006659 ], [ -74.50642135, 6.005932962000029, 150.702799999999115 ], [ -74.50650030499996, 6.006010395000036, 150.137000000002445 ], [ -74.506580773999971, 6.006082359000064, 149.637199999997392 ], [ -74.506662070999937, 6.006154065000032, 148.933099999994738 ], [ -74.506741901999973, 6.006224872000076, 146.962899999998626 ], [ -74.506823630999961, 6.006296663000075, 145.217199999999139 ], [ -74.506903320999982, 6.006370142000034, 143.782699999996112 ], [ -74.50698252899997, 6.006445778000056, 142.918499999999767 ], [ -74.507061078999982, 6.006519666000021, 142.529699999999139 ], [ -74.507142447999954, 6.006594289000017, 142.301699999996345 ], [ -74.507222358999968, 6.006667712000041, 142.357399999993504 ], [ -74.50730010999996, 6.006741396000076, 142.675099999993108 ], [ -74.507376428999962, 6.006814122000044, 142.969700000001467 ], [ -74.507458200999963, 6.006887857000048, 143.300799999997253 ], [ -74.507539362999964, 6.006960453000057, 143.903999999994994 ], [ -74.507619945999977, 6.007031642000103, 144.548699999999371 ], [ -74.50765714399995, 6.007072989000049, 144.807700000004843 ], [ -74.507743123999944, 6.007147164000066, 145.524999999994179 ], [ -74.507793912999944, 6.007197373000058, 146.089000000007218 ], [ -74.507853473999944, 6.007256254000054, 146.786600000006729 ], [ -74.507930745999943, 6.007334663000052, 147.926399999996647 ], [ -74.50800542199994, 6.007412491000027, 149.009699999995064 ], [ -74.508084442999973, 6.007486448000105, 149.332500000004075 ], [ -74.508167304999972, 6.007558524000066, 149.724000000001979 ], [ -74.508250147999945, 6.007629530000057, 149.984299999996438 ], [ -74.508351542999932, 6.00768500900006, 149.082299999994575 ], [ -74.508432193999951, 6.007756603000054, 147.812699999994948 ], [ -74.508511216999977, 6.007826462000016, 146.247799999997369 ], [ -74.508591568999961, 6.007897941000103, 144.786500000001979 ], [ -74.508671964999962, 6.007971595000085, 143.4038 ], [ -74.50875221099993, 6.008045188000038, 141.862299999993411 ], [ -74.508833801999955, 6.008119182000032, 140.986300000004121 ], [ -74.508915178999985, 6.008192446000061, 140.822299999999814 ], [ -74.508996405999937, 6.008266425000044, 140.494800000000396 ], [ -74.509077981999937, 6.008339042000064, 140.067699999999604 ], [ -74.509215212999948, 6.008507858000065, 141.122600000002421 ], [ -74.509261042999981, 6.008547751000052, 141.438899999993737 ], [ -74.509334826999975, 6.008612386000038, 141.913300000000163 ], [ -74.509463349999962, 6.008722662000041, 142.0 ], [ -74.509545805999934, 6.008795474000057, 142.0 ], [ -74.509625580999966, 6.008869173000058, 142.0 ], [ -74.509705145999988, 6.008942796000061, 141.465800000005402 ], [ -74.509787857999967, 6.009015111000075, 140.893899999995483 ], [ -74.509868269999942, 6.009090538000079, 140.319099999993341 ], [ -74.509948691999952, 6.00916317500003, 139.737399999998161 ], [ -74.510031701999935, 6.009232666000091, 139.526500000007218 ], [ -74.510113767999925, 6.009306809000095, 139.508199999996577 ], [ -74.51026692399995, 6.009460384000045, 140.048399999999674 ], [ -74.51034253499995, 6.009533, 140.520000000004075 ], [ -74.51041902999998, 6.009611397000114, 141.202099999994971 ], [ -74.510491823999985, 6.009693295000043, 142.050600000002305 ], [ -74.510567089999938, 6.009772320000025, 142.493600000001607 ], [ -74.510644230999944, 6.009848257000051, 142.756200000003446 ], [ -74.510722014999928, 6.009924858000057, 142.856799999994109 ], [ -74.510799891999966, 6.010001810000083, 142.905299999998533 ], [ -74.51087667299997, 6.010078509000047, 143.120599999994738 ], [ -74.510953448999928, 6.010157164000043, 143.509699999995064 ], [ -74.511028950999957, 6.01023633600005, 144.214399999997113 ], [ -74.51110250999993, 6.010318949000076, 144.956200000000536 ], [ -74.51117530199997, 6.010398378000049, 145.516300000002957 ], [ -74.511248076999934, 6.010479617000059, 145.92609999999695 ], [ -74.511319253999929, 6.010560446000053, 146.454199999992852 ], [ -74.511390604999974, 6.010643080000021, 147.022200000006706 ], [ -74.511464700999966, 6.010724581000056, 147.596000000005006 ], [ -74.511537364999981, 6.010805339000083, 147.893299999996088 ], [ -74.51161115099994, 6.010885747000061, 147.617700000002515 ], [ -74.511686203999929, 6.010965617000063, 147.021500000002561 ], [ -74.511761012999941, 6.011044280000023, 146.135299999994459 ], [ -74.511837029999981, 6.011123739000029, 145.706999999994878 ], [ -74.511912529999961, 6.011202950000068, 145.074800000002142 ], [ -74.511989228999937, 6.011281846000069, 143.950599999996484 ], [ -74.512063971999964, 6.011360646000067, 143.06239999999525 ], [ -74.512139730999934, 6.01144076500004, 143.385800000003655 ], [ -74.51221505599996, 6.011520217000053, 143.654099999999744 ], [ -74.512289880999944, 6.011599586000075, 144.012400000006892 ], [ -74.512364851999962, 6.01167859000005, 145.680200000002515 ], [ -74.51244189099998, 6.011757520000063, 147.567699999999604 ], [ -74.512517659999958, 6.011835080000044, 149.100600000005215 ], [ -74.512594726999964, 6.011912760000011, 150.091799999994691 ], [ -74.512671598999972, 6.011989889000069, 150.178899999998976 ], [ -74.512748772999927, 6.012068015000049, 149.896500000002561 ], [ -74.512823587999947, 6.012146527000063, 149.468399999997928 ], [ -74.512899319999974, 6.012224217000069, 148.892300000006799 ], [ -74.512974278999934, 6.01230440900002, 148.339500000001863 ], [ -74.513047250999989, 6.012383545000034, 147.801399999996647 ], [ -74.513121088999966, 6.012464823000084, 147.670899999997346 ], [ -74.513196371999982, 6.012549606000077, 147.629799999995157 ], [ -74.513266257999987, 6.012626616000049, 147.910399999993388 ], [ -74.513340911999919, 6.01270701400006, 148.291200000006938 ], [ -74.51341439, 6.012785337000027, 148.869099999996251 ], [ -74.513488236999919, 6.012863875000056, 150.63749999999709 ], [ -74.513561874999937, 6.012943109000067, 152.509300000005169 ], [ -74.513634475999936, 6.013022283000075, 154.204199999992852 ], [ -74.513703440999961, 6.01309684400007, 155.629300000000512 ], [ -74.513773620999984, 6.013173465000057, 156.458799999993062 ], [ -74.513839725999958, 6.013249497000048, 156.678799999994226 ], [ -74.513904047999958, 6.013337813000025, 156.457699999999022 ], [ -74.513966262999986, 6.013424859000059, 156.378700000001118 ], [ -74.514022587999989, 6.013512478000044, 156.274099999995087 ], [ -74.514080503999935, 6.013600270000047, 156.377299999992829 ], [ -74.514137701999971, 6.013686627000038, 156.480400000000373 ], [ -74.51419866599997, 6.013776881000113, 156.858699999997043 ], [ -74.514260067999942, 6.013866526000077, 157.845300000000861 ], [ -74.514323086999966, 6.013955312000074, 158.500299999999697 ], [ -74.514382022999925, 6.014042456000031, 159.0 ], [ -74.514442446999951, 6.01413001300007, 159.0 ], [ -74.514503072999958, 6.01421944400005, 159.0 ], [ -74.51456153099997, 6.014312222000075, 158.660699999993085 ], [ -74.514616602999965, 6.014402877000084, 157.50460000000021 ], [ -74.514637709999974, 6.014437712000088, 156.988500000006752 ], [ -74.51466811399996, 6.014487886000067, 156.17500000000291 ], [ -74.514671075999928, 6.014492773000028, 156.0913 ], [ -74.514731558999969, 6.014581628000068, 154.5737999999983 ], [ -74.514793103999978, 6.014664230000066, 153.974000000001979 ], [ -74.514847858999985, 6.014765706000066, 153.649099999995087 ], [ -74.514907296999965, 6.014855743000049, 153.475099999996019 ], [ -74.514968204999931, 6.014945766000054, 154.928400000004331 ], [ -74.515029884999933, 6.01503437600008, 156.496299999998882 ], [ -74.515087380999944, 6.015121016000031, 158.373999999996158 ], [ -74.515144059999955, 6.015207707000051, 160.297200000000885 ], [ -74.515200962999984, 6.015295448000089, 162.376799999998184 ], [ -74.515255204999946, 6.015384789000076, 164.477700000003097 ], [ -74.515312304999952, 6.015477270000074, 164.898600000000442 ], [ -74.515363357999931, 6.015577011000056, 164.798999999999069 ], [ -74.515440126999962, 6.015770939000064, 160.775999999998021 ], [ -74.515440191999971, 6.015771097000033, 160.771200000002864 ], [ -74.515446168999972, 6.015785677000081, 160.330700000005891 ], [ -74.515452616999937, 6.015799417000082, 159.913300000000163 ], [ -74.515518392999965, 6.015922241000081, 156.27390000000014 ], [ -74.515529014999956, 6.015939814000032, 155.975500000000466 ], [ -74.515596353999968, 6.016037353000063, 154.288199999995413 ], [ -74.515691666999913, 6.016163944000035, 152.691399999996065 ], [ -74.515778146999949, 6.016272822000056, 152.071599999995669 ], [ -74.515864625999939, 6.016381700000073, 150.919099999999162 ], [ -74.515928840999948, 6.016456572000029, 150.063099999999395 ], [ -74.515940433999944, 6.016470246000046, 150.013600000005681 ], [ -74.515945554999973, 6.016475302000067, 150.025200000003679 ], [ -74.515962603999981, 6.016489096000043, 150.06600000000617 ], [ -74.515992546999939, 6.016510602000035, 150.159499999994296 ], [ -74.515999154999975, 6.016514855000045, 150.183199999999488 ], [ -74.516011456999919, 6.016523518000033, 150.23410000000149 ], [ -74.516034889999958, 6.016542252000029, 150.357300000003306 ], [ -74.516041822999966, 6.016548273000095, 150.400500000003376 ], [ -74.516078057999948, 6.016581668000075, 150.674599999998463 ], [ -74.516096523999963, 6.016601323000056, 150.855899999995017 ], [ -74.516122307999964, 6.016628765000091, 151.142200000002049 ], [ -74.516132242999944, 6.016639702000022, 151.265299999999115 ], [ -74.51618481099996, 6.016699704000065, 152.0337 ], [ -74.516228705999922, 6.016752451000071, 152.810700000001816 ], [ -74.51624727799998, 6.016775722000032, 153.157900000005611 ], [ -74.516257244999949, 6.016789871000065, 153.363899999996647 ], [ -74.516262853999933, 6.016797834000053, 153.481599999999162 ], [ -74.516282482999927, 6.016826430000045, 153.909700000003795 ], [ -74.516313977999971, 6.016872665000067, 154.631800000002841 ], [ -74.516342236999947, 6.016917266000079, 155.345000000001164 ], [ -74.516418067999922, 6.017041654000059, 157.614100000006147 ], [ -74.516541810999954, 6.017238655000036, 162.299400000003516 ], [ -74.516665553999971, 6.017435656000024, 166.510699999998906 ], [ -74.516789297999935, 6.017632657000056, 167.563399999999092 ], [ -74.516913040999952, 6.017829658000058, 166.138200000001234 ], [ -74.516913056999954, 6.017829682000067, 166.138099999996484 ], [ -74.516955878999951, 6.017889516000019, 165.96140000000014 ], [ -74.51701670999995, 6.017984029000051, 164.840400000000955 ], [ -74.517086417999963, 6.018071507000079, 163.555399999997462 ], [ -74.517113167999966, 6.018118555000057, 163.037500000005821 ], [ -74.51714143699995, 6.018168275000049, 162.563299999994342 ], [ -74.517203372999958, 6.018246360000054, 161.838300000003073 ], [ -74.517270473999972, 6.018331074000057, 161.70339999999851 ], [ -74.517329554999947, 6.018414792000043, 161.447499999994761 ], [ -74.517386036999937, 6.018496191000089, 161.297099999996135 ], [ -74.51744122999996, 6.01857786900009, 161.515400000003865 ], [ -74.517512392999933, 6.018691077000017, 162.946899999995367 ], [ -74.517575458999929, 6.018771404000084, 164.998399999996764 ], [ -74.51764394199995, 6.018851937000036, 167.152000000001863 ], [ -74.517727044999958, 6.018921504000042, 169.279999999998836 ], [ -74.51779864599996, 6.018975207000054, 170.892500000001746 ], [ -74.517881306999982, 6.019042809000045, 172.600000000005821 ], [ -74.51796716399997, 6.019110013000081, 174.056700000001001 ], [ -74.518052421999968, 6.019176961000045, 174.901599999997416 ], [ -74.518139472999962, 6.019244957000089, 173.615300000004936 ], [ -74.518223239999941, 6.019308944000066, 172.849499999996624 ], [ -74.518381031999979, 6.019433045000025, 172.042900000000373 ], [ -74.518538824999936, 6.019557146000084, 170.853499999997439 ], [ -74.518622361999974, 6.019622584000082, 170.73859999999695 ], [ -74.51870810399997, 6.019687367000111, 170.582200000004377 ], [ -74.518793814999981, 6.019752736000049, 170.429099999993923 ], [ -74.518872053999985, 6.019823873000077, 170.05899999999383 ], [ -74.518936874999952, 6.019883464000036, 169.141199999998207 ], [ -74.518996551999962, 6.019957137000079, 168.157600000005914 ], [ -74.519065095999963, 6.020032496000082, 167.250499999994645 ], [ -74.519182325999964, 6.02011504300003, 166.769799999994575 ], [ -74.519260322999969, 6.020200936000037, 166.785900000002584 ], [ -74.519336713999962, 6.020280923000027, 167.035499999998137 ], [ -74.519349392999956, 6.020296004000044, 167.046199999997043 ], [ -74.519405171999935, 6.020362352000084, 166.788300000000163 ], [ -74.519469188999935, 6.020445042000078, 165.433799999998882 ], [ -74.519535053999945, 6.02052391300005, 163.901599999997416 ], [ -74.519595490999961, 6.020614896000037, 160.441500000000815 ], [ -74.519661205999967, 6.020700464000084, 156.107699999993201 ], [ -74.519727261999947, 6.020786827000072, 152.906000000002678 ], [ -74.519794059999967, 6.020873723000029, 151.244500000000698 ], [ -74.519852230999959, 6.020948028000044, 149.993300000001909 ], [ -74.519921853999961, 6.021036036000056, 148.506099999998696 ], [ -74.519993229999955, 6.021136969000051, 148.539199999999255 ], [ -74.520056051999958, 6.021224257000053, 148.823600000003353 ], [ -74.520118880999959, 6.021313012000038, 148.660499999998137 ], [ -74.520177940999986, 6.021396346000102, 148.421400000006543 ], [ -74.520317870999975, 6.021588802000066, 148.944799999997485 ], [ -74.520379163999948, 6.021694887000027, 148.513200000001234 ], [ -74.520464850999986, 6.02180502000008, 147.62840000000142 ], [ -74.520550538999942, 6.021915153000092, 147.068299999998999 ], [ -74.520620350999934, 6.022016734000023, 146.799299999998766 ], [ -74.520753719999945, 6.022178209000081, 147.215200000006007 ], [ -74.520887087999924, 6.022339684000059, 150.525699999998324 ], [ -74.521020456999949, 6.022501159000053, 153.521599999992759 ], [ -74.521061483999972, 6.02260087600007, 154.91370000000461 ], [ -74.521070591999944, 6.022636758000065, 155.300700000007055 ], [ -74.521089183999948, 6.02270718300003, 155.996100000003935 ], [ -74.521125274999974, 6.02279813700005, 156.659499999994296 ], [ -74.521177494999947, 6.022891496000088, 157.697100000004866 ], [ -74.521229516999938, 6.022983549000087, 158.832599999994272 ], [ -74.521283538999967, 6.023076050000062, 159.830300000001444 ], [ -74.521346020999928, 6.023166543000066, 159.806500000006054 ], [ -74.521408528999984, 6.023254869000058, 159.388800000000629 ], [ -74.521477250999965, 6.023341375000045, 158.088499999998021 ], [ -74.521544843999934, 6.02342125700005, 157.026100000002771 ], [ -74.521596096999986, 6.023479043000068, 156.218800000002375 ], [ -74.521665355, 6.023562510000035, 155.650299999993877 ], [ -74.521734542999965, 6.023646036000072, 155.808799999998882 ], [ -74.521805961999974, 6.02372765800006, 156.438899999993737 ], [ -74.52187743099995, 6.023809237000032, 157.02719999999681 ], [ -74.521948079999959, 6.023891525000064, 157.222999999998137 ], [ -74.52201820199997, 6.023974264000087, 157.266300000002957 ], [ -74.522089980999951, 6.024055519000068, 157.121799999993527 ], [ -74.52216462399997, 6.02413419700002, 155.646099999998114 ], [ -74.522239266999975, 6.024212876000044, 153.979699999996228 ], [ -74.522312486999965, 6.024288610000041, 152.350399999995716 ], [ -74.522352592999923, 6.024326243000099, 151.475800000000163 ], [ -74.522462126999983, 6.024442477000051, 150.598800000007031 ], [ -74.522535215999923, 6.024516744000051, 149.773199999995995 ], [ -74.522610193999981, 6.024592241000075, 148.472399999998743 ], [ -74.522688011999946, 6.024666698000039, 147.724700000006123 ], [ -74.522764551999956, 6.024743080000063, 147.532600000005914 ], [ -74.522843061999936, 6.024820731000043, 147.177299999995739 ], [ -74.522945293999953, 6.024921586000072, 146.505199999999604 ], [ -74.522994185999949, 6.024967664000048, 146.257700000001932 ], [ -74.523070290999939, 6.02504005700008, 145.988299999997253 ], [ -74.523148900999942, 6.025113381000025, 145.879100000005565 ], [ -74.523226215999941, 6.025187730000045, 145.531000000002678 ], [ -74.523300184999968, 6.02526230400006, 144.867599999997765 ], [ -74.52337550299994, 6.025337544000042, 144.349799999996321 ], [ -74.52344936899992, 6.025407823000013, 144.005300000004354 ], [ -74.523521458999937, 6.025487984000071, 144.810100000002421 ], [ -74.523599197999928, 6.025566004000073, 145.502600000007078 ], [ -74.523675326999978, 6.025643211000073, 145.85920000000624 ], [ -74.523750876999927, 6.025719404000053, 146.121400000003632 ], [ -74.523824844999979, 6.025798823000064, 146.666899999996531 ], [ -74.523895235999987, 6.025878895000062, 147.185899999996764 ], [ -74.523966128, 6.025959064000088, 147.631200000003446 ], [ -74.524038777999976, 6.026035856000036, 147.300799999997253 ], [ -74.524108631999965, 6.026118056000024, 147.235100000005332 ], [ -74.524172693999958, 6.026208912000067, 147.520900000003166 ], [ -74.524232240999922, 6.026299011000047, 147.350800000000163 ], [ -74.524291623999943, 6.026390220000043, 146.45690000000468 ], [ -74.524347542999948, 6.026480837000076, 144.69090000000142 ], [ -74.524402325999958, 6.026573269000057, 143.487399999998161 ], [ -74.524434878999955, 6.026648220000029, 142.694799999997485 ], [ -74.524504937999936, 6.026757663000087, 141.370999999999185 ], [ -74.52453363599993, 6.026806910000069, 141.419299999994109 ], [ -74.524559374999967, 6.026851079000052, 141.542400000005728 ], [ -74.524613904999967, 6.02694469000007, 141.683399999994435 ], [ -74.52466779599996, 6.027038928000049, 141.702799999999115 ], [ -74.52472047599997, 6.027134380000081, 141.725200000000768 ], [ -74.524775996999935, 6.02723028500003, 141.430099999997765 ], [ -74.524823443999921, 6.027330181000047, 140.435100000002421 ], [ -74.524880676999942, 6.02742269100003, 137.923500000004424 ], [ -74.524932944999989, 6.027516662000059, 135.981299999999464 ], [ -74.524986615999978, 6.027613265000043, 134.790599999992992 ], [ -74.525040865999969, 6.027706377000062, 134.141300000002957 ], [ -74.525093887999944, 6.02780487300003, 133.350399999995716 ], [ -74.525145556999959, 6.027900103000031, 133.176900000005844 ], [ -74.525207340999955, 6.027990189000056, 133.114900000000489 ], [ -74.525281634999942, 6.028068730000054, 133.027000000001863 ], [ -74.525360586999966, 6.028142556000041, 132.994300000005751 ], [ -74.525439478999928, 6.028216079000101, 135.462199999994482 ], [ -74.525516229999937, 6.028284488000044, 137.766199999998207 ], [ -74.525599663999969, 6.028352916000089, 140.128100000001723 ], [ -74.525686054999937, 6.028417824000068, 140.99890000000596 ], [ -74.525770153999972, 6.028482723000021, 140.830000000001746 ], [ -74.525873196999939, 6.028585024000059, 140.455100000006496 ], [ -74.525976240999967, 6.028687324000047, 140.0 ], [ -74.526066370999956, 6.028746163000085, 140.0 ], [ -74.526152827999965, 6.028807533000066, 140.0 ], [ -74.526241002999939, 6.028873252000039, 141.4712 ], [ -74.526326921999939, 6.028941656000057, 143.899300000004587 ], [ -74.52641147099996, 6.02900880400007, 145.8799 ], [ -74.526497207999967, 6.029075455000071, 146.563999999998487 ], [ -74.526580487999979, 6.029144040000058, 146.332299999994575 ], [ -74.526665723999926, 6.029213897000073, 145.851299999994808 ], [ -74.526834169999972, 6.02934747500009, 144.240099999995437 ], [ -74.526914157999954, 6.029422131000048, 143.867700000002515 ], [ -74.526988121999963, 6.029503319000085, 143.67939999999362 ], [ -74.527063541999951, 6.02957920400009, 143.672999999995227 ], [ -74.527136777999928, 6.029660041000087, 143.588399999993271 ], [ -74.52721285299998, 6.029738702000045, 143.559299999993527 ], [ -74.52728760199993, 6.029814914000032, 143.242199999993318 ], [ -74.527362006999951, 6.029899112000065, 142.310299999997369 ], [ -74.527397215999926, 6.029968974000082, 141.537400000001071 ], [ -74.527419257999938, 6.030066770000068, 140.486600000003818 ], [ -74.52742299099998, 6.030083335000045, 140.32050000000163 ], [ -74.527443837999954, 6.030191950000081, 139.296900000001187 ], [ -74.527466818999969, 6.030322426000065, 138.177700000000186 ], [ -74.527500555999936, 6.030414824000088, 137.428100000004633 ], [ -74.527612905999945, 6.03060300900006, 136.047399999995832 ], [ -74.527667420999933, 6.030690965000089, 136.241200000004028 ], [ -74.527720409999972, 6.030792221000082, 136.594800000006217 ], [ -74.527779616999965, 6.030880231000039, 137.456300000005285 ], [ -74.527860650999955, 6.030965655000034, 138.700500000006286 ], [ -74.527946303999968, 6.031013142000061, 139.542400000005728 ], [ -74.528049073999966, 6.031044727000089, 140.271800000002258 ], [ -74.528157959999987, 6.031056065000044, 140.5962 ], [ -74.528266049999957, 6.031059957000019, 140.75460000000021 ], [ -74.528372475999944, 6.031061444000072, 140.98080000000482 ], [ -74.528505976999952, 6.031063312000069, 141.618900000001304 ], [ -74.528603751999981, 6.031062975000072, 142.082800000003772 ], [ -74.528660917999943, 6.031068396000029, 141.978199999997742 ], [ -74.528711796999957, 6.031082026000051, 141.745299999995041 ], [ -74.528815229999964, 6.031111544000053, 141.155100000003586 ], [ -74.528915434999988, 6.031144107000054, 140.353499999997439 ], [ -74.529013931999927, 6.031167626000089, 139.561300000001211 ], [ -74.529105378999972, 6.03120152100007, 138.877200000002631 ], [ -74.529243129999941, 6.031259852000086, 137.972899999993388 ], [ -74.529328170999975, 6.031296683000049, 137.478199999997742 ], [ -74.529426998999938, 6.03133114500005, 137.010699999998906 ], [ -74.529531394999935, 6.031357023000066, 136.248200000001816 ], [ -74.529636862999951, 6.03138146000006, 135.470000000001164 ], [ -74.529744765999951, 6.031405306000063, 134.856899999998859 ], [ -74.529942556999956, 6.031467916000065, 134.423399999999674 ], [ -74.530140347999975, 6.031530527000021, 136.19550000000163 ], [ -74.530338138999966, 6.031593137000079, 140.035900000002584 ], [ -74.530535929999971, 6.031655747000069, 145.033599999995204 ], [ -74.530638829999987, 6.031688927000082, 145.290599999992992 ], [ -74.53073378699996, 6.031736610000055, 145.46480000000156 ], [ -74.530832227999952, 6.031783185000061, 144.962199999994482 ], [ -74.530930255999976, 6.031830838000084, 143.904200000004494 ], [ -74.531027035999955, 6.031876098000054, 143.104000000006636 ], [ -74.531124190999947, 6.031926555000037, 142.939199999993434 ], [ -74.53122169199996, 6.031972230000061, 142.649900000003981 ], [ -74.531322578999934, 6.032023735000071, 142.191800000000512 ], [ -74.531424322999953, 6.032063710000089, 141.171300000001793 ], [ -74.531523432999961, 6.032107174000028, 140.119000000006054 ], [ -74.531572861999962, 6.032128113000081, 139.599600000001374 ], [ -74.531623250999957, 6.032147722000067, 139.2693 ], [ -74.531677009999967, 6.03216934600008, 139.109500000005937 ], [ -74.531724137999959, 6.032188643000059, 138.984599999996135 ], [ -74.531754428999974, 6.032201113000052, 138.927800000004936 ], [ -74.531926288999955, 6.032271867000077, 138.563200000004144 ], [ -74.53202706999997, 6.032314758000031, 138.618100000006962 ], [ -74.532126078999966, 6.032357235000096, 138.669599999993807 ], [ -74.53227298399996, 6.032417602000082, 138.765599999998813 ], [ -74.532378171999923, 6.032440184000047, 138.986600000003818 ], [ -74.532437204999951, 6.032452144000079, 139.115799999999581 ], [ -74.532600060999982, 6.03248795500002, 139.648600000000442 ], [ -74.532730208999951, 6.032515195000051, 139.914099999994505 ], [ -74.532755539999982, 6.032520742000022, 139.960600000005797 ], [ -74.532863191999965, 6.032541563000068, 140.132400000002235 ], [ -74.532967319999955, 6.032566605000055, 140.215700000000652 ], [ -74.533072540999953, 6.032585303000111, 140.459300000002258 ], [ -74.533287401999985, 6.032640279000018, 140.853799999997136 ], [ -74.533387680999965, 6.032670897000073, 140.75810000000638 ], [ -74.533501352999963, 6.032710247000109, 140.867299999998068 ], [ -74.533592456999941, 6.032727825000064, 140.651500000007218 ], [ -74.533691727999937, 6.032759251000056, 140.401400000002468 ], [ -74.533797646999972, 6.032791364000027, 140.013800000000629 ], [ -74.533895050999945, 6.032819813000081, 139.400299999993877 ], [ -74.533992631999979, 6.032874178000052, 138.881099999998696 ], [ -74.534097181999982, 6.03288720500006, 138.289999999993597 ], [ -74.534198784999944, 6.032918743000039, 137.950800000005984 ], [ -74.534302095999962, 6.032950686000049, 137.694600000002538 ], [ -74.534403737999966, 6.032983854000062, 137.209300000002258 ], [ -74.534504005999949, 6.033013637000064, 136.604900000005728 ], [ -74.534606396999934, 6.033043110000059, 136.093399999997928 ], [ -74.534709160999952, 6.033072126000022, 135.939299999998184 ], [ -74.534821900999958, 6.033116167000073, 135.949099999997998 ], [ -74.534928048999973, 6.033140744000051, 136.490999999994528 ], [ -74.535034730999925, 6.033166150000052, 137.191200000001118 ], [ -74.535139303999983, 6.033192333000056, 138.018299999996088 ], [ -74.535243959999946, 6.033219207000076, 139.927299999995739 ], [ -74.535349588999949, 6.033249937000075, 142.045299999997951 ], [ -74.535453553999957, 6.033281758000047, 142.217499999998836 ], [ -74.535559344999967, 6.033314202000077, 140.81359999999404 ], [ -74.535659035999942, 6.033356892000033, 139.35229999999865 ], [ -74.535753473999989, 6.03341182700008, 139.22609999999986 ], [ -74.535847215999979, 6.033467668000071, 140.128700000001118 ], [ -74.535938293999948, 6.033522520000102, 141.957999999998719 ], [ -74.536027220999955, 6.033575631000058, 143.133799999995972 ], [ -74.536114576999964, 6.033627738000078, 143.975399999995716 ], [ -74.536202674999956, 6.033693523000081, 144.628899999996065 ], [ -74.536282109999931, 6.033765218000034, 143.201300000000629 ], [ -74.536358412999945, 6.033836119000068, 141.205799999996088 ], [ -74.53643673699996, 6.03390955900005, 138.99210000000312 ], [ -74.536515560999973, 6.033982878000078, 137.543499999999767 ], [ -74.536592180999946, 6.034056264000075, 137.09320000000298 ], [ -74.53667074399992, 6.034129124000066, 137.591899999999441 ], [ -74.53675414599995, 6.034199742000064, 138.099000000001979 ], [ -74.536833638999937, 6.034274528000042, 137.329700000002049 ], [ -74.53690781499995, 6.034351563000022, 136.410699999993085 ], [ -74.536982265999924, 6.03442814500008, 135.928100000004633 ], [ -74.537061162999976, 6.034501714000053, 135.440199999997276 ], [ -74.537135242999952, 6.034577453000067, 135.160799999997835 ], [ -74.537204251999981, 6.034658830000071, 135.0 ], [ -74.537281628999949, 6.034736041000051, 135.0 ], [ -74.537332774999982, 6.034830057000026, 134.690000000002328 ], [ -74.537381119999949, 6.034929745000057, 134.287500000005821 ], [ -74.53743148999996, 6.035026463000072, 133.981199999994715 ], [ -74.537484933999963, 6.035120893000081, 133.9326 ], [ -74.537536348999922, 6.035219054000051, 134.411300000007031 ], [ -74.537584731999956, 6.035312622000075, 135.222099999999045 ], [ -74.537629146999933, 6.035410557000052, 136.092399999994086 ], [ -74.537679003999969, 6.035496906000082, 136.891300000002957 ], [ -74.537735212999962, 6.035585414000053, 137.751300000003539 ], [ -74.537777482999942, 6.035686113000052, 138.649699999994482 ], [ -74.537831405999938, 6.035778186000091, 138.994300000005751 ], [ -74.537890647999973, 6.035866597000058, 138.875 ], [ -74.537948374999985, 6.035959866000042, 138.603099999992992 ], [ -74.53801002699997, 6.03605582400009, 137.766099999993457 ], [ -74.538063991999934, 6.036152006000068, 136.857799999997951 ], [ -74.538130187999954, 6.036243586000078, 136.4091000000044 ], [ -74.538199940999959, 6.036333237000081, 136.992599999997765 ], [ -74.538270383999986, 6.036413589000055, 137.963900000002468 ], [ -74.538277126999944, 6.036420771000084, 138.074399999997695 ], [ -74.538349529999948, 6.036497886000075, 139.426999999996042 ], [ -74.538429483999948, 6.036568561000026, 141.510999999998603 ], [ -74.538516301999934, 6.0366250330001, 143.682799999995041 ], [ -74.538581980999936, 6.036662178000062, 145.211599999995087 ], [ -74.538674745999955, 6.036721623000053, 146.976500000004307 ], [ -74.538775130999966, 6.036790581000058, 147.943299999998999 ], [ -74.538868782999941, 6.03684748500008, 148.634200000000419 ], [ -74.53897596299997, 6.036912895000063, 149.637199999997392 ], [ -74.539057775999936, 6.036967098000073, 150.542499999995925 ], [ -74.539147763999935, 6.037022756000069, 151.538199999995413 ], [ -74.539236235999965, 6.037080574000081, 153.131599999993341 ], [ -74.539328494999936, 6.037140926000071, 156.057700000004843 ], [ -74.539415383999923, 6.037207381000026, 159.592099999994389 ], [ -74.539495840999962, 6.037278988000019, 162.738500000006752 ], [ -74.539562613999962, 6.037328552000091, 163.935500000006869 ], [ -74.539646963999971, 6.037416362000058, 163.883199999996577 ], [ -74.539724257999978, 6.037488720000094, 163.453200000003562 ], [ -74.539809833999968, 6.037557934000066, 160.67170000000624 ], [ -74.539879472999971, 6.03763936900005, 157.46129999999539 ], [ -74.539932512999926, 6.037688890000059, 155.209099999992759 ], [ -74.540012831999945, 6.03776180900007, 152.74539999999979 ], [ -74.540092722999972, 6.037836272000045, 151.808799999998882 ], [ -74.540171887999975, 6.037909095000037, 151.328200000003562 ], [ -74.540252688999928, 6.037981878000049, 151.04769999999553 ], [ -74.54032846399997, 6.038051056000072, 150.669200000003912 ], [ -74.540406168999922, 6.03812438900006, 150.06359999999404 ], [ -74.540486759999965, 6.038198289000031, 149.038000000000466 ], [ -74.54056621699992, 6.038271648000038, 147.951400000005378 ], [ -74.540642077999962, 6.038349446000061, 146.864499999996042 ], [ -74.540712551999931, 6.038429230000075, 145.748600000006263 ], [ -74.540783548999954, 6.038508363000054, 145.202399999994668 ], [ -74.540852275999953, 6.038586454000049, 145.131399999998393 ], [ -74.54092271599994, 6.038666902000042, 145.391099999993457 ], [ -74.540995237999937, 6.038748264000057, 145.884699999995064 ], [ -74.541068078999942, 6.038829230000043, 146.452000000004773 ], [ -74.541141468999953, 6.038909200000042, 146.891099999993457 ], [ -74.541158150999934, 6.038926996000058, 146.944900000002235 ], [ -74.541215050999924, 6.038987689000077, 146.72259999999369 ], [ -74.541291401999956, 6.039067720000059, 146.089200000002165 ], [ -74.541363157999953, 6.039148325000053, 145.600000000005821 ], [ -74.541436462999954, 6.03922896900003, 145.000599999999395 ], [ -74.541508894999922, 6.039312580000053, 143.905299999998533 ], [ -74.541580288999953, 6.039395397000043, 142.658500000005006 ], [ -74.541651087999966, 6.039478475000069, 141.313200000004144 ], [ -74.541721878999965, 6.039560701000055, 140.851899999994203 ], [ -74.541793457999972, 6.039643512000063, 140.789099999994505 ], [ -74.541937005999955, 6.039807681000077, 141.668999999994412 ], [ -74.54201029499994, 6.039888952000093, 143.138500000000931 ], [ -74.542084497999937, 6.039969193000041, 144.5962 ], [ -74.542159015999971, 6.040049520000021, 146.002699999997276 ], [ -74.542230506999928, 6.040127649000077, 145.779599999994389 ], [ -74.542304395999963, 6.040207713000031, 145.28070000000298 ], [ -74.542372847999957, 6.04028708600003, 144.856899999998859 ], [ -74.542452164999986, 6.040366918000078, 144.305999999996857 ], [ -74.542522714999961, 6.040444845000028, 144.100699999995413 ], [ -74.542596791999983, 6.040524905000038, 143.872000000003027 ], [ -74.542671221999967, 6.040600011000034, 143.496799999993527 ], [ -74.542744768999967, 6.040675285000032, 142.383700000005774 ], [ -74.542821166999929, 6.040753470000054, 140.561000000001513 ], [ -74.542897918999969, 6.040833074000074, 138.397500000006403 ], [ -74.542975436999939, 6.040911607000051, 137.314100000003236 ], [ -74.543049615999962, 6.040989149000044, 138.581999999994878 ], [ -74.543134492999968, 6.041055308000059, 140.090400000000955 ], [ -74.543201778999958, 6.041141544000023, 141.905100000003586 ], [ -74.54327768099995, 6.041210218000082, 142.793499999999767 ], [ -74.543354607999959, 6.041288295000096, 143.839399999997113 ], [ -74.543433212999943, 6.041360359000056, 144.550399999992806 ], [ -74.543506114999943, 6.04144310600002, 145.070000000006985 ], [ -74.543591105999951, 6.04150906300006, 145.047500000000582 ], [ -74.543670817999939, 6.041583417000032, 144.998600000006263 ], [ -74.543748151999978, 6.041659133000074, 145.129100000005565 ], [ -74.543829005999953, 6.041729989000029, 145.883300000001327 ], [ -74.54391052499993, 6.041800231000028, 146.746400000003632 ], [ -74.543994670999936, 6.041875252000066, 147.504300000000512 ], [ -74.544075974999942, 6.041945177000056, 148.02390000000014 ], [ -74.544158431999961, 6.042015076000066, 148.057199999995646 ], [ -74.544242463999979, 6.04208511600009, 147.765199999994365 ], [ -74.54432454099998, 6.04215453900003, 147.171100000006845 ], [ -74.54440862899996, 6.042221204000069, 145.994399999995949 ], [ -74.54447303399995, 6.042274782000058, 144.951199999995879 ], [ -74.544493456999987, 6.042288718000064, 144.645000000004075 ], [ -74.544578158999954, 6.042355938000087, 143.453200000003562 ], [ -74.544748802999933, 6.04248807000006, 143.534899999998743 ], [ -74.544830102999981, 6.042549495000062, 144.249700000000303 ], [ -74.544913108999921, 6.042619162000067, 145.430300000007264 ], [ -74.544989793999932, 6.04269842800006, 146.68409999999858 ], [ -74.545056997999964, 6.042780788000067, 146.994699999995646 ], [ -74.545129518999943, 6.042856310000067, 146.692899999994552 ], [ -74.545260933999927, 6.042949880000062, 144.372499999997672 ], [ -74.545326187999933, 6.042998613000085, 142.822799999994459 ], [ -74.545347597999964, 6.043014602000041, 142.295499999992899 ], [ -74.545434454999977, 6.043081837000048, 139.865999999994528 ], [ -74.545522419999941, 6.043148296000047, 138.290399999998044 ], [ -74.545611493999928, 6.043211135000064, 137.381099999998696 ], [ -74.545733334999952, 6.043297169000028, 137.494900000005146 ], [ -74.545788835999986, 6.043336672000087, 137.971300000004703 ], [ -74.545879032999949, 6.043400155000042, 138.625299999999697 ], [ -74.545969253999942, 6.043461159000072, 139.151199999992969 ], [ -74.545999776999949, 6.043480835000045, 139.38310000000638 ], [ -74.546061606999956, 6.043520757000087, 139.853199999997742 ], [ -74.546151237999936, 6.043577548000042, 140.54660000000149 ], [ -74.546228889999966, 6.043626869000033, 141.145999999993364 ], [ -74.546243695999976, 6.043636273000064, 141.245999999999185 ], [ -74.546334991999956, 6.043693024000047, 141.466599999999744 ], [ -74.546426473999972, 6.043749571000025, 141.550499999997555 ], [ -74.546519097999976, 6.043808421000054, 141.359599999996135 ], [ -74.546610049999956, 6.043866755000054, 139.721999999994296 ], [ -74.546701512999974, 6.04392726700009, 138.289999999993597 ], [ -74.546796486999924, 6.043982493000029, 137.407800000000861 ], [ -74.546887823999953, 6.044040392000076, 137.031199999997625 ], [ -74.546987451999939, 6.044082307000053, 136.960399999996298 ], [ -74.54702156799992, 6.044093511000026, 136.986999999993714 ], [ -74.547088899999949, 6.044116374000058, 137.189299999998184 ], [ -74.547191363999957, 6.044154700000059, 137.662100000001374 ], [ -74.547254307999921, 6.044204362000111, 137.759799999999814 ], [ -74.547344014999965, 6.044265896000064, 137.827499999999418 ], [ -74.547436464999976, 6.044323773000039, 137.400200000003679 ], [ -74.547624458999948, 6.044431498000026, 136.802400000000489 ], [ -74.547717815999974, 6.044485555000074, 136.602799999993294 ], [ -74.547811335999924, 6.044541511000048, 136.396200000002864 ], [ -74.547903060999928, 6.04459740000006, 136.058099999994738 ], [ -74.54800103299992, 6.044659809000047, 135.54670000000624 ], [ -74.548095024999938, 6.044719187000069, 135.5962 ], [ -74.54817939899992, 6.044776775000088, 136.175199999997858 ], [ -74.548270592999984, 6.044834752000061, 137.012700000006589 ], [ -74.548358747999941, 6.044897215000071, 137.713600000002771 ], [ -74.548518729999941, 6.045006714000094, 138.225800000000163 ], [ -74.548678710999965, 6.045116214000079, 137.820699999996577 ], [ -74.548838692999936, 6.045225713000059, 136.870800000004238 ], [ -74.548919067999975, 6.04529410400004, 136.618400000006659 ], [ -74.54900144899996, 6.04536423100009, 136.842199999999139 ], [ -74.549081623999925, 6.04543551700004, 137.4856 ], [ -74.549154628999972, 6.04551400400004, 138.291400000001886 ], [ -74.549227880999979, 6.045594164000045, 139.044299999994109 ], [ -74.549312282999949, 6.045676598000032, 139.725800000000163 ], [ -74.549362523999932, 6.045772273000098, 139.736399999994319 ], [ -74.549407259999938, 6.045871576000048, 139.333499999993364 ], [ -74.549452048999967, 6.045969823000101, 138.938800000003539 ], [ -74.549495677999971, 6.0460690080001, 138.766399999993155 ], [ -74.54953984199993, 6.046168833000031, 138.762000000002445 ], [ -74.549584911999943, 6.0462664990001, 139.009600000004866 ], [ -74.549630456999978, 6.046365745000068, 139.334900000001653 ], [ -74.549675767999972, 6.046466291000065, 139.532200000001467 ], [ -74.549715594999952, 6.046567478000069, 139.408400000000256 ], [ -74.549752145999932, 6.046669211000062, 138.560800000006566 ], [ -74.549790886999958, 6.046769247000038, 137.516900000002352 ], [ -74.549829091999982, 6.046871469000061, 136.800799999997253 ], [ -74.549867870999947, 6.046974254000088, 136.42170000000624 ], [ -74.549914663999957, 6.047072669000065, 136.058799999998882 ], [ -74.549971978999949, 6.047163509000052, 135.723800000007031 ], [ -74.550025613999921, 6.047257532000062, 135.376999999993131 ], [ -74.550076482999927, 6.047353990000015, 135.305300000007264 ], [ -74.550127303999929, 6.047451308000076, 134.986199999999371 ], [ -74.550174221999939, 6.047548104000047, 134.618000000002212 ], [ -74.550219936999937, 6.047645616000062, 134.253299999996671 ], [ -74.550265375999956, 6.047745970000063, 133.898199999995995 ], [ -74.550308405999928, 6.047845502000041, 133.414600000003702 ], [ -74.550350474999959, 6.047946143000075, 133.152799999996205 ], [ -74.550392829999964, 6.048045317000081, 133.308699999994133 ], [ -74.550439123999965, 6.048145696000107, 133.479300000006333 ], [ -74.550483859999986, 6.048246411000051, 133.817800000004354 ], [ -74.550530153999944, 6.048345550000028, 134.332099999999627 ], [ -74.550576280999962, 6.048444791000074, 134.967499999998836 ], [ -74.550622586999964, 6.048542864000067, 134.580600000001141 ], [ -74.550667441999948, 6.048641179000086, 134.041899999996531 ], [ -74.550711654999986, 6.048742343000069, 133.4182 ], [ -74.550755298999945, 6.048843900000076, 132.88300000000163 ], [ -74.550798578999917, 6.048944503000039, 132.352599999998347 ], [ -74.55084037999994, 6.049046057000071, 132.461599999995087 ], [ -74.550879576999975, 6.049138019000067, 133.217199999999139 ], [ -74.550883086999988, 6.049146253000077, 133.290900000007241 ], [ -74.550924890999966, 6.049247526000038, 134.191699999995762 ], [ -74.550962700999946, 6.049348373000085, 134.605200000005425 ], [ -74.551010699999949, 6.049475965000056, 134.918499999999767 ], [ -74.551056347999975, 6.049567048000045, 135.0 ], [ -74.551090871999961, 6.049669486000022, 135.0 ], [ -74.551133082999968, 6.049771608000074, 134.965100000001257 ], [ -74.551171477999958, 6.049867299000034, 135.274499999999534 ], [ -74.551213448999974, 6.04996533800009, 135.685200000007171 ], [ -74.551252199999965, 6.050059303000108, 135.984500000005937 ], [ -74.551290020999943, 6.050158454000032, 136.291899999996531 ], [ -74.551332435999939, 6.050256301000085, 136.667900000000373 ], [ -74.551377127999956, 6.050355372000074, 136.972200000003795 ], [ -74.551422868999964, 6.050454696000051, 136.053499999994528 ], [ -74.551469979999965, 6.050551830000099, 135.330900000000838 ], [ -74.551497241999982, 6.050631744000076, 134.958700000002864 ], [ -74.551537462999974, 6.050733262000058, 134.790299999993294 ], [ -74.551580299999955, 6.050833606000033, 134.74210000000312 ], [ -74.551624259999983, 6.050931344000062, 134.843800000002375 ], [ -74.551667748999989, 6.051032285000076, 135.001799999998184 ], [ -74.551711194999925, 6.051134249000039, 135.013200000001234 ], [ -74.551751592999949, 6.051233499000052, 134.910799999997835 ], [ -74.551793867999933, 6.051334272000096, 134.692299999995157 ], [ -74.551836494999961, 6.051435811000037, 134.406099999992875 ], [ -74.551880650999976, 6.05153613300007, 134.613400000002002 ], [ -74.551926259999959, 6.051636551000098, 134.815799999996671 ], [ -74.55197181599992, 6.051736877000063, 135.018400000000838 ], [ -74.552015965999928, 6.05183725900002, 135.30449999999837 ], [ -74.552056117999939, 6.051938091000087, 135.515299999999115 ], [ -74.552097019999948, 6.052040218000062, 135.658200000005309 ], [ -74.55213882799994, 6.052141105000054, 135.883199999996577 ], [ -74.552180248999932, 6.05224339300005, 136.226999999998952 ], [ -74.552222837999963, 6.052345280000054, 136.270499999998719 ], [ -74.552265340999952, 6.052445305000083, 136.190600000001723 ], [ -74.552307776999953, 6.052545594000033, 135.882800000006682 ], [ -74.552352182999982, 6.052645402000062, 135.450700000001234 ], [ -74.552398842999935, 6.052744118000031, 135.247199999997974 ], [ -74.552446036999982, 6.052843439000054, 135.768100000001141 ], [ -74.552493421999955, 6.052941867000079, 136.614400000005844 ], [ -74.552539907, 6.053043596000088, 137.035000000003492 ], [ -74.552589282999975, 6.053141674000082, 137.119099999996251 ], [ -74.552612161999946, 6.053190317000039, 137.092900000003283 ], [ -74.552631477999952, 6.053241534000072, 137.094800000006217 ], [ -74.55268216099995, 6.053338283000099, 136.690100000007078 ], [ -74.552728302999967, 6.053436455000081, 136.731899999998859 ], [ -74.552774339999985, 6.053534834000075, 137.096300000004703 ], [ -74.552821890999937, 6.053634292000027, 137.549499999993714 ], [ -74.552869817999948, 6.053732972000061, 137.929099999993923 ], [ -74.552917930999953, 6.053831581000055, 138.435100000002421 ], [ -74.552966938999973, 6.053929688000053, 138.193899999998393 ], [ -74.553014177999955, 6.054028355000081, 137.482000000003609 ], [ -74.553051994999961, 6.054129826000043, 136.931500000006054 ], [ -74.553079636999925, 6.054236074000087, 136.365099999995437 ], [ -74.553107308999955, 6.054343208000041, 135.711100000000442 ], [ -74.553133037999942, 6.054449223000065, 135.257299999997485 ], [ -74.553156484999974, 6.054555044000062, 135.287100000001374 ], [ -74.553180276999967, 6.054662293000058, 135.385899999993853 ], [ -74.553202734999957, 6.054768623000027, 136.087700000003679 ], [ -74.553214901999979, 6.054826444000087, 136.583799999993062 ], [ -74.553225988999927, 6.054876098000038, 137.041400000001886 ], [ -74.553247795999923, 6.054983449000094, 137.935700000001816 ], [ -74.553268083999967, 6.055085633000022, 138.387000000002445 ], [ -74.553297798999935, 6.05519633500007, 138.898100000005797 ], [ -74.553321452999967, 6.055304752000061, 139.027700000006007 ], [ -74.553346636999947, 6.055410369000068, 139.127500000002328 ], [ -74.553370726999944, 6.055516793000058, 139.27379999999539 ], [ -74.553409206999959, 6.055680301000059, 139.415299999993294 ], [ -74.553447686999945, 6.055843809000057, 139.397500000006403 ], [ -74.553465902999946, 6.055956575000048, 139.186000000001513 ], [ -74.553482067999937, 6.056052774000033, 138.848599999997532 ], [ -74.553472528999961, 6.056158905000075, 137.814899999997579 ], [ -74.553456526999966, 6.056268737000065, 136.793799999999464 ], [ -74.553460690999941, 6.056360601000049, 135.938800000003539 ], [ -74.553471521999924, 6.056386883000084, 135.678100000004633 ], [ -74.553502107999975, 6.056461101000043, 134.983600000006845 ], [ -74.553562539999945, 6.056551601000022, 134.211200000005192 ], [ -74.553611339999975, 6.056650850000033, 133.779800000003888 ], [ -74.553654947999974, 6.056749154000046, 133.574800000002142 ], [ -74.553697463999981, 6.056846525000028, 133.48410000000149 ], [ -74.553775307999956, 6.057046019000049, 133.761899999997695 ], [ -74.553853152999977, 6.05724551300005, 134.048500000004424 ], [ -74.553930996999952, 6.057445007000109, 134.335099999996601 ], [ -74.554008841999973, 6.057644501000026, 134.621700000003329 ], [ -74.554053894999981, 6.057756336000089, 134.787599999996019 ], [ -74.554081120999953, 6.057827252000029, 134.887900000001537 ], [ -74.554088853999986, 6.057847395000101, 134.916299999997136 ], [ -74.554179806999954, 6.058084301000086, 134.497600000002421 ], [ -74.554270759999937, 6.058321206000065, 133.827900000003865 ], [ -74.554361712999935, 6.058558111000042, 133.429699999993318 ], [ -74.554452665999946, 6.058795017000067, 133.744200000001001 ], [ -74.554543618999958, 6.059031922000048, 133.409299999999348 ], [ -74.554634571999955, 6.059268827000038, 133.074500000002445 ], [ -74.554725524999981, 6.05950573200005, 133.0 ], [ -74.554816478999953, 6.059742637000062, 133.0 ], [ -74.554907431999922, 6.059979543000087, 133.498999999996158 ], [ -74.554998385999951, 6.06021644800007, 133.470000000001164 ], [ -74.555089338999949, 6.06045335300009, 133.084000000002561 ], [ -74.555180292999964, 6.060690258000034, 133.130499999999302 ], [ -74.555228102999934, 6.060815801000044, 132.709799999996903 ], [ -74.555228962999934, 6.060818060000055, 132.700599999996484 ], [ -74.555247709999946, 6.060867287000061, 132.485899999999674 ], [ -74.555310345999928, 6.061024934000044, 131.367800000007264 ], [ -74.555399389999934, 6.061260189000077, 129.967900000003283 ], [ -74.555488433999983, 6.061495444000059, 130.187000000005355 ], [ -74.555577477999961, 6.061730699000088, 130.996400000003632 ], [ -74.555666521999967, 6.061965953000042, 131.237099999998463 ], [ -74.555755566999935, 6.062201208000037, 130.309299999993527 ], [ -74.555844610999941, 6.062436463000062, 130.153500000000349 ], [ -74.555884337999942, 6.062546250000016, 130.003700000001118 ], [ -74.555966783999949, 6.062774094000084, 132.381999999997788 ], [ -74.556049229999985, 6.063001937000032, 135.130499999999302 ], [ -74.556012801999941, 6.06308675900007, 135.981199999994715 ] ] ] } }
]
}
