{
"type": "FeatureCollection",
"name": "DUCTO_ESTRUCTURACION_NT",
"crs": { "type": "name", "properties": { "name": "urn:ogc:def:crs:OGC:1.3:CRS84" } },
"features": [
{ "type": "Feature", "properties": { "GASODUCTO": "BOYACA - SANTANDER", "TRAMO": "Barbosa", "TP_DUCTO": "Ramal", "DISTRITO": "5", "DIAMETRO": "2", "TRM_REG": "GASODUCTO RAMALES BOYACA - SANTANDER", "ZONA": "3", "PK_INICIO": "000+000", "PK_FIN": "000+098", "LONGITUD": 0.10090786218528534, "ESTADO": "ESTRUCTURACIÓN", "SERVICIO": "NUEVAS TECNOLOGÍAS" }, "geometry": { "type": "MultiLineString", "coordinates": [ [ [ -73.603836459999968, 5.937897222000061, 1489.440300000002026 ], [ -73.604079490999936, 5.937906806000058, 1493.161200000002282 ], [ -73.604283017999933, 5.937921603000063, 1496.873099999997066 ], [ -73.604345945999967, 5.937925025000027, 1498.0144 ], [ -73.604389645999959, 5.937928125000042, 1498.633799999995972 ], [ -73.604441045999977, 5.937937625000075, 1498.804199999998673 ], [ -73.604498845999956, 5.937987925000073, 1498.980400000000373 ], [ -73.604532845999984, 5.938035525000032, 1499.000599999999395 ], [ -73.604540541999938, 5.938058295000076, 1499.03179999999702 ], [ -73.604547345999947, 5.938078425000072, 1499.0576 ], [ -73.604522685999939, 5.938200804000076, 1499.281700000006822 ] ] ] } },
{ "type": "Feature", "properties": { "GASODUCTO": "BOYACA - SANTANDER", "TRAMO": "Chipatá", "TP_DUCTO": "Ramal", "DISTRITO": "5", "DIAMETRO": "2", "TRM_REG": "GASODUCTO RAMALES BOYACA - SANTANDER", "ZONA": "3", "PK_INICIO": "000+000", "PK_FIN": "006+517", "LONGITUD": 6.5244888114230726, "ESTADO": "ESTRUCTURACIÓN", "SERVICIO": "NUEVAS TECNOLOGÍAS" }, "geometry": { "type": "MultiLineString", "coordinates": [ [ [ -73.628060934999951, 6.015712674000042, 0.0 ], [ -73.628134848999935, 6.015801092000061, 0.0 ], [ -73.628289248999977, 6.01595844700006, 0.0 ], [ -73.628443648999962, 6.016115801000069, 0.0 ], [ -73.628627133999942, 6.016304218000073, 0.0 ], [ -73.628810619999967, 6.016492636000066, 0.0 ], [ -73.628994104999947, 6.01668105300007, 0.0 ], [ -73.629197051999938, 6.016840527000056, 0.0 ], [ -73.6294, 6.017000001000042, 0.0 ], [ -73.629415929999936, 6.017100468000024, 0.0 ], [ -73.629495180999982, 6.017285758000071, 0.0 ], [ -73.62957443199997, 6.017471047000072, 0.0 ], [ -73.629632728999979, 6.017662594000058, 0.0 ], [ -73.629691025999989, 6.017854140000054, 0.0 ], [ -73.629720173999942, 6.018041523000022, 0.0 ], [ -73.629749322999942, 6.018228905000058, 0.0 ], [ -73.629757650999977, 6.018420452000043, 0.0 ], [ -73.629765978999956, 6.01861199800004, 0.0 ], [ -73.629716009999981, 6.018861842000035, 0.0 ], [ -73.629588054999942, 6.019079200000022, 0.0 ], [ -73.62938976199996, 6.01922502900004, 0.0 ], [ -73.629191467999988, 6.019370857000069, 0.0 ], [ -73.628993174999948, 6.019516686000031, 0.0 ], [ -73.628794880999976, 6.019662514000061, 0.0 ], [ -73.628596587999937, 6.019808343000022, 0.0 ], [ -73.628398293999965, 6.019954171000052, 0.0 ], [ -73.6282, 6.020099999000024, 0.0 ], [ -73.627976655999987, 6.020185152000067, 0.0 ], [ -73.627753311999982, 6.020270304000064, 0.0 ], [ -73.627600134999966, 6.02037440600003, 0.0 ], [ -73.627446956999961, 6.020478507000064, 0.0 ], [ -73.627226169999972, 6.020635686000048, 0.0 ], [ -73.627005382999982, 6.020792864000043, 0.0 ], [ -73.626884644999961, 6.020909621000044, 0.0 ], [ -73.62676390699994, 6.021026377000055, 0.0 ], [ -73.626734173999978, 6.021060381000041, 0.0 ], [ -73.626623738999967, 6.02118667700006, 0.0 ], [ -73.626513303999957, 6.021312973000022, 0.0 ], [ -73.626390594999975, 6.021453306000069, 0.0 ], [ -73.626267885999937, 6.021593639000059, 0.0 ], [ -73.626169576999985, 6.021706068000071, 0.0 ], [ -73.626071267999976, 6.021818496000037, 0.0 ], [ -73.626, 6.0219, 0.0 ], [ -73.625868644999969, 6.022097032000033, 0.0 ], [ -73.625854865999941, 6.02211770100007, 0.0 ], [ -73.625741753999989, 6.022287370000072, 0.0 ], [ -73.625628641999981, 6.022457038000027, 0.0 ], [ -73.625618718999988, 6.022471923000069, 0.0 ], [ -73.6256, 6.022500001000026, 0.0 ], [ -73.625545133999935, 6.022742083000026, 0.0 ], [ -73.625490266999975, 6.022984165000025, 0.0 ], [ -73.625435399999958, 6.023226246000036, 0.0 ], [ -73.625380533999987, 6.023468328000035, 0.0 ], [ -73.62532566699997, 6.023710410000035, 0.0 ], [ -73.62524424999998, 6.023907807000057, 0.0 ], [ -73.62516283399998, 6.024105205000069, 0.0 ], [ -73.625081416999933, 6.024302602000034, 0.0 ], [ -73.625, 6.024499999000057, 0.0 ], [ -73.62491734699995, 6.024687165000046, 0.0 ], [ -73.624834694999947, 6.024874331000035, 0.0 ], [ -73.624752041999955, 6.025061497000024, 0.0 ], [ -73.624608818999945, 6.025246578000065, 0.0 ], [ -73.624465596999983, 6.025431660000038, 0.0 ], [ -73.624322373999973, 6.025616741000022, 0.0 ], [ -73.624162903999945, 6.02583181600005, 0.0 ], [ -73.624003432999984, 6.026046890000032, 0.0 ], [ -73.623921447999976, 6.026179039000056, 0.0 ], [ -73.623839461999978, 6.026311188000022, 0.0 ], [ -73.623729646999948, 6.026521549000051, 0.0 ], [ -73.623619830999985, 6.026731909000034, 0.0 ], [ -73.62361743799994, 6.026900440000077, 0.0 ], [ -73.623615044999951, 6.027068971000062, 0.0 ], [ -73.623644815999967, 6.027289892000056, 0.0 ], [ -73.623510317999944, 6.027474763000043, 0.0 ], [ -73.623331342999961, 6.027619866000066, 0.0 ], [ -73.623152368999968, 6.027764969000032, 0.0 ], [ -73.622973393999985, 6.027910072000054, 0.0 ], [ -73.622836696999968, 6.028055036000069, 0.0 ], [ -73.6227, 6.0282, 0.0 ], [ -73.622532457999966, 6.028365844000064, 0.0 ], [ -73.62236491699997, 6.028531688000044, 0.0 ], [ -73.622197374999985, 6.028697532000024, 0.0 ], [ -73.622092192999958, 6.028925127000036, 0.0 ], [ -73.622066190999988, 6.029139248000035, 0.0 ], [ -73.621933095999964, 6.029319624000038, 0.0 ], [ -73.6218, 6.0295, 0.0 ], [ -73.621723805999977, 6.029745922000075, 0.0 ], [ -73.621633136999947, 6.029892936000067, 0.0 ], [ -73.621542467999973, 6.03003994900007, 0.0 ], [ -73.621519, 6.030078, 0.0 ], [ -73.621413622999967, 6.030314451000038, 0.0 ], [ -73.621308245999955, 6.030550901000026, 0.0 ], [ -73.621202868999944, 6.030787352000061, 0.0 ], [ -73.621097490999944, 6.03102380200005, 0.0 ], [ -73.620992113999989, 6.031260253000028, 0.0 ], [ -73.620865837999986, 6.031497817000059, 0.0 ], [ -73.620739561999983, 6.031735382000022, 0.0 ], [ -73.62061328599998, 6.031972946000053, 0.0 ], [ -73.620544203999941, 6.032180210000035, 0.0 ], [ -73.62047512099997, 6.032387475000064, 0.0 ], [ -73.620406038999988, 6.032594739000047, 0.0 ], [ -73.62033695599996, 6.032802003000029, 0.0 ], [ -73.620236423999984, 6.033024620000049, 0.0 ], [ -73.620135890999961, 6.033247237000069, 0.0 ], [ -73.620055780999962, 6.03345125900006, 0.0 ], [ -73.619975670999963, 6.033655280000062, 0.0 ], [ -73.619929125999988, 6.033799608000038, 0.0 ], [ -73.619882579999967, 6.033943935000025, 0.0 ], [ -73.619882175999976, 6.033945188000075, 0.0 ], [ -73.6198, 6.0342, 0.0 ], [ -73.619680117999962, 6.034413766000057, 0.0 ], [ -73.619677713999977, 6.034418053000024, 0.0 ], [ -73.619594930999938, 6.034565667000038, 0.0 ], [ -73.619512147999956, 6.034713280000062, 0.0 ], [ -73.619450890999985, 6.034928443000069, 0.0 ], [ -73.619389633999958, 6.03514360500003, 0.0 ], [ -73.61930634099997, 6.035359571000072, 0.0 ], [ -73.619223047999981, 6.035575537000057, 0.0 ], [ -73.619222278999985, 6.035577529000022, 0.0 ], [ -73.61916890699996, 6.035715915000026, 0.0 ], [ -73.61913464099996, 6.035777600000074, 0.0 ], [ -73.619076406999966, 6.03588243300004, 0.0 ], [ -73.619045902999972, 6.035937346000026, 0.0 ], [ -73.618968194999979, 6.03607723500005, 0.0 ], [ -73.618967701999964, 6.036078124000028, 0.0 ], [ -73.6189, 6.0362, 0.0 ], [ -73.618894440999952, 6.036202507000041, 0.0 ], [ -73.618763749999971, 6.036261440000033, 0.0 ], [ -73.618762757999946, 6.036261887000023, 0.0 ], [ -73.61870485999998, 6.036287995000066, 0.0 ], [ -73.618695567999964, 6.036317409000048, 0.0 ], [ -73.618683415999953, 6.036341182000058, 0.0 ], [ -73.618683254999951, 6.036341497000024, 0.0 ], [ -73.618663571999946, 6.036380004000023, 0.0 ], [ -73.618587166999987, 6.036529475000066, 0.0 ], [ -73.618532396999967, 6.036636621000071, 0.0 ], [ -73.6185, 6.036699999000064, 0.0 ], [ -73.618430277999948, 6.036825372000067, 0.0 ], [ -73.618301634999966, 6.037056698000072, 0.0 ], [ -73.618237563999969, 6.03717750200002, 0.0 ], [ -73.618173492999972, 6.037298305000036, 0.0 ], [ -73.61811395899997, 6.037534851000032, 0.0 ], [ -73.618054424999968, 6.037771397000029, 0.0 ], [ -73.618098903999964, 6.037982965000026, 0.0 ], [ -73.618142499999976, 6.038190334000035, 0.0 ], [ -73.618186095999988, 6.038397703000044, 0.0 ], [ -73.618386724999937, 6.038574026000049, 0.0 ], [ -73.618587354999988, 6.038750349000054, 0.0 ], [ -73.618675906999954, 6.038813431000051, 0.0 ], [ -73.618780219999962, 6.038912499000048, 0.0 ], [ -73.618884532999971, 6.039011567000045, 0.0 ], [ -73.618978354999967, 6.039224638000064, 0.0 ], [ -73.619072176999964, 6.039437709000026, 0.0 ], [ -73.619165998999961, 6.039650780000045, 0.0 ], [ -73.619243998999934, 6.039833854000051, 0.0 ], [ -73.619322, 6.040016927000067, 0.0 ], [ -73.6194, 6.040200001000073, 0.0 ], [ -73.619523066999989, 6.040352829000028, 0.0 ], [ -73.619646133999936, 6.04050565700004, 0.0 ], [ -73.619797422999966, 6.04070377100004, 0.0 ], [ -73.61994871099995, 6.040901885000039, 0.0 ], [ -73.6201, 6.041099999000039, 0.0 ], [ -73.620233863999943, 6.041302717000065, 0.0 ], [ -73.620367727999962, 6.041505435000033, 0.0 ], [ -73.620582411999976, 6.041669726000066, 0.0 ], [ -73.620797096999979, 6.041834017000042, 0.0 ], [ -73.620805472999962, 6.041840427000068, 0.0 ], [ -73.620907087999967, 6.042067989000032, 0.0 ], [ -73.621008703999962, 6.042295550000063, 0.0 ], [ -73.6211, 6.0425, 0.0 ], [ -73.621158805999983, 6.042712747000053, 0.0 ], [ -73.621161040999937, 6.042720834000022, 0.0 ], [ -73.621211492999976, 6.042903358000046, 0.0 ], [ -73.621241906999956, 6.043013392000034, 0.0 ], [ -73.621242801999983, 6.043016627000043, 0.0 ], [ -73.62126587399996, 6.043100098000025, 0.0 ], [ -73.621304973999941, 6.043230039000036, 0.0 ], [ -73.621344073999978, 6.043359980000048, 0.0 ], [ -73.621334, 6.043449186000032, 0.0 ], [ -73.621330887999989, 6.043705635000038, 0.0 ], [ -73.621327775999987, 6.043962084000043, 0.0 ], [ -73.621369729999969, 6.044216401000028, 0.0 ], [ -73.621411683999952, 6.044470717000024, 0.0 ], [ -73.621453637999934, 6.044725034000066, 0.0 ], [ -73.621468685999957, 6.044747380000047, 0.0 ], [ -73.621505343999956, 6.044801816000074, 0.0 ], [ -73.62166377799997, 6.044961379000029, 0.0 ], [ -73.621822210999937, 6.045120943000029, 0.0 ], [ -73.621980644999951, 6.04528050600004, 0.0 ], [ -73.622, 6.045299999000065, 0.0 ], [ -73.622153404999949, 6.045424494000031, 0.0 ], [ -73.622306809999941, 6.045548990000043, 0.0 ], [ -73.622460214999933, 6.045673485000066, 0.0 ], [ -73.622491646999947, 6.04570078100005, 0.0 ], [ -73.622643750999941, 6.045893914000033, 0.0 ], [ -73.622795855999982, 6.046087046000025, 0.0 ], [ -73.622843037999985, 6.046120366000025, 0.0 ], [ -73.622866897999984, 6.046137216000034, 0.0 ], [ -73.622879657999988, 6.046146227000065, 0.0 ], [ -73.622914975999947, 6.046171168000058, 0.0 ], [ -73.622941707999985, 6.046190047000039, 0.0 ], [ -73.623109130999978, 6.046308280000062, 0.0 ], [ -73.623223012999972, 6.046388704000037, 0.0 ], [ -73.623370291999947, 6.046492712000031, 0.0 ], [ -73.623461148999979, 6.046556875000022, 0.0 ], [ -73.623553731999948, 6.046622257000024, 0.0 ], [ -73.623616309999989, 6.046685936000074, 0.0 ], [ -73.623680812999964, 6.046751574000041, 0.0 ], [ -73.623759116999963, 6.046831256000075, 0.0 ], [ -73.623888398999952, 6.046977129000027, 0.0 ], [ -73.623916716999986, 6.047009081000056, 0.0 ], [ -73.623957325999982, 6.047059208000064, 0.0 ], [ -73.624, 6.0471, 0.0 ], [ -73.624022486999934, 6.047116107000022, 0.0 ], [ -73.624045365999962, 6.047132495000028, 0.0 ], [ -73.624093899999934, 6.047145100000023, 0.0 ], [ -73.624170763999985, 6.047123929000065, 0.0 ], [ -73.624178882999956, 6.047120147000044, 0.0 ], [ -73.624200060999954, 6.047110283000052, 0.0 ], [ -73.624243812999964, 6.047089903000028, 0.0 ], [ -73.624424651999959, 6.04700067300007, 0.0 ], [ -73.624601472999984, 6.046903446000044, 0.0 ], [ -73.624778293999952, 6.046806219000075, 0.0 ], [ -73.624904994999952, 6.046733761000041, 0.0 ], [ -73.625031694999961, 6.046661302000075, 0.0 ], [ -73.625215847999982, 6.046630651000044, 0.0 ], [ -73.6254, 6.046599999000023, 0.0 ], [ -73.625656264999975, 6.046564829000033, 0.0 ], [ -73.625912528999947, 6.046529659000043, 0.0 ], [ -73.626154027999974, 6.04652519800004, 0.0 ], [ -73.626395527999989, 6.046520736000048, 0.0 ], [ -73.626607645999968, 6.046571809000056, 0.0 ], [ -73.62666491799996, 6.046724527000038, 0.0 ], [ -73.626649687999986, 6.046911794000039, 0.0 ], [ -73.626634458999945, 6.04709906000005, 0.0 ], [ -73.626619228999971, 6.047286327000052, 0.0 ], [ -73.626602815999945, 6.047431853000035, 0.0 ], [ -73.626581352999949, 6.047624661000043, 0.0 ], [ -73.626559888999964, 6.047817469000051, 0.0 ], [ -73.626541487999987, 6.047996452000064, 0.0 ], [ -73.626533321999943, 6.048075879000066, 0.0 ], [ -73.626516660999982, 6.048237940000035, 0.0 ], [ -73.6265, 6.0484, 0.0 ], [ -73.626474720999965, 6.048551672000031, 0.0 ], [ -73.626437360999944, 6.048775837000051, 0.0 ], [ -73.6264, 6.049000001000024, 0.0 ], [ -73.626397184999973, 6.049138969000069, 0.0 ], [ -73.626394369999957, 6.049277936000067, 0.0 ], [ -73.626397883999971, 6.049541352000062, 0.0 ], [ -73.626398000999984, 6.049550170000032, 0.0 ], [ -73.626399724999942, 6.049679405000063, 0.0 ], [ -73.6264, 6.04969999900004, 0.0 ], [ -73.626375809999956, 6.04976762900003, 0.0 ], [ -73.626351448999969, 6.049792789000037, 0.0 ], [ -73.626264120999963, 6.049882980000064, 0.0 ], [ -73.626201633999983, 6.049947517000021, 0.0 ], [ -73.626046492999933, 6.050056496000025, 0.0 ], [ -73.625936085999967, 6.050212589000068, 0.0 ], [ -73.625878978999935, 6.050416271000074, 0.0 ], [ -73.625859499999933, 6.050630600000034, 0.0 ], [ -73.626002124999957, 6.050858017000053, 0.0 ], [ -73.626, 6.051100001000066, 0.0 ], [ -73.626013533999981, 6.05123956400007, 0.0 ], [ -73.626027067999985, 6.051379126000029, 0.0 ], [ -73.626011783999957, 6.05158336300002, 0.0 ], [ -73.625996499999985, 6.051787600000068, 0.0 ], [ -73.626042196999947, 6.051940933000026, 0.0 ], [ -73.626087894999955, 6.05209426600004, 0.0 ], [ -73.62615584699995, 6.052228709000076, 0.0 ], [ -73.626223798999945, 6.052363152000055, 0.0 ], [ -73.626357619999965, 6.052493209000033, 0.0 ], [ -73.626491441999974, 6.052623266000069, 0.0 ], [ -73.626625262999937, 6.052753323000047, 0.0 ], [ -73.62681263099995, 6.052876661000028, 0.0 ], [ -73.627, 6.052999999000065, 0.0 ], [ -73.627138254999977, 6.053091852000023, 0.0 ], [ -73.627301886999987, 6.053180077000036, 0.0 ], [ -73.627465519999987, 6.053268302000049, 0.0 ], [ -73.627476851999972, 6.05353165300005, 0.0 ], [ -73.627488184999947, 6.053795004000051, 0.0 ], [ -73.627496618999942, 6.053990985000041, 0.0 ], [ -73.627498790999937, 6.054041463000033, 0.0 ], [ -73.627497265999978, 6.054112769000028, 0.0 ], [ -73.627495303999979, 6.054204514000048, 0.0 ], [ -73.62749086599996, 6.054412002000049, 0.0 ], [ -73.627486427999941, 6.054619489000061, 0.0 ], [ -73.627505232999965, 6.054847098000039, 0.0 ], [ -73.627524038999979, 6.055074706000028, 0.0 ], [ -73.627549458999965, 6.055287338000028, 0.0 ], [ -73.627574879999941, 6.055499969000039, 0.0 ], [ -73.627637439999944, 6.055749985000034, 0.0 ], [ -73.6277, 6.056, 0.0 ], [ -73.627728021999985, 6.056135880000056, 0.0 ], [ -73.627910348999933, 6.056209147000061, 0.0 ], [ -73.628092675999937, 6.056282413000076, 0.0 ], [ -73.628138673999956, 6.056289168000035, 0.0 ], [ -73.628306303999977, 6.056313787000022, 0.0 ], [ -73.628473934999988, 6.056338406000066, 0.0 ], [ -73.628562415999966, 6.05635140000004, 0.0 ], [ -73.62867351999995, 6.056365519000053, 0.0 ], [ -73.628684530999976, 6.056366918000037, 0.0 ], [ -73.628839163999942, 6.05638656800005, 0.0 ], [ -73.628993797999954, 6.056406218000063, 0.0 ], [ -73.629002175999972, 6.056411169000057, 0.0 ], [ -73.629184493999958, 6.056518917000062, 0.0 ], [ -73.629366812999933, 6.056626666000057, 0.0 ], [ -73.629549130999976, 6.056734414000061, 0.0 ], [ -73.629778553999984, 6.056804591000059, 0.0 ], [ -73.630007976999934, 6.056874769000046, 0.0 ], [ -73.630237399999942, 6.056944946000044, 0.0 ], [ -73.630463978999956, 6.056940139000062, 0.0 ], [ -73.630690557999969, 6.056935333000069, 0.0 ], [ -73.630917136999983, 6.056930526000031, 0.0 ], [ -73.631112653999935, 6.056899662000035, 0.0 ], [ -73.631194242999982, 6.056892487000027, 0.0 ], [ -73.631352042999936, 6.056902887000035, 0.0 ], [ -73.631509842999947, 6.056913287000043, 0.0 ], [ -73.631720599999937, 6.057015, 0.0 ], [ -73.63185628399998, 6.057172772000058, 0.0 ], [ -73.632047940999939, 6.057269661000021, 0.0 ], [ -73.632239596999966, 6.057366549000051, 0.0 ], [ -73.632431253999982, 6.05746343800007, 0.0 ], [ -73.632598850999955, 6.057620801000041, 0.0 ], [ -73.632766446999938, 6.057778163000023, 0.0 ], [ -73.632934043999967, 6.057935526000051, 0.0 ], [ -73.632995022999978, 6.058147176000034, 0.0 ], [ -73.633056002999979, 6.058358826000074, 0.0 ], [ -73.633116981999933, 6.058570476000057, 0.0 ], [ -73.633149140999933, 6.058733290000021, 0.0 ], [ -73.633181300999979, 6.058896104000041, 0.0 ], [ -73.633177959999955, 6.059088054000028, 0.0 ], [ -73.633174618999988, 6.059280003000026, 0.0 ], [ -73.633175766999955, 6.059350247000054, 0.0 ], [ -73.633177271999955, 6.059442340000032, 0.0 ], [ -73.633177956999987, 6.059553263000055, 0.0 ] ] ] } },
{ "type": "Feature", "properties": { "GASODUCTO": "BOYACA - SANTANDER", "TRAMO": "Chitaraque", "TP_DUCTO": "Ramal", "DISTRITO": "5", "DIAMETRO": "2", "TRM_REG": "GASODUCTO RAMALES BOYACA - SANTANDER", "ZONA": "3", "PK_INICIO": "000+000", "PK_FIN": "008+210", "LONGITUD": 8.1325248964149708, "ESTADO": "ESTRUCTURACIÓN", "SERVICIO": "NUEVAS TECNOLOGÍAS" }, "geometry": { "type": "MultiLineString", "coordinates": [ [ [ -73.502066367999987, 6.048902782000027, 0.0 ], [ -73.502075849999983, 6.048990633000074, 0.0 ], [ -73.502066256999967, 6.049058995000053, 0.0 ], [ -73.502, 6.049000001000024, 0.0 ], [ -73.501802636999969, 6.049012107000067, 0.0 ], [ -73.501605273999985, 6.049024213000052, 0.0 ], [ -73.501436723999973, 6.04903721200003, 0.0 ], [ -73.501268173999961, 6.049050211000065, 0.0 ], [ -73.501044634999971, 6.049076118000073, 0.0 ], [ -73.500821094999935, 6.049102024000035, 0.0 ], [ -73.500554088999934, 6.049141538000072, 0.0 ], [ -73.500440714999968, 6.049150131000033, 0.0 ], [ -73.500220357999979, 6.049175066000032, 0.0 ], [ -73.5, 6.0492, 0.0 ], [ -73.499864035999963, 6.049197820000074, 0.0 ], [ -73.499728071999982, 6.049195639000061, 0.0 ], [ -73.499459750999961, 6.049191336000035, 0.0 ], [ -73.499258644999941, 6.04910097100003, 0.0 ], [ -73.499057539999967, 6.049010607000071, 0.0 ], [ -73.498856433999947, 6.048920242000065, 0.0 ], [ -73.498703122999984, 6.048804493000034, 0.0 ], [ -73.498549810999975, 6.048688743000071, 0.0 ], [ -73.498396499999956, 6.04857299400004, 0.0 ], [ -73.498295825999946, 6.048440060000075, 0.0 ], [ -73.498293602999979, 6.048437124000031, 0.0 ], [ -73.498170978999951, 6.048275206000028, 0.0 ], [ -73.498098844999959, 6.048179957000059, 0.0 ], [ -73.497959336999941, 6.047982165000064, 0.0 ], [ -73.49781982899998, 6.04778437300007, 0.0 ], [ -73.497680321999951, 6.047586580000029, 0.0 ], [ -73.497540813999933, 6.047388788000035, 0.0 ], [ -73.497390701999961, 6.047202540000058, 0.0 ], [ -73.497240589999933, 6.047016292000023, 0.0 ], [ -73.497077594999951, 6.046875105000026, 0.0 ], [ -73.496914598999979, 6.04673391700004, 0.0 ], [ -73.49675160399994, 6.046592730000043, 0.0 ], [ -73.496619464999981, 6.046451309000076, 0.0 ], [ -73.496487326999954, 6.046309888000053, 0.0 ], [ -73.496355187999939, 6.04616846700003, 0.0 ], [ -73.496162656999957, 6.046034061000057, 0.0 ], [ -73.495970124999985, 6.045899655000028, 0.0 ], [ -73.495777593999946, 6.045765249000056, 0.0 ], [ -73.495594412999935, 6.045621223000069, 0.0 ], [ -73.495411231999981, 6.045477196000036, 0.0 ], [ -73.495360084999959, 6.045434022000052, 0.0 ], [ -73.495294899999976, 6.045378998000047, 0.0 ], [ -73.495250618999989, 6.045339425000066, 0.0 ], [ -73.495199099999979, 6.04529020700005, 0.0 ], [ -73.495099549999964, 6.045195104000072, 0.0 ], [ -73.495, 6.0451, 0.0 ], [ -73.494824216999973, 6.044997013000057, 0.0 ], [ -73.494637957999942, 6.044887888000062, 0.0 ], [ -73.494451699999956, 6.044778764000057, 0.0 ], [ -73.494316090999973, 6.044683732000067, 0.0 ], [ -73.494180481999933, 6.04458869900003, 0.0 ], [ -73.494053188999942, 6.044460177000076, 0.0 ], [ -73.493925894999961, 6.044331656000054, 0.0 ], [ -73.49379860199997, 6.044203134000043, 0.0 ], [ -73.493699300999936, 6.044101567000041, 0.0 ], [ -73.4936, 6.044, 0.0 ], [ -73.493529556999988, 6.04382927000006, 0.0 ], [ -73.493447462999939, 6.043610652000041, 0.0 ], [ -73.493365369999935, 6.043392033000032, 0.0 ], [ -73.493321941999966, 6.043329826000047, 0.0 ], [ -73.493212859999971, 6.043173574000036, 0.0 ], [ -73.493106429999955, 6.04308678700005, 0.0 ], [ -73.493, 6.043, 0.0 ], [ -73.49288729999995, 6.042840237000064, 0.0 ], [ -73.492774599999962, 6.042680473000075, 0.0 ], [ -73.492716534999943, 6.042508749000035, 0.0 ], [ -73.49265847099997, 6.042337024000062, 0.0 ], [ -73.492603367999948, 6.042198984000038, 0.0 ], [ -73.492548264999982, 6.04206094400007, 0.0 ], [ -73.492519044999938, 6.041902968000045, 0.0 ], [ -73.4925, 6.0418, 0.0 ], [ -73.492519710999943, 6.041604087000053, 0.0 ], [ -73.4925, 6.0414, 0.0 ], [ -73.492384081999944, 6.041275722000023, 0.0 ], [ -73.492320482999958, 6.04123067300003, 0.0 ], [ -73.492318436999938, 6.041229223000073, 0.0 ], [ -73.492212760999962, 6.041154369000026, 0.0 ], [ -73.492013225999983, 6.041031403000034, 0.0 ], [ -73.4918, 6.040899999000032, 0.0 ], [ -73.491640537999956, 6.040705957000057, 0.0 ], [ -73.491481075999957, 6.040511915000025, 0.0 ], [ -73.491349477999961, 6.040342234000036, 0.0 ], [ -73.491217879999965, 6.040172553000048, 0.0 ], [ -73.491194221999933, 6.040142048000064, 0.0 ], [ -73.491177440999934, 6.040120411000032, 0.0 ], [ -73.491051626999933, 6.039980274000072, 0.0 ], [ -73.490925813999979, 6.039840137000056, 0.0 ], [ -73.4908, 6.0397, 0.0 ], [ -73.490625, 6.03955, 0.0 ], [ -73.49045, 6.039400001000047, 0.0 ], [ -73.490275, 6.039250001000028, 0.0 ], [ -73.4901, 6.039100001000065, 0.0 ], [ -73.48992930199995, 6.03892096200002, 0.0 ], [ -73.489821595999956, 6.038867555000024, 0.0 ], [ -73.489807123999981, 6.038860379000027, 0.0 ], [ -73.489632708999977, 6.038776384000073, 0.0 ], [ -73.489458294999963, 6.038692389000062, 0.0 ], [ -73.489340641999945, 6.038571344000047, 0.0 ], [ -73.489222989999973, 6.038450299000033, 0.0 ], [ -73.489034508999964, 6.038326058000052, 0.0 ], [ -73.488846028999944, 6.038201817000072, 0.0 ], [ -73.488657547999935, 6.038077575000045, 0.0 ], [ -73.488469067999972, 6.037953334000065, 0.0 ], [ -73.488384533999977, 6.037826667000047, 0.0 ], [ -73.4883, 6.03769999900004, 0.0 ], [ -73.488206749999961, 6.037594750000039, 0.0 ], [ -73.48811349999994, 6.037489500000049, 0.0 ], [ -73.488073188999977, 6.037264913000058, 0.0 ], [ -73.488032878999945, 6.037040325000021, 0.0 ], [ -73.487995880999961, 6.03683419500004, 0.0 ], [ -73.487958883999966, 6.036628066000048, 0.0 ], [ -73.487956124999982, 6.036612698000056, 0.0 ], [ -73.487943175999987, 6.036540552000076, 0.0 ], [ -73.4879, 6.0363, 0.0 ], [ -73.487846641999965, 6.036201528000049, 0.0 ], [ -73.487813384999981, 6.036140155000055, 0.0 ], [ -73.487782064999976, 6.03608235400003, 0.0 ], [ -73.487718799999982, 6.035965600000054, 0.0 ], [ -73.487670981999941, 6.035927097000069, 0.0 ], [ -73.487663317999989, 6.035920925000028, 0.0 ], [ -73.487535701999946, 6.035818167000059, 0.0 ], [ -73.487504996999974, 6.035793443000045, 0.0 ], [ -73.487361155999963, 6.035736417000066, 0.0 ], [ -73.487217315999942, 6.035679390000041, 0.0 ], [ -73.487008657999979, 6.035639695000043, 0.0 ], [ -73.4868, 6.035599999000056, 0.0 ], [ -73.486630467999987, 6.03557463900006, 0.0 ], [ -73.486460935999958, 6.035549278000076, 0.0 ], [ -73.48627079299996, 6.035523026000021, 0.0 ], [ -73.486080649999963, 6.035496773000034, 0.0 ], [ -73.485973693999938, 6.035304251000071, 0.0 ], [ -73.48586673799997, 6.035111728000061, 0.0 ], [ -73.485834035999972, 6.035048990000064, 0.0 ], [ -73.485764201999984, 6.03491501700006, 0.0 ], [ -73.485646884999937, 6.03468994800005, 0.0 ], [ -73.4856, 6.034600001000058, 0.0 ], [ -73.485544270999981, 6.034569040000065, 0.0 ], [ -73.485321391999946, 6.03444521800003, 0.0 ], [ -73.485293834999936, 6.034429909000039, 0.0 ], [ -73.485070338999947, 6.03430574500004, 0.0 ], [ -73.484846843999946, 6.034181580000052, 0.0 ], [ -73.484758143999954, 6.034132302000046, 0.0 ], [ -73.4847, 6.0341, 0.0 ], [ -73.484545157999946, 6.033987844000023, 0.0 ], [ -73.484390315999974, 6.033875687000034, 0.0 ], [ -73.484235473999945, 6.033763531000034, 0.0 ], [ -73.484109069999988, 6.03360323000004, 0.0 ], [ -73.483968491999974, 6.033424955000044, 0.0 ], [ -73.483827914999949, 6.033246681000037, 0.0 ], [ -73.483823555999948, 6.033241153000063, 0.0 ], [ -73.483694904999936, 6.033027157000049, 0.0 ], [ -73.483566253999982, 6.032813161000036, 0.0 ], [ -73.483483416999945, 6.032600921000039, 0.0 ], [ -73.483400580999955, 6.032388681000043, 0.0 ], [ -73.483196438999983, 6.032270577000077, 0.0 ], [ -73.482992297999942, 6.032152473000053, 0.0 ], [ -73.48278815599997, 6.032034368000041, 0.0 ], [ -73.482584014999986, 6.031916264000074, 0.0 ], [ -73.482412997999973, 6.031836892000058, 0.0 ], [ -73.482241980999959, 6.031757521000031, 0.0 ], [ -73.482070963999945, 6.031678149000072, 0.0 ], [ -73.481885141999953, 6.031579001000068, 0.0 ], [ -73.481699319999962, 6.031479854000054, 0.0 ], [ -73.481513498999959, 6.03138070600005, 0.0 ], [ -73.481327676999967, 6.031281558000046, 0.0 ], [ -73.481096903999969, 6.031209132000072, 0.0 ], [ -73.480866130999971, 6.031136705000051, 0.0 ], [ -73.480677420999939, 6.031091137000033, 0.0 ], [ -73.480488709999975, 6.031045568000025, 0.0 ], [ -73.4803, 6.031, 0.0 ], [ -73.480040519999989, 6.030967300000043, 0.0 ], [ -73.479781040999967, 6.030934600000023, 0.0 ], [ -73.479521560999956, 6.03090190000006, 0.0 ], [ -73.479274441999962, 6.030844430000059, 0.0 ], [ -73.479027321999979, 6.030786961000047, 0.0 ], [ -73.478780202999985, 6.030729491000045, 0.0 ], [ -73.478562544999988, 6.030704957000069, 0.0 ], [ -73.478344886999935, 6.030680423000035, 0.0 ], [ -73.478096053999934, 6.030752922000033, 0.0 ], [ -73.477894752999987, 6.030793576000065, 0.0 ], [ -73.477693451999983, 6.030834230000039, 0.0 ], [ -73.477492150999979, 6.03087488400007, 0.0 ], [ -73.477259784999944, 6.030931158000044, 0.0 ], [ -73.477027419999956, 6.030987433000064, 0.0 ], [ -73.476795053999979, 6.031043707000038, 0.0 ], [ -73.476566205999973, 6.031017036000037, 0.0 ], [ -73.476337357999967, 6.030990365000036, 0.0 ], [ -73.476186931999962, 6.03082560100006, 0.0 ], [ -73.476036505999957, 6.030660837000028, 0.0 ], [ -73.475886080999942, 6.030496072000062, 0.0 ], [ -73.475735654999937, 6.030331308000029, 0.0 ], [ -73.475516440999968, 6.030205160000037, 0.0 ], [ -73.475297226999942, 6.030079011000055, 0.0 ], [ -73.475078012999973, 6.029952863000062, 0.0 ], [ -73.474841083999934, 6.029858558000058, 0.0 ], [ -73.474604155999941, 6.029764252000064, 0.0 ], [ -73.474475378999955, 6.029650235000076, 0.0 ], [ -73.474412369999982, 6.029594447000022, 0.0 ], [ -73.474405072999957, 6.029587388000039, 0.0 ], [ -73.474223063999943, 6.029411325000069, 0.0 ], [ -73.474033758999951, 6.029228203000059, 0.0 ], [ -73.473865720999981, 6.029145457000027, 0.0 ], [ -73.473697682999955, 6.029062710000062, 0.0 ], [ -73.473529644999985, 6.02897996400003, 0.0 ], [ -73.473303109999961, 6.02889043600004, 0.0 ], [ -73.473076574999936, 6.028800907000061, 0.0 ], [ -73.472845130999985, 6.028702587000055, 0.0 ], [ -73.472613686999978, 6.028604266000059, 0.0 ], [ -73.472364809999988, 6.028498929000023, 0.0 ], [ -73.472115932999941, 6.028393591000054, 0.0 ], [ -73.472072255999933, 6.028358357000059, 0.0 ], [ -73.472031973999947, 6.028325861000042, 0.0 ], [ -73.471905394999965, 6.028223750000052, 0.0 ], [ -73.471831496999982, 6.027999827000031, 0.0 ], [ -73.471757599999989, 6.027775903000077, 0.0 ], [ -73.47168370199995, 6.027551980000055, 0.0 ], [ -73.471673745999965, 6.02748990300006, 0.0 ], [ -73.471699608999984, 6.027228303000072, 0.0 ], [ -73.471725471999946, 6.026966703000028, 0.0 ], [ -73.471862735999935, 6.026783352000052, 0.0 ], [ -73.472, 6.0266, 0.0 ], [ -73.472013689999983, 6.026374728000064, 0.0 ], [ -73.47202737899994, 6.026149455000052, 0.0 ], [ -73.472041068999943, 6.025924183000029, 0.0 ], [ -73.472054757999956, 6.025698910000074, 0.0 ], [ -73.472066545999951, 6.025466935000054, 0.0 ], [ -73.472078332999956, 6.025234961000024, 0.0 ], [ -73.472090120999951, 6.025002986000061, 0.0 ], [ -73.472101907999956, 6.024771011000041, 0.0 ], [ -73.472101271999975, 6.024547341000073, 0.0 ], [ -73.472100635999936, 6.024323670000058, 0.0 ], [ -73.4721, 6.0241, 0.0 ], [ -73.472, 6.024, 0.0 ], [ -73.4719, 6.0239, 0.0 ], [ -73.47175, 6.023800001000041, 0.0 ], [ -73.4716, 6.023700001000066, 0.0 ], [ -73.471469981999974, 6.023572129000058, 0.0 ], [ -73.471339963999981, 6.02344425800004, 0.0 ], [ -73.471329310999977, 6.023433781000051, 0.0 ], [ -73.471247235999954, 6.023348869000074, 0.0 ], [ -73.4712, 6.0233, 0.0 ], [ -73.471085254999934, 6.023220785000035, 0.0 ], [ -73.470970510999962, 6.023141570000064, 0.0 ], [ -73.470814927999982, 6.023026593000054, 0.0 ], [ -73.470659345999934, 6.022911615000055, 0.0 ], [ -73.470504281999979, 6.022801044000062, 0.0 ], [ -73.470349218999957, 6.022690472000022, 0.0 ], [ -73.470194154999945, 6.022579901000029, 0.0 ], [ -73.469963162999989, 6.022438954000052, 0.0 ], [ -73.469732171999965, 6.022298006000028, 0.0 ], [ -73.46952089399997, 6.022187048000035, 0.0 ], [ -73.469309615999975, 6.022076089000052, 0.0 ], [ -73.469117842999935, 6.022014654000031, 0.0 ], [ -73.468926068999963, 6.021953219000068, 0.0 ], [ -73.46873429599998, 6.021891784000047, 0.0 ], [ -73.468556196999941, 6.021827856000073, 0.0 ], [ -73.468378098999949, 6.021763928000041, 0.0 ], [ -73.4682, 6.0217, 0.0 ], [ -73.467939268999942, 6.021633311000073, 0.0 ], [ -73.467678537999973, 6.021566622000023, 0.0 ], [ -73.467417807999936, 6.02149993300003, 0.0 ], [ -73.467157076999968, 6.021433244000036, 0.0 ], [ -73.466945247999945, 6.021379935000027, 0.0 ], [ -73.466733417999933, 6.021326625000029, 0.0 ], [ -73.466521588999967, 6.021273316000077, 0.0 ], [ -73.466328360999967, 6.021231176000072, 0.0 ], [ -73.466140998999947, 6.021356377000075, 0.0 ], [ -73.465953635999938, 6.021481578000021, 0.0 ], [ -73.465826817999982, 6.021590789000072, 0.0 ], [ -73.4657, 6.0217, 0.0 ], [ -73.465490529999954, 6.021868360000042, 0.0 ], [ -73.465281060999985, 6.022036719000027, 0.0 ], [ -73.465071590999969, 6.022205079000059, 0.0 ], [ -73.464901336999958, 6.022287944000027, 0.0 ], [ -73.464731081999957, 6.022370809000051, 0.0 ], [ -73.4646, 6.022399999000072, 0.0 ], [ -73.464352280999947, 6.022381465000024, 0.0 ], [ -73.464104561999989, 6.022362930000043, 0.0 ], [ -73.463853420999953, 6.022347197000045, 0.0 ], [ -73.463602280999964, 6.022331465000036, 0.0 ], [ -73.463351139999986, 6.022315732000038, 0.0 ], [ -73.4631, 6.02229999900004, 0.0 ], [ -73.462860098999954, 6.022317799000064, 0.0 ], [ -73.462620197999968, 6.022335598000041, 0.0 ], [ -73.462454775999959, 6.022197861000052, 0.0 ], [ -73.46228935399995, 6.022060123000074, 0.0 ], [ -73.462123932999987, 6.021922386000028, 0.0 ], [ -73.461958510999978, 6.02178464800005, 0.0 ], [ -73.461762472999965, 6.02167313700005, 0.0 ], [ -73.461566435999941, 6.02156162600005, 0.0 ], [ -73.461370397999985, 6.02145011500005, 0.0 ], [ -73.461235198999987, 6.021375057000057, 0.0 ], [ -73.4611, 6.021299999000064, 0.0 ], [ -73.460929023999938, 6.021186602000057, 0.0 ], [ -73.460758047999946, 6.021073204000061, 0.0 ], [ -73.460591228999988, 6.020974300000034, 0.0 ], [ -73.460424409999973, 6.020875395000076, 0.0 ], [ -73.460257590999959, 6.020776491000049, 0.0 ], [ -73.460041516999979, 6.020618443000046, 0.0 ], [ -73.459825441999953, 6.020460394000054, 0.0 ], [ -73.459609367999974, 6.020302346000051, 0.0 ], [ -73.459406244999968, 6.020234897000023, 0.0 ], [ -73.459203122999952, 6.020167448000052, 0.0 ], [ -73.459, 6.020099999000024, 0.0 ], [ -73.458766659999981, 6.020066875000055, 0.0 ], [ -73.458533319999958, 6.020033752000074, 0.0 ], [ -73.458299979999936, 6.020000628000048, 0.0 ], [ -73.458110698999974, 6.019963154000038, 0.0 ], [ -73.457921417999955, 6.019925681000075, 0.0 ], [ -73.457732136999937, 6.019888207000065, 0.0 ], [ -73.457566067999949, 6.019844104000072, 0.0 ], [ -73.4574, 6.0198, 0.0 ], [ -73.457395850999944, 6.019766810000021, 0.0 ], [ -73.457374654999967, 6.01959725200004, 0.0 ], [ -73.457353458999989, 6.019427693000068, 0.0 ], [ -73.457232105999935, 6.019358927000042, 0.0 ], [ -73.457110753999984, 6.019290160000025, 0.0 ], [ -73.456876138999974, 6.01938724200005, 0.0 ], [ -73.456681974999981, 6.019508595000048, 0.0 ], [ -73.456487810999988, 6.019629947000055, 0.0 ], [ -73.456429155999956, 6.019783124000071, 0.0 ], [ -73.456370499999935, 6.01993630000004, 0.0 ], [ -73.456371113999978, 6.020057673000053, 0.0 ], [ -73.456281631999957, 6.020245337000063, 0.0 ], [ -73.456192149999936, 6.020433001000072, 0.0 ], [ -73.456121545999963, 6.020666553000069, 0.0 ], [ -73.456050941999933, 6.02090010400002, 0.0 ], [ -73.455881133999981, 6.020923934000052, 0.0 ], [ -73.455711324999982, 6.020947763000038, 0.0 ], [ -73.455545391999976, 6.021016971000051, 0.0 ], [ -73.455379457999982, 6.021086178000076, 0.0 ], [ -73.455226613999969, 6.02125041000005, 0.0 ], [ -73.455073768999966, 6.021414642000025, 0.0 ], [ -73.4549, 6.021600001000024, 0.0 ], [ -73.454800818999956, 6.021707314000025, 0.0 ], [ -73.454701636999971, 6.021814627000026, 0.0 ], [ -73.454563227999984, 6.021960083000067, 0.0 ], [ -73.45442481799995, 6.022105538000062, 0.0 ], [ -73.454256728999951, 6.022167961000036, 0.0 ], [ -73.454088639999952, 6.022230383000021, 0.0 ], [ -73.453887416999976, 6.022296902000051, 0.0 ], [ -73.453852627999936, 6.022308402000021, 0.0 ], [ -73.453851784999983, 6.022308379000037, 0.0 ], [ -73.453851603999965, 6.022308382000062, 0.0 ], [ -73.453850341999953, 6.022308402000021, 0.0 ], [ -73.453843515999949, 6.022308513000041, 0.0 ], [ -73.453807320999942, 6.022309102000065, 0.0 ], [ -73.453774118999945, 6.022309642000039, 0.0 ], [ -73.45369620799994, 6.022310908000065, 0.0 ], [ -73.453544594999983, 6.022313374000021, 0.0 ], [ -73.453373259999978, 6.022286895000036, 0.0 ], [ -73.453236735999951, 6.022265796000056, 0.0 ], [ -73.452976723999939, 6.022225612000057, 0.0 ], [ -73.452848274999951, 6.022226449000073, 0.0 ], [ -73.452649408999946, 6.022227746000056, 0.0 ], [ -73.452450543999987, 6.022229042000049, 0.0 ], [ -73.452265259999933, 6.022224547000064, 0.0 ], [ -73.452079975999936, 6.022220051000033, 0.0 ], [ -73.452063787999975, 6.02221884100004, 0.0 ], [ -73.451881726999943, 6.022205237000037, 0.0 ], [ -73.451699665999968, 6.022191633000034, 0.0 ], [ -73.451465353999936, 6.022193387000073, 0.0 ], [ -73.451361547999966, 6.022194163000052, 0.0 ], [ -73.451336917999981, 6.022194348000028, 0.0 ], [ -73.451265883999952, 6.02219487900004, 0.0 ], [ -73.451208506999933, 6.02219530900004, 0.0 ], [ -73.451130254999953, 6.022195894000049, 0.0 ], [ -73.451101592999976, 6.022195458000056, 0.0 ], [ -73.45097569099994, 6.022193541000036, 0.0 ], [ -73.450725552999984, 6.022189734000051, 0.0 ], [ -73.450720228999955, 6.022189653000055, 0.0 ], [ -73.450509176999958, 6.022186440000041, 0.0 ], [ -73.450288582999974, 6.022211002000063, 0.0 ], [ -73.450067987999944, 6.022235563000038, 0.0 ], [ -73.44984739399996, 6.022260125000059, 0.0 ], [ -73.449626798999986, 6.022284686000035, 0.0 ], [ -73.449615, 6.022286, 0.0 ], [ -73.4494, 6.02229999900004, 0.0 ], [ -73.449166666999986, 6.022366666000039, 0.0 ], [ -73.448933333999946, 6.022433333000038, 0.0 ], [ -73.4487, 6.0225, 0.0 ], [ -73.448466666999934, 6.022566667000035, 0.0 ], [ -73.448233332999962, 6.022633334000034, 0.0 ], [ -73.448, 6.022700001000032, 0.0 ], [ -73.447803980999936, 6.02275542600006, 0.0 ], [ -73.44760796099996, 6.022810851000031, 0.0 ], [ -73.447377263999954, 6.022946753000042, 0.0 ], [ -73.447259501999952, 6.023099863000027, 0.0 ], [ -73.447141740999939, 6.023252973000069, 0.0 ], [ -73.447023978999937, 6.023406083000054, 0.0 ], [ -73.447021122999956, 6.023409796000067, 0.0 ], [ -73.446950260999984, 6.023536449000062, 0.0 ] ] ] } },
{ "type": "Feature", "properties": { "GASODUCTO": "BOYACA - SANTANDER", "TRAMO": "Guavatá", "TP_DUCTO": "Ramal", "DISTRITO": "5", "DIAMETRO": "2", "TRM_REG": "GASODUCTO RAMALES BOYACA - SANTANDER", "ZONA": "3", "PK_INICIO": "000+000", "PK_FIN": "006+464", "LONGITUD": 8.5958783032787984, "ESTADO": "ESTRUCTURACIÓN", "SERVICIO": "NUEVAS TECNOLOGÍAS" }, "geometry": { "type": "MultiLineString", "coordinates": [ [ [ -73.654535794999958, 6.01003541700004, 0.0 ], [ -73.65465637799997, 6.009961909000026, 0.0 ], [ -73.654776959999936, 6.009888400000023, 0.0 ], [ -73.654972013999952, 6.009799119000036, 0.0 ], [ -73.655167066999979, 6.009709837000059, 0.0 ], [ -73.655338319999942, 6.009513871000024, 0.0 ], [ -73.655509572999961, 6.009317905000046, 0.0 ], [ -73.655605752999975, 6.009207846000038, 0.0 ], [ -73.6557, 6.009099999000057, 0.0 ], [ -73.655886776999978, 6.008941186000072, 0.0 ], [ -73.656073553999988, 6.008782373000031, 0.0 ], [ -73.656162959999961, 6.008658198000035, 0.0 ], [ -73.656252365999933, 6.008534023000038, 0.0 ], [ -73.656252407999943, 6.008533965000026, 0.0 ], [ -73.656377132999978, 6.008360736000043, 0.0 ], [ -73.656501856999967, 6.008187508000049, 0.0 ], [ -73.656600680999986, 6.008016860000055, 0.0 ], [ -73.656699504999949, 6.007846212000061, 0.0 ], [ -73.656798328999969, 6.007675564000067, 0.0 ], [ -73.656798381999977, 6.007675473000063, 0.0 ], [ -73.6569, 6.0075, 0.0 ], [ -73.656917157999942, 6.007313342000032, 0.0 ], [ -73.65693431699998, 6.00712668400007, 0.0 ], [ -73.656951474999971, 6.006940026000052, 0.0 ], [ -73.656952413999988, 6.006929815000035, 0.0 ], [ -73.656965851999985, 6.006783626000072, 0.0 ], [ -73.656965851999985, 6.006541714000036, 0.0 ], [ -73.656965851999985, 6.006299802000058, 0.0 ], [ -73.656965851999985, 6.006057890000022, 0.0 ], [ -73.656970089999959, 6.005988648000027, 0.0 ], [ -73.656970915999977, 6.00597515100003, 0.0 ], [ -73.656971356999975, 6.005967958000042, 0.0 ], [ -73.656985677999955, 6.00573397900007, 0.0 ], [ -73.657, 6.0055, 0.0 ], [ -73.657010868999976, 6.005309239000042, 0.0 ], [ -73.657021737999969, 6.005118478000043, 0.0 ], [ -73.657030675999977, 6.004961593000075, 0.0 ], [ -73.657039614999974, 6.004804708000052, 0.0 ], [ -73.657075719999966, 6.004612062000035, 0.0 ], [ -73.657111824999959, 6.004419416000076, 0.0 ], [ -73.657112349999977, 6.004416614000036, 0.0 ], [ -73.657140684999945, 6.00426542200006, 0.0 ], [ -73.657169020999959, 6.004114230000027, 0.0 ], [ -73.65717977099996, 6.00408303200004, 0.0 ], [ -73.657237916999975, 6.003887510000027, 0.0 ], [ -73.657296062999933, 6.003691988000071, 0.0 ], [ -73.657398031999946, 6.00344599400006, 0.0 ], [ -73.6575, 6.0032, 0.0 ], [ -73.657570207999981, 6.002963957000077, 0.0 ], [ -73.657640414999946, 6.002727915000037, 0.0 ], [ -73.657710622999957, 6.002491872000064, 0.0 ], [ -73.657773748999944, 6.002261248000025, 0.0 ], [ -73.657836873999941, 6.002030625000032, 0.0 ], [ -73.6579, 6.001800001000049, 0.0 ], [ -73.657900084999937, 6.001799688000062, 0.0 ], [ -73.65796654199994, 6.001555342000074, 0.0 ], [ -73.658032998999943, 6.001310996000029, 0.0 ], [ -73.658099455999945, 6.001066649000052, 0.0 ], [ -73.658165912999948, 6.000822303000064, 0.0 ], [ -73.658241543999964, 6.000590554000041, 0.0 ], [ -73.658317174999979, 6.00035880400003, 0.0 ], [ -73.658392805999938, 6.000127055000064, 0.0 ], [ -73.658512729999984, 5.99992301900005, 0.0 ], [ -73.658551038999974, 5.99968302700006, 0.0 ], [ -73.658593911999958, 5.999589978000074, 0.0 ], [ -73.658672834999948, 5.999382181000044, 0.0 ], [ -73.658751757999937, 5.999174384000071, 0.0 ], [ -73.658822805999989, 5.998988212000029, 0.0 ], [ -73.658893852999938, 5.998802041000033, 0.0 ], [ -73.658964900999933, 5.998615869000048, 0.0 ], [ -73.659067611999944, 5.998430987000063, 0.0 ], [ -73.659170322999955, 5.998246105000021, 0.0 ], [ -73.659278815999983, 5.998022562000074, 0.0 ], [ -73.659387308999953, 5.997799018000023, 0.0 ], [ -73.659495801999981, 5.997575475000076, 0.0 ], [ -73.659597900999984, 5.997387737000054, 0.0 ], [ -73.6597, 5.997199999000031, 0.0 ], [ -73.659698357999957, 5.997104256000057, 0.0 ], [ -73.659694654999953, 5.996888371000068, 0.0 ], [ -73.659690952999938, 5.996672487000069, 0.0 ], [ -73.659652020999943, 5.996509998000022, 0.0 ], [ -73.659613088999947, 5.996347509000032, 0.0 ], [ -73.65960529299997, 5.99631497300004, 0.0 ], [ -73.659602646999986, 5.996157486000072, 0.0 ], [ -73.6596, 5.995999999000048, 0.0 ], [ -73.659731403999956, 5.99581052700006, 0.0 ], [ -73.659981246999962, 5.995741523000049, 0.0 ], [ -73.66012866899996, 5.995734666000033, 0.0 ], [ -73.660132154999985, 5.99573450400004, 0.0 ], [ -73.660183437999933, 5.995732119000024, 0.0 ], [ -73.660385554999948, 5.995745466000074, 0.0 ], [ -73.660587671999963, 5.995758812000076, 0.0 ], [ -73.66078652799996, 5.995735919000026, 0.0 ], [ -73.660985383999957, 5.995713027000022, 0.0 ], [ -73.661184239999955, 5.995690134000029, 0.0 ], [ -73.661411643999941, 5.995726138000066, 0.0 ], [ -73.661639047999984, 5.995762141000057, 0.0 ], [ -73.66186645199997, 5.995798145000037, 0.0 ], [ -73.662093855999956, 5.995834148000029, 0.0 ], [ -73.662239260999968, 5.995857169000033, 0.0 ], [ -73.662401005999982, 5.995889077000072, 0.0 ], [ -73.662562751999985, 5.995920985000055, 0.0 ], [ -73.662763215999973, 5.995953697000061, 0.0 ], [ -73.662963680999951, 5.995986409000068, 0.0 ], [ -73.663164144999939, 5.996019121000074, 0.0 ], [ -73.663419267999984, 5.996100488000025, 0.0 ], [ -73.663657361999981, 5.996097638000037, 0.0 ], [ -73.663895455999977, 5.99609478900004, 0.0 ], [ -73.664133550999964, 5.996091939000053, 0.0 ], [ -73.664162291999958, 5.996091595000053, 0.0 ], [ -73.664237300999957, 5.996064337000064, 0.0 ], [ -73.664335929999936, 5.996012648000033, 0.0 ], [ -73.664561952999975, 5.995906992000073, 0.0 ], [ -73.664702674999944, 5.995914673000073, 0.0 ], [ -73.66484339799996, 5.995922354000072, 0.0 ], [ -73.664978107999957, 5.995888553000043, 0.0 ], [ -73.665112816999965, 5.995854751000024, 0.0 ], [ -73.665171215999976, 5.99584393300006, 0.0 ], [ -73.665269725999963, 5.995822518000068, 0.0 ], [ -73.665354672999968, 5.99580824100002, 0.0 ], [ -73.665409637999971, 5.995798247000039, 0.0 ], [ -73.665477452999937, 5.995785398000066, 0.0 ], [ -73.665516277999984, 5.995779222000067, 0.0 ], [ -73.665520145999949, 5.995778400000063, 0.0 ], [ -73.665552167999977, 5.995771597000044, 0.0 ], [ -73.665614033999987, 5.995753751000052, 0.0 ], [ -73.66567946899994, 5.995726387000047, 0.0 ], [ -73.665765129999954, 5.995690695000064, 0.0 ], [ -73.665791140999943, 5.995677590000071, 0.0 ], [ -73.665834133999965, 5.995645486000058, 0.0 ], [ -73.665892430999975, 5.995606225000074, 0.0 ], [ -73.66593807199996, 5.99557526500007, 0.0 ], [ -73.666104221999944, 5.995469333000074, 0.0 ], [ -73.666218116999971, 5.995390669000074, 0.0 ], [ -73.666332010999952, 5.995312005000073, 0.0 ], [ -73.666481346999944, 5.995191435000038, 0.0 ], [ -73.666630681999948, 5.99507086400007, 0.0 ], [ -73.666777853999974, 5.994923076000021, 0.0 ], [ -73.666884470999946, 5.994816013000047, 0.0 ], [ -73.66688709999994, 5.994813372000067, 0.0 ], [ -73.666935375999969, 5.99476489500006, 0.0 ], [ -73.667, 5.9947, 0.0 ], [ -73.667024622999975, 5.994678063000038, 0.0 ], [ -73.667179811999972, 5.994539800000041, 0.0 ], [ -73.667335001999959, 5.994401538000034, 0.0 ], [ -73.667490191999946, 5.994263275000037, 0.0 ], [ -73.667528244999971, 5.994230332000029, 0.0 ], [ -73.667528711999978, 5.994229928000038, 0.0 ], [ -73.66770788499997, 5.994074815000033, 0.0 ], [ -73.667887057999963, 5.993919702000028, 0.0 ], [ -73.667971775999945, 5.993846361000067, 0.0 ], [ -73.667972058999965, 5.993846114000064, 0.0 ], [ -73.668097172999978, 5.993736776000048, 0.0 ], [ -73.668222286999935, 5.993627438000033, 0.0 ], [ -73.668413290999979, 5.993444558000022, 0.0 ], [ -73.668604293999977, 5.993261677000021, 0.0 ], [ -73.668795297999964, 5.993078797000067, 0.0 ], [ -73.668961597999953, 5.992921032000027, 0.0 ], [ -73.669127898999989, 5.992763268000033, 0.0 ], [ -73.669294198999978, 5.99260550300005, 0.0 ], [ -73.6693, 5.9926, 0.0 ], [ -73.669393140999944, 5.992499939000027, 0.0 ], [ -73.669460090999962, 5.992428014000041, 0.0 ], [ -73.669486280999934, 5.992399877000025, 0.0 ], [ -73.669672038999977, 5.99222001000004, 0.0 ], [ -73.669857797999953, 5.992040142000064, 0.0 ], [ -73.670043555999939, 5.991860275000022, 0.0 ], [ -73.670229036999956, 5.991673517000038, 0.0 ], [ -73.670414518999962, 5.991486758000065, 0.0 ], [ -73.6706, 5.9913, 0.0 ], [ -73.670764363999979, 5.991157436000037, 0.0 ], [ -73.670928727999978, 5.991014872000051, 0.0 ], [ -73.671105552999961, 5.990859926000041, 0.0 ], [ -73.671282378999933, 5.990704981000022, 0.0 ], [ -73.671459203999973, 5.990550035000069, 0.0 ], [ -73.671653671999934, 5.990438014000063, 0.0 ], [ -73.671848138999962, 5.990325993000056, 0.0 ], [ -73.672090971999978, 5.990229408000062, 0.0 ], [ -73.672287412999935, 5.990055333000043, 0.0 ], [ -73.67248385299996, 5.989881257000036, 0.0 ], [ -73.672537229999989, 5.989782720000051, 0.0 ], [ -73.672634562999974, 5.989603038000041, 0.0 ], [ -73.672731895999959, 5.989423357000021, 0.0 ], [ -73.672786989999963, 5.989358718000062, 0.0 ], [ -73.672964599999943, 5.989258818000053, 0.0 ], [ -73.67314220999998, 5.989158918000044, 0.0 ], [ -73.673321104999957, 5.989029459000051, 0.0 ], [ -73.6735, 5.9889, 0.0 ], [ -73.673656052999945, 5.988730745000055, 0.0 ], [ -73.673812106999947, 5.988561491000041, 0.0 ], [ -73.673968159999959, 5.988392236000038, 0.0 ], [ -73.67412421299997, 5.988222981000035, 0.0 ], [ -73.674128594999956, 5.98821822900004, 0.0 ], [ -73.674231538999948, 5.988106576000064, 0.0 ], [ -73.674347199999943, 5.987932127000022, 0.0 ], [ -73.674462859999949, 5.987757677000047, 0.0 ], [ -73.674578519999955, 5.987583228000062, 0.0 ], [ -73.67469418099995, 5.987408778000031, 0.0 ], [ -73.6747, 5.987400001000026, 0.0 ], [ -73.674795090999964, 5.98719406400005, 0.0 ], [ -73.674890181999956, 5.986988127000075, 0.0 ], [ -73.674993454999935, 5.986792085000047, 0.0 ], [ -73.675096726999982, 5.98659604300002, 0.0 ], [ -73.6752, 5.98640000100005, 0.0 ], [ -73.675219871999957, 5.986340383000027, 0.0 ], [ -73.675240708999979, 5.986277873000063, 0.0 ], [ -73.6753, 5.986099999000032, 0.0 ], [ -73.675396115999945, 5.985954886000059, 0.0 ], [ -73.675397637999936, 5.985952588000032, 0.0 ], [ -73.675496711999983, 5.985803009000051, 0.0 ], [ -73.675598355999966, 5.985651505000021, 0.0 ], [ -73.6757, 5.9855, 0.0 ], [ -73.675719092999941, 5.985361334000061, 0.0 ], [ -73.675738185999933, 5.985222668000063, 0.0 ], [ -73.675692799999979, 5.98503106000004, 0.0 ], [ -73.675647413999968, 5.984839452000074, 0.0 ], [ -73.675602027999957, 5.984647844000051, 0.0 ], [ -73.675501013999963, 5.984473923000053, 0.0 ], [ -73.6754, 5.984300001000065, 0.0 ], [ -73.675361886999951, 5.984057646000053, 0.0 ], [ -73.675323773999935, 5.983815290000052, 0.0 ], [ -73.675268851999988, 5.983607590000076, 0.0 ], [ -73.675213930999973, 5.983399890000044, 0.0 ], [ -73.67515900899997, 5.983192189000022, 0.0 ], [ -73.675104087999955, 5.982984489000046, 0.0 ], [ -73.675080441999967, 5.982781616000068, 0.0 ], [ -73.675056794999989, 5.982578744000023, 0.0 ], [ -73.675033148999944, 5.982375871000045, 0.0 ], [ -73.675056545999951, 5.982349329000044, 0.0 ], [ -73.675105272999986, 5.982120709000071, 0.0 ], [ -73.675154000999953, 5.981892088000052, 0.0 ], [ -73.675202727999988, 5.981663468000022, 0.0 ], [ -73.675251454999966, 5.98143484700006, 0.0 ], [ -73.675300181999944, 5.98120622700003, 0.0 ], [ -73.675308604999941, 5.981166708000046, 0.0 ], [ -73.675348908999979, 5.980977606000067, 0.0 ], [ -73.675540372999933, 5.980801525000061, 0.0 ], [ -73.675551704999975, 5.980794813000045, 0.0 ], [ -73.675727746999939, 5.980690543000037, 0.0 ], [ -73.675850783999977, 5.980574783000066, 0.0 ], [ -73.675884218999954, 5.980543326000031, 0.0 ], [ -73.676040691999958, 5.980396110000072, 0.0 ], [ -73.676197163999973, 5.980248893000066, 0.0 ], [ -73.676353635999988, 5.980101676000061, 0.0 ], [ -73.676540356999965, 5.979965398000047, 0.0 ], [ -73.676727078999988, 5.979829119000044, 0.0 ], [ -73.676913799999966, 5.979692841000031, 0.0 ], [ -73.677098094999963, 5.979567634000034, 0.0 ], [ -73.67728238899997, 5.979442426000048, 0.0 ], [ -73.677466683999967, 5.979317219000052, 0.0 ], [ -73.677643711999963, 5.979193050000049, 0.0 ], [ -73.677820739999959, 5.979068881000046, 0.0 ], [ -73.677841273999945, 5.979054479000069, 0.0 ], [ -73.67786345199994, 5.978825927000059, 0.0 ], [ -73.677834426999937, 5.978624010000033, 0.0 ], [ -73.677835472999959, 5.978577063000046, 0.0 ], [ -73.677892720999978, 5.978386747000059, 0.0 ], [ -73.67794996799995, 5.978196431000072, 0.0 ], [ -73.678164297999956, 5.978098433000071, 0.0 ], [ -73.678378628999951, 5.978000434000023, 0.0 ], [ -73.678592958999957, 5.977902436000022, 0.0 ], [ -73.678769718999945, 5.97775182700002, 0.0 ], [ -73.678946479999979, 5.977601218000075, 0.0 ], [ -73.679123239999967, 5.977450608000026, 0.0 ], [ -73.6793, 5.977299999000024, 0.0 ], [ -73.679494760999944, 5.977121802000056, 0.0 ], [ -73.679640132999964, 5.976954524000064, 0.0 ], [ -73.679785503999938, 5.976787247000061, 0.0 ], [ -73.679930875999958, 5.976619969000069, 0.0 ], [ -73.680074771999955, 5.976495588000034, 0.0 ], [ -73.680218667999952, 5.976371206000067, 0.0 ], [ -73.680359333999945, 5.976235603000021, 0.0 ], [ -73.6805, 5.9761, 0.0 ], [ -73.680677086999935, 5.975939219000054, 0.0 ], [ -73.680854172999943, 5.975778437000031, 0.0 ], [ -73.681031259999941, 5.975617656000054, 0.0 ], [ -73.681171230999951, 5.975480893000054, 0.0 ], [ -73.681311201999961, 5.975344129000064, 0.0 ], [ -73.68150746799995, 5.975162753000063, 0.0 ], [ -73.681703733999939, 5.974981376000073, 0.0 ], [ -73.6819, 5.9748, 0.0 ], [ -73.682013279999978, 5.974682684000072, 0.0 ], [ -73.682126559999972, 5.974565367000025, 0.0 ], [ -73.68219199899994, 5.974485562000041, 0.0 ], [ -73.682235711999965, 5.974432252000042, 0.0 ], [ -73.682445781999945, 5.974347521000027, 0.0 ], [ -73.682658040999968, 5.974454942000023, 0.0 ], [ -73.682870299999934, 5.974562362000029, 0.0 ], [ -73.683094903999972, 5.974688491000052, 0.0 ], [ -73.683319506999965, 5.974814621000064, 0.0 ], [ -73.683544110999946, 5.97494075000003, 0.0 ], [ -73.683761153999967, 5.975026539000055, 0.0 ], [ -73.683978196999988, 5.975112329000069, 0.0 ], [ -73.684195240999941, 5.975198118000037, 0.0 ], [ -73.6842, 5.97519999900004, 0.0 ], [ -73.684203896999975, 5.975201951000031, 0.0 ], [ -73.684209202999966, 5.975204610000048, 0.0 ], [ -73.684213427999964, 5.975206726000067, 0.0 ], [ -73.684213518999968, 5.975206772000035, 0.0 ], [ -73.684213891999946, 5.975206959000047, 0.0 ], [ -73.684220383999957, 5.975210211000046, 0.0 ], [ -73.684228517999941, 5.975214286000039, 0.0 ], [ -73.684228659999974, 5.975214361000042, 0.0 ], [ -73.684243335999952, 5.975221712000064, 0.0 ], [ -73.684243407999986, 5.975221747000035, 0.0 ], [ -73.684257346999971, 5.975228730000026, 0.0 ], [ -73.68425763099998, 5.975228872000059, 0.0 ], [ -73.684282746999941, 5.975241456000049, 0.0 ], [ -73.684296662999941, 5.975248427000054, 0.0 ], [ -73.68429987199994, 5.975250035000045, 0.0 ], [ -73.684300357999973, 5.975250278000033, 0.0 ], [ -73.684354653999947, 5.975277481000035, 0.0 ], [ -73.684354758999973, 5.975277533000053, 0.0 ], [ -73.684376640999972, 5.975288496000076, 0.0 ], [ -73.68444845199997, 5.975324474000047, 0.0 ], [ -73.684532280999974, 5.975366472000076, 0.0 ], [ -73.684533890999944, 5.975367279000068, 0.0 ], [ -73.684616148999964, 5.975408490000063, 0.0 ], [ -73.684852047999982, 5.97543471900002, 0.0 ], [ -73.685045378999973, 5.975428771000054, 0.0 ], [ -73.685238709999965, 5.975422822000041, 0.0 ], [ -73.685501354999985, 5.975413758000059, 0.0 ], [ -73.685505483999975, 5.975413616000026, 0.0 ], [ -73.685702741999989, 5.975406808000059, 0.0 ], [ -73.6859, 5.975400001000025, 0.0 ], [ -73.686109101999989, 5.975375814000074, 0.0 ], [ -73.686318203999974, 5.975351627000066, 0.0 ], [ -73.686324553999953, 5.975350892000051, 0.0 ], [ -73.686499824999942, 5.975330618000044, 0.0 ], [ -73.686544105999985, 5.97532218300006, 0.0 ], [ -73.686767634999967, 5.975279606000072, 0.0 ], [ -73.686991163999949, 5.975237029000027, 0.0 ], [ -73.687219823999953, 5.975194934000058, 0.0 ], [ -73.687448482999969, 5.975152838000042, 0.0 ], [ -73.687618389999955, 5.975153865000038, 0.0 ], [ -73.687788297999987, 5.975154891000045, 0.0 ], [ -73.687874391999969, 5.975143568000021, 0.0 ], [ -73.688007892999963, 5.975126009000064, 0.0 ], [ -73.688184482999986, 5.975102784000057, 0.0 ], [ -73.688247295999986, 5.975086118000036, 0.0 ], [ -73.68829322299996, 5.975073932000043, 0.0 ], [ -73.688295620999952, 5.975073296000062, 0.0 ], [ -73.688427283999943, 5.975038362000021, 0.0 ], [ -73.688558947999979, 5.975003428000036, 0.0 ], [ -73.688568821999979, 5.975000808000061, 0.0 ], [ -73.68860471399995, 5.974991285000044, 0.0 ], [ -73.688647544999981, 5.974979921000056, 0.0 ], [ -73.688691119999987, 5.974968359000059, 0.0 ], [ -73.688698189999968, 5.97496648300006, 0.0 ], [ -73.688920429999939, 5.974867255000049, 0.0 ], [ -73.689142668999978, 5.974768026000049, 0.0 ], [ -73.689334513999938, 5.974716985000043, 0.0 ], [ -73.689526357999966, 5.974665944000037, 0.0 ], [ -73.689544912999963, 5.974653544000034, 0.0 ], [ -73.68971049299995, 5.974542885000062, 0.0 ], [ -73.689894627999934, 5.97441982600003, 0.0 ], [ -73.690078761999985, 5.974296766000066, 0.0 ], [ -73.690262896999968, 5.974173707000034, 0.0 ], [ -73.690442529999984, 5.974014030000035, 0.0 ], [ -73.690520146999972, 5.973894805000043, 0.0 ], [ -73.690699095999946, 5.973814676000075, 0.0 ], [ -73.690878045999966, 5.973734547000049, 0.0 ], [ -73.69105699499994, 5.973654418000024, 0.0 ], [ -73.691288042999986, 5.973592111000073, 0.0 ], [ -73.691462509999951, 5.973545063000074, 0.0 ], [ -73.691636975999984, 5.973498015000075, 0.0 ], [ -73.691812807999952, 5.973415399000032, 0.0 ], [ -73.691988638999987, 5.973332783000046, 0.0 ], [ -73.692220286999941, 5.973301660000061, 0.0 ], [ -73.692351160999976, 5.973254095000073, 0.0 ], [ -73.692482034999955, 5.973206530000027, 0.0 ], [ -73.6925, 5.973200001000066, 0.0 ], [ -73.692657847999953, 5.973161914000059, 0.0 ], [ -73.692791160999946, 5.97312974700003, 0.0 ], [ -73.692980362999947, 5.973084095000047, 0.0 ], [ -73.693169564999948, 5.973038443000064, 0.0 ], [ -73.693229514999985, 5.973022970000045, 0.0 ], [ -73.693433143999982, 5.972970416000067, 0.0 ], [ -73.693636771999934, 5.972917861000042, 0.0 ], [ -73.693698343999984, 5.972901970000066, 0.0 ], [ -73.693862290999959, 5.972859656000026, 0.0 ], [ -73.693898871999977, 5.972850215000051, 0.0 ], [ -73.694065914999953, 5.972700143000054, 0.0 ], [ -73.69423295699994, 5.972550072000047, 0.0 ], [ -73.6944, 5.9724, 0.0 ], [ -73.694509186999937, 5.972314517000029, 0.0 ], [ -73.694618372999969, 5.972229033000076, 0.0 ], [ -73.694627788999981, 5.972215114000051, 0.0 ], [ -73.694766965999975, 5.972009387000071, 0.0 ], [ -73.694906142999969, 5.971803659000045, 0.0 ], [ -73.695045318999973, 5.971597932000066, 0.0 ], [ -73.695071071999962, 5.971363580000059, 0.0 ], [ -73.695096823999961, 5.971129227000063, 0.0 ], [ -73.695111152999971, 5.970882802000062, 0.0 ], [ -73.69512548199998, 5.970636377000062, 0.0 ], [ -73.695112740999946, 5.97046818900003, 0.0 ], [ -73.6951, 5.9703, 0.0 ], [ -73.695098173999952, 5.970053791000055, 0.0 ], [ -73.695096348999982, 5.969807583000033, 0.0 ], [ -73.695094522999966, 5.969561374000023, 0.0 ], [ -73.695113618999983, 5.969301482000049, 0.0 ], [ -73.695106808999981, 5.969100742000023, 0.0 ], [ -73.6951, 5.968900001000065, 0.0 ], [ -73.695096819999947, 5.968733707000069, 0.0 ], [ -73.695093638999936, 5.968567412000027, 0.0 ], [ -73.695140236999976, 5.968365215000063, 0.0 ], [ -73.695186835999948, 5.968163018000041, 0.0 ], [ -73.695233433999988, 5.967960821000077, 0.0 ], [ -73.695314860999986, 5.967758963000051, 0.0 ], [ -73.695396287999984, 5.967557105000026, 0.0 ], [ -73.695477713999935, 5.967355247000057, 0.0 ], [ -73.695479739999939, 5.967350224000029, 0.0 ], [ -73.6955, 5.9673, 0.0 ], [ -73.695653926999967, 5.967088531000059, 0.0 ], [ -73.695807853999952, 5.966877062000037, 0.0 ], [ -73.695808677999935, 5.966875929000025, 0.0 ], [ -73.695915554999942, 5.96672909800003, 0.0 ], [ -73.696069827999963, 5.966531112000041, 0.0 ], [ -73.696180249999941, 5.966305329000022, 0.0 ], [ -73.69620191599995, 5.966287451000028, 0.0 ], [ -73.696344007999983, 5.966170201000068, 0.0 ], [ -73.696486100999948, 5.966052951000052, 0.0 ], [ -73.696653881999964, 5.965914090000069, 0.0 ], [ -73.696821661999934, 5.96577522900003, 0.0 ], [ -73.69698944299995, 5.965636368000048, 0.0 ], [ -73.69707047299994, 5.965500855000073, 0.0 ], [ -73.697162042999935, 5.965311290000045, 0.0 ], [ -73.697163943999954, 5.965307353000071, 0.0 ], [ -73.697193622999976, 5.965245913000047, 0.0 ], [ -73.697297815999946, 5.965020785000036, 0.0 ], [ -73.697297875999936, 5.965020656000036, 0.0 ], [ -73.6974, 5.9648, 0.0 ], [ -73.697422660999962, 5.964625480000052, 0.0 ], [ -73.697445320999975, 5.964450960000022, 0.0 ], [ -73.697455805999937, 5.964235379000058, 0.0 ], [ -73.697466291999945, 5.964019798000038, 0.0 ], [ -73.697476776999963, 5.963804217000074, 0.0 ], [ -73.697487261999981, 5.963588636000054, 0.0 ], [ -73.697524840999961, 5.963359091000029, 0.0 ], [ -73.697562420999986, 5.963129545000072, 0.0 ], [ -73.6976, 5.9629, 0.0 ], [ -73.697653184999979, 5.96270951300005, 0.0 ], [ -73.697706369999935, 5.962519026000052, 0.0 ], [ -73.697783770999933, 5.962297007000075, 0.0 ], [ -73.697861170999943, 5.96207498800004, 0.0 ], [ -73.697938571999941, 5.961852969000063, 0.0 ], [ -73.697945931999982, 5.961827756000048, 0.0 ], [ -73.697955053999976, 5.961796509000067, 0.0 ], [ -73.697956993999981, 5.961789865000071, 0.0 ], [ -73.697966393999934, 5.961757667000029, 0.0 ], [ -73.697979868999937, 5.961711508000064, 0.0 ], [ -73.698018422999951, 5.961579441000026, 0.0 ], [ -73.698056977999954, 5.961447373000055, 0.0 ], [ -73.698081582999976, 5.961363087000052, 0.0 ], [ -73.6981, 5.961300001000041, 0.0 ], [ -73.698195652999971, 5.96116248800007, 0.0 ], [ -73.698291304999941, 5.961024974000054, 0.0 ], [ -73.698296542999969, 5.961017445000039, 0.0 ], [ -73.69829925199997, 5.961013550000075, 0.0 ], [ -73.698373775999983, 5.960906412000043, 0.0 ], [ -73.698428188999969, 5.960701147000066, 0.0 ], [ -73.698482601999956, 5.960495882000032, 0.0 ], [ -73.698473640999964, 5.960283405000041, 0.0 ], [ -73.698484260999976, 5.960128934000068, 0.0 ], [ -73.698494880999988, 5.959974464000027, 0.0 ], [ -73.6985, 5.959899999000072, 0.0 ] ] ] } },
{ "type": "Feature", "properties": { "GASODUCTO": "BOYACA - SANTANDER", "TRAMO": "Guepsa", "TP_DUCTO": "Ramal", "DISTRITO": "5", "DIAMETRO": "2", "TRM_REG": "GASODUCTO RAMALES BOYACA - SANTANDER", "ZONA": "3", "PK_INICIO": "000+000", "PK_FIN": "000+016", "LONGITUD": 0.015732367680517459, "ESTADO": "ESTRUCTURACIÓN", "SERVICIO": "NUEVAS TECNOLOGÍAS" }, "geometry": { "type": "MultiLineString", "coordinates": [ [ [ -73.579652177999947, 6.01849007800007, 0.0 ], [ -73.57967892299996, 6.018514646000028, 0.0 ], [ -73.579726207999954, 6.01853983500007, 0.0 ], [ -73.579774266999948, 6.018560346000072, 0.0 ] ] ] } },
{ "type": "Feature", "properties": { "GASODUCTO": "BOYACA - SANTANDER", "TRAMO": "Moniquirá", "TP_DUCTO": "Ramal", "DISTRITO": "5", "DIAMETRO": "2", "TRM_REG": "GASODUCTO RAMALES BOYACA - SANTANDER", "ZONA": "3", "PK_INICIO": "000+000", "PK_FIN": "000+086", "LONGITUD": 0.90973822646181979, "ESTADO": "ESTRUCTURACIÓN", "SERVICIO": "NUEVAS TECNOLOGÍAS" }, "geometry": { "type": "MultiLineString", "coordinates": [ [ [ -73.560641332999978, 5.886072583000043, 1807.412200000006123 ], [ -73.560649383999987, 5.886067473000026, 1807.235300000000279 ], [ -73.560661631999949, 5.886059699000043, 1806.968399999997928 ], [ -73.560697336999965, 5.88603703800004, 1806.204899999996996 ], [ -73.560743260999971, 5.88600789000003, 1805.255399999994552 ], [ -73.560793441999976, 5.885976041000049, 1804.259600000004866 ], [ -73.560857599999963, 5.885935321000034, 1803.394000000000233 ], [ -73.560927166999988, 5.885891167000068, 1802.327099999994971 ], [ -73.56113015699998, 5.88578387900003, 1799.461800000004587 ], [ -73.561232850999943, 5.885729601000037, 1798.777700000006007 ], [ -73.561314082999957, 5.885686667000073, 1798.344200000006822 ], [ -73.561505637999971, 5.885584505000054, 1795.742599999997765 ], [ -73.561543078999989, 5.88556453700005, 1795.289300000004005 ], [ -73.561734065999985, 5.885461938000049, 1795.118300000001909 ], [ -73.561925051999935, 5.885359340000036, 1795.784599999999045 ], [ -73.562116038999989, 5.885256741000035, 1793.141900000002352 ], [ -73.56228552999994, 5.885109386000067, 1788.231700000003912 ], [ -73.562455020999948, 5.884962030000054, 1783.702900000003865 ], [ -73.562624511999957, 5.88481467500003, 1782.282200000001467 ], [ -73.562748489999933, 5.884641249000026, 1782.252099999997881 ], [ -73.562872466999977, 5.884467823000023, 1783.455900000000838 ], [ -73.562996444999953, 5.884294397000076, 1784.449099999997998 ], [ -73.563093739999942, 5.884075143000075, 1786.175799999997253 ], [ -73.563191033999942, 5.883855889000074, 1787.129199999995762 ], [ -73.563288328999988, 5.883636635000073, 1787.43289999999979 ], [ -73.563358885999946, 5.883424423000065, 1786.633799999995972 ], [ -73.563429442999961, 5.883212211000057, 1786.154800000003888 ], [ -73.5635, 5.882999999000049, 1785.425499999997555 ], [ -73.56354, 5.882858300000066, 1784.826000000000931 ], [ -73.563581499999941, 5.882771500000047, 1784.834600000001956 ], [ -73.563613399999952, 5.882735400000058, 1785.040299999993294 ], [ -73.563653299999942, 5.882708200000025, 1785.418900000004214 ], [ -73.563771100999986, 5.882670604000054, 1786.826100000005681 ], [ -73.563933799999973, 5.882610087000046, 1785.572299999999814 ], [ -73.56414319299995, 5.882537752000076, 1783.163199999995413 ], [ -73.564350994999984, 5.882458777000068, 1779.752900000006775 ], [ -73.564558795999972, 5.88237980100007, 1776.768700000000536 ], [ -73.564779503999944, 5.882314355000062, 1771.812300000005052 ], [ -73.565000211999973, 5.882248909000054, 1766.584600000001956 ], [ -73.565220919999945, 5.882183463000047, 1762.453699999998207 ], [ -73.565395309999985, 5.882127310000044, 1761.145900000003166 ], [ -73.56556969899998, 5.882071156000052, 1760.018700000000536 ], [ -73.565744088999963, 5.882015003000049, 1758.46020000000135 ], [ -73.56598923599995, 5.881940874000065, 1754.003800000005867 ], [ -73.566234381999948, 5.881866744000035, 1748.896299999993062 ], [ -73.566422990999968, 5.881824122000069, 1745.361199999999371 ], [ -73.566611599999987, 5.881781500000045, 1742.760500000003958 ], [ -73.566748699999948, 5.881754450000074, 1741.242499999993015 ], [ -73.566885799999966, 5.881727400000045, 1739.724499999996624 ], [ -73.566920511999967, 5.881731382000055, 1739.339999999996508 ], [ -73.566992389999939, 5.881739628000048, 1738.543999999994412 ] ] ] } },
{ "type": "Feature", "properties": { "GASODUCTO": "BOYACA - SANTANDER", "TRAMO": "Otero - Santana", "TP_DUCTO": "Troncal", "DISTRITO": "5", "DIAMETRO": "8", "TRM_REG": "GASODUCTO RAMALES BOYACA - SANTANDER", "ZONA": "3", "PK_INICIO": "000+000", "PK_FIN": "024+872", "LONGITUD": 24.39447434841674, "ESTADO": "ESTRUCTURACIÓN", "SERVICIO": "NUEVAS TECNOLOGÍAS" }, "geometry": { "type": "MultiLineString", "coordinates": [ [ [ -73.69432520099997, 5.810654023000041, 2141.342600000003586 ], [ -73.694285828999966, 5.810784593000051, 2140.1057 ], [ -73.694246455999973, 5.810915162000072, 2138.837100000004284 ], [ -73.694182073999968, 5.811176887000045, 2135.184699999997974 ], [ -73.694180782999979, 5.81118213700006, 2135.125899999999092 ], [ -73.694107475999942, 5.811440718000028, 2132.861499999999069 ], [ -73.694059108999966, 5.811521136000067, 2134.228199999997742 ], [ -73.693931427999985, 5.811702722000064, 2137.709000000002561 ], [ -73.693803746999947, 5.811884307000071, 2140.255499999999302 ], [ -73.693735830999969, 5.812089538000066, 2141.505300000004354 ], [ -73.693667915999981, 5.812294769000061, 2142.42269999999553 ], [ -73.6936, 5.8125, 2143.0 ], [ -73.693545256999982, 5.81269813800003, 2144.993199999997159 ], [ -73.693490514999951, 5.81289627700005, 2146.481599999999162 ], [ -73.693435771999987, 5.813094415000023, 2147.672600000005332 ], [ -73.693367885999976, 5.813347208000039, 2149.392900000006193 ], [ -73.6933, 5.8136, 2153.326600000000326 ], [ -73.693238693999945, 5.81384663700004, 2156.505999999993946 ], [ -73.69317738899997, 5.814093274000072, 2160.920499999992899 ], [ -73.69311608299995, 5.814339911000047, 2164.681200000006356 ], [ -73.693057848999956, 5.814584014000047, 2167.994699999995646 ], [ -73.692999613999973, 5.814828116000058, 2170.01140000000305 ], [ -73.692974334999974, 5.815089307000051, 2171.752200000002631 ], [ -73.692995637999957, 5.815250889000026, 2172.898199999995995 ], [ -73.693016941999986, 5.815412470000069, 2173.572799999994459 ], [ -73.693057017999934, 5.815548266000064, 2174.2216000000044 ], [ -73.693097094999985, 5.81568406100007, 2174.87039999999979 ], [ -73.693047017999959, 5.815861840000025, 2175.7307 ], [ -73.692996940999933, 5.816039618000048, 2177.031700000006822 ], [ -73.692891616999987, 5.816238641000041, 2177.765599999998813 ], [ -73.692786292999983, 5.816437663000045, 2177.502500000002328 ], [ -73.69271269099994, 5.816608253000027, 2176.069900000002235 ], [ -73.692639088999954, 5.816778842000076, 2174.626999999993131 ], [ -73.692545439999947, 5.817005617000063, 2172.092499999998836 ], [ -73.692451791999986, 5.81723239300004, 2168.822599999999511 ], [ -73.692358142999979, 5.817459168000028, 2165.47259999999369 ], [ -73.692277677999982, 5.817653369000027, 2164.149600000004284 ], [ -73.69219721199994, 5.817847569000037, 2164.581600000004983 ], [ -73.692116746999943, 5.818041770000036, 2165.142800000001444 ], [ -73.692036280999957, 5.818235970000046, 2165.968699999997625 ], [ -73.691967213999988, 5.818409523000071, 2166.0 ], [ -73.691898146999961, 5.818583076000039, 2166.41030000000319 ], [ -73.691829079999934, 5.818756629000063, 2167.100500000000466 ], [ -73.691754067999966, 5.818934054000067, 2168.408999999999651 ], [ -73.691679055999941, 5.819111480000061, 2169.0 ], [ -73.691604043999973, 5.819288905000064, 2169.017500000001746 ], [ -73.691598498999952, 5.819302020000066, 2169.084199999997509 ], [ -73.691501792999986, 5.819525077000037, 2170.529099999999744 ], [ -73.691405086999964, 5.819748133000076, 2170.242800000007264 ], [ -73.691270057999986, 5.819932089000076, 2170.0 ], [ -73.691135028999952, 5.820116044000031, 2169.859299999996438 ], [ -73.691, 5.8203, 2169.108300000007148 ], [ -73.690854429999945, 5.820504922000055, 2167.770000000004075 ], [ -73.690708860999962, 5.820709845000067, 2165.437799999999697 ], [ -73.690563290999989, 5.820914767000033, 2163.617199999993318 ], [ -73.690427546999956, 5.821087838000039, 2162.615900000004331 ], [ -73.690291801999933, 5.821260909000046, 2161.328899999993155 ], [ -73.690156057999957, 5.821433980000052, 2159.689100000003236 ], [ -73.689980565999974, 5.821573630000046, 2157.150299999993877 ], [ -73.689805072999945, 5.82171328000004, 2155.103199999997742 ], [ -73.689693372999955, 5.821858660000032, 2152.734800000005635 ], [ -73.689581671999974, 5.822004039000035, 2149.43859999999404 ], [ -73.689469971999983, 5.822149419000027, 2146.058699999994133 ], [ -73.689303655999936, 5.82231971300007, 2142.299100000003818 ], [ -73.689137340999935, 5.822490007000056, 2138.9033999999956 ], [ -73.688971024999944, 5.822660301000042, 2135.285799999997835 ], [ -73.688785512999971, 5.822830151000062, 2130.91710000000603 ], [ -73.6886, 5.823000001000025, 2126.498699999996461 ], [ -73.688495309999951, 5.823162729000046, 2124.0049 ], [ -73.688390618999961, 5.823325458000056, 2122.913300000000163 ], [ -73.68828592899996, 5.82348818600002, 2121.906700000006822 ], [ -73.688213133999966, 5.823682911000049, 2121.297399999995832 ], [ -73.688140338999972, 5.82387763600002, 2122.057700000004843 ], [ -73.68806819699995, 5.824086434000037, 2123.808300000004238 ], [ -73.687996053999939, 5.824295232000054, 2125.137100000007194 ], [ -73.687894418999974, 5.824541143000033, 2125.965100000001257 ], [ -73.687792782999963, 5.824787053000023, 2125.999700000000303 ], [ -73.687700263999943, 5.82502936800006, 2127.275500000003376 ], [ -73.687607743999934, 5.82527168200005, 2127.810200000007171 ], [ -73.687503871999979, 5.825485841000045, 2126.640299999999115 ], [ -73.6874, 5.8257, 2125.146800000002258 ], [ -73.687433332999944, 5.825966667000046, 2124.927500000005239 ], [ -73.687466666999967, 5.826233333000062, 2123.158999999999651 ], [ -73.6875, 5.8265, 2121.387199999997392 ], [ -73.687500556999964, 5.826503641000045, 2121.374800000005052 ], [ -73.687537775999942, 5.826747174000047, 2120.029200000004494 ], [ -73.687574994999977, 5.82699070700005, 2116.559899999992922 ], [ -73.687575151999965, 5.827048977000061, 2115.017200000002049 ], [ -73.687621516999968, 5.827192109000066, 2112.329500000007101 ], [ -73.687667881999971, 5.827335241000071, 2108.788899999999558 ], [ -73.687778587999958, 5.827556827000024, 2105.996199999994133 ], [ -73.687889293999945, 5.827778414000022, 2105.786500000001979 ], [ -73.688, 5.828, 2104.508300000001327 ], [ -73.688085713999953, 5.828242857000021, 2100.929300000003423 ], [ -73.688171427999976, 5.828485715000056, 2099.083100000003469 ], [ -73.688257141999941, 5.828728572000045, 2098.856499999994412 ], [ -73.688342856999952, 5.828971429000035, 2097.203599999993457 ], [ -73.688428570999974, 5.829214286000024, 2096.679799999998068 ], [ -73.688514285999986, 5.82945714400006, 2099.012799999996787 ], [ -73.6886, 5.829700001000049, 2100.517099999997299 ], [ -73.688694971999951, 5.829950819000032, 2099.241800000003423 ], [ -73.68878994499994, 5.830201637000073, 2098.143500000005588 ], [ -73.688884916999939, 5.830452455000056, 2096.746299999998882 ], [ -73.688885856999946, 5.830596275000062, 2095.674499999993714 ], [ -73.688886796999952, 5.830740095000067, 2095.066800000000512 ], [ -73.688868765999985, 5.830904568000051, 2095.265199999994365 ], [ -73.688737411999966, 5.831135536000033, 2094.022500000006403 ], [ -73.688606056999959, 5.831366504000073, 2091.222899999993388 ], [ -73.688600573999963, 5.831437601000061, 2090.194499999997788 ], [ -73.688615226999957, 5.831626005000032, 2086.86359999999695 ], [ -73.688590812999962, 5.831841835000034, 2082.255600000004051 ], [ -73.688566399999957, 5.832057664000047, 2076.544800000003306 ], [ -73.688541985999962, 5.832273494000049, 2072.351999999998952 ], [ -73.688517571999967, 5.832489323000061, 2070.014699999999721 ], [ -73.688488638999956, 5.832740153000032, 2066.429799999998068 ], [ -73.688459705999946, 5.832990983000059, 2062.2783999999956 ], [ -73.688444587999982, 5.833155048000037, 2059.864600000000792 ], [ -73.68842946999996, 5.833319113000073, 2059.167199999996228 ], [ -73.688407856999959, 5.833516631000066, 2056.776800000006915 ], [ -73.688386243999958, 5.83371414800007, 2053.626300000003539 ], [ -73.688364630999956, 5.833911666000063, 2050.475800000000163 ], [ -73.68833626199995, 5.834137116000022, 2051.947000000000116 ], [ -73.688307893999934, 5.834362565000049, 2055.451199999995879 ], [ -73.688279524999984, 5.834588015000065, 2058.494200000001001 ], [ -73.68829999899998, 5.83479999900004, 2059.99539999999979 ], [ -73.688391354999965, 5.834982711000066, 2060.569399999993038 ], [ -73.688482710999949, 5.835165422000046, 2059.123500000001513 ], [ -73.6885, 5.8352, 2058.677400000000489 ], [ -73.68844160499998, 5.835420448000036, 2054.608300000007148 ], [ -73.688339, 5.835556227000041, 2049.628299999996671 ], [ -73.688236393999944, 5.835692005000055, 2044.60910000000149 ], [ -73.688058593999983, 5.835882433000052, 2036.05899999999383 ], [ -73.687880793999966, 5.836072860000058, 2027.420700000002398 ], [ -73.68775074399997, 5.836232221000046, 2023.159299999999348 ], [ -73.687620693999975, 5.836391581000044, 2019.020499999998719 ], [ -73.687534022999955, 5.836579599000061, 2018.247700000007171 ], [ -73.687447352999982, 5.836767618000067, 2016.729200000001583 ], [ -73.687360681999962, 5.836955636000027, 2014.702999999994063 ], [ -73.687257740999939, 5.837136054000041, 2010.242700000002515 ], [ -73.687154800999963, 5.837316473000044, 2007.603499999997439 ], [ -73.68705185999994, 5.837496891000058, 2005.822799999994459 ], [ -73.686934431999987, 5.837687553000023, 2005.0512000000017 ], [ -73.686817003999977, 5.837878214000057, 2005.309899999992922 ], [ -73.686739547999935, 5.838020176000043, 2006.600500000000466 ], [ -73.68666209099996, 5.83816213700004, 2006.767600000006496 ], [ -73.6866, 5.83830000100005, 2006.429900000002817 ], [ -73.686627922999946, 5.838469187000044, 2005.279500000004191 ], [ -73.686655845999951, 5.838638372000048, 2002.537800000005518 ], [ -73.68682814899995, 5.838798716000042, 2000.725600000005215 ], [ -73.686923899999954, 5.838967493000041, 2000.252299999992829 ], [ -73.686925001999953, 5.839122989000032, 1998.125 ], [ -73.686926103999951, 5.839278484000033, 1996.432199999995646 ], [ -73.686863051999978, 5.839439243000072, 1993.869200000001001 ], [ -73.6868, 5.839600001000065, 1991.992400000002817 ], [ -73.686809126999947, 5.83981499600003, 1991.295899999997346 ], [ -73.686889733999976, 5.840005819000055, 1990.62840000000142 ], [ -73.687067, 5.840136011000027, 1992.217699999993783 ], [ -73.687156917999971, 5.840294311000036, 1991.24189999999362 ], [ -73.687193712999942, 5.840485271000034, 1989.840200000006007 ], [ -73.687230507999971, 5.840676230000042, 1989.13640000000305 ], [ -73.687265253999954, 5.840838115000054, 1987.93399999999383 ], [ -73.6873, 5.841, 1986.6987999999983 ], [ -73.687371379999945, 5.84113218400006, 1985.828699999998207 ], [ -73.687442760999943, 5.841264367000065, 1984.184299999993527 ], [ -73.687483232999966, 5.841514471000039, 1979.740000000005239 ], [ -73.687499948999971, 5.841761504000033, 1973.774300000004587 ], [ -73.687516665999965, 5.842008537000027, 1964.4326 ], [ -73.687519802999986, 5.842263707000029, 1962.0 ], [ -73.687522939999951, 5.842518877000032, 1959.325200000006589 ], [ -73.687519330999976, 5.842739668000036, 1958.643800000005285 ], [ -73.687515720999954, 5.842960459000039, 1960.305699999997159 ], [ -73.687512111999979, 5.843181250000043, 1962.405100000003586 ], [ -73.687511839999956, 5.843197916000065, 1962.401299999997718 ], [ -73.687479432999965, 5.843432363000034, 1961.926000000006752 ], [ -73.687447025999973, 5.843666809000069, 1961.693400000003749 ], [ -73.687414618999981, 5.843901256000038, 1962.237899999992806 ], [ -73.687382211999989, 5.844135702000074, 1962.248399999996764 ], [ -73.687338, 5.844272717000024, 1962.168999999994412 ], [ -73.687293787999977, 5.844409732000031, 1963.080100000006496 ], [ -73.687262524999937, 5.844606488000068, 1964.300900000002002 ], [ -73.687231262999944, 5.844803245000037, 1965.12960000000021 ], [ -73.6872, 5.845000001000074, 1964.108399999997346 ], [ -73.687170603999959, 5.845265002000076, 1962.442500000004657 ], [ -73.687141206999968, 5.845530004000068, 1961.635399999999208 ], [ -73.687111810999966, 5.84579500500007, 1960.717699999993783 ], [ -73.687097163999965, 5.846015918000035, 1959.992199999993318 ], [ -73.687082515999975, 5.846236832000045, 1959.860799999994924 ], [ -73.687067868999975, 5.846457745000066, 1960.181800000005751 ], [ -73.687009167999975, 5.846664273000044, 1961.478799999997136 ], [ -73.686950466999974, 5.846870801000023, 1961.053899999998976 ], [ -73.686891765999974, 5.847077329000058, 1959.847200000003795 ], [ -73.686902829999951, 5.847312553000052, 1956.719800000006217 ], [ -73.686913892999939, 5.847547778000035, 1954.30800000000454 ], [ -73.686924956999974, 5.847783002000028, 1954.814899999997579 ], [ -73.686978855999939, 5.847960453000042, 1955.958700000002864 ], [ -73.687032754999962, 5.848137905000044, 1956.936000000001513 ], [ -73.687086653999984, 5.848315356000057, 1957.624800000005052 ], [ -73.687143326999944, 5.848457678000045, 1954.998000000006869 ], [ -73.6872, 5.8486, 1952.963199999998324 ], [ -73.68725, 5.8488, 1950.502699999997276 ], [ -73.6873, 5.848999999000057, 1949.500599999999395 ], [ -73.68735, 5.849199999000064, 1949.824299999992945 ], [ -73.6874, 5.8494, 1951.407099999996717 ], [ -73.68745, 5.8496, 1951.298800000004121 ], [ -73.6875, 5.8498, 1950.421799999996438 ], [ -73.687552391999986, 5.849994626000068, 1948.41019999999844 ], [ -73.687604783999973, 5.850189251000074, 1944.544399999998859 ], [ -73.687657175999959, 5.85038387700007, 1940.369099999996251 ], [ -73.687680586999988, 5.850628124000025, 1935.657300000006217 ], [ -73.68770399899995, 5.850872370000047, 1931.519899999999325 ], [ -73.687651650999953, 5.851071650000051, 1929.880000000004657 ], [ -73.687599301999967, 5.851270930000055, 1928.256200000003446 ], [ -73.687503909999975, 5.851421795000022, 1926.297200000000885 ], [ -73.687408516999938, 5.851572659000055, 1924.737800000002608 ], [ -73.687249475999977, 5.851736706000054, 1924.119399999995949 ], [ -73.687090434999959, 5.851900752000063, 1920.0966000000044 ], [ -73.687067358999968, 5.85192607700003, 1919.262799999996787 ], [ -73.687, 5.852, 1916.62390000000596 ], [ -73.686836870999969, 5.852167484000063, 1908.768599999995786 ], [ -73.686661051999977, 5.852278796000064, 1903.803100000004633 ], [ -73.686492523999959, 5.852294106000045, 1900.76589999999851 ], [ -73.686365027999955, 5.852299927000047, 1898.238400000002002 ], [ -73.686214564999943, 5.852359441000033, 1893.682000000000698 ], [ -73.6861, 5.852499999000031, 1890.049799999993411 ], [ -73.68609891899996, 5.852662519000035, 1888.663400000004913 ], [ -73.686102311999946, 5.852824622000071, 1886.896699999997509 ], [ -73.686025271999938, 5.852999442000055, 1884.061000000001513 ], [ -73.685948231999987, 5.853174262000039, 1881.238500000006752 ], [ -73.685831542999949, 5.853342686000076, 1877.966799999994691 ], [ -73.685714852999979, 5.853511109000067, 1875.649199999999837 ], [ -73.685598163999941, 5.853679533000047, 1874.219800000006217 ], [ -73.685432108999976, 5.853853022000067, 1872.950200000006589 ], [ -73.685266054999943, 5.854026511000029, 1872.09309999999823 ], [ -73.6851, 5.8542, 1869.056100000001607 ], [ -73.684960187999934, 5.854323608000072, 1866.849000000001979 ], [ -73.684820374999958, 5.85444721600004, 1864.037200000006123 ], [ -73.684680562999972, 5.854570824000064, 1862.291800000006333 ], [ -73.684526563999952, 5.854701345000024, 1861.219100000002072 ], [ -73.684372564999933, 5.85483186600004, 1859.918600000004517 ], [ -73.68421856599997, 5.854962387000057, 1857.062799999999697 ], [ -73.68401993599997, 5.855071197000029, 1854.240399999995134 ], [ -73.683821304999981, 5.855180007000058, 1853.66019999999844 ], [ -73.683710652999935, 5.855340004000027, 1852.642800000001444 ], [ -73.6836, 5.8555, 1849.603700000006938 ], [ -73.683433529999945, 5.855683420000048, 1845.26600000000326 ], [ -73.683267059999935, 5.855866840000033, 1841.429300000003423 ], [ -73.683099143999982, 5.856042389000038, 1836.562099999995553 ], [ -73.682931226999983, 5.856217938000043, 1833.142600000006496 ], [ -73.682763310999974, 5.856393487000048, 1831.304199999998673 ], [ -73.682707626999957, 5.856589036000059, 1827.547200000000885 ], [ -73.68265194199995, 5.856784584000025, 1822.857799999997951 ], [ -73.682629195999937, 5.856922921000034, 1819.630499999999302 ], [ -73.682651772999975, 5.85705835300007, 1817.228700000006938 ], [ -73.682674349999957, 5.85719378500005, 1815.077000000004773 ], [ -73.682677186999967, 5.857377877000033, 1812.323999999993248 ], [ -73.682680023999978, 5.857561968000027, 1809.909499999994296 ], [ -73.68272750999995, 5.857819336000034, 1807.766300000002957 ], [ -73.682774995999978, 5.858076703000052, 1804.571400000000722 ], [ -73.682787497999982, 5.858338352000033, 1797.919299999994109 ], [ -73.6828, 5.8586, 1792.071700000000419 ], [ -73.6828, 5.858639611000058, 1791.404500000004191 ], [ -73.6828, 5.8587, 1790.568799999993644 ], [ -73.682786483999962, 5.858923996000044, 1787.88640000000305 ], [ -73.682772966999948, 5.859147992000032, 1787.175600000002305 ], [ -73.682759450999981, 5.859371988000021, 1787.02039999999397 ], [ -73.682698325999979, 5.859600693000061, 1785.983800000001793 ], [ -73.682637199999988, 5.859829398000045, 1784.465400000000955 ], [ -73.682576074999986, 5.860058103000028, 1783.455700000005891 ], [ -73.682508837999933, 5.860229808000042, 1783.314400000002934 ], [ -73.682441599999947, 5.860401513000056, 1782.957399999999325 ], [ -73.682374362999951, 5.86057321800007, 1782.315799999996671 ], [ -73.682279955999945, 5.860733584000059, 1780.431500000006054 ], [ -73.682185548999939, 5.860893950000047, 1777.804999999993015 ], [ -73.682091141999933, 5.861054316000036, 1776.014200000005076 ], [ -73.681962522999982, 5.861235111000042, 1773.690100000007078 ], [ -73.681833903999973, 5.861415906000047, 1768.969700000001467 ], [ -73.681711388999986, 5.861640774000023, 1761.440199999997276 ], [ -73.681588873999942, 5.861865641000065, 1757.280100000003586 ], [ -73.68149793799995, 5.862039878000076, 1754.049700000003213 ], [ -73.681407000999968, 5.862214115000029, 1750.602499999993597 ], [ -73.68131137499995, 5.862451221000072, 1746.592499999998836 ], [ -73.681311189999974, 5.862451454000052, 1746.590200000006007 ], [ -73.681149021999943, 5.862654768000027, 1745.057700000004843 ], [ -73.681027836999988, 5.862777481000023, 1742.925799999997253 ], [ -73.680861681999943, 5.86289176300005, 1739.418999999994412 ], [ -73.680695526999955, 5.86300604500002, 1737.805600000006962 ], [ -73.680539877999934, 5.863098299000058, 1737.419399999998859 ], [ -73.680384228999969, 5.863190552000049, 1736.547000000005937 ], [ -73.68027376699996, 5.863214412000048, 1736.002800000002026 ], [ -73.680066790999945, 5.863239925000073, 1735.1201 ], [ -73.679980399999977, 5.863207646000035, 1735.042300000000978 ], [ -73.679720266999936, 5.863171764000072, 1734.897400000001653 ], [ -73.679460132999964, 5.863135882000051, 1735.281400000007125 ], [ -73.6792, 5.8631, 1734.009200000000419 ], [ -73.679017640999973, 5.863038808000056, 1732.004199999995762 ], [ -73.678835282999955, 5.862977615000034, 1729.888500000000931 ], [ -73.678652923999948, 5.862916423000058, 1728.020799999998417 ], [ -73.678426461999948, 5.862858212000049, 1726.263399999996182 ], [ -73.6782, 5.8628, 1723.104900000005728 ], [ -73.677962528999956, 5.862757929000054, 1718.825200000006589 ], [ -73.677725057999965, 5.862715858000058, 1714.481400000004214 ], [ -73.677496432999988, 5.862639203000072, 1710.190199999997276 ], [ -73.677267807999954, 5.862562548000028, 1707.0 ], [ -73.677238490999969, 5.862535705000028, 1707.0 ], [ -73.677027223999971, 5.862416070000052, 1706.731400000004214 ], [ -73.677020459999937, 5.862414823000051, 1706.606899999998859 ], [ -73.676989735999939, 5.862409157000059, 1706.038499999995111 ], [ -73.676922642999955, 5.862327543000049, 1703.907999999995809 ], [ -73.676722165999934, 5.862295475000053, 1700.289900000003399 ], [ -73.676480986999934, 5.862326707000022, 1698.006899999993038 ], [ -73.676239806999945, 5.862357939000049, 1693.477899999998044 ], [ -73.676038965999965, 5.862440598000035, 1687.064899999997579 ], [ -73.675838123999938, 5.862523257000021, 1682.654399999999441 ], [ -73.675699897999948, 5.862611756000035, 1680.94090000000142 ], [ -73.675561670999969, 5.86270025500005, 1680.807100000005448 ], [ -73.675430835999975, 5.86280012800006, 1679.275899999993271 ], [ -73.6753, 5.8629, 1676.677299999995739 ], [ -73.675106516999961, 5.862980295000057, 1673.759300000005169 ], [ -73.674913033999985, 5.863060590000032, 1673.084400000007008 ], [ -73.674719550999953, 5.863140885000064, 1669.004400000005262 ], [ -73.674714599999959, 5.863138774000049, 1668.876399999993737 ], [ -73.674487982999949, 5.863172528000064, 1661.54309999999532 ], [ -73.674261365999939, 5.863206282000021, 1651.824800000002142 ], [ -73.674040910999963, 5.863304188000029, 1641.098499999992782 ], [ -73.673820454999941, 5.863402095000026, 1630.426300000006449 ], [ -73.6736, 5.863500001000034, 1623.794299999994109 ], [ -73.673420174999933, 5.863575364000042, 1622.0 ], [ -73.67337956199998, 5.863586433000023, 1622.0 ], [ -73.673186374999943, 5.863624289000029, 1620.741099999999278 ], [ -73.672993186999975, 5.863662145000035, 1616.692200000004959 ], [ -73.6728, 5.863700001000041, 1612.443499999993946 ], [ -73.672647684999959, 5.863729076000027, 1609.725500000000466 ], [ -73.672495369999979, 5.86375815100007, 1608.436900000000605 ], [ -73.672286821999933, 5.86381883100006, 1608.947100000004866 ], [ -73.672078273999944, 5.86387951100005, 1609.429199999998673 ], [ -73.671939136999981, 5.863889756000049, 1609.068100000004051 ], [ -73.6718, 5.8639, 1608.875599999999395 ], [ -73.671582700999977, 5.864032007000048, 1610.297500000000582 ], [ -73.671365401999935, 5.864164014000039, 1613.362699999997858 ], [ -73.671246412999949, 5.864286544000038, 1615.619900000005146 ], [ -73.671127423999963, 5.864409073000047, 1616.587700000003679 ], [ -73.67105305299998, 5.864544738000063, 1617.192599999994854 ], [ -73.670978681999941, 5.864680402000033, 1615.790399999998044 ], [ -73.67090491099998, 5.86484925000002, 1613.295599999997648 ], [ -73.670831498999974, 5.865047317000062, 1613.836599999995087 ], [ -73.670758087999957, 5.865245385000037, 1612.278099999995902 ], [ -73.670684675999951, 5.865443452000022, 1610.296900000001187 ], [ -73.670592337999949, 5.865621727000075, 1610.816099999996368 ], [ -73.6705, 5.865800001000025, 1612.907000000006519 ], [ -73.670386209999947, 5.865999971000065, 1614.437999999994645 ], [ -73.670272418999957, 5.866199941000048, 1613.912400000001071 ], [ -73.670084034999945, 5.866386390000059, 1617.137199999997392 ], [ -73.669895650999933, 5.866572838000025, 1619.222200000003795 ], [ -73.669684255999982, 5.866632269000036, 1622.061499999996158 ], [ -73.669472860999974, 5.866691699000057, 1625.874599999995553 ], [ -73.669252731999961, 5.866695810000067, 1630.795499999992899 ], [ -73.669032603999938, 5.86669992000003, 1632.817999999999302 ], [ -73.668899325999973, 5.866738397000063, 1631.894799999994575 ], [ -73.668766046999963, 5.866776874000038, 1628.511499999993248 ], [ -73.668639251999934, 5.866870895000034, 1625.126900000002934 ], [ -73.6686, 5.866900001000033, 1625.241200000004028 ], [ -73.668475976999957, 5.867002375000027, 1626.131899999993038 ], [ -73.668351953999945, 5.867104749000021, 1628.395199999999022 ], [ -73.668226781999977, 5.867243506000023, 1631.165299999993294 ], [ -73.668101609999951, 5.867382263000025, 1633.950899999996182 ], [ -73.667931990999989, 5.867533066000021, 1639.637799999996787 ], [ -73.667762370999981, 5.867683869000075, 1642.807799999995041 ], [ -73.667658898999946, 5.867801137000072, 1643.231599999999162 ], [ -73.667529449999961, 5.867950569000072, 1642.598199999993085 ], [ -73.6674, 5.868100001000073, 1641.878700000001118 ], [ -73.667248551999933, 5.868277130000024, 1644.289999999993597 ], [ -73.667097102999946, 5.868454260000021, 1647.32839999999851 ], [ -73.66694565499995, 5.868631389000029, 1649.321599999995669 ], [ -73.666938865999953, 5.868886004000046, 1651.047200000000885 ], [ -73.666932076999956, 5.869140619000063, 1652.513699999995879 ], [ -73.666889375999972, 5.869397547000062, 1653.76480000000447 ], [ -73.666846674999988, 5.869654474000072, 1651.796799999996438 ], [ -73.666823337999972, 5.869827237000038, 1648.950599999996484 ], [ -73.6668, 5.869999999000072, 1645.669399999998859 ], [ -73.666764136999973, 5.87011893600004, 1644.707699999999022 ], [ -73.666618784999969, 5.87024903300005, 1643.335800000000745 ], [ -73.666473431999975, 5.870379129000071, 1641.751199999998789 ], [ -73.666398042999958, 5.870556717000056, 1639.721499999999651 ], [ -73.666322652999952, 5.870734305000042, 1637.577399999994668 ], [ -73.666329735999966, 5.870849150000026, 1636.27270000000135 ], [ -73.666433586999972, 5.87095688900007, 1634.327999999994063 ], [ -73.666533829999935, 5.871096924000028, 1631.691099999996368 ], [ -73.666516914999988, 5.87124846200004, 1630.699600000007194 ], [ -73.6665, 5.8714, 1629.049400000003516 ], [ -73.666464945999962, 5.871581269000046, 1625.163400000004913 ], [ -73.666373138999973, 5.871649794000064, 1624.369099999996251 ], [ -73.666264250999973, 5.871731070000067, 1623.208599999998114 ], [ -73.666155362999973, 5.871812345000023, 1621.434500000003027 ], [ -73.666118177999977, 5.871887302000061, 1619.223199999993085 ], [ -73.666127075999952, 5.872048470000038, 1615.036600000006729 ], [ -73.666113537999934, 5.872224236000022, 1610.286800000001676 ], [ -73.6661, 5.872400001000074, 1605.103099999992992 ], [ -73.666123544999948, 5.872619702000065, 1601.98420000000624 ], [ -73.666127065999945, 5.872652556000048, 1601.620899999994435 ], [ -73.666201539999975, 5.872887610000021, 1598.323999999993248 ], [ -73.666250927999954, 5.873043488000064, 1595.754799999995157 ], [ -73.666274718999944, 5.873200817000054, 1594.24199999999837 ], [ -73.666298509999933, 5.873358145000054, 1593.808300000004238 ], [ -73.666231513999946, 5.873492076000048, 1594.724199999996927 ], [ -73.666055338999968, 5.873586422000074, 1597.397200000006706 ], [ -73.665879162999943, 5.873680767000053, 1599.751999999993131 ], [ -73.665824406999945, 5.873718130000043, 1600.165599999992992 ], [ -73.665702885999963, 5.873801049000065, 1601.083599999998114 ], [ -73.66558136499998, 5.87388396800003, 1603.559399999998277 ], [ -73.665491957999961, 5.87402995900004, 1606.716899999999441 ], [ -73.665402550999943, 5.874175949000062, 1609.08169999999518 ], [ -73.665282152999964, 5.874375136000026, 1611.312300000005052 ], [ -73.665161753999939, 5.874574323000047, 1611.684899999992922 ], [ -73.665041355999961, 5.874773510000068, 1610.483500000002095 ], [ -73.664964571999974, 5.874975042000074, 1608.70230000000447 ], [ -73.664887788999977, 5.875176575000069, 1606.840400000000955 ], [ -73.664811004999933, 5.875378107000074, 1604.203599999993457 ], [ -73.664729849999958, 5.87551516000002, 1604.040900000007241 ], [ -73.664676743999962, 5.875718543000062, 1604.22609999999986 ], [ -73.664623636999977, 5.875921927000036, 1605.467399999994086 ], [ -73.664570530999981, 5.87612531000002, 1607.599400000006426 ], [ -73.664517423999939, 5.876328693000062, 1608.391399999993155 ], [ -73.664408711999954, 5.876564347000055, 1609.628100000001723 ], [ -73.6643, 5.876800001000049, 1611.994000000006054 ], [ -73.664195964999976, 5.877013950000048, 1611.666800000006333 ], [ -73.664091930999973, 5.877227899000047, 1611.900699999998324 ], [ -73.663987895999981, 5.877441849000036, 1613.736000000004424 ], [ -73.663883860999988, 5.877655798000035, 1616.54670000000624 ], [ -73.663779825999939, 5.877869747000034, 1618.857300000003306 ], [ -73.663659869999947, 5.878102310000031, 1620.997900000002119 ], [ -73.663539912999966, 5.878334873000028, 1624.0396999999939 ], [ -73.663419956999974, 5.878567436000026, 1626.085900000005495 ], [ -73.6633, 5.878799999000023, 1627.072899999999208 ], [ -73.663182111999959, 5.878982329000053, 1628.455600000001141 ], [ -73.663064222999935, 5.879164660000072, 1629.572499999994761 ], [ -73.662946334999958, 5.879346990000045, 1628.567699999999604 ], [ -73.662873167999976, 5.87947349500007, 1626.406300000002375 ], [ -73.6628, 5.8796, 1622.512100000007194 ], [ -73.662759838999989, 5.879793028000051, 1616.555900000006659 ], [ -73.662719677999974, 5.879986055000074, 1609.907099999996717 ], [ -73.662662954999973, 5.880250302000036, 1604.047500000000582 ], [ -73.662581477999936, 5.880375151000067, 1603.092099999994389 ], [ -73.6625, 5.8805, 1602.240000000005239 ], [ -73.662477790999958, 5.880523519000064, 1602.103700000006938 ], [ -73.662292233999949, 5.880720033000046, 1603.812799999999697 ], [ -73.662063329999967, 5.880831830000034, 1604.617499999993015 ], [ -73.661834425999984, 5.880943626000033, 1605.295899999997346 ], [ -73.661605521999945, 5.881055423000021, 1605.165900000007241 ], [ -73.661370347999934, 5.881170282000028, 1605.614499999996042 ], [ -73.66113517399998, 5.881285141000035, 1607.381899999993038 ], [ -73.6609, 5.8814, 1608.105899999995017 ], [ -73.660703371999944, 5.881494539000073, 1608.38749999999709 ], [ -73.660506743999974, 5.881589077000058, 1608.270300000003772 ], [ -73.660310115999948, 5.881683616000032, 1609.500299999999697 ], [ -73.660113487999979, 5.881778154000074, 1611.923699999999371 ], [ -73.660112966999975, 5.881778877000045, 1611.938800000003539 ], [ -73.659856483999988, 5.881839438000043, 1614.213799999997718 ], [ -73.6596, 5.881899999000041, 1615.698999999993248 ], [ -73.659410613999967, 5.881899833000034, 1615.69560000000638 ], [ -73.659221228999968, 5.881899667000027, 1615.625 ], [ -73.65903184299998, 5.881899501000021, 1615.59759999999369 ], [ -73.658815920999984, 5.881899751000049, 1616.034599999999045 ], [ -73.6586, 5.8819, 1617.46929999999702 ], [ -73.658593714999938, 5.881896850000032, 1617.37050000000454 ], [ -73.658421100999988, 5.881810322000035, 1615.07829999999376 ], [ -73.658248485999934, 5.881723795000028, 1612.392600000006496 ], [ -73.658075871999984, 5.881637267000031, 1609.157800000000861 ], [ -73.65790057199996, 5.881529694000051, 1609.279500000004191 ], [ -73.657725271999936, 5.88142212200006, 1610.110799999994924 ], [ -73.65754997199997, 5.881314549000024, 1612.165399999998044 ], [ -73.657374671999946, 5.881206976000044, 1612.790699999997742 ], [ -73.657216635999987, 5.881121151000059, 1612.85920000000624 ], [ -73.65705860099996, 5.881035325000028, 1613.76249999999709 ], [ -73.656872400999987, 5.880990216000043, 1614.699800000002142 ], [ -73.656686199999967, 5.880945108000049, 1616.040999999997439 ], [ -73.6565, 5.880899999000064, 1616.457399999999325 ], [ -73.656311948999985, 5.880861336000066, 1615.380000000004657 ], [ -73.656123897999976, 5.880822673000068, 1613.612999999997555 ], [ -73.655875345999959, 5.880800111000042, 1610.891199999998207 ], [ -73.655626793999943, 5.880777548000026, 1608.222999999998137 ], [ -73.655496276999941, 5.880837772000064, 1607.037400000001071 ], [ -73.655243637999945, 5.880929776000073, 1605.053100000004633 ], [ -73.65499099799996, 5.881021780000026, 1603.506399999998393 ], [ -73.654881732999968, 5.881061572000021, 1602.19090000000142 ], [ -73.654656834999969, 5.88119308000006, 1600.692500000004657 ], [ -73.65443193699997, 5.881324588000041, 1599.9663 ], [ -73.654402949999962, 5.881341538000072, 1599.776299999997718 ], [ -73.654320180999946, 5.881389937000051, 1599.08629999999539 ], [ -73.654192972999965, 5.881453533000069, 1598.486199999999371 ], [ -73.654065763999938, 5.881517129000031, 1598.251300000003539 ], [ -73.654055265999943, 5.881522377000067, 1598.231899999998859 ], [ -73.6539, 5.8816, 1597.036900000006426 ], [ -73.653894012999956, 5.881604130000028, 1596.941500000000815 ], [ -73.653763564999963, 5.881694124000035, 1595.363899999996647 ], [ -73.65363311699997, 5.881784118000041, 1595.672300000005635 ], [ -73.653578946999971, 5.88182148900006, 1595.8353000000061 ], [ -73.653454272999966, 5.881907500000068, 1596.056200000006356 ], [ -73.653329597999971, 5.881993510000029, 1597.321200000005774 ], [ -73.653315457999952, 5.882003265000037, 1597.415399999998044 ], [ -73.653147392999983, 5.882119211000031, 1597.808499999999185 ], [ -73.652979326999969, 5.882235156000036, 1598.352499999993597 ], [ -73.65278621799996, 5.882356771000048, 1598.979699999996228 ], [ -73.652593108999952, 5.88247838500007, 1599.002999999996973 ], [ -73.6524, 5.8826, 1593.274699999994482 ], [ -73.652289988999939, 5.88281528400006, 1585.669999999998254 ], [ -73.652179977999936, 5.883030567000048, 1580.192999999999302 ], [ -73.652081137999971, 5.883245677000048, 1579.045400000002701 ], [ -73.651982296999961, 5.883460786000057, 1581.853700000006938 ], [ -73.651818198999933, 5.883588035000059, 1585.295499999992899 ], [ -73.65167781699995, 5.883717485000034, 1589.593699999997625 ], [ -73.651537434999966, 5.883846934000076, 1594.529699999999139 ], [ -73.651438580999979, 5.884019643000045, 1602.876799999998184 ], [ -73.651339726999936, 5.884192352000071, 1607.366099999999278 ], [ -73.651324416999955, 5.884219101000042, 1607.729200000001583 ], [ -73.651216277999936, 5.884412734000023, 1610.776700000002165 ], [ -73.651108138999973, 5.88460636700006, 1612.687300000005052 ], [ -73.651, 5.8848, 1614.844200000006822 ], [ -73.650837582999941, 5.885003166000047, 1615.778099999995902 ], [ -73.650675164999939, 5.885206331000063, 1617.533200000005309 ], [ -73.650512747999983, 5.885409497000069, 1620.563200000004144 ], [ -73.650380676999987, 5.885551480000061, 1623.49199999999837 ], [ -73.650248604999945, 5.885693462000063, 1627.781400000007125 ], [ -73.650116533999949, 5.885835445000055, 1630.552800000004936 ], [ -73.649943057999963, 5.885997266000061, 1635.775699999998324 ], [ -73.649769580999987, 5.886159087000067, 1640.791200000006938 ], [ -73.649580421999985, 5.88627802000002, 1646.650399999998626 ], [ -73.649391261999938, 5.886396952000041, 1651.005499999999302 ], [ -73.649202102999936, 5.886515885000051, 1652.364100000006147 ], [ -73.649034734999987, 5.886610590000032, 1652.612599999993108 ], [ -73.648867367999969, 5.88670529500007, 1654.376300000003539 ], [ -73.6487, 5.8868, 1656.08980000000156 ], [ -73.648509598999965, 5.886950615000046, 1658.248800000001211 ], [ -73.648319196999978, 5.887101229000052, 1657.860100000005332 ], [ -73.648159675999977, 5.887223750000032, 1656.401299999997718 ], [ -73.648000153999988, 5.887346270000023, 1656.0 ], [ -73.647840632999987, 5.88746879100006, 1656.0 ], [ -73.6478, 5.887499999000056, 1656.0 ], [ -73.647551314999987, 5.887548505000041, 1652.831000000005588 ], [ -73.647302628999967, 5.887597011000025, 1649.638999999995576 ], [ -73.647053943999936, 5.887645517000067, 1648.214999999996508 ], [ -73.646789238999986, 5.887679964000029, 1647.904299999994691 ], [ -73.646524532999933, 5.887714412000037, 1648.0 ], [ -73.646259827999984, 5.887748859000055, 1647.71929999999702 ], [ -73.646028997999963, 5.887782967000021, 1648.291500000006636 ], [ -73.645798166999953, 5.887817075000044, 1651.341700000004494 ], [ -73.645741030999943, 5.887811372000044, 1652.737299999993411 ], [ -73.645495798999946, 5.887862020000057, 1660.849400000006426 ], [ -73.645250566999948, 5.887912667000023, 1670.436700000005658 ], [ -73.645020307999971, 5.887930998000058, 1678.154200000004494 ], [ -73.644790047999948, 5.887949328000047, 1680.4091000000044 ], [ -73.644580392999956, 5.888031363000039, 1680.815100000007078 ], [ -73.644370737999964, 5.888113397000041, 1682.325500000006286 ], [ -73.644166442999961, 5.888210652000055, 1683.961699999999837 ], [ -73.643962147999957, 5.888307906000023, 1686.449299999992945 ], [ -73.643757852999954, 5.888405161000037, 1690.98750000000291 ], [ -73.643553557999951, 5.888502415000062, 1691.150099999998929 ], [ -73.643301675999965, 5.888560014000063, 1690.994000000006054 ], [ -73.643151517999968, 5.888600581000048, 1690.305099999997765 ], [ -73.642998981999938, 5.888665970000034, 1685.29330000000482 ], [ -73.64287759299998, 5.888759984000046, 1679.5396999999939 ], [ -73.642732311999964, 5.888901099000066, 1673.152100000006612 ], [ -73.642587030999948, 5.889042214000028, 1666.820999999996275 ], [ -73.64242315499996, 5.889185396000073, 1659.859700000000885 ], [ -73.642259278999973, 5.889328578000061, 1653.910600000002887 ], [ -73.642084603999933, 5.889476804000026, 1649.731799999994109 ], [ -73.641909927999961, 5.889625029000058, 1646.330100000006496 ], [ -73.641735252999979, 5.889773255000023, 1641.62390000000596 ], [ -73.641609391999964, 5.889951450000069, 1638.671000000002095 ], [ -73.641483530999949, 5.890129645000059, 1636.764500000004773 ], [ -73.641357669999934, 5.890307840000048, 1635.741699999998673 ], [ -73.641237697999941, 5.890392686000041, 1633.84440000000177 ], [ -73.641090517999942, 5.890619403000073, 1628.461999999999534 ], [ -73.640943336999953, 5.890846120000049, 1622.416400000001886 ], [ -73.640821049999943, 5.891086483000038, 1618.544500000003609 ], [ -73.640698761999943, 5.891326845000037, 1614.16710000000603 ], [ -73.640621721999935, 5.891492457000027, 1611.998399999996764 ], [ -73.640544680999938, 5.891658069000073, 1610.450599999996484 ], [ -73.640483522999943, 5.891802609000024, 1610.437799999999697 ], [ -73.64042236399996, 5.891947148000042, 1610.604200000001583 ], [ -73.6404, 5.892000001000042, 1610.411300000007031 ], [ -73.640327801999945, 5.892180719000066, 1609.324600000007194 ], [ -73.640255603999947, 5.892361436000044, 1606.407300000006217 ], [ -73.640183405999949, 5.892542154000068, 1603.356299999999464 ], [ -73.640093456999978, 5.892729141000075, 1601.000400000004447 ], [ -73.64005530999998, 5.892772661000038, 1600.812999999994645 ], [ -73.64000520999997, 5.892874219000021, 1600.07850000000326 ], [ -73.639913664999938, 5.892979213000046, 1598.825400000001537 ], [ -73.639842370999986, 5.893033064000065, 1598.483600000006845 ], [ -73.63970666299997, 5.893155643000057, 1599.466199999995297 ], [ -73.639524631999961, 5.893281929000068, 1601.653500000000349 ], [ -73.63932319099996, 5.893421680000074, 1604.232199999998556 ], [ -73.639121748999969, 5.893561431000023, 1604.939899999997579 ], [ -73.638939689999972, 5.893650319000074, 1604.896500000002561 ], [ -73.638757629999986, 5.893739207000067, 1605.452900000003865 ], [ -73.638575570999933, 5.89382809500006, 1606.080499999996391 ], [ -73.638349828999935, 5.893976910000049, 1603.834199999997509 ], [ -73.638124085999948, 5.894125724000048, 1602.463199999998324 ], [ -73.637967655999944, 5.894228846000033, 1602.221000000005006 ], [ -73.63781122499995, 5.894331968000074, 1602.810599999997066 ], [ -73.637729417999935, 5.894385897000063, 1603.146999999997206 ], [ -73.637606400999971, 5.894466992000048, 1603.925799999997253 ], [ -73.63748338399995, 5.894548087000032, 1604.432700000004843 ], [ -73.637478206999958, 5.894555637000053, 1604.387700000006589 ], [ -73.637454797999965, 5.894589775000043, 1604.180200000002515 ], [ -73.637437697999985, 5.894614712000021, 1604.051000000006752 ], [ -73.637421923999966, 5.894700466000074, 1603.053100000004633 ], [ -73.637422013999981, 5.89474481700006, 1602.397299999996903 ], [ -73.637404858999957, 5.894922809000036, 1600.02379999999539 ], [ -73.637387703999934, 5.895100800000023, 1598.009300000005169 ], [ -73.63738787799997, 5.895155922000072, 1597.308799999998882 ], [ -73.637447079999959, 5.895300562000045, 1594.683600000003935 ], [ -73.637506281999947, 5.895445202000076, 1592.74189999999362 ], [ -73.637598345999947, 5.895597590000023, 1591.069600000002538 ], [ -73.637690409999948, 5.895749978000026, 1589.518400000000838 ], [ -73.6377, 5.8959, 1589.891300000002957 ], [ -73.637712759999943, 5.896163322000064, 1590.214399999997113 ], [ -73.637725520999936, 5.896426643000041, 1589.579599999997299 ], [ -73.637762759999987, 5.896613322000064, 1589.118000000002212 ], [ -73.6378, 5.8968, 1589.860400000005029 ], [ -73.637790292999966, 5.896911707000072, 1591.135599999994156 ], [ -73.637828153999976, 5.897114007000027, 1593.955199999996694 ], [ -73.637842957999965, 5.897164774000032, 1595.177299999995739 ], [ -73.637866464999945, 5.897369758000025, 1600.399000000004889 ], [ -73.637833232999981, 5.897534880000023, 1605.730400000000373 ], [ -73.6378, 5.897700001000032, 1610.267200000002049 ], [ -73.637735687999964, 5.897900975000027, 1613.7356 ], [ -73.637671375999957, 5.898101948000033, 1615.294299999994109 ], [ -73.637489832999961, 5.898259192000069, 1615.339200000002165 ], [ -73.637308288999975, 5.898416436000048, 1613.96480000000156 ], [ -73.637126745999979, 5.898573679000037, 1611.519000000000233 ], [ -73.636945201999936, 5.898730923000073, 1610.217999999993481 ], [ -73.636899762999974, 5.898761174000072, 1610.743600000001607 ], [ -73.636763865999967, 5.898895047000053, 1613.869699999995646 ], [ -73.636627967999971, 5.899028921000024, 1616.607900000002701 ], [ -73.636492070999964, 5.899162794000063, 1619.237699999997858 ], [ -73.636487718999945, 5.899169574000041, 1619.354099999996834 ], [ -73.636367958999983, 5.899356144000024, 1622.649399999994785 ], [ -73.636248199999955, 5.899542714000063, 1626.96469999999681 ], [ -73.636128439999936, 5.899729284000045, 1629.171400000006543 ], [ -73.636046329999942, 5.899921963000054, 1631.974499999996624 ], [ -73.635964219999948, 5.900114642000062, 1636.330400000006193 ], [ -73.635882109999955, 5.900307321000071, 1639.978799999997136 ], [ -73.6358, 5.9005, 1639.388200000001234 ], [ -73.635647347999964, 5.900664996000046, 1640.710000000006403 ], [ -73.635494696999956, 5.900829991000023, 1637.37390000000596 ], [ -73.635342044999959, 5.900994987000047, 1634.880000000004657 ], [ -73.635189392999962, 5.901159982000024, 1636.640700000003562 ], [ -73.635142044999952, 5.901369987000066, 1633.867199999993318 ], [ -73.635094696999943, 5.901579992000052, 1630.105299999995623 ], [ -73.635047347999944, 5.901789996000048, 1626.016699999992852 ], [ -73.635, 5.902000001000033, 1623.362200000003213 ], [ -73.634940775999951, 5.902175947000046, 1622.526700000002165 ], [ -73.634881552999957, 5.90235189200007, 1620.775699999998324 ], [ -73.634822328999974, 5.902527838000026, 1618.615099999995437 ], [ -73.634710072999951, 5.902754105000042, 1614.210500000001048 ], [ -73.634597815999939, 5.902980372000059, 1612.203599999993457 ], [ -73.634485558999984, 5.903206638000029, 1611.927200000005541 ], [ -73.634373302999961, 5.903432905000045, 1613.388600000005681 ], [ -73.634261045999949, 5.903659172000062, 1614.273300000000745 ], [ -73.634170784999981, 5.90384437900002, 1614.437699999994948 ], [ -73.634080522999966, 5.904029586000036, 1615.653300000005402 ], [ -73.633990261999941, 5.904214793000051, 1616.994300000005751 ], [ -73.6339, 5.9044, 1617.584300000002258 ], [ -73.63382345399998, 5.904636555000025, 1615.754799999995157 ], [ -73.633746907999978, 5.90487311000004, 1614.250700000004144 ], [ -73.633670361999975, 5.905109665000055, 1612.312300000005052 ], [ -73.633632384999942, 5.905227029000059, 1611.346499999999651 ], [ -73.633566192999979, 5.905463515000065, 1609.825100000001839 ], [ -73.6335, 5.9057, 1610.299799999993411 ], [ -73.633457632999978, 5.905847806000054, 1611.785000000003492 ], [ -73.633415265999986, 5.905995612000027, 1613.961800000004587 ], [ -73.633380949999946, 5.906202459000042, 1616.108099999997648 ], [ -73.633346632999974, 5.906409306000057, 1618.926999999996042 ], [ -73.633312316999934, 5.906616153000073, 1621.46020000000135 ], [ -73.633278, 5.906823, 1621.639599999994971 ], [ -73.633278269999948, 5.906830089000039, 1621.586699999999837 ], [ -73.633284400999969, 5.906991079000022, 1619.694300000002841 ], [ -73.633290532999979, 5.907152068000073, 1617.678400000004331 ], [ -73.633302388999937, 5.907265720000055, 1616.221799999999348 ], [ -73.63336495599998, 5.907457170000043, 1614.360700000004726 ], [ -73.633336176999933, 5.907560595000064, 1613.209000000002561 ], [ -73.633335003999946, 5.907564808000075, 1613.163799999994808 ], [ -73.633167657999934, 5.907681309000054, 1612.0 ], [ -73.632938936999949, 5.907783898000048, 1612.67160000000149 ], [ -73.632744035999963, 5.907845100000031, 1614.172600000005332 ], [ -73.632549134999977, 5.907906302000072, 1616.364600000000792 ], [ -73.632300778999934, 5.90796281400003, 1618.863299999997253 ], [ -73.632052422999948, 5.908019326000044, 1618.415299999993294 ], [ -73.631814316999964, 5.908014495000032, 1618.529999999998836 ], [ -73.631576210999981, 5.90800966300003, 1619.014200000005076 ], [ -73.631338105999987, 5.908004832000074, 1620.138200000001234 ], [ -73.6311, 5.908, 1621.563399999999092 ], [ -73.630876992999958, 5.90798673300003, 1622.281700000006822 ], [ -73.63065398599997, 5.907973465000055, 1621.297800000000279 ], [ -73.630438733999938, 5.908034978000046, 1617.719899999996414 ], [ -73.630223481999963, 5.908096491000038, 1617.279099999999744 ], [ -73.630097272999933, 5.908157853000034, 1617.895300000003772 ], [ -73.629971062999971, 5.908219215000031, 1619.498000000006869 ], [ -73.629881900999976, 5.908314674000053, 1620.475600000005215 ], [ -73.629740950999974, 5.908457338000062, 1621.119500000000698 ], [ -73.6296, 5.908600001000025, 1621.982600000003004 ], [ -73.629396147999955, 5.908699245000037, 1623.49199999999837 ], [ -73.629199376999964, 5.908756839000034, 1624.949299999992945 ], [ -73.629002604999982, 5.908814432000042, 1626.396599999992759 ], [ -73.628805833999934, 5.90887202600004, 1627.848899999997229 ], [ -73.628652916999954, 5.908936013000073, 1628.977400000003399 ], [ -73.6285, 5.909, 1630.117800000007264 ], [ -73.628323346999935, 5.909054973000025, 1631.099799999996321 ], [ -73.628146693999952, 5.909109945000068, 1631.180500000002212 ], [ -73.627970040999969, 5.909164918000045, 1631.032600000005914 ], [ -73.627861303999964, 5.909310408000067, 1630.059299999993527 ], [ -73.62775256599997, 5.909455897000043, 1628.578899999993155 ], [ -73.627596237999967, 5.909585833000051, 1627.651800000006915 ], [ -73.627439908999975, 5.909715768000069, 1628.850900000004913 ], [ -73.627279551999948, 5.909814294000057, 1632.332399999999325 ], [ -73.627119194999977, 5.909912819000056, 1634.526199999992969 ], [ -73.626903059999961, 5.909996421000073, 1638.752500000002328 ], [ -73.626686924999944, 5.910080024000024, 1640.409899999998743 ], [ -73.626470789999985, 5.910163626000042, 1642.341100000005099 ], [ -73.626254654999968, 5.91024722800006, 1643.534700000003795 ], [ -73.626238376999936, 5.910248893000073, 1643.602100000003702 ], [ -73.626016145999984, 5.910271632000047, 1644.342499999998836 ], [ -73.625793914999974, 5.910294372000067, 1644.532099999996717 ], [ -73.625571683999965, 5.91031711100004, 1648.714600000006612 ], [ -73.625349452999956, 5.910339850000071, 1652.607199999998556 ], [ -73.62509963499997, 5.910426566000069, 1651.672200000000885 ], [ -73.624849817999973, 5.910513283000057, 1646.480400000000373 ], [ -73.6246, 5.910599999000056, 1641.18640000000596 ], [ -73.624485780999976, 5.91061613100004, 1638.959099999992759 ], [ -73.624324973999933, 5.910638842000026, 1637.226299999994808 ], [ -73.624164166999947, 5.910661553000068, 1636.101899999994203 ], [ -73.623982558999955, 5.910683734000031, 1637.289000000004307 ], [ -73.623800949999975, 5.91070591600004, 1637.544599999993807 ], [ -73.623619341999984, 5.91072809700006, 1637.164900000003399 ], [ -73.623465201999977, 5.910762663000071, 1636.545299999997951 ], [ -73.623311060999981, 5.910797228000035, 1635.378700000001118 ], [ -73.623150404999933, 5.910836484000072, 1633.183600000003935 ], [ -73.622959756999933, 5.910883070000068, 1630.929199999998673 ], [ -73.62277987899995, 5.911041535000038, 1628.052100000000792 ], [ -73.6226, 5.9112, 1626.793699999994715 ], [ -73.622436704999984, 5.911412090000056, 1627.196500000005472 ], [ -73.622273409999934, 5.911624179000057, 1627.977899999998044 ], [ -73.622148939999988, 5.911849453000059, 1627.095300000000861 ], [ -73.622024469999985, 5.912074726000071, 1625.522200000006706 ], [ -73.6219, 5.9123, 1625.005399999994552 ], [ -73.62181660899995, 5.912545373000057, 1623.653699999995297 ], [ -73.621733216999985, 5.912790746000042, 1622.524300000004587 ], [ -73.621649825999953, 5.913036119000026, 1623.36019999999553 ], [ -73.621568246999971, 5.913243626000053, 1624.534299999999348 ], [ -73.621486667999989, 5.913451133000024, 1625.368199999997159 ], [ -73.621430541999985, 5.913676193000072, 1624.620699999999488 ], [ -73.621374415999981, 5.913901254000052, 1624.094100000002072 ], [ -73.621318289999977, 5.914126314000043, 1623.299700000003213 ], [ -73.621262163999972, 5.914351374000034, 1622.204100000002654 ], [ -73.6213, 5.9146, 1616.832399999999325 ], [ -73.621376828999985, 5.91477287500004, 1610.246700000003329 ], [ -73.62145365799995, 5.914945749000026, 1604.977700000003097 ], [ -73.621549238999989, 5.915181811000025, 1599.048500000004424 ], [ -73.621644819999972, 5.91541787400007, 1596.302700000000186 ], [ -73.621740401999944, 5.915653936000069, 1596.295299999997951 ], [ -73.621835982999983, 5.915889998000068, 1597.533299999995506 ], [ -73.621889879999969, 5.916016071000058, 1597.087400000003981 ], [ -73.621943776999956, 5.916142144000048, 1595.560100000002421 ], [ -73.621946521999973, 5.916143154000054, 1595.495200000004843 ], [ -73.622, 5.916400001000056, 1591.232999999992899 ], [ -73.622002581999936, 5.916454707000071, 1590.15679999999702 ], [ -73.622010538999973, 5.916623301000072, 1586.948999999993248 ], [ -73.622018496999942, 5.916791894000028, 1585.617400000002817 ], [ -73.621909634999952, 5.916964257000075, 1588.828599999993457 ], [ -73.621800771999972, 5.917136620000065, 1595.12159999999858 ], [ -73.621800514999961, 5.91735774700004, 1594.675199999997858 ], [ -73.621800256999961, 5.917578873000025, 1592.197599999999511 ], [ -73.6218, 5.9178, 1588.667000000001281 ], [ -73.621781459999966, 5.918026144000066, 1584.80909999999858 ], [ -73.621762918999934, 5.918252288000076, 1579.713099999993574 ], [ -73.621705222999935, 5.91846109200003, 1576.272200000006706 ], [ -73.621647525999947, 5.91866989500005, 1573.099100000006729 ], [ -73.621514253999976, 5.918804069000032, 1571.650699999998324 ], [ -73.621380981999948, 5.918938242000024, 1571.130699999994249 ], [ -73.62124049099998, 5.919069121000064, 1571.37840000000142 ], [ -73.6211, 5.919199999000057, 1570.812699999994948 ], [ -73.620998447999966, 5.919350357000042, 1570.181400000001304 ], [ -73.620896894999987, 5.919500714000037, 1568.350900000004913 ], [ -73.620700448999969, 5.919642700000054, 1564.805500000002212 ], [ -73.62050400399994, 5.91978468700006, 1562.329899999996996 ], [ -73.620307557999979, 5.91992667300002, 1560.0737999999983 ], [ -73.620171704999962, 5.920051115000035, 1558.626600000003236 ], [ -73.620035852999933, 5.92017555700005, 1558.41359999999986 ], [ -73.6199, 5.920299999000065, 1558.956600000004983 ], [ -73.6197, 5.92045, 1559.755900000003749 ], [ -73.6195, 5.920600001000025, 1559.686700000005658 ], [ -73.61936862999994, 5.920695925000075, 1560.11689999999362 ], [ -73.619237259999977, 5.920791848000022, 1560.695000000006985 ], [ -73.619069340999943, 5.920900102000076, 1560.617499999993015 ], [ -73.618901420999975, 5.921008356000073, 1558.660499999998137 ], [ -73.618733501999941, 5.92111661000007, 1557.06600000000617 ], [ -73.618550126999935, 5.921262458000058, 1557.89089999999851 ], [ -73.61836675099994, 5.921408306000046, 1560.022599999996601 ], [ -73.618183375999934, 5.921554153000045, 1560.491200000004028 ], [ -73.618, 5.921700001000033, 1558.189599999997881 ], [ -73.617857363999974, 5.921917625000049, 1555.407999999995809 ], [ -73.617714726999964, 5.922135248000075, 1553.860700000004726 ], [ -73.617572090999943, 5.922352872000033, 1551.774699999994482 ], [ -73.6175, 5.922599999000056, 1548.374100000000908 ], [ -73.6174, 5.92275, 1546.540500000002794 ], [ -73.6173, 5.922900001000073, 1544.495899999994435 ], [ -73.617208543999936, 5.923110315000031, 1544.373099999997066 ], [ -73.617117087999986, 5.923320630000035, 1546.494300000005751 ], [ -73.617025631999979, 5.923530944000049, 1547.910600000002887 ], [ -73.616981368999973, 5.923574807000023, 1548.2356 ], [ -73.616837012999952, 5.923670601000026, 1549.044999999998254 ], [ -73.616692656999987, 5.92376639400004, 1548.584700000006706 ], [ -73.616686163999987, 5.923768239000026, 1548.606899999998859 ], [ -73.616546677999963, 5.923807871000065, 1549.177599999995437 ], [ -73.616407190999951, 5.923847502000058, 1549.955799999996088 ], [ -73.616240488999949, 5.923931479000032, 1551.251999999993131 ], [ -73.616035410999984, 5.924034787000039, 1551.303199999994831 ], [ -73.615877658999977, 5.92409686000002, 1550.844599999996717 ], [ -73.615646260999938, 5.924136775000022, 1550.424899999998161 ], [ -73.615414862999955, 5.924176691000071, 1550.242800000007264 ], [ -73.615183464999973, 5.924216606000073, 1550.732900000002701 ], [ -73.614952066999933, 5.924256521000075, 1554.337599999998929 ], [ -73.6147, 5.9243, 1554.623699999996461 ], [ -73.614471428999934, 5.924342857000056, 1554.044699999998556 ], [ -73.614242856999965, 5.924385715000028, 1553.18739999999525 ], [ -73.614014285999986, 5.924428572000068, 1553.148300000000745 ], [ -73.61378571399996, 5.92447142900005, 1554.402900000000955 ], [ -73.61355714299998, 5.924514286000033, 1555.834199999997509 ], [ -73.613328571999944, 5.924557143000072, 1553.020499999998719 ], [ -73.6131, 5.9246, 1556.021800000002258 ], [ -73.612859540999978, 5.924610471000051, 1559.112200000003213 ], [ -73.612619081999981, 5.924620943000036, 1561.48410000000149 ], [ -73.612378622999984, 5.924631414000032, 1564.086200000005192 ], [ -73.612151574999984, 5.924619965000034, 1566.495699999999488 ], [ -73.611924527999975, 5.924608517000024, 1567.702799999999115 ], [ -73.611697479999975, 5.924597068000026, 1568.504300000000512 ], [ -73.611498319999953, 5.924564712000063, 1570.639100000000326 ], [ -73.611299159999987, 5.924532356000043, 1572.199800000002142 ], [ -73.6111, 5.9245, 1573.153000000005704 ], [ -73.610867524999946, 5.924461317000066, 1574.580199999996694 ], [ -73.610635049999985, 5.924422633000063, 1577.675399999992806 ], [ -73.610403283999972, 5.924415260000046, 1579.905899999997928 ], [ -73.610171518999948, 5.924407887000029, 1581.05909999999858 ], [ -73.609935758999939, 5.924403944000062, 1579.474900000001071 ], [ -73.6097, 5.9244, 1576.545299999997951 ], [ -73.609585996999954, 5.924513415000035, 1571.383499999996275 ], [ -73.609471992999943, 5.924626829000033, 1567.591000000000349 ], [ -73.609476834999953, 5.924839117000033, 1562.665299999993294 ], [ -73.609481676999962, 5.925051404000044, 1559.767600000006496 ], [ -73.609518807999962, 5.925290778000033, 1558.002999999996973 ], [ -73.60955593999995, 5.925530152000022, 1552.4807 ], [ -73.609545246999971, 5.925647385000048, 1550.345499999995809 ], [ -73.609572622999963, 5.925823693000041, 1546.910999999992782 ], [ -73.6096, 5.926000001000034, 1545.301600000006147 ], [ -73.609605228999953, 5.926027740000052, 1545.058399999994435 ], [ -73.609645590999946, 5.926241861000051, 1543.385099999999511 ], [ -73.609685953999985, 5.92645598200005, 1542.282000000006519 ], [ -73.609681611999974, 5.926639929000032, 1541.936000000001513 ], [ -73.609677269999963, 5.926823876000071, 1539.662400000001071 ], [ -73.609533763999934, 5.926991229000066, 1538.398700000005192 ], [ -73.609319944999982, 5.927106724000055, 1535.840200000006007 ], [ -73.609145410999986, 5.927219316000048, 1534.768400000000838 ], [ -73.609, 5.927300001000049, 1534.888399999996182 ], [ -73.608794691999947, 5.927374126000075, 1534.592699999993783 ], [ -73.60858938399997, 5.927448252000033, 1533.647100000001956 ], [ -73.608384075999936, 5.927522377000059, 1532.427400000000489 ], [ -73.608178767999959, 5.927596502000029, 1532.506399999998393 ], [ -73.60795251199994, 5.927664335000031, 1533.925499999997555 ], [ -73.607726255999978, 5.927732167000045, 1536.021299999993062 ], [ -73.6075, 5.9278, 1537.634000000005472 ], [ -73.607317290999958, 5.927847736000047, 1538.583499999993364 ], [ -73.607134580999968, 5.927895472000046, 1540.020999999993364 ], [ -73.606951871999968, 5.927943208000045, 1540.63289999999688 ], [ -73.606722582999964, 5.928007648000062, 1540.198999999993248 ], [ -73.60649329499995, 5.928072089000068, 1537.504300000000512 ], [ -73.606264005999947, 5.928136529000028, 1530.878599999996368 ], [ -73.606251692999933, 5.928187211000022, 1528.458499999993364 ], [ -73.6062, 5.928400001000057, 1518.092000000004191 ], [ -73.606070991999957, 5.928579493000029, 1507.013600000005681 ], [ -73.605941983999969, 5.928758984000069, 1505.717799999998533 ], [ -73.605812975999982, 5.928938476000042, 1509.236499999999069 ], [ -73.605592436999984, 5.929088350000029, 1516.891300000002957 ], [ -73.605371896999941, 5.929238224000073, 1527.334700000006706 ], [ -73.60521240099996, 5.929348940000068, 1535.360100000005332 ], [ -73.605081420999966, 5.929439861000048, 1538.381299999993644 ], [ -73.604892000999939, 5.929503838000073, 1540.41359999999986 ], [ -73.60470257999998, 5.929567815000041, 1539.951100000005681 ], [ -73.604511207999963, 5.929615129000069, 1541.049599999998463 ], [ -73.604319835999945, 5.929662442000051, 1542.178599999999278 ], [ -73.604215778999958, 5.929734411000027, 1542.130300000004354 ], [ -73.604152282999962, 5.929778326000076, 1541.900500000003376 ], [ -73.604119319999938, 5.929813982000042, 1541.628299999996671 ], [ -73.603951903999985, 5.929927070000076, 1541.342099999994389 ], [ -73.603784487999974, 5.930040158000054, 1542.259600000004866 ], [ -73.603627609999933, 5.930087344000071, 1545.689599999997881 ], [ -73.603438463999964, 5.930165430000045, 1551.412200000006123 ], [ -73.60324931699995, 5.930243515000029, 1556.51919999999518 ], [ -73.603060170999981, 5.93032160100006, 1557.954199999992852 ], [ -73.602897764999966, 5.930492227000059, 1559.387000000002445 ], [ -73.602735357999961, 5.930662853000058, 1560.645999999993364 ], [ -73.6027, 5.9307, 1560.920100000003004 ], [ -73.60257403199995, 5.930879061000041, 1561.0 ], [ -73.602448063999987, 5.931058121000035, 1560.74189999999362 ], [ -73.602322095999966, 5.931237182000075, 1558.945200000001932 ], [ -73.602201333999972, 5.931397102000062, 1556.963199999998324 ], [ -73.602080570999988, 5.93155702200005, 1555.454100000002654 ], [ -73.601953713999933, 5.931738015000064, 1552.080499999996391 ], [ -73.601826856999935, 5.931919007000033, 1548.041599999996834 ], [ -73.6017, 5.9321, 1544.0 ], [ -73.601520127999947, 5.932274395000036, 1544.0 ], [ -73.601340255999958, 5.932448790000024, 1543.91030000000319 ], [ -73.601218109999934, 5.932604507000065, 1543.410699999993085 ], [ -73.601095963999967, 5.932760223000059, 1542.733600000006845 ], [ -73.600973817999943, 5.932915940000044, 1540.378299999996671 ], [ -73.600843554999983, 5.933083019000037, 1537.748399999996764 ], [ -73.600713290999977, 5.93325009800003, 1536.297099999996135 ], [ -73.60058302799996, 5.933417177000024, 1536.062200000000303 ], [ -73.600495505999959, 5.933535943000038, 1535.4262000000017 ], [ -73.600407982999968, 5.933654709000052, 1534.757199999992736 ], [ -73.600328270999967, 5.933768923000059, 1533.541400000001886 ], [ -73.600248558999965, 5.933883137000066, 1530.876600000003236 ], [ -73.6002, 5.9341, 1527.127500000002328 ], [ -73.600251642999979, 5.934234274000062, 1525.770099999994272 ], [ -73.600303286999974, 5.934368547000076, 1524.55109999999695 ], [ -73.600377049999963, 5.934513695000021, 1522.084700000006706 ], [ -73.600450812999952, 5.934658842000033, 1520.187900000004447 ], [ -73.60051029899995, 5.934796851000044, 1518.33289999999397 ], [ -73.600569785999937, 5.934934859000066, 1516.252699999997276 ], [ -73.600643890999947, 5.935059994000028, 1514.494200000001001 ], [ -73.600717996999947, 5.935185128000057, 1515.055600000006962 ], [ -73.600803588999952, 5.935352961000035, 1515.938699999998789 ], [ -73.600889181999946, 5.935520793000023, 1515.8174 ], [ -73.601068821999945, 5.935700878000034, 1511.709300000002258 ], [ -73.601248462999934, 5.935880962000056, 1508.502399999997579 ], [ -73.601374230999966, 5.93604048100002, 1506.913499999995111 ], [ -73.6015, 5.9362, 1506.0 ], [ -73.6016, 5.9363, 1506.0 ], [ -73.6017, 5.9364, 1505.563099999999395 ], [ -73.601847129999953, 5.936555045000034, 1503.553899999998976 ], [ -73.601994259999969, 5.93671008900003, 1501.826300000000629 ], [ -73.602079026999945, 5.936799415000053, 1500.011799999992945 ], [ -73.602094437999938, 5.936815655000032, 1499.72609999999986 ], [ -73.602212512999984, 5.936915082000041, 1497.996799999993527 ], [ -73.602330587999973, 5.937014508000061, 1497.799199999994016 ], [ -73.6025, 5.937100001000033, 1497.315600000001723 ], [ -73.602628749999951, 5.93715867800006, 1495.441699999995762 ], [ -73.602757499999939, 5.93721735500003, 1492.982999999992899 ], [ -73.602878466999982, 5.937287709000032, 1491.124700000000303 ], [ -73.602999433999969, 5.937358062000044, 1489.266699999992852 ], [ -73.603101099999947, 5.937419467000041, 1487.196200000005774 ], [ -73.603250549999984, 5.937509734000059, 1483.797399999995832 ], [ -73.6034, 5.9376, 1482.834600000001956 ], [ -73.6036, 5.9377, 1484.360499999995227 ], [ -73.603607358999966, 5.937702684000044, 1484.464200000002165 ], [ -73.603702790999989, 5.937737481000056, 1485.712299999999232 ], [ -73.603806631999987, 5.937861577000035, 1488.445200000001932 ], [ -73.603910472999985, 5.937985672000025, 1491.991500000003725 ], [ -73.603976649999936, 5.93816223400006, 1493.79660000000149 ], [ -73.604042825999954, 5.938338797000029, 1494.763200000001234 ], [ -73.604109002999962, 5.938515359000064, 1493.729800000000978 ], [ -73.604156499999988, 5.93869150300003, 1492.875400000004447 ], [ -73.604203996999956, 5.938867648000041, 1492.927700000000186 ], [ -73.604251493999982, 5.939043792000064, 1495.105400000000373 ], [ -73.604268097999977, 5.939187355000058, 1496.617199999993318 ], [ -73.604284701999973, 5.939330918000053, 1498.347999999998137 ], [ -73.604291620999959, 5.939565212000048, 1500.18399999999383 ], [ -73.604283824999982, 5.939715372000023, 1500.595600000000559 ], [ -73.604276027999958, 5.939865532000056, 1500.318799999993644 ], [ -73.604238013999975, 5.940082767000035, 1499.714000000007218 ], [ -73.6042, 5.940300001000026, 1499.474600000001374 ], [ -73.604174870999941, 5.940496089000021, 1499.444000000003143 ], [ -73.604149740999958, 5.940692178000063, 1497.941399999996065 ], [ -73.604124611999964, 5.940888266000059, 1498.319000000003143 ], [ -73.604093648999935, 5.941058591000058, 1499.395900000003166 ], [ -73.604062685999963, 5.941228916000057, 1501.339999999996508 ], [ -73.603978289999986, 5.941368042000022, 1502.063899999993737 ], [ -73.603893892999963, 5.941507168000044, 1503.533200000005309 ], [ -73.603780177999965, 5.941614893000065, 1504.028200000000652 ], [ -73.603666462999968, 5.941722617000039, 1504.287700000000768 ], [ -73.603510447999952, 5.941896186000065, 1504.889599999994971 ], [ -73.603441896999982, 5.941972449000048, 1504.693899999998393 ], [ -73.603336440999954, 5.942089771000042, 1504.392999999996391 ], [ -73.603230983999936, 5.942207093000036, 1503.439599999997881 ], [ -73.603204876999939, 5.942230887000051, 1503.174299999998766 ], [ -73.603050463999978, 5.942371616000059, 1502.29670000000624 ], [ -73.602896050999959, 5.942512346000058, 1502.190000000002328 ], [ -73.602741636999951, 5.942653075000067, 1501.917700000005425 ], [ -73.602587223999933, 5.942793804000075, 1500.108699999997043 ], [ -73.602529887999935, 5.942854634000071, 1499.500400000004447 ], [ -73.602348486999972, 5.943047088000071, 1498.777900000000955 ], [ -73.602167086999941, 5.943239541000025, 1497.810800000006566 ], [ -73.601985685999978, 5.943431995000026, 1495.893899999995483 ], [ -73.601844102999962, 5.943618729000036, 1493.658599999995204 ], [ -73.601702519999947, 5.943805464000036, 1491.923299999994924 ], [ -73.601560936999988, 5.943992198000046, 1490.459900000001653 ], [ -73.601557121999974, 5.943999750000046, 1490.421000000002095 ], [ -73.601472132999959, 5.944167995000043, 1491.36710000000312 ], [ -73.601387144999933, 5.944336239000052, 1491.83520000000135 ], [ -73.601302155999974, 5.944504484000049, 1492.227100000003702 ], [ -73.601223919999939, 5.944674607000024, 1491.132299999997485 ], [ -73.601199108999936, 5.944728559000055, 1490.691500000000815 ], [ -73.601169574999972, 5.944792779000068, 1490.166700000001583 ], [ -73.601151185999981, 5.944832765000058, 1489.83289999999397 ], [ -73.601146364999977, 5.944843250000076, 1489.744800000000396 ], [ -73.601145454999937, 5.944845228000077, 1489.728300000002491 ], [ -73.601143521999973, 5.944856035000043, 1489.7158999999956 ], [ -73.601121111999987, 5.944981340000027, 1489.6137000000017 ], [ -73.601108618999945, 5.945051198000044, 1489.647200000006706 ], [ -73.601075325999943, 5.945197758000063, 1489.366599999993923 ], [ -73.601042032999942, 5.945344318000025, 1489.37510000000475 ], [ -73.600987328999963, 5.945566095000061, 1490.173800000004121 ], [ -73.600932624999984, 5.945787872000039, 1490.147200000006706 ], [ -73.600877920999949, 5.946009648000029, 1488.497099999993225 ], [ -73.60082321699997, 5.946231425000065, 1486.220000000001164 ], [ -73.600756728999954, 5.94644340800005, 1487.000499999994645 ], [ -73.600690240999938, 5.946655390000046, 1486.867599999997765 ], [ -73.600616382999988, 5.94683208400005, 1487.094200000006822 ], [ -73.600525493999953, 5.947070861000043, 1488.889200000005076 ], [ -73.600434603999986, 5.947309638000036, 1490.184699999997974 ], [ -73.600317301999951, 5.947454819000029, 1488.927800000004936 ], [ -73.6002, 5.9476, 1487.129799999995157 ], [ -73.600108941999963, 5.947719445000075, 1486.375799999994342 ], [ -73.600017883999953, 5.947838889000025, 1486.090599999995902 ], [ -73.599901637999949, 5.947992304000024, 1485.254000000000815 ], [ -73.599785391999944, 5.948145719000024, 1484.499800000005052 ], [ -73.59966914599994, 5.948299134000024, 1485.152100000006612 ], [ -73.5995, 5.9485, 1483.716400000004796 ], [ -73.5994, 5.948666666000065, 1483.31359999999404 ], [ -73.5993, 5.948833333000039, 1482.927299999995739 ], [ -73.5992, 5.948999999000023, 1483.226299999994808 ], [ -73.599091758999975, 5.94913581000003, 1483.907800000000861 ], [ -73.598983517999955, 5.949271621000037, 1483.897200000006706 ], [ -73.598859636999975, 5.949433523000039, 1483.42609999999695 ], [ -73.59873575499995, 5.949595424000051, 1483.446400000000722 ], [ -73.598613586999988, 5.949753768000051, 1483.077199999999721 ], [ -73.59849141899997, 5.949912113000039, 1483.564100000003236 ], [ -73.598369250999951, 5.950070457000038, 1483.979500000001281 ], [ -73.59821283399998, 5.950280305000035, 1484.267099999997299 ], [ -73.598056416999952, 5.950490152000043, 1485.490099999995437 ], [ -73.5979, 5.9507, 1485.83169999999518 ], [ -73.597733435999942, 5.950910879000048, 1486.25800000000163 ], [ -73.597566871999959, 5.951121757000067, 1486.288799999994808 ], [ -73.597417304999965, 5.951336067000057, 1490.144799999994575 ], [ -73.597384394999949, 5.951377255000068, 1490.600600000005215 ], [ -73.597280524999974, 5.951541405000057, 1491.955100000006496 ], [ -73.597176654999942, 5.951705554000057, 1491.77039999999397 ], [ -73.597088327999984, 5.951952777000031, 1491.290800000002491 ], [ -73.597, 5.952199999000072, 1490.642200000002049 ], [ -73.596994803999962, 5.952360344000056, 1489.939100000003236 ], [ -73.596989607999944, 5.952520689000039, 1489.142500000001746 ], [ -73.596969351999974, 5.952685733000067, 1487.865799999999581 ], [ -73.596949094999957, 5.952850776000048, 1486.357999999992899 ], [ -73.596932389999949, 5.953082357000028, 1484.357399999993504 ], [ -73.596915683999953, 5.953313938000065, 1483.702399999994668 ], [ -73.596905491999962, 5.953517279000039, 1484.963199999998324 ], [ -73.596895300999961, 5.953720619000023, 1485.565000000002328 ], [ -73.59688510899997, 5.953923960000054, 1485.34440000000177 ], [ -73.596873108999944, 5.954155105000041, 1485.494000000006054 ], [ -73.596861107999985, 5.954386249000038, 1486.12510000000475 ], [ -73.596840738999958, 5.954590833000054, 1486.561799999995856 ], [ -73.596820368999943, 5.954795416000024, 1487.921199999997043 ], [ -73.5968, 5.955, 1488.16710000000603 ], [ -73.5968, 5.95525, 1490.162700000000768 ], [ -73.5968, 5.95549999900004, 1493.906199999997625 ], [ -73.596698560999982, 5.955603493000069, 1494.612200000003213 ], [ -73.596597120999945, 5.955706987000042, 1495.001199999998789 ], [ -73.596539490999987, 5.955746092000027, 1494.864700000005541 ], [ -73.596377286999939, 5.955917828000054, 1494.434299999993527 ], [ -73.596215081999958, 5.956089564000024, 1495.187300000005052 ], [ -73.596052877999966, 5.956261300000051, 1496.217399999994086 ], [ -73.59593532699995, 5.956380913000032, 1496.779399999999441 ], [ -73.595817774999944, 5.956500525000024, 1497.108900000006543 ], [ -73.595701340999938, 5.956659, 1497.419500000003609 ], [ -73.595584906999989, 5.956817474000047, 1496.994000000006054 ], [ -73.595468472999983, 5.956975949000025, 1495.84309999999823 ], [ -73.595380770999952, 5.957153789000074, 1496.338399999993271 ], [ -73.595293068999979, 5.957331628000077, 1496.571299999995972 ], [ -73.595246534999944, 5.957465814000045, 1496.683199999999488 ], [ -73.5952, 5.957599999000024, 1496.424599999998463 ], [ -73.595116506999943, 5.957780456000023, 1495.206500000000233 ], [ -73.595033012999977, 5.957960912000033, 1494.606799999994109 ], [ -73.594949519999943, 5.958141369000032, 1493.725399999995716 ], [ -73.594831799999952, 5.958357746000047, 1492.270799999998417 ], [ -73.594714078999971, 5.958574122000073, 1489.6924 ] ], [ [ -73.594712927999979, 5.958576237000045, 0.0 ], [ -73.5947, 5.9586, 0.0 ], [ -73.59459925699997, 5.958723469000063, 0.0 ], [ -73.594498513999952, 5.958846937000033, 0.0 ], [ -73.594422341999973, 5.959018976000038, 0.0 ], [ -73.594368859999975, 5.95925317800004, 0.0 ], [ -73.594315377999976, 5.959487380000041, 0.0 ], [ -73.594261895999978, 5.959721582000043, 0.0 ], [ -73.594208413999979, 5.959955784000044, 0.0 ], [ -73.594154931999981, 5.960189986000046, 0.0 ], [ -73.594127465999975, 5.960344993000035, 0.0 ], [ -73.5941, 5.9605, 0.0 ], [ -73.59405, 5.96075, 0.0 ], [ -73.593999998999948, 5.960999999000023, 0.0 ], [ -73.593952353999953, 5.961239405000072, 0.0 ], [ -73.593904707999968, 5.961478810000074, 0.0 ], [ -73.593846828999972, 5.961684803000026, 0.0 ], [ -73.593788948999986, 5.961890796000034, 0.0 ], [ -73.593690409999965, 5.962133426000037, 0.0 ], [ -73.593591871999934, 5.962376057000029, 0.0 ], [ -73.593493332999969, 5.962618687000031, 0.0 ], [ -73.593394793999948, 5.962861318000023, 0.0 ], [ -73.593296254999984, 5.963103948000025, 0.0 ], [ -73.593197502999942, 5.963302632000023, 0.0 ], [ -73.593098751999946, 5.963501316000077, 0.0 ], [ -73.593, 5.9637, 0.0 ], [ -73.5929, 5.96385, 0.0 ], [ -73.5928, 5.964, 0.0 ], [ -73.592737023999973, 5.964145802000075, 0.0 ], [ -73.592652623999982, 5.964391129000035, 0.0 ], [ -73.592568222999944, 5.964636456000051, 0.0 ], [ -73.592483822999952, 5.964881783000067, 0.0 ], [ -73.592367058999969, 5.96508542600003, 0.0 ], [ -73.592250293999939, 5.96528907000004, 0.0 ], [ -73.592133528999966, 5.96549271300006, 0.0 ], [ -73.592016764999983, 5.96569635700007, 0.0 ], [ -73.591972507999969, 5.965773542000022, 0.0 ] ] ] } },
{ "type": "Feature", "properties": { "GASODUCTO": "BOYACA - SANTANDER", "TRAMO": "Puente Nacional", "TP_DUCTO": "Ramal", "DISTRITO": "5", "DIAMETRO": "2", "TRM_REG": "GASODUCTO RAMALES BOYACA - SANTANDER", "ZONA": "3", "PK_INICIO": "000+000", "PK_FIN": "000+509", "LONGITUD": 0.51292009181000142, "ESTADO": "ESTRUCTURACIÓN", "SERVICIO": "NUEVAS TECNOLOGÍAS" }, "geometry": { "type": "MultiLineString", "coordinates": [ [ [ -73.679867952999984, 5.863192135000077, 1734.984599999996135 ], [ -73.679721872999949, 5.863375200000064, 1734.604699999996228 ], [ -73.67957579299997, 5.863558265000052, 1735.053199999994831 ], [ -73.679421594999951, 5.863673879000032, 1734.776500000007218 ], [ -73.679403474999958, 5.863706763000039, 1734.443700000003446 ], [ -73.679443187999937, 5.863798170000052, 1734.399699999994482 ], [ -73.679430338999964, 5.863928088000023, 1733.483099999997648 ], [ -73.6794, 5.8641, 1731.884000000005472 ], [ -73.67932469699997, 5.864271, 1728.87039999999979 ], [ -73.679249393999953, 5.864441999000064, 1724.853400000007241 ], [ -73.679174090999936, 5.86461299900003, 1721.142999999996391 ], [ -73.679083575999982, 5.864851274000046, 1716.083400000003166 ], [ -73.678993060999971, 5.865089549000061, 1711.717900000003283 ], [ -73.678928706999955, 5.865259699000035, 1710.835999999995693 ], [ -73.678864353999984, 5.865429849000066, 1709.054300000003423 ], [ -73.6788, 5.86559999900004, 1706.854399999996531 ], [ -73.678687293999985, 5.86577638600005, 1706.08289999999397 ], [ -73.678574586999957, 5.86595277400005, 1705.001799999998184 ], [ -73.678461880999976, 5.86612916100006, 1703.755000000004657 ], [ -73.678349173999948, 5.866305548000071, 1701.489199999996345 ], [ -73.678221848999954, 5.866466099000036, 1697.609800000005635 ], [ -73.67809452299997, 5.866626650000057, 1694.975900000004913 ], [ -73.677987838999968, 5.866763922000075, 1693.101800000004005 ], [ -73.677881154999966, 5.866901194000036, 1691.719200000006822 ], [ -73.677853184999947, 5.867122873000028, 1692.411600000006729 ], [ -73.677862227999981, 5.867134809000049, 1692.608200000002398 ], [ -73.677912882999976, 5.867201666000028, 1693.655299999998533 ] ] ] } },
{ "type": "Feature", "properties": { "GASODUCTO": "BOYACA - SANTANDER", "TRAMO": "San José de Pare", "TP_DUCTO": "Ramal", "DISTRITO": "5", "DIAMETRO": "2", "TRM_REG": "GASODUCTO RAMALES BOYACA - SANTANDER", "ZONA": "3", "PK_INICIO": "000+000", "PK_FIN": "000+547", "LONGITUD": 0.61020627650854076, "ESTADO": "ESTRUCTURACIÓN", "SERVICIO": "NUEVAS TECNOLOGÍAS" }, "geometry": { "type": "MultiLineString", "coordinates": [ [ [ -73.542273843999965, 6.029195127000037, 0.0 ], [ -73.542359912999984, 6.029168636000065, 0.0 ], [ -73.542363985999941, 6.028926644000023, 0.0 ], [ -73.542373489999989, 6.028851557000053, 0.0 ], [ -73.542388105999976, 6.028781254000023, 0.0 ], [ -73.542392607999943, 6.028762088000065, 0.0 ], [ -73.542408442999943, 6.028738173000022, 0.0 ], [ -73.542422305999935, 6.028723054000068, 0.0 ], [ -73.542446105999943, 6.028707754000038, 0.0 ], [ -73.54249430599998, 6.028688554000041, 0.0 ], [ -73.542599199999984, 6.028650800000037, 0.0 ], [ -73.542747349999956, 6.028627100000051, 0.0 ], [ -73.542895499999986, 6.028603400000065, 0.0 ], [ -73.543063059999952, 6.028585773000032, 0.0 ], [ -73.543230618999985, 6.028568145000065, 0.0 ], [ -73.543261599999937, 6.028555100000062, 0.0 ], [ -73.54329045299994, 6.028515259000073, 0.0 ], [ -73.543332076999945, 6.028420036000057, 0.0 ], [ -73.543431883999972, 6.028208169000038, 0.0 ], [ -73.543531689999952, 6.027996302000076, 0.0 ], [ -73.543655371999989, 6.027786995000042, 0.0 ], [ -73.54377905299998, 6.027577688000065, 0.0 ], [ -73.54390327699997, 6.027349645000072, 0.0 ], [ -73.54402749999997, 6.027121602000022, 0.0 ], [ -73.544079679999982, 6.026955749000024, 0.0 ], [ -73.544131858999947, 6.026789896000025, 0.0 ], [ -73.544205581999961, 6.02657225300004, 0.0 ], [ -73.544279304999975, 6.026354609000066, 0.0 ], [ -73.544296970999937, 6.026154838000025, 0.0 ], [ -73.544314636999957, 6.025955066000051, 0.0 ], [ -73.544366310999976, 6.025777353000024, 0.0 ], [ -73.544417984999939, 6.025599640000053, 0.0 ], [ -73.544483318999937, 6.025446664000071, 0.0 ], [ -73.544548652999936, 6.025293688000033, 0.0 ], [ -73.544661966999968, 6.025189667000063, 0.0 ], [ -73.544729636999989, 6.025127547000068, 0.0 ], [ -73.544859705999954, 6.025096980000058, 0.0 ], [ -73.544873189999976, 6.025131455000064, 0.0 ], [ -73.5449, 6.0252, 0.0 ], [ -73.544938560999981, 6.025203930000032, 0.0 ], [ -73.544976584999972, 6.025206728000057, 0.0 ] ] ] } },
{ "type": "Feature", "properties": { "GASODUCTO": "BOYACA - SANTANDER", "TRAMO": "Togui", "TP_DUCTO": "Ramal", "DISTRITO": "5", "DIAMETRO": "2", "TRM_REG": "GASODUCTO RAMALES BOYACA - SANTANDER", "ZONA": "3", "PK_INICIO": "000+000", "PK_FIN": "016+016", "LONGITUD": 15.678968674317909, "ESTADO": "ESTRUCTURACIÓN", "SERVICIO": "NUEVAS TECNOLOGÍAS" }, "geometry": { "type": "MultiLineString", "coordinates": [ [ [ -73.604319835999945, 5.929662442000051, 1542.178599999999278 ], [ -73.6043, 5.9296, 1542.377800000002026 ], [ -73.60410946099995, 5.929546429000027, 1543.60109999999986 ], [ -73.603878652999981, 5.929536911000071, 1543.956200000000536 ], [ -73.603648770999939, 5.929553914000053, 1545.6299 ], [ -73.603552904999958, 5.929553924000061, 1546.48519999999553 ], [ -73.603505552999934, 5.929548848000024, 1547.028099999995902 ], [ -73.603469554999947, 5.929541832000041, 1547.452600000004168 ], [ -73.603313036999964, 5.929394554000055, 1549.729500000001281 ], [ -73.603156517999935, 5.929247277000059, 1554.20230000000447 ], [ -73.603, 5.929099999000073, 1559.709000000002561 ], [ -73.602883373999987, 5.928920290000065, 1561.146999999997206 ], [ -73.602766747999965, 5.928740582000046, 1563.023700000005192 ], [ -73.602650121999943, 5.928560873000038, 1566.139599999994971 ], [ -73.602499069999965, 5.92840138300005, 1570.077499999999418 ], [ -73.60234801699994, 5.928241893000063, 1573.6538 ], [ -73.602196964999962, 5.928082403000076, 1578.00350000000617 ], [ -73.602001978999965, 5.927948747000073, 1582.467600000003586 ], [ -73.601806993999958, 5.92781509100007, 1586.575299999996787 ], [ -73.601612007999961, 5.927681435000068, 1590.17939999999362 ], [ -73.601425220999943, 5.927579199000036, 1592.91370000000461 ], [ -73.601238434999971, 5.927476962000071, 1594.35109999999986 ], [ -73.601079034999941, 5.927388912000026, 1595.401800000006915 ], [ -73.600919634999968, 5.927300862000038, 1595.998000000006869 ], [ -73.600799433999953, 5.927184962000069, 1597.955499999996391 ], [ -73.600679233999983, 5.927069062000044, 1601.346999999994296 ], [ -73.600510650999979, 5.926946881000049, 1606.145000000004075 ], [ -73.60030798799994, 5.926810161000049, 1611.873000000006869 ], [ -73.600105324999959, 5.926673441000048, 1613.769599999999627 ], [ -73.599902662999966, 5.926536720000058, 1615.699200000002747 ], [ -73.5997, 5.9264, 1618.603000000002794 ], [ -73.599504335999939, 5.926303622000034, 1621.158299999995506 ], [ -73.59930867199995, 5.926207244000068, 1625.493400000006659 ], [ -73.599110008999958, 5.926107788000024, 1630.818499999993946 ], [ -73.598911346999955, 5.926008333000027, 1633.743300000001909 ], [ -73.598712683999963, 5.92590887700004, 1635.284700000003795 ], [ -73.598510912999984, 5.925822168000025, 1640.883600000001024 ], [ -73.598309142999938, 5.925735459000066, 1641.384500000000116 ], [ -73.598107371999959, 5.92564875000005, 1640.418600000004517 ], [ -73.597997855999949, 5.925618954000072, 1643.271299999993062 ], [ -73.597935364999955, 5.925601952000022, 1645.057799999995041 ], [ -73.597823003999963, 5.925571382000044, 1647.386799999992945 ], [ -73.597691457999986, 5.925535593000063, 1649.179300000003423 ], [ -73.597559912999941, 5.925499804000026, 1650.903200000000652 ], [ -73.59755955199995, 5.92549970500005, 1650.908299999995506 ], [ -73.597470675999944, 5.925475525000024, 1652.354300000006333 ], [ -73.597321815999976, 5.925458762000062, 1655.37159999999858 ], [ -73.597172955999952, 5.925441999000043, 1657.931400000001304 ], [ -73.597025392999967, 5.925425382000071, 1660.855100000000675 ], [ -73.596877830999972, 5.925408765000043, 1664.068700000003446 ], [ -73.596844793999935, 5.925405044000058, 1664.779200000004494 ], [ -73.5968, 5.9254, 1665.749599999995553 ], [ -73.596600918999968, 5.925402392000024, 1670.5337 ], [ -73.596554140999956, 5.925402954000049, 1671.65570000000298 ], [ -73.596401838999952, 5.925404784000023, 1674.380499999999302 ], [ -73.596401774999947, 5.925404785000069, 1674.381500000003143 ], [ -73.596326217999945, 5.925405693000073, 1675.647299999996903 ], [ -73.596131902999957, 5.925381238000057, 1677.857600000003004 ], [ -73.59593758799997, 5.925356783000041, 1679.06239999999525 ], [ -73.595743272999982, 5.925332328000025, 1679.811700000005658 ], [ -73.595530639999936, 5.925183055000048, 1686.505099999994854 ], [ -73.595318007999936, 5.925033782000071, 1692.528000000005704 ], [ -73.595142061999979, 5.924920723000071, 1694.695999999996275 ], [ -73.594966115999966, 5.924807663000024, 1694.645000000004075 ], [ -73.594790170999943, 5.924694604000024, 1698.248600000006263 ], [ -73.594614224999987, 5.924581544000034, 1703.763800000000629 ], [ -73.594409482999936, 5.924454363000052, 1708.605500000005122 ], [ -73.594204740999942, 5.924327181000024, 1711.50449999999546 ], [ -73.593999998999948, 5.9242, 1715.917000000001281 ], [ -73.59385502799995, 5.924081132000026, 1718.525899999993271 ], [ -73.593710055999964, 5.923962263000021, 1720.245999999999185 ], [ -73.593565084999966, 5.923843395000063, 1720.346099999995204 ], [ -73.593478673999982, 5.923791706000031, 1721.556100000001607 ], [ -73.593283612999983, 5.923747457000047, 1725.336999999999534 ], [ -73.593088551999983, 5.923703209000053, 1728.635899999993853 ], [ -73.592893490999984, 5.923658960000068, 1730.451600000000326 ], [ -73.592746744999943, 5.923629480000045, 1730.612299999993411 ], [ -73.5926, 5.923599999000032, 1731.085600000005797 ], [ -73.592466376999937, 5.923497719000068, 1732.098899999997229 ], [ -73.592332754999973, 5.923395438000057, 1736.019499999994878 ], [ -73.592116647999944, 5.923374243000069, 1742.653300000005402 ], [ -73.591900539999983, 5.923353048000024, 1748.645999999993364 ], [ -73.591684432999955, 5.923331853000036, 1751.702000000004773 ], [ -73.591575399999954, 5.923362300000065, 1753.401299999997718 ], [ -73.59144189999995, 5.923329300000034, 1754.272100000001956 ], [ -73.59131459699995, 5.923206115000028, 1753.711800000004587 ], [ -73.591207297999972, 5.923103058000038, 1753.319300000002841 ], [ -73.5911, 5.923, 1752.751199999998789 ], [ -73.59098849999998, 5.922912100000076, 1753.562900000004447 ], [ -73.590802399999973, 5.922815400000047, 1755.967900000003283 ], [ -73.590705696999976, 5.922750097000062, 1757.568199999994249 ], [ -73.590628399999957, 5.92269790000006, 1758.600300000005518 ], [ -73.590500199999951, 5.922618800000066, 1760.371299999998882 ], [ -73.590374475999965, 5.922588878000056, 1763.7932 ], [ -73.590356499999984, 5.92258460000005, 1764.332500000004075 ], [ -73.590179688999967, 5.922548385000027, 1766.897899999996298 ], [ -73.590111880999984, 5.922534497000072, 1767.1875 ], [ -73.589922580999939, 5.922539715000028, 1767.496400000003632 ], [ -73.589733281999941, 5.92254493300004, 1766.533299999995506 ], [ -73.589587403999985, 5.922548954000035, 1766.724199999996927 ], [ -73.589587087999973, 5.922548963000054, 1766.724600000001374 ], [ -73.589574322999965, 5.922549315000026, 1766.738899999996647 ], [ -73.589562083999965, 5.922549652000043, 1766.752299999992829 ], [ -73.589561754999977, 5.922549661000062, 1766.752699999997276 ], [ -73.589549686999987, 5.922549994000065, 1766.765599999998813 ], [ -73.589548334999961, 5.922550031000071, 1766.767000000007101 ], [ -73.589544160999935, 5.922550146000049, 1766.771299999993062 ], [ -73.589360699999986, 5.92258030000005, 1768.506200000003446 ], [ -73.589113499999939, 5.922631800000033, 1772.192299999995157 ], [ -73.588962299999935, 5.922628400000065, 1774.53509999999369 ], [ -73.588842799999952, 5.922565300000031, 1775.595900000000256 ], [ -73.588709033999976, 5.92250413000005, 1777.212899999998626 ], [ -73.5887, 5.922499999000024, 1777.359599999996135 ], [ -73.588540705999947, 5.922543173000065, 1779.487399999998161 ], [ -73.588467399999956, 5.922594300000071, 1779.84309999999823 ], [ -73.588357499999972, 5.922643200000039, 1779.960699999995995 ], [ -73.588268699999958, 5.92263760000003, 1780.955900000000838 ], [ -73.588174199999969, 5.922590200000059, 1782.925099999993108 ], [ -73.588077599999963, 5.922491, 1785.532300000006217 ], [ -73.587997676999976, 5.922369895000031, 1787.598499999992782 ], [ -73.587749137999936, 5.922293598000067, 1792.570099999997183 ], [ -73.587500599999942, 5.922217300000057, 1795.477599999998347 ], [ -73.587320699999964, 5.92214, 1795.000400000004447 ], [ -73.587184599999944, 5.922037900000021, 1798.737299999993411 ], [ -73.587152799999956, 5.921950500000037, 1798.731199999994715 ], [ -73.58716, 5.921821900000054, 1796.706399999995483 ], [ -73.587134099999957, 5.921740400000033, 1796.060299999997369 ], [ -73.587057499999958, 5.921646700000053, 1794.997300000002724 ], [ -73.586891099999946, 5.921510100000035, 1796.734700000000885 ], [ -73.586829901999977, 5.921333416000039, 1791.950800000005984 ], [ -73.586728801999982, 5.921223116000021, 1789.924199999994016 ], [ -73.586592201999963, 5.921132616000023, 1787.510699999998906 ], [ -73.586465901999986, 5.921091616000069, 1787.771599999992759 ], [ -73.586332401999982, 5.92101421600006, 1786.639100000000326 ], [ -73.586270473999946, 5.92089773500004, 1783.036399999997229 ], [ -73.586084440999969, 5.920706695000035, 1779.163300000000163 ], [ -73.585898408999981, 5.920515654000042, 1773.152100000006612 ], [ -73.58582630899997, 5.920379454000056, 1766.425900000002002 ], [ -73.585730287999979, 5.920240087000025, 1756.615200000000186 ], [ -73.585607071999959, 5.920119615000033, 1748.887600000001839 ], [ -73.585483856999986, 5.919999142000052, 1749.595400000005611 ], [ -73.58542188399997, 5.91982579200004, 1749.211800000004587 ], [ -73.585359910999955, 5.919652441000039, 1742.184399999998277 ], [ -73.58529793799994, 5.919479091000028, 1736.851999999998952 ], [ -73.58520406599996, 5.919294156000035, 1732.489000000001397 ], [ -73.585110192999934, 5.919109221000042, 1729.634200000000419 ], [ -73.585016320999955, 5.918924286000049, 1729.427999999999884 ], [ -73.584918936999941, 5.918771496000033, 1730.587299999999232 ], [ -73.584821553999973, 5.918618707000064, 1732.64890000000014 ], [ -73.584724169999959, 5.918465917000049, 1734.375700000004144 ], [ -73.584615210999971, 5.918247841000039, 1736.80800000000454 ], [ -73.584497767999949, 5.91807168400004, 1739.248699999996461 ], [ -73.584380324999984, 5.917895527000042, 1742.471999999994296 ], [ -73.584262881999962, 5.917719370000043, 1745.026700000002165 ], [ -73.584131440999954, 5.917559686000061, 1748.364799999995739 ], [ -73.584, 5.917400001000033, 1751.85559999999532 ], [ -73.5839, 5.917199999000047, 1753.217699999993783 ], [ -73.583753633999947, 5.917040372000031, 1753.195200000001932 ], [ -73.583612499999958, 5.916933477000043, 1752.535799999997835 ], [ -73.583445320999942, 5.916759456000023, 1752.141300000002957 ], [ -73.583278141999983, 5.916585435000059, 1751.91809999999532 ], [ -73.583110963999957, 5.916411413000048, 1755.002999999996973 ], [ -73.5831, 5.916400001000056, 1755.208599999998114 ], [ -73.583006277999971, 5.916166770000075, 1759.069300000002841 ], [ -73.58291255599994, 5.915933538000047, 1763.028699999995297 ], [ -73.582906277999939, 5.915716769000028, 1764.863500000006752 ], [ -73.5829, 5.9155, 1767.046900000001187 ], [ -73.582801490999941, 5.915284589000066, 1768.485899999999674 ], [ -73.582600744999979, 5.915192295000054, 1773.058799999998882 ], [ -73.5824, 5.915100001000042, 1776.438200000004144 ], [ -73.582274995999967, 5.914896390000024, 1774.964399999997113 ], [ -73.582149992999973, 5.914692780000053, 1773.296799999996438 ], [ -73.582024988999933, 5.914489169000035, 1772.275699999998324 ], [ -73.581947611999965, 5.914282734000039, 1770.819699999992736 ], [ -73.58187023499994, 5.914076298000055, 1770.779599999994389 ], [ -73.581792857999972, 5.913869863000059, 1773.498500000001513 ], [ -73.581775940999989, 5.91371258700002, 1772.556599999996251 ], [ -73.58175902499994, 5.913555311000039, 1771.068799999993644 ], [ -73.581618001999971, 5.913458688000048, 1773.309599999993225 ], [ -73.581476979999934, 5.913362064000069, 1773.80800000000454 ], [ -73.5813, 5.9133, 1775.71929999999702 ], [ -73.58118765599994, 5.913061718000051, 1772.763900000005378 ], [ -73.581075311999939, 5.912823435000064, 1769.160499999998137 ], [ -73.58101602499994, 5.912586862000069, 1766.566200000001118 ], [ -73.580956737999941, 5.912350289000074, 1767.005699999994249 ], [ -73.580897450999942, 5.912113716000022, 1769.592499999998836 ], [ -73.580856479999966, 5.912007121000045, 1771.261599999997998 ], [ -73.580781970999965, 5.91181326700007, 1774.315700000006473 ], [ -73.580707461999964, 5.911619413000039, 1776.366800000003423 ], [ -73.5807, 5.911599999000032, 1776.449600000007194 ], [ -73.580607287999953, 5.911537181000028, 1777.476899999994203 ], [ -73.580488771999967, 5.91145687900007, 1778.501600000003236 ], [ -73.580370255999981, 5.911376577000055, 1779.602599999998347 ], [ -73.580317819999948, 5.911341049000043, 1780.120699999999488 ], [ -73.580147086999943, 5.911182309000026, 1783.980200000005425 ], [ -73.579976353999939, 5.911023568000076, 1789.047900000005029 ], [ -73.579805620999934, 5.910864828000058, 1792.360799999994924 ], [ -73.579626471999973, 5.910733406000077, 1794.407800000000861 ], [ -73.579447322999954, 5.910601985000028, 1797.346499999999651 ], [ -73.579268173999935, 5.910470563000047, 1799.127999999996973 ], [ -73.579068924999945, 5.910314242000027, 1799.799100000003818 ], [ -73.578869676999943, 5.910157920000074, 1801.520999999993364 ], [ -73.578754628999945, 5.909993800000052, 1802.562999999994645 ], [ -73.578639581999937, 5.90982968000003, 1803.968500000002678 ], [ -73.578524533999939, 5.909665560000064, 1805.37510000000475 ], [ -73.578554746999941, 5.909554340000057, 1803.999700000000303 ], [ -73.578595578999966, 5.909324844000025, 1801.659799999993993 ], [ -73.5786, 5.909299999000041, 1801.434800000002724 ], [ -73.57862776099995, 5.90908397000004, 1796.736000000004424 ], [ -73.578655520999973, 5.90886794100004, 1788.420700000002398 ], [ -73.578617780999934, 5.908693047000042, 1780.8894 ], [ -73.578580041999942, 5.908518153000045, 1773.845700000005309 ], [ -73.578514536999933, 5.908276606000072, 1765.874800000005052 ], [ -73.578457267999966, 5.908138303000044, 1763.318899999998393 ], [ -73.5784, 5.908, 1763.954500000007101 ], [ -73.578413255999976, 5.907860145000029, 1763.192200000004959 ], [ -73.578426511999965, 5.907720289000054, 1761.049799999993411 ], [ -73.578422832999934, 5.907679082000072, 1760.489100000006147 ], [ -73.578368544999989, 5.907510683000055, 1761.105999999999767 ], [ -73.578314256999988, 5.907342283000048, 1762.428400000004331 ], [ -73.578188611999963, 5.907177741000055, 1764.986199999999371 ], [ -73.578062966999937, 5.907013199000062, 1768.167499999995925 ], [ -73.577937321999968, 5.906848657000069, 1771.819900000002235 ], [ -73.577779564999958, 5.906683365000049, 1774.421100000006845 ], [ -73.57776967999996, 5.906673008000041, 1774.464099999997416 ], [ -73.5777, 5.9066, 1774.688200000004144 ], [ -73.577626490999933, 5.906468073000042, 1774.559299999993527 ], [ -73.577619581999954, 5.906455674000028, 1774.539199999999255 ], [ -73.577611846999957, 5.90644179100002, 1774.516600000002654 ], [ -73.577563347999956, 5.906354751000038, 1774.634099999995669 ], [ -73.577492283999959, 5.906227212000033, 1775.073600000003353 ], [ -73.57745181699994, 5.906154586000071, 1775.089999999996508 ], [ -73.577371882999955, 5.906011129000035, 1774.651599999997416 ], [ -73.577284393999946, 5.905854112000043, 1774.452099999994971 ], [ -73.577271540999959, 5.90583104500007, 1774.36710000000312 ], [ -73.577242836999972, 5.905779531000064, 1774.177299999995739 ], [ -73.577203229999952, 5.905591105000042, 1773.482900000002701 ], [ -73.577163622999933, 5.905402679000076, 1773.211599999995087 ], [ -73.577125807999948, 5.905222780000031, 1773.874700000000303 ], [ -73.577119782999944, 5.90519411300005, 1773.980299999995623 ], [ -73.5771, 5.905099999000072, 1774.981599999999162 ], [ -73.577064761999964, 5.904967058000068, 1776.451400000005378 ], [ -73.577029522999965, 5.904834117000064, 1778.24539999999979 ], [ -73.576970359999962, 5.90461091700007, 1781.957099999999627 ], [ -73.57694330399994, 5.904378239000039, 1784.466599999999744 ], [ -73.576916247999975, 5.904145560000075, 1787.475800000000163 ], [ -73.57688707799997, 5.903894699000034, 1786.754300000000512 ], [ -73.576881525999966, 5.903653184000063, 1784.973499999992782 ], [ -73.576875973999961, 5.903411668000047, 1784.240600000004633 ], [ -73.576870421999956, 5.903170153000076, 1784.260299999994459 ], [ -73.576879928999972, 5.902956244000052, 1784.365200000000186 ], [ -73.576889436999977, 5.902742334000038, 1784.66359999999986 ], [ -73.576898943999936, 5.902528425000071, 1781.406099999992875 ], [ -73.576899459999936, 5.90251681500007, 1781.229300000006333 ], [ -73.576903734999973, 5.902420623000069, 1778.842799999998533 ], [ -73.576912410999967, 5.902210682000032, 1772.180600000006962 ], [ -73.576922085999968, 5.901976543000046, 1763.966899999999441 ], [ -73.57692536899998, 5.901897100000042, 1761.586800000004587 ], [ -73.576928341999974, 5.901825152000072, 1759.8701 ], [ -73.576931720999937, 5.901743380000028, 1757.925900000002002 ], [ -73.576932903999989, 5.901714760000061, 1757.247099999993225 ], [ -73.576876614999946, 5.901472263000073, 1753.901500000007218 ], [ -73.576820325999961, 5.901229766000029, 1752.903999999994994 ], [ -73.576764036999975, 5.900987269000041, 1754.693499999993946 ], [ -73.576755405999961, 5.900960071000043, 1755.168900000004214 ], [ -73.576684344999933, 5.900736133000066, 1760.243499999996857 ], [ -73.576613282999972, 5.900512195000033, 1766.039499999998952 ], [ -73.576554052999938, 5.900273704000028, 1773.277499999996508 ], [ -73.576494823999951, 5.900035213000024, 1778.244600000005448 ], [ -73.576465657999961, 5.899820967000039, 1779.577999999994063 ], [ -73.576436490999981, 5.899606720000065, 1780.7271999999939 ], [ -73.576407324999934, 5.899392474000024, 1782.108800000001793 ], [ -73.576422301999969, 5.899151089000043, 1781.546900000001187 ], [ -73.576424681999981, 5.899010701000066, 1778.801999999996042 ], [ -73.576416335999966, 5.898958039000036, 1777.854200000001583 ], [ -73.576411220999944, 5.898925763000022, 1776.798800000004121 ], [ -73.576407137999979, 5.8989, 1775.806500000006054 ], [ -73.576356263999969, 5.89885590800003, 1774.309399999998277 ], [ -73.576302859999942, 5.898848543000042, 1774.25810000000638 ], [ -73.576297075999946, 5.898847745000069, 1774.251300000003539 ], [ -73.576280672999985, 5.898845483000059, 1774.23059999999532 ], [ -73.576137904999939, 5.898871657000029, 1776.482399999993504 ], [ -73.576006160999952, 5.898914613000045, 1779.840700000000652 ], [ -73.575874416999966, 5.898957569000061, 1782.675700000007055 ], [ -73.575737208999954, 5.898978785000054, 1784.140499999994063 ], [ -73.5756, 5.899, 1786.477599999998347 ], [ -73.575430239999946, 5.899039866000066, 1790.654999999998836 ], [ -73.575260478999951, 5.899079732000075, 1796.131800000002841 ], [ -73.575030238999943, 5.899089866000054, 1799.937200000000303 ], [ -73.5748, 5.8991, 1802.35460000000603 ], [ -73.574599196999941, 5.899145519000058, 1805.881899999993038 ], [ -73.57451382499994, 5.899164871000039, 1807.489700000005541 ], [ -73.574358667999945, 5.899200043000064, 1810.180600000006962 ], [ -73.57420078499996, 5.899217256000043, 1811.998500000001513 ], [ -73.574190290999979, 5.899218400000052, 1812.115300000004936 ], [ -73.574106170999983, 5.89922757100004, 1813.127800000002026 ], [ -73.574065508999979, 5.899232004000055, 1813.644799999994575 ], [ -73.573828753999976, 5.899269197000024, 1817.047200000000885 ], [ -73.573696440999981, 5.899280959000066, 1818.286699999996927 ], [ -73.573624240999948, 5.899254359000054, 1817.648100000005797 ], [ -73.573506696999971, 5.899131256000032, 1813.97269999999844 ], [ -73.573394386999951, 5.899049403000049, 1811.788799999994808 ], [ -73.5733, 5.899, 1810.667900000000373 ], [ -73.573271348999981, 5.898997962000067, 1810.805200000002515 ], [ -73.573131455999942, 5.898988012000075, 1811.404200000004494 ], [ -73.573036431999981, 5.898993871000073, 1812.252600000007078 ], [ -73.572998651999967, 5.898988664000058, 1812.334400000007008 ], [ -73.572965240999963, 5.898984059000043, 1812.432499999995343 ], [ -73.572883140999977, 5.898880059000021, 1810.156300000002375 ], [ -73.572838859999933, 5.898767779000025, 1807.851999999998952 ], [ -73.572846540999933, 5.898631659000046, 1805.225500000000466 ], [ -73.572862740999938, 5.898563059000026, 1804.582200000004377 ], [ -73.572868740999979, 5.898489459000075, 1804.027799999996205 ], [ -73.572851240999967, 5.898393059000057, 1803.387300000002142 ], [ -73.572816040999953, 5.898309459000075, 1802.504400000005262 ], [ -73.572711740999978, 5.898220959000071, 1801.343900000007125 ], [ -73.572619948999943, 5.898174683000036, 1801.340700000000652 ], [ -73.572515550999981, 5.898156117000042, 1801.839200000002165 ], [ -73.572377182999958, 5.898131510000042, 1802.749200000005658 ], [ -73.5722, 5.8981, 1804.029899999994086 ], [ -73.572090840999977, 5.89806909400005, 1804.240099999995437 ], [ -73.572085035999976, 5.898067450000042, 1804.246700000003329 ], [ -73.572000799999955, 5.898043600000051, 1804.342900000003283 ], [ -73.571974391999959, 5.898013027000047, 1803.862399999998161 ], [ -73.571899998999982, 5.897926902000052, 1802.508700000005774 ], [ -73.571865226999989, 5.897850748000053, 1801.161999999996624 ], [ -73.571856225999966, 5.897831036000071, 1800.979099999996834 ], [ -73.571783699999969, 5.897672200000045, 1800.034700000003795 ], [ -73.571748122999963, 5.897534737000058, 1799.131999999997788 ], [ -73.571721015999969, 5.897430001000032, 1798.022400000001653 ], [ -73.571670557999937, 5.897235038000076, 1794.775500000003376 ], [ -73.571591299999966, 5.897147200000063, 1792.601500000004307 ], [ -73.571440399999972, 5.897097900000063, 1790.617700000002515 ], [ -73.5712, 5.8971, 1787.672200000000885 ], [ -73.571155147999946, 5.8971, 1786.913199999995413 ], [ -73.5711, 5.8971, 1785.980100000000675 ], [ -73.570980399999939, 5.897096400000066, 1783.859800000005635 ], [ -73.570879499999933, 5.89709890000006, 1782.347899999993388 ], [ -73.570767499999988, 5.897148100000038, 1783.779599999994389 ], [ -73.570602199999939, 5.897218900000041, 1786.535699999993085 ], [ -73.570459932999938, 5.89726233500005, 1787.679199999998673 ], [ -73.570302599999934, 5.897243100000026, 1787.677800000004936 ], [ -73.570211693999966, 5.897224222000034, 1788.56590000000142 ], [ -73.570172099999979, 5.897216, 1789.096499999999651 ], [ -73.570015399999988, 5.897148400000049, 1791.491399999998976 ], [ -73.569925930999943, 5.897057765000056, 1792.868300000001909 ], [ -73.569883899999979, 5.896957900000075, 1794.005199999999604 ], [ -73.569886299999951, 5.896893200000022, 1794.456300000005285 ], [ -73.569905253999934, 5.896861633000071, 1794.47960000000603 ], [ -73.57, 5.8967, 1794.600999999995111 ], [ -73.570108, 5.89657870000002, 1793.690799999996671 ], [ -73.570173, 5.896481300000062, 1792.426699999996345 ], [ -73.570201499999939, 5.896403500000076, 1789.893700000000536 ], [ -73.570186915999955, 5.896257337000065, 1786.394000000000233 ], [ -73.570149123999954, 5.896113213000035, 1786.40230000000156 ], [ -73.570111331999954, 5.895969089000062, 1787.1021999999939 ], [ -73.570052015999977, 5.895832445000053, 1785.322299999999814 ], [ -73.569992699999943, 5.895695800000055, 1783.236000000004424 ], [ -73.569991997999978, 5.895694623000054, 1783.212499999994179 ], [ -73.569905178999988, 5.895549058000029, 1781.849199999996927 ], [ -73.56990372599995, 5.895546621000051, 1781.827699999994365 ], [ -73.569840494999937, 5.895440604000044, 1780.889599999994971 ], [ -73.569774666999933, 5.895401353000068, 1780.651500000007218 ], [ -73.569656689999988, 5.895331007000038, 1778.557400000005146 ], [ -73.569601, 5.895297800000037, 1777.071899999995367 ], [ -73.569442, 5.895165100000042, 1771.409799999993993 ], [ -73.569350499999985, 5.895037100000025, 1769.946100000001024 ], [ -73.569305403999977, 5.894886593000024, 1769.068299999998999 ], [ -73.569298071999981, 5.894707604000075, 1768.160799999997835 ], [ -73.569290739999985, 5.89452861500007, 1767.477100000003702 ], [ -73.569270599999982, 5.894427500000063, 1767.259900000004563 ], [ -73.56916746099995, 5.894303181000055, 1766.878700000001118 ], [ -73.568987799999945, 5.894201500000065, 1765.858300000007148 ], [ -73.56889659999996, 5.894103800000039, 1765.478199999997742 ], [ -73.568838599999935, 5.894050600000071, 1765.901599999997416 ], [ -73.568773699999952, 5.894000300000073, 1766.138300000005984 ], [ -73.568746695999948, 5.893908530000033, 1765.515400000003865 ], [ -73.568714095999951, 5.893748630000061, 1764.395900000003166 ], [ -73.568606368999951, 5.893596863000027, 1764.718599999992875 ], [ -73.568498641999952, 5.893445095000061, 1764.901299999997718 ], [ -73.568399123999939, 5.89330523700005, 1765.121700000003329 ], [ -73.568402788999947, 5.893180836000056, 1764.149399999994785 ], [ -73.568408199999965, 5.892997177000041, 1762.019000000000233 ], [ -73.56849353399997, 5.892813889000024, 1760.461599999995087 ], [ -73.5685, 5.8928, 1760.298899999994319 ], [ -73.568575263999946, 5.892608876000054, 1757.317999999999302 ], [ -73.568603817999985, 5.892507987000045, 1755.801600000006147 ], [ -73.5686, 5.8924, 1754.987899999992806 ], [ -73.568482226999947, 5.892352132000042, 1756.917400000005728 ], [ -73.568339459999947, 5.892337855000051, 1759.432199999995646 ], [ -73.568082972999946, 5.892354999000077, 1764.029299999994691 ], [ -73.567836686999954, 5.892391758000031, 1767.743799999996554 ], [ -73.567691182999965, 5.892470931000048, 1771.692699999999604 ], [ -73.567567807999978, 5.892598771000053, 1775.363100000002305 ], [ -73.567491665999967, 5.892655878000028, 1777.622000000003027 ], [ -73.567411, 5.892681700000026, 1779.917900000000373 ], [ -73.567208509999944, 5.892689191000045, 1784.494999999995343 ], [ -73.567000306999944, 5.892676817000051, 1787.808900000003632 ], [ -73.566823274999933, 5.892603530000031, 1788.152700000006007 ], [ -73.566748083999983, 5.892551182000034, 1787.689400000002934 ], [ -73.566714517999969, 5.892515453000044, 1786.899900000003981 ], [ -73.5667, 5.8925, 1786.558399999994435 ], [ -73.566624510999986, 5.89234702400006, 1783.176399999996647 ], [ -73.566525298999977, 5.892130150000071, 1778.690799999996671 ], [ -73.566426087999957, 5.891913275000036, 1776.721799999999348 ], [ -73.566337518999944, 5.891744937000055, 1778.765199999994365 ], [ -73.566248949999988, 5.891576598000029, 1782.268100000001141 ], [ -73.566160380999975, 5.891408260000048, 1786.191300000005867 ], [ -73.56604389599994, 5.891179984000075, 1787.075500000006286 ], [ -73.565927411999951, 5.890951708000046, 1782.44890000000305 ], [ -73.565912716999946, 5.890889339000069, 1780.455600000001141 ], [ -73.565793508999946, 5.890678124000033, 1770.883799999995972 ], [ -73.565709356999946, 5.890510721000055, 1763.192699999999604 ], [ -73.565625205999936, 5.890343317000031, 1756.720499999995809 ], [ -73.565536501999986, 5.890197895000028, 1752.094899999996414 ], [ -73.565479111999935, 5.890021138000066, 1747.955799999996088 ], [ -73.565472256999954, 5.88995090700007, 1746.335600000005797 ], [ -73.565473683999983, 5.889882378000038, 1744.633499999996275 ], [ -73.565485444999979, 5.889710726000033, 1740.455400000006193 ], [ -73.565462661999959, 5.889544387000058, 1736.607499999998254 ], [ -73.565461857999935, 5.889538517000062, 1736.471699999994598 ], [ -73.565443062999975, 5.889401292000059, 1734.071899999995367 ], [ -73.565432117999933, 5.889321385000073, 1733.677599999995437 ], [ -73.565426387999935, 5.889182387000062, 1733.099400000006426 ], [ -73.565420658999983, 5.889043388000061, 1733.001799999998184 ], [ -73.565375558999961, 5.888963388000036, 1732.943100000004051 ], [ -73.565298159999941, 5.888932188000069, 1732.907699999996112 ], [ -73.565136092999978, 5.888915718000021, 1732.90559999999823 ], [ -73.564981858999943, 5.888934888000051, 1733.4033999999956 ], [ -73.564906142999973, 5.888966393000032, 1733.584300000002258 ], [ -73.564836543999945, 5.889013090000049, 1734.09440000000177 ], [ -73.564756236999983, 5.889044915000056, 1735.332599999994272 ], [ -73.56471530999994, 5.889057955000055, 1735.995599999994738 ], [ -73.564693144999978, 5.889062795000029, 1736.3637000000017 ], [ -73.564669, 5.88906170000007, 1736.774399999994785 ], [ -73.564530599999955, 5.889030800000057, 1738.986799999998766 ], [ -73.564484, 5.888984500000049, 1739.824900000006892 ], [ -73.564389499999947, 5.888749200000063, 1745.018100000001141 ], [ -73.564230255999973, 5.88868515300004, 1748.25340000000142 ], [ -73.564051260999975, 5.888613803000055, 1750.97259999999369 ], [ -73.563872266999965, 5.888542452000024, 1752.032099999996717 ], [ -73.563707024999985, 5.888453961000039, 1752.825500000006286 ], [ -73.563541783999938, 5.888365469000064, 1753.795800000007148 ], [ -73.563418594999973, 5.888269519000062, 1756.2644 ], [ -73.563295406999941, 5.88817356800007, 1758.711999999999534 ], [ -73.563141336999934, 5.888065303000076, 1760.912899999995716 ], [ -73.562987266999983, 5.887957037000035, 1763.709099999992759 ], [ -73.562843632999943, 5.887828519000038, 1768.192999999999302 ], [ -73.5627, 5.887700001000042, 1769.75789999999688 ], [ -73.562443883999947, 5.887716090000026, 1773.379000000000815 ], [ -73.562187767999944, 5.887732179000068, 1776.486900000003516 ], [ -73.56205874699998, 5.887680876000047, 1776.978799999997136 ], [ -73.561929726999949, 5.887629572000037, 1777.259900000004563 ], [ -73.561904638999977, 5.887591909000037, 1776.789399999994203 ], [ -73.56183548599995, 5.887488090000033, 1775.799100000003818 ], [ -73.561741244999951, 5.88734660800003, 1775.104999999995925 ], [ -73.561667330999967, 5.887237084000049, 1775.395300000003772 ], [ -73.561583664999944, 5.887118542000053, 1778.359899999995832 ], [ -73.5615, 5.887, 1781.304799999998068 ], [ -73.561475512999948, 5.886971979000066, 1781.887600000001839 ], [ -73.561339507999946, 5.886816349000071, 1785.156199999997625 ], [ -73.561203502999945, 5.886660719000076, 1789.23859999999695 ], [ -73.561064632999944, 5.886498110000048, 1793.665399999998044 ], [ -73.560991511999987, 5.886412489000065, 1796.548200000004726 ], [ -73.560964832999957, 5.886381250000056, 1797.600000000005821 ], [ -73.560899626999969, 5.886311309000064, 1800.076000000000931 ], [ -73.560856872999977, 5.886265451000043, 1801.699500000002445 ], [ -73.560761969999987, 5.886180706000061, 1804.988100000002305 ], [ -73.560698, 5.886123583000028, 1806.318100000004051 ], [ -73.560673363999967, 5.886101411000027, 1806.803400000004331 ], [ -73.560641332999978, 5.886072583000043, 1807.412200000006123 ], [ -73.560592118999978, 5.886063792000073, 1808.401800000006915 ], [ -73.56039027099996, 5.886027737000063, 1811.573000000003958 ], [ -73.560371777999933, 5.886024434000035, 1811.834000000002561 ], [ -73.560365273999935, 5.886023272000045, 1811.925799999997253 ], [ -73.560337398999934, 5.886031176000074, 1812.366500000003725 ], [ -73.560254586999974, 5.886054658000035, 1813.675700000007055 ], [ -73.560207997999953, 5.886067869000044, 1814.412299999996321 ], [ -73.559987016999969, 5.886124843000061, 1817.827699999994365 ], [ -73.559766035999985, 5.886181818000068, 1819.668699999994715 ], [ -73.559545054999944, 5.886238792000029, 1820.768500000005588 ], [ -73.559296391999965, 5.886323968000056, 1823.026700000002165 ], [ -73.559047727999939, 5.886409145000073, 1827.055600000006962 ], [ -73.55879906499996, 5.886494321000043, 1829.717499999998836 ], [ -73.558627830999967, 5.886556986000073, 1830.150099999998929 ], [ -73.558456596999974, 5.886619652000036, 1829.644000000000233 ], [ -73.558285362999982, 5.886682317000066, 1829.395300000003772 ], [ -73.558216167999944, 5.88669997300002, 1829.272899999996298 ], [ -73.557996937999974, 5.886834521000026, 1830.106899999998859 ], [ -73.557777707999946, 5.886969068000042, 1832.835099999996601 ], [ -73.557558477999976, 5.887103616000047, 1835.188699999998789 ], [ -73.557366710999986, 5.887211224000055, 1836.97280000000319 ], [ -73.55717494299995, 5.887318832000062, 1838.543900000004214 ], [ -73.55698317599996, 5.88742644000007, 1840.0396999999939 ], [ -73.556781145999935, 5.887502737000034, 1841.884300000005169 ], [ -73.556579116999956, 5.887579033000065, 1844.862599999993108 ], [ -73.556377086999987, 5.88765533000003, 1849.156300000002375 ], [ -73.556164400999933, 5.887790252000059, 1856.265199999994365 ], [ -73.555951715999981, 5.887925173000042, 1863.975600000005215 ], [ -73.555739029999984, 5.888060095000071, 1867.580700000005891 ], [ -73.555536309999979, 5.888078536000023, 1870.234700000000885 ], [ -73.555333589999975, 5.888096977000032, 1873.724799999996321 ], [ -73.555130869999971, 5.888115418000041, 1876.106899999998859 ], [ -73.554876601999979, 5.888201920000029, 1878.600300000005518 ], [ -73.554622332999941, 5.888288421000027, 1880.739799999995739 ], [ -73.554437235999956, 5.888381124000034, 1882.565000000002328 ], [ -73.554252138999971, 5.888473826000052, 1884.194399999993038 ], [ -73.554067041999986, 5.888566529000059, 1886.174499999993714 ], [ -73.553885133999984, 5.888670517000037, 1887.825899999996182 ], [ -73.553703224999936, 5.888774505000072, 1889.515299999999115 ], [ -73.553670604999979, 5.888793152000062, 1889.944499999997788 ], [ -73.553469508999967, 5.888894796000045, 1894.153099999995902 ], [ -73.553268413999945, 5.888996441000074, 1896.590200000006007 ], [ -73.553067317999989, 5.889098085000057, 1897.21490000000631 ], [ -73.552841805999947, 5.889204805000077, 1899.182100000005448 ], [ -73.552616293999961, 5.889311526000029, 1902.110700000004726 ], [ -73.552390781999975, 5.889418246000048, 1904.532000000006519 ], [ -73.552308147999952, 5.889462198000047, 1905.150399999998626 ], [ -73.552192753999975, 5.889537588000053, 1905.694499999997788 ], [ -73.552028492999966, 5.889664802000027, 1909.516300000002957 ], [ -73.551864230999968, 5.889792015000069, 1914.977400000003399 ], [ -73.551699969999959, 5.889919229000043, 1921.025399999998626 ], [ -73.55153570799996, 5.890046442000028, 1925.555399999997462 ], [ -73.551378507999971, 5.890189587000066, 1926.428100000004633 ], [ -73.551221307999981, 5.890332731000058, 1927.141399999993155 ], [ -73.551110653999956, 5.890516365000053, 1926.43300000000454 ], [ -73.551, 5.890699999000049, 1925.471799999999348 ], [ -73.550861501999975, 5.890911460000041, 1923.918399999995017 ], [ -73.550723002999973, 5.891122920000043, 1922.540200000003097 ], [ -73.55072372099994, 5.891123805000063, 1922.545499999992899 ], [ -73.550686350999968, 5.891217478000044, 1922.119500000000698 ], [ -73.550685700999964, 5.891456758000061, 1923.072299999999814 ], [ -73.550685050999959, 5.891696037000031, 1924.554099999993923 ], [ -73.550684400999955, 5.891935317000048, 1925.080400000006193 ], [ -73.550719303999983, 5.892152512000052, 1925.162800000005518 ], [ -73.550754206999954, 5.892369706000068, 1923.560899999996764 ], [ -73.55074820699997, 5.892554007000058, 1923.267099999997299 ], [ -73.55069999899996, 5.8928, 1923.0288 ], [ -73.550695338999958, 5.892805514000031, 1923.029500000004191 ], [ -73.550559516999954, 5.89296622300003, 1922.8701 ], [ -73.550423694999949, 5.893126933000076, 1923.343500000002678 ], [ -73.550284369999986, 5.893291787000067, 1923.210600000005797 ], [ -73.550127037999971, 5.893431797000062, 1923.062799999999697 ], [ -73.549969705999956, 5.893571806000068, 1922.59780000000319 ], [ -73.549908288999973, 5.893778993000069, 1923.974300000001676 ], [ -73.549846871999989, 5.893986179000024, 1923.545800000007148 ], [ -73.549811842999986, 5.894119549000038, 1924.134300000005169 ], [ -73.549776813999983, 5.894252919000053, 1925.246700000003329 ], [ -73.549688406999962, 5.894476460000021, 1926.62960000000021 ], [ -73.5496, 5.8947, 1926.239900000000489 ], [ -73.549493327999983, 5.894885048000049, 1922.960699999995995 ], [ -73.549386654999978, 5.895070095000051, 1917.590500000005704 ], [ -73.549234973999944, 5.895261387000062, 1913.581000000005588 ], [ -73.549083291999978, 5.895452679000073, 1911.036999999996624 ], [ -73.548945333999939, 5.895610767000051, 1909.28059999999823 ], [ -73.548807376999946, 5.895768854000039, 1906.785900000002584 ], [ -73.548787671999946, 5.895791434000046, 1906.24199999999837 ], [ -73.548693835999984, 5.89589571700003, 1903.553599999999278 ], [ -73.5486, 5.896, 1901.176800000001094 ], [ -73.5485, 5.89615, 1897.305200000002515 ], [ -73.5484, 5.896299999000064, 1894.42609999999695 ], [ -73.548320955999941, 5.89649133000006, 1892.698499999998603 ], [ -73.54824191199998, 5.896682661000057, 1890.790999999997439 ], [ -73.548223783999958, 5.89689459300007, 1889.619000000006054 ], [ -73.548205655999936, 5.897106524000037, 1888.456300000005285 ], [ -73.548187527999971, 5.89731845600005, 1887.655899999997928 ], [ -73.548169399999949, 5.897530387000074, 1885.828599999993457 ], [ -73.548149115999934, 5.897719142000028, 1883.576799999995274 ], [ -73.548128832999964, 5.897907897000039, 1881.192299999995157 ], [ -73.548108548999949, 5.898096652000049, 1878.807799999995041 ], [ -73.547977919999937, 5.898270323000077, 1876.710699999995995 ], [ -73.5478, 5.898399999000048, 1876.250799999994342 ], [ -73.547617807999984, 5.898502664000034, 1876.076199999995879 ], [ -73.547435616999962, 5.898605330000066, 1875.188500000003842 ], [ -73.547253424999951, 5.898707995000052, 1873.263699999995879 ], [ -73.547132707999936, 5.898870208000062, 1872.188299999994342 ], [ -73.547011989999987, 5.899032420000026, 1871.013300000005984 ], [ -73.546891272999972, 5.899194633000036, 1867.087599999998929 ], [ -73.546834884999953, 5.899403803000041, 1863.363400000002002 ], [ -73.546778496999934, 5.899612972000057, 1861.438200000004144 ], [ -73.546722108999973, 5.899822142000062, 1860.905199999993783 ], [ -73.546665720999954, 5.900031311000021, 1861.066500000000815 ], [ -73.546582860999933, 5.900215656000057, 1858.558900000003632 ], [ -73.5465, 5.9004, 1855.888200000001234 ], [ -73.546376949999967, 5.900580167000044, 1851.478799999997136 ], [ -73.546253898999964, 5.90076033400004, 1846.861999999993714 ], [ -73.546078989999955, 5.900917152000034, 1840.502200000002631 ], [ -73.545904080999946, 5.901073969000038, 1836.224499999996624 ], [ -73.545729171999938, 5.901230787000031, 1836.266300000002957 ], [ -73.545596925999973, 5.901443658000062, 1834.93289999999979 ], [ -73.545464678999963, 5.901656529000036, 1829.561600000000908 ], [ -73.545332432999942, 5.901869400000066, 1824.273600000000442 ], [ -73.545274482999957, 5.902070001000027, 1823.224100000006729 ], [ -73.545216531999984, 5.902270602000044, 1823.42960000000312 ], [ -73.545158581999942, 5.902471202000072, 1823.803700000004028 ], [ -73.545100630999968, 5.902671803000032, 1823.183099999994738 ], [ -73.544945678999966, 5.902802541000028, 1819.378599999996368 ], [ -73.544790726999963, 5.902933279000024, 1817.066399999996065 ], [ -73.544635774999961, 5.903064017000077, 1814.805300000007264 ], [ -73.544614157999945, 5.903082256000062, 1814.482699999993201 ], [ -73.544377287999964, 5.903114040000048, 1813.463900000002468 ], [ -73.544140418999973, 5.903145825000024, 1811.156700000006822 ], [ -73.543903548999936, 5.903177609000068, 1806.449099999997998 ], [ -73.543687758999965, 5.903226367000059, 1801.876699999993434 ], [ -73.543471967999949, 5.90327512500005, 1798.596699999994598 ], [ -73.543256177999979, 5.903323883000041, 1795.516300000002957 ], [ -73.543, 5.9034, 1793.634799999999814 ], [ -73.5428, 5.9035, 1794.341899999999441 ], [ -73.542606602999967, 5.903486004000058, 1791.981499999994412 ], [ -73.542413206999981, 5.903472007000062, 1788.109400000001187 ], [ -73.542248222999945, 5.903484462000051, 1786.361000000004424 ], [ -73.542083238999965, 5.903496917000041, 1784.845900000000256 ], [ -73.541920778999952, 5.903498224000032, 1782.423999999999069 ], [ -73.541730951999966, 5.903499751000027, 1779.005099999994854 ], [ -73.5417, 5.9035, 1778.351800000004005 ], [ -73.541662970999937, 5.903503086000057, 1777.649799999999232 ], [ -73.541442, 5.903521499000021, 1772.517800000001444 ], [ -73.541221028999985, 5.903539913000031, 1765.883499999996275 ], [ -73.541130904999989, 5.903545177000069, 1763.123600000006263 ], [ -73.541125878999935, 5.903545471000029, 1762.969700000001467 ], [ -73.540918505999969, 5.903557583000065, 1757.443299999998999 ], [ -73.540931262999948, 5.903693414000031, 1755.66830000000482 ], [ -73.540935157999968, 5.903734879000069, 1755.097999999998137 ], [ -73.540936872999964, 5.903753140000049, 1754.842600000003586 ], [ -73.540955118999989, 5.903947412000036, 1752.321700000000419 ], [ -73.540960677999976, 5.904006601000049, 1751.481100000004517 ], [ -73.540973364999957, 5.904141683000034, 1751.081300000005285 ], [ -73.540985271999944, 5.904268461000072, 1752.202399999994668 ], [ -73.540986649999979, 5.904283134000025, 1752.342900000003283 ], [ -73.540993280999942, 5.904353736000076, 1753.056700000001001 ], [ -73.541004423999937, 5.904580012000054, 1755.550900000002002 ], [ -73.540981495999972, 5.904781572000047, 1756.419299999994109 ], [ -73.540897657999949, 5.904952858000058, 1757.046400000006543 ], [ -73.540813167999943, 5.905063521000045, 1757.903300000005402 ], [ -73.540728677999937, 5.905174183000042, 1759.097999999998137 ], [ -73.54059185899996, 5.905278284000076, 1759.61019999999553 ], [ -73.540555995999966, 5.905325804000029, 1760.008900000000722 ], [ -73.5405, 5.9054, 1760.724000000001979 ], [ -73.540499344999944, 5.905413475000046, 1760.867599999997765 ], [ -73.540492803999939, 5.905547950000027, 1763.175499999997555 ], [ -73.54049265499998, 5.905551025000022, 1763.23080000000482 ], [ -73.540485364999938, 5.905700919000026, 1765.96809999999823 ], [ -73.540483961999939, 5.905729762000021, 1766.589600000006612 ], [ -73.540450367999938, 5.905797878000044, 1768.648499999995693 ], [ -73.540433199999939, 5.905832685000064, 1769.81699999999546 ], [ -73.5404, 5.9059, 1772.168799999999464 ], [ -73.54027401899998, 5.906017805000033, 1778.00789999999688 ], [ -73.540148036999938, 5.906135609000046, 1784.467900000003283 ], [ -73.53995767899994, 5.90617953800006, 1791.889999999999418 ], [ -73.539767320999943, 5.906223466000029, 1797.203200000003562 ], [ -73.539576962999945, 5.906267395000043, 1801.772299999996903 ], [ -73.539338725999983, 5.906297282000025, 1807.397299999996903 ], [ -73.539100489999953, 5.906327169000065, 1814.215800000005402 ], [ -73.538862252999934, 5.906357056000047, 1817.732900000002701 ], [ -73.538686503999941, 5.906404961000021, 1818.5818 ], [ -73.538510754999947, 5.906452866000052, 1818.769700000004377 ], [ -73.538353555999947, 5.906518595000023, 1818.455400000006193 ], [ -73.538196356999947, 5.90658432400005, 1820.555300000007264 ], [ -73.538061187999972, 5.906654420000052, 1823.733699999997043 ], [ -73.537915704999989, 5.906739203000029, 1825.462100000004284 ], [ -73.53777022099996, 5.906823986000063, 1826.598100000002887 ], [ -73.537585923999984, 5.906949567000026, 1826.312000000005355 ], [ -73.537401625999962, 5.907075147000057, 1827.648700000005192 ], [ -73.537217328999986, 5.907200728000021, 1830.09759999999369 ], [ -73.53709245899995, 5.907322645000022, 1835.026400000002468 ], [ -73.536967587999982, 5.907444562000023, 1836.956600000004983 ], [ -73.536846369999978, 5.907630662000031, 1837.203099999998813 ], [ -73.536725151999974, 5.907816762000039, 1835.592600000003586 ], [ -73.53660393399997, 5.908002862000046, 1834.467399999994086 ], [ -73.536536595999962, 5.908215680000069, 1834.917400000005728 ], [ -73.536480599999948, 5.908392651000042, 1835.481299999999464 ], [ -73.536469257999954, 5.908428497000045, 1835.292900000000373 ], [ -73.536466651999945, 5.90843673300003, 1835.201300000000629 ], [ -73.536466393999945, 5.908437491000029, 1835.192699999999604 ], [ -73.536425485999985, 5.908557736000034, 1833.615099999995437 ], [ -73.536390964999953, 5.908659205000049, 1831.868700000006356 ], [ -73.536470599999973, 5.908810300000027, 1831.026899999997113 ], [ -73.536651381999945, 5.908878464000054, 1834.225099999996019 ], [ -73.536832165999954, 5.908946627000034, 1839.248000000006869 ], [ -73.536898361999988, 5.908971588000043, 1840.690100000007078 ], [ -73.537019912999938, 5.909058471000037, 1840.700100000001839 ], [ -73.537141464999934, 5.909145353000042, 1841.610499999995227 ], [ -73.537261391999948, 5.909239184000057, 1843.610799999994924 ], [ -73.53734557699994, 5.909366510000041, 1844.275099999998929 ], [ -73.537429760999942, 5.909493835000035, 1846.071599999995669 ], [ -73.537454690999937, 5.909531540000046, 1846.067599999994854 ], [ -73.537548164999976, 5.909726640000031, 1843.829500000007101 ], [ -73.537641639999947, 5.909921740000073, 1843.205400000006193 ], [ -73.537704351999935, 5.910032741000066, 1843.6587 ], [ -73.537743599999942, 5.91025650000006, 1842.208799999993062 ], [ -73.5377, 5.910499999000024, 1839.526700000002165 ], [ -73.537628458999961, 5.910713268000052, 1835.220499999995809 ], [ -73.53755691799995, 5.910926537000023, 1831.413300000000163 ], [ -73.537435391999963, 5.911148788000048, 1827.941500000000815 ], [ -73.537313864999987, 5.911371039000073, 1826.385299999994459 ], [ -73.537192338999944, 5.911593289000052, 1822.876600000003236 ], [ -73.537070811999968, 5.911815540000021, 1819.643899999995483 ], [ -73.536980540999934, 5.912010360000068, 1818.48410000000149 ], [ -73.536890270999947, 5.912205180000058, 1816.457800000003772 ], [ -73.5368, 5.9124, 1811.642200000002049 ], [ -73.536688598999945, 5.912521525000045, 1806.817899999994552 ], [ -73.536577197999975, 5.912643050000042, 1801.875700000004144 ], [ -73.536441626999988, 5.912715692000063, 1798.556100000001607 ], [ -73.536306054999955, 5.912788333000037, 1795.489700000005541 ], [ -73.536166975999947, 5.912855178000029, 1793.200500000006286 ], [ -73.53602789599995, 5.912922022000032, 1791.2163 ], [ -73.535855897999966, 5.913024293000035, 1790.023700000005192 ], [ -73.535683898999935, 5.913126564000038, 1786.74210000000312 ], [ -73.535645066999962, 5.913156806000075, 1786.515499999994063 ], [ -73.535499088999984, 5.913270493000027, 1786.551600000006147 ], [ -73.53535310999996, 5.913384180000037, 1783.734700000000885 ], [ -73.535164832999953, 5.913463135000029, 1780.352599999998347 ], [ -73.534976554999957, 5.913542090000021, 1779.634099999995669 ], [ -73.534788277999951, 5.913621044000024, 1780.654299999994691 ], [ -73.5346, 5.913699999000073, 1780.345400000005611 ], [ -73.534428933999948, 5.913807514000041, 1781.038100000005215 ], [ -73.53440758499994, 5.913820931000032, 1781.013099999996484 ], [ -73.534257867999941, 5.913915030000055, 1779.886199999993551 ], [ -73.534086801999933, 5.914022545000023, 1782.021699999997509 ], [ -73.533889921999958, 5.914127911000037, 1784.766099999993457 ], [ -73.53370457699998, 5.914253922000057, 1785.855400000000373 ], [ -73.533519230999957, 5.914379933000021, 1785.369999999995343 ], [ -73.533388335999973, 5.914474885000061, 1782.0576 ], [ -73.533387875999949, 5.914475219000053, 1782.041899999996531 ], [ -73.533215002999953, 5.914600623000069, 1776.735799999994924 ], [ -73.533026188999941, 5.914746611000055, 1772.681800000005751 ], [ -73.532927594999933, 5.914822842000035, 1770.993499999996857 ], [ -73.532837373999939, 5.914892599000041, 1769.243400000006659 ], [ -73.532658295999966, 5.915073674000041, 1764.7612999999983 ], [ -73.532529088999979, 5.915236999000058, 1760.260099999999511 ], [ -73.532399882999982, 5.915400324000075, 1753.353799999997136 ], [ -73.532270675999939, 5.915563649000035, 1747.346999999994296 ], [ -73.532180450999988, 5.915809100000047, 1742.430500000002212 ], [ -73.532090224999934, 5.916054550000069, 1740.650099999998929 ], [ -73.532, 5.916300001000025, 1741.454800000006799 ], [ -73.531862701999955, 5.916528501000073, 1738.087700000003679 ], [ -73.531725403999985, 5.916757001000065, 1732.775200000003679 ], [ -73.531578761999981, 5.916886143000056, 1728.510500000003958 ], [ -73.531432119999977, 5.917015284000058, 1726.23519999999553 ], [ -73.531348026999979, 5.917100714000071, 1725.237599999993108 ], [ -73.531273200999976, 5.917231930000071, 1722.657200000001467 ], [ -73.531198374999974, 5.917363145000024, 1719.434699999997974 ], [ -73.53111927499998, 5.917598277000025, 1711.726299999994808 ], [ -73.531009637999944, 5.917799139000067, 1709.489100000006147 ], [ -73.5309, 5.918, 1708.158500000005006 ], [ -73.530734266999957, 5.918175533000067, 1707.029800000003888 ], [ -73.530568532999951, 5.91835106700006, 1704.147200000006706 ], [ -73.530402799999933, 5.918526600000064, 1703.215299999996205 ], [ -73.53030549999994, 5.918747400000029, 1703.374299999995856 ], [ -73.530292695999947, 5.918950259000042, 1702.623099999997066 ], [ -73.53026179699998, 5.919133506000037, 1702.273499999995693 ], [ -73.530230898999946, 5.919316754000022, 1701.450800000005984 ], [ -73.5302, 5.919500001000074, 1700.032600000005914 ], [ -73.530183468999951, 5.919516220000048, 1699.964200000002165 ], [ -73.530115, 5.919583400000022, 1697.982799999997951 ], [ -73.530049599999984, 5.919607400000075, 1696.576799999995274 ], [ -73.529824399999939, 5.919556100000023, 1694.502999999996973 ], [ -73.529737017999935, 5.919602636000036, 1692.909499999994296 ], [ -73.529596341999934, 5.91977319800003, 1690.628800000005867 ], [ -73.529455664999944, 5.919943760000024, 1688.544899999993504 ], [ -73.529277832999981, 5.920121880000067, 1687.393599999995786 ], [ -73.5291, 5.9203, 1685.779699999999139 ], [ -73.528976510999939, 5.920444017000023, 1684.095799999995506 ], [ -73.528853020999975, 5.920588034000048, 1682.687699999994948 ], [ -73.528729531999943, 5.920732051000073, 1681.063099999999395 ], [ -73.528580102999967, 5.920947826000031, 1680.792400000005728 ], [ -73.528430672999946, 5.921163601000046, 1681.577499999999418 ], [ -73.52827300499996, 5.921297701000071, 1680.241299999994226 ], [ -73.528115336999974, 5.92143180100004, 1678.291899999996531 ], [ -73.527957667999942, 5.921565901000065, 1676.251399999993737 ], [ -73.5278, 5.921700001000033, 1673.985000000000582 ], [ -73.527629505999982, 5.921850071000051, 1675.3012000000017 ], [ -73.527459010999962, 5.922000142000059, 1677.664300000004005 ], [ -73.527288516999988, 5.922150212000076, 1674.662800000005518 ], [ -73.527169794999963, 5.922231111000031, 1672.6394 ], [ -73.527080499999954, 5.922331700000029, 1670.734599999996135 ], [ -73.527008699999953, 5.922437100000025, 1669.939199999993434 ], [ -73.527045499999986, 5.922564500000021, 1672.84440000000177 ], [ -73.527214713999967, 5.922678119000068, 1676.22609999999986 ], [ -73.527290813999969, 5.922761519000062, 1676.452399999994668 ], [ -73.527308371999936, 5.922858752000025, 1676.49199999999837 ], [ -73.527201917999946, 5.923016333000021, 1676.824900000006892 ], [ -73.527049989999966, 5.923150589000045, 1679.276400000002468 ], [ -73.52689806099994, 5.923284844000023, 1683.372600000002421 ], [ -73.526671830999987, 5.923416093000071, 1684.139699999999721 ], [ -73.526555893999955, 5.923498174000031, 1683.138300000005984 ], [ -73.526541799999961, 5.923620300000039, 1684.081399999995483 ], [ -73.526589505999937, 5.923822887000028, 1685.567500000004657 ], [ -73.526620802999958, 5.92398924400004, 1684.525099999998929 ], [ -73.526652099999978, 5.924155600000063, 1683.228400000007241 ], [ -73.526627065999946, 5.924413780000066, 1686.169599999993807 ], [ -73.526513532999957, 5.924556890000076, 1688.172000000005937 ], [ -73.5264, 5.92469999900004, 1690.209000000002561 ], [ -73.526373604999947, 5.924735559000055, 1690.857699999993201 ], [ -73.526286479999953, 5.924852932000022, 1692.856799999994109 ], [ -73.52617295899995, 5.92500586500006, 1694.555699999997159 ], [ -73.526081512999951, 5.925161378000041, 1696.049100000003818 ], [ -73.525990067999942, 5.925316891000023, 1693.789300000004005 ], [ -73.525986416999956, 5.92532310100006, 1693.701600000000326 ], [ -73.525904026999967, 5.925463213000057, 1692.376600000003236 ], [ -73.525781712999958, 5.925638743000036, 1693.3237999999983 ], [ -73.525659399999938, 5.925814272000025, 1695.228000000002794 ], [ -73.525573464999979, 5.92593759600004, 1697.091700000004494 ], [ -73.525537085999986, 5.925989802000061, 1697.900999999998021 ], [ -73.5254, 5.926200001000041, 1697.588300000003073 ], [ -73.525381903999971, 5.926207603000023, 1697.271999999997206 ], [ -73.525199738999959, 5.92628413500006, 1694.103300000002491 ], [ -73.525017572999957, 5.926360666000051, 1690.199099999997998 ], [ -73.524855036999952, 5.926427033000039, 1686.884999999994761 ], [ -73.524692499999958, 5.926493400000027, 1683.340200000006007 ], [ -73.524497799999949, 5.926457300000038, 1677.375199999994948 ], [ -73.524278017999961, 5.926615216000073, 1669.829500000007101 ], [ -73.52412875999994, 5.926736253000058, 1666.006500000003143 ], [ -73.524014379999983, 5.926818126000057, 1663.31600000000617 ], [ -73.5239, 5.926899999000057, 1659.460900000005495 ], [ -73.523787199999958, 5.92695580000003, 1653.380099999994854 ], [ -73.523676, 5.926991800000053, 1647.870299999995041 ], [ -73.523586299999977, 5.927063600000054, 1644.788199999995413 ], [ -73.523538285999962, 5.927117017000057, 1643.453899999993155 ], [ -73.52347489999994, 5.92722770000006, 1643.202499999999418 ], [ -73.523322959999973, 5.92744762500007, 1643.97280000000319 ], [ -73.523212929999943, 5.927550713000073, 1642.825800000005984 ], [ -73.523102899999969, 5.92765380000003, 1642.840599999995902 ], [ -73.522999976999984, 5.927777355000046, 1640.750199999994948 ], [ -73.522921750999956, 5.927903565000065, 1639.47620000000461 ], [ -73.522843524999985, 5.928029775000027, 1635.355500000005122 ], [ -73.5228, 5.92809999900004, 1633.354900000005728 ], [ -73.522771776999946, 5.928140805000055, 1632.302599999995437 ], [ -73.522770947999959, 5.928142003000062, 1632.272599999996601 ], [ -73.522760734999963, 5.928156769000054, 1631.907900000005611 ], [ -73.522722411999951, 5.928212177000034, 1630.504400000005262 ], [ -73.522701135999966, 5.928242939000029, 1629.585000000006403 ], [ -73.522605455999951, 5.928381275000049, 1625.010500000003958 ], [ -73.522570557999984, 5.928431732000035, 1623.162800000005518 ], [ -73.522540914999979, 5.928474590000064, 1622.010699999998906 ], [ -73.522482046999983, 5.928574716000071, 1621.365699999994831 ], [ -73.522455457999968, 5.928619940000033, 1621.17939999999362 ], [ -73.522439574999964, 5.928646954000044, 1621.099400000006426 ], [ -73.522432526999978, 5.928658941000037, 1621.071299999995972 ], [ -73.522341548999975, 5.928854544000046, 1621.497199999997974 ], [ -73.522273250999945, 5.928980307000074, 1622.336100000000442 ], [ -73.522204951999981, 5.929106070000046, 1625.143700000000536 ], [ -73.522102475999986, 5.929303035000032, 1630.224300000001676 ], [ -73.522, 5.9295, 1634.615399999995134 ], [ -73.521919785999955, 5.92963024900007, 1636.431800000005751 ], [ -73.521839570999987, 5.929760498000064, 1637.199800000002142 ], [ -73.52174557799998, 5.929903043000024, 1637.128800000005867 ], [ -73.521651584999972, 5.930045587000052, 1635.89770000000135 ], [ -73.521575792999954, 5.930172793000054, 1635.35910000000149 ], [ -73.5215, 5.930299999000056, 1635.169200000003912 ], [ -73.521330300999978, 5.930468580000024, 1633.841499999994994 ], [ -73.521243151999954, 5.930615398000043, 1632.216799999994691 ], [ -73.521183814999972, 5.930715360000022, 1631.07050000000163 ], [ -73.521156001999941, 5.930762216000062, 1630.714500000001863 ], [ -73.521102656999972, 5.930887657000028, 1629.809299999993527 ], [ -73.521049311999946, 5.931013097000061, 1629.267500000001746 ], [ -73.52100633699996, 5.931117398000026, 1629.065600000001723 ], [ -73.520925793999936, 5.931298361000074, 1629.281199999997625 ], [ -73.520838701999935, 5.931494040000075, 1628.729099999996834 ], [ -73.520772789999967, 5.931697332000056, 1628.207399999999325 ], [ -73.520706877999942, 5.931900623000047, 1628.036099999997532 ], [ -73.520653438999943, 5.932100312000046, 1627.801600000006147 ], [ -73.5206, 5.9323, 1627.711100000000442 ], [ -73.520528852999973, 5.932406721000063, 1627.97259999999369 ], [ -73.520518419999974, 5.93242237100003, 1628.010999999998603 ], [ -73.520482975999983, 5.932475537000073, 1628.141300000002957 ], [ -73.5204, 5.932600001000026, 1628.199399999997695 ], [ -73.520393245999969, 5.932688875000053, 1627.343599999992875 ], [ -73.520390085999964, 5.932730451000054, 1626.964300000006915 ], [ -73.520357870999987, 5.932820774000049, 1626.778099999995902 ] ] ] } },
{ "type": "Feature", "properties": { "GASODUCTO": "BOYACA - SANTANDER", "TRAMO": "Vélez", "TP_DUCTO": "Ramal", "DISTRITO": "5", "DIAMETRO": "2", "TRM_REG": "GASODUCTO RAMALES BOYACA - SANTANDER", "ZONA": "3", "PK_INICIO": "000+000", "PK_FIN": "009+814", "LONGITUD": 9.6948154472758592, "ESTADO": "ESTRUCTURACIÓN", "SERVICIO": "NUEVAS TECNOLOGÍAS" }, "geometry": { "type": "MultiLineString", "coordinates": [ [ [ -73.587375215999941, 6.003166485000065, 0.0 ], [ -73.587584958999969, 6.003249573000062, 0.0 ], [ -73.58779470199994, 6.003332660000069, 0.0 ], [ -73.5879, 6.0034, 0.0 ], [ -73.587995620999948, 6.003540429000054, 0.0 ], [ -73.588091242999951, 6.003680858000052, 0.0 ], [ -73.588093528999934, 6.003681553000035, 0.0 ], [ -73.588177990999952, 6.003718495000044, 0.0 ], [ -73.588205034999987, 6.003737191000027, 0.0 ], [ -73.588328676999936, 6.003783049000049, 0.0 ], [ -73.588478537999947, 6.003846927000041, 0.0 ], [ -73.588653534999935, 6.00394347200006, 0.0 ], [ -73.58876338999994, 6.004034665000063, 0.0 ], [ -73.588873245999935, 6.004125857000076, 0.0 ], [ -73.588986622999983, 6.004262929000049, 0.0 ], [ -73.589100000999963, 6.0044, 0.0 ], [ -73.58925607499998, 6.004609362000053, 0.0 ], [ -73.589412148999941, 6.004818724000074, 0.0 ], [ -73.589514042999951, 6.004994894000049, 0.0 ], [ -73.589579888999936, 6.005114309000021, 0.0 ], [ -73.589645734999976, 6.00523372400005, 0.0 ], [ -73.589769104999959, 6.005411626000068, 0.0 ], [ -73.589892474999942, 6.005589527000041, 0.0 ], [ -73.589993609999965, 6.005687573000046, 0.0 ], [ -73.590118174999986, 6.005787670000075, 0.0 ], [ -73.590259086999936, 6.005893835000052, 0.0 ], [ -73.5904, 6.005999999000039, 0.0 ], [ -73.590544597999951, 6.006107101000055, 0.0 ], [ -73.590689195999971, 6.006214202000024, 0.0 ], [ -73.590844548999939, 6.00634304600004, 0.0 ], [ -73.590999902999954, 6.006471890000057, 0.0 ], [ -73.59114397999997, 6.006602628000053, 0.0 ], [ -73.591288056999986, 6.006733365000059, 0.0 ], [ -73.591373909999959, 6.006853231000036, 0.0 ], [ -73.591459763999978, 6.006973097000071, 0.0 ], [ -73.59157317599994, 6.007182065000052, 0.0 ], [ -73.591686587999959, 6.007391032000044, 0.0 ], [ -73.5918, 6.0076, 0.0 ], [ -73.591960595999979, 6.00780560000004, 0.0 ], [ -73.592121191999979, 6.008011200000055, 0.0 ], [ -73.592328471999963, 6.008119936000071, 0.0 ], [ -73.592535751999947, 6.00822867200003, 0.0 ], [ -73.592729456999962, 6.008297164000055, 0.0 ], [ -73.592923161999977, 6.008365656000024, 0.0 ], [ -73.593161580999947, 6.008482828000069, 0.0 ], [ -73.5934, 6.0086, 0.0 ], [ -73.593568352999966, 6.008709064000072, 0.0 ], [ -73.593736706999948, 6.00881812800003, 0.0 ], [ -73.593918352999935, 6.008909064000022, 0.0 ], [ -73.5941, 6.009, 0.0 ], [ -73.59412191399997, 6.009004850000053, 0.0 ], [ -73.594285154999966, 6.009040983000034, 0.0 ], [ -73.594448396999951, 6.009077115000025, 0.0 ], [ -73.594699429999935, 6.009171104000075, 0.0 ], [ -73.594950462999975, 6.009265092000021, 0.0 ], [ -73.595075230999953, 6.009332547000042, 0.0 ], [ -73.5952, 6.009400001000074, 0.0 ], [ -73.595294141999943, 6.009497920000058, 0.0 ], [ -73.595388283999966, 6.009595838000052, 0.0 ], [ -73.595494169999938, 6.009683878000033, 0.0 ], [ -73.595600055999967, 6.009771918000069, 0.0 ], [ -73.595721408999964, 6.009862337000072, 0.0 ], [ -73.595884658999978, 6.009919255000057, 0.0 ], [ -73.596101476999934, 6.009783841000058, 0.0 ], [ -73.596318294999946, 6.009648426000069, 0.0 ], [ -73.596486510999966, 6.009581805000039, 0.0 ], [ -73.596654727999976, 6.009515185000055, 0.0 ], [ -73.596822943999939, 6.009448564000024, 0.0 ], [ -73.597011471999963, 6.009374282000067, 0.0 ], [ -73.5972, 6.009299999000064, 0.0 ], [ -73.597427253999967, 6.009346610000023, 0.0 ], [ -73.597683961999962, 6.00930433700006, 0.0 ], [ -73.597858712999937, 6.009165408000058, 0.0 ], [ -73.597957141999984, 6.008961246000069, 0.0 ], [ -73.598189067999954, 6.008882793000055, 0.0 ], [ -73.59842099399998, 6.00880434000004, 0.0 ], [ -73.59865291999995, 6.008725887000026, 0.0 ], [ -73.598851243999945, 6.008637719000035, 0.0 ], [ -73.599049568999988, 6.008549552000034, 0.0 ], [ -73.599247892999983, 6.008461384000043, 0.0 ], [ -73.599401555999975, 6.008415654000032, 0.0 ], [ -73.599555217999978, 6.008369923000032, 0.0 ], [ -73.599727608999956, 6.008334962000049, 0.0 ], [ -73.5999, 6.008300001000066, 0.0 ], [ -73.599976254999945, 6.008300001000066, 0.0 ], [ -73.6, 6.008300001000066, 0.0 ], [ -73.600198493999983, 6.008346076000066, 0.0 ], [ -73.600382102999959, 6.008450061000076, 0.0 ], [ -73.600565710999945, 6.008554045000039, 0.0 ], [ -73.600749319999977, 6.008658030000049, 0.0 ], [ -73.600874659999988, 6.008729015000029, 0.0 ], [ -73.601, 6.0088, 0.0 ], [ -73.601123482999981, 6.008887344000073, 0.0 ], [ -73.601246966999952, 6.008974687000034, 0.0 ], [ -73.601428563999946, 6.009082215000035, 0.0 ], [ -73.601610161999986, 6.009189742000046, 0.0 ], [ -73.601780893999944, 6.009378840000068, 0.0 ], [ -73.6018, 6.009400001000074, 0.0 ], [ -73.601879598999972, 6.009584849000021, 0.0 ], [ -73.601959198999964, 6.009769697000024, 0.0 ], [ -73.602038797999967, 6.009954545000028, 0.0 ], [ -73.602092531999972, 6.010136364000061, 0.0 ], [ -73.602146265999977, 6.010318182000049, 0.0 ], [ -73.6022, 6.010500001000025, 0.0 ], [ -73.602290110999945, 6.010744284000054, 0.0 ], [ -73.602380222999955, 6.010988567000027, 0.0 ], [ -73.60251952599998, 6.011134190000064, 0.0 ], [ -73.602658829999939, 6.011279812000055, 0.0 ], [ -73.602779414999986, 6.011489907000055, 0.0 ], [ -73.6029, 6.011700001000065, 0.0 ], [ -73.602990639999973, 6.011844038000049, 0.0 ], [ -73.603039214999967, 6.01203349900004, 0.0 ], [ -73.603087789999961, 6.012222960000031, 0.0 ], [ -73.603147312999965, 6.012317754000037, 0.0 ], [ -73.603281211999956, 6.012402943000041, 0.0 ], [ -73.603415111999936, 6.012488131000055, 0.0 ], [ -73.603436329999965, 6.012501630000031, 0.0 ], [ -73.603606536999962, 6.012543626000024, 0.0 ], [ -73.603776743999958, 6.012585622000074, 0.0 ], [ -73.603988371999947, 6.012592811000047, 0.0 ], [ -73.6042, 6.012599999000031, 0.0 ], [ -73.604311891999942, 6.012576499000033, 0.0 ], [ -73.604544435999969, 6.012527658000067, 0.0 ], [ -73.604749943999934, 6.012484495000024, 0.0 ], [ -73.604932376999955, 6.012451657000042, 0.0 ], [ -73.605114809999975, 6.012418819000061, 0.0 ], [ -73.605166349999934, 6.012409542000057, 0.0 ], [ -73.605349568999941, 6.012363738000033, 0.0 ], [ -73.605532786999959, 6.012317933000077, 0.0 ], [ -73.605686856999966, 6.012284621000049, 0.0 ], [ -73.605840926999974, 6.012251308000032, 0.0 ], [ -73.606020463999982, 6.012225654000076, 0.0 ], [ -73.6062, 6.0122, 0.0 ], [ -73.606407225999988, 6.012126144000035, 0.0 ], [ -73.606614452999963, 6.012052289000053, 0.0 ], [ -73.60682167899995, 6.011978433000024, 0.0 ], [ -73.607086900999946, 6.012017789000026, 0.0 ], [ -73.607352122999941, 6.012057144000039, 0.0 ], [ -73.607534814999951, 6.012122327000043, 0.0 ], [ -73.607717506999961, 6.012187511000036, 0.0 ], [ -73.607900198999971, 6.01225269400004, 0.0 ], [ -73.607998489999943, 6.012379058000022, 0.0 ], [ -73.608096781999961, 6.012505422000061, 0.0 ], [ -73.608109787999979, 6.012564799000074, 0.0 ], [ -73.608158353999954, 6.012786517000052, 0.0 ], [ -73.608197917999973, 6.012967017000051, 0.0 ], [ -73.608237481999936, 6.01314751700005, 0.0 ], [ -73.608277045999955, 6.013328017000049, 0.0 ], [ -73.608335924999949, 6.013529902000073, 0.0 ], [ -73.608394803999943, 6.01373178700004, 0.0 ], [ -73.608453682999937, 6.013933672000064, 0.0 ], [ -73.60850245499995, 6.014122448000023, 0.0 ], [ -73.608551227999953, 6.014311224000039, 0.0 ], [ -73.6086, 6.0145, 0.0 ], [ -73.608612773999937, 6.014744729000029, 0.0 ], [ -73.608625547999964, 6.014989458000059, 0.0 ], [ -73.608734707999986, 6.015213837000033, 0.0 ], [ -73.608843868999941, 6.015438215000074, 0.0 ], [ -73.608884015999934, 6.01546533100003, 0.0 ], [ -73.608905395999955, 6.015479772000049, 0.0 ], [ -73.609104563999949, 6.015614295000034, 0.0 ], [ -73.609199159999946, 6.015634797000075, 0.0 ], [ -73.609204919999968, 6.015636046000054, 0.0 ], [ -73.609245284999986, 6.015644794000025, 0.0 ], [ -73.6095, 6.015699999000049, 0.0 ], [ -73.609656854999969, 6.015732642000046, 0.0 ], [ -73.609813710999958, 6.015765284000054, 0.0 ], [ -73.609839410999939, 6.015770632000056, 0.0 ], [ -73.610009116999947, 6.015805949000026, 0.0 ], [ -73.61018674099995, 6.015860740000051, 0.0 ], [ -73.610364365999942, 6.015915530000029, 0.0 ], [ -73.610541989999945, 6.015970321000054, 0.0 ], [ -73.610546011999986, 6.015971561000072, 0.0 ], [ -73.610597718999941, 6.015987511000048, 0.0 ], [ -73.610727120999968, 6.016054650000058, 0.0 ], [ -73.610772071999975, 6.016077972000062, 0.0 ], [ -73.61077686699997, 6.016080460000069, 0.0 ], [ -73.610842554999977, 6.016114542000025, 0.0 ], [ -73.611021276999963, 6.016207271000042, 0.0 ], [ -73.6112, 6.0163, 0.0 ], [ -73.611318958999959, 6.016439547000061, 0.0 ], [ -73.611437917999979, 6.016579093000075, 0.0 ], [ -73.611556876999941, 6.016718640000022, 0.0 ], [ -73.611581769999987, 6.016873782000062, 0.0 ], [ -73.611606663999964, 6.017028924000044, 0.0 ], [ -73.611671108999985, 6.017219283000031, 0.0 ], [ -73.611735554999939, 6.017409641000029, 0.0 ], [ -73.6118, 6.0176, 0.0 ], [ -73.611863380999978, 6.017732616000046, 0.0 ], [ -73.611974516999965, 6.017911247000029, 0.0 ], [ -73.612095227999987, 6.018105267000067, 0.0 ], [ -73.612158990999944, 6.01814461400005, 0.0 ], [ -73.612256072999969, 6.018151277000072, 0.0 ], [ -73.612379804999989, 6.018125579000071, 0.0 ], [ -73.6125, 6.01810000100005, 0.0 ], [ -73.612546813999984, 6.018090157000074, 0.0 ], [ -73.612591100999964, 6.018080845000043, 0.0 ], [ -73.612685411999962, 6.018053519000034, 0.0 ], [ -73.612809059999961, 6.018022786000074, 0.0 ], [ -73.612857600999973, 6.017994232000035, 0.0 ], [ -73.612885677999941, 6.017952354000045, 0.0 ], [ -73.612905843999954, 6.017710185000055, 0.0 ], [ -73.612926009999967, 6.017468015000077, 0.0 ], [ -73.612931125999978, 6.017389641000022, 0.0 ], [ -73.612962772999936, 6.017325604000064, 0.0 ], [ -73.613007662999962, 6.017297272000064, 0.0 ], [ -73.613143969999953, 6.017301727000074, 0.0 ], [ -73.613377520999961, 6.01730936000007, 0.0 ], [ -73.61361107099998, 6.017316993000065, 0.0 ], [ -73.613844621999988, 6.017324626000061, 0.0 ], [ -73.6141, 6.0173, 0.0 ], [ -73.614336423999987, 6.017281841000056, 0.0 ], [ -73.614572846999977, 6.017263681000031, 0.0 ], [ -73.614714056999958, 6.017250686000068, 0.0 ], [ -73.61485526599995, 6.017237690000059, 0.0 ], [ -73.615116336999961, 6.017213428000048, 0.0 ], [ -73.615270376999945, 6.01720126400005, 0.0 ], [ -73.615424416999986, 6.017189099000063, 0.0 ], [ -73.615662208999936, 6.017144550000069, 0.0 ], [ -73.6159, 6.017100001000074, 0.0 ], [ -73.616108228999963, 6.017074592000029, 0.0 ], [ -73.616316456999982, 6.017049182000051, 0.0 ], [ -73.616478540999935, 6.017003024000076, 0.0 ], [ -73.616647806999936, 6.016900729000042, 0.0 ], [ -73.616817071999947, 6.016798434000066, 0.0 ], [ -73.616986337999947, 6.016696139000032, 0.0 ], [ -73.617112827999961, 6.016636033000054, 0.0 ], [ -73.617239316999985, 6.016575927000076, 0.0 ], [ -73.61741965899995, 6.016487964000021, 0.0 ], [ -73.6176, 6.0164, 0.0 ], [ -73.617761774999963, 6.016325431000041, 0.0 ], [ -73.617923549999944, 6.01625086100006, 0.0 ], [ -73.618054244999939, 6.016132210000023, 0.0 ], [ -73.618184939999935, 6.016013558000054, 0.0 ], [ -73.618292469999972, 6.015806779000059, 0.0 ], [ -73.6184, 6.015599999000074, 0.0 ], [ -73.618524130999958, 6.015381360000049, 0.0 ], [ -73.618648261999965, 6.015162721000024, 0.0 ], [ -73.618772391999983, 6.014944081000067, 0.0 ], [ -73.618896522999989, 6.014725442000042, 0.0 ], [ -73.618997391999983, 6.014544082000043, 0.0 ], [ -73.619098261999966, 6.014362721000055, 0.0 ], [ -73.619199130999959, 6.014181361000055, 0.0 ], [ -73.6193, 6.014, 0.0 ], [ -73.61932072999997, 6.013971955000045, 0.0 ], [ -73.619428821999975, 6.013825721000046, 0.0 ], [ -73.619536912999934, 6.013679487000047, 0.0 ], [ -73.619679406999978, 6.013467328000047, 0.0 ], [ -73.619821900999966, 6.013255169000047, 0.0 ], [ -73.619887549999987, 6.013066326000057, 0.0 ], [ -73.619953197999962, 6.012877482000022, 0.0 ], [ -73.620004084999948, 6.012731101000043, 0.0 ], [ -73.620000256999958, 6.012571217000072, 0.0 ], [ -73.619996427999979, 6.012411333000045, 0.0 ], [ -73.620110413999953, 6.012338407000072, 0.0 ], [ -73.620271138999954, 6.012324082000021, 0.0 ], [ -73.620484777999934, 6.012329234000049, 0.0 ], [ -73.620661427999949, 6.012374234000049, 0.0 ], [ -73.620764727999983, 6.012390634000042, 0.0 ], [ -73.620818127999939, 6.012389134000045, 0.0 ], [ -73.620915027999956, 6.012347134000038, 0.0 ], [ -73.621033727999986, 6.012190334000024, 0.0 ], [ -73.621096528999942, 6.012186808000024, 0.0 ], [ -73.621297627999979, 6.012251534000029, 0.0 ], [ -73.621497342999987, 6.012340481000024, 0.0 ], [ -73.621697057999938, 6.012429427000029, 0.0 ], [ -73.621818830999985, 6.012656628000059, 0.0 ], [ -73.621940602999985, 6.012883829000032, 0.0 ], [ -73.622062375999974, 6.013111030000061, 0.0 ], [ -73.622184148999963, 6.013338231000034, 0.0 ], [ -73.622346740999944, 6.013511270000038, 0.0 ], [ -73.622509333999972, 6.013684308000052, 0.0 ], [ -73.622675765999986, 6.013833924000039, 0.0 ], [ -73.622842198999933, 6.013983539000037, 0.0 ], [ -73.623008630999948, 6.014133155000025, 0.0 ], [ -73.623100000999955, 6.0142, 0.0 ], [ -73.623284087999934, 6.014308812000024, 0.0 ], [ -73.62346817599996, 6.014417624000032, 0.0 ], [ -73.62365226299994, 6.01452643600004, 0.0 ], [ -73.623868174999984, 6.014617624000039, 0.0 ], [ -73.624084087999961, 6.014708811000048, 0.0 ], [ -73.6243, 6.014799999000047, 0.0 ], [ -73.624497661999953, 6.014868487000058, 0.0 ], [ -73.624695323999958, 6.014936975000069, 0.0 ], [ -73.624892985999963, 6.015005462000033, 0.0 ], [ -73.625090647999968, 6.015073950000044, 0.0 ], [ -73.625327098999946, 6.015115967000042, 0.0 ], [ -73.625563548999935, 6.015157983000051, 0.0 ], [ -73.6258, 6.0152, 0.0 ], [ -73.625852952999935, 6.015209551000055, 0.0 ], [ -73.626058565999983, 6.015246637000075, 0.0 ], [ -73.626264179999964, 6.015283723000039, 0.0 ], [ -73.626469792999956, 6.01532080800007, 0.0 ], [ -73.626675406999937, 6.015357894000033, 0.0 ], [ -73.626925637999989, 6.015421540000034, 0.0 ], [ -73.627175868999984, 6.015485187000024, 0.0 ], [ -73.62742609999998, 6.015548833000025, 0.0 ], [ -73.627637711999967, 6.015603447000046, 0.0 ], [ -73.627849322999964, 6.015658060000021, 0.0 ], [ -73.628060934999951, 6.015712674000042, 0.0 ], [ -73.62820450199996, 6.01557624700007, 0.0 ], [ -73.628348069999959, 6.015439819000051, 0.0 ], [ -73.628491636999968, 6.015303392000021, 0.0 ], [ -73.628640474999941, 6.015169370000024, 0.0 ], [ -73.62878931299997, 6.015035348000026, 0.0 ], [ -73.628968282999949, 6.014866373000075, 0.0 ], [ -73.629147252999985, 6.014697399000056, 0.0 ], [ -73.629326221999975, 6.014528424000048, 0.0 ], [ -73.629505191999954, 6.01435944900004, 0.0 ], [ -73.629695882999954, 6.014172939000048, 0.0 ], [ -73.629886572999965, 6.013986429000056, 0.0 ], [ -73.630077263999965, 6.013799919000064, 0.0 ], [ -73.630218175999971, 6.013633279000032, 0.0 ], [ -73.630359087999977, 6.013466640000047, 0.0 ], [ -73.6305, 6.0133, 0.0 ], [ -73.630586979999975, 6.01321302100007, 0.0 ], [ -73.630595307999954, 6.013204692000045, 0.0 ], [ -73.630679362999956, 6.013120637000043, 0.0 ], [ -73.630789681999943, 6.013010319000045, 0.0 ], [ -73.6309, 6.012900001000048, 0.0 ], [ -73.631028664999974, 6.012749893000034, 0.0 ], [ -73.631157328999961, 6.012599784000031, 0.0 ], [ -73.631161359999965, 6.012595081000029, 0.0 ], [ -73.631282402999943, 6.012453864000065, 0.0 ], [ -73.631403444999989, 6.012312647000044, 0.0 ], [ -73.6315, 6.0122, 0.0 ], [ -73.631677902999968, 6.012090171000068, 0.0 ], [ -73.631798691999961, 6.012015602000076, 0.0 ], [ -73.631919479999965, 6.011941033000028, 0.0 ], [ -73.632082738999941, 6.011826507000023, 0.0 ], [ -73.632245997999973, 6.011711981000076, 0.0 ], [ -73.632409256999949, 6.011597455000071, 0.0 ], [ -73.632600545999935, 6.011470806000034, 0.0 ], [ -73.632791833999988, 6.011344158000043, 0.0 ], [ -73.632983122999974, 6.011217509000062, 0.0 ], [ -73.633, 6.0112, 0.0 ], [ -73.633162813999945, 6.011098536000077, 0.0 ], [ -73.63334307599996, 6.010947648000069, 0.0 ], [ -73.6334, 6.0109, 0.0 ], [ -73.633575314999973, 6.010838851000074, 0.0 ], [ -73.633750628999962, 6.010777702000041, 0.0 ], [ -73.633982461999949, 6.010768920000032, 0.0 ], [ -73.634214295999982, 6.01076013900007, 0.0 ], [ -73.634446128999969, 6.010751357000061, 0.0 ], [ -73.634651459999986, 6.010768134000045, 0.0 ], [ -73.634856789999958, 6.010784912000076, 0.0 ], [ -73.635062120999976, 6.010801689000061, 0.0 ], [ -73.635245204999933, 6.010842745000048, 0.0 ], [ -73.635428287999957, 6.010883801000034, 0.0 ], [ -73.635611371999971, 6.01092485700002, 0.0 ], [ -73.63575541299997, 6.01093514300004, 0.0 ], [ -73.635899453999969, 6.01094542800007, 0.0 ], [ -73.636166095999954, 6.010961489000067, 0.0 ], [ -73.636422974999959, 6.010904199000038, 0.0 ], [ -73.636540868999987, 6.010877906000076, 0.0 ], [ -73.636677909999946, 6.010847343000023, 0.0 ], [ -73.636942604999945, 6.010800488000029, 0.0 ], [ -73.637122861999956, 6.010768580000047, 0.0 ], [ -73.63717954599997, 6.010758546000034, 0.0 ], [ -73.637333812999941, 6.01072163200007, 0.0 ], [ -73.637398354999959, 6.010706188000029, 0.0 ], [ -73.63745137799998, 6.010695732000045, 0.0 ], [ -73.637516454999968, 6.010682899000074, 0.0 ], [ -73.637755187999971, 6.01063582200004, 0.0 ], [ -73.637993919999985, 6.010588744000074, 0.0 ], [ -73.638206459999935, 6.010485416000051, 0.0 ], [ -73.638287933999948, 6.010445807000053, 0.0 ], [ -73.638443966999944, 6.010372903000075, 0.0 ], [ -73.6386, 6.01029999900004, 0.0 ], [ -73.638730685999974, 6.010297559000037, 0.0 ], [ -73.63880448499998, 6.010272573000066, 0.0 ], [ -73.639026223999963, 6.010171161000073, 0.0 ], [ -73.639247963999935, 6.010069750000071, 0.0 ], [ -73.639469702999975, 6.009968338000022, 0.0 ], [ -73.639679801999989, 6.009878892000074, 0.0 ], [ -73.639889901999936, 6.00978944600007, 0.0 ], [ -73.640100000999951, 6.0097, 0.0 ], [ -73.640319680999937, 6.009633421000046, 0.0 ], [ -73.640539360999981, 6.009566843000073, 0.0 ], [ -73.640759039999978, 6.009500264000053, 0.0 ], [ -73.640978719999964, 6.009433685000033, 0.0 ], [ -73.641219146999958, 6.009455790000061, 0.0 ], [ -73.641459572999963, 6.009477896000021, 0.0 ], [ -73.6417, 6.009500001000049, 0.0 ], [ -73.641741830999933, 6.009502359000066, 0.0 ], [ -73.64194557899998, 6.009513842000047, 0.0 ], [ -73.64214932699997, 6.009525325000027, 0.0 ], [ -73.642353075999949, 6.009536807000075, 0.0 ], [ -73.642556823999939, 6.009548290000055, 0.0 ], [ -73.642743137999958, 6.009559950000039, 0.0 ], [ -73.642929450999986, 6.009571609000034, 0.0 ], [ -73.643115764999948, 6.009583269000075, 0.0 ], [ -73.643372572999965, 6.009596593000026, 0.0 ], [ -73.643629380999982, 6.009609918000024, 0.0 ], [ -73.643886188999943, 6.009623242000032, 0.0 ], [ -73.644106964999935, 6.009638231000054, 0.0 ], [ -73.644327739999937, 6.009653221000065, 0.0 ], [ -73.644548515999986, 6.009668210000029, 0.0 ], [ -73.644799010999975, 6.009678807000057, 0.0 ], [ -73.645049504999974, 6.009689403000039, 0.0 ], [ -73.6453, 6.0097, 0.0 ], [ -73.645539695999958, 6.009723136000048, 0.0 ], [ -73.645779391999952, 6.00974627100004, 0.0 ], [ -73.646019087999946, 6.009769407000022, 0.0 ], [ -73.646096442999976, 6.009780875000047, 0.0 ], [ -73.646323682999935, 6.00981456300002, 0.0 ], [ -73.646550923999939, 6.009848250000061, 0.0 ], [ -73.646710760999952, 6.009871946000032, 0.0 ], [ -73.646796155999937, 6.009884605000025, 0.0 ], [ -73.646876105999979, 6.009896458000071, 0.0 ], [ -73.646877796999945, 6.009896708000042, 0.0 ], [ -73.646879110999976, 6.009896903000026, 0.0 ], [ -73.6469, 6.0099, 0.0 ], [ -73.647041980999973, 6.009931032000054, 0.0 ], [ -73.647183961999986, 6.009962064000035, 0.0 ], [ -73.647371032999956, 6.010002952000036, 0.0 ], [ -73.647422020999954, 6.01001409600002, 0.0 ], [ -73.647611967999978, 6.010067010000057, 0.0 ], [ -73.647801915999935, 6.010119924000037, 0.0 ], [ -73.647991862999959, 6.010172838000074, 0.0 ], [ -73.648196807999966, 6.010245439000073, 0.0 ], [ -73.648401751999984, 6.010318041000062, 0.0 ], [ -73.648606696999934, 6.010390642000061, 0.0 ], [ -73.648846294999942, 6.010457577000068, 0.0 ], [ -73.64908589199996, 6.010524512000075, 0.0 ], [ -73.649325489999967, 6.010591447000024, 0.0 ], [ -73.649564356999974, 6.010693157000048, 0.0 ], [ -73.649803223999982, 6.010794866000026, 0.0 ], [ -73.650002148999988, 6.01089657700004, 0.0 ], [ -73.650201074999984, 6.010998289000042, 0.0 ], [ -73.6504, 6.0111, 0.0 ], [ -73.650444122999943, 6.011127014000067, 0.0 ], [ -73.650571256999967, 6.011204851000059, 0.0 ], [ -73.650698390999935, 6.011282687000062, 0.0 ], [ -73.650908972999957, 6.011382624000021, 0.0 ], [ -73.651121036999939, 6.011424181000052, 0.0 ], [ -73.651333242999954, 6.011341644000026, 0.0 ], [ -73.651454595999951, 6.011277399000051, 0.0 ], [ -73.651575947999959, 6.011213153000028, 0.0 ], [ -73.651693187999967, 6.011138456000026, 0.0 ], [ -73.651810427999976, 6.011063759000024, 0.0 ], [ -73.65195521399994, 6.010981880000031, 0.0 ], [ -73.6521, 6.0109, 0.0 ], [ -73.652319655999975, 6.010818974000074, 0.0 ], [ -73.652539310999941, 6.010737948000042, 0.0 ], [ -73.652748352999936, 6.010649945000068, 0.0 ], [ -73.652957393999941, 6.010561943000027, 0.0 ], [ -73.653166435999935, 6.010473940000054, 0.0 ], [ -73.653388957999937, 6.010398991000045, 0.0 ], [ -73.653611479999938, 6.010324041000047, 0.0 ], [ -73.65383400199994, 6.010249092000038, 0.0 ], [ -73.654039992999969, 6.010180040000023, 0.0 ], [ -73.654245983999942, 6.010110989000054, 0.0 ], [ -73.654451974999972, 6.01004193700004, 0.0 ], [ -73.654535794999958, 6.01003541700004, 0.0 ], [ -73.65462882099996, 6.010065817000054, 0.0 ], [ -73.654634990999966, 6.01006783400004, 0.0 ], [ -73.654873818999988, 6.010145882000074, 0.0 ], [ -73.655112647999943, 6.010223930000052, 0.0 ], [ -73.655174409999972, 6.010236282000051, 0.0 ], [ -73.655362025999978, 6.010273805000054, 0.0 ], [ -73.655549640999936, 6.010311329000046, 0.0 ], [ -73.655737256999942, 6.01034885200005, 0.0 ], [ -73.655891962999988, 6.01038752900007, 0.0 ], [ -73.656046668999977, 6.010426205000044, 0.0 ], [ -73.656265551999979, 6.010480926000071, 0.0 ], [ -73.656484434999982, 6.010535646000051, 0.0 ], [ -73.656703317999984, 6.01059036700002, 0.0 ], [ -73.656912849999969, 6.010639934000039, 0.0 ], [ -73.657122382999944, 6.010689501000058, 0.0 ], [ -73.657127144999947, 6.010690627000031, 0.0 ], [ -73.657302487999971, 6.010732107000024, 0.0 ], [ -73.657477831999984, 6.010773586000028, 0.0 ], [ -73.657683646999942, 6.01078251000007, 0.0 ], [ -73.657889462999947, 6.010791434000055, 0.0 ], [ -73.658023852999975, 6.01079726100005, 0.0 ], [ -73.658024316999956, 6.010797281000066, 0.0 ], [ -73.658097798999961, 6.010800467000024, 0.0 ], [ -73.658109266999986, 6.010800964000055, 0.0 ], [ -73.658207129999937, 6.010817007000071, 0.0 ], [ -73.658208790999936, 6.010851397000067, 0.0 ] ] ] } },
{ "type": "Feature", "properties": { "GASODUCTO": "PORVENIR - LA BELLEZA", "TRAMO": "Jenesano", "TP_DUCTO": "Ramal Remitente", "DISTRITO": "5", "DIAMETRO": "2", "TRM_REG": "EL PORVENIR - LA BELLEZA", "ZONA": "3", "PK_INICIO": "000+000", "PK_FIN": "000+045", "LONGITUD": 0.047915195560584829, "ESTADO": "INTERVENTORIA", "SERVICIO": "NUEVAS TECNOLOGÍAS" }, "geometry": { "type": "MultiLineString", "coordinates": [ [ [ -73.363491497999973, 5.367401829000073, 0.0 ], [ -73.363433644999986, 5.367482112000062, 0.0 ], [ -73.363436023999952, 5.367739094000058, 0.0 ], [ -73.363424265999981, 5.367762893000076, 0.0 ], [ -73.363401813999985, 5.367808336000053, 0.0 ] ] ] } },
{ "type": "Feature", "properties": { "GASODUCTO": "PORVENIR - LA BELLEZA", "TRAMO": "Miraflores - Puente Guillermo", "TP_DUCTO": "Loop", "DISTRITO": "5", "DIAMETRO": "20", "TRM_REG": "EL PORVENIR - LA BELLEZA", "ZONA": "3", "PK_INICIO": "111+942", "PK_FIN": "140+038", "LONGITUD": 27.561628609312113, "ESTADO": "INTERVENTORIA", "SERVICIO": "NUEVAS TECNOLOGÍAS" }, "geometry": { "type": "MultiLineString", "coordinates": [ [ [ -73.306597010999951, 5.31360207900002, 0.0 ], [ -73.306624779999936, 5.313629687000059, 0.0 ], [ -73.306667779999941, 5.313669139000069, 0.0 ], [ -73.306712439999956, 5.313709639000024, 0.0 ], [ -73.306748169999935, 5.313742829000034, 0.0 ], [ -73.306828159999952, 5.313816553000038, 0.0 ], [ -73.306867469999986, 5.313852295000061, 0.0 ], [ -73.306906359999971, 5.313891577000049, 0.0 ], [ -73.30698112999994, 5.313970244000075, 0.0 ], [ -73.307024369999965, 5.314015303000076, 0.0 ], [ -73.307056429999989, 5.31404826000005, 0.0 ], [ -73.30709442999995, 5.314087073000053, 0.0 ], [ -73.307130909999955, 5.314124544000038, 0.0 ], [ -73.307204609999985, 5.314202081000076, 0.0 ], [ -73.307238909999967, 5.314238449000072, 0.0 ], [ -73.307275819999973, 5.314278901000023, 0.0 ], [ -73.307348379999951, 5.314356435000036, 0.0 ], [ -73.307422719999977, 5.314434492000032, 0.0 ], [ -73.30749652999998, 5.31451299500003, 0.0 ], [ -73.307569509999951, 5.314590305000024, 0.0 ], [ -73.307642299999941, 5.314668178000034, 0.0 ], [ -73.307677419999948, 5.314705666000066, 0.0 ], [ -73.307693939999979, 5.314723291000064, 0.0 ], [ -73.307716169999935, 5.314747834000059, 0.0 ], [ -73.307751289999942, 5.314785487000051, 0.0 ], [ -73.307796399999972, 5.314822667000044, 0.0 ], [ -73.307837419999942, 5.314853127000049, 0.0 ], [ -73.30788156999995, 5.314891099000022, 0.0 ], [ -73.307954549999977, 5.314956342000073, 0.0 ], [ -73.307962019999934, 5.314962973000036, 0.0 ], [ -73.308004969999956, 5.315001682000059, 0.0 ], [ -73.308040799999958, 5.315038012000059, 0.0 ], [ -73.308115479999969, 5.315117930000042, 0.0 ], [ -73.308152929999949, 5.315157703000068, 0.0 ], [ -73.308190739999986, 5.31519692300003, 0.0 ], [ -73.308230429999981, 5.31523762300003, 0.0 ], [ -73.308268089999956, 5.31527353000007, 0.0 ], [ -73.308348, 5.315347305000046, 0.0 ], [ -73.308390689999953, 5.315385864000064, 0.0 ], [ -73.308429049999972, 5.315419951000024, 0.0 ], [ -73.308469129999935, 5.315455204000045, 0.0 ], [ -73.30851, 5.315491692000023, 0.0 ], [ -73.308553119999942, 5.31553019100005, 0.0 ], [ -73.308590079999988, 5.315562830000033, 0.0 ], [ -73.308671209999943, 5.315633075000051, 0.0 ], [ -73.308713629999943, 5.315669193000076, 0.0 ], [ -73.308753959999933, 5.315703235000058, 0.0 ], [ -73.308791689999964, 5.315736553000022, 0.0 ], [ -73.308828139999946, 5.315782220000074, 0.0 ], [ -73.308890909999946, 5.315870841000049, 0.0 ], [ -73.308954239999935, 5.315959164000049, 0.0 ], [ -73.309002599999985, 5.316026958000066, 0.0 ], [ -73.30902107999998, 5.316052181000032, 0.0 ], [ -73.30908433999997, 5.316137169000058, 0.0 ], [ -73.30909848999994, 5.31615602100004, 0.0 ], [ -73.309127939999939, 5.316195160000063, 0.0 ], [ -73.309150449999947, 5.316226029000063, 0.0 ], [ -73.309212699999989, 5.316311154000061, 0.0 ], [ -73.309245509999982, 5.31635428800007, 0.0 ], [ -73.309280309999963, 5.316394707000029, 0.0 ], [ -73.309318229999974, 5.31643451900004, 0.0 ], [ -73.309358889999942, 5.316467353000064, 0.0 ], [ -73.309405519999984, 5.316498620000061, 0.0 ], [ -73.309452359999966, 5.316521619000071, 0.0 ], [ -73.309511799999939, 5.316545561000055, 0.0 ], [ -73.30955315999995, 5.316562333000036, 0.0 ], [ -73.309605929999975, 5.316584201000069, 0.0 ], [ -73.309655729999974, 5.316604141000028, 0.0 ], [ -73.309707679999974, 5.316620206000039, 0.0 ], [ -73.30981240999995, 5.316648739000073, 0.0 ], [ -73.309852329999956, 5.316659460000039, 0.0 ], [ -73.309865449999961, 5.316662970000039, 0.0 ], [ -73.309916889999954, 5.31667653300002, 0.0 ], [ -73.309969799999976, 5.316689773000064, 0.0 ], [ -73.310021419999941, 5.316701172000023, 0.0 ], [ -73.310128749999933, 5.316723400000058, 0.0 ], [ -73.310235169999942, 5.31674644800006, 0.0 ], [ -73.310340769999982, 5.316771853000034, 0.0 ], [ -73.310445619999939, 5.316798091000067, 0.0 ], [ -73.310497049999981, 5.316810708000048, 0.0 ], [ -73.310550799999987, 5.31682345400003, 0.0 ], [ -73.310568159999946, 5.316827482000065, 0.0 ], [ -73.310674129999938, 5.316851451000048, 0.0 ], [ -73.310725539999964, 5.316862929000024, 0.0 ], [ -73.310780029999989, 5.316875574000051, 0.0 ], [ -73.310884149999936, 5.316900448000069, 0.0 ], [ -73.310990299999958, 5.316924262000043, 0.0 ], [ -73.311094859999969, 5.316945977000046, 0.0 ], [ -73.311142809999978, 5.316955735000022, 0.0 ], [ -73.311202079999987, 5.316967857000066, 0.0 ], [ -73.311308649999944, 5.316989585000044, 0.0 ], [ -73.311363239999935, 5.317001264000055, 0.0 ], [ -73.311413049999942, 5.31701509100003, 0.0 ], [ -73.311516279999978, 5.317046923000021, 0.0 ], [ -73.311619249999978, 5.317077798000071, 0.0 ], [ -73.311723649999976, 5.317106427000056, 0.0 ], [ -73.311825429999942, 5.317134620000047, 0.0 ], [ -73.311879359999978, 5.317150069000036, 0.0 ], [ -73.311929929999962, 5.317164650000052, 0.0 ], [ -73.312033569999983, 5.317194904000075, 0.0 ], [ -73.312082189999956, 5.317209686000069, 0.0 ], [ -73.312137589999963, 5.317227406000029, 0.0 ], [ -73.312240449999933, 5.317262256000049, 0.0 ], [ -73.312292829999933, 5.317280538000034, 0.0 ], [ -73.312344019999955, 5.31729784700002, 0.0 ], [ -73.312446739999984, 5.317331617000036, 0.0 ], [ -73.312550379999948, 5.317366451000055, 0.0 ], [ -73.312651009999968, 5.317399575000024, 0.0 ], [ -73.312754139999981, 5.317431165000073, 0.0 ], [ -73.312858209999945, 5.317461610000066, 0.0 ], [ -73.312964219999969, 5.317492237000067, 0.0 ], [ -73.313067949999947, 5.317521642000031, 0.0 ], [ -73.313172749999978, 5.317550232000031, 0.0 ], [ -73.313277319999941, 5.317578971000046, 0.0 ], [ -73.313330359999952, 5.317593436000038, 0.0 ], [ -73.313381809999953, 5.317607467000073, 0.0 ], [ -73.313487099999975, 5.317635869000071, 0.0 ], [ -73.313517929999989, 5.317643771000064, 0.0 ], [ -73.313589799999988, 5.317661675000068, 0.0 ], [ -73.313694569999939, 5.317687524000064, 0.0 ], [ -73.313727349999965, 5.317695546000039, 0.0 ], [ -73.313799569999958, 5.317715647000057, 0.0 ], [ -73.313902109999958, 5.317745668000043, 0.0 ], [ -73.314005389999977, 5.317776723000065, 0.0 ], [ -73.314055169999961, 5.317791948000036, 0.0 ], [ -73.314107759999956, 5.317808743000057, 0.0 ], [ -73.314155889999938, 5.317824491000067, 0.0 ], [ -73.314204949999976, 5.31784050400006, 0.0 ], [ -73.314207389999979, 5.317841300000055, 0.0 ], [ -73.314253919999942, 5.317856220000067, 0.0 ], [ -73.314307749999955, 5.317875184000059, 0.0 ], [ -73.314356069999974, 5.317893001000073, 0.0 ], [ -73.314409099999978, 5.317912358000058, 0.0 ], [ -73.314459429999943, 5.317930923000063, 0.0 ], [ -73.31451138999995, 5.317950044000042, 0.0 ], [ -73.314610669999979, 5.317988136000054, 0.0 ], [ -73.31468160999998, 5.318015995000053, 0.0 ], [ -73.314711169999953, 5.318029544000069, 0.0 ], [ -73.31476140999996, 5.318054309000047, 0.0 ], [ -73.314808249999942, 5.318077844000072, 0.0 ], [ -73.31490612999994, 5.318127058000073, 0.0 ], [ -73.315001909999978, 5.318175478000057, 0.0 ], [ -73.315099529999941, 5.318224478000047, 0.0 ], [ -73.315146599999935, 5.318248313000026, 0.0 ], [ -73.315195959999983, 5.318274981000059, 0.0 ], [ -73.315244979999989, 5.318302703000029, 0.0 ], [ -73.315290639999944, 5.318328653000037, 0.0 ], [ -73.315339849999987, 5.318356431000041, 0.0 ], [ -73.315385299999946, 5.318382630000031, 0.0 ], [ -73.315424269999937, 5.31840481100005, 0.0 ], [ -73.315481219999981, 5.318432542000039, 0.0 ], [ -73.315557665999961, 5.31846592900007, 0.0 ], [ -73.315557963999936, 5.318466036000075, 0.0 ], [ -73.31564849199998, 5.318498724000051, 0.0 ], [ -73.315783598999985, 5.318537101000061, 0.0 ], [ -73.315890243999945, 5.318561980000027, 0.0 ], [ -73.315922289999946, 5.318569456000034, 0.0 ], [ -73.315947838999989, 5.318574460000036, 0.0 ], [ -73.315997836999941, 5.31858225600007, 0.0 ], [ -73.316021084999988, 5.318584402000056, 0.0 ], [ -73.316061153999954, 5.318586492000065, 0.0 ], [ -73.316158089999988, 5.31858593000004, 0.0 ], [ -73.316340116999982, 5.318579510000063, 0.0 ], [ -73.316402111999935, 5.318577324000046, 0.0 ], [ -73.316498538999952, 5.318573100000037, 0.0 ], [ -73.316668980999964, 5.318562237000037, 0.0 ], [ -73.316839423999966, 5.318551373000048, 0.0 ], [ -73.316889260999972, 5.318548565000071, 0.0 ], [ -73.317059874999984, 5.318537851000031, 0.0 ], [ -73.317105555999944, 5.318537333000052, 0.0 ], [ -73.317133988999956, 5.318539960000066, 0.0 ], [ -73.317254695999964, 5.318551110000044, 0.0 ], [ -73.317434350999974, 5.318569254000067, 0.0 ], [ -73.317510359999972, 5.318578749000039, 0.0 ], [ -73.317510469999945, 5.318578763000062, 0.0 ], [ -73.317561779999949, 5.318586477000053, 0.0 ], [ -73.317616149999935, 5.318594932000053, 0.0 ], [ -73.317664569999977, 5.318602584000075, 0.0 ], [ -73.317722629999935, 5.318611889000067, 0.0 ], [ -73.317829769999946, 5.318629500000043, 0.0 ], [ -73.317937099999938, 5.318647612000063, 0.0 ], [ -73.318044939999936, 5.318665012000054, 0.0 ], [ -73.318153269999982, 5.318682649000039, 0.0 ], [ -73.318259729999966, 5.318700616000058, 0.0 ], [ -73.318312229999947, 5.318709398000067, 0.0 ], [ -73.318367389999935, 5.318717478000053, 0.0 ], [ -73.31847554999996, 5.318731239000044, 0.0 ], [ -73.318583409999974, 5.318744435000042, 0.0 ], [ -73.318634509999981, 5.318750568000041, 0.0 ], [ -73.318691059999935, 5.318757473000062, 0.0 ], [ -73.318798249999986, 5.318770054000026, 0.0 ], [ -73.318858989999967, 5.318777184000055, 0.0 ], [ -73.31890403999995, 5.318782786000043, 0.0 ], [ -73.319011809999949, 5.318796035000048, 0.0 ], [ -73.319119789999945, 5.318808562000072, 0.0 ], [ -73.319180279999955, 5.318815219000044, 0.0 ], [ -73.319227139999953, 5.31882037500003, 0.0 ], [ -73.319279599999959, 5.318825924000066, 0.0 ], [ -73.319335259999946, 5.318831810000063, 0.0 ], [ -73.319388809999964, 5.318837744000064, 0.0 ], [ -73.319442269999968, 5.318843669000046, 0.0 ], [ -73.31950446999997, 5.318850994000059, 0.0 ], [ -73.319550199999981, 5.318860005000033, 0.0 ], [ -73.319615329999976, 5.318875351000031, 0.0 ], [ -73.319653549999941, 5.318888260000051, 0.0 ], [ -73.319724339999937, 5.318916502000036, 0.0 ], [ -73.319753309999953, 5.318928309000057, 0.0 ], [ -73.319850289999977, 5.318968728000073, 0.0 ], [ -73.319947299999967, 5.319009443000027, 0.0 ], [ -73.320007159999989, 5.319034694000038, 0.0 ], [ -73.320043759999976, 5.319053494000059, 0.0 ], [ -73.32009697999996, 5.319082709000043, 0.0 ], [ -73.320139309999945, 5.319105357000069, 0.0 ], [ -73.320185969999955, 5.319129850000024, 0.0 ], [ -73.320234829999947, 5.319155507000062, 0.0 ], [ -73.320330669999976, 5.319207169000038, 0.0 ], [ -73.320425719999946, 5.319260669000073, 0.0 ], [ -73.320520239999951, 5.319315002000053, 0.0 ], [ -73.320613759999958, 5.319367723000028, 0.0 ], [ -73.320659669999941, 5.319393455000068, 0.0 ], [ -73.320709759999943, 5.319420282000067, 0.0 ], [ -73.320739659999958, 5.319435871000053, 0.0 ], [ -73.320804439999961, 5.319470343000035, 0.0 ], [ -73.320901209999988, 5.319520827000076, 0.0 ], [ -73.320996799999989, 5.319569240000021, 0.0 ], [ -73.321094159999973, 5.319617952000044, 0.0 ], [ -73.32119068999998, 5.319665931000031, 0.0 ], [ -73.321248899999944, 5.319694807000076, 0.0 ], [ -73.321288029999948, 5.319714516000033, 0.0 ], [ -73.321334889999946, 5.319738439000048, 0.0 ], [ -73.321384069999965, 5.319766562000041, 0.0 ], [ -73.321453819999988, 5.319808829000067, 0.0 ], [ -73.321500049999941, 5.319837324000048, 0.0 ], [ -73.321543449999979, 5.31986818200005, 0.0 ], [ -73.321629899999948, 5.319932942000037, 0.0 ], [ -73.321715809999944, 5.319997895000029, 0.0 ], [ -73.321801409999978, 5.32006367300005, 0.0 ], [ -73.321886169999971, 5.320129146000056, 0.0 ], [ -73.321972219999964, 5.320195866000063, 0.0 ], [ -73.322059069999966, 5.320263557000033, 0.0 ], [ -73.32214259999995, 5.320329466000032, 0.0 ], [ -73.322185219999938, 5.320363322000048, 0.0 ], [ -73.322228609999968, 5.320398375000025, 0.0 ], [ -73.322313149999957, 5.320467853000025, 0.0 ], [ -73.32239790999995, 5.320537650000063, 0.0 ], [ -73.322481859999982, 5.320607577000033, 0.0 ], [ -73.322506673999953, 5.320628403000057, 0.0 ], [ -73.322528259999956, 5.320646521000072, 0.0 ], [ -73.322564639999939, 5.320676726000045, 0.0 ], [ -73.322647719999964, 5.320745264000038, 0.0 ], [ -73.322730819999947, 5.320813660000056, 0.0 ], [ -73.32281224999997, 5.320880644000056, 0.0 ], [ -73.322896019999973, 5.320948362000024, 0.0 ], [ -73.322933439999986, 5.320978944000046, 0.0 ], [ -73.322979079999982, 5.321017365000046, 0.0 ], [ -73.323061809999956, 5.32108646000006, 0.0 ], [ -73.323145809999971, 5.321155999000041, 0.0 ], [ -73.323207199999956, 5.321206476000043, 0.0 ], [ -73.323228669999935, 5.321224122000046, 0.0 ], [ -73.323312429999987, 5.321291898000027, 0.0 ], [ -73.323396589999959, 5.321358795000037, 0.0 ], [ -73.323481539999989, 5.321425796000028, 0.0 ], [ -73.323523149999971, 5.321458101000076, 0.0 ], [ -73.323567069999967, 5.321491928000057, 0.0 ], [ -73.323621479999986, 5.321534113000041, 0.0 ], [ -73.323652909999964, 5.321558398000036, 0.0 ], [ -73.323739419999981, 5.321624376000045, 0.0 ], [ -73.323783369999944, 5.321657715000072, 0.0 ], [ -73.323825749999969, 5.321690334000039, 0.0 ], [ -73.323846309999965, 5.321706443000039, 0.0 ], [ -73.32388530999998, 5.321737098000028, 0.0 ], [ -73.323930539999935, 5.321772230000022, 0.0 ], [ -73.324015939999981, 5.321838061000051, 0.0 ], [ -73.324101849999977, 5.321903434000035, 0.0 ], [ -73.324143049999975, 5.321934723000027, 0.0 ], [ -73.324188399999969, 5.321969051000053, 0.0 ], [ -73.324231449999957, 5.322001563000072, 0.0 ], [ -73.324274529999968, 5.322033629000032, 0.0 ], [ -73.324360189999936, 5.322097929000051, 0.0 ], [ -73.324445569999966, 5.322163343000057, 0.0 ], [ -73.324531619999959, 5.322230005000051, 0.0 ], [ -73.324617359999934, 5.322297313000036, 0.0 ], [ -73.324702499999944, 5.322364963000041, 0.0 ], [ -73.324753289999933, 5.322405357000036, 0.0 ], [ -73.324788319999982, 5.322433019000073, 0.0 ], [ -73.324834859999953, 5.322469890000036, 0.0 ], [ -73.324873709999963, 5.322500813000033, 0.0 ], [ -73.32492893999995, 5.322545871000045, 0.0 ], [ -73.32496974999998, 5.322579502000053, 0.0 ], [ -73.325010949999978, 5.322613326000067, 0.0 ], [ -73.325038569999947, 5.322635775000037, 0.0 ], [ -73.325078929999961, 5.322668985000064, 0.0 ], [ -73.325114869999936, 5.322704028000032, 0.0 ], [ -73.325163089999933, 5.322754656000029, 0.0 ], [ -73.32518540999996, 5.322778131000064, 0.0 ], [ -73.325219779999941, 5.322813525000072, 0.0 ], [ -73.325260729999968, 5.322850094000046, 0.0 ], [ -73.325298404999955, 5.322881446000054, 0.0 ], [ -73.325341309999942, 5.322908096000049, 0.0 ], [ -73.325428639999984, 5.322952276000024, 0.0 ], [ -73.325515879999955, 5.322994461000064, 0.0 ], [ -73.325545009999985, 5.323008237000067, 0.0 ], [ -73.325604529999964, 5.323036104000039, 0.0 ], [ -73.32563491999997, 5.323050264000074, 0.0 ], [ -73.325695459999963, 5.323079738000047, 0.0 ], [ -73.325756559999945, 5.323109437000028, 0.0 ], [ -73.325789679999957, 5.323125525000023, 0.0 ], [ -73.325836239999944, 5.323148333000063, 0.0 ], [ -73.325883939999983, 5.323173641000039, 0.0 ], [ -73.325927349999972, 5.323197419000053, 0.0 ], [ -73.325974089999988, 5.323222907000059, 0.0 ], [ -73.326066229999981, 5.323273993000043, 0.0 ], [ -73.326155679999943, 5.323323952000067, 0.0 ], [ -73.326200399999948, 5.323349238000048, 0.0 ], [ -73.326245989999961, 5.323375291000048, 0.0 ], [ -73.326337079999973, 5.323428092000029, 0.0 ], [ -73.32638118999995, 5.323453866000023, 0.0 ], [ -73.326427569999964, 5.323480944000039, 0.0 ], [ -73.326519289999965, 5.323534137000024, 0.0 ], [ -73.326562149999972, 5.323558931000036, 0.0 ], [ -73.326610779999953, 5.323587223000061, 0.0 ], [ -73.326659449999966, 5.323615124000071, 0.0 ], [ -73.326702529999977, 5.323639124000067, 0.0 ], [ -73.326749709999945, 5.323660588000052, 0.0 ], [ -73.326794639999946, 5.323679251000044, 0.0 ], [ -73.326795249999975, 5.323679510000034, 0.0 ], [ -73.326800699999978, 5.323681823000072, 0.0 ], [ -73.326845169999956, 5.323700688000031, 0.0 ], [ -73.326894079999988, 5.323722056000065, 0.0 ], [ -73.326943209999968, 5.323744440000041, 0.0 ], [ -73.326990639999963, 5.323767803000067, 0.0 ], [ -73.327035709999961, 5.323798378000049, 0.0 ], [ -73.327120699999966, 5.323862825000049, 0.0 ], [ -73.327204289999941, 5.323926592000021, 0.0 ], [ -73.327276189999964, 5.323980453000047, 0.0 ], [ -73.327361269999983, 5.324042897000027, 0.0 ], [ -73.327447609999979, 5.324103505000039, 0.0 ], [ -73.327488869999968, 5.324132395000049, 0.0 ], [ -73.327529439999978, 5.324169190000021, 0.0 ], [ -73.327562349999937, 5.324203630000056, 0.0 ], [ -73.327579459999981, 5.324221700000066, 0.0 ], [ -73.32760301999997, 5.324246849000076, 0.0 ], [ -73.327637149999987, 5.324285342000053, 0.0 ], [ -73.327666839999949, 5.324332149000043, 0.0 ], [ -73.327694289999954, 5.324384377000058, 0.0 ], [ -73.327694582999982, 5.324384937000048, 0.0 ], [ -73.327715499999954, 5.32442493800005, 0.0 ], [ -73.327741579999952, 5.324470686000041, 0.0 ], [ -73.327779889999988, 5.324510806000035, 0.0 ], [ -73.327812669999958, 5.324536486000056, 0.0 ], [ -73.327898639999944, 5.324603214000035, 0.0 ], [ -73.327986039999985, 5.324670810000043, 0.0 ], [ -73.328069709999966, 5.324735884000063, 0.0 ], [ -73.328085019999946, 5.324747729000023, 0.0 ], [ -73.328155239999944, 5.324802311000042, 0.0 ], [ -73.328240279999989, 5.324869361000026, 0.0 ], [ -73.328281559999937, 5.324902241000075, 0.0 ], [ -73.328324939999959, 5.324935827000047, 0.0 ], [ -73.328409819999933, 5.325001440000051, 0.0 ], [ -73.328493469999955, 5.325067576000038, 0.0 ], [ -73.328576659999953, 5.325134099000024, 0.0 ], [ -73.328616549999936, 5.325165990000073, 0.0 ], [ -73.328659089999974, 5.325200586000051, 0.0 ], [ -73.328699489999963, 5.325233947000072, 0.0 ], [ -73.328741549999961, 5.325269180000021, 0.0 ], [ -73.328824389999966, 5.325338345000034, 0.0 ], [ -73.328908749999982, 5.325408234000065, 0.0 ], [ -73.328935609999974, 5.325430422000068, 0.0 ], [ -73.328991749999943, 5.325477220000039, 0.0 ], [ -73.329029359999936, 5.32550832000004, 0.0 ], [ -73.329075759999967, 5.325545865000038, 0.0 ], [ -73.329115879999961, 5.325577723000038, 0.0 ], [ -73.329161219999946, 5.325613773000043, 0.0 ], [ -73.329198829999939, 5.325643559000071, 0.0 ], [ -73.329245779999951, 5.325681162000024, 0.0 ], [ -73.329330219999974, 5.325748205000025, 0.0 ], [ -73.329414699999973, 5.325815147000071, 0.0 ], [ -73.329455549999977, 5.325848052000026, 0.0 ], [ -73.329497259999982, 5.325883892000036, 0.0 ], [ -73.329511938999985, 5.32589682400004, 0.0 ], [ -73.329535409999949, 5.325917501000049, 0.0 ], [ -73.329577519999987, 5.325955032000024, 0.0 ], [ -73.329617199999973, 5.325990737000041, 0.0 ], [ -73.329658149999943, 5.326027958000054, 0.0 ], [ -73.329738039999938, 5.326101644000062, 0.0 ], [ -73.329777479999962, 5.326138058000026, 0.0 ], [ -73.329818659999944, 5.326174258000037, 0.0 ], [ -73.329886059999978, 5.326233323000054, 0.0 ], [ -73.329902209999943, 5.326247760000058, 0.0 ], [ -73.329921099999979, 5.326264674000072, 0.0 ], [ -73.329983639999966, 5.326320677000069, 0.0 ], [ -73.330064939999943, 5.326393062000022, 0.0 ], [ -73.330104369999958, 5.326427350000074, 0.0 ], [ -73.330146339999942, 5.326464239000074, 0.0 ], [ -73.330192319999981, 5.326505050000037, 0.0 ], [ -73.330229359999976, 5.32653431500006, 0.0 ], [ -73.33027844999998, 5.326570180000033, 0.0 ], [ -73.330318549999959, 5.326598596000053, 0.0 ], [ -73.330408039999952, 5.326661500000057, 0.0 ], [ -73.330497039999955, 5.326723139000023, 0.0 ], [ -73.330554869999958, 5.326763165000045, 0.0 ], [ -73.330586159999939, 5.326784795000037, 0.0 ], [ -73.330629899999963, 5.326814776000049, 0.0 ], [ -73.330676849999975, 5.326844167000047, 0.0 ], [ -73.330769499999974, 5.32690060300007, 0.0 ], [ -73.330861979999952, 5.326957096000058, 0.0 ], [ -73.330955779999954, 5.327013793000049, 0.0 ], [ -73.330993949999936, 5.327037069000028, 0.0 ], [ -73.331036959999949, 5.327064396000026, 0.0 ], [ -73.331081569999981, 5.32710159100003, 0.0 ], [ -73.331134819999988, 5.327153105000036, 0.0 ], [ -73.331159129999946, 5.327176752000071, 0.0 ], [ -73.331196139999975, 5.327214373000061, 0.0 ], [ -73.331228549999935, 5.327257905000067, 0.0 ], [ -73.331244079999976, 5.327282104000062, 0.0 ], [ -73.331286379999938, 5.327348089000054, 0.0 ], [ -73.33134438999997, 5.327438978000032, 0.0 ], [ -73.331376349999971, 5.327488879000043, 0.0 ], [ -73.331404619999944, 5.327528742000027, 0.0 ], [ -73.331468099999938, 5.327612471000066, 0.0 ], [ -73.331532829999958, 5.32769716200005, 0.0 ], [ -73.331558949999987, 5.327730895000059, 0.0 ], [ -73.331599309999945, 5.327781966000032, 0.0 ], [ -73.331666979999966, 5.32786558600003, 0.0 ], [ -73.331695639999964, 5.327899468000055, 0.0 ], [ -73.331743569999958, 5.327939842000035, 0.0 ], [ -73.331789199999946, 5.32797213200007, 0.0 ], [ -73.331830369999977, 5.328001097000026, 0.0 ], [ -73.331914139999981, 5.32806014800002, 0.0 ], [ -73.331996129999936, 5.328120511000066, 0.0 ], [ -73.332078249999938, 5.328180842000052, 0.0 ], [ -73.332118239999943, 5.328208536000034, 0.0 ], [ -73.332165329999953, 5.328238721000048, 0.0 ], [ -73.332218839999939, 5.32827166200002, 0.0 ], [ -73.332258809999985, 5.328296891000036, 0.0 ], [ -73.332298839999964, 5.32832275800007, 0.0 ], [ -73.332349509999972, 5.328356017000033, 0.0 ], [ -73.332440989999952, 5.328416724000022, 0.0 ], [ -73.332490639999946, 5.328449499000044, 0.0 ], [ -73.332532309999976, 5.328476920000071, 0.0 ], [ -73.332551099999989, 5.328489293000075, 0.0 ], [ -73.332643049999945, 5.328549209000073, 0.0 ], [ -73.332687759999942, 5.328578186000072, 0.0 ], [ -73.332735679999985, 5.328607620000071, 0.0 ], [ -73.332827409999936, 5.328662096000073, 0.0 ], [ -73.332873899999981, 5.328689960000077, 0.0 ], [ -73.33291853999998, 5.328719808000073, 0.0 ], [ -73.333008, 5.328781392000053, 0.0 ], [ -73.333097, 5.328841987000033, 0.0 ], [ -73.33318627999995, 5.32890320100006, 0.0 ], [ -73.333236789999944, 5.328937850000045, 0.0 ], [ -73.33327552999998, 5.328964180000071, 0.0 ], [ -73.333311789999982, 5.328988779000042, 0.0 ], [ -73.333361959999934, 5.32902376800007, 0.0 ], [ -73.333403419999968, 5.329052930000046, 0.0 ], [ -73.333447199999966, 5.329083766000053, 0.0 ], [ -73.333499849999953, 5.329121542000053, 0.0 ], [ -73.333533259999967, 5.329145278000055, 0.0 ], [ -73.333566849999954, 5.329169026000045, 0.0 ], [ -73.333622699999978, 5.329209050000031, 0.0 ], [ -73.33370986999995, 5.329273528000044, 0.0 ], [ -73.333796679999978, 5.329339775000051, 0.0 ], [ -73.333845979999978, 5.329377805000036, 0.0 ], [ -73.333882009999968, 5.32940770700003, 0.0 ], [ -73.333900079999978, 5.329423423000037, 0.0 ], [ -73.333943049999959, 5.329460182000048, 0.0 ], [ -73.333965409999962, 5.329479346000028, 0.0 ], [ -73.334048379999956, 5.32955044800002, 0.0 ], [ -73.334087289999957, 5.329583226000068, 0.0 ], [ -73.334131359999958, 5.329617122000059, 0.0 ], [ -73.334168469999952, 5.329644377000022, 0.0 ], [ -73.33421844999998, 5.329681225000058, 0.0 ], [ -73.334251329999972, 5.329705530000069, 0.0 ], [ -73.334301239999945, 5.329745449000029, 0.0 ], [ -73.334341259999974, 5.329779193000036, 0.0 ], [ -73.334379319999982, 5.329817820000073, 0.0 ], [ -73.334408639999936, 5.329849653000053, 0.0 ], [ -73.334459659999936, 5.329889544000025, 0.0 ], [ -73.334548669999947, 5.329951550000033, 0.0 ], [ -73.334599279999964, 5.329986931000064, 0.0 ], [ -73.334636769999975, 5.330013056000041, 0.0 ], [ -73.334726319999959, 5.33007486200006, 0.0 ], [ -73.334754069999974, 5.330094121000059, 0.0 ], [ -73.334814799999947, 5.330136660000051, 0.0 ], [ -73.334857289999945, 5.330166679000058, 0.0 ], [ -73.334901749999972, 5.330197360000057, 0.0 ], [ -73.334932459999948, 5.330218270000046, 0.0 ], [ -73.334973929999933, 5.330246198000054, 0.0 ], [ -73.335018919999982, 5.330277796000075, 0.0 ], [ -73.33504585999998, 5.330297509000047, 0.0 ], [ -73.335102014999961, 5.330342375000043, 0.0 ], [ -73.335183559999962, 5.330409231000033, 0.0 ], [ -73.335231169999986, 5.330448208000064, 0.0 ], [ -73.335235739999973, 5.330451954000068, 0.0 ], [ -73.335268379999945, 5.33047797200004, 0.0 ], [ -73.335321129999954, 5.330510676000074, 0.0 ], [ -73.335409359999971, 5.330560493000064, 0.0 ], [ -73.335436329999936, 5.330575811000074, 0.0 ], [ -73.335497769999961, 5.330611034000071, 0.0 ], [ -73.335543619999953, 5.33063753700003, 0.0 ], [ -73.335588099999939, 5.330663164000043, 0.0 ], [ -73.335679079999977, 5.330716117000065, 0.0 ], [ -73.335722449999935, 5.330741702000068, 0.0 ], [ -73.335767469999951, 5.330769105000059, 0.0 ], [ -73.335853509999936, 5.330822673000057, 0.0 ], [ -73.335940009999945, 5.330876017000037, 0.0 ], [ -73.335964349999983, 5.330890857000043, 0.0 ], [ -73.336024379999969, 5.330929909000076, 0.0 ], [ -73.336107579999975, 5.330985598000041, 0.0 ], [ -73.336152649999974, 5.331016159000058, 0.0 ], [ -73.336193069999979, 5.331043503000046, 0.0 ], [ -73.336235119999969, 5.331072672000062, 0.0 ], [ -73.336279249999961, 5.331106524000063, 0.0 ], [ -73.336362379999969, 5.331173310000054, 0.0 ], [ -73.336401679999938, 5.331206098000052, 0.0 ], [ -73.336409886999945, 5.331215780000036, 0.0 ], [ -73.336437219999937, 5.331248029000051, 0.0 ], [ -73.336466209999969, 5.331291186000044, 0.0 ], [ -73.336491979999948, 5.331338956000025, 0.0 ], [ -73.336536609999939, 5.331434598000044, 0.0 ], [ -73.336565409999935, 5.331496765000054, 0.0 ], [ -73.33658128999997, 5.331531559000041, 0.0 ], [ -73.336607379999975, 5.331589421000047, 0.0 ], [ -73.336626419999959, 5.331630365000024, 0.0 ], [ -73.336641859999986, 5.331663193000054, 0.0 ], [ -73.336673659999974, 5.331729477000067, 0.0 ], [ -73.336699629999941, 5.331785266000054, 0.0 ], [ -73.336719639999956, 5.331827291000025, 0.0 ], [ -73.336733759999959, 5.331856512000059, 0.0 ], [ -73.336764419999952, 5.331919536000044, 0.0 ], [ -73.336786119999942, 5.331965307000075, 0.0 ], [ -73.336808679999933, 5.332013568000036, 0.0 ], [ -73.336834249999981, 5.332068332000063, 0.0 ], [ -73.336854279999955, 5.332110873000033, 0.0 ], [ -73.336878039999988, 5.332164788000057, 0.0 ], [ -73.33689923999998, 5.332211706000066, 0.0 ], [ -73.336930299999949, 5.332259184000065, 0.0 ], [ -73.336959369999988, 5.332296144000054, 0.0 ], [ -73.336993119999988, 5.332341645000042, 0.0 ], [ -73.337015759999986, 5.332372595000038, 0.0 ], [ -73.337052889999939, 5.332421029000045, 0.0 ], [ -73.337082959999975, 5.332460013000059, 0.0 ], [ -73.337112949999948, 5.332499523000024, 0.0 ], [ -73.337140749999946, 5.332537351000042, 0.0 ], [ -73.337167199999953, 5.332577298000047, 0.0 ], [ -73.337216809999973, 5.332654176000062, 0.0 ], [ -73.337266459999967, 5.332730783000045, 0.0 ], [ -73.337289769999984, 5.332766048000053, 0.0 ], [ -73.337303719999966, 5.332786597000052, 0.0 ], [ -73.337317889999952, 5.332806576000053, 0.0 ], [ -73.337339269999973, 5.332836130000032, 0.0 ], [ -73.337370489999955, 5.332880294000063, 0.0 ], [ -73.337396129999945, 5.332915280000066, 0.0 ], [ -73.337421099999972, 5.332950237000034, 0.0 ], [ -73.337451859999987, 5.332992256000068, 0.0 ], [ -73.337471139999934, 5.333019182000044, 0.0 ], [ -73.337490389999971, 5.333046201000059, 0.0 ], [ -73.337520579999989, 5.333087015000046, 0.0 ], [ -73.337572929999965, 5.333154475000072, 0.0 ], [ -73.337612419999971, 5.333202780000022, 0.0 ], [ -73.337628029999962, 5.333223504000046, 0.0 ], [ -73.337660479999954, 5.333269905000066, 0.0 ], [ -73.33768103999995, 5.333299386000022, 0.0 ], [ -73.337715179999975, 5.333348218000026, 0.0 ], [ -73.337733769999943, 5.333375532000048, 0.0 ], [ -73.337752609999939, 5.33340363700006, 0.0 ], [ -73.337786619999974, 5.333454954000047, 0.0 ], [ -73.337818489999961, 5.333503945000075, 0.0 ], [ -73.337841109999943, 5.333539006000024, 0.0 ], [ -73.337860449999937, 5.333569476000037, 0.0 ], [ -73.337903429999983, 5.333625643000062, 0.0 ], [ -73.337934719999964, 5.333665947000043, 0.0 ], [ -73.337961749999977, 5.333709016000057, 0.0 ], [ -73.337980229999971, 5.333742070000028, 0.0 ], [ -73.338012179999964, 5.333788573000049, 0.0 ], [ -73.338040469999953, 5.33382758700003, 0.0 ], [ -73.338066459999936, 5.333863050000048, 0.0 ], [ -73.338120409999988, 5.333937135000042, 0.0 ], [ -73.338174789999982, 5.33401346900007, 0.0 ], [ -73.338228199999946, 5.334089486000039, 0.0 ], [ -73.338247489999958, 5.334116984000048, 0.0 ], [ -73.338283889999957, 5.334169380000048, 0.0 ], [ -73.338341679999985, 5.334252721000041, 0.0 ], [ -73.33837275999997, 5.334297009000068, 0.0 ], [ -73.338399759999959, 5.334337364000021, 0.0 ], [ -73.338457499999947, 5.334424028000058, 0.0 ], [ -73.338484109999968, 5.334463443000061, 0.0 ], [ -73.338506959999961, 5.334497661000057, 0.0 ], [ -73.338543149999964, 5.33455114700007, 0.0 ], [ -73.338603579999983, 5.33463852400007, 0.0 ], [ -73.338663249999968, 5.334725681000066, 0.0 ], [ -73.338695409999957, 5.334774391000053, 0.0 ], [ -73.338720299999977, 5.334815911000021, 0.0 ], [ -73.338773539999977, 5.334910695000076, 0.0 ], [ -73.338826259999962, 5.335004923000042, 0.0 ], [ -73.338845019999951, 5.335038534000034, 0.0 ], [ -73.338881759999936, 5.335098371000072, 0.0 ], [ -73.338938249999956, 5.33518938900005, 0.0 ], [ -73.338995239999974, 5.335281257000076, 0.0 ], [ -73.339025589999949, 5.335331096000061, 0.0 ], [ -73.339052359999982, 5.335375010000064, 0.0 ], [ -73.339107859999956, 5.335467111000071, 0.0 ], [ -73.33916494999994, 5.33556173300002, 0.0 ], [ -73.339191349999965, 5.335607549000031, 0.0 ], [ -73.339211459999945, 5.335659651000071, 0.0 ], [ -73.339242069999955, 5.335763641000028, 0.0 ], [ -73.33925684999997, 5.335814679000066, 0.0 ], [ -73.339271149999945, 5.335866561000046, 0.0 ], [ -73.339284469999939, 5.335913780000055, 0.0 ], [ -73.339308279999955, 5.335966899000027, 0.0 ], [ -73.339340399999969, 5.336028222000039, 0.0 ], [ -73.339366139999981, 5.336077617000058, 0.0 ], [ -73.339388609999958, 5.336125932000073, 0.0 ], [ -73.339431419999983, 5.336226659000033, 0.0 ], [ -73.339452509999944, 5.33627738000007, 0.0 ], [ -73.339471169999968, 5.336326862000021, 0.0 ], [ -73.339507709999964, 5.336429318000057, 0.0 ], [ -73.339544319999959, 5.336532494000039, 0.0 ], [ -73.339580829999989, 5.336633929000072, 0.0 ], [ -73.339597029999936, 5.336677744000042, 0.0 ], [ -73.339621029999989, 5.336735285000032, 0.0 ], [ -73.339664049999953, 5.336835022000059, 0.0 ], [ -73.339686269999959, 5.336885911000024, 0.0 ], [ -73.339708719999976, 5.336935613000037, 0.0 ], [ -73.339737219999961, 5.336999027000047, 0.0 ], [ -73.339752979999957, 5.33703480500003, 0.0 ], [ -73.339796619999959, 5.337134855000045, 0.0 ], [ -73.339839489999974, 5.337235092000071, 0.0 ], [ -73.339853449999964, 5.337268175000077, 0.0 ], [ -73.339880769999979, 5.337335663000033, 0.0 ], [ -73.339920879999966, 5.337436388000071, 0.0 ], [ -73.339960739999981, 5.337536786000044, 0.0 ], [ -73.339981149999971, 5.337588161000042, 0.0 ], [ -73.339998229999935, 5.337630498000067, 0.0 ], [ -73.340000699999962, 5.337636657000076, 0.0 ], [ -73.340020809999942, 5.337687011000071, 0.0 ], [ -73.340039949999948, 5.337735228000042, 0.0 ], [ -73.34005671999995, 5.337778668000055, 0.0 ], [ -73.340072089999978, 5.337838296000029, 0.0 ], [ -73.340082369999948, 5.337886367000067, 0.0 ], [ -73.340095659999974, 5.337943779000057, 0.0 ], [ -73.340099969999983, 5.337962012000048, 0.0 ], [ -73.340111069999978, 5.338009636000038, 0.0 ], [ -73.340121139999951, 5.338052508000033, 0.0 ], [ -73.340143251999962, 5.338144315000022, 0.0 ], [ -73.340146449999963, 5.338157595000041, 0.0 ], [ -73.340172519999953, 5.338261214000056, 0.0 ], [ -73.34018414999997, 5.338307607000047, 0.0 ], [ -73.340200079999988, 5.33836483500005, 0.0 ], [ -73.340229769999951, 5.338470031000043, 0.0 ], [ -73.340244119999966, 5.33852263700004, 0.0 ], [ -73.34025835999995, 5.33857229900002, 0.0 ], [ -73.340289699999971, 5.338675537000029, 0.0 ], [ -73.340322259999937, 5.338778027000046, 0.0 ], [ -73.340329851999968, 5.338801772000068, 0.0 ], [ -73.340355349999982, 5.338881520000029, 0.0 ], [ -73.340371879999964, 5.33893203100007, 0.0 ], [ -73.34039353999998, 5.338981784000055, 0.0 ], [ -73.340417679999973, 5.339030571000023, 0.0 ], [ -73.340444379999951, 5.33907705200005, 0.0 ], [ -73.340500589999976, 5.339168422000057, 0.0 ], [ -73.340556129999982, 5.339258586000028, 0.0 ], [ -73.340612729999975, 5.339350473000025, 0.0 ], [ -73.340669989999981, 5.339442328000075, 0.0 ], [ -73.340698949999933, 5.339488435000021, 0.0 ], [ -73.340727489999949, 5.33953363400002, 0.0 ], [ -73.340784909999968, 5.339625477000027, 0.0 ], [ -73.340841679999983, 5.339717688000064, 0.0 ], [ -73.34089739999996, 5.339809539000044, 0.0 ], [ -73.340920299999937, 5.339848004000032, 0.0 ], [ -73.340951389999987, 5.339900383000042, 0.0 ], [ -73.341007139999988, 5.339994434000062, 0.0 ], [ -73.341061719999971, 5.340087297000025, 0.0 ], [ -73.341088639999953, 5.340135041000053, 0.0 ], [ -73.341114809999965, 5.340181964000067, 0.0 ], [ -73.341167309999946, 5.340275699000074, 0.0 ], [ -73.341221429999962, 5.340371603000051, 0.0 ], [ -73.341274719999944, 5.340465327000061, 0.0 ], [ -73.341302489999975, 5.340513396000063, 0.0 ], [ -73.341329009999981, 5.34055885600003, 0.0 ], [ -73.341361659999961, 5.340614112000026, 0.0 ], [ -73.341384309999967, 5.340651060000027, 0.0 ], [ -73.341423549999945, 5.340713470000026, 0.0 ], [ -73.34145886999994, 5.340768261000051, 0.0 ], [ -73.341482239999948, 5.340804981000076, 0.0 ], [ -73.341504029999953, 5.340839469000059, 0.0 ], [ -73.341539229999967, 5.340896291000035, 0.0 ], [ -73.341595359999985, 5.340988534000076, 0.0 ], [ -73.341624159999981, 5.341035976000057, 0.0 ], [ -73.341649459999985, 5.341083304000051, 0.0 ], [ -73.341699339999934, 5.341179245000035, 0.0 ], [ -73.341749669999956, 5.341275727000038, 0.0 ], [ -73.341799699999967, 5.341372096000043, 0.0 ], [ -73.341849739999986, 5.341469930000073, 0.0 ], [ -73.341898669999978, 5.341566665000073, 0.0 ], [ -73.341948199999933, 5.341664706000074, 0.0 ], [ -73.341997019999951, 5.341761707000046, 0.0 ], [ -73.342044659999942, 5.341858130000048, 0.0 ], [ -73.342068779999977, 5.341908058000058, 0.0 ], [ -73.342087909999975, 5.34195769300004, 0.0 ], [ -73.342123639999954, 5.34205991400006, 0.0 ], [ -73.342158449999943, 5.342160913000043, 0.0 ], [ -73.342194419999942, 5.342263815000024, 0.0 ], [ -73.342230959999938, 5.342365809000057, 0.0 ], [ -73.342267869999944, 5.342468191000023, 0.0 ], [ -73.342285989999937, 5.342518093000024, 0.0 ], [ -73.342294619999961, 5.342542162000029, 0.0 ], [ -73.342304429999956, 5.34256943400004, 0.0 ], [ -73.342340809999939, 5.342669435000062, 0.0 ], [ -73.342358689999969, 5.342718277000074, 0.0 ], [ -73.342377559999989, 5.342769431000022, 0.0 ], [ -73.342397439999957, 5.342822176000027, 0.0 ], [ -73.342419029999974, 5.342870565000055, 0.0 ], [ -73.342466729999956, 5.342968572000075, 0.0 ], [ -73.34249202999996, 5.343019036000044, 0.0 ], [ -73.342518159999941, 5.343065028000069, 0.0 ], [ -73.342546589999984, 5.343113026000026, 0.0 ], [ -73.342573229999971, 5.343158116000041, 0.0 ], [ -73.342607709999982, 5.343216313000028, 0.0 ], [ -73.342628059999981, 5.343250771000044, 0.0 ], [ -73.342655739999941, 5.343297485000051, 0.0 ], [ -73.342683169999987, 5.343343423000022, 0.0 ], [ -73.342738559999987, 5.343436674000031, 0.0 ], [ -73.342792989999964, 5.343530122000061, 0.0 ], [ -73.342847519999964, 5.343623535000063, 0.0 ], [ -73.34288061999996, 5.343680351000046, 0.0 ], [ -73.342901889999951, 5.343716814000061, 0.0 ], [ -73.342929779999963, 5.343764856000064, 0.0 ], [ -73.34295684999995, 5.343811715000072, 0.0 ], [ -73.342983209999943, 5.343857881000076, 0.0 ], [ -73.343010339999978, 5.343905328000062, 0.0 ], [ -73.343033049999974, 5.343945413000029, 0.0 ], [ -73.343063809999933, 5.344001007000031, 0.0 ], [ -73.343090729999972, 5.344050589000062, 0.0 ], [ -73.34311705999994, 5.34409602900007, 0.0 ], [ -73.343171909999967, 5.344189845000074, 0.0 ], [ -73.343227049999939, 5.344284590000029, 0.0 ], [ -73.343281929999989, 5.344377640000062, 0.0 ], [ -73.343308909999962, 5.344422156000064, 0.0 ], [ -73.343338489999951, 5.344466647000047, 0.0 ], [ -73.343358319999936, 5.344495567000024, 0.0 ], [ -73.343389179999974, 5.344539975000032, 0.0 ], [ -73.34341956999998, 5.344579592000059, 0.0 ], [ -73.34348448999998, 5.344658676000051, 0.0 ], [ -73.343518739999979, 5.344699018000028, 0.0 ], [ -73.343553159999942, 5.344733216000066, 0.0 ], [ -73.343627609999942, 5.344801152000059, 0.0 ], [ -73.343678629999943, 5.344847197000036, 0.0 ], [ -73.343703689999984, 5.344869458000062, 0.0 ], [ -73.343734489999974, 5.344896395000035, 0.0 ], [ -73.343784429999971, 5.344936769000071, 0.0 ], [ -73.34386705999998, 5.345001914000022, 0.0 ], [ -73.343949769999938, 5.345068717000061, 0.0 ], [ -73.344032679999941, 5.34513673400005, 0.0 ], [ -73.344080909999946, 5.345176685000069, 0.0 ], [ -73.344113599999957, 5.345203765000065, 0.0 ], [ -73.344197209999948, 5.345272885000043, 0.0 ], [ -73.344280439999977, 5.345341332000032, 0.0 ], [ -73.344362929999988, 5.345409585000027, 0.0 ], [ -73.344444369999962, 5.345476811000026, 0.0 ], [ -73.344527199999959, 5.345545327000025, 0.0 ], [ -73.344560699999988, 5.345573930000057, 0.0 ], [ -73.344609009999942, 5.345616729000028, 0.0 ], [ -73.344652, 5.345656, 0.0 ], [ -73.344688359999964, 5.345691900000077, 0.0 ], [ -73.344701739999948, 5.345705605000035, 0.0 ], [ -73.344771149999985, 5.345777229000021, 0.0 ], [ -73.344809149999946, 5.345816325000044, 0.0 ], [ -73.344834089999949, 5.345842246000075, 0.0 ], [ -73.344847179999988, 5.34585594400005, 0.0 ], [ -73.344885079999983, 5.345895807000034, 0.0 ], [ -73.344921709999937, 5.345935481000026, 0.0 ], [ -73.344957619999946, 5.34597373400004, 0.0 ], [ -73.344993749999958, 5.346011277000059, 0.0 ], [ -73.345068119999951, 5.346086463000063, 0.0 ], [ -73.345126777999951, 5.346145165000053, 0.0 ], [ -73.345142399999986, 5.346160799000074, 0.0 ], [ -73.345178879999935, 5.346196968000072, 0.0 ], [ -73.345217269999978, 5.346234392000042, 0.0 ], [ -73.345294039999942, 5.346309204000022, 0.0 ], [ -73.345370819999971, 5.346383932000037, 0.0 ], [ -73.345448369999986, 5.346459241000048, 0.0 ], [ -73.345488109999962, 5.346497528000043, 0.0 ], [ -73.345527319999974, 5.346534263000024, 0.0 ], [ -73.345567309999979, 5.346571101000052, 0.0 ], [ -73.345606369999985, 5.346607421000044, 0.0 ], [ -73.345645909999973, 5.346644792000063, 0.0 ], [ -73.345675589999985, 5.346673106000026, 0.0 ], [ -73.345684399999982, 5.346681580000052, 0.0 ], [ -73.345703699999945, 5.346700109000039, 0.0 ], [ -73.345742069999972, 5.346737291000068, 0.0 ], [ -73.345762129999969, 5.346756946000028, 0.0 ], [ -73.345800229999952, 5.346794892000048, 0.0 ], [ -73.345839449999971, 5.34683439500003, 0.0 ], [ -73.345877199999961, 5.346873277000043, 0.0 ], [ -73.345915579999939, 5.346911135000028, 0.0 ], [ -73.345942399999956, 5.346937584000045, 0.0 ], [ -73.345992509999974, 5.346987066000054, 0.0 ], [ -73.346068969999976, 5.347062386000061, 0.0 ], [ -73.346144909999964, 5.347136602000035, 0.0 ], [ -73.346183509999946, 5.347173846000032, 0.0 ], [ -73.346221549999939, 5.347210730000029, 0.0 ], [ -73.346258109999951, 5.34724678200007, 0.0 ], [ -73.346298609999963, 5.347288081000045, 0.0 ], [ -73.346331769999949, 5.347322516000077, 0.0 ], [ -73.346375009999974, 5.347368122000034, 0.0 ], [ -73.346431183999982, 5.347426927000072, 0.0 ], [ -73.346451049999985, 5.347447724000062, 0.0 ], [ -73.346524669999951, 5.347523594000052, 0.0 ], [ -73.346574299999986, 5.347573639000075, 0.0 ], [ -73.346601519999979, 5.34760127100003, 0.0 ], [ -73.346676819999971, 5.347678651000024, 0.0 ], [ -73.346751369999936, 5.347755290000066, 0.0 ], [ -73.346789119999983, 5.347793674000059, 0.0 ], [ -73.346826099999987, 5.347830860000045, 0.0 ], [ -73.346901409999987, 5.34790579600002, 0.0 ], [ -73.346952439999939, 5.347956504000024, 0.0 ], [ -73.346977429999981, 5.347981473000061, 0.0 ], [ -73.34700971999996, 5.348013679000076, 0.0 ], [ -73.347052199999951, 5.348056406000069, 0.0 ], [ -73.347129379999956, 5.348133492000045, 0.0 ], [ -73.347206079999978, 5.348209993000069, 0.0 ], [ -73.347282219999954, 5.348286356000074, 0.0 ], [ -73.347358679999957, 5.348363919000064, 0.0 ], [ -73.347434559999954, 5.348442028000022, 0.0 ], [ -73.347472679999953, 5.348481804000073, 0.0 ], [ -73.347509849999938, 5.348521004000077, 0.0 ], [ -73.347585179999953, 5.34860139500006, 0.0 ], [ -73.347658609999939, 5.348682120000035, 0.0 ], [ -73.347694539999964, 5.348721947000058, 0.0 ], [ -73.347729769999944, 5.348764055000061, 0.0 ], [ -73.347763039999961, 5.348804827000038, 0.0 ], [ -73.347797329999935, 5.348846734000062, 0.0 ], [ -73.347865739999975, 5.348929039000041, 0.0 ], [ -73.347900119999963, 5.348969845000056, 0.0 ], [ -73.347935009999958, 5.349010362000058, 0.0 ], [ -73.348006089999956, 5.349090011000044, 0.0 ], [ -73.348042509999971, 5.349130048000063, 0.0 ], [ -73.348078229999942, 5.349168589000044, 0.0 ], [ -73.348152409999955, 5.349247444000071, 0.0 ], [ -73.348177569999962, 5.349274201000071, 0.0 ], [ -73.348226659999966, 5.34932580800006, 0.0 ], [ -73.34830095999996, 5.349403894000034, 0.0 ], [ -73.34837626999996, 5.349483700000064, 0.0 ], [ -73.34845028999996, 5.349563462000049, 0.0 ], [ -73.348524089999955, 5.349643231000073, 0.0 ], [ -73.348596819999955, 5.349721650000049, 0.0 ], [ -73.348671109999941, 5.349802449000038, 0.0 ], [ -73.348708139999985, 5.349843204000024, 0.0 ], [ -73.348745109999982, 5.349881320000065, 0.0 ], [ -73.348822599999949, 5.349960081000063, 0.0 ], [ -73.348896739999986, 5.350035801000047, 0.0 ], [ -73.348940479999953, 5.350081125000031, 0.0 ], [ -73.348971289999952, 5.350113016000023, 0.0 ], [ -73.349009169999988, 5.350152361000028, 0.0 ], [ -73.34904636999994, 5.350190962000056, 0.0 ], [ -73.349122019999982, 5.350268811000035, 0.0 ], [ -73.349198549999983, 5.350346521000063, 0.0 ], [ -73.349238079999964, 5.350386428000036, 0.0 ], [ -73.349275489999968, 5.350424280000027, 0.0 ], [ -73.349352059999944, 5.350501621000035, 0.0 ], [ -73.34942886999994, 5.35057788000006, 0.0 ], [ -73.349507689999939, 5.35065380900005, 0.0 ], [ -73.349585709999985, 5.350727234000033, 0.0 ], [ -73.349665989999949, 5.35080087700004, 0.0 ], [ -73.349706859999969, 5.350837324000054, 0.0 ], [ -73.349746619999962, 5.350872270000025, 0.0 ], [ -73.349818339999956, 5.350935640000046, 0.0 ], [ -73.349859219999985, 5.350972477000028, 0.0 ], [ -73.34989859999996, 5.351010561000066, 0.0 ], [ -73.349975299999983, 5.351086581000061, 0.0 ], [ -73.350051979999989, 5.351163906000068, 0.0 ], [ -73.350090119999948, 5.351202713000021, 0.0 ], [ -73.350128019999943, 5.351241237000067, 0.0 ], [ -73.350166809999962, 5.351280652000071, 0.0 ], [ -73.350204189999943, 5.351317737000045, 0.0 ], [ -73.350243079999984, 5.351356802000055, 0.0 ], [ -73.350280899999973, 5.351395428000046, 0.0 ], [ -73.350319559999946, 5.351435140000035, 0.0 ], [ -73.350357549999956, 5.351473867000038, 0.0 ], [ -73.350433189999933, 5.35155237500004, 0.0 ], [ -73.350508429999934, 5.351631802000043, 0.0 ], [ -73.350582979999956, 5.351711062000049, 0.0 ], [ -73.35062376999997, 5.351754121000056, 0.0 ], [ -73.350644259999967, 5.351775475000068, 0.0 ], [ -73.350658609999982, 5.351790300000062, 0.0 ], [ -73.350684319999971, 5.351816799000062, 0.0 ], [ -73.350720139999964, 5.351854046000028, 0.0 ], [ -73.350756699999977, 5.351896598000053, 0.0 ], [ -73.350824729999943, 5.351980235000042, 0.0 ], [ -73.350892229999943, 5.352062992000072, 0.0 ], [ -73.350927069999955, 5.352105940000058, 0.0 ], [ -73.350957749999964, 5.352147582000043, 0.0 ], [ -73.351019839999935, 5.35223436900003, 0.0 ], [ -73.351082869999971, 5.352319744000056, 0.0 ], [ -73.351146229999983, 5.352405158000067, 0.0 ], [ -73.351209109999957, 5.352491777000068, 0.0 ], [ -73.351250259999972, 5.35254916100007, 0.0 ], [ -73.35127147999998, 5.352578763000054, 0.0 ], [ -73.351278123999975, 5.352587999000036, 0.0 ], [ -73.351301339999964, 5.352620271000035, 0.0 ], [ -73.351335049999989, 5.352666004000071, 0.0 ], [ -73.351378409999938, 5.352725047000035, 0.0 ], [ -73.351399649999962, 5.352753976000031, 0.0 ], [ -73.351463809999984, 5.352841759000057, 0.0 ], [ -73.351527469999951, 5.352930396000033, 0.0 ], [ -73.351591189999965, 5.35302020000006, 0.0 ], [ -73.351618189999954, 5.353058478000037, 0.0 ], [ -73.351653579999947, 5.353108156000076, 0.0 ], [ -73.351716369999963, 5.353197121000051, 0.0 ], [ -73.351778939999974, 5.353286511000022, 0.0 ], [ -73.351802329999941, 5.353319985000041, 0.0 ], [ -73.351841309999941, 5.353375765000067, 0.0 ], [ -73.351872179999987, 5.353419487000053, 0.0 ], [ -73.351887329999954, 5.353440977000048, 0.0 ], [ -73.351903449999952, 5.353463803000068, 0.0 ], [ -73.351965439999958, 5.35355224500006, 0.0 ], [ -73.351996539999959, 5.353597536000052, 0.0 ], [ -73.35202462999996, 5.353644209000038, 0.0 ], [ -73.352050609999935, 5.353689885000051, 0.0 ], [ -73.352078649999953, 5.353739098000062, 0.0 ], [ -73.352132709999978, 5.353833315000031, 0.0 ], [ -73.352185979999945, 5.353925864000075, 0.0 ], [ -73.352239519999955, 5.354020189000039, 0.0 ], [ -73.35226763999998, 5.354071805000046, 0.0 ], [ -73.352289149999933, 5.354115256000057, 0.0 ], [ -73.352311219999933, 5.354163295000035, 0.0 ], [ -73.352332459999957, 5.354209604000062, 0.0 ], [ -73.352361809999934, 5.354272384000069, 0.0 ], [ -73.35237621999994, 5.354303114000061, 0.0 ], [ -73.352399969999965, 5.354353844000059, 0.0 ], [ -73.352424809999945, 5.35440066600006, 0.0 ], [ -73.352444639999987, 5.354435289000037, 0.0 ], [ -73.352478029999986, 5.354492203000063, 0.0 ], [ -73.352504489999944, 5.354536898000049, 0.0 ], [ -73.352529639999943, 5.354583896000065, 0.0 ], [ -73.352546139999959, 5.354616056000054, 0.0 ], [ -73.35258, 5.354680445000042, 0.0 ], [ -73.352605249999954, 5.354728353000041, 0.0 ], [ -73.352628789999983, 5.35477473800006, 0.0 ], [ -73.352638239999976, 5.354793980000068, 0.0 ], [ -73.352667199999985, 5.354853726000044, 0.0 ], [ -73.352713919999985, 5.354951492000055, 0.0 ], [ -73.352761059999978, 5.355049346000044, 0.0 ], [ -73.352806039999962, 5.355148417000066, 0.0 ], [ -73.35282841999998, 5.355197993000047, 0.0 ], [ -73.352852899999959, 5.355248059000076, 0.0 ], [ -73.352889539999978, 5.355320936000055, 0.0 ], [ -73.352902619999952, 5.355346826000073, 0.0 ], [ -73.352952309999978, 5.355442690000075, 0.0 ], [ -73.353002289999949, 5.355538696000053, 0.0 ], [ -73.353053499999987, 5.355634829000053, 0.0 ], [ -73.353077829999961, 5.355680397000071, 0.0 ], [ -73.353105779999964, 5.355729437000036, 0.0 ], [ -73.353141259999973, 5.355789781000055, 0.0 ], [ -73.353169009999988, 5.355836106000027, 0.0 ], [ -73.35319678999997, 5.355881740000029, 0.0 ], [ -73.353223349999951, 5.355924740000034, 0.0 ], [ -73.353253389999963, 5.355973455000026, 0.0 ], [ -73.353310049999948, 5.356065493000074, 0.0 ], [ -73.353338359999952, 5.356111615000032, 0.0 ], [ -73.353367299999945, 5.356156288000022, 0.0 ], [ -73.353427, 5.356246378000037, 0.0 ], [ -73.35348732999995, 5.356336664000025, 0.0 ], [ -73.353510219999976, 5.356371006000074, 0.0 ], [ -73.353551009999933, 5.356424425000057, 0.0 ], [ -73.353617849999978, 5.356510107000076, 0.0 ], [ -73.353660849999983, 5.356564257000059, 0.0 ], [ -73.353688119999958, 5.356593838000038, 0.0 ], [ -73.353761869999971, 5.356672711000044, 0.0 ], [ -73.353834879999965, 5.356753138000045, 0.0 ], [ -73.353870949999987, 5.356793952000032, 0.0 ], [ -73.353907169999957, 5.35683507400006, 0.0 ], [ -73.353942649999965, 5.356876090000071, 0.0 ], [ -73.353975139999989, 5.356917719000023, 0.0 ], [ -73.354004619999955, 5.356956309000054, 0.0 ], [ -73.354038669999966, 5.357000011000025, 0.0 ], [ -73.354102889999979, 5.357082492000075, 0.0 ], [ -73.354136189999963, 5.357125217000032, 0.0 ], [ -73.354167079999968, 5.357164623000074, 0.0 ], [ -73.354193619999933, 5.357198484000037, 0.0 ], [ -73.354233479999948, 5.357250577000059, 0.0 ], [ -73.35429991999996, 5.357336542000041, 0.0 ], [ -73.354367679999939, 5.357421525000063, 0.0 ], [ -73.354438349999953, 5.357505218000028, 0.0 ], [ -73.354508099999975, 5.357588261000046, 0.0 ], [ -73.354543, 5.357629578000058, 0.0 ], [ -73.354578009999955, 5.357670314000075, 0.0 ], [ -73.354613729999983, 5.357711505000054, 0.0 ], [ -73.354648599999962, 5.357751462000067, 0.0 ], [ -73.354719899999964, 5.35783282500006, 0.0 ], [ -73.354755079999961, 5.357873138000059, 0.0 ], [ -73.354789969999956, 5.357913821000068, 0.0 ], [ -73.354820429999961, 5.357949529000052, 0.0 ], [ -73.354860369999983, 5.357997341000043, 0.0 ], [ -73.354894899999977, 5.358038917000044, 0.0 ], [ -73.354929369999979, 5.358082123000031, 0.0 ], [ -73.354971739999939, 5.35813728100004, 0.0 ], [ -73.354995059999965, 5.358168006000028, 0.0 ], [ -73.355016079999984, 5.358196078000049, 0.0 ], [ -73.355058629999974, 5.358253113000046, 0.0 ], [ -73.355098399999974, 5.358307514000046, 0.0 ], [ -73.355120769999985, 5.358338699000058, 0.0 ], [ -73.355141079999953, 5.358367021000049, 0.0 ], [ -73.35518376999994, 5.358426801000064, 0.0 ], [ -73.355247049999946, 5.358514226000068, 0.0 ], [ -73.355295889999979, 5.358580558000028, 0.0 ], [ -73.35531076999996, 5.358600616000047, 0.0 ], [ -73.355375639999977, 5.358686356000021, 0.0 ], [ -73.35544189999996, 5.35877239000007, 0.0 ], [ -73.355509309999945, 5.358857577000038, 0.0 ], [ -73.355576759999963, 5.358941439000034, 0.0 ], [ -73.355612029999975, 5.358983549000072, 0.0 ], [ -73.355645829999958, 5.359025312000028, 0.0 ], [ -73.355679039999984, 5.359066465000069, 0.0 ], [ -73.355718759999945, 5.359106564000058, 0.0 ], [ -73.355774199999985, 5.359156797000026, 0.0 ], [ -73.35581370999995, 5.359190442000056, 0.0 ], [ -73.355862259999981, 5.359216719000074, 0.0 ], [ -73.355901424999956, 5.35923389800007, 0.0 ], [ -73.355907979999984, 5.359236773000021, 0.0 ], [ -73.355960589999938, 5.359260019000033, 0.0 ], [ -73.35600753999995, 5.359282449000034, 0.0 ], [ -73.35605161999996, 5.359315835000075, 0.0 ], [ -73.356064699999934, 5.35932807100005, 0.0 ], [ -73.356091789999937, 5.359353849000058, 0.0 ], [ -73.356129529999976, 5.359389761000045, 0.0 ], [ -73.356165809999936, 5.359425945000055, 0.0 ], [ -73.356200949999959, 5.359465158000035, 0.0 ], [ -73.356247887999984, 5.359520295000038, 0.0 ], [ -73.356252739999945, 5.35952599500007, 0.0 ], [ -73.356271059999983, 5.359547070000076, 0.0 ], [ -73.356340749999958, 5.359625171000062, 0.0 ], [ -73.356374119999941, 5.359665721000056, 0.0 ], [ -73.356398619999936, 5.359714900000029, 0.0 ], [ -73.356417059999956, 5.35976474000006, 0.0 ], [ -73.356430349999982, 5.359802472000069, 0.0 ], [ -73.356441004999965, 5.35983488200003, 0.0 ], [ -73.356446774999938, 5.359852432000025, 0.0 ], [ -73.356460049999953, 5.359905424000033, 0.0 ], [ -73.356471379999959, 5.359958650000067, 0.0 ], [ -73.356479480999951, 5.359996743000067, 0.0 ], [ -73.356482809999989, 5.360012396000059, 0.0 ], [ -73.356485749999933, 5.36002465100006, 0.0 ], [ -73.356496039999968, 5.360063413000034, 0.0 ], [ -73.356506699999954, 5.360101003000068, 0.0 ], [ -73.356523729999935, 5.36016494100005, 0.0 ], [ -73.356548849999967, 5.36026827400002, 0.0 ], [ -73.356571859999974, 5.360371218000068, 0.0 ], [ -73.356582239999966, 5.360420716000021, 0.0 ], [ -73.356593649999979, 5.360476881000068, 0.0 ], [ -73.356604709999942, 5.360530635000032, 0.0 ], [ -73.356617899999947, 5.360582783000041, 0.0 ], [ -73.356641509999974, 5.360659937000037, 0.0 ], [ -73.356674839999982, 5.360762560000069, 0.0 ], [ -73.356691029999979, 5.360809286000062, 0.0 ], [ -73.356712449999975, 5.360865760000024, 0.0 ], [ -73.356731929999967, 5.360914828000034, 0.0 ], [ -73.356755109999938, 5.360965702000044, 0.0 ], [ -73.356802719999962, 5.36106391200002, 0.0 ], [ -73.356851159999962, 5.361161198000048, 0.0 ], [ -73.356878569999935, 5.361210937000067, 0.0 ], [ -73.356913899999938, 5.36124996500007, 0.0 ], [ -73.356955249999942, 5.361284350000062, 0.0 ], [ -73.356998289999979, 5.361317879000069, 0.0 ], [ -73.357039319999956, 5.36134875700003, 0.0 ], [ -73.357084489999977, 5.361379248000048, 0.0 ], [ -73.357175699999971, 5.361437776000059, 0.0 ], [ -73.357222529999945, 5.361468612000067, 0.0 ], [ -73.357265599999948, 5.361499653000067, 0.0 ], [ -73.357319119999943, 5.361539705000041, 0.0 ], [ -73.357351919999985, 5.361564209000051, 0.0 ], [ -73.357439579999948, 5.361629091000054, 0.0 ], [ -73.357484849999935, 5.361662643000045, 0.0 ], [ -73.357526809999968, 5.361693274000061, 0.0 ], [ -73.357564519999983, 5.361720154000068, 0.0 ], [ -73.357618119999984, 5.361754159000043, 0.0 ], [ -73.357654919999959, 5.361776672000076, 0.0 ], [ -73.357709869999951, 5.361809910000034, 0.0 ], [ -73.357802779999986, 5.361865941000076, 0.0 ], [ -73.357848759999968, 5.361894461000077, 0.0 ], [ -73.357891079999945, 5.361927567000066, 0.0 ], [ -73.357930609999983, 5.361962884000036, 0.0 ], [ -73.357971069999962, 5.361999462000028, 0.0 ], [ -73.358011259999955, 5.362036124000042, 0.0 ], [ -73.358051129999978, 5.362072952000062, 0.0 ], [ -73.358085639999956, 5.362106512000025, 0.0 ], [ -73.358117859999936, 5.362154490000023, 0.0 ], [ -73.358172069999966, 5.36224885300004, 0.0 ], [ -73.358200669999974, 5.36229819600004, 0.0 ], [ -73.358218639999961, 5.362328712000021, 0.0 ], [ -73.358228209999936, 5.36234476900006, 0.0 ], [ -73.358285169999988, 5.362439336000023, 0.0 ], [ -73.358341679999967, 5.362531750000073, 0.0 ], [ -73.358370969999953, 5.362579206000021, 0.0 ], [ -73.35839864999997, 5.362623982000059, 0.0 ], [ -73.358429919999935, 5.362673334000021, 0.0 ], [ -73.358460879999939, 5.362713822000046, 0.0 ], [ -73.358495389999973, 5.362755006000043, 0.0 ], [ -73.358532959999934, 5.362795172000062, 0.0 ], [ -73.358608209999943, 5.362872933000062, 0.0 ], [ -73.358644849999962, 5.362913558000059, 0.0 ], [ -73.358674289999954, 5.362957403000053, 0.0 ], [ -73.35870768999996, 5.363017425000066, 0.0 ], [ -73.358726759999968, 5.363052389000075, 0.0 ], [ -73.358777729999986, 5.363146288000053, 0.0 ], [ -73.358828419999952, 5.36324045300006, 0.0 ], [ -73.358879939999952, 5.363334360000067, 0.0 ], [ -73.358932439999933, 5.363428446000057, 0.0 ], [ -73.358968329999982, 5.363492090000022, 0.0 ], [ -73.358985729999972, 5.363523806000046, 0.0 ], [ -73.359028249999938, 5.363602330000049, 0.0 ], [ -73.35903725999998, 5.363618968000026, 0.0 ], [ -73.359089439999934, 5.363713804000042, 0.0 ], [ -73.359141379999983, 5.363802981000049, 0.0 ], [ -73.359168559999944, 5.36384978600006, 0.0 ], [ -73.359192949999965, 5.363898599000038, 0.0 ], [ -73.359238459999972, 5.36399639800004, 0.0 ], [ -73.359258959999977, 5.364039652000031, 0.0 ], [ -73.359271326999988, 5.364064128000052, 0.0 ], [ -73.359271338999974, 5.36406415600004, 0.0 ], [ -73.359333507999963, 5.364212501000054, 0.0 ], [ -73.359374609999975, 5.364313079000055, 0.0 ], [ -73.359438018999981, 5.364471773000048, 0.0 ], [ -73.359501427999987, 5.36463046700004, 0.0 ], [ -73.359520624999959, 5.364681547000032, 0.0 ], [ -73.359530275999987, 5.364706029000047, 0.0 ], [ -73.359531683999933, 5.364708950000022, 0.0 ], [ -73.359535033999975, 5.36471502400002, 0.0 ], [ -73.359538712999949, 5.364720813000076, 0.0 ], [ -73.359582130999968, 5.364783408000051, 0.0 ], [ -73.359598056999971, 5.364805208000064, 0.0 ], [ -73.359623513999964, 5.364837229000045, 0.0 ], [ -73.359657135999953, 5.364870565000047, 0.0 ], [ -73.359689323999987, 5.364897450000058, 0.0 ], [ -73.35969391499998, 5.364901047000046, 0.0 ], [ -73.359845017999987, 5.365003601000069, 0.0 ], [ -73.35998133399994, 5.365083883000068, 0.0 ], [ -73.360117650999939, 5.365164164000021, 0.0 ], [ -73.360204916999976, 5.365211300000055, 0.0 ], [ -73.360327064999979, 5.36527155400006, 0.0 ], [ -73.360449212999981, 5.365331807000075, 0.0 ], [ -73.360456143999954, 5.36533522600007, 0.0 ], [ -73.360620992999941, 5.365421354000034, 0.0 ], [ -73.360785842999974, 5.365507481000066, 0.0 ], [ -73.360785926999938, 5.365507525000055, 0.0 ], [ -73.360811109999986, 5.365522024000029, 0.0 ], [ -73.360904869999956, 5.365575729000057, 0.0 ], [ -73.360950569999943, 5.365602241000033, 0.0 ], [ -73.360996849999935, 5.365632539000046, 0.0 ], [ -73.361025869999935, 5.365652597000064, 0.0 ], [ -73.361057519999974, 5.36567300300004, 0.0 ], [ -73.361087639999937, 5.365691834000074, 0.0 ], [ -73.361179579999941, 5.365750932000026, 0.0 ], [ -73.36125052999995, 5.365798036000058, 0.0 ], [ -73.361302402999968, 5.365833279000071, 0.0 ], [ -73.361340789999986, 5.365859359000069, 0.0 ], [ -73.361431979999963, 5.365921767000032, 0.0 ], [ -73.361520329999962, 5.365981731000034, 0.0 ], [ -73.361611709999977, 5.366042702000072, 0.0 ], [ -73.361703179999949, 5.366101675000039, 0.0 ], [ -73.361732719999964, 5.366120600000045, 0.0 ], [ -73.361795169999937, 5.366161651000027, 0.0 ], [ -73.361841359999971, 5.366191833000073, 0.0 ], [ -73.361885749999942, 5.366220005000059, 0.0 ], [ -73.361976889999937, 5.366277885000045, 0.0 ], [ -73.361994152999955, 5.366288834000045, 0.0 ], [ -73.362066879999986, 5.366334961000064, 0.0 ], [ -73.362157149999973, 5.36639171500002, 0.0 ], [ -73.362246069999969, 5.366447432000029, 0.0 ], [ -73.362292039999943, 5.366476040000066, 0.0 ], [ -73.362334189999956, 5.366503275000071, 0.0 ], [ -73.362378939999985, 5.36653270100004, 0.0 ], [ -73.362421279999978, 5.366560499000059, 0.0 ], [ -73.362457799999959, 5.366584468000042, 0.0 ], [ -73.36250640999998, 5.366616930000021, 0.0 ], [ -73.362590459999979, 5.366673623000054, 0.0 ], [ -73.362639409999986, 5.366707286000064, 0.0 ], [ -73.362676599999986, 5.366732525000032, 0.0 ], [ -73.362708829999974, 5.366754335000053, 0.0 ], [ -73.362763709999967, 5.366791459000069, 0.0 ], [ -73.36281213999996, 5.366824593000047, 0.0 ], [ -73.36285173999994, 5.366851973000053, 0.0 ], [ -73.362937539999962, 5.366913159000035, 0.0 ], [ -73.362969469999939, 5.366936511000063, 0.0 ], [ -73.363028379999946, 5.366971234000061, 0.0 ], [ -73.363122269999963, 5.367023343000028, 0.0 ], [ -73.36316955999996, 5.367050848000076, 0.0 ], [ -73.363215759999946, 5.367081476000067, 0.0 ], [ -73.363304039999946, 5.367144997000025, 0.0 ], [ -73.363373059999958, 5.367194595000058, 0.0 ], [ -73.363462539999944, 5.367259186000069, 0.0 ], [ -73.36355113999997, 5.367321600000025, 0.0 ], [ -73.363604169999974, 5.367358072000059, 0.0 ], [ -73.36364016999994, 5.367385388000059, 0.0 ], [ -73.363684889999945, 5.36742085800006, 0.0 ], [ -73.363691359999962, 5.36742564900004, 0.0 ], [ -73.363723179999965, 5.367447754000068, 0.0 ], [ -73.363813849999985, 5.367506870000057, 0.0 ], [ -73.363822642999935, 5.367512502000068, 0.0 ], [ -73.363898889999973, 5.367561350000074, 0.0 ], [ -73.363905759999966, 5.367565745000036, 0.0 ], [ -73.36394753999997, 5.367591723000032, 0.0 ], [ -73.36399769999997, 5.367620172000045, 0.0 ], [ -73.364030609999986, 5.367638305000071, 0.0 ], [ -73.364090809999936, 5.367673593000063, 0.0 ], [ -73.364153699999974, 5.36771268900003, 0.0 ], [ -73.364186169999982, 5.367733526000052, 0.0 ], [ -73.364233379999973, 5.367765585000029, 0.0 ], [ -73.364269049999962, 5.367796121000026, 0.0 ], [ -73.364348679999978, 5.367871017000027, 0.0 ], [ -73.364402059999975, 5.367924025000036, 0.0 ], [ -73.364466249999964, 5.36798858800006, 0.0 ], [ -73.364478799999972, 5.368001247000052, 0.0 ], [ -73.364494572999945, 5.368017341000041, 0.0 ], [ -73.364554939999948, 5.368078938000053, 0.0 ], [ -73.364612, 5.368137597000043, 0.0 ], [ -73.364630469999952, 5.36815658200004, 0.0 ], [ -73.364667919999988, 5.368196417000036, 0.0 ], [ -73.36470098999996, 5.368239569000025, 0.0 ], [ -73.364728919999948, 5.368280189000075, 0.0 ], [ -73.364763919999973, 5.368321871000035, 0.0 ], [ -73.36479780999997, 5.368359372000043, 0.0 ], [ -73.364832869999987, 5.368400474000055, 0.0 ], [ -73.364854752999975, 5.368426829000043, 0.0 ], [ -73.364863209999953, 5.36843701500004, 0.0 ], [ -73.364900139999975, 5.368477416000076, 0.0 ], [ -73.364904599999988, 5.368482079000046, 0.0 ], [ -73.364946319999945, 5.368525517000023, 0.0 ], [ -73.364954299999965, 5.368533652000053, 0.0 ], [ -73.364983019999954, 5.368562919000055, 0.0 ], [ -73.36502054999994, 5.368601312000067, 0.0 ], [ -73.365040429999965, 5.368621897000025, 0.0 ], [ -73.365078649999987, 5.368661297000074, 0.0 ], [ -73.365092139999945, 5.36867507200003, 0.0 ], [ -73.365115579999951, 5.36869904200006, 0.0 ], [ -73.365154039999936, 5.368738202000031, 0.0 ], [ -73.365163649999943, 5.368747941000038, 0.0 ], [ -73.365191429999982, 5.368775948000064, 0.0 ], [ -73.36523, 5.368814668000027, 0.0 ], [ -73.365236939999988, 5.368821612000033, 0.0 ], [ -73.365268209999954, 5.368852892000064, 0.0 ], [ -73.365308934999973, 5.368893298000046, 0.0 ], [ -73.365348359999984, 5.368932311000037, 0.0 ], [ -73.365382719999957, 5.368966612000065, 0.0 ], [ -73.365418579999982, 5.36900356700005, 0.0 ], [ -73.365453769999988, 5.369045385000049, 0.0 ], [ -73.36547831699994, 5.369076337000024, 0.0 ], [ -73.365518749999978, 5.369127319000029, 0.0 ], [ -73.365558479999947, 5.369176422000066, 0.0 ], [ -73.365588149999951, 5.36921030000002, 0.0 ], [ -73.365661379999949, 5.369290900000067, 0.0 ], [ -73.365697019999971, 5.369329349000054, 0.0 ], [ -73.365737, 5.369367004000026, 0.0 ], [ -73.365785029999984, 5.369408579000037, 0.0 ], [ -73.365818869999941, 5.369437869000024, 0.0 ], [ -73.365859199999989, 5.36947368400007, 0.0 ], [ -73.365897299999972, 5.369511880000061, 0.0 ], [ -73.365929149999943, 5.369545952000067, 0.0 ], [ -73.365969149999955, 5.369593719000022, 0.0 ], [ -73.366036589999965, 5.36967775200003, 0.0 ], [ -73.366068719999987, 5.369718726000031, 0.0 ], [ -73.366099119999944, 5.36976316800002, 0.0 ], [ -73.366140659999985, 5.369828013000074, 0.0 ], [ -73.366156149999938, 5.369852150000042, 0.0 ], [ -73.366180809999946, 5.369890463000047, 0.0 ], [ -73.366218499999945, 5.369939085000055, 0.0 ], [ -73.366290109999966, 5.370022971000026, 0.0 ], [ -73.366361349999977, 5.370104433000051, 0.0 ], [ -73.366396519999967, 5.370143198000051, 0.0 ], [ -73.366435059999958, 5.370182720000059, 0.0 ], [ -73.366457478999962, 5.370204409000053, 0.0 ], [ -73.366457508999986, 5.370204435000062, 0.0 ], [ -73.36647607499998, 5.370220351000057, 0.0 ], [ -73.366503408999961, 5.37024122300005, 0.0 ], [ -73.366527663999989, 5.370259743000076, 0.0 ], [ -73.366538186999946, 5.370267280000064, 0.0 ], [ -73.366546494999966, 5.370272354000065, 0.0 ], [ -73.366554836999967, 5.370276363000073, 0.0 ], [ -73.366565572999946, 5.370280827000045, 0.0 ], [ -73.366574758999946, 5.370284102000028, 0.0 ], [ -73.366602229999955, 5.370293898000057, 0.0 ], [ -73.366614787999936, 5.370298208000065, 0.0 ], [ -73.366625040999963, 5.370300791000034, 0.0 ], [ -73.36663206299994, 5.370301956000048, 0.0 ], [ -73.366641395999977, 5.370302707000064, 0.0 ], [ -73.366649515999939, 5.370302880000054, 0.0 ], [ -73.366656717999945, 5.370302673000026, 0.0 ], [ -73.366675739999948, 5.37030175700005, 0.0 ], [ -73.36673637399997, 5.370297518000029, 0.0 ], [ -73.366760413999941, 5.370295340000041, 0.0 ], [ -73.366825691999964, 5.370288066000057, 0.0 ], [ -73.366832582999962, 5.370287301000076, 0.0 ], [ -73.366835, 5.370287034000057, 0.0 ], [ -73.366835915999957, 5.370286902000032, 0.0 ], [ -73.366862195999943, 5.370282590000045, 0.0 ], [ -73.366913391999958, 5.370271979000051, 0.0 ], [ -73.366927216999954, 5.37026869500005, 0.0 ], [ -73.366991498999937, 5.370250935000058, 0.0 ], [ -73.367046025999969, 5.370235162000029, 0.0 ], [ -73.367077888999972, 5.370226291000051, 0.0 ], [ -73.367134182999962, 5.370211352000069, 0.0 ], [ -73.36717383499996, 5.370202289000076, 0.0 ], [ -73.367174018999947, 5.37020225200007, 0.0 ], [ -73.367185007999979, 5.370200151000063, 0.0 ], [ -73.367191206999962, 5.37019899400002, 0.0 ], [ -73.367198302999952, 5.370198056000049, 0.0 ], [ -73.36720109099997, 5.370197838000024, 0.0 ], [ -73.367203008999979, 5.370197823000069, 0.0 ], [ -73.367204862999984, 5.370197887000074, 0.0 ], [ -73.367206862999979, 5.370198045000052, 0.0 ], [ -73.367208439999956, 5.370198240000036, 0.0 ], [ -73.367210215999933, 5.370198542000026, 0.0 ], [ -73.367213470999957, 5.370199198000023, 0.0 ], [ -73.367215718999944, 5.370199697000032, 0.0 ], [ -73.367243327999972, 5.370206318000044, 0.0 ], [ -73.367257590999941, 5.370210290000045, 0.0 ], [ -73.367281859999935, 5.370218542000032, 0.0 ], [ -73.367299929999945, 5.370225614000049, 0.0 ], [ -73.367316837999965, 5.37023319900004, 0.0 ], [ -73.367353316999981, 5.370250531000067, 0.0 ], [ -73.367367968999986, 5.370257819000074, 0.0 ], [ -73.367413819999967, 5.370280624000031, 0.0 ], [ -73.367449719999968, 5.370300172000043, 0.0 ], [ -73.36744979499997, 5.370300213000064, 0.0 ], [ -73.367455389999975, 5.370303515000046, 0.0 ], [ -73.367513299999985, 5.370338102000062, 0.0 ], [ -73.367604879999988, 5.37039495700003, 0.0 ], [ -73.367658836999965, 5.370429526000066, 0.0 ], [ -73.367694929999971, 5.370452651000051, 0.0 ], [ -73.367740429999969, 5.370482133000053, 0.0 ], [ -73.367781639999976, 5.370510394000064, 0.0 ], [ -73.367826249999951, 5.370542017000048, 0.0 ], [ -73.36785888999998, 5.370565192000072, 0.0 ], [ -73.367896129999963, 5.370590407000066, 0.0 ], [ -73.367944739999984, 5.37061361800005, 0.0 ], [ -73.367998529999966, 5.370635739000022, 0.0 ], [ -73.368017819999977, 5.370643539000071, 0.0 ], [ -73.368046349999986, 5.370655464000038, 0.0 ], [ -73.368093549999969, 5.370677158000035, 0.0 ], [ -73.368188889999942, 5.370723966000071, 0.0 ], [ -73.368250669999952, 5.370755889000066, 0.0 ], [ -73.368284699999947, 5.370775830000071, 0.0 ], [ -73.368375839999942, 5.370834098000046, 0.0 ], [ -73.368466869999963, 5.370894320000048, 0.0 ], [ -73.368512279999948, 5.370924272000025, 0.0 ], [ -73.368558009999958, 5.370953933000067, 0.0 ], [ -73.368649709999943, 5.371012474000054, 0.0 ], [ -73.36869194999997, 5.371039683000049, 0.0 ], [ -73.368739299999959, 5.371070409000026, 0.0 ], [ -73.368831, 5.371130141000037, 0.0 ], [ -73.368920279999941, 5.37118928600006, 0.0 ], [ -73.368955549999953, 5.371213457000067, 0.0 ], [ -73.369010709999941, 5.371247826000058, 0.0 ], [ -73.369101839999985, 5.371303456000021, 0.0 ], [ -73.369147369999951, 5.371331832000067, 0.0 ], [ -73.369193799999948, 5.371360890000062, 0.0 ], [ -73.369285579999939, 5.371418682000069, 0.0 ], [ -73.369378639999979, 5.37147697100005, 0.0 ], [ -73.369441069999937, 5.37151654500002, 0.0 ], [ -73.369470749999948, 5.371535667000046, 0.0 ], [ -73.369510759999969, 5.371561830000076, 0.0 ], [ -73.369562409999958, 5.371595606000028, 0.0 ], [ -73.369651859999976, 5.371655907000047, 0.0 ], [ -73.369740149999984, 5.371718859000055, 0.0 ], [ -73.369779659999949, 5.371746949000055, 0.0 ], [ -73.369828389999952, 5.371780941000054, 0.0 ], [ -73.369845891999944, 5.37179332200003, 0.0 ], [ -73.369859849999955, 5.37180319600003, 0.0 ], [ -73.369900529999938, 5.371832403000042, 0.0 ], [ -73.369946389999939, 5.371864049000067, 0.0 ], [ -73.369998969999983, 5.371899471000063, 0.0 ], [ -73.370031769999969, 5.371921892000046, 0.0 ], [ -73.370064699999944, 5.371944427000074, 0.0 ], [ -73.370120689999965, 5.371981535000032, 0.0 ], [ -73.370149439999977, 5.372000111000034, 0.0 ], [ -73.370179779999944, 5.372019599000055, 0.0 ], [ -73.37021741999996, 5.372042979000071, 0.0 ], [ -73.370271069999944, 5.372074635000047, 0.0 ], [ -73.37031589999998, 5.372100759000034, 0.0 ], [ -73.370363269999984, 5.372128413000041, 0.0 ], [ -73.370406009999954, 5.372152619000076, 0.0 ], [ -73.37045988999995, 5.372180259000061, 0.0 ], [ -73.370557169999984, 5.372228251000024, 0.0 ], [ -73.370606869999961, 5.372252657000047, 0.0 ], [ -73.37065500999995, 5.37227557600005, 0.0 ], [ -73.370684659999938, 5.37228949100006, 0.0 ], [ -73.370697739999969, 5.372295661000067, 0.0 ], [ -73.370751259999963, 5.37232087700005, 0.0 ], [ -73.37078755999994, 5.372337943000048, 0.0 ], [ -73.370849529999987, 5.372367351000037, 0.0 ], [ -73.370892889999936, 5.372387852000031, 0.0 ], [ -73.370946479999986, 5.372414432000028, 0.0 ], [ -73.371044039999958, 5.372464169000068, 0.0 ], [ -73.371141389999934, 5.372515458000066, 0.0 ], [ -73.371236669999973, 5.372567145000062, 0.0 ], [ -73.371330299999954, 5.372618456000055, 0.0 ], [ -73.371426289999988, 5.372671095000044, 0.0 ], [ -73.37152285999997, 5.372723545000042, 0.0 ], [ -73.371619739999971, 5.372775972000056, 0.0 ], [ -73.371650779999982, 5.372792574000073, 0.0 ], [ -73.371715279999989, 5.372824643000058, 0.0 ], [ -73.37176489999996, 5.372848757000042, 0.0 ], [ -73.37181271999998, 5.372871721000024, 0.0 ], [ -73.371862389999933, 5.372894987000052, 0.0 ], [ -73.371912139999949, 5.372917614000073, 0.0 ], [ -73.371944649999989, 5.372932373000026, 0.0 ], [ -73.372006769999984, 5.37296953300006, 0.0 ], [ -73.372013179999954, 5.372973620000039, 0.0 ], [ -73.372097879999956, 5.373028688000034, 0.0 ], [ -73.372188709999989, 5.373087690000034, 0.0 ], [ -73.372229659999959, 5.373114047000058, 0.0 ], [ -73.372281929999986, 5.373142592000022, 0.0 ], [ -73.372327379999945, 5.37316571100007, 0.0 ], [ -73.372381049999944, 5.373194090000027, 0.0 ], [ -73.372472809999977, 5.373243946000059, 0.0 ], [ -73.372522419999939, 5.373272343000053, 0.0 ], [ -73.372565219999956, 5.373300599000061, 0.0 ], [ -73.372598919999973, 5.373324528000069, 0.0 ], [ -73.372617699999978, 5.373337199000048, 0.0 ], [ -73.372668789999977, 5.373369913000033, 0.0 ], [ -73.372708089999946, 5.373395069000026, 0.0 ], [ -73.372750889999963, 5.373422262000076, 0.0 ], [ -73.372801409999965, 5.373452056000076, 0.0 ], [ -73.372897169999987, 5.373505391000037, 0.0 ], [ -73.372952699999985, 5.373536280000053, 0.0 ], [ -73.372992569999951, 5.373559660000069, 0.0 ], [ -73.373083209999947, 5.373614987000053, 0.0 ], [ -73.373175549999985, 5.373671397000066, 0.0 ], [ -73.37321301999998, 5.373693418000073, 0.0 ], [ -73.373267, 5.373725473000036, 0.0 ], [ -73.373324963999949, 5.373760461000074, 0.0 ], [ -73.373360529999957, 5.373781929000074, 0.0 ], [ -73.373453139999981, 5.373840265000069, 0.0 ], [ -73.373497049999969, 5.373868478000077, 0.0 ], [ -73.373544769999967, 5.373899178000045, 0.0 ], [ -73.373578189999989, 5.373920596000062, 0.0 ], [ -73.373636869999984, 5.373958426000058, 0.0 ], [ -73.373667789999956, 5.373978230000034, 0.0 ], [ -73.373726909999959, 5.374015772000064, 0.0 ], [ -73.373778289999962, 5.374047986000051, 0.0 ], [ -73.373816039999951, 5.374073226000064, 0.0 ], [ -73.373850389999973, 5.374096887000064, 0.0 ], [ -73.373901649999937, 5.374132424000038, 0.0 ], [ -73.373941419999937, 5.374160870000026, 0.0 ], [ -73.373983949999968, 5.374196962000042, 0.0 ], [ -73.37405954999997, 5.374267708000048, 0.0 ], [ -73.374131779999971, 5.374336614000072, 0.0 ], [ -73.374164489999941, 5.374368709000066, 0.0 ], [ -73.374205739999979, 5.374413700000048, 0.0 ], [ -73.374233019999963, 5.37444513500003, 0.0 ], [ -73.374272839999946, 5.374496344000022, 0.0 ], [ -73.374302269999987, 5.374535381000044, 0.0 ], [ -73.374334739999938, 5.374578574000054, 0.0 ], [ -73.374395249999964, 5.374660191000032, 0.0 ], [ -73.374455089999969, 5.374742794000042, 0.0 ], [ -73.374482369999953, 5.37478287700003, 0.0 ], [ -73.374506869999948, 5.374831226000026, 0.0 ], [ -73.374528019999957, 5.374879816000032, 0.0 ], [ -73.374548939999954, 5.374926844000072, 0.0 ], [ -73.374592599999971, 5.375021350000054, 0.0 ], [ -73.374637929999949, 5.375116658000024, 0.0 ], [ -73.374686289999943, 5.375209945000051, 0.0 ], [ -73.374709009999947, 5.375252325000076, 0.0 ], [ -73.374732949999952, 5.375300941000035, 0.0 ], [ -73.374776989999987, 5.375392377000026, 0.0 ], [ -73.374820219999947, 5.375485322000031, 0.0 ], [ -73.37484102999997, 5.375530726000022, 0.0 ], [ -73.374862899999982, 5.375580160000027, 0.0 ], [ -73.374903619999941, 5.375677188000054, 0.0 ], [ -73.374943929999972, 5.375774974000024, 0.0 ], [ -73.374957979999976, 5.375809379000032, 0.0 ], [ -73.374970729999973, 5.375841339000033, 0.0 ], [ -73.374990409999953, 5.375891826000043, 0.0 ], [ -73.37501076999996, 5.375942335000047, 0.0 ], [ -73.375019619999989, 5.375963309000042, 0.0 ], [ -73.375023829999975, 5.375972904000037, 0.0 ], [ -73.375053059999971, 5.376039582000033, 0.0 ], [ -73.375099009999985, 5.37613628400004, 0.0 ], [ -73.375121859999979, 5.376180456000043, 0.0 ], [ -73.37515456999995, 5.376224434000051, 0.0 ], [ -73.375185159999944, 5.376257569000074, 0.0 ], [ -73.375226979999979, 5.376301947000059, 0.0 ], [ -73.375263099999984, 5.376339589000054, 0.0 ], [ -73.375302589999933, 5.376376366000045, 0.0 ], [ -73.375382179999974, 5.376446525000063, 0.0 ], [ -73.375422829999934, 5.376483185000041, 0.0 ], [ -73.37546003999995, 5.376515290000043, 0.0 ], [ -73.375538819999974, 5.37658084900005, 0.0 ], [ -73.375573199999963, 5.376609522000024, 0.0 ], [ -73.375613829999963, 5.376647992000073, 0.0 ], [ -73.375685189999956, 5.37671884100007, 0.0 ], [ -73.37575658999998, 5.376788312000031, 0.0 ], [ -73.375785729999961, 5.376816230000031, 0.0 ], [ -73.375830119999989, 5.376858845000072, 0.0 ], [ -73.375852254999984, 5.376880478000032, 0.0 ], [ -73.375866709999968, 5.376894606000064, 0.0 ], [ -73.375905259999968, 5.376935890000027, 0.0 ], [ -73.375941659999967, 5.376976823000064, 0.0 ], [ -73.375975049999965, 5.377019454000049, 0.0 ], [ -73.376037369999949, 5.377107484000021, 0.0 ], [ -73.376055919999942, 5.377133714000024, 0.0 ], [ -73.376095809999981, 5.377199160000032, 0.0 ], [ -73.376149379999958, 5.377294280000058, 0.0 ], [ -73.376202949999936, 5.377388807000045, 0.0 ], [ -73.376232389999984, 5.377440265000075, 0.0 ], [ -73.376249479999956, 5.377469947000066, 0.0 ], [ -73.376284789999943, 5.377535641000065, 0.0 ], [ -73.376297870999963, 5.377560343000027, 0.0 ], [ -73.376336099999946, 5.377632532000064, 0.0 ], [ -73.376354019999951, 5.377666993000048, 0.0 ], [ -73.376384379999934, 5.377727288000074, 0.0 ], [ -73.376409309999985, 5.377778047000049, 0.0 ], [ -73.376423379999949, 5.377806429000032, 0.0 ], [ -73.376432579999971, 5.377824831000055, 0.0 ], [ -73.376480909999941, 5.37792388400004, 0.0 ], [ -73.37652774999998, 5.378021349000051, 0.0 ], [ -73.376554619999979, 5.378077852000047, 0.0 ], [ -73.376573629999939, 5.37811845400006, 0.0 ], [ -73.376592559999949, 5.378159602000039, 0.0 ], [ -73.376618159999964, 5.378216658000042, 0.0 ], [ -73.376647369999944, 5.37828038300006, 0.0 ], [ -73.376662419999946, 5.378313368000022, 0.0 ], [ -73.376706319999982, 5.378407627000058, 0.0 ], [ -73.376737989999981, 5.378472643000066, 0.0 ], [ -73.376753459999975, 5.378502517000072, 0.0 ], [ -73.376778449999961, 5.378547926000067, 0.0 ], [ -73.376807959999951, 5.378593273000035, 0.0 ], [ -73.376835139999969, 5.378632278000055, 0.0 ], [ -73.376869799999952, 5.378682813000069, 0.0 ], [ -73.376930869999967, 5.378773594000052, 0.0 ], [ -73.37695900999995, 5.378815779000035, 0.0 ], [ -73.376991769999961, 5.378863680000052, 0.0 ], [ -73.377019919999952, 5.378904557000055, 0.0 ], [ -73.377051499999936, 5.378949900000066, 0.0 ], [ -73.377111539999987, 5.379036896000059, 0.0 ], [ -73.377139919999934, 5.379078518000028, 0.0 ], [ -73.377168769999969, 5.379127706000077, 0.0 ], [ -73.377194179999947, 5.379174499000044, 0.0 ], [ -73.37721984999996, 5.379222416000061, 0.0 ], [ -73.377244939999969, 5.379269954000051, 0.0 ], [ -73.377268019999974, 5.379319450000025, 0.0 ], [ -73.377312, 5.379419289000055, 0.0 ], [ -73.377343599999961, 5.379492492000054, 0.0 ], [ -73.377355529999988, 5.379520635000063, 0.0 ], [ -73.377355586999954, 5.379520787000047, 0.0 ], [ -73.377424881999957, 5.379706552000073, 0.0 ], [ -73.377444173999947, 5.379771344000062, 0.0 ], [ -73.377449797999986, 5.379795736000062, 0.0 ], [ -73.377459465999948, 5.379864199000053, 0.0 ], [ -73.377459992999945, 5.379876813000067, 0.0 ], [ -73.377459624999972, 5.379909339000051, 0.0 ], [ -73.377457553999989, 5.379937105000067, 0.0 ], [ -73.377443320999987, 5.380045447000043, 0.0 ], [ -73.377437553999982, 5.380089343000066, 0.0 ], [ -73.377420895999933, 5.380266587000051, 0.0 ], [ -73.377404125999988, 5.380469067000035, 0.0 ], [ -73.377394877999961, 5.380588463000038, 0.0 ], [ -73.377390371999979, 5.380722480000031, 0.0 ], [ -73.377390195999965, 5.380751187000044, 0.0 ], [ -73.377392807999968, 5.380786448000038, 0.0 ], [ -73.377394841999944, 5.380799025000044, 0.0 ], [ -73.377403440999956, 5.380828167000061, 0.0 ], [ -73.377431781999974, 5.380894669000043, 0.0 ], [ -73.377445860999956, 5.380923126000027, 0.0 ], [ -73.377464359999976, 5.380956824000066, 0.0 ], [ -73.377505396999936, 5.381023080000034, 0.0 ], [ -73.377543220999939, 5.381087473000036, 0.0 ], [ -73.377551278999988, 5.381101191000027, 0.0 ], [ -73.377559891999965, 5.381117789000029, 0.0 ], [ -73.377566119999983, 5.381132144000048, 0.0 ], [ -73.37757285899994, 5.381151257000056, 0.0 ], [ -73.377592189999973, 5.381218462000049, 0.0 ], [ -73.377599679999946, 5.381252018000055, 0.0 ], [ -73.377611631999969, 5.381332850000035, 0.0 ], [ -73.377613968999981, 5.381356185000072, 0.0 ], [ -73.37761613899994, 5.381393446000061, 0.0 ], [ -73.37762143599997, 5.38148437500007, 0.0 ], [ -73.377626188999955, 5.381565961000035, 0.0 ], [ -73.377628934999962, 5.381613093000055, 0.0 ], [ -73.377629507999984, 5.381621817000052, 0.0 ], [ -73.377636965999955, 5.381735226000046, 0.0 ], [ -73.377639628999987, 5.381775268000069, 0.0 ], [ -73.377641257999983, 5.381812762000038, 0.0 ], [ -73.377640496999959, 5.381832515000042, 0.0 ], [ -73.377638244999957, 5.381862933000036, 0.0 ], [ -73.377634278999949, 5.381895159000067, 0.0 ], [ -73.377621103999957, 5.382002233000037, 0.0 ], [ -73.377619591999974, 5.382019231000072, 0.0 ], [ -73.377617438999948, 5.382043423000027, 0.0 ], [ -73.377614453999968, 5.38211839500002, 0.0 ], [ -73.377609660999951, 5.382238765000068, 0.0 ], [ -73.377604636999934, 5.382354239000051, 0.0 ], [ -73.377598353999986, 5.382463274000031, 0.0 ], [ -73.377596086999972, 5.382483438000065, 0.0 ], [ -73.377593373999957, 5.382500298000025, 0.0 ], [ -73.377590271999964, 5.382514406000041, 0.0 ], [ -73.377585589999967, 5.38253046400007, 0.0 ], [ -73.377583355999946, 5.38253710500004, 0.0 ], [ -73.377578176999975, 5.382551401000057, 0.0 ], [ -73.377575323999963, 5.382558776000053, 0.0 ], [ -73.377571199999977, 5.382568486000025, 0.0 ], [ -73.377550968999969, 5.382612122000069, 0.0 ], [ -73.377511764999952, 5.382696858000031, 0.0 ], [ -73.377503047999937, 5.382715803000053, 0.0 ], [ -73.377471409999941, 5.382785153000043, 0.0 ], [ -73.37746883899996, 5.382791226000052, 0.0 ], [ -73.377433707999955, 5.382874142000048, 0.0 ], [ -73.37740940599997, 5.382930907000059, 0.0 ], [ -73.377345634999983, 5.383072941000023, 0.0 ], [ -73.37731458199994, 5.383141841000054, 0.0 ], [ -73.377284688999964, 5.383205740000051, 0.0 ], [ -73.377261880999981, 5.383252907000042, 0.0 ], [ -73.377250894999975, 5.383274633000042, 0.0 ], [ -73.377194140999961, 5.383377190000033, 0.0 ], [ -73.377128513999935, 5.383498343000042, 0.0 ], [ -73.377104627999984, 5.38354640600005, 0.0 ], [ -73.377070111999956, 5.383621002000041, 0.0 ], [ -73.377010259999963, 5.383750353000039, 0.0 ], [ -73.376982468999984, 5.383806753000044, 0.0 ], [ -73.376930042999959, 5.383910401000037, 0.0 ], [ -73.376857112999971, 5.384049826000023, 0.0 ], [ -73.376801846999967, 5.38415593600007, 0.0 ], [ -73.376748035999981, 5.384261264000031, 0.0 ], [ -73.376700925999955, 5.384353474000022, 0.0 ], [ -73.376639886999953, 5.384467627000049, 0.0 ], [ -73.376567766999983, 5.384600109000075, 0.0 ], [ -73.376523711999937, 5.384679456000072, 0.0 ], [ -73.37646966899996, 5.384771173000047, 0.0 ], [ -73.376429091999967, 5.38484003700006, 0.0 ], [ -73.376401736999981, 5.384886462000054, 0.0 ], [ -73.376388085999963, 5.384910084000069, 0.0 ], [ -73.37636895199995, 5.384946336000041, 0.0 ], [ -73.376368645999946, 5.384946936000063, 0.0 ], [ -73.376354173999971, 5.384975366000049, 0.0 ], [ -73.376345427999979, 5.384992545000046, 0.0 ], [ -73.376334679999957, 5.385013618000073, 0.0 ], [ -73.37633096999997, 5.385021485000038, 0.0 ], [ -73.376325832999953, 5.38503316300006, 0.0 ], [ -73.376322954999978, 5.385040342000025, 0.0 ], [ -73.376319330999934, 5.385050402000047, 0.0 ], [ -73.37631599599996, 5.385059925000064, 0.0 ], [ -73.376312778999988, 5.38507048300005, 0.0 ], [ -73.376304913999945, 5.385102185000051, 0.0 ], [ -73.376303251999957, 5.385111319000032, 0.0 ], [ -73.376300810999965, 5.385130846000038, 0.0 ], [ -73.376300302999937, 5.385141203000046, 0.0 ], [ -73.37629846599998, 5.385178649000068, 0.0 ], [ -73.376298134999956, 5.385215068000036, 0.0 ], [ -73.376298877999943, 5.385226813000031, 0.0 ], [ -73.376301306999949, 5.385245126000029, 0.0 ], [ -73.376313767999989, 5.385319268000046, 0.0 ], [ -73.376326227999982, 5.385393410000063, 0.0 ], [ -73.376332675999947, 5.385431777000065, 0.0 ], [ -73.376337004999982, 5.385454165000056, 0.0 ], [ -73.376338576999956, 5.385461329000066, 0.0 ], [ -73.376341126999989, 5.38547094200004, 0.0 ], [ -73.376346812999941, 5.385490876000063, 0.0 ], [ -73.37635907799995, 5.385528111000042, 0.0 ], [ -73.37637674299998, 5.385581741000067, 0.0 ], [ -73.376414969999985, 5.385697796000045, 0.0 ], [ -73.376444977999938, 5.38578801500006, 0.0 ], [ -73.376469885999938, 5.385862702000054, 0.0 ], [ -73.376476958999945, 5.385883909000029, 0.0 ], [ -73.376479626999981, 5.385894409000059, 0.0 ], [ -73.376483393999933, 5.385915411000042, 0.0 ], [ -73.376484817999938, 5.385924921000026, 0.0 ], [ -73.37648792899995, 5.386005502000046, 0.0 ], [ -73.376488150999933, 5.386078722000036, 0.0 ], [ -73.376482616999965, 5.386203718000047, 0.0 ], [ -73.376479024999981, 5.386339624000072, 0.0 ], [ -73.376479534999987, 5.386348502000033, 0.0 ], [ -73.376484510999944, 5.386435045000042, 0.0 ], [ -73.376486463999981, 5.386457991000043, 0.0 ], [ -73.376489317999983, 5.386478801000067, 0.0 ], [ -73.37649291799994, 5.386494822000031, 0.0 ], [ -73.376496463999956, 5.386507738000034, 0.0 ], [ -73.376501857999983, 5.38652365300004, 0.0 ], [ -73.376503560999936, 5.386528156000054, 0.0 ], [ -73.376509659999954, 5.386542488000032, 0.0 ], [ -73.376513665999937, 5.386550801000055, 0.0 ], [ -73.376522963999946, 5.386568616000034, 0.0 ], [ -73.376533904999974, 5.386587846000054, 0.0 ], [ -73.376538075999974, 5.386594659000025, 0.0 ], [ -73.376562442999955, 5.386632760000055, 0.0 ], [ -73.376564049999956, 5.386635188000071, 0.0 ], [ -73.376573820999965, 5.386649110000064, 0.0 ], [ -73.376589655999965, 5.386669029000075, 0.0 ], [ -73.376595054999939, 5.386675229000048, 0.0 ], [ -73.376603669999952, 5.386683525000024, 0.0 ], [ -73.376624852999953, 5.386703923000027, 0.0 ], [ -73.376640213999963, 5.38671871400004, 0.0 ], [ -73.376653596999972, 5.386729808000041, 0.0 ], [ -73.376653634999968, 5.386729840000044, 0.0 ], [ -73.376683659999969, 5.386751838000066, 0.0 ], [ -73.376718809999943, 5.386773623000067, 0.0 ], [ -73.376755189999983, 5.386796142000037, 0.0 ], [ -73.376797539999984, 5.386822189000043, 0.0 ], [ -73.376832639999975, 5.386843540000029, 0.0 ], [ -73.376912689999983, 5.386890231000052, 0.0 ], [ -73.376952009999968, 5.386911957000052, 0.0 ], [ -73.376999539999986, 5.386928026000021, 0.0 ], [ -73.37704795999997, 5.386937768000053, 0.0 ], [ -73.377100839999969, 5.386938365000049, 0.0 ], [ -73.377137949999963, 5.386935392000055, 0.0 ], [ -73.377196549999951, 5.386930539000048, 0.0 ], [ -73.377206089999959, 5.386929672000065, 0.0 ], [ -73.377243049999947, 5.386926990000063, 0.0 ], [ -73.377296069999943, 5.38692396600004, 0.0 ], [ -73.377350269999965, 5.386921493000045, 0.0 ], [ -73.377408099999968, 5.386920534000069, 0.0 ], [ -73.377456959999961, 5.386927064000076, 0.0 ], [ -73.377505589999942, 5.386938701000076, 0.0 ], [ -73.377559449999978, 5.386961176000057, 0.0 ], [ -73.37761471999994, 5.386990659000048, 0.0 ], [ -73.377636549999977, 5.387003801000048, 0.0 ], [ -73.377636683999981, 5.38700387800003, 0.0 ], [ -73.377683890999947, 5.387031103000027, 0.0 ], [ -73.377786730999958, 5.387098225000045, 0.0 ], [ -73.377793702999952, 5.387102776000063, 0.0 ], [ -73.377863608999974, 5.387148402000037, 0.0 ], [ -73.377881553999941, 5.387158353000075, 0.0 ], [ -73.377886470999954, 5.387160698000059, 0.0 ], [ -73.377890459999946, 5.387162541000066, 0.0 ], [ -73.377952277999952, 5.387185880000061, 0.0 ], [ -73.378011435999952, 5.387205976000075, 0.0 ], [ -73.378046266999945, 5.387217808000059, 0.0 ], [ -73.378063562999955, 5.387224400000036, 0.0 ], [ -73.378064510999934, 5.38722479200004, 0.0 ], [ -73.378071682999973, 5.387228, 0.0 ], [ -73.378075066999941, 5.387229570000045, 0.0 ], [ -73.378082728999971, 5.387233525000056, 0.0 ], [ -73.378125224999962, 5.387257693000038, 0.0 ], [ -73.378132069999936, 5.387261942000066, 0.0 ], [ -73.37813809499994, 5.387266156000067, 0.0 ], [ -73.378142711999942, 5.38726957700004, 0.0 ], [ -73.378146769999944, 5.387272940000059, 0.0 ], [ -73.378227186999936, 5.38734743200007, 0.0 ], [ -73.378285239999968, 5.387401042000022, 0.0 ], [ -73.37835522599994, 5.387465671000029, 0.0 ], [ -73.378398828999934, 5.387504021000041, 0.0 ], [ -73.378476165999984, 5.387565357000028, 0.0 ], [ -73.378546866999955, 5.387621430000024, 0.0 ], [ -73.378622533999987, 5.387681441000041, 0.0 ], [ -73.378685824999934, 5.387731637000059, 0.0 ], [ -73.37874385899994, 5.387778616000048, 0.0 ], [ -73.378806557999951, 5.387830859000076, 0.0 ], [ -73.378867526999954, 5.387881660000062, 0.0 ], [ -73.378922533999969, 5.387927494000053, 0.0 ], [ -73.379003435999948, 5.38799846400002, 0.0 ], [ -73.379028385999959, 5.388022152000076, 0.0 ], [ -73.379069063999964, 5.388068282000063, 0.0 ], [ -73.379089046999979, 5.388095286000066, 0.0 ], [ -73.379158209999957, 5.388184459000058, 0.0 ], [ -73.379214037999986, 5.388252814000055, 0.0 ], [ -73.379225201999986, 5.388265774000047, 0.0 ], [ -73.379253667999933, 5.388300213000036, 0.0 ], [ -73.379312914999957, 5.388379863000068, 0.0 ], [ -73.379381939999973, 5.388472658000069, 0.0 ], [ -73.379441530999941, 5.388552237000056, 0.0 ], [ -73.379546764999986, 5.38868842100004, 0.0 ], [ -73.379649350999955, 5.388821179000047, 0.0 ], [ -73.379731470999957, 5.388927451000029, 0.0 ], [ -73.379837320999968, 5.389064432000055, 0.0 ], [ -73.379860606999955, 5.389098112000056, 0.0 ], [ -73.379904486999976, 5.389176113000076, 0.0 ], [ -73.379976218999957, 5.389303626000071, 0.0 ], [ -73.38005949099994, 5.389455506000047, 0.0 ], [ -73.380170321999969, 5.389663418000055, 0.0 ], [ -73.380238880999968, 5.389807836000045, 0.0 ], [ -73.380285919999949, 5.389906923000069, 0.0 ], [ -73.380310252999948, 5.389954097000043, 0.0 ], [ -73.380340364999938, 5.39000687500004, 0.0 ], [ -73.380382660999942, 5.390074985000069, 0.0 ], [ -73.380455422999944, 5.390192154000033, 0.0 ], [ -73.380463899999938, 5.390205805000051, 0.0 ], [ -73.380473054999982, 5.390225566000026, 0.0 ], [ -73.380534312999941, 5.390382577000025, 0.0 ], [ -73.380595571999947, 5.390539587000035, 0.0 ], [ -73.380619471999978, 5.390589041000055, 0.0 ], [ -73.380630863999954, 5.390610027000037, 0.0 ], [ -73.380740906999961, 5.390790372000026, 0.0 ], [ -73.380763558999945, 5.39083221900006, 0.0 ], [ -73.380780667999943, 5.390870147000044, 0.0 ], [ -73.380811841999957, 5.390953224000043, 0.0 ], [ -73.380852121999965, 5.391090055000063, 0.0 ], [ -73.380901888999972, 5.391260614000032, 0.0 ], [ -73.380919826999957, 5.391317179000055, 0.0 ], [ -73.380956451999964, 5.391415361000043, 0.0 ], [ -73.380995073999941, 5.391518899000062, 0.0 ], [ -73.381009702999961, 5.391556382000033, 0.0 ], [ -73.381023690999939, 5.391584764000072, 0.0 ], [ -73.381040165999934, 5.391612366000061, 0.0 ], [ -73.381056178999984, 5.391635868000037, 0.0 ], [ -73.38110858899995, 5.391706587000044, 0.0 ], [ -73.381133359999978, 5.391740012000071, 0.0 ], [ -73.381182517999946, 5.391806344000031, 0.0 ], [ -73.381220724999935, 5.391852310000047, 0.0 ], [ -73.381224832999976, 5.391856942000061, 0.0 ], [ -73.381258725999942, 5.391891298000075, 0.0 ], [ -73.381276413999956, 5.391906931000051, 0.0 ], [ -73.381329467999933, 5.391950344000065, 0.0 ], [ -73.381384202999982, 5.391993509000031, 0.0 ], [ -73.381386726999949, 5.391995523000048, 0.0 ], [ -73.381471013999942, 5.392065645000059, 0.0 ], [ -73.381489721999969, 5.392081556000051, 0.0 ], [ -73.381632974999945, 5.392191355000023, 0.0 ], [ -73.381653510999968, 5.392207515000052, 0.0 ], [ -73.381725813999935, 5.392264414000067, 0.0 ], [ -73.381757901999947, 5.392289127000026, 0.0 ], [ -73.381779391999942, 5.39230740000005, 0.0 ], [ -73.381788671999971, 5.39231690500003, 0.0 ], [ -73.381795326999963, 5.392326215000026, 0.0 ], [ -73.381801383999971, 5.392337419000057, 0.0 ], [ -73.381810403999964, 5.392354107000074, 0.0 ], [ -73.381831771999941, 5.392393639000034, 0.0 ], [ -73.381832578999934, 5.392395131000058, 0.0 ], [ -73.381835581999951, 5.392399959000045, 0.0 ], [ -73.381838001999938, 5.392403157000047, 0.0 ], [ -73.381838909999942, 5.392404309000028, 0.0 ], [ -73.381841508999969, 5.392407435000052, 0.0 ], [ -73.381843266999965, 5.392409371000042, 0.0 ], [ -73.381884009999965, 5.392447551000032, 0.0 ], [ -73.381886394999981, 5.392449786000043, 0.0 ], [ -73.382025218999956, 5.392577542000026, 0.0 ], [ -73.382033991999947, 5.392585183000051, 0.0 ], [ -73.382141746999935, 5.392676488000063, 0.0 ], [ -73.382300504999989, 5.392803969000056, 0.0 ], [ -73.38234466199998, 5.392839426000023, 0.0 ], [ -73.382356030999972, 5.392849431000059, 0.0 ], [ -73.382375085999968, 5.392869206000057, 0.0 ], [ -73.382431919999988, 5.392932921000067, 0.0 ], [ -73.382471584999962, 5.392979340000068, 0.0 ], [ -73.382492322999951, 5.393006974000059, 0.0 ], [ -73.382543446999989, 5.393071803000055, 0.0 ], [ -73.382608762999951, 5.393145709000066, 0.0 ], [ -73.382643024999936, 5.393184113000075, 0.0 ], [ -73.382707840999956, 5.393256765000046, 0.0 ], [ -73.382785180999974, 5.393343454000046, 0.0 ], [ -73.382805920999942, 5.393365778000032, 0.0 ], [ -73.382849872999941, 5.393407004000039, 0.0 ], [ -73.382916567999985, 5.393467439000062, 0.0 ], [ -73.382933218999938, 5.393481755000039, 0.0 ], [ -73.382933497999943, 5.393482015000075, 0.0 ], [ -73.382934817999967, 5.393483185000036, 0.0 ], [ -73.382935578999934, 5.393483858000025, 0.0 ], [ -73.382938131999936, 5.393486119000045, 0.0 ], [ -73.382942211999989, 5.393489732000035, 0.0 ], [ -73.382950837999942, 5.393497370000034, 0.0 ], [ -73.382953326999939, 5.393499574000032, 0.0 ], [ -73.382960588999936, 5.393506004000074, 0.0 ], [ -73.382969050999975, 5.393513497000072, 0.0 ], [ -73.382976748999965, 5.393520313000067, 0.0 ], [ -73.382985481999981, 5.393528046000029, 0.0 ], [ -73.38299146199995, 5.393533341000023, 0.0 ], [ -73.382998446999977, 5.39353952600004, 0.0 ], [ -73.383004939999978, 5.393545275000065, 0.0 ], [ -73.383011316999955, 5.393550922000031, 0.0 ], [ -73.383015290999936, 5.393554441000049, 0.0 ], [ -73.383018738999965, 5.393557494000049, 0.0 ], [ -73.383021244999952, 5.393559713000059, 0.0 ], [ -73.383022683999968, 5.393560800000046, 0.0 ], [ -73.383026890999986, 5.393563978000032, 0.0 ], [ -73.38303521399996, 5.393570264000061, 0.0 ], [ -73.383043873999952, 5.393576806000056, 0.0 ], [ -73.383052178999947, 5.393583079000052, 0.0 ], [ -73.383059882999987, 5.393588898000075, 0.0 ], [ -73.383068234999939, 5.393595207000033, 0.0 ], [ -73.383075606999967, 5.393600775000039, 0.0 ], [ -73.383082572999967, 5.39360603700004, 0.0 ], [ -73.383088719999989, 5.393610681000041, 0.0 ], [ -73.383094438999933, 5.393615, 0.0 ], [ -73.383100052999964, 5.393619242000057, 0.0 ], [ -73.383107093999968, 5.393624560000035, 0.0 ], [ -73.383111913999983, 5.393628200000023, 0.0 ], [ -73.383116486999938, 5.393631654000046, 0.0 ], [ -73.38312523899998, 5.393638266000039, 0.0 ], [ -73.383134104999954, 5.393644963000042, 0.0 ], [ -73.383162273999972, 5.39366624400003, 0.0 ], [ -73.383182526999974, 5.393681826000034, 0.0 ], [ -73.383232952999947, 5.393719628000042, 0.0 ], [ -73.383264359999941, 5.393743352000058, 0.0 ], [ -73.383290216999967, 5.393762883000022, 0.0 ], [ -73.383313360999978, 5.393780253000045, 0.0 ], [ -73.383321129999956, 5.393785960000059, 0.0 ], [ -73.383326942999986, 5.393790230000036, 0.0 ], [ -73.383335553999984, 5.393796556000041, 0.0 ], [ -73.383340401999988, 5.393800117000069, 0.0 ], [ -73.383346967999955, 5.393804941000042, 0.0 ], [ -73.383350121999968, 5.393807275000029, 0.0 ], [ -73.383350477999954, 5.393807521000042, 0.0 ], [ -73.383353899999975, 5.393810034000069, 0.0 ], [ -73.383359037999981, 5.393813808000061, 0.0 ], [ -73.383361734999937, 5.39381578900003, 0.0 ], [ -73.383365164999987, 5.393818309000039, 0.0 ], [ -73.38337331799994, 5.393824298000027, 0.0 ], [ -73.383381918999987, 5.393830617000049, 0.0 ], [ -73.383387795999965, 5.39383493400004, 0.0 ], [ -73.383393083999977, 5.393838819000052, 0.0 ], [ -73.383398960999955, 5.393843136000044, 0.0 ], [ -73.383405291999964, 5.393847787000027, 0.0 ], [ -73.383412628999963, 5.393853123000042, 0.0 ], [ -73.383417011999938, 5.393856065000023, 0.0 ], [ -73.383423231999984, 5.393860241000027, 0.0 ], [ -73.383430372999953, 5.393865035000033, 0.0 ], [ -73.383435987999974, 5.393868805000068, 0.0 ], [ -73.38344217599996, 5.393872960000067, 0.0 ], [ -73.383447571999966, 5.393876582000075, 0.0 ], [ -73.383452090999981, 5.393879616000049, 0.0 ], [ -73.383454153999935, 5.393881001000068, 0.0 ], [ -73.383457915999941, 5.393883527000071, 0.0 ], [ -73.383462100999964, 5.393886337000026, 0.0 ], [ -73.383467316999941, 5.393889839000053, 0.0 ], [ -73.383471141999962, 5.393892407000067, 0.0 ], [ -73.383476085999973, 5.393895727000029, 0.0 ], [ -73.383480059999954, 5.393898394000075, 0.0 ], [ -73.383483904999935, 5.393900976000054, 0.0 ], [ -73.38349169199995, 5.393906203000029, 0.0 ], [ -73.383499392999965, 5.393911374000027, 0.0 ], [ -73.383506643999965, 5.393916242000046, 0.0 ], [ -73.383512401999951, 5.393920108000032, 0.0 ], [ -73.383515057999944, 5.393921891000048, 0.0 ], [ -73.383518093999953, 5.393923930000028, 0.0 ], [ -73.383526281999934, 5.393929427000046, 0.0 ], [ -73.383531244999972, 5.393932759000052, 0.0 ], [ -73.383535181999946, 5.393935402000068, 0.0 ], [ -73.383538762999933, 5.393937806000054, 0.0 ], [ -73.383540836999941, 5.393939199000044, 0.0 ], [ -73.383541492999939, 5.393939639000052, 0.0 ], [ -73.383542043999967, 5.393940008000072, 0.0 ], [ -73.383542776999946, 5.393940508000071, 0.0 ], [ -73.383543662999955, 5.393941096000049, 0.0 ], [ -73.383544581999956, 5.393941713000061, 0.0 ], [ -73.38354555799998, 5.393942368000069, 0.0 ], [ -73.38354676299997, 5.393943178000029, 0.0 ], [ -73.383547959999987, 5.393943981000064, 0.0 ], [ -73.383549078999977, 5.393944733000069, 0.0 ], [ -73.383550687999957, 5.393945813000073, 0.0 ], [ -73.383552745999964, 5.39394719400002, 0.0 ], [ -73.383554467999943, 5.393948351000063, 0.0 ], [ -73.383556136999971, 5.393949471000042, 0.0 ], [ -73.383562783999935, 5.393953933000034, 0.0 ], [ -73.383567600999982, 5.393957167000053, 0.0 ], [ -73.383569646999945, 5.393958541000075, 0.0 ], [ -73.383580349999988, 5.393965727000023, 0.0 ], [ -73.383590086999959, 5.39397226400007, 0.0 ], [ -73.383599995999987, 5.393978917000027, 0.0 ], [ -73.383608893999963, 5.393984891000059, 0.0 ], [ -73.383617310999966, 5.39399054200004, 0.0 ], [ -73.38362486699998, 5.393995615000051, 0.0 ], [ -73.383633585999974, 5.394001468000056, 0.0 ], [ -73.383633644999975, 5.394001508000031, 0.0 ], [ -73.383634447999952, 5.39400211800006, 0.0 ], [ -73.383635074999972, 5.394002616000023, 0.0 ], [ -73.383635682999966, 5.394003139000063, 0.0 ], [ -73.383636034999938, 5.394003500000053, 0.0 ], [ -73.383637120999936, 5.394004730000063, 0.0 ], [ -73.383646962999933, 5.39401678400003, 0.0 ], [ -73.383655381999972, 5.394027095000069, 0.0 ], [ -73.383667387999935, 5.394041800000025, 0.0 ], [ -73.383685519999972, 5.394064007000054, 0.0 ], [ -73.383700184999952, 5.394081969000069, 0.0 ], [ -73.383749451999961, 5.394146957000032, 0.0 ], [ -73.38377636599995, 5.394183876000056, 0.0 ], [ -73.383812105999937, 5.394232904000035, 0.0 ], [ -73.38382070199998, 5.394244694000065, 0.0 ], [ -73.383826237999983, 5.394252289000065, 0.0 ], [ -73.383850646999974, 5.394285773000036, 0.0 ], [ -73.383869094999966, 5.394311078000044, 0.0 ], [ -73.383871714999941, 5.394314673000054, 0.0 ], [ -73.383872986999961, 5.394316342000025, 0.0 ], [ -73.383873409999978, 5.394316871000058, 0.0 ], [ -73.383874307999974, 5.394317910000041, 0.0 ], [ -73.383875237999973, 5.394318885000075, 0.0 ], [ -73.383879216999958, 5.394322465000073, 0.0 ], [ -73.38390028699996, 5.394341424000061, 0.0 ], [ -73.383930152999937, 5.394368299000064, 0.0 ], [ -73.383966843999985, 5.39440126900007, 0.0 ], [ -73.384003751999956, 5.394433252000056, 0.0 ], [ -73.384053257999938, 5.394476151000049, 0.0 ], [ -73.384092645999942, 5.394510282000056, 0.0 ], [ -73.384131732999947, 5.394544153000027, 0.0 ], [ -73.384162970999967, 5.394571222000025, 0.0 ], [ -73.38418814399995, 5.39459303600006, 0.0 ], [ -73.38420952599995, 5.394611564000058, 0.0 ], [ -73.384217299999989, 5.394618301000037, 0.0 ], [ -73.384225520999962, 5.394625424000026, 0.0 ], [ -73.384235383999965, 5.394633971000076, 0.0 ], [ -73.384246476999976, 5.394643583000061, 0.0 ], [ -73.384251412999959, 5.394647860000021, 0.0 ], [ -73.384254331999955, 5.394650649000027, 0.0 ], [ -73.384256876999984, 5.39465334700003, 0.0 ], [ -73.38425925699994, 5.394656391000069, 0.0 ], [ -73.384259656999973, 5.394656953000037, 0.0 ], [ -73.384262611999986, 5.394661556000074, 0.0 ], [ -73.384266352999987, 5.394667384000059, 0.0 ], [ -73.384319109999979, 5.394749576000038, 0.0 ], [ -73.384355573999983, 5.394806384000049, 0.0 ], [ -73.38438763299996, 5.394856329000049, 0.0 ], [ -73.384390249999967, 5.394860406000021, 0.0 ], [ -73.384390923999945, 5.394861456000058, 0.0 ], [ -73.384392920999971, 5.394864255000073, 0.0 ], [ -73.384400003999986, 5.394873052000037, 0.0 ], [ -73.384402816999966, 5.39487598300002, 0.0 ], [ -73.384414228999958, 5.394885511000041, 0.0 ], [ -73.384420039999952, 5.394890363000059, 0.0 ], [ -73.384475322999947, 5.394935932000067, 0.0 ], [ -73.384580738999944, 5.395022827000048, 0.0 ], [ -73.38468615499994, 5.39510972100004, 0.0 ], [ -73.384815745999958, 5.395211981000045, 0.0 ], [ -73.384962285999961, 5.395327617000021, 0.0 ], [ -73.385098450999976, 5.395433909000076, 0.0 ], [ -73.385234616999981, 5.395540201000074, 0.0 ], [ -73.385315249999962, 5.395602899000039, 0.0 ], [ -73.385321876999967, 5.395607566000024, 0.0 ], [ -73.385325988999966, 5.395610532000035, 0.0 ], [ -73.385327100999973, 5.395611269000028, 0.0 ], [ -73.38533204099997, 5.39561466300006, 0.0 ], [ -73.385341215999972, 5.395620112000074, 0.0 ], [ -73.385346696999989, 5.395623192000073, 0.0 ], [ -73.385543383999959, 5.395720969000024, 0.0 ], [ -73.385576797999988, 5.395737580000059, 0.0 ], [ -73.385582338999939, 5.395740334000038, 0.0 ], [ -73.38558246599996, 5.395740397000054, 0.0 ], [ -73.385584816999938, 5.395741655000052, 0.0 ], [ -73.38558732599995, 5.395743090000053, 0.0 ], [ -73.385588101999986, 5.395743544000027, 0.0 ], [ -73.385588816999984, 5.395743978000041, 0.0 ], [ -73.38559184099995, 5.395745946000034, 0.0 ], [ -73.385599898999942, 5.395751482000037, 0.0 ], [ -73.385784908999938, 5.395878602000039, 0.0 ], [ -73.385821964999934, 5.395904063000046, 0.0 ], [ -73.385845306999954, 5.395920102000048, 0.0 ], [ -73.385860529999945, 5.395930561000057, 0.0 ], [ -73.385863880999977, 5.395932864000031, 0.0 ], [ -73.385867046999977, 5.395935088000044, 0.0 ], [ -73.385869205999938, 5.395936769000059, 0.0 ], [ -73.385880381999982, 5.39594707200007, 0.0 ], [ -73.385894332999953, 5.395960263000063, 0.0 ], [ -73.385905441999967, 5.395970768000041, 0.0 ], [ -73.385913355999946, 5.39597825200002, 0.0 ], [ -73.385924003999946, 5.395988320000072, 0.0 ], [ -73.385934009999971, 5.395997782000052, 0.0 ], [ -73.385943428999951, 5.396006688000057, 0.0 ], [ -73.385953506999954, 5.396016217000067, 0.0 ], [ -73.385956952999948, 5.396019476000049, 0.0 ], [ -73.385962941999935, 5.396025139000074, 0.0 ], [ -73.385968024999954, 5.396029945000066, 0.0 ], [ -73.385973130999957, 5.396034773000054, 0.0 ], [ -73.385978370999965, 5.396039728000062, 0.0 ], [ -73.385983329999988, 5.396044417000041, 0.0 ], [ -73.385987940999939, 5.396048777000033, 0.0 ], [ -73.385993012999961, 5.396053574000064, 0.0 ], [ -73.385995712999943, 5.396056126000076, 0.0 ], [ -73.385999241999968, 5.396059464000075, 0.0 ], [ -73.386003545999984, 5.396063533000074, 0.0 ], [ -73.386006616999964, 5.396066437000059, 0.0 ], [ -73.386011153999959, 5.396070727000051, 0.0 ], [ -73.386015088999955, 5.396074448000036, 0.0 ], [ -73.386019129999966, 5.396078269000043, 0.0 ], [ -73.386023235999971, 5.396082152000076, 0.0 ], [ -73.386027281999986, 5.396085977000041, 0.0 ], [ -73.386030256999959, 5.396088790000022, 0.0 ], [ -73.386031583999966, 5.396090045000051, 0.0 ], [ -73.386033730999941, 5.39609207500007, 0.0 ], [ -73.386035379999953, 5.396093634000067, 0.0 ], [ -73.386037090999935, 5.396095252000066, 0.0 ], [ -73.386039327999981, 5.396097368000028, 0.0 ], [ -73.386040989999969, 5.396098939000069, 0.0 ], [ -73.386042434999979, 5.396100306000051, 0.0 ], [ -73.386044869999978, 5.396102608000035, 0.0 ], [ -73.386047416999986, 5.396105016000035, 0.0 ], [ -73.386050065999939, 5.396107522000023, 0.0 ], [ -73.386051791999989, 5.396109154000044, 0.0 ], [ -73.386053979999986, 5.396111223000048, 0.0 ], [ -73.386056017999977, 5.39611314900003, 0.0 ], [ -73.386058126999956, 5.396115143000031, 0.0 ], [ -73.386060869999937, 5.396117737000054, 0.0 ], [ -73.386062629999969, 5.396119401000021, 0.0 ], [ -73.386063174999947, 5.396119917000021, 0.0 ], [ -73.386063819999947, 5.396120527000051, 0.0 ], [ -73.386064663999946, 5.396121325000024, 0.0 ], [ -73.386065307999957, 5.396121934000064, 0.0 ], [ -73.386065945999974, 5.396122537000053, 0.0 ], [ -73.386066464999942, 5.396123028000034, 0.0 ], [ -73.386067041999979, 5.396123573000068, 0.0 ], [ -73.386067774999958, 5.396124266000072, 0.0 ], [ -73.386068345999945, 5.396124806000046, 0.0 ], [ -73.386069048999957, 5.396125471000062, 0.0 ], [ -73.386069648999978, 5.396126038000034, 0.0 ], [ -73.386070407999966, 5.396126756000058, 0.0 ], [ -73.386071135999941, 5.396127445000047, 0.0 ], [ -73.386071665999964, 5.396127945000046, 0.0 ], [ -73.386072254999988, 5.396128502000067, 0.0 ], [ -73.386072851999984, 5.396129067000061, 0.0 ], [ -73.386073345999989, 5.396129535000057, 0.0 ], [ -73.386073782999972, 5.39612994700002, 0.0 ], [ -73.386074104999977, 5.396130252000034, 0.0 ], [ -73.38607439499998, 5.396130526000036, 0.0 ], [ -73.386074770999983, 5.396130870000036, 0.0 ], [ -73.386075153999968, 5.39613124400006, 0.0 ], [ -73.386075418999951, 5.396131485000069, 0.0 ], [ -73.386075891999951, 5.396131942000068, 0.0 ], [ -73.386076195999976, 5.396132222000062, 0.0 ], [ -73.386079092999978, 5.396134968000069, 0.0 ], [ -73.386168992999956, 5.396219976000054, 0.0 ], [ -73.386222858999986, 5.396277354000063, 0.0 ], [ -73.38636852999997, 5.396449578000045, 0.0 ], [ -73.386397461999934, 5.396488353000052, 0.0 ], [ -73.386518486999989, 5.396661608000045, 0.0 ], [ -73.386568560999933, 5.396731577000025, 0.0 ], [ -73.386577758999977, 5.396743945000026, 0.0 ], [ -73.386595123999939, 5.396765277000043, 0.0 ], [ -73.386602399999958, 5.396773574000065, 0.0 ], [ -73.386617873999967, 5.396791220000068, 0.0 ], [ -73.386717929999975, 5.396902726000064, 0.0 ], [ -73.386896717999946, 5.397101973000076, 0.0 ], [ -73.386990371999957, 5.39720634400004, 0.0 ], [ -73.387132109999982, 5.397381182000061, 0.0 ], [ -73.387277010999981, 5.397559922000028, 0.0 ], [ -73.387421911999979, 5.397738661000062, 0.0 ], [ -73.387543134999987, 5.397892719000026, 0.0 ], [ -73.38763935999998, 5.398025817000075, 0.0 ], [ -73.387657477999937, 5.398051022000061, 0.0 ], [ -73.387671867999984, 5.398071040000048, 0.0 ], [ -73.387715747999948, 5.398132081000028, 0.0 ], [ -73.387715958999934, 5.398132365000038, 0.0 ], [ -73.387824664999982, 5.398272978000023, 0.0 ], [ -73.387951451999982, 5.398434447000056, 0.0 ], [ -73.388065477999987, 5.398575653000023, 0.0 ], [ -73.388169841999968, 5.39870436700005, 0.0 ], [ -73.388183363999985, 5.39872054500006, 0.0 ], [ -73.388184421999938, 5.39872176700004, 0.0 ], [ -73.388185136999937, 5.398722553000027, 0.0 ], [ -73.388194730999942, 5.398734303000026, 0.0 ], [ -73.388204876999964, 5.398746728000049, 0.0 ], [ -73.388234257999954, 5.398782711000024, 0.0 ], [ -73.388237787999969, 5.398787034000065, 0.0 ], [ -73.388283530999956, 5.398843055000043, 0.0 ], [ -73.388316773999975, 5.398883767000029, 0.0 ], [ -73.388343375999966, 5.398916347000068, 0.0 ], [ -73.388389140999948, 5.398972394000054, 0.0 ], [ -73.388453001999949, 5.399050604000024, 0.0 ], [ -73.388498990999949, 5.399106927000048, 0.0 ], [ -73.388600461999943, 5.399231197000063, 0.0 ], [ -73.388701932999936, 5.399355467000021, 0.0 ], [ -73.388775578999969, 5.399426508000033, 0.0 ], [ -73.388896138999939, 5.399542804000021, 0.0 ], [ -73.389016699999956, 5.399659100000065, 0.0 ], [ -73.389119439999945, 5.399800317000029, 0.0 ], [ -73.389222179999933, 5.39994153300006, 0.0 ], [ -73.389349512999956, 5.400116552000043, 0.0 ], [ -73.38947684599998, 5.400291571000025, 0.0 ], [ -73.389604178999946, 5.400466590000065, 0.0 ], [ -73.389657492999959, 5.400539870000046, 0.0 ], [ -73.389800905999948, 5.400736991000031, 0.0 ], [ -73.389944319999984, 5.400934112000073, 0.0 ], [ -73.390087732999973, 5.401131233000058, 0.0 ], [ -73.390155858999947, 5.401237116000061, 0.0 ], [ -73.39016729399998, 5.401254889000029, 0.0 ], [ -73.390269478999983, 5.401413706000028, 0.0 ], [ -73.390280276999988, 5.401430489000063, 0.0 ], [ -73.390298899999948, 5.40145943300007, 0.0 ], [ -73.390311577999967, 5.401476668000043, 0.0 ], [ -73.39032898499994, 5.401497919000064, 0.0 ], [ -73.390344461999973, 5.40151425800002, 0.0 ], [ -73.390419164999969, 5.401591833000055, 0.0 ], [ -73.390476541999988, 5.401648185000056, 0.0 ], [ -73.390534215999935, 5.401702622000073, 0.0 ], [ -73.390639932999989, 5.40180330000004, 0.0 ], [ -73.390664778999962, 5.401823710000031, 0.0 ], [ -73.390754845999936, 5.401891080000041, 0.0 ], [ -73.390824642999974, 5.401941798000053, 0.0 ], [ -73.390941466999948, 5.402022, 0.0 ], [ -73.390969378999955, 5.402040310000075, 0.0 ], [ -73.391170003999946, 5.402184643000055, 0.0 ], [ -73.391187050999974, 5.402196907000075, 0.0 ], [ -73.391217899999958, 5.402219100000025, 0.0 ], [ -73.391268684999943, 5.402258851000056, 0.0 ], [ -73.391299377999985, 5.402282876000072, 0.0 ], [ -73.39136009799995, 5.402336473000048, 0.0 ], [ -73.391472133999969, 5.402435400000059, 0.0 ], [ -73.391589016999944, 5.402555250000034, 0.0 ], [ -73.391705899999977, 5.402675100000067, 0.0 ], [ -73.391858254999988, 5.402826042000072, 0.0 ], [ -73.391992423999966, 5.402966115000027, 0.0 ], [ -73.392101827999966, 5.403099851000036, 0.0 ], [ -73.392193830999986, 5.403218997000067, 0.0 ], [ -73.392264433999969, 5.403305567000075, 0.0 ], [ -73.392365865999977, 5.403432087000056, 0.0 ], [ -73.392467298999975, 5.403558606000047, 0.0 ], [ -73.392496301999984, 5.403594783000074, 0.0 ], [ -73.39261103399997, 5.403737892000038, 0.0 ], [ -73.392725766999945, 5.403881, 0.0 ], [ -73.39281860799997, 5.404018776000044, 0.0 ], [ -73.392911448999939, 5.404156552000074, 0.0 ], [ -73.392911466999976, 5.404156578000027, 0.0 ], [ -73.39291677999995, 5.404163011000037, 0.0 ], [ -73.392921939999951, 5.404169259000071, 0.0 ], [ -73.392927454999949, 5.404175957000064, 0.0 ], [ -73.392950505999977, 5.404203952000046, 0.0 ], [ -73.392984799999965, 5.40424560200006, 0.0 ], [ -73.393001068999979, 5.404265397000074, 0.0 ], [ -73.393027569999958, 5.404297641000028, 0.0 ], [ -73.393045749999942, 5.404324011000028, 0.0 ], [ -73.39305436099994, 5.404337736000059, 0.0 ], [ -73.393071519999978, 5.404365085000052, 0.0 ], [ -73.393099199999938, 5.404411584000059, 0.0 ], [ -73.393132807999962, 5.404471664000027, 0.0 ], [ -73.393151129999978, 5.404504417000055, 0.0 ], [ -73.393166173999987, 5.404531845000065, 0.0 ], [ -73.393172499999935, 5.404543379000074, 0.0 ], [ -73.393194019999953, 5.404581675000031, 0.0 ], [ -73.393229229999974, 5.404633961000059, 0.0 ], [ -73.393293779999965, 5.404720812000051, 0.0 ], [ -73.393310099999951, 5.404741881000064, 0.0 ], [ -73.393337621999933, 5.404780134000021, 0.0 ], [ -73.39335684699995, 5.404806854000071, 0.0 ], [ -73.393358019999937, 5.404808485000046, 0.0 ], [ -73.393358596999974, 5.404809248000049, 0.0 ], [ -73.393387548999954, 5.404847540000048, 0.0 ], [ -73.393389139999954, 5.404849644000024, 0.0 ], [ -73.393429409999953, 5.404887979000023, 0.0 ], [ -73.39348586999995, 5.404936662000068, 0.0 ], [ -73.393510839999976, 5.404958387000022, 0.0 ], [ -73.393573389999972, 5.405011871000056, 0.0 ], [ -73.393609909999952, 5.405042843000047, 0.0 ], [ -73.393653219999976, 5.405079243000046, 0.0 ], [ -73.393691299999944, 5.405111057000056, 0.0 ], [ -73.393729089999965, 5.405142253000065, 0.0 ], [ -73.393807079999988, 5.405206441000075, 0.0 ], [ -73.393846509999946, 5.405238999000062, 0.0 ], [ -73.393883269999947, 5.405269435000037, 0.0 ], [ -73.39390838099996, 5.405290136000076, 0.0 ], [ -73.393917137999949, 5.405297356000062, 0.0 ], [ -73.393951579999964, 5.405325749000042, 0.0 ], [ -73.393958549999979, 5.40533149700002, 0.0 ], [ -73.39401, 5.405372993000071, 0.0 ], [ -73.394033769999965, 5.405391940000072, 0.0 ], [ -73.394080379999934, 5.405428548000032, 0.0 ], [ -73.394114369999954, 5.40545417900006, 0.0 ], [ -73.394197979999944, 5.405517839000026, 0.0 ], [ -73.394243229999972, 5.405552628000066, 0.0 ], [ -73.39428313999997, 5.405580747000045, 0.0 ], [ -73.394327309999937, 5.405610281000065, 0.0 ], [ -73.394367679999959, 5.405637312000067, 0.0 ], [ -73.394451849999939, 5.405692315000067, 0.0 ], [ -73.394498049999982, 5.405721801000027, 0.0 ], [ -73.394509237999955, 5.405730770000048, 0.0 ], [ -73.394532159999983, 5.405749147000051, 0.0 ], [ -73.394607159999964, 5.405812572000059, 0.0 ], [ -73.394656699999985, 5.405854103000024, 0.0 ], [ -73.394682879999948, 5.405876178000028, 0.0 ], [ -73.394720869999958, 5.405910594000034, 0.0 ], [ -73.39475116999995, 5.405950346000054, 0.0 ], [ -73.394777099999942, 5.405991799000049, 0.0 ], [ -73.394798899999955, 5.406046354000068, 0.0 ], [ -73.394818459999954, 5.406101345000025, 0.0 ], [ -73.394838369999945, 5.40614693200007, 0.0 ], [ -73.394883049999976, 5.406239790000029, 0.0 ], [ -73.394909799999937, 5.406294108000054, 0.0 ], [ -73.394932849999975, 5.406336097000064, 0.0 ], [ -73.394964149999964, 5.406390816000055, 0.0 ], [ -73.395001279999974, 5.406455740000069, 0.0 ], [ -73.395018489999984, 5.406486116000053, 0.0 ], [ -73.395061508999959, 5.406563726000059, 0.0 ], [ -73.395061539999972, 5.406563775000052, 0.0 ], [ -73.395194029999971, 5.406769405000034, 0.0 ], [ -73.395212369999967, 5.406796346000021, 0.0 ], [ -73.395336150999981, 5.406989606000025, 0.0 ], [ -73.395459932999984, 5.407182866000028, 0.0 ], [ -73.395536010999933, 5.407318089000057, 0.0 ], [ -73.395612089999986, 5.40745331100004, 0.0 ], [ -73.395648301999984, 5.407514087000038, 0.0 ], [ -73.395696384999951, 5.407587419000038, 0.0 ], [ -73.39573908999995, 5.407640816000026, 0.0 ], [ -73.395743630999959, 5.407646077000038, 0.0 ], [ -73.395775304999972, 5.40767943000003, 0.0 ], [ -73.395796832999963, 5.40770047500007, 0.0 ], [ -73.395834881999974, 5.40773295200006, 0.0 ], [ -73.395878531999983, 5.407764354000051, 0.0 ], [ -73.395939336999959, 5.407800895000037, 0.0 ], [ -73.395953399999939, 5.40780829800002, 0.0 ], [ -73.396060378999948, 5.407861451000031, 0.0 ], [ -73.396141269999987, 5.407899368000074, 0.0 ], [ -73.396196368999938, 5.407923262000054, 0.0 ], [ -73.396258187999933, 5.407949063000046, 0.0 ], [ -73.39626283399997, 5.407950700000072, 0.0 ], [ -73.396459082999968, 5.408030267000072, 0.0 ], [ -73.396655332999956, 5.408109834000072, 0.0 ], [ -73.396831115999987, 5.408184217000041, 0.0 ], [ -73.397006899999951, 5.408258600000067, 0.0 ], [ -73.397187382999959, 5.408335850000071, 0.0 ], [ -73.397367866999957, 5.408413100000075, 0.0 ], [ -73.397542432999956, 5.408484083000076, 0.0 ], [ -73.397717, 5.408555066000076, 0.0 ], [ -73.39790116599994, 5.408628617000034, 0.0 ], [ -73.398085332999983, 5.408702167000058, 0.0 ], [ -73.398265199999969, 5.408778717000075, 0.0 ], [ -73.398445066999955, 5.408855266000046, 0.0 ], [ -73.39853526099995, 5.408901817000071, 0.0 ], [ -73.398642393999978, 5.408962224000049, 0.0 ], [ -73.398765965999985, 5.409034633000033, 0.0 ], [ -73.398922352999989, 5.409115783000061, 0.0 ], [ -73.399078740999983, 5.409196933000032, 0.0 ], [ -73.399245969999981, 5.40928665000007, 0.0 ], [ -73.399413199999969, 5.40937636700005, 0.0 ], [ -73.399614560999964, 5.409492353000076, 0.0 ], [ -73.399729735999983, 5.40955230000003, 0.0 ], [ -73.399773933999938, 5.409574, 0.0 ], [ -73.39989763899996, 5.409626781000043, 0.0 ], [ -73.400141432999988, 5.409730800000034, 0.0 ], [ -73.400299968999946, 5.409791385000062, 0.0 ], [ -73.400526233999983, 5.409882867000022, 0.0 ], [ -73.400695083999949, 5.409954800000037, 0.0 ], [ -73.400863933999972, 5.410026733000052, 0.0 ], [ -73.400934446999941, 5.41005522100005, 0.0 ], [ -73.401155316999962, 5.410140011000067, 0.0 ], [ -73.40138473899998, 5.410228655000026, 0.0 ], [ -73.401533577999942, 5.410285809000072, 0.0 ], [ -73.401563042999953, 5.410296778000031, 0.0 ], [ -73.401648388999945, 5.410327582000036, 0.0 ], [ -73.401661132999948, 5.410331900000074, 0.0 ], [ -73.401678613999934, 5.410338375000038, 0.0 ], [ -73.401801010999975, 5.410388535000038, 0.0 ], [ -73.401893283999982, 5.410429586000021, 0.0 ], [ -73.402000702999942, 5.410481490000052, 0.0 ], [ -73.40201983299994, 5.410490733000074, 0.0 ], [ -73.402091576999965, 5.410524027000065, 0.0 ], [ -73.402142881999964, 5.41054977400006, 0.0 ], [ -73.402179593999961, 5.410572260000038, 0.0 ], [ -73.402200931999971, 5.410588899000061, 0.0 ], [ -73.402316656999972, 5.410698432000061, 0.0 ], [ -73.402339233999953, 5.410720267000045, 0.0 ], [ -73.402459049999948, 5.410852834000025, 0.0 ], [ -73.402578866999988, 5.410985400000072, 0.0 ], [ -73.402715632999957, 5.411126700000068, 0.0 ], [ -73.402852399999972, 5.411268, 0.0 ], [ -73.402969649999989, 5.411415800000043, 0.0 ], [ -73.403086899999948, 5.411563600000022, 0.0 ], [ -73.403197099999943, 5.411711050000065, 0.0 ], [ -73.403307299999938, 5.411858500000051, 0.0 ], [ -73.403425265999942, 5.412030667000067, 0.0 ], [ -73.403543232999937, 5.412202833000038, 0.0 ], [ -73.403628454999989, 5.412345838000022, 0.0 ], [ -73.403713677999974, 5.412488843000062, 0.0 ], [ -73.403713698999979, 5.412488878000033, 0.0 ], [ -73.403722258999949, 5.412501312000074, 0.0 ], [ -73.403729822999935, 5.41251229900007, 0.0 ], [ -73.403738329999953, 5.412524656000073, 0.0 ], [ -73.403768819999982, 5.412569034000057, 0.0 ], [ -73.40376975199996, 5.412570389000052, 0.0 ], [ -73.403798759999972, 5.412612581000076, 0.0 ], [ -73.403830719999974, 5.412659316000031, 0.0 ], [ -73.403858679999985, 5.412701752000032, 0.0 ], [ -73.403879249999989, 5.412733611000021, 0.0 ], [ -73.403915899999959, 5.41279309600003, 0.0 ], [ -73.40396992999996, 5.412883932000057, 0.0 ], [ -73.404010639999967, 5.41295554800007, 0.0 ], [ -73.404036249999933, 5.413002144000075, 0.0 ], [ -73.404060469999934, 5.413048701000037, 0.0 ], [ -73.404110269999933, 5.413141454000026, 0.0 ], [ -73.404160869999941, 5.413232881000056, 0.0 ], [ -73.404212859999973, 5.413323797000032, 0.0 ], [ -73.40426814999995, 5.413413971000068, 0.0 ], [ -73.404325959999937, 5.413505550000025, 0.0 ], [ -73.404381169999965, 5.413596999000049, 0.0 ], [ -73.404433199999971, 5.413689998000052, 0.0 ], [ -73.404483459999938, 5.413784132000046, 0.0 ], [ -73.404534849999948, 5.413878399000055, 0.0 ], [ -73.40458923999995, 5.413973375000069, 0.0 ], [ -73.404644249999933, 5.414066154000068, 0.0 ], [ -73.404700849999983, 5.414159645000041, 0.0 ], [ -73.40475626999995, 5.414253529000064, 0.0 ], [ -73.404809869999951, 5.414347560000067, 0.0 ], [ -73.404862829999956, 5.414442595000025, 0.0 ], [ -73.404889699999956, 5.414491444000021, 0.0 ], [ -73.404914789999964, 5.41453681400003, 0.0 ], [ -73.404937849999953, 5.414578231000064, 0.0 ], [ -73.404966489999936, 5.414630041000066, 0.0 ], [ -73.405017889999954, 5.414725976000057, 0.0 ], [ -73.40506967999994, 5.414821275000065, 0.0 ], [ -73.405119039999988, 5.414915621000034, 0.0 ], [ -73.405141939999965, 5.414961557000026, 0.0 ], [ -73.405165789999955, 5.415014926000026, 0.0 ], [ -73.405175379999946, 5.415037409000035, 0.0 ], [ -73.405204951999963, 5.415105208000057, 0.0 ], [ -73.405218509999941, 5.415136293000046, 0.0 ], [ -73.405263749999961, 5.415235277000022, 0.0 ], [ -73.405285889999959, 5.415282627000067, 0.0 ], [ -73.405308719999937, 5.415335408000033, 0.0 ], [ -73.405351439999947, 5.41543596200006, 0.0 ], [ -73.405367369999965, 5.415473123000027, 0.0 ], [ -73.405396469999971, 5.415540331000045, 0.0 ], [ -73.405410789999962, 5.415571231000058, 0.0 ], [ -73.405426249999948, 5.415603572000066, 0.0 ], [ -73.405458609999982, 5.415666314000021, 0.0 ], [ -73.405474807999951, 5.415697603000069, 0.0 ], [ -73.405487449999953, 5.415722023000058, 0.0 ], [ -73.405507539999974, 5.415759639000044, 0.0 ], [ -73.405534429999989, 5.41580846100004, 0.0 ], [ -73.405558549999967, 5.415853155000036, 0.0 ], [ -73.405608279999967, 5.415946075000022, 0.0 ], [ -73.405633599999987, 5.415992687000028, 0.0 ], [ -73.405661019999968, 5.416037559000074, 0.0 ], [ -73.405691359999935, 5.416084667000064, 0.0 ], [ -73.405718209999975, 5.416127159000041, 0.0 ], [ -73.405774409999935, 5.416221303000043, 0.0 ], [ -73.40582730999995, 5.416315675000021, 0.0 ], [ -73.405861099999981, 5.416377493000027, 0.0 ], [ -73.405880199999956, 5.416412406000063, 0.0 ], [ -73.405908109999984, 5.416463776000057, 0.0 ], [ -73.405913009999949, 5.416472892000058, 0.0 ], [ -73.405930349999949, 5.416506411000057, 0.0 ], [ -73.405976629999941, 5.416597211000067, 0.0 ], [ -73.40602169999994, 5.416686688000027, 0.0 ], [ -73.406067489999941, 5.416774760000067, 0.0 ], [ -73.406090289999952, 5.416817491000074, 0.0 ], [ -73.406112839999935, 5.416859300000056, 0.0 ], [ -73.406157629999939, 5.416940020000027, 0.0 ], [ -73.406181819999972, 5.416982483000027, 0.0 ], [ -73.406206819999966, 5.417026284000031, 0.0 ], [ -73.406220639999958, 5.417050360000076, 0.0 ], [ -73.406237459999943, 5.417079771000033, 0.0 ], [ -73.406291179999982, 5.417175063000059, 0.0 ], [ -73.406343619999973, 5.41727056700006, 0.0 ], [ -73.406371629999967, 5.417322709000075, 0.0 ], [ -73.406394259999956, 5.417366284000025, 0.0 ], [ -73.406413119999968, 5.417403466000053, 0.0 ], [ -73.406440119999957, 5.41745488600003, 0.0 ], [ -73.406462549999958, 5.41749833700004, 0.0 ], [ -73.406469776999984, 5.417511300000058, 0.0 ], [ -73.40648712999996, 5.417542428000047, 0.0 ], [ -73.406510469999944, 5.417583334000028, 0.0 ], [ -73.406539039999984, 5.417633522000074, 0.0 ], [ -73.406562189999988, 5.417674154000053, 0.0 ], [ -73.406615819999956, 5.417769947000068, 0.0 ], [ -73.406641429999979, 5.417816811000023, 0.0 ], [ -73.406667789999972, 5.417865409000058, 0.0 ], [ -73.406693679999989, 5.417913966000071, 0.0 ], [ -73.406718769999941, 5.417961652000031, 0.0 ], [ -73.406751739999947, 5.418024587000048, 0.0 ], [ -73.40676880999996, 5.418057194000028, 0.0 ], [ -73.406793799999946, 5.418104896000045, 0.0 ], [ -73.406818839999971, 5.418151760000057, 0.0 ], [ -73.406838629999982, 5.418188312000041, 0.0 ], [ -73.406868259999953, 5.418243193000023, 0.0 ], [ -73.406903269999987, 5.418308011000022, 0.0 ], [ -73.406917329999942, 5.418334729000037, 0.0 ], [ -73.406942739999977, 5.418383185000039, 0.0 ], [ -73.406967189999989, 5.41842749500006, 0.0 ], [ -73.406987679999986, 5.418463374000055, 0.0 ], [ -73.407019799999944, 5.418520311000066, 0.0 ], [ -73.407041119999974, 5.418557965000048, 0.0 ], [ -73.407071759999951, 5.418612003000021, 0.0 ], [ -73.407097129999954, 5.418656583000029, 0.0 ], [ -73.407121289999964, 5.418699357000037, 0.0 ], [ -73.407153539999968, 5.418756289000044, 0.0 ], [ -73.407170679999979, 5.418786375000025, 0.0 ], [ -73.40722059999996, 5.418873708000035, 0.0 ], [ -73.407271029999947, 5.418961970000055, 0.0 ], [ -73.407321449999984, 5.419049467000036, 0.0 ], [ -73.407349629999942, 5.419099133000032, 0.0 ], [ -73.407369589999973, 5.419135324000024, 0.0 ], [ -73.407393439999964, 5.419181495000032, 0.0 ], [ -73.407413009999971, 5.419232132000047, 0.0 ], [ -73.407428349999975, 5.419277019000049, 0.0 ], [ -73.407447379999951, 5.419332808000036, 0.0 ], [ -73.407483, 5.419434081000077, 0.0 ], [ -73.407520599999941, 5.419536620000031, 0.0 ], [ -73.407539939999936, 5.419584881000048, 0.0 ], [ -73.407569229999979, 5.419632377000028, 0.0 ], [ -73.407606846999954, 5.419683367000061, 0.0 ], [ -73.40763407999998, 5.419720280000035, 0.0 ], [ -73.407666339999935, 5.419762379000076, 0.0 ], [ -73.40770372999998, 5.419803476000027, 0.0 ], [ -73.407740899999965, 5.419840380000039, 0.0 ], [ -73.407771629999957, 5.419871277000027, 0.0 ], [ -73.407779569999946, 5.419879260000073, 0.0 ], [ -73.407780295999942, 5.419880048000039, 0.0 ], [ -73.407780319999972, 5.419880068000055, 0.0 ], [ -73.407784872999969, 5.419883766000055, 0.0 ], [ -73.407818649999967, 5.419907465000051, 0.0 ], [ -73.407821780999939, 5.41990991800003, 0.0 ], [ -73.407838065999954, 5.419922367000026, 0.0 ], [ -73.407854159999943, 5.419943575000048, 0.0 ], [ -73.407867113999941, 5.419963812000049, 0.0 ], [ -73.407957389999979, 5.420125440000049, 0.0 ], [ -73.408047666999948, 5.420287067000061, 0.0 ], [ -73.408129032999966, 5.420469917000048, 0.0 ], [ -73.408210399999973, 5.420652766000046, 0.0 ], [ -73.40832439999997, 5.420896688000028, 0.0 ], [ -73.408438399999966, 5.421140611000055, 0.0 ], [ -73.408552399999962, 5.421384533000037, 0.0 ], [ -73.408659613999987, 5.421631585000057, 0.0 ], [ -73.408711465999943, 5.421742467000058, 0.0 ], [ -73.408792882999933, 5.421909667000023, 0.0 ], [ -73.408874299999979, 5.422076867000044, 0.0 ], [ -73.408925111999963, 5.422169956000062, 0.0 ], [ -73.408965132999981, 5.422238969000034, 0.0 ], [ -73.409059808999984, 5.422397064000052, 0.0 ], [ -73.409077365999963, 5.422424100000057, 0.0 ], [ -73.409192165999968, 5.422632233000058, 0.0 ], [ -73.409306966999964, 5.422840366000059, 0.0 ], [ -73.409416399999941, 5.423019983000074, 0.0 ], [ -73.409525832999975, 5.423199600000032, 0.0 ], [ -73.409629448999965, 5.423388633000059, 0.0 ], [ -73.409733065999944, 5.423577666000028, 0.0 ], [ -73.409829568999953, 5.423758392000025, 0.0 ], [ -73.409950232999961, 5.42398436700006, 0.0 ], [ -73.410045949999983, 5.424159617000043, 0.0 ], [ -73.410141666999948, 5.424334867000027, 0.0 ], [ -73.410242549999964, 5.424515584000062, 0.0 ], [ -73.410343433999969, 5.424696300000051, 0.0 ], [ -73.410465931999966, 5.424908845000061, 0.0 ], [ -73.410506547999944, 5.424971001000074, 0.0 ], [ -73.410559599999942, 5.425039867000066, 0.0 ], [ -73.410598955999944, 5.425086830000055, 0.0 ], [ -73.410690056999954, 5.425189490000037, 0.0 ], [ -73.410825565999971, 5.425323, 0.0 ], [ -73.410990215999959, 5.425443200000075, 0.0 ], [ -73.411154866999937, 5.425563400000044, 0.0 ], [ -73.411294853999948, 5.425662405000026, 0.0 ], [ -73.411329941999952, 5.425685944000065, 0.0 ], [ -73.411361504999945, 5.425705182000058, 0.0 ], [ -73.411405529999968, 5.425728651000043, 0.0 ], [ -73.411446834999936, 5.425748403000057, 0.0 ], [ -73.411473729999955, 5.425759323000023, 0.0 ], [ -73.411499539999966, 5.425768852000033, 0.0 ], [ -73.411661186999936, 5.425828860000024, 0.0 ], [ -73.411822833999963, 5.425888867000026, 0.0 ], [ -73.411874444999967, 5.425912768000046, 0.0 ], [ -73.41191145199997, 5.42593058600005, 0.0 ], [ -73.411939072999985, 5.42594550900003, 0.0 ], [ -73.411975652999956, 5.425967559000071, 0.0 ], [ -73.411979661999965, 5.425970027000062, 0.0 ], [ -73.412008939999964, 5.425989728000047, 0.0 ], [ -73.41205017599998, 5.426021079000066, 0.0 ], [ -73.412063286999967, 5.42603206900003, 0.0 ], [ -73.412175933999947, 5.426131533000046, 0.0 ], [ -73.412281293999968, 5.426219938000031, 0.0 ], [ -73.412424725999983, 5.426329746000022, 0.0 ], [ -73.412469933999944, 5.426366033000022, 0.0 ], [ -73.412667832999944, 5.426503418000038, 0.0 ], [ -73.412798433999967, 5.426588500000037, 0.0 ], [ -73.412948699999959, 5.426698334000037, 0.0 ], [ -73.41309896599995, 5.426808167000047, 0.0 ], [ -73.413278998999942, 5.426941684000042, 0.0 ], [ -73.413459032999981, 5.427075200000047, 0.0 ], [ -73.413625382999953, 5.42719071700003, 0.0 ], [ -73.413791732999982, 5.427306233000024, 0.0 ], [ -73.413953899999967, 5.427427350000073, 0.0 ], [ -73.414116066999952, 5.427548466000076, 0.0 ], [ -73.414280816999963, 5.427656117000026, 0.0 ], [ -73.414445566999973, 5.427763767000044, 0.0 ], [ -73.414595, 5.427855717000057, 0.0 ], [ -73.414744432999953, 5.427947667000069, 0.0 ], [ -73.414862838999966, 5.428022978000058, 0.0 ], [ -73.414981245999968, 5.428098289000047, 0.0 ], [ -73.415014241999984, 5.428120245000059, 0.0 ], [ -73.415184258999943, 5.428238393000072, 0.0 ], [ -73.415385332999961, 5.428383267000072, 0.0 ], [ -73.415533849999974, 5.42848200100002, 0.0 ], [ -73.415682366999988, 5.428580734000036, 0.0 ], [ -73.41585084999997, 5.428690117000031, 0.0 ], [ -73.416019332999952, 5.428799500000025, 0.0 ], [ -73.416071098999964, 5.428832147000037, 0.0 ], [ -73.416215698999963, 5.42892334000004, 0.0 ], [ -73.416360299999951, 5.429014533000043, 0.0 ], [ -73.416506809999987, 5.42909548800003, 0.0 ], [ -73.416653319999966, 5.429176443000074, 0.0 ], [ -73.416678699999977, 5.429190467000069, 0.0 ], [ -73.416856699999983, 5.429283251000072, 0.0 ], [ -73.417034699999988, 5.429376034000029, 0.0 ], [ -73.417213499999946, 5.429470434000052, 0.0 ], [ -73.41739229999996, 5.429564834000075, 0.0 ], [ -73.417595838999944, 5.429674784000042, 0.0 ], [ -73.417595884999969, 5.429674809000062, 0.0 ], [ -73.417625219999934, 5.429688642000031, 0.0 ], [ -73.417723509999973, 5.429733919000057, 0.0 ], [ -73.417822659999956, 5.429780864000065, 0.0 ], [ -73.417915799999946, 5.429824308000036, 0.0 ], [ -73.418014429999971, 5.429870024000024, 0.0 ], [ -73.418078299999934, 5.429899610000064, 0.0 ], [ -73.418090959999972, 5.429905475000055, 0.0 ], [ -73.418112489999942, 5.429915895000022, 0.0 ], [ -73.418173434999972, 5.42994544000004, 0.0 ], [ -73.418209349999984, 5.429962851000028, 0.0 ], [ -73.418306609999945, 5.430010134000042, 0.0 ], [ -73.418403109999986, 5.430057514000055, 0.0 ], [ -73.418500609999967, 5.430105637000054, 0.0 ], [ -73.418552869999985, 5.430131521000021, 0.0 ], [ -73.418598169999939, 5.430153281000059, 0.0 ], [ -73.418695699999944, 5.430199410000057, 0.0 ], [ -73.418793779999987, 5.430245097000068, 0.0 ], [ -73.418891449999933, 5.430290036000031, 0.0 ], [ -73.41899103999998, 5.43033427000006, 0.0 ], [ -73.419044059999976, 5.430357216000061, 0.0 ], [ -73.419080151999935, 5.430370757000048, 0.0 ], [ -73.419082729999957, 5.430371724000054, 0.0 ], [ -73.419091079999987, 5.430374857000061, 0.0 ], [ -73.419099370999959, 5.430377901000043, 0.0 ], [ -73.419113987999935, 5.430383267000025, 0.0 ], [ -73.419131582999967, 5.430389727000033, 0.0 ], [ -73.419135078999943, 5.430391010000051, 0.0 ], [ -73.419147253999938, 5.430395480000072, 0.0 ], [ -73.419149303999973, 5.430396233000067, 0.0 ], [ -73.419159557999933, 5.430399997000052, 0.0 ], [ -73.419181201999947, 5.430407943000034, 0.0 ], [ -73.41918736599996, 5.430410206000033, 0.0 ], [ -73.419191429999955, 5.430411698000057, 0.0 ], [ -73.419208639999965, 5.430418076000024, 0.0 ], [ -73.419228969999949, 5.430425610000043, 0.0 ], [ -73.419229300999973, 5.430425737000064, 0.0 ], [ -73.419229897999969, 5.43042596500004, 0.0 ], [ -73.419291959999953, 5.430449710000062, 0.0 ], [ -73.419293364999987, 5.430450259000054, 0.0 ], [ -73.419314149999934, 5.430458381000051, 0.0 ], [ -73.419344679999938, 5.430470310000032, 0.0 ], [ -73.419373465999968, 5.430484109000076, 0.0 ], [ -73.419388929999968, 5.430491522000068, 0.0 ], [ -73.419394864999958, 5.430494669000041, 0.0 ], [ -73.419436637999979, 5.430516821000026, 0.0 ], [ -73.419448170999942, 5.430522937000035, 0.0 ], [ -73.419483739999976, 5.430541799000025, 0.0 ], [ -73.419506274999947, 5.430554270000073, 0.0 ], [ -73.419512647999966, 5.430557797000063, 0.0 ], [ -73.419536869999945, 5.430571202000067, 0.0 ], [ -73.419537669999954, 5.430571644000054, 0.0 ], [ -73.419574689999934, 5.430595542000049, 0.0 ], [ -73.419576510999946, 5.430596779000041, 0.0 ], [ -73.419577095999955, 5.430597177000038, 0.0 ], [ -73.419610047999981, 5.430619572000069, 0.0 ], [ -73.419610602999967, 5.430619949000061, 0.0 ], [ -73.419663539999988, 5.430655926000043, 0.0 ], [ -73.419671256999948, 5.430661239000074, 0.0 ], [ -73.419671325999957, 5.430661282000074, 0.0 ], [ -73.419858099999942, 5.430778786000076, 0.0 ], [ -73.419942033999973, 5.43083073300005, 0.0 ], [ -73.42011628299997, 5.430953517000034, 0.0 ], [ -73.420290532999957, 5.431076300000029, 0.0 ], [ -73.420472532999952, 5.431192150000072, 0.0 ], [ -73.420654532999947, 5.431308, 0.0 ], [ -73.420810832999962, 5.431401100000073, 0.0 ], [ -73.420967132999976, 5.431494200000031, 0.0 ], [ -73.421149165999964, 5.431621150000069, 0.0 ], [ -73.421331199999941, 5.43174810000005, 0.0 ], [ -73.421503365999968, 5.431870634000063, 0.0 ], [ -73.421675532999984, 5.43199316700003, 0.0 ], [ -73.421840132999989, 5.432105567000065, 0.0 ], [ -73.422004732999937, 5.432217967000042, 0.0 ], [ -73.422022935999962, 5.432233997000026, 0.0 ], [ -73.422080733999962, 5.432277542000065, 0.0 ], [ -73.422161011999947, 5.432351505000042, 0.0 ], [ -73.422233791999986, 5.432433435000064, 0.0 ], [ -73.42227879099994, 5.432484114000033, 0.0 ], [ -73.422309030999941, 5.432518645000073, 0.0 ], [ -73.42239574499996, 5.432624798000063, 0.0 ], [ -73.422482459999969, 5.432730950000064, 0.0 ], [ -73.422482569999943, 5.432731085000057, 0.0 ], [ -73.422491742999966, 5.432741812000074, 0.0 ], [ -73.422493369999984, 5.432743714000026, 0.0 ], [ -73.422524219999957, 5.432780463000029, 0.0 ], [ -73.422558349999974, 5.43282066200004, 0.0 ], [ -73.422564861999945, 5.432828307000023, 0.0 ], [ -73.422595099999967, 5.432863806000057, 0.0 ], [ -73.422625129999972, 5.432898643000044, 0.0 ], [ -73.422696539999947, 5.432982254000024, 0.0 ], [ -73.422707859999946, 5.432995632000029, 0.0 ], [ -73.422765929999969, 5.433064878000039, 0.0 ], [ -73.422800099999961, 5.433105405000049, 0.0 ], [ -73.422836869999969, 5.433147839000071, 0.0 ], [ -73.422907719999955, 5.43322901800002, 0.0 ], [ -73.422979599999962, 5.433309717000043, 0.0 ], [ -73.423050839999974, 5.433389293000062, 0.0 ], [ -73.423099859999979, 5.433443883000052, 0.0 ], [ -73.423123069999974, 5.433470422000028, 0.0 ], [ -73.423145569999974, 5.433496707000074, 0.0 ], [ -73.423192679999943, 5.433553028000063, 0.0 ], [ -73.423226599999964, 5.433592332000046, 0.0 ], [ -73.423266389999981, 5.433630529000027, 0.0 ], [ -73.42334655999997, 5.433700810000062, 0.0 ], [ -73.423426779999943, 5.433770646000028, 0.0 ], [ -73.423467139999957, 5.433805906000032, 0.0 ], [ -73.423506989999964, 5.433841164000057, 0.0 ], [ -73.423544579999941, 5.433874566000043, 0.0 ], [ -73.423587239999961, 5.433912608000071, 0.0 ], [ -73.423666429999969, 5.433983829000056, 0.0 ], [ -73.423697499999946, 5.434011987000076, 0.0 ], [ -73.423746129999984, 5.434055833000059, 0.0 ], [ -73.423773565999966, 5.434080778000066, 0.0 ], [ -73.423778399999946, 5.434085173000028, 0.0 ], [ -73.42382570999996, 5.434128938000072, 0.0 ], [ -73.423858459999963, 5.434159715000021, 0.0 ], [ -73.423905289999936, 5.434204160000036, 0.0 ], [ -73.423924869999951, 5.434222933000058, 0.0 ], [ -73.423989949999964, 5.434285800000055, 0.0 ], [ -73.424067679999951, 5.434361954000053, 0.0 ], [ -73.424145689999989, 5.434437659000025, 0.0 ], [ -73.424226009999984, 5.434513088000074, 0.0 ], [ -73.424307929999941, 5.434586330000059, 0.0 ], [ -73.424339629999963, 5.434613631000047, 0.0 ], [ -73.424392809999972, 5.434656404000066, 0.0 ], [ -73.424479249999933, 5.434723793000046, 0.0 ], [ -73.424564339999961, 5.434789912000042, 0.0 ], [ -73.424649069999987, 5.434859085000028, 0.0 ], [ -73.424733669999966, 5.434929421000049, 0.0 ], [ -73.424816329999942, 5.434998825000037, 0.0 ], [ -73.424899549999964, 5.435069770000041, 0.0 ], [ -73.424981319999972, 5.43513974800004, 0.0 ], [ -73.425063699999953, 5.435211336000066, 0.0 ], [ -73.425103079999985, 5.435246052000025, 0.0 ], [ -73.425142869999945, 5.435285935000024, 0.0 ], [ -73.425179279999952, 5.435325039000077, 0.0 ], [ -73.425216779999971, 5.435365585000056, 0.0 ], [ -73.425289319999933, 5.435445414000071, 0.0 ], [ -73.425361029999976, 5.435526322000044, 0.0 ], [ -73.425395409999965, 5.435566091000055, 0.0 ], [ -73.425429559999941, 5.435609796000051, 0.0 ], [ -73.425461199999972, 5.435652231000063, 0.0 ], [ -73.425493809999978, 5.435695431000056, 0.0 ], [ -73.425522779999937, 5.435733703000039, 0.0 ], [ -73.425558819999935, 5.435781657000064, 0.0 ], [ -73.425590479999983, 5.43582350500003, 0.0 ], [ -73.425624589999984, 5.435867691000055, 0.0 ], [ -73.425691109999946, 5.435952471000064, 0.0 ], [ -73.425759309999989, 5.436036699000056, 0.0 ], [ -73.425788798999974, 5.43607195800007, 0.0 ], [ -73.425829229999977, 5.436120301000074, 0.0 ], [ -73.425863529999958, 5.436159512000074, 0.0 ], [ -73.425904, 5.436196475000031, 0.0 ], [ -73.425988249999989, 5.436265205000041, 0.0 ], [ -73.426018959999965, 5.436290282000073, 0.0 ], [ -73.426071879999938, 5.436333653000077, 0.0 ], [ -73.426112409999973, 5.436367075000021, 0.0 ], [ -73.426155009999945, 5.436402442000031, 0.0 ], [ -73.426238109999986, 5.436472963000028, 0.0 ], [ -73.42627908999998, 5.43650825900005, 0.0 ], [ -73.426318579999986, 5.436545738000063, 0.0 ], [ -73.42639633999994, 5.436621108000054, 0.0 ], [ -73.426474069999983, 5.436697554000034, 0.0 ], [ -73.426551589999974, 5.436774418000027, 0.0 ], [ -73.426590589999989, 5.436813579000045, 0.0 ], [ -73.426629299999945, 5.436852761000068, 0.0 ], [ -73.426705529999936, 5.436929818000067, 0.0 ], [ -73.426781919999939, 5.437007700000038, 0.0 ], [ -73.42683330999995, 5.437059403000035, 0.0 ], [ -73.426909929999965, 5.437136416000044, 0.0 ], [ -73.426987529999963, 5.437213522000036, 0.0 ], [ -73.427021189999948, 5.437248394000051, 0.0 ], [ -73.427053199999989, 5.437297396000076, 0.0 ], [ -73.42707613999994, 5.437342760000035, 0.0 ], [ -73.427091859999962, 5.437398844000029, 0.0 ], [ -73.427102752999986, 5.437454252000066, 0.0 ], [ -73.427107719999981, 5.437479520000068, 0.0 ], [ -73.427113059999954, 5.437505793000071, 0.0 ], [ -73.427121019999959, 5.437544957000057, 0.0 ], [ -73.427132059999963, 5.437593242000048, 0.0 ], [ -73.427150779999977, 5.437648545000059, 0.0 ], [ -73.427169209999988, 5.437692192000043, 0.0 ], [ -73.427201429999968, 5.437740284000029, 0.0 ], [ -73.427268819999938, 5.437820778000059, 0.0 ], [ -73.427324039999974, 5.437887856000032, 0.0 ], [ -73.427338489999954, 5.437905511000054, 0.0 ], [ -73.427370589999953, 5.437945254000056, 0.0 ], [ -73.427401639999971, 5.437990802000058, 0.0 ], [ -73.427438486999961, 5.438049356000022, 0.0 ], [ -73.427457699999934, 5.438079888000061, 0.0 ], [ -73.427512969999952, 5.438168399000062, 0.0 ], [ -73.427532189999965, 5.438199472000065, 0.0 ], [ -73.427568509999958, 5.438258437000059, 0.0 ], [ -73.427602459999946, 5.438313890000074, 0.0 ], [ -73.427622629999973, 5.438346566000064, 0.0 ], [ -73.427642839999976, 5.438379086000054, 0.0 ], [ -73.427679099999978, 5.438432079000052, 0.0 ], [ -73.427739069999973, 5.438516001000039, 0.0 ], [ -73.427778629999978, 5.438571147000062, 0.0 ], [ -73.427801109999962, 5.438599797000052, 0.0 ], [ -73.427828169999941, 5.438632796000036, 0.0 ], [ -73.427870699999971, 5.438679471000057, 0.0 ], [ -73.427914179999959, 5.438726093000071, 0.0 ], [ -73.427943899999946, 5.438757983000073, 0.0 ], [ -73.427980329999968, 5.438796767000042, 0.0 ], [ -73.428016659999969, 5.438833832000057, 0.0 ], [ -73.428092539999966, 5.438906519000057, 0.0 ], [ -73.428137659999948, 5.438948026000048, 0.0 ], [ -73.428166629999964, 5.438980871000069, 0.0 ], [ -73.428199829999983, 5.439023285000076, 0.0 ], [ -73.428229679999959, 5.439069694000068, 0.0 ], [ -73.42825154999997, 5.439108240000053, 0.0 ], [ -73.428275029999952, 5.43915749100006, 0.0 ], [ -73.428294839999978, 5.43920311200003, 0.0 ], [ -73.428312539999979, 5.439247625000064, 0.0 ], [ -73.428329509999969, 5.439291673000071, 0.0 ], [ -73.428346909999959, 5.439337137000052, 0.0 ], [ -73.428379639999946, 5.439425080000035, 0.0 ], [ -73.428412209999976, 5.439514925000026, 0.0 ], [ -73.428425209999943, 5.439551685000026, 0.0 ], [ -73.428447069999947, 5.439605598000071, 0.0 ], [ -73.428463369999974, 5.439645595000059, 0.0 ], [ -73.428484899999944, 5.43969948900002, 0.0 ], [ -73.428523379999945, 5.43979439900005, 0.0 ], [ -73.428534053999954, 5.439819403000058, 0.0 ], [ -73.428536109999982, 5.439824220000048, 0.0 ], [ -73.428565699999979, 5.439887167000052, 0.0 ], [ -73.428612369999939, 5.439977499000065, 0.0 ], [ -73.428635139999983, 5.440020933000028, 0.0 ], [ -73.428661209999973, 5.440064473000064, 0.0 ], [ -73.428694599999972, 5.440116087000035, 0.0 ], [ -73.428718469999978, 5.440147656000022, 0.0 ], [ -73.428749469999957, 5.440187741000045, 0.0 ], [ -73.428779469999938, 5.440228012000034, 0.0 ], [ -73.428838089999942, 5.44030602600003, 0.0 ], [ -73.428898, 5.440383059000055, 0.0 ], [ -73.428933049999955, 5.440426772000023, 0.0 ], [ -73.428957449999984, 5.440459963000023, 0.0 ], [ -73.42898643999996, 5.440501764000032, 0.0 ], [ -73.429014959999961, 5.440543240000068, 0.0 ], [ -73.429051269999945, 5.440596267000046, 0.0 ], [ -73.429073059999951, 5.440627948000042, 0.0 ], [ -73.429080676999945, 5.440639051000062, 0.0 ], [ -73.429096315999971, 5.440661849000037, 0.0 ], [ -73.429107499999986, 5.440678152000032, 0.0 ], [ -73.429131559999973, 5.440713237000068, 0.0 ], [ -73.42919145999997, 5.440802344000076, 0.0 ], [ -73.429225369999983, 5.440854025000021, 0.0 ], [ -73.429251219999969, 5.440891783000041, 0.0 ], [ -73.429313039999954, 5.440979746000039, 0.0 ], [ -73.429373819999967, 5.441067923000048, 0.0 ], [ -73.429397354999935, 5.441102214000068, 0.0 ], [ -73.429436179999982, 5.441158780000023, 0.0 ], [ -73.429497179999942, 5.441247923000049, 0.0 ], [ -73.429559249999954, 5.441337517000022, 0.0 ], [ -73.429621549999979, 5.441426801000034, 0.0 ], [ -73.429684759999986, 5.441515710000033, 0.0 ], [ -73.429701589999979, 5.441539220000038, 0.0 ], [ -73.429730659999962, 5.441580890000068, 0.0 ], [ -73.429746499999965, 5.441603152000027, 0.0 ], [ -73.429761925999969, 5.441623363000076, 0.0 ], [ -73.429821595999954, 5.441680681000037, 0.0 ], [ -73.42992851799994, 5.441775806000066, 0.0 ], [ -73.430054922999943, 5.441879243000074, 0.0 ], [ -73.430222268999955, 5.442013462000034, 0.0 ], [ -73.430337399999985, 5.442105500000025, 0.0 ], [ -73.430361936999986, 5.442124086000035, 0.0 ], [ -73.430418378999946, 5.442169468000031, 0.0 ], [ -73.430543907999947, 5.442280845000028, 0.0 ], [ -73.430644523999945, 5.442374458000074, 0.0 ], [ -73.430681182999933, 5.442408173000047, 0.0 ], [ -73.430691384999989, 5.442417159000058, 0.0 ], [ -73.430738791999943, 5.442456669000023, 0.0 ], [ -73.430778192999981, 5.442487468000024, 0.0 ], [ -73.430785437999987, 5.442492508000043, 0.0 ], [ -73.430794153999955, 5.442497243000048, 0.0 ], [ -73.430804140999953, 5.442501820000075, 0.0 ], [ -73.430829780999943, 5.442512158000056, 0.0 ], [ -73.430888000999971, 5.442536607000022, 0.0 ], [ -73.43090155799996, 5.442542514000024, 0.0 ], [ -73.43096163499996, 5.442570022000041, 0.0 ], [ -73.430983965999985, 5.442581167000071, 0.0 ], [ -73.431057587999987, 5.442613898000047, 0.0 ], [ -73.431095932999938, 5.442632356000047, 0.0 ], [ -73.431153502999962, 5.442662022000036, 0.0 ], [ -73.43117192699998, 5.44267389700002, 0.0 ], [ -73.431258695999986, 5.442738464000058, 0.0 ], [ -73.431347440999957, 5.442805993000036, 0.0 ], [ -73.431444370999941, 5.442873705000068, 0.0 ], [ -73.431484515999955, 5.442899694000062, 0.0 ], [ -73.431492232999972, 5.442904389000034, 0.0 ], [ -73.431512841999961, 5.442916400000058, 0.0 ], [ -73.431517304999943, 5.442918742000074, 0.0 ], [ -73.431541889999949, 5.442931451000049, 0.0 ], [ -73.431622166999944, 5.442964133000032, 0.0 ], [ -73.431713766999962, 5.442987515000027, 0.0 ], [ -73.431747634999965, 5.442997254000034, 0.0 ], [ -73.43177671899997, 5.443006355000023, 0.0 ], [ -73.431776879999973, 5.44300640900002, 0.0 ], [ -73.431790822999972, 5.443011304000038, 0.0 ], [ -73.431818236999959, 5.443021815000066, 0.0 ], [ -73.431837679999944, 5.443029943000056, 0.0 ], [ -73.431851657999971, 5.443036418000077, 0.0 ], [ -73.431871485999977, 5.443046321000054, 0.0 ], [ -73.431890341999974, 5.443056627000033, 0.0 ], [ -73.431926218999934, 5.443080243000054, 0.0 ], [ -73.431935313999986, 5.44308684300006, 0.0 ], [ -73.431987099999958, 5.443124900000043, 0.0 ], [ -73.431989577999957, 5.443126780000057, 0.0 ], [ -73.432012717999953, 5.443144332000031, 0.0 ], [ -73.432166136999967, 5.443260704000068, 0.0 ], [ -73.432319555999982, 5.443377076000047, 0.0 ], [ -73.432337165999968, 5.443390434000037, 0.0 ], [ -73.432555737999962, 5.443546815000047, 0.0 ], [ -73.432774309999957, 5.443703196000058, 0.0 ], [ -73.432962220999968, 5.443822631000046, 0.0 ], [ -73.433002944999942, 5.443849637000028, 0.0 ], [ -73.433044532999986, 5.443879257000049, 0.0 ], [ -73.433153298999969, 5.443965271000025, 0.0 ], [ -73.433262064999951, 5.444051284000068, 0.0 ], [ -73.43330333199998, 5.444081273000052, 0.0 ], [ -73.433361005999984, 5.444121128000063, 0.0 ], [ -73.433367982999982, 5.444125994000046, 0.0 ], [ -73.433400669999969, 5.444150720000039, 0.0 ], [ -73.433450582999967, 5.444187046000025, 0.0 ], [ -73.433661605999987, 5.444338025000036, 0.0 ], [ -73.433872627999961, 5.444489004000047, 0.0 ], [ -73.43408365099998, 5.444639983000059, 0.0 ], [ -73.434208152999986, 5.444725109000046, 0.0 ], [ -73.434332654999935, 5.444810234000045, 0.0 ], [ -73.434358766999935, 5.444827167000028, 0.0 ], [ -73.434555175999947, 5.444967820000045, 0.0 ], [ -73.434670750999942, 5.44505225100005, 0.0 ], [ -73.434786325999937, 5.445136681000065, 0.0 ], [ -73.434946844999956, 5.44525756400003, 0.0 ], [ -73.435063285999945, 5.445340872000031, 0.0 ], [ -73.435235788999989, 5.445464291000064, 0.0 ], [ -73.435408292999966, 5.445587710000041, 0.0 ], [ -73.435580795999954, 5.445711129000074, 0.0 ], [ -73.435584810999956, 5.445714199000065, 0.0 ], [ -73.435591690999956, 5.445719621000023, 0.0 ], [ -73.435773947999962, 5.445872622000024, 0.0 ], [ -73.435956204999968, 5.446025623000025, 0.0 ], [ -73.436018750999949, 5.446078129000057, 0.0 ], [ -73.436083549999978, 5.446128600000065, 0.0 ], [ -73.436118547999968, 5.446156470000062, 0.0 ], [ -73.436160897999969, 5.446192618000055, 0.0 ], [ -73.436191251999958, 5.446220021000045, 0.0 ], [ -73.436204466999982, 5.446234033000053, 0.0 ], [ -73.436220167999977, 5.446256040000037, 0.0 ], [ -73.436240276999968, 5.44629023300007, 0.0 ], [ -73.43626382399998, 5.446333197000058, 0.0 ], [ -73.436310762999938, 5.44642321200007, 0.0 ], [ -73.436359707999941, 5.446510319000026, 0.0 ], [ -73.436368942999934, 5.446525981000036, 0.0 ], [ -73.436371827999949, 5.446531449000076, 0.0 ], [ -73.436371966999957, 5.446531723000021, 0.0 ], [ -73.436372656999936, 5.446533166000052, 0.0 ], [ -73.43637313399995, 5.446534358000065, 0.0 ], [ -73.436374108999985, 5.44653749400004, 0.0 ], [ -73.43637737499995, 5.446547996000049, 0.0 ], [ -73.436431780999953, 5.446722952000073, 0.0 ], [ -73.436467652999966, 5.446831928000051, 0.0 ], [ -73.436484307999933, 5.446885290000068, 0.0 ], [ -73.436489347999952, 5.446902764000072, 0.0 ], [ -73.436491023999963, 5.446910632000026, 0.0 ], [ -73.436509455999953, 5.446991678000074, 0.0 ], [ -73.436522642999989, 5.447054523000077, 0.0 ], [ -73.436531051999964, 5.447118568000064, 0.0 ], [ -73.436535868999954, 5.447171841000056, 0.0 ], [ -73.436540160999982, 5.447232717000077, 0.0 ], [ -73.43653963099996, 5.447267170000032, 0.0 ], [ -73.436538818999963, 5.447277401000065, 0.0 ], [ -73.436537299999941, 5.447287234000044, 0.0 ], [ -73.436500897999963, 5.447460988000046, 0.0 ], [ -73.436450299999933, 5.447702500000048, 0.0 ], [ -73.436434295999959, 5.447775528000022, 0.0 ], [ -73.436404946999971, 5.447883929000056, 0.0 ], [ -73.436404866999965, 5.447884260000023, 0.0 ], [ -73.436402344999976, 5.44789475500005, 0.0 ], [ -73.436396042999945, 5.447920982000028, 0.0 ], [ -73.436386881999965, 5.447961815000042, 0.0 ], [ -73.436372796999933, 5.448031510000021, 0.0 ], [ -73.436365105999982, 5.448091239000064, 0.0 ], [ -73.436365100999978, 5.448091304000059, 0.0 ], [ -73.436365341999988, 5.448108489000049, 0.0 ], [ -73.436366691999979, 5.448125345000051, 0.0 ], [ -73.436370045999979, 5.448156682000047, 0.0 ], [ -73.436381467999979, 5.448307760000034, 0.0 ], [ -73.436392890999969, 5.448458837000032, 0.0 ], [ -73.436394566999979, 5.448481, 0.0 ], [ -73.436404944999936, 5.448634139000035, 0.0 ], [ -73.436414551999974, 5.448703092000073, 0.0 ], [ -73.436426062999942, 5.448760550000031, 0.0 ], [ -73.436443099999963, 5.448821733000045, 0.0 ], [ -73.436474342999986, 5.448911834000057, 0.0 ], [ -73.436491510999986, 5.448954507000053, 0.0 ], [ -73.436494534999952, 5.448962023000036, 0.0 ], [ -73.436495480999952, 5.448964419000049, 0.0 ], [ -73.436580952999975, 5.449178837000034, 0.0 ], [ -73.436610333999965, 5.449254900000028, 0.0 ], [ -73.436631159999934, 5.449292593000052, 0.0 ], [ -73.43668837599995, 5.449390126000026, 0.0 ], [ -73.43673907699997, 5.449480625000035, 0.0 ], [ -73.436804199999983, 5.449581466000041, 0.0 ], [ -73.436843678999935, 5.449641215000042, 0.0 ], [ -73.436935605999963, 5.449780341000064, 0.0 ], [ -73.437027533999981, 5.449919467000029, 0.0 ], [ -73.43717129199996, 5.450103986000045, 0.0 ], [ -73.437199059999955, 5.450139529000069, 0.0 ], [ -73.437236118999976, 5.450189554000076, 0.0 ], [ -73.437269092999941, 5.450238224000032, 0.0 ], [ -73.437300860999983, 5.450288719000071, 0.0 ], [ -73.437372749999952, 5.450418243000058, 0.0 ], [ -73.437400968999953, 5.450472882000042, 0.0 ], [ -73.437420146999955, 5.450512728000035, 0.0 ], [ -73.437433586999987, 5.45054435000003, 0.0 ], [ -73.437433938999959, 5.450545336000062, 0.0 ], [ -73.437453809999965, 5.450597315000039, 0.0 ], [ -73.437494929999957, 5.450700083000072, 0.0 ], [ -73.437554730999977, 5.450838808000071, 0.0 ], [ -73.437614532999987, 5.450977533000071, 0.0 ], [ -73.43763353199995, 5.451036780000038, 0.0 ], [ -73.437637034999966, 5.451049201000046, 0.0 ], [ -73.437663528999963, 5.451140100000032, 0.0 ], [ -73.437665592999963, 5.451146572000027, 0.0 ], [ -73.437681259999977, 5.451192552000066, 0.0 ], [ -73.437696002999985, 5.451232711000046, 0.0 ], [ -73.437704016999987, 5.45125308400003, 0.0 ], [ -73.43772144899998, 5.451293131000057, 0.0 ], [ -73.437734393999961, 5.451320180000039, 0.0 ], [ -73.437745678999988, 5.451340703000028, 0.0 ], [ -73.437761566999939, 5.451366467000071, 0.0 ], [ -73.437763718999975, 5.451368952000053, 0.0 ], [ -73.437887391999936, 5.451511710000034, 0.0 ], [ -73.438011065999945, 5.451654467000026, 0.0 ], [ -73.438140694999959, 5.451785829000073, 0.0 ], [ -73.438270324999962, 5.451917191000064, 0.0 ], [ -73.438270389999957, 5.451917245000061, 0.0 ], [ -73.43827043899995, 5.451917287000072, 0.0 ], [ -73.438420918999952, 5.452029560000028, 0.0 ], [ -73.438571399999944, 5.452141833000042, 0.0 ], [ -73.438585442999965, 5.452153122000027, 0.0 ], [ -73.438649333999933, 5.452197516000069, 0.0 ], [ -73.438727218999986, 5.452248236000059, 0.0 ], [ -73.438790687999983, 5.45228779100006, 0.0 ], [ -73.438837350999961, 5.452315930000054, 0.0 ], [ -73.438901676999933, 5.452354095000032, 0.0 ], [ -73.438917228999969, 5.452364385000067, 0.0 ], [ -73.438920372999974, 5.452366721000033, 0.0 ], [ -73.438924819999954, 5.452370095000049, 0.0 ], [ -73.438934158999984, 5.452377609000052, 0.0 ], [ -73.439065944999982, 5.452495277000025, 0.0 ], [ -73.439170699999977, 5.452599733000056, 0.0 ], [ -73.439295460999972, 5.45271043300005, 0.0 ], [ -73.439455266999971, 5.452844666000033, 0.0 ], [ -73.439511437999954, 5.452894133000029, 0.0 ], [ -73.439658558999952, 5.453015798000024, 0.0 ], [ -73.439761322999971, 5.453098410000052, 0.0 ], [ -73.439762547999976, 5.453099528000052, 0.0 ], [ -73.439899344999958, 5.45323925100007, 0.0 ], [ -73.440036142999986, 5.453378973000042, 0.0 ], [ -73.440064049999933, 5.453407476000052, 0.0 ], [ -73.440246263999938, 5.453567754000062, 0.0 ], [ -73.440371549999952, 5.453682596000021, 0.0 ], [ -73.440424832999952, 5.453727033000064, 0.0 ], [ -73.440565465999953, 5.453856217000066, 0.0 ], [ -73.440706099999943, 5.453985400000022, 0.0 ], [ -73.44086495099998, 5.454136304000031, 0.0 ], [ -73.440927874999943, 5.454198915000063, 0.0 ], [ -73.440972929999987, 5.454243027000075, 0.0 ], [ -73.440982618999954, 5.454252180000026, 0.0 ], [ -73.440999990999956, 5.45426782800007, 0.0 ], [ -73.441011599999968, 5.454279146000033, 0.0 ], [ -73.441019356999959, 5.454287296000075, 0.0 ], [ -73.44102443099996, 5.454293237000059, 0.0 ], [ -73.441109166999979, 5.454409136000038, 0.0 ], [ -73.441233281999985, 5.454577768000036, 0.0 ], [ -73.441280164999966, 5.454644884000061, 0.0 ], [ -73.441291632999935, 5.454661300000055, 0.0 ], [ -73.441336261999936, 5.454720105000035, 0.0 ], [ -73.441378932999953, 5.454780720000031, 0.0 ], [ -73.441389233999985, 5.454794798000023, 0.0 ], [ -73.441455281999936, 5.454882504000068, 0.0 ], [ -73.441521799999975, 5.454967400000044, 0.0 ], [ -73.441604772999938, 5.455062260000034, 0.0 ], [ -73.441685726999935, 5.455154168000035, 0.0 ], [ -73.441789744999937, 5.455270963000032, 0.0 ], [ -73.441793776999987, 5.455275332000042, 0.0 ], [ -73.441815165999969, 5.455296867000072, 0.0 ], [ -73.441947165999977, 5.455454217000067, 0.0 ], [ -73.442079166999974, 5.455611566000073, 0.0 ], [ -73.442211351999958, 5.455754254000055, 0.0 ], [ -73.442301636999957, 5.45584556700004, 0.0 ], [ -73.442362099999968, 5.455899067000075, 0.0 ], [ -73.442423085999962, 5.455947241000047, 0.0 ], [ -73.442487412999981, 5.456001254000057, 0.0 ], [ -73.442527287999951, 5.45603473500006, 0.0 ], [ -73.442603215999952, 5.456103308000024, 0.0 ], [ -73.442644099999939, 5.456141267000021, 0.0 ], [ -73.442770242999984, 5.456302447000041, 0.0 ], [ -73.442896385999973, 5.456463627000062, 0.0 ], [ -73.443022528999961, 5.456624807000026, 0.0 ], [ -73.44314867199995, 5.456785987000046, 0.0 ], [ -73.443174532999933, 5.45681623300004, 0.0 ], [ -73.443300904999944, 5.456963115000065, 0.0 ], [ -73.443402017999972, 5.457083987000033, 0.0 ], [ -73.443444666999937, 5.45713956700007, 0.0 ], [ -73.443538453999963, 5.457250483000053, 0.0 ], [ -73.443618214999958, 5.457347319000064, 0.0 ], [ -73.443729566999934, 5.457500933000063, 0.0 ], [ -73.443857832999981, 5.457665034000058, 0.0 ], [ -73.443986099999961, 5.457829134000065, 0.0 ], [ -73.444121699999982, 5.457987501000048, 0.0 ], [ -73.444257299999947, 5.458145867000042, 0.0 ], [ -73.44436683899994, 5.45827867600002, 0.0 ], [ -73.444476377999933, 5.458411484000067, 0.0 ], [ -73.444513899999947, 5.458466067000074, 0.0 ], [ -73.44452763399994, 5.458486096000058, 0.0 ], [ -73.444539565999946, 5.458509206000031, 0.0 ], [ -73.444548961999942, 5.458529111000075, 0.0 ], [ -73.444575809999947, 5.458597160000068, 0.0 ], [ -73.444583355999953, 5.458616287000041, 0.0 ], [ -73.444588959999976, 5.458629766000058, 0.0 ], [ -73.444607386999962, 5.458668611000064, 0.0 ], [ -73.444622608999964, 5.458697394000069, 0.0 ], [ -73.444642972999986, 5.458731874000023, 0.0 ], [ -73.444661057999951, 5.458760164000068, 0.0 ], [ -73.444701535999968, 5.458817785000065, 0.0 ], [ -73.444722899999988, 5.458846167000047, 0.0 ], [ -73.444758303999947, 5.458881743000063, 0.0 ], [ -73.444800777999944, 5.458924423000042, 0.0 ], [ -73.444864725999935, 5.458994737000069, 0.0 ], [ -73.444941832999973, 5.459086867000053, 0.0 ], [ -73.445073660999981, 5.459264481000048, 0.0 ], [ -73.44518736699996, 5.459417666000036, 0.0 ], [ -73.445305015999963, 5.459582083000043, 0.0 ], [ -73.445422665999956, 5.459746500000051, 0.0 ], [ -73.445503382999959, 5.459863800000051, 0.0 ], [ -73.445584099999962, 5.45998110000005, 0.0 ], [ -73.445666635999942, 5.460105875000067, 0.0 ], [ -73.445678476999944, 5.46012375600003, 0.0 ], [ -73.445720716999972, 5.460187543000075, 0.0 ], [ -73.445751001999952, 5.460229930000025, 0.0 ], [ -73.44580625499998, 5.460303185000043, 0.0 ], [ -73.445815532999973, 5.46031430000005, 0.0 ], [ -73.445886614999949, 5.460419041000023, 0.0 ], [ -73.445938557999966, 5.460507346000043, 0.0 ], [ -73.445953643999985, 5.460535887000049, 0.0 ], [ -73.445971846999953, 5.460572150000075, 0.0 ], [ -73.445992116999946, 5.46061755900007, 0.0 ], [ -73.445999386999972, 5.460635780000075, 0.0 ], [ -73.446008199999937, 5.46066, 0.0 ], [ -73.446082916999956, 5.460831467000048, 0.0 ], [ -73.446157633999974, 5.461002934000021, 0.0 ], [ -73.44618543699994, 5.46110324600005, 0.0 ], [ -73.446220160999985, 5.461244410000063, 0.0 ], [ -73.446223228999941, 5.461256518000027, 0.0 ], [ -73.446244803999946, 5.461335003000045, 0.0 ], [ -73.446254942999985, 5.461366788000021, 0.0 ], [ -73.446267933999934, 5.461400900000058, 0.0 ], [ -73.446269627999982, 5.461404633000029, 0.0 ], [ -73.446271550999938, 5.461408169000038, 0.0 ], [ -73.446271902999968, 5.461408757000072, 0.0 ], [ -73.446273148999978, 5.461410626000031, 0.0 ], [ -73.446278427999971, 5.461417796000035, 0.0 ], [ -73.446308502999955, 5.461459289000061, 0.0 ], [ -73.446381523999946, 5.461568619000047, 0.0 ], [ -73.446386588999985, 5.461576034000075, 0.0 ], [ -73.446427683999957, 5.461633114000051, 0.0 ], [ -73.446466089999944, 5.461681739000028, 0.0 ], [ -73.446495910999943, 5.46171625300002, 0.0 ], [ -73.446496000999957, 5.461716351000064, 0.0 ], [ -73.446531032999985, 5.461749267000073, 0.0 ], [ -73.446725465999975, 5.461870250000061, 0.0 ], [ -73.446919899999955, 5.461991234000038, 0.0 ], [ -73.447114332999945, 5.462112217000026, 0.0 ], [ -73.447308766999981, 5.462233200000071, 0.0 ], [ -73.447508045999939, 5.46237721500006, 0.0 ], [ -73.447519347999958, 5.46238524100005, 0.0 ], [ -73.447546655999986, 5.462404439000068, 0.0 ], [ -73.447576086999959, 5.46242496800005, 0.0 ], [ -73.447583436999935, 5.462430133000055, 0.0 ], [ -73.447590805999937, 5.462435886000037, 0.0 ], [ -73.447592825999948, 5.462437784000031, 0.0 ], [ -73.447595199999967, 5.46244020000006, 0.0 ], [ -73.44770903899996, 5.462593475000062, 0.0 ], [ -73.447822878999943, 5.462746750000065, 0.0 ], [ -73.447866933999933, 5.462806066000041, 0.0 ], [ -73.447927608999976, 5.462898831000075, 0.0 ], [ -73.44807723699995, 5.463106871000036, 0.0 ], [ -73.448132777999945, 5.463181132000045, 0.0 ], [ -73.448143166999955, 5.463193733000026, 0.0 ], [ -73.44827033699994, 5.463353365000046, 0.0 ], [ -73.448392970999976, 5.463515593000068, 0.0 ], [ -73.448428333999971, 5.463564433000045, 0.0 ], [ -73.448449180999944, 5.463588627000036, 0.0 ], [ -73.448547348999966, 5.463706364000075, 0.0 ], [ -73.448679250999987, 5.463866634000055, 0.0 ], [ -73.448718233999955, 5.463915100000065, 0.0 ], [ -73.448873720999984, 5.464099836000059, 0.0 ], [ -73.44897119999996, 5.464225100000021, 0.0 ], [ -73.449047133999954, 5.464304670000047, 0.0 ], [ -73.449081281999952, 5.464338716000043, 0.0 ], [ -73.449085750999984, 5.464342147000025, 0.0 ], [ -73.449131996999938, 5.464381489000061, 0.0 ], [ -73.44919009399996, 5.464426700000047, 0.0 ], [ -73.449249384999973, 5.464472389000036, 0.0 ], [ -73.449296620999974, 5.464508249000062, 0.0 ], [ -73.449314425999944, 5.46452140100007, 0.0 ], [ -73.449328523999952, 5.464530928000045, 0.0 ], [ -73.449338560999934, 5.464537709000069, 0.0 ], [ -73.44939706599996, 5.46457543300005, 0.0 ], [ -73.449444046999986, 5.464611787000024, 0.0 ], [ -73.449459106999939, 5.46462286700006, 0.0 ], [ -73.449565866999933, 5.464699650000057, 0.0 ], [ -73.449659605999955, 5.464764226000057, 0.0 ], [ -73.449704299999951, 5.464791976000072, 0.0 ], [ -73.449710866999965, 5.464795167000034, 0.0 ], [ -73.449843072999954, 5.464859666000052, 0.0 ], [ -73.450038965999966, 5.464946567000027, 0.0 ], [ -73.450282198999957, 5.465037589000076, 0.0 ], [ -73.450525432999939, 5.465128611000068, 0.0 ], [ -73.450768665999988, 5.465219633000061, 0.0 ], [ -73.450836195999955, 5.46524852400006, 0.0 ], [ -73.450897902999941, 5.465275219000034, 0.0 ], [ -73.450931203999971, 5.465290638000056, 0.0 ], [ -73.450957763999952, 5.46530464500006, 0.0 ], [ -73.450983185999974, 5.465319059000024, 0.0 ], [ -73.450990471999944, 5.465323388000058, 0.0 ], [ -73.451018856999951, 5.465341792000061, 0.0 ], [ -73.451028044999987, 5.465348607000067, 0.0 ], [ -73.451047552999967, 5.46536468100004, 0.0 ], [ -73.451053935999937, 5.46537028900002, 0.0 ], [ -73.451057727999967, 5.465374128000065, 0.0 ], [ -73.45106048599996, 5.465377649000061, 0.0 ], [ -73.451061547999984, 5.465379207000069, 0.0 ], [ -73.451064093999946, 5.465383986000063, 0.0 ], [ -73.451065123999967, 5.465386411000054, 0.0 ], [ -73.451066386999969, 5.465390378000052, 0.0 ], [ -73.451074899999981, 5.465415196000038, 0.0 ], [ -73.451091426999938, 5.465468580000049, 0.0 ], [ -73.451092170999971, 5.465471038000032, 0.0 ], [ -73.45112086599994, 5.465586205000022, 0.0 ], [ -73.451160366999943, 5.465777800000069, 0.0 ], [ -73.451163404999988, 5.465821282000036, 0.0 ], [ -73.451182944999971, 5.466048959000034, 0.0 ], [ -73.451193399999966, 5.466148567000062, 0.0 ], [ -73.451195786999961, 5.466189986000074, 0.0 ], [ -73.451196078999942, 5.466195536000043, 0.0 ], [ -73.451197945999979, 5.466231077000032, 0.0 ], [ -73.451200240999981, 5.466266149000035, 0.0 ], [ -73.451204894999989, 5.466306732000021, 0.0 ], [ -73.451212302999977, 5.46635657500002, 0.0 ], [ -73.45121599099997, 5.466374511000026, 0.0 ], [ -73.451224846999935, 5.466408538000053, 0.0 ], [ -73.451234898999985, 5.466436909000038, 0.0 ], [ -73.451243804999933, 5.466458745000068, 0.0 ], [ -73.451261722999959, 5.466495323000061, 0.0 ], [ -73.451274612999953, 5.466518991000044, 0.0 ], [ -73.451274957999942, 5.466519581000057, 0.0 ], [ -73.45128619999997, 5.46654, 0.0 ], [ -73.451416266999956, 5.466724784000064, 0.0 ], [ -73.451546333999943, 5.466909567000073, 0.0 ], [ -73.451597825999954, 5.466997578000075, 0.0 ], [ -73.451619129999983, 5.467033990000061, 0.0 ], [ -73.451685643999951, 5.467136911000068, 0.0 ], [ -73.451709437999966, 5.467171789000076, 0.0 ], [ -73.451721041999974, 5.467191232000062, 0.0 ], [ -73.45173475699994, 5.467216221000058, 0.0 ], [ -73.451740567999934, 5.467229644000042, 0.0 ], [ -73.451745093999989, 5.467244781000034, 0.0 ], [ -73.451747499999954, 5.467253400000061, 0.0 ], [ -73.45177838099994, 5.467378523000036, 0.0 ], [ -73.451787856999943, 5.467412766000052, 0.0 ], [ -73.451790695999989, 5.467421950000073, 0.0 ], [ -73.451795150999942, 5.467435803000058, 0.0 ], [ -73.451799260999962, 5.467447865000054, 0.0 ], [ -73.451806159999933, 5.467464698000072, 0.0 ], [ -73.451832451999962, 5.46752058200002, 0.0 ], [ -73.451840067999967, 5.467536770000038, 0.0 ], [ -73.451876366999954, 5.467620267000029, 0.0 ], [ -73.451984581999966, 5.467866109000056, 0.0 ], [ -73.452015564999954, 5.467943467000055, 0.0 ], [ -73.452035423999973, 5.467997437000065, 0.0 ], [ -73.452045599999963, 5.468026266000038, 0.0 ], [ -73.452114624999979, 5.468215403000045, 0.0 ], [ -73.452124470999934, 5.468237656000042, 0.0 ], [ -73.452214066999943, 5.468440134000048, 0.0 ], [ -73.452263118999952, 5.468562967000025, 0.0 ], [ -73.452276599999948, 5.468594426000038, 0.0 ], [ -73.452287297999987, 5.468617170000073, 0.0 ], [ -73.452307708999967, 5.468657034000046, 0.0 ], [ -73.452322553999977, 5.468683816000066, 0.0 ], [ -73.452327750999984, 5.468692471000054, 0.0 ], [ -73.452340000999982, 5.468711786000028, 0.0 ], [ -73.45235734299996, 5.468736988000046, 0.0 ], [ -73.452457299999935, 5.468876200000068, 0.0 ], [ -73.452465691999976, 5.468889893000039, 0.0 ], [ -73.452510249999989, 5.468960182000046, 0.0 ], [ -73.45256502999996, 5.469038749000049, 0.0 ], [ -73.452569188999973, 5.46904418400004, 0.0 ], [ -73.452642399999945, 5.46914060000006, 0.0 ], [ -73.452646281999989, 5.46914425600005, 0.0 ], [ -73.452829699999938, 5.469317, 0.0 ], [ -73.452944799999955, 5.469410367000023, 0.0 ], [ -73.453059899999971, 5.469503733000067, 0.0 ], [ -73.453076375999956, 5.46952112200006, 0.0 ], [ -73.453191188999938, 5.469642303000057, 0.0 ], [ -73.453306002999966, 5.469763484000055, 0.0 ], [ -73.453309629999978, 5.469767312000045, 0.0 ], [ -73.453309671999989, 5.469767356000034, 0.0 ], [ -73.453342199999952, 5.469795930000032, 0.0 ], [ -73.453422969999963, 5.469866491000062, 0.0 ], [ -73.453441769999984, 5.46988278200007, 0.0 ], [ -73.453476449999982, 5.469913220000024, 0.0 ], [ -73.453504399999986, 5.469937636000054, 0.0 ], [ -73.453585359999977, 5.470008548000067, 0.0 ], [ -73.453607104999946, 5.470028153000044, 0.0 ], [ -73.453664509999953, 5.470079906000024, 0.0 ], [ -73.453744189999952, 5.470153560000028, 0.0 ], [ -73.45382307999995, 5.470228999000028, 0.0 ], [ -73.453827720999982, 5.47023351100006, 0.0 ], [ -73.453900489999967, 5.470304261000024, 0.0 ], [ -73.453975, 5.470378969000024, 0.0 ], [ -73.454047830999968, 5.470453364000036, 0.0 ], [ -73.454051169999957, 5.47045677400007, 0.0 ], [ -73.454109569999957, 5.47051559800002, 0.0 ], [ -73.454123276999951, 5.470529337000073, 0.0 ], [ -73.454134259999989, 5.470540345000074, 0.0 ], [ -73.454165409999973, 5.470571342000028, 0.0 ], [ -73.454208209999933, 5.470612463000066, 0.0 ], [ -73.454212547999987, 5.470616906000032, 0.0 ], [ -73.454215598999951, 5.470620030000021, 0.0 ], [ -73.454242409999949, 5.470647487000065, 0.0 ], [ -73.454275589999952, 5.470681807000062, 0.0 ], [ -73.454286509999974, 5.470693102000041, 0.0 ], [ -73.454288519999977, 5.470695199000033, 0.0 ], [ -73.454308014999981, 5.470715530000064, 0.0 ], [ -73.454315, 5.470722815000045, 0.0 ] ], [ [ -73.454321169999957, 5.470729137000035, 0.0 ], [ -73.454330519999985, 5.470738734000065, 0.0 ], [ -73.454339671999946, 5.470748129000071, 0.0 ], [ -73.454346039999962, 5.470754666000062, 0.0 ], [ -73.454360539999982, 5.470769621000045, 0.0 ], [ -73.454387899999972, 5.47079762900006, 0.0 ], [ -73.454420970999934, 5.47083015000004, 0.0 ], [ -73.454426109999986, 5.470835203000036, 0.0 ], [ -73.454443140999956, 5.470851364000055, 0.0 ], [ -73.454466789999969, 5.470873805000053, 0.0 ], [ -73.454506479999964, 5.470906697000032, 0.0 ], [ -73.454549029999953, 5.470940956000049, 0.0 ], [ -73.45458328999996, 5.470980303000033, 0.0 ], [ -73.454628239999977, 5.471043345000055, 0.0 ], [ -73.454661619999968, 5.471089823000057, 0.0 ], [ -73.454691429999968, 5.471130951000021, 0.0 ], [ -73.454695567999977, 5.471136655000066, 0.0 ], [ -73.454718609999986, 5.471168414000033, 0.0 ], [ -73.454754727999955, 5.471217655000032, 0.0 ], [ -73.454755649999981, 5.47121891200004, 0.0 ], [ -73.454816939999944, 5.471302079000054, 0.0 ], [ -73.454837529999963, 5.471329997000055, 0.0 ], [ -73.454878539999982, 5.471387782000022, 0.0 ], [ -73.454938569999968, 5.471474740000076, 0.0 ], [ -73.454964319999988, 5.471512786000062, 0.0 ], [ -73.454997479999975, 5.471563367000044, 0.0 ], [ -73.455048708999982, 5.471642212000063, 0.0 ], [ -73.455053969999938, 5.47165030900004, 0.0 ], [ -73.45507091199994, 5.471676464000041, 0.0 ], [ -73.455111775999967, 5.471739548000073, 0.0 ], [ -73.455111816999988, 5.471739606000028, 0.0 ], [ -73.455255566999938, 5.471943133000025, 0.0 ], [ -73.455378416999963, 5.472141667000074, 0.0 ], [ -73.455501266999988, 5.472340200000076, 0.0 ], [ -73.455594688999952, 5.472495778000052, 0.0 ], [ -73.455688110999972, 5.472651355000039, 0.0 ], [ -73.455781532999936, 5.472806933000072, 0.0 ], [ -73.455892565999989, 5.472989350000034, 0.0 ], [ -73.456003599999974, 5.473171766000064, 0.0 ], [ -73.456114282999977, 5.473352817000034, 0.0 ], [ -73.456224966999969, 5.473533867000071, 0.0 ], [ -73.456345499999941, 5.473740167000074, 0.0 ], [ -73.45646603299997, 5.473946467000076, 0.0 ], [ -73.456563549999942, 5.474106251000023, 0.0 ], [ -73.45666106699997, 5.474266034000038, 0.0 ], [ -73.456777665999937, 5.474461284000029, 0.0 ], [ -73.456894265999949, 5.474656534000076, 0.0 ], [ -73.457010349999962, 5.474849284000072, 0.0 ], [ -73.457126433999974, 5.475042033000022, 0.0 ], [ -73.457233849999966, 5.475220200000024, 0.0 ], [ -73.457341265999958, 5.475398366000036, 0.0 ], [ -73.457443398999942, 5.47557740000002, 0.0 ], [ -73.457545532999973, 5.475756433000072, 0.0 ], [ -73.457620924999958, 5.475891184000034, 0.0 ], [ -73.457696317999989, 5.476025935000052, 0.0 ], [ -73.457725273999984, 5.476077688000032, 0.0 ], [ -73.457867940999961, 5.476297073000069, 0.0 ], [ -73.457969843999933, 5.47645377300006, 0.0 ], [ -73.458108200999959, 5.476685143000054, 0.0 ], [ -73.458191332999945, 5.476837600000067, 0.0 ], [ -73.458306432999962, 5.477022284000043, 0.0 ], [ -73.458421533999967, 5.477206967000029, 0.0 ], [ -73.458550982999952, 5.477425684000025, 0.0 ], [ -73.458680432999984, 5.477644400000031, 0.0 ], [ -73.458798715999933, 5.477837267000041, 0.0 ], [ -73.458917, 5.478030133000061, 0.0 ], [ -73.459035099999937, 5.478209567000022, 0.0 ], [ -73.459153199999946, 5.478389, 0.0 ], [ -73.459295549999979, 5.478585434000024, 0.0 ], [ -73.459437899999955, 5.478781867000066, 0.0 ], [ -73.459566149999944, 5.478954334000036, 0.0 ], [ -73.459694399999989, 5.479126800000074, 0.0 ], [ -73.459814336999955, 5.479276491000064, 0.0 ], [ -73.459934273999977, 5.479426181000065, 0.0 ], [ -73.460073747999957, 5.47962667500002, 0.0 ], [ -73.460213222999982, 5.479827169000032, 0.0 ], [ -73.460310032999985, 5.479965471000071, 0.0 ], [ -73.460406842999987, 5.480103772000064, 0.0 ], [ -73.460512356999971, 5.480254507000041, 0.0 ], [ -73.460617870999954, 5.480405243000064, 0.0 ], [ -73.460723384999937, 5.480555978000041, 0.0 ], [ -73.460783521999986, 5.480650881000031, 0.0 ], [ -73.460878897999976, 5.480799436000041, 0.0 ], [ -73.460937465999962, 5.480910967000057, 0.0 ], [ -73.461065448999989, 5.48109590100006, 0.0 ], [ -73.461193432999949, 5.481280834000074, 0.0 ], [ -73.46131481599997, 5.481464467000023, 0.0 ], [ -73.46143619999998, 5.481648100000029, 0.0 ], [ -73.461539899999934, 5.481811033000042, 0.0 ], [ -73.461643599999945, 5.481973966000055, 0.0 ], [ -73.461770079999951, 5.482148858000073, 0.0 ], [ -73.461896559999957, 5.482323750000035, 0.0 ], [ -73.462037145999943, 5.482492859000047, 0.0 ], [ -73.462177732999976, 5.48266196700007, 0.0 ], [ -73.462261779999949, 5.482772042000022, 0.0 ], [ -73.462431699999968, 5.482978266000032, 0.0 ], [ -73.462472387999981, 5.483035036000047, 0.0 ], [ -73.462601450999955, 5.483215114000075, 0.0 ], [ -73.462730513999986, 5.483395192000046, 0.0 ], [ -73.462802487999966, 5.483507158000066, 0.0 ], [ -73.462850644999946, 5.483582074000026, 0.0 ], [ -73.462943014999951, 5.483722997000029, 0.0 ], [ -73.462968936999971, 5.483765867000045, 0.0 ], [ -73.463004953999985, 5.483831431000056, 0.0 ], [ -73.463019778999978, 5.483860614000037, 0.0 ], [ -73.463033665999944, 5.483889533000024, 0.0 ], [ -73.463131148999935, 5.484124767000026, 0.0 ], [ -73.463228632999972, 5.48436, 0.0 ], [ -73.463314365999963, 5.484533, 0.0 ], [ -73.463400099999944, 5.484706, 0.0 ], [ -73.463484316999939, 5.484911900000043, 0.0 ], [ -73.463568533999933, 5.485117800000069, 0.0 ], [ -73.463663916999963, 5.485298533000048, 0.0 ], [ -73.463759299999936, 5.485479266000027, 0.0 ], [ -73.463814744999979, 5.48562150500004, 0.0 ], [ -73.463911525999947, 5.485841376000053, 0.0 ], [ -73.464008305999982, 5.486061247000066, 0.0 ], [ -73.46410508699995, 5.486281119000068, 0.0 ], [ -73.464201867999975, 5.486500990000025, 0.0 ], [ -73.464298648999943, 5.486720861000038, 0.0 ], [ -73.464395429999968, 5.486940732000051, 0.0 ], [ -73.464455466999937, 5.487091867000061, 0.0 ], [ -73.464546216999963, 5.487326804000077, 0.0 ], [ -73.464636166999981, 5.487524334000057, 0.0 ], [ -73.464733899999942, 5.487745700000062, 0.0 ], [ -73.46483163299996, 5.487967066000067, 0.0 ], [ -73.464909215999967, 5.488144783000052, 0.0 ], [ -73.464986799999963, 5.488322500000038, 0.0 ], [ -73.46506601599998, 5.488500617000057, 0.0 ], [ -73.465145232999987, 5.488678733000029, 0.0 ], [ -73.465237682999941, 5.48888450000004, 0.0 ], [ -73.465330133999942, 5.489090267000051, 0.0 ], [ -73.46541048399996, 5.489255367000055, 0.0 ], [ -73.465490833999979, 5.489420467000059, 0.0 ], [ -73.465509442999974, 5.489455559000021, 0.0 ], [ -73.465571093999984, 5.489558725000052, 2856.280400000003283 ] ] ] } },
{ "type": "Feature", "properties": { "GASODUCTO": "PORVENIR - LA BELLEZA", "TRAMO": "Miraflores - Sutamarchan", "TP_DUCTO": "Troncal", "DISTRITO": "5", "DIAMETRO": "20", "TRM_REG": "EL PORVENIR - LA BELLEZA", "ZONA": "3", "PK_INICIO": "111+005", "PK_FIN": "138+830", "LONGITUD": 27.529159540276858, "ESTADO": "INTERVENTORIA", "SERVICIO": "NUEVAS TECNOLOGÍAS" }, "geometry": { "type": "MultiLineString", "coordinates": [ [ [ -73.306658058999972, 5.313542793000067, 0.0 ], [ -73.306693589999952, 5.313580300000069, 0.0 ], [ -73.306769599999939, 5.313660060000075, 0.0 ], [ -73.306845299999964, 5.313739930000054, 0.0 ], [ -73.306920659999946, 5.313819410000065, 0.0 ], [ -73.306995749999942, 5.313899470000024, 0.0 ], [ -73.307033869999941, 5.313939560000051, 0.0 ], [ -73.307071029999975, 5.313978640000073, 0.0 ], [ -73.307144819999962, 5.31405637000006, 0.0 ], [ -73.307219089999933, 5.314135320000048, 0.0 ], [ -73.307284399999958, 5.314203980000059, 0.0 ], [ -73.307359539999936, 5.314282220000052, 0.0 ], [ -73.307424649999973, 5.314349220000054, 0.0 ], [ -73.30744808999998, 5.314373260000025, 0.0 ], [ -73.307476024999971, 5.314401781000072, 0.0 ], [ -73.307499149999956, 5.314425390000054, 0.0 ], [ -73.307575269999973, 5.314502700000048, 0.0 ], [ -73.307582429999968, 5.314509930000042, 0.0 ], [ -73.307650509999974, 5.314576840000029, 0.0 ], [ -73.307729619999975, 5.314650480000068, 0.0 ], [ -73.307809989999953, 5.314725060000058, 0.0 ], [ -73.307890689999965, 5.314800300000059, 0.0 ], [ -73.30797057999996, 5.314875640000025, 0.0 ], [ -73.308049179999955, 5.314951090000022, 0.0 ], [ -73.308127489999947, 5.315026960000068, 0.0 ], [ -73.308206299999938, 5.315102350000075, 0.0 ], [ -73.308286399999986, 5.31517776000004, 0.0 ], [ -73.308367239999939, 5.315252550000025, 0.0 ], [ -73.308446729999957, 5.31532640000006, 0.0 ], [ -73.308527139999967, 5.315401360000067, 0.0 ], [ -73.308607579999943, 5.315476390000072, 0.0 ], [ -73.308680559999971, 5.31554514000004, 0.0 ], [ -73.308758869999963, 5.315618900000061, 0.0 ], [ -73.308831149999946, 5.315686450000044, 0.0 ], [ -73.308905329999959, 5.315761230000021, 0.0 ], [ -73.308975269999962, 5.315845720000027, 0.0 ], [ -73.309043309999936, 5.315932860000032, 0.0 ], [ -73.309105029999955, 5.316012930000056, 0.0 ], [ -73.309171349999986, 5.31610046000003, 0.0 ], [ -73.309236669999962, 5.31618818000004, 0.0 ], [ -73.309297689999937, 5.316270430000031, 0.0 ], [ -73.30935943999998, 5.316352120000033, 0.0 ], [ -73.309433229999968, 5.316433200000063, 0.0 ], [ -73.309512139999981, 5.316492070000038, 0.0 ], [ -73.309606269999961, 5.316547910000054, 0.0 ], [ -73.309630809999987, 5.316558030000067, 0.0 ], [ -73.309696389999942, 5.316580160000058, 0.0 ], [ -73.309801539999967, 5.316603640000039, 0.0 ], [ -73.309903789999964, 5.316624190000027, 0.0 ], [ -73.309997249999981, 5.316643780000049, 0.0 ], [ -73.310104259999946, 5.316668100000072, 0.0 ], [ -73.310204419999934, 5.316690270000038, 0.0 ], [ -73.310311749999983, 5.316713660000062, 0.0 ], [ -73.310371189999955, 5.316726740000036, 0.0 ], [ -73.310405239999966, 5.31673440000003, 0.0 ], [ -73.310511269999949, 5.316758130000039, 0.0 ], [ -73.310607119999986, 5.316779050000036, 0.0 ], [ -73.310714809999979, 5.316803, 0.0 ], [ -73.310818779999977, 5.316826830000025, 0.0 ], [ -73.310922669999968, 5.316851930000041, 0.0 ], [ -73.311027599999989, 5.316877960000056, 0.0 ], [ -73.311134479999964, 5.316903260000061, 0.0 ], [ -73.31124135999994, 5.31692742000007, 0.0 ], [ -73.311348939999959, 5.316949840000063, 0.0 ], [ -73.311457019999978, 5.316969820000054, 0.0 ], [ -73.311482559999945, 5.316974490000064, 0.0 ], [ -73.311559729999942, 5.316991820000055, 0.0 ], [ -73.311665249999976, 5.317022360000067, 0.0 ], [ -73.311755009999956, 5.317049030000021, 0.0 ], [ -73.311850799999945, 5.31707866000005, 0.0 ], [ -73.31195103999994, 5.317110770000056, 0.0 ], [ -73.312053059999982, 5.317144720000044, 0.0 ], [ -73.312114809999969, 5.317165250000073, 0.0 ], [ -73.312219589999984, 5.31719798000006, 0.0 ], [ -73.312325029999954, 5.317228220000061, 0.0 ], [ -73.312424609999937, 5.31725608000005, 0.0 ], [ -73.312500389999968, 5.317278430000044, 0.0 ], [ -73.312565449999965, 5.317298530000073, 0.0 ], [ -73.312670149999974, 5.317330810000044, 0.0 ], [ -73.312774599999955, 5.317361880000021, 0.0 ], [ -73.312879819999978, 5.31739095000006, 0.0 ], [ -73.312984929999971, 5.31741911000006, 0.0 ], [ -73.313072419999969, 5.317443690000061, 0.0 ], [ -73.313177369999948, 5.317475080000065, 0.0 ], [ -73.313281889999985, 5.317508590000045, 0.0 ], [ -73.313386399999956, 5.317542310000022, 0.0 ], [ -73.313490549999983, 5.317575130000023, 0.0 ], [ -73.313595729999975, 5.317606770000054, 0.0 ], [ -73.313620039999989, 5.317613760000029, 0.0 ], [ -73.313700979999965, 5.317637070000046, 0.0 ], [ -73.31379303999995, 5.317663890000063, 0.0 ], [ -73.313897399999973, 5.317695430000072, 0.0 ], [ -73.313976439999976, 5.317719520000026, 0.0 ], [ -73.314079489999983, 5.317751030000068, 0.0 ], [ -73.314184069999953, 5.317781310000044, 0.0 ], [ -73.314286769999967, 5.317809010000076, 0.0 ], [ -73.314389799999958, 5.317836720000059, 0.0 ], [ -73.314493969999944, 5.317872350000073, 0.0 ], [ -73.314594029999967, 5.317916530000048, 0.0 ], [ -73.314692829999956, 5.317959570000028, 0.0 ], [ -73.314791709999952, 5.318001820000063, 0.0 ], [ -73.314891799999941, 5.318046050000021, 0.0 ], [ -73.314990089999981, 5.318095890000052, 0.0 ], [ -73.315088519999961, 5.318145490000063, 0.0 ], [ -73.31518675999996, 5.318195180000032, 0.0 ], [ -73.315285179999989, 5.318244690000029, 0.0 ], [ -73.315383639999936, 5.318294250000065, 0.0 ], [ -73.315480179999952, 5.318344550000063, 0.0 ], [ -73.315578519999974, 5.318392510000024, 0.0 ], [ -73.315585723999959, 5.318395400000043, 0.0 ], [ -73.315680619999966, 5.318433470000059, 0.0 ], [ -73.315784189999988, 5.318471270000032, 0.0 ], [ -73.315891929999964, 5.318494430000044, 0.0 ], [ -73.316001989999961, 5.318503430000021, 0.0 ], [ -73.316111259999957, 5.318512440000063, 0.0 ], [ -73.316220149999936, 5.318521880000048, 0.0 ], [ -73.316328019999958, 5.318531140000061, 0.0 ], [ -73.316437019999967, 5.318534830000033, 0.0 ], [ -73.316546129999949, 5.318523580000033, 0.0 ], [ -73.316636249999988, 5.318513610000025, 0.0 ], [ -73.316745389999937, 5.318502460000047, 0.0 ], [ -73.316834889999939, 5.318495960000064, 0.0 ], [ -73.316944239999941, 5.31848954000003, 0.0 ], [ -73.317046579999953, 5.318483460000039, 0.0 ], [ -73.31705981999994, 5.318482610000046, 0.0 ], [ -73.317163579999942, 5.318484080000076, 0.0 ], [ -73.317271199999936, 5.318500180000058, 0.0 ], [ -73.317378519999977, 5.31851682000007, 0.0 ], [ -73.317470969999988, 5.318531270000051, 0.0 ], [ -73.317574599999944, 5.318546670000046, 0.0 ], [ -73.317681379999954, 5.318562290000045, 0.0 ], [ -73.317789789999949, 5.318576940000071, 0.0 ], [ -73.317898499999956, 5.31859017000005, 0.0 ], [ -73.318007159999979, 5.318603850000045, 0.0 ], [ -73.318116299999986, 5.318618960000038, 0.0 ], [ -73.318194219999953, 5.318630890000065, 0.0 ], [ -73.318302229999972, 5.31864833000003, 0.0 ], [ -73.318410949999986, 5.318665850000059, 0.0 ], [ -73.318519399999957, 5.318682140000021, 0.0 ], [ -73.318628429999933, 5.318697210000039, 0.0 ], [ -73.318736979999983, 5.318711930000063, 0.0 ], [ -73.318845249999981, 5.318725500000028, 0.0 ], [ -73.318953539999939, 5.318739460000074, 0.0 ], [ -73.319062539999948, 5.318754, 0.0 ], [ -73.31917113999998, 5.318768940000041, 0.0 ], [ -73.319280049999975, 5.318784620000031, 0.0 ], [ -73.319388739999965, 5.318800170000031, 0.0 ], [ -73.319497589999969, 5.318815350000023, 0.0 ], [ -73.319606229999977, 5.318830320000075, 0.0 ], [ -73.319711889999951, 5.318856710000034, 0.0 ], [ -73.319810319999988, 5.318904890000056, 0.0 ], [ -73.319906259999982, 5.318953630000067, 0.0 ], [ -73.319999779999989, 5.319001760000049, 0.0 ], [ -73.320093709999981, 5.319049570000061, 0.0 ], [ -73.32018992999997, 5.319098820000022, 0.0 ], [ -73.320286619999933, 5.319147110000074, 0.0 ], [ -73.320384969999964, 5.319195470000068, 0.0 ], [ -73.320482759999948, 5.319244560000072, 0.0 ], [ -73.320580719999953, 5.319294440000021, 0.0 ], [ -73.320678939999937, 5.319344350000051, 0.0 ], [ -73.320776979999948, 5.31939323000006, 0.0 ], [ -73.320875029999968, 5.319440780000036, 0.0 ], [ -73.320974519999936, 5.319487540000068, 0.0 ], [ -73.321073429999956, 5.319535250000058, 0.0 ], [ -73.321172409999974, 5.319583350000073, 0.0 ], [ -73.321270629999958, 5.319632400000046, 0.0 ], [ -73.321368579999955, 5.31968216000007, 0.0 ], [ -73.321466509999937, 5.319732190000025, 0.0 ], [ -73.321562049999955, 5.319786840000063, 0.0 ], [ -73.321649899999954, 5.319851740000047, 0.0 ], [ -73.321735229999945, 5.319919330000062, 0.0 ], [ -73.32182032999998, 5.319987360000027, 0.0 ], [ -73.321905069999957, 5.320055890000049, 0.0 ], [ -73.321990139999969, 5.320125420000068, 0.0 ], [ -73.322075299999938, 5.320194760000049, 0.0 ], [ -73.322160599999961, 5.320262820000039, 0.0 ], [ -73.322246149999955, 5.320331430000067, 0.0 ], [ -73.322331659999975, 5.320400610000036, 0.0 ], [ -73.322417129999963, 5.320469720000062, 0.0 ], [ -73.32250326999997, 5.320539150000059, 0.0 ], [ -73.32258534999994, 5.320604660000072, 0.0 ], [ -73.322671389999982, 5.320672780000052, 0.0 ], [ -73.322738649999962, 5.320725620000076, 0.0 ], [ -73.322824019999985, 5.320792900000072, 0.0 ], [ -73.322858389999965, 5.320820160000039, 0.0 ], [ -73.322908809999944, 5.320860320000065, 0.0 ], [ -73.322993279999935, 5.320927880000056, 0.0 ], [ -73.32307671999996, 5.320995660000051, 0.0 ], [ -73.323161439999978, 5.321064750000062, 0.0 ], [ -73.323247049999964, 5.321133170000053, 0.0 ], [ -73.32333269999998, 5.321201850000023, 0.0 ], [ -73.323417049999989, 5.321271180000053, 0.0 ], [ -73.323501329999942, 5.321340790000022, 0.0 ], [ -73.323583049999968, 5.32140811000005, 0.0 ], [ -73.323667599999965, 5.321477640000069, 0.0 ], [ -73.323753309999972, 5.321547060000057, 0.0 ], [ -73.323839459999988, 5.321616200000051, 0.0 ], [ -73.323924459999944, 5.321684900000037, 0.0 ], [ -73.324010649999934, 5.321752250000031, 0.0 ], [ -73.324016220999965, 5.321756530000073, 0.0 ], [ -73.324075529999959, 5.321802090000062, 0.0 ], [ -73.324137699999937, 5.321850300000051, 0.0 ], [ -73.324191679999956, 5.321892450000064, 0.0 ], [ -73.324278159999949, 5.32196016000006, 0.0 ], [ -73.32436464999995, 5.322027440000056, 0.0 ], [ -73.324451059999944, 5.32209553000007, 0.0 ], [ -73.324535419999961, 5.322162440000056, 0.0 ], [ -73.324620719999984, 5.322231190000025, 0.0 ], [ -73.324706109999966, 5.322299870000052, 0.0 ], [ -73.32479146999998, 5.322368790000041, 0.0 ], [ -73.324877299999969, 5.322438090000048, 0.0 ], [ -73.324963309999987, 5.322506870000041, 0.0 ], [ -73.325049779999972, 5.322575490000077, 0.0 ], [ -73.325135729999943, 5.322642700000074, 0.0 ], [ -73.325220299999955, 5.322708570000032, 0.0 ], [ -73.325303529999985, 5.322773170000062, 0.0 ], [ -73.325384139999983, 5.322836610000024, 0.0 ], [ -73.325462799999968, 5.322898090000024, 0.0 ], [ -73.32554123999995, 5.322953400000074, 0.0 ], [ -73.325610389999952, 5.322992100000022, 0.0 ], [ -73.325711139999953, 5.323047590000044, 0.0 ], [ -73.325798839999948, 5.323095820000049, 0.0 ], [ -73.325890099999981, 5.32314542000006, 0.0 ], [ -73.325984909999988, 5.323195980000037, 0.0 ], [ -73.326074909999988, 5.323244360000047, 0.0 ], [ -73.326161499999955, 5.323291390000065, 0.0 ], [ -73.32624414999998, 5.323336870000048, 0.0 ], [ -73.326280529999963, 5.323357110000074, 0.0 ], [ -73.326372919999983, 5.323408850000021, 0.0 ], [ -73.326462309999954, 5.323457870000027, 0.0 ], [ -73.326552659999948, 5.323507960000029, 0.0 ], [ -73.326598609999962, 5.323533680000025, 0.0 ], [ -73.326690909999968, 5.323589940000033, 0.0 ], [ -73.326776499999937, 5.323652830000071, 0.0 ], [ -73.326808401999983, 5.323676681000052, 0.0 ], [ -73.326860669999974, 5.323715760000027, 0.0 ], [ -73.326944279999964, 5.323779820000027, 0.0 ], [ -73.327027509999937, 5.323844930000064, 0.0 ], [ -73.327104659999975, 5.323906560000069, 0.0 ], [ -73.327178879999963, 5.32396669000002, 0.0 ], [ -73.32725690999996, 5.32402957000005, 0.0 ], [ -73.327341609999962, 5.324096170000075, 0.0 ], [ -73.327427309999962, 5.324161200000049, 0.0 ], [ -73.327508009999974, 5.324222090000035, 0.0 ], [ -73.327593829999955, 5.324287200000072, 0.0 ], [ -73.327680269999973, 5.324353060000021, 0.0 ], [ -73.327723879999951, 5.324386570000058, 0.0 ], [ -73.327807459999974, 5.324451030000034, 0.0 ], [ -73.327891199999954, 5.324516240000037, 0.0 ], [ -73.327973799999938, 5.324581410000064, 0.0 ], [ -73.328060299999947, 5.324649310000041, 0.0 ], [ -73.328146039999979, 5.324716790000025, 0.0 ], [ -73.328231679999988, 5.324784080000029, 0.0 ], [ -73.328317339999955, 5.324850710000021, 0.0 ], [ -73.328404859999978, 5.32491667000005, 0.0 ], [ -73.328491949999943, 5.324981510000043, 0.0 ], [ -73.328573409999933, 5.32504375000002, 0.0 ], [ -73.328655509999976, 5.325108380000074, 0.0 ], [ -73.328738109999961, 5.325173920000054, 0.0 ], [ -73.328781799999945, 5.325208, 0.0 ], [ -73.328822069999944, 5.325239070000066, 0.0 ], [ -73.328908819999981, 5.325305720000074, 0.0 ], [ -73.328992699999958, 5.325370760000055, 0.0 ], [ -73.32907143999995, 5.325431970000068, 0.0 ], [ -73.329151839999952, 5.325494500000048, 0.0 ], [ -73.32919518999995, 5.325527910000062, 0.0 ], [ -73.329282189999958, 5.325594860000024, 0.0 ], [ -73.32936707999994, 5.325660190000065, 0.0 ], [ -73.329451289999952, 5.325730260000057, 0.0 ], [ -73.329532369999981, 5.325802690000046, 0.0 ], [ -73.329613989999984, 5.325873960000024, 0.0 ], [ -73.329695449999974, 5.32594559000006, 0.0 ], [ -73.329777499999977, 5.326016770000024, 0.0 ], [ -73.329859549999981, 5.326087650000034, 0.0 ], [ -73.329942219999964, 5.326159440000026, 0.0 ], [ -73.330024219999984, 5.326232110000035, 0.0 ], [ -73.330105519999961, 5.326305430000048, 0.0 ], [ -73.330187289999969, 5.326378220000038, 0.0 ], [ -73.330269719999933, 5.326450170000044, 0.0 ], [ -73.330351839999935, 5.326522490000059, 0.0 ], [ -73.330438199999946, 5.326589110000043, 0.0 ], [ -73.330530169999975, 5.326646840000024, 0.0 ], [ -73.330615909999949, 5.326701480000054, 0.0 ], [ -73.330706269999951, 5.326759320000065, 0.0 ], [ -73.330798379999976, 5.326817790000064, 0.0 ], [ -73.330871903999935, 5.326864084000022, 0.0 ], [ -73.33089074999998, 5.326875950000044, 0.0 ], [ -73.330982959999972, 5.326934590000064, 0.0 ], [ -73.331029149999949, 5.326964170000053, 0.0 ], [ -73.331075059999989, 5.326993710000067, 0.0 ], [ -73.331167089999951, 5.327053240000055, 0.0 ], [ -73.331221894999942, 5.327095447000033, 0.0 ], [ -73.33125339999998, 5.327119710000034, 0.0 ], [ -73.331324429999938, 5.327202790000058, 0.0 ], [ -73.331387019999966, 5.327292900000032, 0.0 ], [ -73.331449349999957, 5.327382760000035, 0.0 ], [ -73.331507689999967, 5.327465950000033, 0.0 ], [ -73.33156957999995, 5.32755357000002, 0.0 ], [ -73.331630979999943, 5.32763994000004, 0.0 ], [ -73.331694859999971, 5.327727030000062, 0.0 ], [ -73.331755179999959, 5.327809170000023, 0.0 ], [ -73.331825419999973, 5.327887220000036, 0.0 ], [ -73.33191101999995, 5.327950160000057, 0.0 ], [ -73.331994449999968, 5.328012870000066, 0.0 ], [ -73.332076609999945, 5.328075900000044, 0.0 ], [ -73.332160459999955, 5.328135840000073, 0.0 ], [ -73.332204279999985, 5.328163790000076, 0.0 ], [ -73.332292859999939, 5.32822131000006, 0.0 ], [ -73.332384949999948, 5.328281960000027, 0.0 ], [ -73.332415319999939, 5.328301470000042, 0.0 ], [ -73.33250776999995, 5.328360690000068, 0.0 ], [ -73.332599839999943, 5.328420510000058, 0.0 ], [ -73.332691899999986, 5.328480670000033, 0.0 ], [ -73.332783699999936, 5.328540110000063, 0.0 ], [ -73.332875319999971, 5.328598770000042, 0.0 ], [ -73.33296710999997, 5.328657380000038, 0.0 ], [ -73.333058179999966, 5.328716210000039, 0.0 ], [ -73.333148689999973, 5.32877558000007, 0.0 ], [ -73.333237589999953, 5.328835790000028, 0.0 ], [ -73.333326919999934, 5.328896890000067, 0.0 ], [ -73.333413409999935, 5.328956910000045, 0.0 ], [ -73.333489809999946, 5.329012160000048, 0.0 ], [ -73.333574089999956, 5.329073090000065, 0.0 ], [ -73.333661119999988, 5.329135890000032, 0.0 ], [ -73.333749439999963, 5.329200470000046, 0.0 ], [ -73.333835289999968, 5.329265280000072, 0.0 ], [ -73.333922499999971, 5.329331370000034, 0.0 ], [ -73.334008819999951, 5.329397690000064, 0.0 ], [ -73.334095099999956, 5.32946467000005, 0.0 ], [ -73.334181169999965, 5.329531790000033, 0.0 ], [ -73.334265899999934, 5.329598680000061, 0.0 ], [ -73.334341689999974, 5.329657660000066, 0.0 ], [ -73.334414729999935, 5.329714360000025, 0.0 ], [ -73.334494139999947, 5.329776390000063, 0.0 ], [ -73.334579149999968, 5.329843430000039, 0.0 ], [ -73.334666689999949, 5.329909070000042, 0.0 ], [ -73.334754949999933, 5.329973390000021, 0.0 ], [ -73.334842819999949, 5.330038090000073, 0.0 ], [ -73.334929459999955, 5.33010186000007, 0.0 ], [ -73.335015199999987, 5.330166270000063, 0.0 ], [ -73.335102889999973, 5.33023189000005, 0.0 ], [ -73.33514232999994, 5.330262520000076, 0.0 ], [ -73.335182649999979, 5.330293950000055, 0.0 ], [ -73.335266789999935, 5.330359650000048, 0.0 ], [ -73.335352659999955, 5.330421050000041, 0.0 ], [ -73.33543758999997, 5.33047313000003, 0.0 ], [ -73.335525459999985, 5.330526350000071, 0.0 ], [ -73.335612459999936, 5.330577840000046, 0.0 ], [ -73.335702, 5.330629900000076, 0.0 ], [ -73.335792549999951, 5.33068325000005, 0.0 ], [ -73.335880649999979, 5.330736040000033, 0.0 ], [ -73.335957399999984, 5.330782740000075, 0.0 ], [ -73.33604379999997, 5.330836550000072, 0.0 ], [ -73.336130589999982, 5.330889680000041, 0.0 ], [ -73.336217769999962, 5.330942340000036, 0.0 ], [ -73.336231949999956, 5.330950936000022, 0.0 ], [ -73.336306239999942, 5.33099597000006, 0.0 ], [ -73.336397159999933, 5.331051440000067, 0.0 ], [ -73.336485069999981, 5.331112750000045, 0.0 ], [ -73.336558839999952, 5.331190700000036, 0.0 ], [ -73.336613029999967, 5.331283390000067, 0.0 ], [ -73.336655089999965, 5.331381780000072, 0.0 ], [ -73.336695959999986, 5.331480090000071, 0.0 ], [ -73.336737379999988, 5.331580210000027, 0.0 ], [ -73.336779809999939, 5.331681650000064, 0.0 ], [ -73.336797519999948, 5.331724740000027, 0.0 ], [ -73.336836409999989, 5.331818610000028, 0.0 ], [ -73.336859049999987, 5.331871410000076, 0.0 ], [ -73.336900339999943, 5.331965100000048, 0.0 ], [ -73.336944039999935, 5.332060340000055, 0.0 ], [ -73.336951899999974, 5.332077500000025, 0.0 ], [ -73.336997869999948, 5.332175950000021, 0.0 ], [ -73.337052269999958, 5.332268890000023, 0.0 ], [ -73.337109769999984, 5.332351570000071, 0.0 ], [ -73.337163629999964, 5.332431740000061, 0.0 ], [ -73.337215159999971, 5.33250909000003, 0.0 ], [ -73.337216229999967, 5.332510670000033, 0.0 ], [ -73.337271229999942, 5.332589380000059, 0.0 ], [ -73.337326729999972, 5.33266511000005, 0.0 ], [ -73.337382169999955, 5.332740590000071, 0.0 ], [ -73.33743020999998, 5.332806430000062, 0.0 ], [ -73.337484059999952, 5.332880820000071, 0.0 ], [ -73.337534299999959, 5.332950670000059, 0.0 ], [ -73.337583479999978, 5.333017960000063, 0.0 ], [ -73.337631809999948, 5.333085810000057, 0.0 ], [ -73.337681129999964, 5.333154630000024, 0.0 ], [ -73.337733309999976, 5.333227130000068, 0.0 ], [ -73.337787329999969, 5.333303240000021, 0.0 ], [ -73.337834619999967, 5.333370170000023, 0.0 ], [ -73.337889239999981, 5.333447590000048, 0.0 ], [ -73.337948599999947, 5.333532220000052, 0.0 ], [ -73.338002059999951, 5.33361179000002, 0.0 ], [ -73.338058399999966, 5.333695440000042, 0.0 ], [ -73.338111639999966, 5.333775180000032, 0.0 ], [ -73.338158399999941, 5.333846120000032, 0.0 ], [ -73.338209499999948, 5.333922600000051, 0.0 ], [ -73.338261479999971, 5.333999300000073, 0.0 ], [ -73.338313239999934, 5.334075040000073, 0.0 ], [ -73.338368479999986, 5.334154790000071, 0.0 ], [ -73.338429339999948, 5.334242950000032, 0.0 ], [ -73.338489209999977, 5.334329850000074, 0.0 ], [ -73.338550429999941, 5.334418560000074, 0.0 ], [ -73.338609749999989, 5.334508760000062, 0.0 ], [ -73.338665799999944, 5.334599410000067, 0.0 ], [ -73.338721319999934, 5.33469008000003, 0.0 ], [ -73.338777949999951, 5.334782290000021, 0.0 ], [ -73.338835269999947, 5.334874520000028, 0.0 ], [ -73.338883, 5.334953520000056, 0.0 ], [ -73.338935979999974, 5.335041550000028, 0.0 ], [ -73.338989559999959, 5.335127390000025, 0.0 ], [ -73.339048869999942, 5.335219100000074, 0.0 ], [ -73.339108109999984, 5.335310790000051, 0.0 ], [ -73.339160229999948, 5.33538991000006, 0.0 ], [ -73.339218249999988, 5.335482800000023, 0.0 ], [ -73.339266059999943, 5.335581070000046, 0.0 ], [ -73.339306259999944, 5.335683130000064, 0.0 ], [ -73.339344379999943, 5.335781750000024, 0.0 ], [ -73.339384089999953, 5.335879310000053, 0.0 ], [ -73.339425819999974, 5.335977640000067, 0.0 ], [ -73.339468429999954, 5.336077970000076, 0.0 ], [ -73.339508899999942, 5.336176010000031, 0.0 ], [ -73.339550289999977, 5.336276120000036, 0.0 ], [ -73.339590359999988, 5.336378920000072, 0.0 ], [ -73.339624939999965, 5.33648246000007, 0.0 ], [ -73.339659689999962, 5.336586390000036, 0.0 ], [ -73.339696279999941, 5.336690020000049, 0.0 ], [ -73.33973777999995, 5.336792090000074, 0.0 ], [ -73.339781539999933, 5.336892290000037, 0.0 ], [ -73.339824539999938, 5.336993420000056, 0.0 ], [ -73.339863599999944, 5.337081890000036, 0.0 ], [ -73.339893599999982, 5.337151110000036, 0.0 ], [ -73.33991014999998, 5.33718822000003, 0.0 ], [ -73.339952069999981, 5.337282820000041, 0.0 ], [ -73.339997, 5.337383190000025, 0.0 ], [ -73.340034139999943, 5.33747752000005, 0.0 ], [ -73.340062769999975, 5.337578170000029, 0.0 ], [ -73.340093259999946, 5.337682820000055, 0.0 ], [ -73.340116789999968, 5.337765180000076, 0.0 ], [ -73.340123029999972, 5.337786790000052, 0.0 ], [ -73.340149659999952, 5.337878490000037, 0.0 ], [ -73.340179989999967, 5.337981730000024, 0.0 ], [ -73.340210379999974, 5.338085100000058, 0.0 ], [ -73.340240669999957, 5.338188810000077, 0.0 ], [ -73.340271239999936, 5.338293190000059, 0.0 ], [ -73.340301939999961, 5.338397090000058, 0.0 ], [ -73.340329299999951, 5.338488910000024, 0.0 ], [ -73.340360929999974, 5.338593800000069, 0.0 ], [ -73.340392679999979, 5.338698780000072, 0.0 ], [ -73.340422389999958, 5.338798090000068, 0.0 ], [ -73.340449079999985, 5.338890210000045, 0.0 ], [ -73.340475589999983, 5.338981580000052, 0.0 ], [ -73.340515769999968, 5.339083040000048, 0.0 ], [ -73.340572589999965, 5.339176270000053, 0.0 ], [ -73.340628839999965, 5.339269210000054, 0.0 ], [ -73.340684449999969, 5.339362470000026, 0.0 ], [ -73.340739459999952, 5.339456520000056, 0.0 ], [ -73.340794569999957, 5.339549610000063, 0.0 ], [ -73.340850479999972, 5.339641880000045, 0.0 ], [ -73.340900159999933, 5.339722950000066, 0.0 ], [ -73.34095758999996, 5.339815870000052, 0.0 ], [ -73.341013669999938, 5.339910020000048, 0.0 ], [ -73.341067479999936, 5.340004860000022, 0.0 ], [ -73.34111527999994, 5.340090210000028, 0.0 ], [ -73.341138482999952, 5.340130438000074, 0.0 ], [ -73.341168489999973, 5.340182460000051, 0.0 ], [ -73.341221129999951, 5.340268500000036, 0.0 ], [ -73.341275739999958, 5.340355500000044, 0.0 ], [ -73.341331669999988, 5.340446850000035, 0.0 ], [ -73.341386979999982, 5.340538980000076, 0.0 ], [ -73.341443419999962, 5.340632550000066, 0.0 ], [ -73.34149954999998, 5.340726680000046, 0.0 ], [ -73.341555449999987, 5.340820540000038, 0.0 ], [ -73.341611229999955, 5.340915, 0.0 ], [ -73.34166670999997, 5.341007150000053, 0.0 ], [ -73.341723869999953, 5.341101070000036, 0.0 ], [ -73.341780269999958, 5.341194940000037, 0.0 ], [ -73.341837229999953, 5.341289, 0.0 ], [ -73.341891189999956, 5.341384180000034, 0.0 ], [ -73.341938509999977, 5.341483270000026, 0.0 ], [ -73.341981919999967, 5.341583840000055, 0.0 ], [ -73.34202087999995, 5.341685910000024, 0.0 ], [ -73.342060989999936, 5.34178761000004, 0.0 ], [ -73.342101869999965, 5.341888790000041, 0.0 ], [ -73.342142549999949, 5.34199030000002, 0.0 ], [ -73.342183829999954, 5.342091410000023, 0.0 ], [ -73.342225479999968, 5.342192770000054, 0.0 ], [ -73.342266949999953, 5.342293700000027, 0.0 ], [ -73.342304509999963, 5.342385810000053, 0.0 ], [ -73.342345639999962, 5.342487620000043, 0.0 ], [ -73.342386299999987, 5.342588380000052, 0.0 ], [ -73.342428, 5.342688840000051, 0.0 ], [ -73.342469509999944, 5.342789150000044, 0.0 ], [ -73.342509619999987, 5.342890990000058, 0.0 ], [ -73.342554689999986, 5.342991040000072, 0.0 ], [ -73.342608319999954, 5.343086460000052, 0.0 ], [ -73.342660749999936, 5.343178540000054, 0.0 ], [ -73.342715009999949, 5.343271670000036, 0.0 ], [ -73.342770749999943, 5.343365710000057, 0.0 ], [ -73.342826159999959, 5.343459990000042, 0.0 ], [ -73.342880529999945, 5.343554800000049, 0.0 ], [ -73.342934759999935, 5.343649820000053, 0.0 ], [ -73.342987189999974, 5.343740750000052, 0.0 ], [ -73.343042499999967, 5.343835280000064, 0.0 ], [ -73.343091739999977, 5.343917480000073, 0.0 ], [ -73.343141249999974, 5.34400074000007, 0.0 ], [ -73.343193449999944, 5.344089490000044, 0.0 ], [ -73.343246319999935, 5.344179190000034, 0.0 ], [ -73.343301589999953, 5.344273770000029, 0.0 ], [ -73.343357209999965, 5.344367070000033, 0.0 ], [ -73.343414189999976, 5.344458720000034, 0.0 ], [ -73.343475539999986, 5.344544880000058, 0.0 ], [ -73.343541099999982, 5.34462781000002, 0.0 ], [ -73.343614679999973, 5.344701120000025, 0.0 ], [ -73.34369111999996, 5.344767790000049, 0.0 ], [ -73.343767549999939, 5.344835820000071, 0.0 ], [ -73.343846159999941, 5.34490605000002, 0.0 ], [ -73.343926959999976, 5.344978110000056, 0.0 ], [ -73.344009249999942, 5.345049190000054, 0.0 ], [ -73.344087019999961, 5.345113830000059, 0.0 ], [ -73.344169209999961, 5.34518378000007, 0.0 ], [ -73.344252429999983, 5.345252430000073, 0.0 ], [ -73.344321149999985, 5.345309680000071, 0.0 ], [ -73.344335029999968, 5.345321570000067, 0.0 ], [ -73.344414649999976, 5.345391200000051, 0.0 ], [ -73.344496629999981, 5.345463110000026, 0.0 ], [ -73.344578529999978, 5.345535540000071, 0.0 ], [ -73.344660629999964, 5.345607820000055, 0.0 ], [ -73.344742889999964, 5.345680450000032, 0.0 ], [ -73.344826, 5.345753530000025, 0.0 ], [ -73.344908139999973, 5.345826980000027, 0.0 ], [ -73.344981379999979, 5.345899340000074, 0.0 ], [ -73.345057839999981, 5.345976160000021, 0.0 ], [ -73.345134259999952, 5.346051540000076, 0.0 ], [ -73.345210339999937, 5.346126560000073, 0.0 ], [ -73.345286379999948, 5.346202260000041, 0.0 ], [ -73.345362559999955, 5.346278810000058, 0.0 ], [ -73.345438359999946, 5.346356150000076, 0.0 ], [ -73.345510239999953, 5.346429830000034, 0.0 ], [ -73.345586839999953, 5.346508200000073, 0.0 ], [ -73.345663969999976, 5.346586840000043, 0.0 ], [ -73.345741299999986, 5.346665, 0.0 ], [ -73.345817269999941, 5.346741310000027, 0.0 ], [ -73.34589490999997, 5.346819260000075, 0.0 ], [ -73.345966869999984, 5.346890920000021, 0.0 ], [ -73.346044849999942, 5.346966490000057, 0.0 ], [ -73.346117789999937, 5.347038970000028, 0.0 ], [ -73.34618992999998, 5.347111400000074, 0.0 ], [ -73.346265029999984, 5.347186710000074, 0.0 ], [ -73.346341969999969, 5.347263620000035, 0.0 ], [ -73.346351407999975, 5.34727299900004, 0.0 ], [ -73.346420279999961, 5.347341440000037, 0.0 ], [ -73.346498129999986, 5.347419750000029, 0.0 ], [ -73.346576659999982, 5.347497770000075, 0.0 ], [ -73.346655369999951, 5.347575520000021, 0.0 ], [ -73.346733419999964, 5.347653130000026, 0.0 ], [ -73.346810299999959, 5.34773092000006, 0.0 ], [ -73.346884689999968, 5.347804600000075, 0.0 ], [ -73.346961219999969, 5.347880260000068, 0.0 ], [ -73.347027759999946, 5.347947440000041, 0.0 ], [ -73.347094979999952, 5.348015710000027, 0.0 ], [ -73.347166269999946, 5.348087580000026, 0.0 ], [ -73.347243979999973, 5.348165060000042, 0.0 ], [ -73.347321889999989, 5.348242810000045, 0.0 ], [ -73.347394349999945, 5.348315720000073, 0.0 ], [ -73.347441699999933, 5.348363320000033, 0.0 ], [ -73.347462449999966, 5.348384080000073, 0.0 ], [ -73.347540009999989, 5.348461830000076, 0.0 ], [ -73.347617539999987, 5.348539950000031, 0.0 ], [ -73.347682979999945, 5.348610180000037, 0.0 ], [ -73.347753969999985, 5.34869328000002, 0.0 ], [ -73.347805189999974, 5.348751980000031, 0.0 ], [ -73.347825859999944, 5.348775110000076, 0.0 ], [ -73.347888229999967, 5.348845600000061, 0.0 ], [ -73.347958479999988, 5.348926960000028, 0.0 ], [ -73.34802996999997, 5.349008600000047, 0.0 ], [ -73.348103039999955, 5.349089220000053, 0.0 ], [ -73.34817733999995, 5.34917015000002, 0.0 ], [ -73.348250279999945, 5.349251910000021, 0.0 ], [ -73.34832259999996, 5.349335200000041, 0.0 ], [ -73.348395009999933, 5.349418670000034, 0.0 ], [ -73.348467659999983, 5.349501270000076, 0.0 ], [ -73.348540009999965, 5.349583720000055, 0.0 ], [ -73.348609489999944, 5.34965950000003, 0.0 ], [ -73.348686479999969, 5.349737980000043, 0.0 ], [ -73.348738019999985, 5.349791380000056, 0.0 ], [ -73.348762789999967, 5.349816790000034, 0.0 ], [ -73.348838469999976, 5.349895380000021, 0.0 ], [ -73.348913889999949, 5.349974720000034, 0.0 ], [ -73.348974189999979, 5.35003708000005, 0.0 ], [ -73.349041819999968, 5.350105500000041, 0.0 ], [ -73.349120459999938, 5.350182460000042, 0.0 ], [ -73.349198619999981, 5.350260020000064, 0.0 ], [ -73.349276649999979, 5.350337560000071, 0.0 ], [ -73.34934525999995, 5.350405870000031, 0.0 ], [ -73.349418989999947, 5.350479770000049, 0.0 ], [ -73.349492749999968, 5.350553140000045, 0.0 ], [ -73.349548239999933, 5.350607180000054, 0.0 ], [ -73.349645899999985, 5.350700460000041, 0.0 ], [ -73.349723019999942, 5.350774430000058, 0.0 ], [ -73.349802509999961, 5.350850600000058, 0.0 ], [ -73.349884209999971, 5.350929620000045, 0.0 ], [ -73.349914929999954, 5.350959040000021, 0.0 ], [ -73.349962879999964, 5.351006150000046, 0.0 ], [ -73.35004011999996, 5.351084720000074, 0.0 ], [ -73.350116549999939, 5.351163750000069, 0.0 ], [ -73.350192629999981, 5.351242360000072, 0.0 ], [ -73.35026892999997, 5.351321020000057, 0.0 ], [ -73.350336029999937, 5.351390140000035, 0.0 ], [ -73.350412339999934, 5.351468630000056, 0.0 ], [ -73.350489789999983, 5.351547400000072, 0.0 ], [ -73.350555929999985, 5.351614160000054, 0.0 ], [ -73.350567379999973, 5.351625710000064, 0.0 ], [ -73.350645109999959, 5.351704020000057, 0.0 ], [ -73.350713299999938, 5.351772280000034, 0.0 ], [ -73.350716369999986, 5.351775340000074, 0.0 ], [ -73.350781929999982, 5.351840410000023, 0.0 ], [ -73.35085461999995, 5.351922340000044, 0.0 ], [ -73.350918039999954, 5.352008460000036, 0.0 ], [ -73.350982529999953, 5.352096610000046, 0.0 ], [ -73.351046409999981, 5.352184800000032, 0.0 ], [ -73.351110159999962, 5.352272590000041, 0.0 ], [ -73.351173949999975, 5.352360410000074, 0.0 ], [ -73.351237049999952, 5.35244842000003, 0.0 ], [ -73.351299189999963, 5.352537400000074, 0.0 ], [ -73.351360279999938, 5.352624530000071, 0.0 ], [ -73.351421939999966, 5.352709380000022, 0.0 ], [ -73.351486569999963, 5.352798510000071, 0.0 ], [ -73.351527449999935, 5.352855310000052, 0.0 ], [ -73.351583829999981, 5.352933580000069, 0.0 ], [ -73.35164857999996, 5.35302297000004, 0.0 ], [ -73.351711989999956, 5.353110480000055, 0.0 ], [ -73.351777259999949, 5.353199970000048, 0.0 ], [ -73.351836219999939, 5.353280470000072, 0.0 ], [ -73.351901299999952, 5.353369290000046, 0.0 ], [ -73.351965699999937, 5.353457990000038, 0.0 ], [ -73.352026089999981, 5.353542640000057, 0.0 ], [ -73.352083519999951, 5.353634460000023, 0.0 ], [ -73.352132389999952, 5.353733440000042, 0.0 ], [ -73.352181709999968, 5.353831550000052, 0.0 ], [ -73.352210303999982, 5.353886798000076, 0.0 ], [ -73.352232439999966, 5.353929570000048, 0.0 ], [ -73.352283819999968, 5.354027310000049, 0.0 ], [ -73.352334839999969, 5.354124530000036, 0.0 ], [ -73.352383849999967, 5.354219450000073, 0.0 ], [ -73.352431599999989, 5.354312830000026, 0.0 ], [ -73.352480169999978, 5.354407740000056, 0.0 ], [ -73.352529849999939, 5.354504370000029, 0.0 ], [ -73.352573369999959, 5.354589680000061, 0.0 ], [ -73.352617469999984, 5.354676600000062, 0.0 ], [ -73.352660069999956, 5.354760270000043, 0.0 ], [ -73.352710979999983, 5.354858160000049, 0.0 ], [ -73.352761249999958, 5.354956350000066, 0.0 ], [ -73.35281109999994, 5.355054990000042, 0.0 ], [ -73.35286100999997, 5.355153350000023, 0.0 ], [ -73.352910919999943, 5.355251570000064, 0.0 ], [ -73.352961059999984, 5.355349850000039, 0.0 ], [ -73.353010919999974, 5.355448290000027, 0.0 ], [ -73.353060539999944, 5.355546900000036, 0.0 ], [ -73.353104379999934, 5.355633040000043, 0.0 ], [ -73.353155029999982, 5.355729720000056, 0.0 ], [ -73.35320545999997, 5.355824460000065, 0.0 ], [ -73.353256239999951, 5.355921390000049, 0.0 ], [ -73.353305689999956, 5.356020280000052, 0.0 ], [ -73.353359919999946, 5.356116540000073, 0.0 ], [ -73.353421269999956, 5.356207100000063, 0.0 ], [ -73.353483799999935, 5.356297110000071, 0.0 ], [ -73.353546779999988, 5.356387090000055, 0.0 ], [ -73.353612729999952, 5.356473360000052, 0.0 ], [ -73.353682729999946, 5.356555320000041, 0.0 ], [ -73.353754269999968, 5.356639140000027, 0.0 ], [ -73.353826179999942, 5.356722490000038, 0.0 ], [ -73.353898289999961, 5.356805630000053, 0.0 ], [ -73.353970089999962, 5.356888390000051, 0.0 ], [ -73.354040389999966, 5.356969740000068, 0.0 ], [ -73.354108549999978, 5.357050320000042, 0.0 ], [ -73.354153249999968, 5.357104390000075, 0.0 ], [ -73.354175349999934, 5.357131730000049, 0.0 ], [ -73.354238909999935, 5.357209080000075, 0.0 ], [ -73.354307879999965, 5.357294600000046, 0.0 ], [ -73.354374599999971, 5.35738267000005, 0.0 ], [ -73.354441239999971, 5.357470800000044, 0.0 ], [ -73.354478736999965, 5.357520611000041, 0.0 ], [ -73.354498214999978, 5.357544110000049, 0.0 ], [ -73.354517550999958, 5.357565921000059, 0.0 ], [ -73.354618263999953, 5.357683393000059, 0.0 ], [ -73.354753375999962, 5.357836752000026, 0.0 ], [ -73.354896392999933, 5.357995562000042, 0.0 ], [ -73.35493822799998, 5.35804201600007, 0.0 ], [ -73.354949376999969, 5.358056102000035, 0.0 ], [ -73.35496928799995, 5.358084699000074, 0.0 ], [ -73.355022882999947, 5.358161672000051, 0.0 ], [ -73.355070460999968, 5.358230005000053, 0.0 ], [ -73.355116114999987, 5.358295574000067, 0.0 ], [ -73.355150806999973, 5.35834507800007, 0.0 ], [ -73.355196771999942, 5.358407918000069, 0.0 ], [ -73.355233578999957, 5.358458237000036, 0.0 ], [ -73.355271845999937, 5.358510552000041, 0.0 ], [ -73.355313147999937, 5.358567018000031, 0.0 ], [ -73.355344252999942, 5.358609540000032, 0.0 ], [ -73.355371280999975, 5.358646492000048, 0.0 ], [ -73.35540390999995, 5.358690244000059, 0.0 ], [ -73.355431758999941, 5.358726682000054, 0.0 ], [ -73.355466338999975, 5.358771924000052, 0.0 ], [ -73.355493764999949, 5.358807807000062, 0.0 ], [ -73.355521727999985, 5.358844393000027, 0.0 ], [ -73.355551592999973, 5.358883466000066, 0.0 ], [ -73.355580697999983, 5.358921545000044, 0.0 ], [ -73.355611279999948, 5.358961557000043, 0.0 ], [ -73.355631462999952, 5.358984879000047, 0.0 ], [ -73.35565392999996, 5.359010838000074, 0.0 ], [ -73.355673297999942, 5.359033220000072, 0.0 ], [ -73.355702313999984, 5.359066747000043, 0.0 ], [ -73.355734957999971, 5.359104466000076, 0.0 ], [ -73.355767814999979, 5.359142433000045, 0.0 ], [ -73.355798741999934, 5.359178170000064, 0.0 ], [ -73.355815190999976, 5.359197175000077, 0.0 ], [ -73.355844474999969, 5.359231014000045, 0.0 ], [ -73.355882615999974, 5.359267042000056, 0.0 ], [ -73.355924750999975, 5.359306839000055, 0.0 ], [ -73.355955928999947, 5.359336289000055, 0.0 ], [ -73.356002090999937, 5.35937989100006, 0.0 ], [ -73.356066537999936, 5.359441097000058, 0.0 ], [ -73.356078952999951, 5.359452401000055, 0.0 ], [ -73.356089896999947, 5.359463412000025, 0.0 ], [ -73.35611907599997, 5.359494880000057, 0.0 ], [ -73.356130778999955, 5.359508529000038, 0.0 ], [ -73.356154473999936, 5.359538202000067, 0.0 ], [ -73.356164754999952, 5.359552019000034, 0.0 ], [ -73.356169900999987, 5.35956, 0.0 ], [ -73.356188459999942, 5.359592803000055, 0.0 ], [ -73.356192255999986, 5.359600399000044, 0.0 ], [ -73.356214289999969, 5.359651180000071, 0.0 ], [ -73.356249729999945, 5.359746720000032, 0.0 ], [ -73.356288829999983, 5.359847070000058, 0.0 ], [ -73.356325371999958, 5.359946252000043, 0.0 ], [ -73.356326549999949, 5.359949450000045, 0.0 ], [ -73.356362489999981, 5.360050700000045, 0.0 ], [ -73.356396039999936, 5.360144860000048, 0.0 ], [ -73.356431319999956, 5.36024204000006, 0.0 ], [ -73.356468039999982, 5.360343030000024, 0.0 ], [ -73.356502109999951, 5.360434930000054, 0.0 ], [ -73.356536279999943, 5.360526420000042, 0.0 ], [ -73.356574459999933, 5.36062897000005, 0.0 ], [ -73.356612199999972, 5.360731670000064, 0.0 ], [ -73.356648729999961, 5.360833, 0.0 ], [ -73.356684289999976, 5.360930500000052, 0.0 ], [ -73.356722369999943, 5.361033460000044, 0.0 ], [ -73.356759059999945, 5.361137220000046, 0.0 ], [ -73.356798909999952, 5.361238830000048, 0.0 ], [ -73.356859929999985, 5.361330060000057, 0.0 ], [ -73.356901879999953, 5.361369060000072, 0.0 ], [ -73.356908161999968, 5.361373766000042, 0.0 ], [ -73.356944169999963, 5.361400740000022, 0.0 ], [ -73.357035629999984, 5.361461760000054, 0.0 ], [ -73.357086509999988, 5.361495800000057, 0.0 ], [ -73.357125379999957, 5.361522140000034, 0.0 ], [ -73.357215829999973, 5.361584030000074, 0.0 ], [ -73.35730585999994, 5.361646320000034, 0.0 ], [ -73.357395059999988, 5.361708260000057, 0.0 ], [ -73.357484869999951, 5.36177052000005, 0.0 ], [ -73.357514729999934, 5.36179087000005, 0.0 ], [ -73.357575469999972, 5.361832120000031, 0.0 ], [ -73.357655179999938, 5.361886310000045, 0.0 ], [ -73.357743519999985, 5.361951140000031, 0.0 ], [ -73.357793869999966, 5.361993580000046, 0.0 ], [ -73.357827629999974, 5.36202153000005, 0.0 ], [ -73.357901009999978, 5.362083230000053, 0.0 ], [ -73.357975559999943, 5.362163590000023, 0.0 ], [ -73.358034609999947, 5.362255380000022, 0.0 ], [ -73.358093179999969, 5.362341140000069, 0.0 ], [ -73.358155919999945, 5.362431300000026, 0.0 ], [ -73.358218169999986, 5.362521880000031, 0.0 ], [ -73.358270279999942, 5.362597430000051, 0.0 ], [ -73.358328989999961, 5.362683570000058, 0.0 ], [ -73.358388139999988, 5.362772350000057, 0.0 ], [ -73.358445059999951, 5.362856570000076, 0.0 ], [ -73.358506759999955, 5.362946040000054, 0.0 ], [ -73.358569099999954, 5.363035990000071, 0.0 ], [ -73.35863108999996, 5.363125440000033, 0.0 ], [ -73.358692469999937, 5.363214300000038, 0.0 ], [ -73.358750859999986, 5.363300980000076, 0.0 ], [ -73.358812299999954, 5.363390360000039, 0.0 ], [ -73.358870359999969, 5.363479070000039, 0.0 ], [ -73.358925019999958, 5.363571600000057, 0.0 ], [ -73.358980389999942, 5.363665660000038, 0.0 ], [ -73.358986369999968, 5.363675590000071, 0.0 ], [ -73.359042769999974, 5.36376966000006, 0.0 ], [ -73.359094119999952, 5.363866120000068, 0.0 ], [ -73.359138839999957, 5.36396663000005, 0.0 ], [ -73.359182589999989, 5.364064890000066, 0.0 ], [ -73.359228119999955, 5.36416470000006, 0.0 ], [ -73.359273739999935, 5.364264700000035, 0.0 ], [ -73.359316709999973, 5.364360560000023, 0.0 ], [ -73.359359949999941, 5.364456360000077, 0.0 ], [ -73.359403559999976, 5.364552590000073, 0.0 ], [ -73.359448499999985, 5.364652300000046, 0.0 ], [ -73.359477259999949, 5.364715720000049, 0.0 ], [ -73.35949624999995, 5.364751390000038, 0.0 ], [ -73.359552259999987, 5.364844990000051, 0.0 ], [ -73.359618739999974, 5.364926480000065, 0.0 ], [ -73.35970661999994, 5.36499163000002, 0.0 ], [ -73.35980122999996, 5.365047740000023, 0.0 ], [ -73.359888039999987, 5.365095840000038, 0.0 ], [ -73.359982439999953, 5.365148500000032, 0.0 ], [ -73.360077869999941, 5.365202310000029, 0.0 ], [ -73.360171489999971, 5.36525510000007, 0.0 ], [ -73.360267269999952, 5.365308220000031, 0.0 ], [ -73.360363349999943, 5.365361170000028, 0.0 ], [ -73.360459019999951, 5.365413730000057, 0.0 ], [ -73.360545699999989, 5.365461080000046, 0.0 ], [ -73.360641549999968, 5.365512820000049, 0.0 ], [ -73.360734759999957, 5.365564950000021, 0.0 ], [ -73.36082566999994, 5.365623630000073, 0.0 ], [ -73.360909059999983, 5.365678110000033, 0.0 ], [ -73.360998189999975, 5.365737290000027, 0.0 ], [ -73.361090469999965, 5.36579751000005, 0.0 ], [ -73.361180309999952, 5.365856030000032, 0.0 ], [ -73.361272649999989, 5.365915980000068, 0.0 ], [ -73.361364789999982, 5.365975730000059, 0.0 ], [ -73.361457159999986, 5.366035310000029, 0.0 ], [ -73.361549469999943, 5.366094460000056, 0.0 ], [ -73.361640429999966, 5.366152640000053, 0.0 ], [ -73.361725969999952, 5.366207580000037, 0.0 ], [ -73.361797209999963, 5.366253730000039, 0.0 ], [ -73.361908509999978, 5.366325850000067, 0.0 ], [ -73.361995439999987, 5.36638159000006, 0.0 ], [ -73.36208548999997, 5.366439380000031, 0.0 ], [ -73.362171939999939, 5.366495200000031, 0.0 ], [ -73.362258769999983, 5.366551670000035, 0.0 ], [ -73.362339239999983, 5.366605310000068, 0.0 ], [ -73.362423899999953, 5.36666482000004, 0.0 ], [ -73.362508169999955, 5.366723240000056, 0.0 ], [ -73.362592829999983, 5.366781610000032, 0.0 ], [ -73.362674299999981, 5.36683781000005, 0.0 ], [ -73.36276313999997, 5.366899520000061, 0.0 ], [ -73.36285270999997, 5.36696070000005, 0.0 ], [ -73.362908319999974, 5.366998570000021, 0.0 ], [ -73.362997889999974, 5.367059580000046, 0.0 ], [ -73.363032354999973, 5.36708285800006, 0.0 ], [ -73.363084889999982, 5.367118340000047, 0.0 ], [ -73.363151699999946, 5.367163770000047, 0.0 ], [ -73.363194, 5.367193160000056, 0.0 ], [ -73.36326392999996, 5.367242390000058, 0.0 ], [ -73.363316659999953, 5.367279670000073, 0.0 ], [ -73.363396849999958, 5.367336160000036, 0.0 ], [ -73.363481439999987, 5.367394920000038, 0.0 ], [ -73.363508109999941, 5.367413240000076, 0.0 ], [ -73.363571519999937, 5.367456660000073, 0.0 ], [ -73.363661129999969, 5.367517890000045, 0.0 ], [ -73.363739439999961, 5.367573110000023, 0.0 ], [ -73.363801083999988, 5.367615612000066, 0.0 ], [ -73.363819879999937, 5.367628570000022, 0.0 ], [ -73.363903119999975, 5.36768550000005, 0.0 ], [ -73.363987299999962, 5.367744080000023, 0.0 ], [ -73.364072119999946, 5.367806270000074, 0.0 ], [ -73.364160499999969, 5.367870390000064, 0.0 ], [ -73.364190279999946, 5.367890850000038, 0.0 ], [ -73.36426978999998, 5.367945120000059, 0.0 ], [ -73.364306339999985, 5.367970010000022, 0.0 ], [ -73.364349239999967, 5.36799891000004, 0.0 ], [ -73.36442212999998, 5.368049430000042, 0.0 ], [ -73.364495709999971, 5.368108180000036, 0.0 ], [ -73.364560549999965, 5.368177150000065, 0.0 ], [ -73.364625179999962, 5.368248160000064, 0.0 ], [ -73.364684699999941, 5.368316680000021, 0.0 ], [ -73.36474359999994, 5.36838804000007, 0.0 ], [ -73.364805459999957, 5.368459350000023, 0.0 ], [ -73.364875029999951, 5.368536540000036, 0.0 ], [ -73.364948419999962, 5.368617180000058, 0.0 ], [ -73.365019459999985, 5.368695610000032, 0.0 ], [ -73.365087069999959, 5.368772160000049, 0.0 ], [ -73.365157249999982, 5.368845290000024, 0.0 ], [ -73.365232459999959, 5.368911270000069, 0.0 ], [ -73.365308149999976, 5.368977440000037, 0.0 ], [ -73.365382519999969, 5.369048900000053, 0.0 ], [ -73.365453419999938, 5.369128190000026, 0.0 ], [ -73.365525289999937, 5.369208670000035, 0.0 ], [ -73.365597509999986, 5.369290160000048, 0.0 ], [ -73.365669729999979, 5.369371970000032, 0.0 ], [ -73.365677889999972, 5.369381209000039, 0.0 ], [ -73.365741219999961, 5.369452910000064, 0.0 ], [ -73.36581332999998, 5.369533880000063, 0.0 ], [ -73.365879199999938, 5.369608790000029, 0.0 ], [ -73.365951419999988, 5.369688910000036, 0.0 ], [ -73.366023069999983, 5.369768170000043, 0.0 ], [ -73.366092149999986, 5.369846220000056, 0.0 ], [ -73.366105039999979, 5.369860900000049, 0.0 ], [ -73.366154689999973, 5.36991751000005, 0.0 ], [ -73.366218179999976, 5.369989230000044, 0.0 ], [ -73.366282659999968, 5.370060260000059, 0.0 ], [ -73.366357409999978, 5.370139370000061, 0.0 ], [ -73.366428689999964, 5.370215020000046, 0.0 ], [ -73.36649768999996, 5.370281590000047, 0.0 ], [ -73.366586059999975, 5.370324810000056, 0.0 ], [ -73.366685899999936, 5.370330600000045, 0.0 ], [ -73.366787659999943, 5.370313560000056, 0.0 ], [ -73.366890879999971, 5.370295440000064, 0.0 ], [ -73.366972129999965, 5.370280720000039, 0.0 ], [ -73.367060549999962, 5.370265280000069, 0.0 ], [ -73.367128729999934, 5.370254660000057, 0.0 ], [ -73.367236789999936, 5.370241170000043, 0.0 ], [ -73.367344949999961, 5.370241630000066, 0.0 ], [ -73.36742959999998, 5.370257410000022, 0.0 ], [ -73.367530189999968, 5.370285380000041, 0.0 ], [ -73.367633139999953, 5.37031931000007, 0.0 ], [ -73.367732499999988, 5.370363430000054, 0.0 ], [ -73.367818719999946, 5.370407630000045, 0.0 ], [ -73.367901859999961, 5.370462130000021, 0.0 ], [ -73.367983209999977, 5.370515410000053, 0.0 ], [ -73.368067579999945, 5.37057075000007, 0.0 ], [ -73.368154569999945, 5.37062786000007, 0.0 ], [ -73.368245419999937, 5.370687030000056, 0.0 ], [ -73.368337, 5.370747510000058, 0.0 ], [ -73.368418849999955, 5.370802420000075, 0.0 ], [ -73.368509719999963, 5.370863460000066, 0.0 ], [ -73.368517559999987, 5.370868760000064, 0.0 ], [ -73.368601769999941, 5.370923740000023, 0.0 ], [ -73.36868912999995, 5.370977750000065, 0.0 ], [ -73.368778799999973, 5.371034070000064, 0.0 ], [ -73.368871209999952, 5.371090950000053, 0.0 ], [ -73.36896620999994, 5.371147040000039, 0.0 ], [ -73.368998309999938, 5.37116450000002, 0.0 ], [ -73.369055359999948, 5.371196800000064, 0.0 ], [ -73.36912929999994, 5.37123992000005, 0.0 ], [ -73.369203879999986, 5.37128419000004, 0.0 ], [ -73.369287119999967, 5.371338950000052, 0.0 ], [ -73.369378869999935, 5.371400020000067, 0.0 ], [ -73.36946998999997, 5.371458070000074, 0.0 ], [ -73.369562439999982, 5.37151595000006, 0.0 ], [ -73.369654719999971, 5.37157497000004, 0.0 ], [ -73.369746489999955, 5.371634690000064, 0.0 ], [ -73.369837819999987, 5.371695130000035, 0.0 ], [ -73.369928709999954, 5.37175540000004, 0.0 ], [ -73.370016799999974, 5.371812680000062, 0.0 ], [ -73.370072754999967, 5.371849488000066, 0.0 ], [ -73.370098599999949, 5.371866490000059, 0.0 ], [ -73.370188859999985, 5.371926010000038, 0.0 ], [ -73.370268259999989, 5.371978150000075, 0.0 ], [ -73.370352239999988, 5.372033160000058, 0.0 ], [ -73.370441429999971, 5.37208744000003, 0.0 ], [ -73.370540069999947, 5.372136390000037, 0.0 ], [ -73.370638879999944, 5.372185160000072, 0.0 ], [ -73.370732649999979, 5.372230570000056, 0.0 ], [ -73.370831009999961, 5.372277720000056, 0.0 ], [ -73.370928769999978, 5.372326330000021, 0.0 ], [ -73.371025629999963, 5.372379360000025, 0.0 ], [ -73.371122219999961, 5.372432360000062, 0.0 ], [ -73.371218819999967, 5.372485370000049, 0.0 ], [ -73.37131495999995, 5.372538640000073, 0.0 ], [ -73.371409579999977, 5.372591370000066, 0.0 ], [ -73.371465309999962, 5.372622100000058, 0.0 ], [ -73.371506239999974, 5.372644300000047, 0.0 ], [ -73.371603309999955, 5.372696290000022, 0.0 ], [ -73.37170059999994, 5.372748590000072, 0.0 ], [ -73.371797039999933, 5.372802450000052, 0.0 ], [ -73.371892809999963, 5.372856900000045, 0.0 ], [ -73.371986279999987, 5.372910010000055, 0.0 ], [ -73.372024429999954, 5.372931040000026, 0.0 ], [ -73.372082779999971, 5.372963060000075, 0.0 ], [ -73.372179579999965, 5.373015520000024, 0.0 ], [ -73.372208699999987, 5.373031110000056, 0.0 ], [ -73.372275929999944, 5.373068980000028, 0.0 ], [ -73.372369369999944, 5.373124670000038, 0.0 ], [ -73.37246209999995, 5.373181500000044, 0.0 ], [ -73.372555569999975, 5.37323893000007, 0.0 ], [ -73.372645349999971, 5.373293750000073, 0.0 ], [ -73.372734649999984, 5.37334764000002, 0.0 ], [ -73.372827659999984, 5.373404430000051, 0.0 ], [ -73.37291603999995, 5.373458360000029, 0.0 ], [ -73.373009339999953, 5.373514800000066, 0.0 ], [ -73.373101509999969, 5.373571930000026, 0.0 ], [ -73.373194199999944, 5.373628, 0.0 ], [ -73.373288869999953, 5.373684390000051, 0.0 ], [ -73.373383709999985, 5.373740480000038, 0.0 ], [ -73.373478169999942, 5.373796580000032, 0.0 ], [ -73.373567009999988, 5.37385050000006, 0.0 ], [ -73.373660299999983, 5.373907750000058, 0.0 ], [ -73.37369573999996, 5.373929660000044, 0.0 ], [ -73.373752199999956, 5.373964640000054, 0.0 ], [ -73.373843069999964, 5.374020830000063, 0.0 ], [ -73.373933009999973, 5.374076580000064, 0.0 ], [ -73.374019349999969, 5.374136520000036, 0.0 ], [ -73.374093939999966, 5.374208750000037, 0.0 ], [ -73.374158759999943, 5.374292890000049, 0.0 ], [ -73.374165989999938, 5.374302360000058, 0.0 ], [ -73.374224159999983, 5.374378620000073, 0.0 ], [ -73.374273799999969, 5.374444620000077, 0.0 ], [ -73.374289509999983, 5.374465800000053, 0.0 ], [ -73.374350369999945, 5.37454673000002, 0.0 ], [ -73.374411759999987, 5.374627540000063, 0.0 ], [ -73.374473449999982, 5.374708570000053, 0.0 ], [ -73.374535379999941, 5.37478998000006, 0.0 ], [ -73.374598709999987, 5.37487279000004, 0.0 ], [ -73.374665019999952, 5.374957930000051, 0.0 ], [ -73.374731659999952, 5.375043280000057, 0.0 ], [ -73.374797869999952, 5.37512847000005, 0.0 ], [ -73.374862969999981, 5.375213110000061, 0.0 ], [ -73.374927729999968, 5.375297430000046, 0.0 ], [ -73.374992029999987, 5.375381060000052, 0.0 ], [ -73.37505170999998, 5.375465370000029, 0.0 ], [ -73.375104889999989, 5.375550700000076, 0.0 ], [ -73.375159199999985, 5.375637180000069, 0.0 ], [ -73.375218239999981, 5.375728270000025, 0.0 ], [ -73.375277839999967, 5.375819220000039, 0.0 ], [ -73.375330159999976, 5.375898900000038, 0.0 ], [ -73.375388039999962, 5.375989240000024, 0.0 ], [ -73.37544534999995, 5.376078920000054, 0.0 ], [ -73.375503, 5.376169920000052, 0.0 ], [ -73.375558049999938, 5.376261370000066, 0.0 ], [ -73.375615769999968, 5.376352270000041, 0.0 ], [ -73.37567396999998, 5.376439280000056, 0.0 ], [ -73.375731229999985, 5.376523770000063, 0.0 ], [ -73.375788299999954, 5.376607430000035, 0.0 ], [ -73.375853909999989, 5.376705340000058, 0.0 ], [ -73.375900739999963, 5.376776220000067, 0.0 ], [ -73.375956039999949, 5.376866070000062, 0.0 ], [ -73.376007909999942, 5.376961650000055, 0.0 ], [ -73.37605893999995, 5.377059380000048, 0.0 ], [ -73.376109889999952, 5.377157160000024, 0.0 ], [ -73.376160459999937, 5.377254820000076, 0.0 ], [ -73.376211059999946, 5.377353030000052, 0.0 ], [ -73.376260909999985, 5.377450310000029, 0.0 ], [ -73.376311229999942, 5.377548500000046, 0.0 ], [ -73.376360519999935, 5.37764763000007, 0.0 ], [ -73.376402419999977, 5.377732350000031, 0.0 ], [ -73.376409439999975, 5.377746520000073, 0.0 ], [ -73.376438699999937, 5.377805190000061, 0.0 ], [ -73.376450969999951, 5.377829610000049, 0.0 ], [ -73.376500649999969, 5.37792840000003, 0.0 ], [ -73.376544659999979, 5.378017310000075, 0.0 ], [ -73.376565767999978, 5.378059676000021, 0.0 ], [ -73.376606554999967, 5.378139611000051, 0.0 ], [ -73.376616099999978, 5.378157334000036, 0.0 ], [ -73.376663851999979, 5.378242084000021, 0.0 ], [ -73.37671146699995, 5.378320005000035, 0.0 ], [ -73.376718928999935, 5.378332216000047, 0.0 ], [ -73.376754959999971, 5.37839045000004, 0.0 ], [ -73.376811159999988, 5.378480360000026, 0.0 ], [ -73.37686414999996, 5.37856443000004, 0.0 ], [ -73.376922069999978, 5.378657120000071, 0.0 ], [ -73.376980039999978, 5.378750930000024, 0.0 ], [ -73.377029099999959, 5.378831300000058, 0.0 ], [ -73.377081479999958, 5.378921720000051, 0.0 ], [ -73.377130819999934, 5.379009440000061, 0.0 ], [ -73.377163249999967, 5.379065040000057, 0.0 ], [ -73.377220069999964, 5.379159850000065, 0.0 ], [ -73.377269259999935, 5.379253920000053, 0.0 ], [ -73.377289644999962, 5.379298650000067, 0.0 ], [ -73.377339723999967, 5.379394897000054, 0.0 ], [ -73.377392899999961, 5.379497098000058, 0.0 ], [ -73.377437207999947, 5.379593819000036, 0.0 ], [ -73.377463000999967, 5.379671873000063, 0.0 ], [ -73.377491317999954, 5.379757566000023, 0.0 ], [ -73.377501107999933, 5.379792673000054, 0.0 ], [ -73.377527097999973, 5.379899292000061, 0.0 ], [ -73.377546379999956, 5.379978385000072, 0.0 ], [ -73.377568027999985, 5.380067190000034, 0.0 ], [ -73.377577628999973, 5.380107425000062, 0.0 ], [ -73.377602622999973, 5.380214758000022, 0.0 ], [ -73.377623953999944, 5.380307206000055, 0.0 ], [ -73.377636998999947, 5.380369920000021, 0.0 ], [ -73.377642046999938, 5.380396525000037, 0.0 ], [ -73.377650792999987, 5.380452817000048, 0.0 ], [ -73.377657049999982, 5.380501576000029, 0.0 ], [ -73.377658959999962, 5.380514050000045, 0.0 ], [ -73.377673649999963, 5.380611670000064, 0.0 ], [ -73.377684319999958, 5.380721020000067, 0.0 ], [ -73.377682159999949, 5.380827440000076, 0.0 ], [ -73.377679269999987, 5.38093114000003, 0.0 ], [ -73.377676629999939, 5.381026550000058, 0.0 ], [ -73.377673649999963, 5.381133850000026, 0.0 ], [ -73.377669429999969, 5.381241850000038, 0.0 ], [ -73.377664129999971, 5.381339700000069, 0.0 ], [ -73.377658469999972, 5.38144544000005, 0.0 ], [ -73.377654389999975, 5.381550730000072, 0.0 ], [ -73.377654399999983, 5.381586410000068, 0.0 ], [ -73.377656289999948, 5.381643490000044, 0.0 ], [ -73.37766806999997, 5.381741810000051, 0.0 ], [ -73.377673719999962, 5.381852690000073, 0.0 ], [ -73.377667699999961, 5.381960650000053, 0.0 ], [ -73.377659859999937, 5.382070480000039, 0.0 ], [ -73.377654699999937, 5.382173250000051, 0.0 ], [ -73.377649619999943, 5.38227739000007, 0.0 ], [ -73.377645879999989, 5.382381380000027, 0.0 ], [ -73.37763431999997, 5.382483660000048, 0.0 ], [ -73.377610879999963, 5.382563080000068, 0.0 ], [ -73.377571029999956, 5.382662580000044, 0.0 ], [ -73.377528419999976, 5.382762540000044, 0.0 ], [ -73.377483219999988, 5.382861430000048, 0.0 ], [ -73.377438139999981, 5.382959610000057, 0.0 ], [ -73.377394289999984, 5.383056790000069, 0.0 ], [ -73.377350389999947, 5.38315534000003, 0.0 ], [ -73.377305009999986, 5.383254210000075, 0.0 ], [ -73.377259249999952, 5.383353020000072, 0.0 ], [ -73.377214539999954, 5.383451260000072, 0.0 ], [ -73.377170059999969, 5.383550890000038, 0.0 ], [ -73.37712664999998, 5.383648940000057, 0.0 ], [ -73.377085189999946, 5.38374151000005, 0.0 ], [ -73.377036339999961, 5.383850740000071, 0.0 ], [ -73.376995479999948, 5.383934220000071, 0.0 ], [ -73.376942419999978, 5.384029070000054, 0.0 ], [ -73.376888129999941, 5.384122920000038, 0.0 ], [ -73.376833479999959, 5.384216840000022, 0.0 ], [ -73.376785609999956, 5.384298190000038, 0.0 ], [ -73.376736729999948, 5.384380680000049, 0.0 ], [ -73.376681469999937, 5.384474780000062, 0.0 ], [ -73.376626949999945, 5.384568040000033, 0.0 ], [ -73.376572149999959, 5.384662040000023, 0.0 ], [ -73.376516119999962, 5.384756250000066, 0.0 ], [ -73.376467269999978, 5.384838460000026, 0.0 ], [ -73.376412439999967, 5.384931810000069, 0.0 ], [ -73.376358509999989, 5.385025730000052, 0.0 ], [ -73.376316689999953, 5.385120230000041, 0.0 ], [ -73.376305239999965, 5.385225840000032, 0.0 ], [ -73.376326519999964, 5.385332640000058, 0.0 ], [ -73.376361899999949, 5.385431380000057, 0.0 ], [ -73.376385739999989, 5.385492030000023, 0.0 ], [ -73.376426899999956, 5.385590700000023, 0.0 ], [ -73.376468949999946, 5.385689260000049, 0.0 ], [ -73.376472409999963, 5.385697540000024, 0.0 ], [ -73.376509259999978, 5.385785170000077, 0.0 ], [ -73.376534382999978, 5.38584567700002, 0.0 ], [ -73.376549749999981, 5.385882690000074, 0.0 ], [ -73.376586129999964, 5.38597905000006, 0.0 ], [ -73.376630269999964, 5.386076330000037, 0.0 ], [ -73.376699699999961, 5.38615894000003, 0.0 ], [ -73.37672594999998, 5.386183530000039, 0.0 ], [ -73.376747389999935, 5.386202840000067, 0.0 ], [ -73.376775709999947, 5.386226520000037, 0.0 ], [ -73.376794489999952, 5.386241360000042, 0.0 ], [ -73.376863069999956, 5.386293090000038, 0.0 ], [ -73.376931189999937, 5.386343280000062, 0.0 ], [ -73.376990569999975, 5.386388130000057, 0.0 ], [ -73.37705619999997, 5.386436880000076, 0.0 ], [ -73.377126339999961, 5.386489090000055, 0.0 ], [ -73.377200599999981, 5.386544, 0.0 ], [ -73.377279, 5.386603100000059, 0.0 ], [ -73.377358609999987, 5.386666670000068, 0.0 ], [ -73.377418459999944, 5.386715700000025, 0.0 ], [ -73.377501069999937, 5.386784360000036, 0.0 ], [ -73.377584389999981, 5.386854800000037, 0.0 ], [ -73.377668829999948, 5.386925, 0.0 ], [ -73.37775395999995, 5.386995020000029, 0.0 ], [ -73.377838249999968, 5.387063990000058, 0.0 ], [ -73.377923499999952, 5.387132500000064, 0.0 ], [ -73.378005799999983, 5.387196990000064, 0.0 ], [ -73.378084069999943, 5.387260260000062, 0.0 ], [ -73.378134479999972, 5.387301450000052, 0.0 ], [ -73.37816375999995, 5.387325350000026, 0.0 ], [ -73.378244689999974, 5.387391870000044, 0.0 ], [ -73.378327689999935, 5.387459580000041, 0.0 ], [ -73.37841125999995, 5.387527890000058, 0.0 ], [ -73.378494019999948, 5.387595890000057, 0.0 ], [ -73.378576419999945, 5.387663360000033, 0.0 ], [ -73.378658639999969, 5.387730450000049, 0.0 ], [ -73.37874211999997, 5.387798590000045, 0.0 ], [ -73.378807269999982, 5.387851230000024, 0.0 ], [ -73.378889859999958, 5.387917510000023, 0.0 ], [ -73.378970759999959, 5.387986280000064, 0.0 ], [ -73.379044549999946, 5.388067330000069, 0.0 ], [ -73.37910562999997, 5.388144860000068, 0.0 ], [ -73.379172849999975, 5.388231200000064, 0.0 ], [ -73.379238449999946, 5.388320040000053, 0.0 ], [ -73.37930431999996, 5.388409610000053, 0.0 ], [ -73.379371429999935, 5.388497900000061, 0.0 ], [ -73.379437579999944, 5.388586910000072, 0.0 ], [ -73.379502339999988, 5.388675870000043, 0.0 ], [ -73.379567359999953, 5.388765030000059, 0.0 ], [ -73.379632739999977, 5.388853940000047, 0.0 ], [ -73.379690469999957, 5.388932280000063, 0.0 ], [ -73.379756169999951, 5.38902151000002, 0.0 ], [ -73.379821569999933, 5.389110650000021, 0.0 ], [ -73.379884419999939, 5.389201760000049, 0.0 ], [ -73.379937689999963, 5.389298050000036, 0.0 ], [ -73.379989019999982, 5.389396030000057, 0.0 ], [ -73.380039279999949, 5.389493990000062, 0.0 ], [ -73.380091749999963, 5.389591950000067, 0.0 ], [ -73.380144519999988, 5.389690030000054, 0.0 ], [ -73.380194009999968, 5.389785220000022, 0.0 ], [ -73.380242979999935, 5.389882610000029, 0.0 ], [ -73.380292889999964, 5.38998158000004, 0.0 ], [ -73.380344139999977, 5.390079210000067, 0.0 ], [ -73.38039705999995, 5.390176550000035, 0.0 ], [ -73.380451099999959, 5.390273910000076, 0.0 ], [ -73.380503609999948, 5.390371740000035, 0.0 ], [ -73.380530199999953, 5.390427230000057, 0.0 ], [ -73.380546759999959, 5.390472050000028, 0.0 ], [ -73.380582669999967, 5.390571220000027, 0.0 ], [ -73.38062014999997, 5.390673240000069, 0.0 ], [ -73.380657609999957, 5.390774080000028, 0.0 ], [ -73.380695129999935, 5.390876780000042, 0.0 ], [ -73.380732879999982, 5.390981580000073, 0.0 ], [ -73.38077082999996, 5.39108611000006, 0.0 ], [ -73.380779939999968, 5.391110830000059, 0.0 ], [ -73.380817569999977, 5.391211910000038, 0.0 ], [ -73.380854609999972, 5.391312350000021, 0.0 ], [ -73.380890529999988, 5.391409160000023, 0.0 ], [ -73.380916839999941, 5.391480430000058, 0.0 ], [ -73.380958189999944, 5.391577860000041, 0.0 ], [ -73.381019609999953, 5.391666930000042, 0.0 ], [ -73.381083589999946, 5.391742770000064, 0.0 ], [ -73.381154599999945, 5.391826440000045, 0.0 ], [ -73.381229669999982, 5.391906630000051, 0.0 ], [ -73.381310579999933, 5.391980380000064, 0.0 ], [ -73.381390859999954, 5.392052750000062, 0.0 ], [ -73.381470299999933, 5.392123800000036, 0.0 ], [ -73.381549509999957, 5.392195170000036, 0.0 ], [ -73.381629769999961, 5.392265590000022, 0.0 ], [ -73.381643409999981, 5.392277170000057, 0.0 ], [ -73.381721309999989, 5.392343430000039, 0.0 ], [ -73.381801859999939, 5.392412690000072, 0.0 ], [ -73.381874159999938, 5.39247443000005, 0.0 ], [ -73.381944889999943, 5.392534180000041, 0.0 ], [ -73.382018809999977, 5.392596340000068, 0.0 ], [ -73.382102199999963, 5.392666400000053, 0.0 ], [ -73.382186649999937, 5.392736540000044, 0.0 ], [ -73.382270939999955, 5.392807730000072, 0.0 ], [ -73.382342169999959, 5.39287537000007, 0.0 ], [ -73.382413339999971, 5.392959760000053, 0.0 ], [ -73.382480029999954, 5.393039030000068, 0.0 ], [ -73.38255130999994, 5.393123690000039, 0.0 ], [ -73.382600692999972, 5.393182374000048, 0.0 ], [ -73.382617839999966, 5.393202750000057, 0.0 ], [ -73.382688909999956, 5.393286500000045, 0.0 ], [ -73.382765569999947, 5.393366370000024, 0.0 ], [ -73.382849849999957, 5.393436480000048, 0.0 ], [ -73.382915638999975, 5.393490460000066, 0.0 ], [ -73.382934689999956, 5.393506090000074, 0.0 ], [ -73.383017249999966, 5.393573890000027, 0.0 ], [ -73.383102049999934, 5.393643590000067, 0.0 ], [ -73.383187479999947, 5.393713440000056, 0.0 ], [ -73.383272869999985, 5.393782530000067, 0.0 ], [ -73.383347929999957, 5.393843410000045, 0.0 ], [ -73.383433349999962, 5.393912800000066, 0.0 ], [ -73.383516389999954, 5.393983100000071, 0.0 ], [ -73.383594759999937, 5.394060300000035, 0.0 ], [ -73.383665639999947, 5.394130530000041, 0.0 ], [ -73.383744109999952, 5.394208270000036, 0.0 ], [ -73.383822539999983, 5.394286320000049, 0.0 ], [ -73.383901079999987, 5.394364210000049, 0.0 ], [ -73.383979779999947, 5.394440680000059, 0.0 ], [ -73.384062059999962, 5.394513740000036, 0.0 ], [ -73.384146039999962, 5.394585480000046, 0.0 ], [ -73.38422823999997, 5.394658, 0.0 ], [ -73.384316059999946, 5.394723350000049, 0.0 ], [ -73.38441193999995, 5.394778020000047, 0.0 ], [ -73.384508099999948, 5.394832480000048, 0.0 ], [ -73.384603899999945, 5.394886500000041, 0.0 ], [ -73.384673369999973, 5.394930960000067, 0.0 ], [ -73.384755449999943, 5.395004030000052, 0.0 ], [ -73.384837359999949, 5.39507887000002, 0.0 ], [ -73.384910839999975, 5.395146730000022, 0.0 ], [ -73.384992739999973, 5.395219710000049, 0.0 ], [ -73.385077089999982, 5.395289390000073, 0.0 ], [ -73.38516151999994, 5.395359220000046, 0.0 ], [ -73.385204489999978, 5.39539510000003, 0.0 ], [ -73.385289369999953, 5.395464980000042, 0.0 ], [ -73.385376329999986, 5.395532830000036, 0.0 ], [ -73.385466319999978, 5.39559373000003, 0.0 ], [ -73.38555606999995, 5.395655290000036, 0.0 ], [ -73.385644719999959, 5.395716200000038, 0.0 ], [ -73.385688399999935, 5.395745990000023, 0.0 ], [ -73.385778609999988, 5.395807780000041, 0.0 ], [ -73.385802749999982, 5.395824650000066, 0.0 ], [ -73.385891139999956, 5.395888330000048, 0.0 ], [ -73.385978789999967, 5.395954300000028, 0.0 ], [ -73.386063629999967, 5.396022260000052, 0.0 ], [ -73.386143549999986, 5.396097090000069, 0.0 ], [ -73.386223869999981, 5.396171640000034, 0.0 ], [ -73.386298289999957, 5.396250350000059, 0.0 ], [ -73.386360909999951, 5.396340450000025, 0.0 ], [ -73.386422799999934, 5.396430240000029, 0.0 ], [ -73.386483989999988, 5.396518900000046, 0.0 ], [ -73.386537819999944, 5.396597020000058, 0.0 ], [ -73.386599159999946, 5.396684950000065, 0.0 ], [ -73.386657569999954, 5.396771320000028, 0.0 ], [ -73.386721739999984, 5.396855450000032, 0.0 ], [ -73.386794739999971, 5.396935560000031, 0.0 ], [ -73.38686869999998, 5.397016260000044, 0.0 ], [ -73.386882239999977, 5.397031130000073, 0.0 ], [ -73.386942229999988, 5.397097390000056, 0.0 ], [ -73.387013209999964, 5.397179990000041, 0.0 ], [ -73.387081799999976, 5.397264600000028, 0.0 ], [ -73.387150969999936, 5.397346130000074, 0.0 ], [ -73.387221359999955, 5.397427830000026, 0.0 ], [ -73.387291059999939, 5.39751184000005, 0.0 ], [ -73.387359659999959, 5.397597870000027, 0.0 ], [ -73.387426029999972, 5.397683140000026, 0.0 ], [ -73.38748905999995, 5.397765640000046, 0.0 ], [ -73.387520061999965, 5.39780593200004, 0.0 ], [ -73.387550629999964, 5.39784566000003, 0.0 ], [ -73.387614889999952, 5.397927270000025, 0.0 ], [ -73.387624989999949, 5.397939680000036, 0.0 ], [ -73.387693469999988, 5.398023070000022, 0.0 ], [ -73.387763139999947, 5.398108020000052, 0.0 ], [ -73.387826519999976, 5.39818536000007, 0.0 ], [ -73.387896269999942, 5.398270340000067, 0.0 ], [ -73.387966199999937, 5.398355970000068, 0.0 ], [ -73.388035289999948, 5.398440980000032, 0.0 ], [ -73.388104419999934, 5.398526150000066, 0.0 ], [ -73.388173909999978, 5.398611900000049, 0.0 ], [ -73.388265427999954, 5.398724770000058, 0.0 ], [ -73.388265478999983, 5.398724793000042, 0.0 ], [ -73.388309229999948, 5.398778530000072, 0.0 ], [ -73.388374929999941, 5.39885860000004, 0.0 ], [ -73.388437669999973, 5.398935330000029, 0.0 ], [ -73.388503019999973, 5.399015270000064, 0.0 ], [ -73.388567889999933, 5.399093490000041, 0.0 ], [ -73.388633639999966, 5.399173240000039, 0.0 ], [ -73.388698659999989, 5.399253900000076, 0.0 ], [ -73.388762799999938, 5.399337370000069, 0.0 ], [ -73.388830909999967, 5.399419110000053, 0.0 ], [ -73.388912109999978, 5.399490180000043, 0.0 ], [ -73.388987909999969, 5.399567750000074, 0.0 ], [ -73.389054119999969, 5.399654220000059, 0.0 ], [ -73.389118669999959, 5.39973279000003, 0.0 ], [ -73.389175399999942, 5.399800580000033, 0.0 ], [ -73.389239909999958, 5.399880400000029, 0.0 ], [ -73.38930481999995, 5.399961880000035, 0.0 ], [ -73.389365489999989, 5.400039420000041, 0.0 ], [ -73.389410809999958, 5.400099240000031, 0.0 ], [ -73.389475519999962, 5.400187340000059, 0.0 ], [ -73.389502079999943, 5.400223880000055, 0.0 ], [ -73.38952863999998, 5.400260420000052, 0.0 ], [ -73.389556499999969, 5.400298790000022, 0.0 ], [ -73.389604324999937, 5.400367819000053, 0.0 ], [ -73.389616359999934, 5.400385190000065, 0.0 ], [ -73.389632509999956, 5.400411030000043, 0.0 ], [ -73.389683379999951, 5.400492130000032, 0.0 ], [ -73.389738599999987, 5.400579790000052, 0.0 ], [ -73.389799249999953, 5.400669540000024, 0.0 ], [ -73.389861, 5.400748710000073, 0.0 ], [ -73.389867339999967, 5.400756740000077, 0.0 ], [ -73.389929619999975, 5.400836190000064, 0.0 ], [ -73.389994779999938, 5.400923980000073, 0.0 ], [ -73.390057629999944, 5.401011690000075, 0.0 ], [ -73.390118369999982, 5.401098190000027, 0.0 ], [ -73.390176339999982, 5.401186100000075, 0.0 ], [ -73.390193609999983, 5.401212720000046, 0.0 ], [ -73.390237079999963, 5.401280410000027, 0.0 ], [ -73.390266289999943, 5.401326450000056, 0.0 ], [ -73.390298019999989, 5.401369780000039, 0.0 ], [ -73.390364899999952, 5.401456400000029, 0.0 ], [ -73.390431329999956, 5.401542930000062, 0.0 ], [ -73.390503849999959, 5.401625370000033, 0.0 ], [ -73.390585229999942, 5.401696990000062, 0.0 ], [ -73.390667969999981, 5.401769020000074, 0.0 ], [ -73.390753729999972, 5.401837860000057, 0.0 ], [ -73.390843609999934, 5.401901130000056, 0.0 ], [ -73.390932899999939, 5.401962950000041, 0.0 ], [ -73.391020079999976, 5.402022940000052, 0.0 ], [ -73.39110366999995, 5.402080980000051, 0.0 ], [ -73.391191799999945, 5.402142180000055, 0.0 ], [ -73.391275529999973, 5.402206700000022, 0.0 ], [ -73.391357, 5.402280430000076, 0.0 ], [ -73.391437649999943, 5.40235129000007, 0.0 ], [ -73.391519109999933, 5.402422600000023, 0.0 ], [ -73.391596309999954, 5.402490750000027, 0.0 ], [ -73.391676149999967, 5.402563930000042, 0.0 ], [ -73.391754119999973, 5.402638380000042, 0.0 ], [ -73.391822689999969, 5.402709220000077, 0.0 ], [ -73.391899429999967, 5.402787480000029, 0.0 ], [ -73.39197613999994, 5.402865170000041, 0.0 ], [ -73.392023329999972, 5.402911940000024, 0.0 ], [ -73.392057779999959, 5.402945810000062, 0.0 ], [ -73.392120149999982, 5.403015050000022, 0.0 ], [ -73.392184869999937, 5.40310278000004, 0.0 ], [ -73.392244069999947, 5.403181450000034, 0.0 ], [ -73.39230557999997, 5.403261520000058, 0.0 ], [ -73.392368389999945, 5.403342920000057, 0.0 ], [ -73.39237634999995, 5.403353520000053, 0.0 ], [ -73.392428769999981, 5.403423260000068, 0.0 ], [ -73.392486169999984, 5.40349991000005, 0.0 ], [ -73.392541739999956, 5.403574770000034, 0.0 ], [ -73.392595509999978, 5.403647570000032, 0.0 ], [ -73.392650719999949, 5.403722120000054, 0.0 ], [ -73.392706209999972, 5.403796330000034, 0.0 ], [ -73.392759029999979, 5.403866260000029, 0.0 ], [ -73.392806319999977, 5.403928950000022, 0.0 ], [ -73.392858609999962, 5.403998710000053, 0.0 ], [ -73.392917759999989, 5.404077930000028, 0.0 ], [ -73.392976989999966, 5.404157240000075, 0.0 ], [ -73.393023759999949, 5.404219270000056, 0.0 ], [ -73.393060599999956, 5.404268060000049, 0.0 ], [ -73.393085979999967, 5.404301640000028, 0.0 ], [ -73.393140379999977, 5.404380700000047, 0.0 ], [ -73.393192499999941, 5.404474570000048, 0.0 ], [ -73.393242399999963, 5.40456204000003, 0.0 ], [ -73.393296419999956, 5.404656430000045, 0.0 ], [ -73.393356819999951, 5.404745030000072, 0.0 ], [ -73.393428849999964, 5.404823880000038, 0.0 ], [ -73.39350651999996, 5.404899650000061, 0.0 ], [ -73.393589949999978, 5.404966270000045, 0.0 ], [ -73.393671489999974, 5.405031400000041, 0.0 ], [ -73.393672472999981, 5.405032166000069, 0.0 ], [ -73.393683290999945, 5.405038249000029, 0.0 ], [ -73.393718066999952, 5.405057981000027, 0.0 ], [ -73.393754395999963, 5.405078550000042, 0.0 ], [ -73.393786303999946, 5.405096727000057, 0.0 ], [ -73.393810921999943, 5.405111078000061, 0.0 ], [ -73.393841633999955, 5.405128418000061, 0.0 ], [ -73.393866375999949, 5.405142693000073, 0.0 ], [ -73.393878321999978, 5.405149585000061, 0.0 ], [ -73.393916323999974, 5.405170991000034, 0.0 ], [ -73.393950023999935, 5.405190364000021, 0.0 ], [ -73.39398575599995, 5.405210694000061, 0.0 ], [ -73.394018021999955, 5.40522911000005, 0.0 ], [ -73.394048853999948, 5.405246929000043, 0.0 ], [ -73.394077657999958, 5.405268221000028, 0.0 ], [ -73.394115066999973, 5.405296212000053, 0.0 ], [ -73.394144825999945, 5.405317862000061, 0.0 ], [ -73.394177095999964, 5.405342025000039, 0.0 ], [ -73.394217372999947, 5.40537205000004, 0.0 ], [ -73.394256216999963, 5.405400878000023, 0.0 ], [ -73.39429242999995, 5.405427433000057, 0.0 ], [ -73.394332946999953, 5.405457936000062, 0.0 ], [ -73.394369279999978, 5.40548485000005, 0.0 ], [ -73.394393302999958, 5.405502673000058, 0.0 ], [ -73.394419954999989, 5.40552241000006, 0.0 ], [ -73.394443499999966, 5.405539874000056, 0.0 ], [ -73.394470393999939, 5.405564041000048, 0.0 ], [ -73.394501829999967, 5.40559203600003, 0.0 ], [ -73.394534820999979, 5.405621586000052, 0.0 ], [ -73.394571037999981, 5.405653768000036, 0.0 ], [ -73.394596975999946, 5.405676977000041, 0.0 ], [ -73.394621000999962, 5.405698272000052, 0.0 ], [ -73.394653631999972, 5.40572734400007, 0.0 ], [ -73.394687458999954, 5.405757492000021, 0.0 ], [ -73.394720089999964, 5.405786683000031, 0.0 ], [ -73.394753677999972, 5.405816592000065, 0.0 ], [ -73.394788819999974, 5.405848416000026, 0.0 ], [ -73.394814039999972, 5.405870787000026, 0.0 ], [ -73.394845237999959, 5.405898782000065, 0.0 ], [ -73.394855874999962, 5.405907874000036, 0.0 ], [ -73.394875367999987, 5.405939708000062, 0.0 ], [ -73.394893663999937, 5.405969028000072, 0.0 ], [ -73.394910405999951, 5.405996075000076, 0.0 ], [ -73.394925712999964, 5.406020608000063, 0.0 ], [ -73.394944487999965, 5.406051006000041, 0.0 ], [ -73.394960631999936, 5.406077095000057, 0.0 ], [ -73.394978091999974, 5.40610545800007, 0.0 ], [ -73.394996506999973, 5.406134658000042, 0.0 ], [ -73.395014444999958, 5.40616361900004, 0.0 ], [ -73.395030947999942, 5.40619018700005, 0.0 ], [ -73.395049722999943, 5.406220824000059, 0.0 ], [ -73.39506909499994, 5.406251101000066, 0.0 ], [ -73.395089663999954, 5.406284730000039, 0.0 ], [ -73.395105927999964, 5.406310819000055, 0.0 ], [ -73.395114895999939, 5.406325180000067, 0.0 ], [ -73.395132477999937, 5.406357135000064, 0.0 ], [ -73.395146350999937, 5.406382148000034, 0.0 ], [ -73.395160463999957, 5.406407520000073, 0.0 ], [ -73.395170749999977, 5.406426549000059, 0.0 ], [ -73.395178642999952, 5.406440432000068, 0.0 ], [ -73.395195386999944, 5.406470472000024, 0.0 ], [ -73.39521009799995, 5.406497280000053, 0.0 ], [ -73.395223612999985, 5.406521695000038, 0.0 ], [ -73.395239160999949, 5.406549939000058, 0.0 ], [ -73.395253153999988, 5.406575072000066, 0.0 ], [ -73.39526690799994, 5.406600085000036, 0.0 ], [ -73.395280901999968, 5.406625457000075, 0.0 ], [ -73.395294774999968, 5.406650470000045, 0.0 ], [ -73.395307930999934, 5.406674047000024, 0.0 ], [ -73.395313432999956, 5.406684220000045, 0.0 ], [ -73.395326229999966, 5.406707438000069, 0.0 ], [ -73.395341298999938, 5.406734007000068, 0.0 ], [ -73.395356129999982, 5.406760216000066, 0.0 ], [ -73.39536832899995, 5.406782597000074, 0.0 ], [ -73.395381125999961, 5.406804857000054, 0.0 ], [ -73.395393204999948, 5.40682663900003, 0.0 ], [ -73.395405882999967, 5.406849737000073, 0.0 ], [ -73.395417124999938, 5.406869843000038, 0.0 ], [ -73.395429682999975, 5.406891984000026, 0.0 ], [ -73.395447024999953, 5.406922981000037, 0.0 ], [ -73.395463050999979, 5.406951704000051, 0.0 ], [ -73.395478838999964, 5.406980427000065, 0.0 ], [ -73.395495223999944, 5.407009509000034, 0.0 ], [ -73.395509120999975, 5.407033900000044, 0.0 ], [ -73.395518665999987, 5.407052642000053, 0.0 ], [ -73.395526918999963, 5.40706894300007, 0.0 ], [ -73.395534023999971, 5.40708273000007, 0.0 ], [ -73.395543281999949, 5.407100755000045, 0.0 ], [ -73.395551247999947, 5.407116840000072, 0.0 ], [ -73.395561223999948, 5.407136444000059, 0.0 ], [ -73.39557012299997, 5.407153391000065, 0.0 ], [ -73.395580600999949, 5.407174288000022, 0.0 ], [ -73.395589356999949, 5.407191307000062, 0.0 ], [ -73.395596963999935, 5.407206100000053, 0.0 ], [ -73.395606150999981, 5.40722448300005, 0.0 ], [ -73.395615192999969, 5.407242292000035, 0.0 ], [ -73.395620359999953, 5.407252130000074, 0.0 ], [ -73.395628972999987, 5.407269149000058, 0.0 ], [ -73.395635861999949, 5.407282577000046, 0.0 ], [ -73.395644330999971, 5.407299237000075, 0.0 ], [ -73.395654090999983, 5.40731869800004, 0.0 ], [ -73.395662487999971, 5.407335214000057, 0.0 ], [ -73.395669951999935, 5.407349433000036, 0.0 ], [ -73.395678778999979, 5.407367026000031, 0.0 ], [ -73.395687606999957, 5.407384763000039, 0.0 ], [ -73.395696864999934, 5.407402285000046, 0.0 ], [ -73.395704614999943, 5.407417149000025, 0.0 ], [ -73.395714447999978, 5.40743653800007, 0.0 ], [ -73.395722197999987, 5.407451690000073, 0.0 ], [ -73.395730953999987, 5.407468206000033, 0.0 ], [ -73.395739852999952, 5.407485871000063, 0.0 ], [ -73.395747818999951, 5.407501382000021, 0.0 ], [ -73.395758153999964, 5.407521489000032, 0.0 ], [ -73.39576576099995, 5.407535923000069, 0.0 ], [ -73.395773726999948, 5.407551433000037, 0.0 ], [ -73.39578075999998, 5.40756514900005, 0.0 ], [ -73.395789945999979, 5.407583173000035, 0.0 ], [ -73.395798414999945, 5.40759969000004, 0.0 ], [ -73.395807241999989, 5.407616421000057, 0.0 ], [ -73.395814489999964, 5.407630640000036, 0.0 ], [ -73.395823245999964, 5.407647730000065, 0.0 ], [ -73.395831139999984, 5.407662738000056, 0.0 ], [ -73.395835875999978, 5.407671786000037, 0.0 ], [ -73.395836523999947, 5.407673591000048, 0.0 ], [ -73.395836859999974, 5.407674381000049, 0.0 ], [ -73.395837468999957, 5.407675334000032, 0.0 ], [ -73.395837924999967, 5.407676020000054, 0.0 ], [ -73.395888369999966, 5.40772510000005, 0.0 ], [ -73.395959769999934, 5.407770690000063, 0.0 ], [ -73.396011529999953, 5.407793070000025, 0.0 ], [ -73.396109009999975, 5.407835380000051, 0.0 ], [ -73.396158789999959, 5.407856730000049, 0.0 ], [ -73.396205979999934, 5.407876720000047, 0.0 ], [ -73.39630300999994, 5.407917210000051, 0.0 ], [ -73.396399169999938, 5.407956710000065, 0.0 ], [ -73.396490119999953, 5.407994720000033, 0.0 ], [ -73.396586429999957, 5.408034950000058, 0.0 ], [ -73.396684899999968, 5.408075710000048, 0.0 ], [ -73.396782059999964, 5.408115550000048, 0.0 ], [ -73.396879879999972, 5.408156020000035, 0.0 ], [ -73.39697622999995, 5.408195570000032, 0.0 ], [ -73.397072089999938, 5.408235400000024, 0.0 ], [ -73.397167969999941, 5.408275880000076, 0.0 ], [ -73.397264089999965, 5.408316390000039, 0.0 ], [ -73.397360979999974, 5.408357060000071, 0.0 ], [ -73.397456949999935, 5.408396750000065, 0.0 ], [ -73.397551959999987, 5.408435570000051, 0.0 ], [ -73.397647099999972, 5.408474480000052, 0.0 ], [ -73.397730929999966, 5.408508910000023, 0.0 ], [ -73.39781279999994, 5.408542530000034, 0.0 ], [ -73.397907849999967, 5.408581770000069, 0.0 ], [ -73.398002519999977, 5.40862074000006, 0.0 ], [ -73.398096409999937, 5.40866053000002, 0.0 ], [ -73.398185929999954, 5.408701230000077, 0.0 ], [ -73.398269409999955, 5.408739470000057, 0.0 ], [ -73.398352819999957, 5.408777950000058, 0.0 ], [ -73.398447679999947, 5.408822020000059, 0.0 ], [ -73.398542279999958, 5.40886622000005, 0.0 ], [ -73.398636499999952, 5.408909950000066, 0.0 ], [ -73.398729209999942, 5.408952460000023, 0.0 ], [ -73.398823109999967, 5.408997120000038, 0.0 ], [ -73.398898789999976, 5.409039730000075, 0.0 ], [ -73.398914859999934, 5.40904893000004, 0.0 ], [ -73.399007619999963, 5.409102430000075, 0.0 ], [ -73.399094099999957, 5.409152410000047, 0.0 ], [ -73.399187449999943, 5.409206890000064, 0.0 ], [ -73.399266899999986, 5.409254350000026, 0.0 ], [ -73.399347779999971, 5.409304300000031, 0.0 ], [ -73.399418787999934, 5.40934599600007, 0.0 ], [ -73.399454210999977, 5.409393052000041, 0.0 ], [ -73.399662858999989, 5.409499228000072, 0.0 ], [ -73.399853582999981, 5.40959751500003, 0.0 ], [ -73.40007798299996, 5.409678898000038, 0.0 ], [ -73.400302383999986, 5.409760281000047, 0.0 ], [ -73.400494887999969, 5.409840608000025, 0.0 ], [ -73.400687391999952, 5.409920935000059, 0.0 ], [ -73.400735947999976, 5.409944483000061, 0.0 ], [ -73.400875860999975, 5.410012336000023, 0.0 ], [ -73.401015774999962, 5.410080189000041, 0.0 ], [ -73.401192139999978, 5.41014328600005, 0.0 ], [ -73.401368505999983, 5.410206383000059, 0.0 ], [ -73.401581435999958, 5.410283822000054, 0.0 ], [ -73.401811571999986, 5.410365560000059, 0.0 ], [ -73.402035892999947, 5.410325903000057, 0.0 ], [ -73.402199329999974, 5.410348063000072, 0.0 ], [ -73.402357121999955, 5.410505274000059, 0.0 ], [ -73.40245394699997, 5.410598594000021, 0.0 ], [ -73.402627525999947, 5.410782373000075, 0.0 ], [ -73.402732963999938, 5.410894364000058, 0.0 ], [ -73.402880736999975, 5.41107456800006, 0.0 ], [ -73.402965380999945, 5.411174361000064, 0.0 ], [ -73.403115300999957, 5.411348818000022, 0.0 ], [ -73.403156189999947, 5.41139907400003, 0.0 ], [ -73.403261275999967, 5.411520403000054, 0.0 ], [ -73.403366362999975, 5.411641732000021, 0.0 ], [ -73.403440245999946, 5.411727165000059, 0.0 ], [ -73.403533527999969, 5.411881546000075, 0.0 ], [ -73.403643317999979, 5.412068959000067, 0.0 ], [ -73.403765994999958, 5.412235532000068, 0.0 ], [ -73.403891545999954, 5.412411441000074, 0.0 ], [ -73.403979101999937, 5.412577318000046, 0.0 ], [ -73.404074552999987, 5.412759712000025, 0.0 ], [ -73.40409680099998, 5.41280279800003, 0.0 ], [ -73.404228086999979, 5.412978703000022, 0.0 ], [ -73.404360803999964, 5.413151734000053, 0.0 ], [ -73.404451217999963, 5.413304679000021, 0.0 ], [ -73.404557079999961, 5.413477393000051, 0.0 ], [ -73.404658515999984, 5.413677502000041, 0.0 ], [ -73.404759952999939, 5.413877611000032, 0.0 ], [ -73.404851816999951, 5.414055697000038, 0.0 ], [ -73.404943681999953, 5.414233783000043, 0.0 ], [ -73.405030778999958, 5.414428155000053, 0.0 ], [ -73.405117876999952, 5.414622527000063, 0.0 ], [ -73.405217400999959, 5.414821680000045, 0.0 ], [ -73.405316925999955, 5.415020832000039, 0.0 ], [ -73.405404966999981, 5.415196047000052, 0.0 ], [ -73.405493007999951, 5.415371262000065, 0.0 ], [ -73.40557914599998, 5.415559888000075, 0.0 ], [ -73.405665283999951, 5.415748514000029, 0.0 ], [ -73.405733256999952, 5.415926616000036, 0.0 ], [ -73.405801229999952, 5.416104718000042, 0.0 ], [ -73.405806258999974, 5.416118547000053, 0.0 ], [ -73.40589762899998, 5.416369842000051, 0.0 ], [ -73.405935629999988, 5.416438680000056, 0.0 ], [ -73.405979609999974, 5.416515580000066, 0.0 ], [ -73.406017384999984, 5.416583857000035, 0.0 ], [ -73.40602765999995, 5.416602430000069, 0.0 ], [ -73.406075189999967, 5.41668726000006, 0.0 ], [ -73.406124169999941, 5.416773740000053, 0.0 ], [ -73.406172579999975, 5.41686038000006, 0.0 ], [ -73.40622161999994, 5.41694848000003, 0.0 ], [ -73.406269479999935, 5.417042560000027, 0.0 ], [ -73.406314839999936, 5.417143080000073, 0.0 ], [ -73.40636539999997, 5.417240720000052, 0.0 ], [ -73.40638617999997, 5.417275480000058, 0.0 ], [ -73.406442489999961, 5.417363830000056, 0.0 ], [ -73.406465449999985, 5.417404240000053, 0.0 ], [ -73.406509263999965, 5.417484287000036, 0.0 ], [ -73.40651207999997, 5.417489430000046, 0.0 ], [ -73.406556569999964, 5.417563550000068, 0.0 ], [ -73.406614689999969, 5.417656800000032, 0.0 ], [ -73.406669459999989, 5.417752620000044, 0.0 ], [ -73.406704919999981, 5.417819030000032, 0.0 ], [ -73.406730579999987, 5.41786680000007, 0.0 ], [ -73.40678287999998, 5.417962880000061, 0.0 ], [ -73.40683600999995, 5.418058220000034, 0.0 ], [ -73.406877754999982, 5.418130689000066, 0.0 ], [ -73.406887519999941, 5.418147640000029, 0.0 ], [ -73.406938349999962, 5.418236860000036, 0.0 ], [ -73.406984189999946, 5.418317340000044, 0.0 ], [ -73.407035239999971, 5.418406320000031, 0.0 ], [ -73.407061599999963, 5.418452570000056, 0.0 ], [ -73.40706739899997, 5.41846257800006, 0.0 ], [ -73.407113309999943, 5.418541800000071, 0.0 ], [ -73.407160229999988, 5.418626320000044, 0.0 ], [ -73.407206349999967, 5.418713800000035, 0.0 ], [ -73.407253879999985, 5.418803810000043, 0.0 ], [ -73.40730216999998, 5.418894370000032, 0.0 ], [ -73.407350379999968, 5.418986150000023, 0.0 ], [ -73.407399879999957, 5.419077680000044, 0.0 ], [ -73.407446989999983, 5.419163490000074, 0.0 ], [ -73.407491759999971, 5.419260920000056, 0.0 ], [ -73.407537799999943, 5.419359690000022, 0.0 ], [ -73.407582549999972, 5.419453510000039, 0.0 ], [ -73.407620059999942, 5.419532330000038, 0.0 ], [ -73.407666259999985, 5.419631920000029, 0.0 ], [ -73.407711599999971, 5.419730030000039, 0.0 ], [ -73.407758369999954, 5.419829870000058, 0.0 ], [ -73.407805159999953, 5.419929410000066, 0.0 ], [ -73.407851819999962, 5.420028440000067, 0.0 ], [ -73.407898139999986, 5.420128440000042, 0.0 ], [ -73.407944589999943, 5.420227790000069, 0.0 ], [ -73.407991799999934, 5.420327390000068, 0.0 ], [ -73.408038879999935, 5.420427, 0.0 ], [ -73.408085509999978, 5.420526540000026, 0.0 ], [ -73.408131709999964, 5.420626420000076, 0.0 ], [ -73.408177879999982, 5.420726300000069, 0.0 ], [ -73.408224439999969, 5.42082602000005, 0.0 ], [ -73.408271249999984, 5.420925920000059, 0.0 ], [ -73.40831843999996, 5.421025490000034, 0.0 ], [ -73.40836545999997, 5.42112437000003, 0.0 ], [ -73.408412279999936, 5.421223680000026, 0.0 ], [ -73.408457229999954, 5.421317960000067, 0.0 ], [ -73.408504659999949, 5.421417210000072, 0.0 ], [ -73.408551139999986, 5.421516970000027, 0.0 ], [ -73.408597219999933, 5.421616940000035, 0.0 ], [ -73.408635259999983, 5.42169922000005, 0.0 ], [ -73.408681739999963, 5.421797580000032, 0.0 ], [ -73.408728959999962, 5.421897100000024, 0.0 ], [ -73.408775759999969, 5.421996550000074, 0.0 ], [ -73.408816829999978, 5.422076970000035, 0.0 ], [ -73.408866929999988, 5.422165820000032, 0.0 ], [ -73.408918209999968, 5.422257420000051, 0.0 ], [ -73.408972939999956, 5.422352710000041, 0.0 ], [ -73.409027429999981, 5.422444650000045, 0.0 ], [ -73.40908195999998, 5.422539280000024, 0.0 ], [ -73.409136879999949, 5.422634100000039, 0.0 ], [ -73.409152099999972, 5.422659920000058, 0.0 ], [ -73.409192799999971, 5.422728360000065, 0.0 ], [ -73.409247909999976, 5.422822240000073, 0.0 ], [ -73.40930168999995, 5.422915430000046, 0.0 ], [ -73.409355729999959, 5.423009810000053, 0.0 ], [ -73.409409209999978, 5.423105250000049, 0.0 ], [ -73.40945985999997, 5.423201290000065, 0.0 ], [ -73.409512079999956, 5.423297860000048, 0.0 ], [ -73.409564809999949, 5.423394190000067, 0.0 ], [ -73.409617739999987, 5.423490060000063, 0.0 ], [ -73.409670529999971, 5.423585680000031, 0.0 ], [ -73.409723299999939, 5.423681460000068, 0.0 ], [ -73.409776, 5.423777630000075, 0.0 ], [ -73.409828519999962, 5.423873890000039, 0.0 ], [ -73.409880759999965, 5.423969610000029, 0.0 ], [ -73.409933369999976, 5.424065250000069, 0.0 ], [ -73.409986089999961, 5.424161420000075, 0.0 ], [ -73.410037039999963, 5.424254860000076, 0.0 ], [ -73.410089629999959, 5.424350970000035, 0.0 ], [ -73.41013425999995, 5.42443301000003, 0.0 ], [ -73.410186799999963, 5.424529230000076, 0.0 ], [ -73.410239329999968, 5.424625530000071, 0.0 ], [ -73.410291239999935, 5.424722060000022, 0.0 ], [ -73.410334759999955, 5.424802790000058, 0.0 ], [ -73.410378779999974, 5.42488510000004, 0.0 ], [ -73.410429109999939, 5.424982280000052, 0.0 ], [ -73.410488129999976, 5.425074780000045, 0.0 ], [ -73.410563209999964, 5.425154520000035, 0.0 ], [ -73.410643329999971, 5.42523022000006, 0.0 ], [ -73.410676319999936, 5.425257110000075, 0.0 ], [ -73.410760509999989, 5.425321500000052, 0.0 ], [ -73.410771963999935, 5.425329652000073, 0.0 ], [ -73.410850179999954, 5.425385320000032, 0.0 ], [ -73.410939329999962, 5.425450340000054, 0.0 ], [ -73.411026509999942, 5.425515760000053, 0.0 ], [ -73.411114279999936, 5.425582650000024, 0.0 ], [ -73.411201139999946, 5.425649360000023, 0.0 ], [ -73.41128815999997, 5.425716740000041, 0.0 ], [ -73.411373329999947, 5.425775250000072, 0.0 ], [ -73.411471529999972, 5.425825520000046, 0.0 ], [ -73.411570009999934, 5.425873890000048, 0.0 ], [ -73.411669399999937, 5.425920960000042, 0.0 ], [ -73.411748909999972, 5.425958030000061, 0.0 ], [ -73.411848379999981, 5.426004200000023, 0.0 ], [ -73.411890939999978, 5.42602418000007, 0.0 ], [ -73.411989259999984, 5.426071620000073, 0.0 ], [ -73.412072679999937, 5.426117390000059, 0.0 ], [ -73.412159819999943, 5.426183770000023, 0.0 ], [ -73.412245579999933, 5.426250500000037, 0.0 ], [ -73.412330549999979, 5.426317370000049, 0.0 ], [ -73.412416489999941, 5.426381310000068, 0.0 ], [ -73.412503259999937, 5.426441500000067, 0.0 ], [ -73.412589279999963, 5.426502070000026, 0.0 ], [ -73.412638289999961, 5.426537840000037, 0.0 ], [ -73.412725159999979, 5.426600850000057, 0.0 ], [ -73.412812319999944, 5.426663740000038, 0.0 ], [ -73.412898829999961, 5.426726310000049, 0.0 ], [ -73.412985919999983, 5.426789290000045, 0.0 ], [ -73.413073229999952, 5.426852660000065, 0.0 ], [ -73.413161599999967, 5.426916540000036, 0.0 ], [ -73.413250519999963, 5.426979930000073, 0.0 ], [ -73.413338979999935, 5.427044200000068, 0.0 ], [ -73.413427299999967, 5.427109720000033, 0.0 ], [ -73.413515659999973, 5.427174790000038, 0.0 ], [ -73.413604979999945, 5.427237620000028, 0.0 ], [ -73.413685839999971, 5.427291510000032, 0.0 ], [ -73.413774709999984, 5.427354580000042, 0.0 ], [ -73.413860269999986, 5.427421410000022, 0.0 ], [ -73.413949489999936, 5.427483510000059, 0.0 ], [ -73.414027379999936, 5.42753620000002, 0.0 ], [ -73.414118719999976, 5.427597440000056, 0.0 ], [ -73.414210659999981, 5.427658270000052, 0.0 ], [ -73.414297209999972, 5.427715380000052, 0.0 ], [ -73.414387889999944, 5.427773850000051, 0.0 ], [ -73.414478129999964, 5.427832, 0.0 ], [ -73.414568329999952, 5.427890280000042, 0.0 ], [ -73.41459950999996, 5.42791045000007, 0.0 ], [ -73.414690679999978, 5.427969260000054, 0.0 ], [ -73.414777389999983, 5.428025340000033, 0.0 ], [ -73.414869329999988, 5.428085680000038, 0.0 ], [ -73.414960659999963, 5.428145250000057, 0.0 ], [ -73.415018879999934, 5.428184180000073, 0.0 ], [ -73.415110389999938, 5.428244340000049, 0.0 ], [ -73.415202069999964, 5.428304790000027, 0.0 ], [ -73.415293859999963, 5.428365030000066, 0.0 ], [ -73.415385799999967, 5.428425130000051, 0.0 ], [ -73.415476869999964, 5.428484420000075, 0.0 ], [ -73.415567189999933, 5.428542260000029, 0.0 ], [ -73.41561631999997, 5.42857384000007, 0.0 ], [ -73.415657329999988, 5.428600320000044, 0.0 ], [ -73.415747199999942, 5.42865912000002, 0.0 ], [ -73.415837349999947, 5.428718020000076, 0.0 ], [ -73.415927929999953, 5.42877586000003, 0.0 ], [ -73.416019209999945, 5.428834140000049, 0.0 ], [ -73.41611021999995, 5.428893080000023, 0.0 ], [ -73.41619996999998, 5.428952130000027, 0.0 ], [ -73.416289669999969, 5.429011220000064, 0.0 ], [ -73.416380869999955, 5.429070780000075, 0.0 ], [ -73.416474249999965, 5.429127490000042, 0.0 ], [ -73.416570269999966, 5.429178880000052, 0.0 ], [ -73.416666539999937, 5.429230180000047, 0.0 ], [ -73.41676149999995, 5.429280480000045, 0.0 ], [ -73.416858629999979, 5.429330350000043, 0.0 ], [ -73.416944839999985, 5.429374680000024, 0.0 ], [ -73.417041819999952, 5.429424960000063, 0.0 ], [ -73.417091664999987, 5.429451329000074, 0.0 ], [ -73.417138529999988, 5.429476120000061, 0.0 ], [ -73.417235219999952, 5.429527920000055, 0.0 ], [ -73.417331249999961, 5.429579290000049, 0.0 ], [ -73.417427559999965, 5.429630400000065, 0.0 ], [ -73.417518319999942, 5.429678400000057, 0.0 ], [ -73.417616229999965, 5.429727180000043, 0.0 ], [ -73.41769544999994, 5.429764410000075, 0.0 ], [ -73.417794109999988, 5.429810780000025, 0.0 ], [ -73.41788865999996, 5.429854970000065, 0.0 ], [ -73.41798880999994, 5.429900910000072, 0.0 ], [ -73.418087439999965, 5.429946520000044, 0.0 ], [ -73.418186109999965, 5.429992560000073, 0.0 ], [ -73.418284739999933, 5.430038750000051, 0.0 ], [ -73.418382759999986, 5.430085160000033, 0.0 ], [ -73.41848127999998, 5.430131550000056, 0.0 ], [ -73.418580149999968, 5.430177990000061, 0.0 ], [ -73.418676719999951, 5.43022263000006, 0.0 ], [ -73.418776289999983, 5.430268070000068, 0.0 ], [ -73.418875169999978, 5.430314180000039, 0.0 ], [ -73.418963829999939, 5.430355490000068, 0.0 ], [ -73.419005789999972, 5.430375020000042, 0.0 ], [ -73.419106859999943, 5.430421950000039, 0.0 ], [ -73.419199679999963, 5.43046460000005, 0.0 ], [ -73.419298349999963, 5.430510110000057, 0.0 ], [ -73.419353059999935, 5.430535280000072, 0.0 ], [ -73.419450989999973, 5.430579370000032, 0.0 ], [ -73.419547079999973, 5.430628280000064, 0.0 ], [ -73.419637879999982, 5.430688970000062, 0.0 ], [ -73.41971977999998, 5.430744410000045, 0.0 ], [ -73.419802819999973, 5.430800490000024, 0.0 ], [ -73.419893229999957, 5.430860450000068, 0.0 ], [ -73.419984639999939, 5.430921420000061, 0.0 ], [ -73.420075839999981, 5.43098236000003, 0.0 ], [ -73.420165939999947, 5.431042980000029, 0.0 ], [ -73.42025676999998, 5.43110450000006, 0.0 ], [ -73.420347989999982, 5.431165820000047, 0.0 ], [ -73.420439819999956, 5.431226580000043, 0.0 ], [ -73.420512249999945, 5.431274520000045, 0.0 ], [ -73.420602849999966, 5.431335010000055, 0.0 ], [ -73.420691039999951, 5.431395060000057, 0.0 ], [ -73.420779919999973, 5.431453200000021, 0.0 ], [ -73.420867929999986, 5.431509690000041, 0.0 ], [ -73.420953269999984, 5.431563900000071, 0.0 ], [ -73.42104132999998, 5.431618600000036, 0.0 ], [ -73.421129699999938, 5.431673680000074, 0.0 ], [ -73.421217659999968, 5.43172960000004, 0.0 ], [ -73.421307369999965, 5.431788220000044, 0.0 ], [ -73.421397609999985, 5.431849680000028, 0.0 ], [ -73.421486969999989, 5.43191218000004, 0.0 ], [ -73.421576929999958, 5.431975240000043, 0.0 ], [ -73.421666809999977, 5.432037240000056, 0.0 ], [ -73.421756709999954, 5.432099270000037, 0.0 ], [ -73.421847169999978, 5.432161940000071, 0.0 ], [ -73.421937199999945, 5.432225380000034, 0.0 ], [ -73.422025119999944, 5.432289020000042, 0.0 ], [ -73.422109159999934, 5.432359100000042, 0.0 ], [ -73.422168719999945, 5.432427410000059, 0.0 ], [ -73.422237749999965, 5.432505950000063, 0.0 ], [ -73.42230619999998, 5.432585230000029, 0.0 ], [ -73.422374469999966, 5.432664490000036, 0.0 ], [ -73.422432639999954, 5.432732060000035, 0.0 ], [ -73.42246173999996, 5.432765760000052, 0.0 ], [ -73.422529639999937, 5.432843560000038, 0.0 ], [ -73.422597139999937, 5.432920830000057, 0.0 ], [ -73.42266361999998, 5.432998590000068, 0.0 ], [ -73.422735199999977, 5.433081060000063, 0.0 ], [ -73.422775709999939, 5.433128030000034, 0.0 ], [ -73.422846789999937, 5.433210840000072, 0.0 ], [ -73.422918089999939, 5.433294190000026, 0.0 ], [ -73.422989339999958, 5.43337740000004, 0.0 ], [ -73.423060129999953, 5.433460690000061, 0.0 ], [ -73.423132509999959, 5.433542050000028, 0.0 ], [ -73.423201329999983, 5.433609390000072, 0.0 ], [ -73.423268299999961, 5.433675220000055, 0.0 ], [ -73.423345059999974, 5.43375055000007, 0.0 ], [ -73.423377199999948, 5.433781930000066, 0.0 ], [ -73.423454599999957, 5.433857010000054, 0.0 ], [ -73.423532679999937, 5.433932260000063, 0.0 ], [ -73.423613149999937, 5.434004750000042, 0.0 ], [ -73.42361748899998, 5.434008317000064, 0.0 ], [ -73.423696519999964, 5.434073270000056, 0.0 ], [ -73.423780209999961, 5.434142700000052, 0.0 ], [ -73.42385620999994, 5.434208400000045, 0.0 ], [ -73.423903829999972, 5.434249820000048, 0.0 ], [ -73.423987039999986, 5.434322070000064, 0.0 ], [ -73.424069019999934, 5.434394440000062, 0.0 ], [ -73.424150939999947, 5.434467690000076, 0.0 ], [ -73.424226309999938, 5.434534930000041, 0.0 ], [ -73.424308009999947, 5.434608550000064, 0.0 ], [ -73.424359209999977, 5.43465438000004, 0.0 ], [ -73.424389889999986, 5.434681730000023, 0.0 ], [ -73.424471869999934, 5.434754810000072, 0.0 ], [ -73.42455388999997, 5.434827980000023, 0.0 ], [ -73.424636199999952, 5.434900880000043, 0.0 ], [ -73.424714839999979, 5.434970200000066, 0.0 ], [ -73.424797349999949, 5.435042930000066, 0.0 ], [ -73.424880249999944, 5.435115610000025, 0.0 ], [ -73.424960019999958, 5.435190800000044, 0.0 ], [ -73.425035669999943, 5.435270970000033, 0.0 ], [ -73.425110249999989, 5.435351390000051, 0.0 ], [ -73.425184109999975, 5.435431620000031, 0.0 ], [ -73.425253749999968, 5.435506580000038, 0.0 ], [ -73.425327059999972, 5.435585720000063, 0.0 ], [ -73.425398929999972, 5.435664090000046, 0.0 ], [ -73.425469279999959, 5.435743, 0.0 ], [ -73.42554094999997, 5.435824980000064, 0.0 ], [ -73.425613199999987, 5.435906810000063, 0.0 ], [ -73.425687069999981, 5.435988050000049, 0.0 ], [ -73.425763329999938, 5.436066590000053, 0.0 ], [ -73.425782535999986, 5.436085439000067, 0.0 ], [ -73.425840799999946, 5.436142620000055, 0.0 ], [ -73.425908729999946, 5.436209850000068, 0.0 ], [ -73.42598578999997, 5.436286860000052, 0.0 ], [ -73.426063299999953, 5.436364190000063, 0.0 ], [ -73.426082579999957, 5.436383200000023, 0.0 ], [ -73.426141849999965, 5.436440730000072, 0.0 ], [ -73.426221899999973, 5.436516120000022, 0.0 ], [ -73.426302439999972, 5.436591280000073, 0.0 ], [ -73.426381709999987, 5.436667180000029, 0.0 ], [ -73.426460049999946, 5.436744070000032, 0.0 ], [ -73.426538349999987, 5.436820750000038, 0.0 ], [ -73.426617979999946, 5.436896580000052, 0.0 ], [ -73.42669694999995, 5.436973040000055, 0.0 ], [ -73.426775319999933, 5.437050140000053, 0.0 ], [ -73.426853619999974, 5.437126750000061, 0.0 ], [ -73.426931869999976, 5.437203620000048, 0.0 ], [ -73.427001969999935, 5.437286370000038, 0.0 ], [ -73.427061439999989, 5.437378040000056, 0.0 ], [ -73.427121219999947, 5.437469290000024, 0.0 ], [ -73.427180829999941, 5.437560280000071, 0.0 ], [ -73.427187419999939, 5.437570490000041, 0.0 ], [ -73.427246189999948, 5.437662720000048, 0.0 ], [ -73.427305419999982, 5.437755350000032, 0.0 ], [ -73.427363919999948, 5.437846710000031, 0.0 ], [ -73.427422509999985, 5.437937620000071, 0.0 ], [ -73.427481909999983, 5.438028210000027, 0.0 ], [ -73.427541189999943, 5.438117910000074, 0.0 ], [ -73.427598219999936, 5.438205480000022, 0.0 ], [ -73.427655749999985, 5.438294360000043, 0.0 ], [ -73.42771216999995, 5.438382360000048, 0.0 ], [ -73.427766649999967, 5.438469880000071, 0.0 ], [ -73.427827469999954, 5.438555110000038, 0.0 ], [ -73.427902389999986, 5.438632520000056, 0.0 ], [ -73.427967609999939, 5.438702660000047, 0.0 ], [ -73.428036709999958, 5.438774910000063, 0.0 ], [ -73.428109709999944, 5.438849330000039, 0.0 ], [ -73.428184129999977, 5.438923260000024, 0.0 ], [ -73.42825296999996, 5.439007500000059, 0.0 ], [ -73.428298649999988, 5.439095540000039, 0.0 ], [ -73.428338489999987, 5.439190110000027, 0.0 ], [ -73.428371089999985, 5.439284540000074, 0.0 ], [ -73.428405659999953, 5.439377120000074, 0.0 ], [ -73.428438239999934, 5.439469290000034, 0.0 ], [ -73.428469699999937, 5.439562460000047, 0.0 ], [ -73.428500239999948, 5.43965460000004, 0.0 ], [ -73.428531869999972, 5.439746600000035, 0.0 ], [ -73.428574389999937, 5.439839600000028, 0.0 ], [ -73.428631439999947, 5.439916570000037, 0.0 ], [ -73.428690969999934, 5.439997720000065, 0.0 ], [ -73.428744379999955, 5.440070490000039, 0.0 ], [ -73.428805069999953, 5.440153700000053, 0.0 ], [ -73.428862269999968, 5.440232280000032, 0.0 ], [ -73.428916059999949, 5.440306830000054, 0.0 ], [ -73.428966409999987, 5.440380290000064, 0.0 ], [ -73.42902270999997, 5.440461270000071, 0.0 ], [ -73.429082059999985, 5.440545420000035, 0.0 ], [ -73.429140289999964, 5.440628230000073, 0.0 ], [ -73.429200269999967, 5.440716290000069, 0.0 ], [ -73.429260539999973, 5.440806590000022, 0.0 ], [ -73.429322569999954, 5.440896750000036, 0.0 ], [ -73.429384389999939, 5.440987, 0.0 ], [ -73.429445989999977, 5.441078270000048, 0.0 ], [ -73.429507179999973, 5.441169740000021, 0.0 ], [ -73.429560769999966, 5.441250300000036, 0.0 ], [ -73.429621529999963, 5.441341410000064, 0.0 ], [ -73.429683459999978, 5.441432610000049, 0.0 ], [ -73.429737049999972, 5.441510430000051, 0.0 ], [ -73.429790269999955, 5.441587820000052, 0.0 ], [ -73.429861149999965, 5.441669350000041, 0.0 ], [ -73.429948, 5.44173126000004, 0.0 ], [ -73.430033369999933, 5.441793460000042, 0.0 ], [ -73.430119929999989, 5.441858470000057, 0.0 ], [ -73.430207319999965, 5.441924290000031, 0.0 ], [ -73.430295299999955, 5.441990110000063, 0.0 ], [ -73.430354083999987, 5.442033527000035, 0.0 ], [ -73.430383629999938, 5.442055350000032, 0.0 ], [ -73.430472759999986, 5.442120190000026, 0.0 ], [ -73.430561849999947, 5.442185540000025, 0.0 ], [ -73.430650579999963, 5.442251530000021, 0.0 ], [ -73.430740029999981, 5.442316050000045, 0.0 ], [ -73.430829459999984, 5.442379290000076, 0.0 ], [ -73.430918519999977, 5.442441740000049, 0.0 ], [ -73.43100789999994, 5.442504160000055, 0.0 ], [ -73.431097669999986, 5.442566830000032, 0.0 ], [ -73.431187579999971, 5.442630180000037, 0.0 ], [ -73.431277659999978, 5.442693690000056, 0.0 ], [ -73.431367509999973, 5.442756220000035, 0.0 ], [ -73.431456609999941, 5.442817840000032, 0.0 ], [ -73.431545249999942, 5.442880990000049, 0.0 ], [ -73.431633479999959, 5.442943380000031, 0.0 ], [ -73.431718539999963, 5.443002940000042, 0.0 ], [ -73.431807029999959, 5.443065870000055, 0.0 ], [ -73.431884519999983, 5.443121250000047, 0.0 ], [ -73.431973039999946, 5.44318534000007, 0.0 ], [ -73.432046769999943, 5.443237090000025, 0.0 ], [ -73.432136929999956, 5.443299070000023, 0.0 ], [ -73.432227159999968, 5.443361660000051, 0.0 ], [ -73.432316549999939, 5.443425790000049, 0.0 ], [ -73.432406139999955, 5.443489840000041, 0.0 ], [ -73.432496329999935, 5.443553160000022, 0.0 ], [ -73.432580059999964, 5.443611880000049, 0.0 ], [ -73.432670129999963, 5.443675180000071, 0.0 ], [ -73.432760479999956, 5.44373808000006, 0.0 ], [ -73.432850039999948, 5.443801890000032, 0.0 ], [ -73.432934819999957, 5.443862940000031, 0.0 ], [ -73.432959316999984, 5.443879989000038, 0.0 ], [ -73.432961777999935, 5.443886175000046, 0.0 ], [ -73.432977267999945, 5.443895287000032, 0.0 ], [ -73.433, 5.443908775000068, 0.0 ], [ -73.433021799999949, 5.443921690000025, 0.0 ], [ -73.433047400999953, 5.443937044000052, 0.0 ], [ -73.433070204999979, 5.443950604000065, 0.0 ], [ -73.433094227999959, 5.443965025000068, 0.0 ], [ -73.433114377999971, 5.443976791000068, 0.0 ], [ -73.433140265999953, 5.443992432000073, 0.0 ], [ -73.433171603999938, 5.444011015000058, 0.0 ], [ -73.433187594999936, 5.444020557000044, 0.0 ], [ -73.43321125999995, 5.444034835000025, 0.0 ], [ -73.433233704999964, 5.444048036000027, 0.0 ], [ -73.433259090999968, 5.444063247000031, 0.0 ], [ -73.433289065999986, 5.444080968000037, 0.0 ], [ -73.433307710999941, 5.444092304000037, 0.0 ], [ -73.433328219999964, 5.444104357000072, 0.0 ], [ -73.433348728999988, 5.444116770000051, 0.0 ], [ -73.433370385999979, 5.44412961300003, 0.0 ], [ -73.433381001999976, 5.44413959000002, 0.0 ], [ -73.433395490999942, 5.444153012000072, 0.0 ], [ -73.433407038999974, 5.444163563000075, 0.0 ], [ -73.433424468999988, 5.444179570000074, 0.0 ], [ -73.433440391999966, 5.44419442800006, 0.0 ], [ -73.433455598999956, 5.444208568000022, 0.0 ], [ -73.433468867999977, 5.444220698000038, 0.0 ], [ -73.433487158999981, 5.444237494000049, 0.0 ], [ -73.433502579999981, 5.444251778000023, 0.0 ], [ -73.433519292999961, 5.444267066000066, 0.0 ], [ -73.433533565999937, 5.444280345000038, 0.0 ], [ -73.433545687999981, 5.444291543000077, 0.0 ], [ -73.433568927999943, 5.444312932000059, 0.0 ], [ -73.433584707999955, 5.444327359000056, 0.0 ], [ -73.433598981999978, 5.44434078200004, 0.0 ], [ -73.433613255999944, 5.444353917000058, 0.0 ], [ -73.433631187999936, 5.444370642000024, 0.0 ], [ -73.433650338999939, 5.44438815500007, 0.0 ], [ -73.433668126999976, 5.444404377000069, 0.0 ], [ -73.433675443999959, 5.444411196000033, 0.0 ], [ -73.433691653999972, 5.444426269000076, 0.0 ], [ -73.433708940999963, 5.444442275000029, 0.0 ], [ -73.433729307999954, 5.444456843000069, 0.0 ], [ -73.43375462399996, 5.444474927000044, 0.0 ], [ -73.433774847999985, 5.444489422000061, 0.0 ], [ -73.433793135999963, 5.444502339000053, 0.0 ], [ -73.433813646999965, 5.444517050000059, 0.0 ], [ -73.433833010999933, 5.44453104400003, 0.0 ], [ -73.433855601999937, 5.444547406000027, 0.0 ], [ -73.433880271999953, 5.444564628000023, 0.0 ], [ -73.433898272999954, 5.444577760000072, 0.0 ], [ -73.433914409999943, 5.444589242000063, 0.0 ], [ -73.43393757399997, 5.444605747000026, 0.0 ], [ -73.43395686599996, 5.444619382000042, 0.0 ], [ -73.433981607999954, 5.444637250000028, 0.0 ], [ -73.434000111999978, 5.444650526000032, 0.0 ], [ -73.434018327999979, 5.444663730000059, 0.0 ], [ -73.434040989999971, 5.444679805000021, 0.0 ], [ -73.434064226999965, 5.44469652500004, 0.0 ], [ -73.434081294999942, 5.444708725000055, 0.0 ], [ -73.434099799999956, 5.444724012000052, 0.0 ], [ -73.434121459999972, 5.444742098000063, 0.0 ], [ -73.434140824999986, 5.444758319000073, 0.0 ], [ -73.434167147999972, 5.444779993000054, 0.0 ], [ -73.434177260999945, 5.444788319000054, 0.0 ], [ -73.434195047999935, 5.444803535000062, 0.0 ], [ -73.434213910999972, 5.444819253000048, 0.0 ], [ -73.434230191999973, 5.444832314000053, 0.0 ], [ -73.434247333999963, 5.444846956000049, 0.0 ], [ -73.434267846999944, 5.444863894000036, 0.0 ], [ -73.434287283999936, 5.444880258000069, 0.0 ], [ -73.434299691999968, 5.444890306000048, 0.0 ], [ -73.434322065999936, 5.444903435000072, 0.0 ], [ -73.434338773999968, 5.444913049000036, 0.0 ], [ -73.434362438999983, 5.444927039000049, 0.0 ], [ -73.43438208699996, 5.444938734000061, 0.0 ], [ -73.43440187899995, 5.444950285000061, 0.0 ], [ -73.43441500199998, 5.444958105000069, 0.0 ], [ -73.434433861999935, 5.444969082000057, 0.0 ], [ -73.434463478999987, 5.444986301000029, 0.0 ], [ -73.434487070999978, 5.445000291000042, 0.0 ], [ -73.434511739999948, 5.445014640000068, 0.0 ], [ -73.434539849999965, 5.44503121300005, 0.0 ], [ -73.434561076999955, 5.445043769000051, 0.0 ], [ -73.434588469999937, 5.445059984000068, 0.0 ], [ -73.434611847999975, 5.445073328000035, 0.0 ], [ -73.434635224999965, 5.445087318000049, 0.0 ], [ -73.434653008999987, 5.445097506000025, 0.0 ], [ -73.434669717999952, 5.445107479000058, 0.0 ], [ -73.434689294999941, 5.445118886000046, 0.0 ], [ -73.434711239999956, 5.44513388300004, 0.0 ], [ -73.43473318499997, 5.445148953000057, 0.0 ], [ -73.434753695999973, 5.445163017000027, 0.0 ], [ -73.434769831999972, 5.445174068000028, 0.0 ], [ -73.434789767999973, 5.445187486000066, 0.0 ], [ -73.434811928999977, 5.445202914000049, 0.0 ], [ -73.434836813999937, 5.445219634000068, 0.0 ], [ -73.434855889999938, 5.445232765000071, 0.0 ], [ -73.434882567999978, 5.445250776000023, 0.0 ], [ -73.43490307899998, 5.445264913000074, 0.0 ], [ -73.434921437999947, 5.445277470000065, 0.0 ], [ -73.434936426999968, 5.445287660000076, 0.0 ], [ -73.434955860999935, 5.445300935000034, 0.0 ], [ -73.43497221299998, 5.445312057000024, 0.0 ], [ -73.434983686999942, 5.445319951000045, 0.0 ], [ -73.434992385999976, 5.445325750000052, 0.0 ], [ -73.434992509999972, 5.445325799000045, 0.0 ], [ -73.434993488999964, 5.44532596800002, 0.0 ], [ -73.434993600999974, 5.445326012000066, 0.0 ], [ -73.434996569999953, 5.445328270000061, 0.0 ], [ -73.435078339999961, 5.44538921000003, 0.0 ], [ -73.435165189999964, 5.445452910000029, 0.0 ], [ -73.435237099999938, 5.445508990000064, 0.0 ], [ -73.435239249999938, 5.445510560000059, 0.0 ], [ -73.435327, 5.44557173000004, 0.0 ], [ -73.435418219999974, 5.445633290000046, 0.0 ], [ -73.435422499999959, 5.445636160000049, 0.0 ], [ -73.435423112999956, 5.445636578000062, 0.0 ], [ -73.435508769999956, 5.445695040000032, 0.0 ], [ -73.435597069999972, 5.445757480000054, 0.0 ], [ -73.435688039999945, 5.445818790000033, 0.0 ], [ -73.435776089999933, 5.44588224000006, 0.0 ], [ -73.435822239999936, 5.445922340000038, 0.0 ], [ -73.435858589999953, 5.445954010000037, 0.0 ], [ -73.435940829999936, 5.446026650000022, 0.0 ], [ -73.436017159999949, 5.446094330000051, 0.0 ], [ -73.436091029999943, 5.446169540000028, 0.0 ], [ -73.436103229999958, 5.446185660000026, 0.0 ], [ -73.436113993999982, 5.446199722000074, 0.0 ], [ -73.436118132999979, 5.446232391000024, 0.0 ], [ -73.436177323999971, 5.446308492000071, 0.0 ], [ -73.436247992999938, 5.446397873000024, 0.0 ], [ -73.436306466999952, 5.446472897000035, 0.0 ], [ -73.43638144199997, 5.446569099000044, 0.0 ], [ -73.43641839199995, 5.446616482000024, 0.0 ], [ -73.436461814999973, 5.44669403100005, 0.0 ], [ -73.436504158999981, 5.446767270000066, 0.0 ], [ -73.436549375999959, 5.446848050000028, 0.0 ], [ -73.43658454399997, 5.446909801000061, 0.0 ], [ -73.436616516999948, 5.44701429600002, 0.0 ], [ -73.436622994999937, 5.447051644000055, 0.0 ], [ -73.436620532999939, 5.447116296000047, 0.0 ], [ -73.436584830999948, 5.447197458000062, 0.0 ], [ -73.436575805999951, 5.447217973000022, 0.0 ], [ -73.436531077999973, 5.447317854000062, 0.0 ], [ -73.436505702999966, 5.447417002000066, 0.0 ], [ -73.436482830999978, 5.447507529000063, 0.0 ], [ -73.436456379999981, 5.447605960000033, 0.0 ], [ -73.436452092999957, 5.447624999000027, 0.0 ], [ -73.436456128999964, 5.44775465500004, 0.0 ], [ -73.436460141999987, 5.447852705000059, 0.0 ], [ -73.436465231999989, 5.447994632000075, 0.0 ], [ -73.436470727999961, 5.448160443000063, 0.0 ], [ -73.436476808999942, 5.448309493000068, 0.0 ], [ -73.436481085999958, 5.448442382000053, 0.0 ], [ -73.43648529099994, 5.448475302000077, 0.0 ], [ -73.436501505999956, 5.448595013000045, 0.0 ], [ -73.436520125999948, 5.448736870000062, 0.0 ], [ -73.436530334999986, 5.448812288000056, 0.0 ], [ -73.436578226999984, 5.44895711700002, 0.0 ], [ -73.436618338999949, 5.449082198000042, 0.0 ], [ -73.436658446999957, 5.44920189100003, 0.0 ], [ -73.436743977999981, 5.449356271000056, 0.0 ], [ -73.436821133999956, 5.44949329700006, 0.0 ], [ -73.43686718899994, 5.449575872000025, 0.0 ], [ -73.436885832999963, 5.449609519000035, 0.0 ], [ -73.436906619999945, 5.449639190000028, 0.0 ], [ -73.436969979999958, 5.449729270000034, 0.0 ], [ -73.437033699999972, 5.449819380000065, 0.0 ], [ -73.437097379999955, 5.449909250000076, 0.0 ], [ -73.437160959999972, 5.449999540000022, 0.0 ], [ -73.437223929999959, 5.450089580000054, 0.0 ], [ -73.437287149999975, 5.45017985000004, 0.0 ], [ -73.437351079999985, 5.450269690000027, 0.0 ], [ -73.437415659999942, 5.450359390000074, 0.0 ], [ -73.43747295999998, 5.450452600000062, 0.0 ], [ -73.437518119999936, 5.450553490000061, 0.0 ], [ -73.437559399999941, 5.450655630000028, 0.0 ], [ -73.437590929999942, 5.450757530000033, 0.0 ], [ -73.437608039999986, 5.450813310000058, 0.0 ], [ -73.437640549999969, 5.450919260000035, 0.0 ], [ -73.43767330999998, 5.451024290000021, 0.0 ], [ -73.437705779999987, 5.451129410000021, 0.0 ], [ -73.437738429999968, 5.451234770000042, 0.0 ], [ -73.437779679999949, 5.45133745000004, 0.0 ], [ -73.43784624999995, 5.451425620000066, 0.0 ], [ -73.437921779999954, 5.451505120000036, 0.0 ], [ -73.437996949999956, 5.451585200000068, 0.0 ], [ -73.438071849999972, 5.451665530000071, 0.0 ], [ -73.438146779999954, 5.451746250000042, 0.0 ], [ -73.438227, 5.451821290000055, 0.0 ], [ -73.438314769999977, 5.451887280000051, 0.0 ], [ -73.438402449999955, 5.451952820000031, 0.0 ], [ -73.438491719999945, 5.45201725000004, 0.0 ], [ -73.438581149999948, 5.452081140000075, 0.0 ], [ -73.438669969999978, 5.452146280000022, 0.0 ], [ -73.438757849999945, 5.452212200000076, 0.0 ], [ -73.43884670999995, 5.452277180000067, 0.0 ], [ -73.438910549999946, 5.452322500000037, 0.0 ], [ -73.438929139999971, 5.452336020000075, 0.0 ], [ -73.439017699999965, 5.452400410000052, 0.0 ], [ -73.439103029999956, 5.452467130000059, 0.0 ], [ -73.43917474999995, 5.452530780000075, 0.0 ], [ -73.439256719999946, 5.452603550000049, 0.0 ], [ -73.439338329999941, 5.452676910000037, 0.0 ], [ -73.439418989999979, 5.452750240000057, 0.0 ], [ -73.439491569999973, 5.45281704000007, 0.0 ], [ -73.439570439999954, 5.452890660000037, 0.0 ], [ -73.439649379999935, 5.452964050000048, 0.0 ], [ -73.439668275999963, 5.452980664000052, 0.0 ], [ -73.439731779999988, 5.453036500000053, 0.0 ], [ -73.439815899999985, 5.45310771000004, 0.0 ], [ -73.439900089999981, 5.453179280000029, 0.0 ], [ -73.439983899999959, 5.453250900000057, 0.0 ], [ -73.440066219999949, 5.453323010000076, 0.0 ], [ -73.440146239999933, 5.453398600000071, 0.0 ], [ -73.440226609999968, 5.453474210000024, 0.0 ], [ -73.440306549999946, 5.453549820000035, 0.0 ], [ -73.440386609999962, 5.453625180000074, 0.0 ], [ -73.440456859999983, 5.453691330000026, 0.0 ], [ -73.440536609999981, 5.453766920000021, 0.0 ], [ -73.440616589999934, 5.453842900000041, 0.0 ], [ -73.440696669999966, 5.453918440000052, 0.0 ], [ -73.440777129999958, 5.453993930000024, 0.0 ], [ -73.440857349999987, 5.454069640000057, 0.0 ], [ -73.440936919999956, 5.454145220000044, 0.0 ], [ -73.440975339999966, 5.454181466000023, 0.0 ], [ -73.441005669999981, 5.454210080000053, 0.0 ], [ -73.441078669999968, 5.454291410000053, 0.0 ], [ -73.441142819999982, 5.454380810000032, 0.0 ], [ -73.44119945999995, 5.454458980000027, 0.0 ], [ -73.441256289999956, 5.454537370000025, 0.0 ], [ -73.441293719999976, 5.454588970000032, 0.0 ], [ -73.441337759999954, 5.454649830000051, 0.0 ], [ -73.441380089999939, 5.454708910000022, 0.0 ], [ -73.441414949999967, 5.454757680000057, 0.0 ], [ -73.441450409999959, 5.45480703000004, 0.0 ], [ -73.441487799999948, 5.454858650000062, 0.0 ], [ -73.441526409999938, 5.454909660000055, 0.0 ], [ -73.441569769999944, 5.454958920000024, 0.0 ], [ -73.441631729999983, 5.455028610000056, 0.0 ], [ -73.441676959999938, 5.455079820000037, 0.0 ], [ -73.441749369999968, 5.455162720000033, 0.0 ], [ -73.441801559999988, 5.455222670000069, 0.0 ], [ -73.441848489999984, 5.455276010000034, 0.0 ], [ -73.441919939999934, 5.45535639000002, 0.0 ], [ -73.441982659999951, 5.45542671000004, 0.0 ], [ -73.442053169999951, 5.455508230000021, 0.0 ], [ -73.442124229999934, 5.455590960000052, 0.0 ], [ -73.44219505999996, 5.455673080000054, 0.0 ], [ -73.442265969999937, 5.455755030000034, 0.0 ], [ -73.44233700999996, 5.455836570000031, 0.0 ], [ -73.442407499999945, 5.455917080000063, 0.0 ], [ -73.442478419999986, 5.455998180000051, 0.0 ], [ -73.442549939999935, 5.456079760000023, 0.0 ], [ -73.442619269999966, 5.456161780000059, 0.0 ], [ -73.442686779999974, 5.456246700000065, 0.0 ], [ -73.442754519999937, 5.456331550000073, 0.0 ], [ -73.442822799999988, 5.456417350000038, 0.0 ], [ -73.442891119999956, 5.456503140000052, 0.0 ], [ -73.442959609999946, 5.456589190000045, 0.0 ], [ -73.44302904999995, 5.456674060000068, 0.0 ], [ -73.44309839999994, 5.456757900000071, 0.0 ], [ -73.443167439999968, 5.456842220000055, 0.0 ], [ -73.443235899999934, 5.456928420000054, 0.0 ], [ -73.443304989999945, 5.457014510000022, 0.0 ], [ -73.443373799999961, 5.457100220000029, 0.0 ], [ -73.443442349999941, 5.457185710000033, 0.0 ], [ -73.443509879999965, 5.457272290000049, 0.0 ], [ -73.443577699999935, 5.457358870000064, 0.0 ], [ -73.443622719999951, 5.457416070000022, 0.0 ], [ -73.443691229999956, 5.457501800000045, 0.0 ], [ -73.443759559999933, 5.457587270000033, 0.0 ], [ -73.443826919999935, 5.457672080000066, 0.0 ], [ -73.443895209999937, 5.457757720000075, 0.0 ], [ -73.443964729999948, 5.457843470000057, 0.0 ], [ -73.44403350999994, 5.457929170000057, 0.0 ], [ -73.444101139999987, 5.458014140000046, 0.0 ], [ -73.444169829999964, 5.458098710000058, 0.0 ], [ -73.444226609999987, 5.458168460000024, 0.0 ], [ -73.444295089999969, 5.458252710000068, 0.0 ], [ -73.444363359999954, 5.45833637000004, 0.0 ], [ -73.44440783999994, 5.458391340000048, 0.0 ], [ -73.444476159999965, 5.458476030000043, 0.0 ], [ -73.444545829999981, 5.458560490000025, 0.0 ], [ -73.444615919999933, 5.458644710000044, 0.0 ], [ -73.444686269999977, 5.458729650000066, 0.0 ], [ -73.444699249999985, 5.458745940000028, 0.0 ], [ -73.444754559999978, 5.458815230000027, 0.0 ], [ -73.444823209999981, 5.458899550000069, 0.0 ], [ -73.444892719999984, 5.458981200000039, 0.0 ], [ -73.444961759999956, 5.459061610000049, 0.0 ], [ -73.445030359999976, 5.459142880000059, 0.0 ], [ -73.445097629999964, 5.459224550000044, 0.0 ], [ -73.445164369999986, 5.459307800000033, 0.0 ], [ -73.445231429999978, 5.459392240000057, 0.0 ], [ -73.445297209999978, 5.459477790000051, 0.0 ], [ -73.445361009999942, 5.459564740000076, 0.0 ], [ -73.445423839999989, 5.459650510000074, 0.0 ], [ -73.445485299999973, 5.459737850000067, 0.0 ], [ -73.445545479999964, 5.459827050000058, 0.0 ], [ -73.445580563999954, 5.459879879000027, 0.0 ], [ -73.445580603999986, 5.459879973000056, 0.0 ], [ -73.445580615999972, 5.459880066000039, 0.0 ], [ -73.445580605999965, 5.45988019400005, 0.0 ], [ -73.445580287999974, 5.459881678000045, 0.0 ], [ -73.445580312999937, 5.459881845000041, 0.0 ], [ -73.445580335999978, 5.459881915000039, 0.0 ], [ -73.445595328999957, 5.459901389000038, 0.0 ], [ -73.445704925999962, 5.46004374100005, 0.0 ], [ -73.445844636999936, 5.460237637000034, 0.0 ], [ -73.445984348999957, 5.46043153200003, 0.0 ], [ -73.446080773999938, 5.460577761000025, 0.0 ], [ -73.446144221999987, 5.460725037000032, 0.0 ], [ -73.446212406999962, 5.460893695000038, 0.0 ], [ -73.446280592999983, 5.461062352000056, 0.0 ], [ -73.446314063999978, 5.461156024000047, 0.0 ], [ -73.446367818999988, 5.461306466000053, 0.0 ], [ -73.446421573999942, 5.461456908000059, 0.0 ], [ -73.446528350999984, 5.461694738000062, 0.0 ], [ -73.446725556999979, 5.461834925000062, 0.0 ], [ -73.446725598999933, 5.461834972000077, 0.0 ], [ -73.446725648999973, 5.461835117000021, 0.0 ], [ -73.44672604799996, 5.461836718000029, 0.0 ], [ -73.446726149999961, 5.461836830000038, 0.0 ], [ -73.44674367999994, 5.461846890000061, 0.0 ], [ -73.446838829999933, 5.461902560000055, 0.0 ], [ -73.446870929999989, 5.461921460000042, 0.0 ], [ -73.446964199999968, 5.461977040000022, 0.0 ], [ -73.447057409999957, 5.462032030000046, 0.0 ], [ -73.447146929999974, 5.462084080000068, 0.0 ], [ -73.447237169999937, 5.462136460000067, 0.0 ], [ -73.447328829999947, 5.462188860000026, 0.0 ], [ -73.447422199999949, 5.462244260000034, 0.0 ], [ -73.447478709999984, 5.46228689000003, 0.0 ], [ -73.447557349999954, 5.462356170000021, 0.0 ], [ -73.447632339999984, 5.462426850000043, 0.0 ], [ -73.447706349999976, 5.46249946000006, 0.0 ], [ -73.447777659999986, 5.462581420000049, 0.0 ], [ -73.44784113999998, 5.462670110000033, 0.0 ], [ -73.447903959999962, 5.462758550000046, 0.0 ], [ -73.447966249999979, 5.462846550000052, 0.0 ], [ -73.448028539999939, 5.462934430000075, 0.0 ], [ -73.448092039999949, 5.463023130000067, 0.0 ], [ -73.448148199999935, 5.463101080000058, 0.0 ], [ -73.448215169999969, 5.463189040000032, 0.0 ], [ -73.448284099999967, 5.463273940000022, 0.0 ], [ -73.448351769999988, 5.463358280000023, 0.0 ], [ -73.448419669999964, 5.463442820000068, 0.0 ], [ -73.44847982999994, 5.463517440000032, 0.0 ], [ -73.448547169999983, 5.463600720000045, 0.0 ], [ -73.44861611999994, 5.463685180000027, 0.0 ], [ -73.448684539999988, 5.463768940000023, 0.0 ], [ -73.448751219999963, 5.463851570000031, 0.0 ], [ -73.448818889999984, 5.46393611000002, 0.0 ], [ -73.448861809999983, 5.463988890000053, 0.0 ], [ -73.448930809999979, 5.464073170000063, 0.0 ], [ -73.448999759999936, 5.464157110000031, 0.0 ], [ -73.44906930999997, 5.464241680000043, 0.0 ], [ -73.449124449999942, 5.464309130000061, 0.0 ], [ -73.449145619999967, 5.464331032000075, 0.0 ], [ -73.449146574999986, 5.464331532000074, 0.0 ], [ -73.449148190999949, 5.464332026000022, 0.0 ], [ -73.44917285799994, 5.464331479000066, 0.0 ], [ -73.449176373999933, 5.464331936000065, 0.0 ], [ -73.449178579999966, 5.464333149000026, 0.0 ], [ -73.449339031999955, 5.46450382300003, 0.0 ], [ -73.449357425999949, 5.464523389000021, 0.0 ], [ -73.449516971999969, 5.46463578700002, 0.0 ], [ -73.449676518999979, 5.464748185000076, 0.0 ], [ -73.449887573999945, 5.464851630000055, 0.0 ], [ -73.450098628999967, 5.464955075000034, 0.0 ], [ -73.450259683999946, 5.465017325000076, 0.0 ], [ -73.45042073999997, 5.465079574000072, 0.0 ], [ -73.450607600999945, 5.465148473000056, 0.0 ], [ -73.450794462999966, 5.465217371000051, 0.0 ], [ -73.45094295399997, 5.465279806000069, 0.0 ], [ -73.451091444999975, 5.46534224100003, 0.0 ], [ -73.451186009999958, 5.465434950000031, 0.0 ], [ -73.451263060999963, 5.465555978000054, 0.0 ], [ -73.45132020899996, 5.465701499000033, 0.0 ], [ -73.451344832999951, 5.465806352000072, 0.0 ], [ -73.451347131999967, 5.465909421000049, 0.0 ], [ -73.451350898999976, 5.466078312000036, 0.0 ], [ -73.451354665999986, 5.466247203000023, 0.0 ], [ -73.451393898999982, 5.466469076000067, 0.0 ], [ -73.451452499999959, 5.466659296000046, 0.0 ], [ -73.451591267999959, 5.466852639000024, 0.0 ], [ -73.451730036999948, 5.467045981000069, 0.0 ], [ -73.451803817999973, 5.467164272000048, 0.0 ], [ -73.451813844999947, 5.467185078000057, 0.0 ], [ -73.451921536999976, 5.46740853700004, 0.0 ], [ -73.451985647999948, 5.467559287000029, 0.0 ], [ -73.452049759999966, 5.467710037000074, 0.0 ], [ -73.452134499999943, 5.467916482000021, 0.0 ], [ -73.452207686999941, 5.468167611000069, 0.0 ], [ -73.452241921999985, 5.468307366000033, 0.0 ], [ -73.452285237999945, 5.468404470000053, 0.0 ], [ -73.452320888999964, 5.468484389000025, 0.0 ], [ -73.452445258999944, 5.468695121000053, 0.0 ], [ -73.452569629999971, 5.468905852000034, 0.0 ], [ -73.452674110999965, 5.469050926000023, 0.0 ], [ -73.452778592999948, 5.469196, 0.0 ], [ -73.452930305999985, 5.469332047000023, 0.0 ], [ -73.453082018999964, 5.469468093000046, 0.0 ], [ -73.453225897999971, 5.469600760000048, 0.0 ], [ -73.453369776999978, 5.469733426000062, 0.0 ], [ -73.453555174999963, 5.469911056000058, 0.0 ], [ -73.453740573999937, 5.470088685000064, 0.0 ], [ -73.453913119999982, 5.470229880000034, 0.0 ], [ -73.454085666999958, 5.47037107400007, 0.0 ], [ -73.454188281999961, 5.470460914000057, 0.0 ], [ -73.454290897999954, 5.470550753000055, 0.0 ], [ -73.454346227999963, 5.47060822900005, 0.0 ], [ -73.454488462999961, 5.47070859300004, 0.0 ], [ -73.454506975999948, 5.470736541000065, 0.0 ], [ -73.45462945099996, 5.470921426000075, 0.0 ], [ -73.454629540999974, 5.47092150900005, 0.0 ], [ -73.454629662999935, 5.470921565000026, 0.0 ], [ -73.454638521999982, 5.470922186000053, 0.0 ], [ -73.454639020999934, 5.47092228300005, 0.0 ], [ -73.45463934199995, 5.470922442000074, 0.0 ], [ -73.454670539999938, 5.470959730000061, 0.0 ], [ -73.45471981999998, 5.471053760000075, 0.0 ], [ -73.454766599999971, 5.471145150000041, 0.0 ], [ -73.454795349999984, 5.471185720000051, 0.0 ], [ -73.454858609999974, 5.471274010000059, 0.0 ], [ -73.454922739999972, 5.471361970000032, 0.0 ], [ -73.454986189999943, 5.47144951000007, 0.0 ], [ -73.455048899999952, 5.471536920000062, 0.0 ], [ -73.455110579999939, 5.471621660000039, 0.0 ], [ -73.455174719999945, 5.471707570000035, 0.0 ], [ -73.455238779999945, 5.471793790000049, 0.0 ], [ -73.455301749999933, 5.471881250000024, 0.0 ], [ -73.455360979999966, 5.471968670000024, 0.0 ], [ -73.455416099999979, 5.472057230000075, 0.0 ], [ -73.45547234999998, 5.472147170000028, 0.0 ], [ -73.455529139999953, 5.472239470000034, 0.0 ], [ -73.455586399999959, 5.472331700000041, 0.0 ], [ -73.455642889999979, 5.472424300000057, 0.0 ], [ -73.455696969999963, 5.47251859000005, 0.0 ], [ -73.455750079999973, 5.472611960000052, 0.0 ], [ -73.455797762999964, 5.472695309000073, 0.0 ], [ -73.455797877999942, 5.472695573000067, 0.0 ], [ -73.455797874999973, 5.472695771000076, 0.0 ], [ -73.455797700999938, 5.47269644000005, 0.0 ], [ -73.455793324999945, 5.472705481000048, 0.0 ], [ -73.455793191999987, 5.472706118000076, 0.0 ], [ -73.455793208999978, 5.472707005000075, 0.0 ], [ -73.455793608999954, 5.472708090000026, 0.0 ], [ -73.455903711999952, 5.472895221000044, 0.0 ], [ -73.456013814999949, 5.473082352000063, 0.0 ], [ -73.456113092999942, 5.473254546000021, 0.0 ], [ -73.456212370999936, 5.473426740000036, 0.0 ], [ -73.456326286999968, 5.473610407000024, 0.0 ], [ -73.456440203999989, 5.473794074000068, 0.0 ], [ -73.456544221999934, 5.473974482000074, 0.0 ], [ -73.456648240999982, 5.474154889000033, 0.0 ], [ -73.456743503999974, 5.474317278000058, 0.0 ], [ -73.456838767999955, 5.474479667000026, 0.0 ], [ -73.45686905599996, 5.474531297000055, 0.0 ], [ -73.45699267599997, 5.474729491000062, 0.0 ], [ -73.457116295999981, 5.474927685000068, 0.0 ], [ -73.457233962999965, 5.475118824000049, 0.0 ], [ -73.457351629999948, 5.475309963000029, 0.0 ], [ -73.457462397999961, 5.475495357000057, 0.0 ], [ -73.457573166999964, 5.475680750000038, 0.0 ], [ -73.457683934999977, 5.475866144000065, 0.0 ], [ -73.45779470399998, 5.476051537000046, 0.0 ], [ -73.457910832999971, 5.476247741000066, 0.0 ], [ -73.458026962999952, 5.476443944000039, 0.0 ], [ -73.458150971999942, 5.476655537000056, 0.0 ], [ -73.458274980999988, 5.476867129000027, 0.0 ], [ -73.458390786999985, 5.477055982000024, 0.0 ], [ -73.458506592999981, 5.477244834000032, 0.0 ], [ -73.458626981999942, 5.477445828000043, 0.0 ], [ -73.458747369999969, 5.477646821000064, 0.0 ], [ -73.458867758999986, 5.477847815000075, 0.0 ], [ -73.458977193999942, 5.478026880000073, 0.0 ], [ -73.459086629999945, 5.47820594500007, 0.0 ], [ -73.459203758999934, 5.478385223000032, 0.0 ], [ -73.459320888999969, 5.478564500000061, 0.0 ], [ -73.459468989999948, 5.478757066000071, 0.0 ], [ -73.459617091999974, 5.478949631000035, 0.0 ], [ -73.459617138999988, 5.478949692000072, 0.0 ], [ -73.459617315999935, 5.478949811000064, 0.0 ], [ -73.459617371999968, 5.478949828000054, 0.0 ], [ -73.459619617999977, 5.478950506000047, 0.0 ], [ -73.459619763999967, 5.478950568000073, 0.0 ], [ -73.459619790999966, 5.478950589000021, 0.0 ], [ -73.459619972999974, 5.478950767000072, 0.0 ], [ -73.459629499999949, 5.478964190000056, 0.0 ], [ -73.459692789999963, 5.47905269000006, 0.0 ], [ -73.459751049999966, 5.479132940000056, 0.0 ], [ -73.459819489999973, 5.47921787000007, 0.0 ], [ -73.459887379999941, 5.479301470000053, 0.0 ], [ -73.459955519999937, 5.479385360000038, 0.0 ], [ -73.460023499999977, 5.479468420000046, 0.0 ], [ -73.46009300999998, 5.479552710000064, 0.0 ], [ -73.460105531999943, 5.479567900000063, 0.0 ], [ -73.460105573999954, 5.479568, 0.0 ], [ -73.460105585999941, 5.479568049000022, 0.0 ], [ -73.460105580999937, 5.479568122000046, 0.0 ], [ -73.460103862999972, 5.479573119000065, 0.0 ], [ -73.460103852999964, 5.479573175000041, 0.0 ], [ -73.460103860999936, 5.479573294000033, 0.0 ], [ -73.460103900999968, 5.47957337400004, 0.0 ], [ -73.460234208999964, 5.479748900000061, 0.0 ], [ -73.460364517999949, 5.479924426000025, 0.0 ], [ -73.460465184999975, 5.480089361000068, 0.0 ], [ -73.460565851999945, 5.480254296000055, 0.0 ], [ -73.460674351999955, 5.48044765700007, 0.0 ], [ -73.460782851999966, 5.480641018000028, 0.0 ], [ -73.460927268999967, 5.480849315000057, 0.0 ], [ -73.461071685999968, 5.48105761100004, 0.0 ], [ -73.46119519399997, 5.481225306000056, 0.0 ], [ -73.461318702999961, 5.481393, 0.0 ], [ -73.461420730999976, 5.481549093000069, 0.0 ], [ -73.461522758999934, 5.481705185000067, 0.0 ], [ -73.461647906999985, 5.481897139000068, 0.0 ], [ -73.461773054999981, 5.48208909300007, 0.0 ], [ -73.461836119999987, 5.48215354000007, 0.0 ], [ -73.461836149999954, 5.48215357600003, 0.0 ], [ -73.461904579999953, 5.482237800000064, 0.0 ], [ -73.461940854999966, 5.482282713000075, 0.0 ], [ -73.461972699999933, 5.482322140000065, 0.0 ], [ -73.462041939999949, 5.482406240000046, 0.0 ], [ -73.462109669999961, 5.482487840000033, 0.0 ], [ -73.462177579999945, 5.482572940000068, 0.0 ], [ -73.462246209999989, 5.482657150000023, 0.0 ], [ -73.462315639999986, 5.482741130000022, 0.0 ], [ -73.462377939999953, 5.482816830000047, 0.0 ], [ -73.462442259999989, 5.482895340000027, 0.0 ], [ -73.462510269999939, 5.482978590000073, 0.0 ], [ -73.462580199999934, 5.483064680000041, 0.0 ], [ -73.462625886999945, 5.483121408000045, 0.0 ], [ -73.462625963999983, 5.483121637000067, 0.0 ], [ -73.462625899999978, 5.483122349000041, 0.0 ], [ -73.462625697999954, 5.483122902000048, 0.0 ], [ -73.462615876999962, 5.483137984000052, 0.0 ], [ -73.46261571499997, 5.483138636000035, 0.0 ], [ -73.462615619999951, 5.483139506000043, 0.0 ], [ -73.462615623999966, 5.483139699000048, 0.0 ], [ -73.46261599099995, 5.483141032000049, 0.0 ], [ -73.462698235999937, 5.483336498000028, 0.0 ], [ -73.462780480999982, 5.483531963000075, 0.0 ], [ -73.462885934999974, 5.483706343000051, 0.0 ], [ -73.462991388999967, 5.483880722000038, 0.0 ], [ -73.463087814999938, 5.484095604000061, 0.0 ], [ -73.463184239999975, 5.484310485000037, 0.0 ], [ -73.463280665999946, 5.48452536700006, 0.0 ], [ -73.463377091999973, 5.484740248000037, 0.0 ], [ -73.463473517999944, 5.48495513000006, 0.0 ], [ -73.463561461999973, 5.485155352000049, 0.0 ], [ -73.463649406999934, 5.485355574000039, 0.0 ], [ -73.463737350999963, 5.485555796000028, 0.0 ], [ -73.463825295999982, 5.485756018000075, 0.0 ], [ -73.463921993999975, 5.485971617000075, 0.0 ], [ -73.464018690999978, 5.486187215000029, 0.0 ], [ -73.464115388999971, 5.48640281400003, 0.0 ], [ -73.464215406999983, 5.486620296000069, 0.0 ], [ -73.464315425999985, 5.486837777000062, 0.0 ], [ -73.46441544399994, 5.487055259000044, 0.0 ], [ -73.46451375099997, 5.487302486000033, 0.0 ], [ -73.464612056999954, 5.487549712000032, 0.0 ], [ -73.464710363999984, 5.48779693900002, 0.0 ], [ -73.46478878299996, 5.487993044000063, 0.0 ], [ -73.464867202999983, 5.48818914800006, 0.0 ], [ -73.464955563999979, 5.488384185000029, 0.0 ], [ -73.465043925999964, 5.488579222000055, 0.0 ], [ -73.465180156999963, 5.488745750000021, 0.0 ], [ -73.465316388999952, 5.488912278000043, 0.0 ], [ -73.465396925999983, 5.489100176000022, 0.0 ], [ -73.465477462999957, 5.489288074000058, 0.0 ], [ -73.465553120999971, 5.489413886000023, 0.0 ], [ -73.465628779999975, 5.489539697000055, 0.0 ] ] ] } },
{ "type": "Feature", "properties": { "GASODUCTO": "PORVENIR - LA BELLEZA", "TRAMO": "Ventaquemada", "TP_DUCTO": "Ramal Remitente", "DISTRITO": "5", "DIAMETRO": "2", "TRM_REG": "EL PORVENIR - LA BELLEZA", "ZONA": "3", "PK_INICIO": "000+000", "PK_FIN": "000+020", "LONGITUD": 0.021170637302598997, "ESTADO": "INTERVENTORIA", "SERVICIO": "NUEVAS TECNOLOGÍAS" }, "geometry": { "type": "MultiLineString", "coordinates": [ [ [ -73.435862401999941, 5.44595737700007, 0.0 ], [ -73.435894454999982, 5.445921282000029, 0.0 ], [ -73.435876370999949, 5.445841332000043, 0.0 ], [ -73.435924911999962, 5.44583181400003, 0.0 ], [ -73.435926814999959, 5.44584323600003, 0.0 ] ] ] } },
{ "type": "Feature", "properties": { "GASODUCTO": "BOYACA - SANTANDER", "TRAMO": "Otero - Santana", "TP_DUCTO": "Troncal", "DISTRITO": "5", "DIAMETRO": "8", "TRM_REG": "GASODUCTO RAMALES BOYACA - SANTANDER", "ZONA": "3", "PK_INICIO": "024+872", "PK_FIN": "045+258", "LONGITUD": 20.249927277291007, "ESTADO": "ESTRUCTURACIÓN", "SERVICIO": "NUEVAS TECNOLOGÍAS" }, "geometry": { "type": "MultiLineString", "coordinates": [ [ [ -73.591972507999969, 5.965773542000022, 0.0 ], [ -73.591972308999971, 5.965773890000037, 0.0 ], [ -73.5919, 5.9659, 0.0 ], [ -73.591753431999962, 5.966084873000057, 0.0 ], [ -73.59160686499996, 5.966269746000023, 0.0 ], [ -73.591460296999969, 5.966454619000046, 0.0 ], [ -73.591383671999949, 5.966667522000023, 0.0 ], [ -73.59130704599994, 5.966880424000067, 0.0 ], [ -73.5913, 5.9669, 0.0 ], [ -73.591290538999942, 5.967093225000042, 0.0 ], [ -73.591281076999962, 5.967286451000064, 0.0 ], [ -73.591271615999972, 5.967479676000039, 0.0 ], [ -73.591234991999954, 5.967747918000043, 0.0 ], [ -73.591198367999937, 5.968016160000047, 0.0 ], [ -73.591198529999986, 5.968054290000055, 0.0 ], [ -73.591199183999947, 5.968208080000068, 0.0 ], [ -73.5912, 5.9684, 0.0 ], [ -73.59115, 5.968600001000027, 0.0 ], [ -73.5911, 5.968800001000034, 0.0 ], [ -73.591115640999988, 5.969069041000068, 0.0 ], [ -73.591131281999935, 5.969338081000046, 0.0 ], [ -73.591209941999978, 5.969560651000052, 0.0 ], [ -73.591288601999963, 5.969783220000068, 0.0 ], [ -73.591388417999951, 5.969911683000021, 0.0 ], [ -73.591488233999939, 5.970040145000041, 0.0 ], [ -73.591556533999949, 5.970184975000052, 0.0 ], [ -73.591624834999948, 5.970329805000063, 0.0 ], [ -73.591731693999975, 5.970578800000055, 0.0 ], [ -73.591765846999976, 5.970789401000047, 0.0 ], [ -73.5918, 5.97100000100005, 0.0 ], [ -73.59182593099996, 5.97120946900003, 0.0 ], [ -73.591838385999949, 5.971310079000034, 0.0 ], [ -73.591851862999988, 5.971418937000067, 0.0 ], [ -73.59187779399997, 5.971628405000047, 0.0 ], [ -73.59184884299998, 5.971872783000038, 0.0 ], [ -73.591914869999982, 5.97204236400006, 0.0 ], [ -73.591934791999961, 5.97209076200005, 0.0 ], [ -73.592009335999933, 5.972271855000031, 0.0 ], [ -73.59210380199994, 5.972501347000048, 0.0 ], [ -73.592198268999937, 5.972730838000075, 0.0 ], [ -73.592292734999944, 5.972960329000045, 0.0 ], [ -73.59234455099994, 5.973170247000041, 0.0 ], [ -73.592396366999935, 5.973380165000037, 0.0 ], [ -73.592448183999977, 5.973590082000044, 0.0 ], [ -73.5925, 5.9738, 0.0 ], [ -73.592539220999981, 5.973989252000024, 0.0 ], [ -73.592578440999944, 5.974178504000065, 0.0 ], [ -73.592617099999984, 5.97436504500007, 0.0 ], [ -73.592617661999952, 5.974367756000049, 0.0 ], [ -73.592578440999944, 5.974545171000045, 0.0 ], [ -73.592539220999981, 5.974722585000052, 0.0 ], [ -73.5925, 5.9749, 0.0 ], [ -73.592464643999961, 5.975122780000049, 0.0 ], [ -73.592429286999959, 5.975345560000051, 0.0 ], [ -73.592402854999989, 5.975575199000048, 0.0 ], [ -73.5924, 5.9756, 0.0 ], [ -73.592330693999941, 5.97579246500004, 0.0 ], [ -73.592261386999951, 5.975984930000038, 0.0 ], [ -73.592192080999951, 5.976177395000036, 0.0 ], [ -73.592170817999943, 5.976366602000041, 0.0 ], [ -73.592149554999935, 5.976555809000047, 0.0 ], [ -73.592124241999954, 5.976781050000056, 0.0 ], [ -73.592118255999935, 5.976834315000076, 0.0 ], [ -73.592104548999941, 5.97693057400005, 0.0 ], [ -73.592081379999968, 5.977093283000045, 0.0 ], [ -73.592072316999975, 5.977156932000071, 0.0 ], [ -73.592077567999979, 5.977406467000037, 0.0 ], [ -73.592078751999964, 5.977462723000031, 0.0 ], [ -73.592081932999974, 5.977613899000062, 0.0 ], [ -73.5921, 5.977700001000073, 0.0 ], [ -73.592106559999934, 5.977763386000049, 0.0 ], [ -73.592125616999965, 5.977947513000061, 0.0 ], [ -73.59214467399994, 5.978131639000026, 0.0 ], [ -73.592158095999935, 5.978261326000052, 0.0 ], [ -73.592165406999982, 5.978331959000059, 0.0 ], [ -73.59230918999998, 5.978553120000072, 0.0 ], [ -73.592397209999945, 5.978753569000048, 0.0 ], [ -73.592456695999942, 5.978881466000075, 0.0 ], [ -73.592516182999987, 5.979009362000056, 0.0 ], [ -73.592607792999956, 5.979251020000049, 0.0 ], [ -73.592664556999978, 5.979379874000074, 0.0 ], [ -73.592698938999945, 5.979457921000062, 0.0 ], [ -73.592756946999941, 5.979654462000042, 0.0 ], [ -73.592814805999978, 5.979850501000044, 0.0 ], [ -73.592822592999937, 5.980029605000027, 0.0 ], [ -73.592830379999953, 5.980208709000067, 0.0 ], [ -73.59283265199997, 5.980260958000031, 0.0 ], [ -73.592821943999979, 5.98040372600002, 0.0 ], [ -73.592819870999961, 5.980431366000062, 0.0 ], [ -73.592811235999989, 5.980546493000077, 0.0 ], [ -73.592790700999956, 5.980701425000063, 0.0 ], [ -73.592780111999957, 5.980781318000027, 0.0 ], [ -73.592708637999976, 5.980976085000066, 0.0 ], [ -73.592637162999949, 5.981170851000059, 0.0 ], [ -73.592520284999978, 5.981374641000059, 0.0 ], [ -73.59240340599996, 5.981578431000059, 0.0 ], [ -73.592369554999948, 5.981760967000071, 0.0 ], [ -73.592335703999936, 5.981943502000036, 0.0 ], [ -73.592301852999981, 5.982126038000047, 0.0 ], [ -73.592307737999988, 5.982336399000076, 0.0 ], [ -73.592313621999949, 5.982546760000048, 0.0 ], [ -73.592319506999957, 5.98275712100002, 0.0 ], [ -73.592327244999979, 5.982906094000043, 0.0 ], [ -73.592329677999942, 5.98295293700005, 0.0 ], [ -73.592339848999984, 5.983148752000034, 0.0 ], [ -73.592374555999982, 5.983392632000061, 0.0 ], [ -73.592409263999969, 5.983636511000043, 0.0 ], [ -73.592414213999973, 5.983671290000075, 0.0 ], [ -73.592491077999966, 5.983866959000068, 0.0 ], [ -73.592502955999976, 5.983901021000065, 0.0 ], [ -73.592507297999987, 5.98391347300003, 0.0 ], [ -73.592580371999986, 5.984123030000035, 0.0 ], [ -73.592669665999949, 5.984379100000069, 0.0 ], [ -73.592676542999982, 5.98440438800003, 0.0 ], [ -73.592714571999977, 5.984544233000065, 0.0 ], [ -73.592772588999935, 5.98469233000003, 0.0 ], [ -73.592830606999939, 5.984840426000062, 0.0 ], [ -73.592848290999939, 5.984885566000059, 0.0 ], [ -73.592971670999987, 5.985077048000051, 0.0 ], [ -73.593095050999978, 5.985268529000052, 0.0 ], [ -73.593239292999954, 5.985485736000044, 0.0 ], [ -73.593383535999976, 5.985702943000035, 0.0 ], [ -73.593468016999964, 5.985835356000052, 0.0 ], [ -73.59349808199994, 5.985882479000054, 0.0 ], [ -73.593519449999974, 5.986040401000025, 0.0 ], [ -73.593540817999951, 5.986198323000053, 0.0 ], [ -73.593483238999966, 5.986456659000055, 0.0 ], [ -73.593384470999979, 5.986556055000051, 0.0 ], [ -73.593285702999935, 5.986655450000057, 0.0 ], [ -73.593194684999958, 5.986724148000064, 0.0 ], [ -73.593172588999948, 5.986718719000066, 0.0 ], [ -73.593141444999958, 5.986711066000055, 0.0 ], [ -73.593023720999952, 5.986682138000049, 0.0 ], [ -73.592887327999961, 5.986753129000022, 0.0 ], [ -73.592793105999988, 5.986802170000033, 0.0 ], [ -73.592660404999947, 5.986871239000038, 0.0 ], [ -73.592651927999952, 5.986881875000051, 0.0 ], [ -73.592573479999942, 5.986980307000067, 0.0 ], [ -73.592518284999983, 5.987049563000028, 0.0 ], [ -73.592460093999989, 5.987122577000036, 0.0 ], [ -73.592351603999987, 5.987258704000055, 0.0 ], [ -73.592319249999946, 5.987299372000052, 0.0 ], [ -73.592294382999967, 5.987330630000031, 0.0 ], [ -73.592259309999974, 5.987374715000044, 0.0 ], [ -73.592232310999975, 5.987408652000056, 0.0 ], [ -73.592168411999978, 5.987488971000062, 0.0 ], [ -73.592047755999943, 5.987635395000041, 0.0 ], [ -73.591931836999947, 5.987790263000022, 0.0 ], [ -73.591815918999941, 5.98794513200005, 0.0 ], [ -73.5917, 5.9881, 0.0 ], [ -73.591649699999948, 5.988211181000054, 0.0 ], [ -73.59161108099994, 5.988296544000036, 0.0 ], [ -73.591522162999979, 5.988493087000052, 0.0 ], [ -73.591433243999973, 5.988689631000057, 0.0 ], [ -73.591382591999945, 5.988877733000038, 0.0 ], [ -73.591331940999964, 5.989065836000066, 0.0 ], [ -73.591281288999937, 5.989253938000047, 0.0 ], [ -73.591240623999965, 5.989503367000054, 0.0 ], [ -73.591199957999947, 5.989752796000062, 0.0 ], [ -73.591160298999966, 5.989996053000027, 0.0 ], [ -73.591159292999976, 5.990002225000069, 0.0 ], [ -73.591101556999945, 5.990257371000041, 0.0 ], [ -73.591043820999971, 5.99051251800006, 0.0 ], [ -73.591003997999962, 5.990688503000058, 0.0 ], [ -73.59098608499994, 5.990767664000032, 0.0 ], [ -73.590962206999961, 5.991017971000076, 0.0 ], [ -73.590938328999982, 5.991268277000074, 0.0 ], [ -73.590914450999946, 5.991518584000062, 0.0 ], [ -73.590914378999969, 5.991521993000049, 0.0 ], [ -73.590909633999956, 5.991745723000065, 0.0 ], [ -73.590904816999966, 5.991972861000022, 0.0 ], [ -73.5909, 5.9922, 0.0 ], [ -73.590896230999988, 5.99221413600003, 0.0 ], [ -73.590842191999968, 5.992416849000051, 0.0 ], [ -73.590782274999981, 5.992635948000043, 0.0 ], [ -73.590722357999937, 5.992855047000035, 0.0 ], [ -73.590662440999949, 5.993074145000037, 0.0 ], [ -73.590602523999962, 5.993293244000029, 0.0 ], [ -73.590542606999975, 5.99351234300002, 0.0 ], [ -73.590495070999964, 5.993708229000049, 0.0 ], [ -73.590447535999942, 5.993904115000021, 0.0 ], [ -73.5904, 5.994100001000049, 0.0 ], [ -73.590320292999934, 5.994283034000034, 0.0 ], [ -73.590319063999971, 5.994326766000029, 0.0 ], [ -73.59031564299994, 5.994448503000058, 0.0 ], [ -73.590310992999946, 5.994613971000035, 0.0 ], [ -73.59028214999995, 5.994853007000074, 0.0 ], [ -73.590256559999943, 5.995065084000032, 0.0 ], [ -73.590230968999947, 5.995277161000047, 0.0 ], [ -73.590215484999987, 5.995538581000062, 0.0 ], [ -73.5902, 5.9958, 0.0 ], [ -73.590203977999977, 5.99599057100005, 0.0 ], [ -73.590207954999983, 5.996181142000069, 0.0 ], [ -73.590211932999978, 5.99637171300003, 0.0 ], [ -73.590233479999938, 5.996583593000025, 0.0 ], [ -73.590255026999955, 5.99679547300002, 0.0 ], [ -73.590269039999953, 5.996933266000042, 0.0 ], [ -73.59028724999996, 5.997128843000041, 0.0 ], [ -73.590305460999957, 5.997324419000051, 0.0 ], [ -73.590323670999965, 5.997519996000051, 0.0 ], [ -73.590344116999972, 5.997758463000025, 0.0 ], [ -73.590348352999968, 5.997807875000035, 0.0 ], [ -73.59036421899998, 5.997992919000069, 0.0 ], [ -73.590377581999974, 5.998123212000053, 0.0 ], [ -73.590402289999986, 5.998364115000072, 0.0 ], [ -73.59039004899995, 5.998426809000023, 0.0 ], [ -73.590343574999963, 5.998664842000039, 0.0 ], [ -73.590239338999936, 5.998784421000039, 0.0 ], [ -73.590170001999979, 5.998863964000066, 0.0 ], [ -73.590169638999953, 5.998864168000068, 0.0 ], [ -73.590169184999979, 5.998864315000048, 0.0 ], [ -73.590168902999949, 5.998864581000021, 0.0 ], [ -73.590042795999977, 5.998979242000075, 0.0 ], [ -73.58991668799996, 5.999093903000073, 0.0 ], [ -73.5898, 5.999199999000041, 0.0 ], [ -73.589639254999952, 5.999296033000064, 0.0 ], [ -73.589478508999946, 5.999392066000041, 0.0 ], [ -73.589272096999935, 5.999524898000061, 0.0 ], [ -73.58906568499998, 5.999657730000024, 0.0 ], [ -73.589, 5.9997, 0.0 ], [ -73.588880323999945, 5.999776981000025, 0.0 ], [ -73.588760646999958, 5.999853962000032, 0.0 ], [ -73.588732884999956, 6.00002898300005, 0.0 ], [ -73.588722796999946, 6.000092577000032, 0.0 ], [ -73.588684945999944, 6.000331192000033, 0.0 ], [ -73.588715913999977, 6.000539630000048, 0.0 ], [ -73.588746881999953, 6.000748068000064, 0.0 ], [ -73.588862024999969, 6.000964663000047, 0.0 ], [ -73.588977167999985, 6.001181257000042, 0.0 ], [ -73.588986269999964, 6.001368380000031, 0.0 ], [ -73.588995371999943, 6.001555502000031, 0.0 ], [ -73.588968184999942, 6.001686899000049, 0.0 ], [ -73.588944353999977, 6.001802073000022, 0.0 ], [ -73.588818904999982, 6.001972230000035, 0.0 ], [ -73.588693454999941, 6.002142388000038, 0.0 ], [ -73.588568005999946, 6.002312545000052, 0.0 ], [ -73.588464490999968, 6.00241382400003, 0.0 ], [ -73.588435420999986, 6.00244226600006, 0.0 ], [ -73.588360975999933, 6.002515102000075, 0.0 ], [ -73.588287193999975, 6.002560306000021, 0.0 ], [ -73.588215809999951, 6.00260789500004, 0.0 ], [ -73.588168220999989, 6.002631690000044, 0.0 ], [ -73.588108371999965, 6.002655271000037, 0.0 ], [ -73.588099640999985, 6.002657123000063, 0.0 ], [ -73.588061258999971, 6.002665265000076, 0.0 ], [ -73.58779951799994, 6.00271880300005, 0.0 ], [ -73.587745033999965, 6.002742573000035, 0.0 ], [ -73.587655322999979, 6.002786617000027, 0.0 ], [ -73.587597982999966, 6.002848221000022, 0.0 ], [ -73.587527550999937, 6.002948753000055, 0.0 ], [ -73.587462560999938, 6.003034401000036, 0.0 ], [ -73.58738741999997, 6.003148030000034, 0.0 ], [ -73.587375215999941, 6.003166485000065, 0.0 ], [ -73.587312277999956, 6.003261659000032, 0.0 ], [ -73.587190833999955, 6.003468812000051, 0.0 ], [ -73.587069389999954, 6.00367596500007, 0.0 ], [ -73.586947945999952, 6.003883118000033, 0.0 ], [ -73.586923370999955, 6.004019196000058, 0.0 ], [ -73.586898795999957, 6.004155274000027, 0.0 ], [ -73.586849923999978, 6.004350959000021, 0.0 ], [ -73.586801050999952, 6.004546644000072, 0.0 ], [ -73.586763441999949, 6.004724028000055, 0.0 ], [ -73.586725832999946, 6.004901413000027, 0.0 ], [ -73.586688223999943, 6.005078797000067, 0.0 ], [ -73.586644111999988, 6.005339399000036, 0.0 ], [ -73.5866, 6.0056, 0.0 ], [ -73.5866, 6.0058, 0.0 ], [ -73.5866, 6.006000001000075, 0.0 ], [ -73.5866, 6.006103163000034, 0.0 ], [ -73.5866, 6.006200001000025, 0.0 ], [ -73.586601288999987, 6.006336283000053, 0.0 ], [ -73.586601513999938, 6.006360105000056, 0.0 ], [ -73.58660257799994, 6.006472564000035, 0.0 ], [ -73.586605444999975, 6.006658850000065, 0.0 ], [ -73.586608310999964, 6.006845137000028, 0.0 ], [ -73.586611177999941, 6.007031423000058, 0.0 ], [ -73.586573542999986, 6.007156191000036, 0.0 ], [ -73.586555588999943, 6.007215712000061, 0.0 ], [ -73.5865, 6.0074, 0.0 ], [ -73.586449674999983, 6.007636435000052, 0.0 ], [ -73.586399348999976, 6.007872870000028, 0.0 ], [ -73.586283489999971, 6.008109064000053, 0.0 ], [ -73.586255988999937, 6.008152648000021, 0.0 ], [ -73.586169474999963, 6.008289758000046, 0.0 ], [ -73.586055459999955, 6.008470451000051, 0.0 ], [ -73.585977729999968, 6.008685226000068, 0.0 ], [ -73.5859, 6.0089, 0.0 ], [ -73.585991833999969, 6.009094515000072, 0.0 ], [ -73.586083668999947, 6.009289029000058, 0.0 ], [ -73.586229105999962, 6.009474716000057, 0.0 ], [ -73.586374543999966, 6.009660403000055, 0.0 ], [ -73.586433305999947, 6.009836455000027, 0.0 ], [ -73.586492067999984, 6.010012506000066, 0.0 ], [ -73.586416850999967, 6.010185313000022, 0.0 ], [ -73.586341632999961, 6.010358119000045, 0.0 ], [ -73.586220816999969, 6.010479060000023, 0.0 ], [ -73.5861, 6.010600001000057, 0.0 ], [ -73.585949255999935, 6.010761692000074, 0.0 ], [ -73.58579851199994, 6.010923384000023, 0.0 ], [ -73.585647767999944, 6.01108507500004, 0.0 ], [ -73.585497023999949, 6.011246766000056, 0.0 ], [ -73.585322493999968, 6.011341658000049, 0.0 ], [ -73.585147964999976, 6.011436550000042, 0.0 ], [ -73.584973434999938, 6.011531442000035, 0.0 ], [ -73.584836716999973, 6.011615722000045, 0.0 ], [ -73.584699998999952, 6.011700001000065, 0.0 ], [ -73.584532595999974, 6.01180488600005, 0.0 ], [ -73.58436519199995, 6.011909770000045, 0.0 ], [ -73.584190722999949, 6.012041737000061, 0.0 ], [ -73.584023333999937, 6.012185720000048, 0.0 ], [ -73.583855945999971, 6.012329704000024, 0.0 ], [ -73.583688556999959, 6.012473687000067, 0.0 ], [ -73.583591478999949, 6.012638139000046, 0.0 ], [ -73.58349439999995, 6.012802591000025, 0.0 ], [ -73.583322998999961, 6.013002359000041, 0.0 ], [ -73.583124808999969, 6.013148909000051, 0.0 ], [ -73.582926617999988, 6.013295459000062, 0.0 ], [ -73.582775916999935, 6.013400520000062, 0.0 ], [ -73.58262521599994, 6.013505580000071, 0.0 ], [ -73.582401252999944, 6.013589504000038, 0.0 ], [ -73.582177288999958, 6.013673428000061, 0.0 ], [ -73.581953325999962, 6.013757352000027, 0.0 ], [ -73.581776662999971, 6.013878676000047, 0.0 ], [ -73.5816, 6.014, 0.0 ], [ -73.581441389999952, 6.014149157000077, 0.0 ], [ -73.58128278099997, 6.01429831300004, 0.0 ], [ -73.581124170999942, 6.01444747000005, 0.0 ], [ -73.580965560999971, 6.014596626000071, 0.0 ], [ -73.580773288999978, 6.014766329000054, 0.0 ], [ -73.58058101599994, 6.014936032000037, 0.0 ], [ -73.580388743999947, 6.01510573500002, 0.0 ], [ -73.580251433999933, 6.015221354000062, 0.0 ], [ -73.580097339999952, 6.015362371000037, 0.0 ], [ -73.579943245999971, 6.01550338800007, 0.0 ], [ -73.579789150999943, 6.015644404000057, 0.0 ], [ -73.579635056999962, 6.015785421000032, 0.0 ], [ -73.579514045999986, 6.015967588000024, 0.0 ], [ -73.579393034999953, 6.016149755000072, 0.0 ], [ -73.579333998999971, 6.016212207000024, 0.0 ], [ -73.579208674999961, 6.016344782000033, 0.0 ], [ -73.57907783099995, 6.016580697000052, 0.0 ], [ -73.579068286999984, 6.016640430000052, 0.0 ], [ -73.579075424999985, 6.016696348000039, 0.0 ], [ -73.579123202999938, 6.016732286000035, 0.0 ], [ -73.57921194499994, 6.016755563000061, 0.0 ], [ -73.579403391999961, 6.016805780000027, 0.0 ], [ -73.57959483999997, 6.01685599700005, 0.0 ], [ -73.579653633999953, 6.016893843000048, 0.0 ], [ -73.579674777999969, 6.016955, 0.0 ], [ -73.579743917999963, 6.017141547000051, 0.0 ], [ -73.579813057999957, 6.01732809400005, 0.0 ], [ -73.579861516999983, 6.01755440900007, 0.0 ], [ -73.579909975999954, 6.017780723000044, 0.0 ], [ -73.5799, 6.01799999900004, 0.0 ], [ -73.579845681999984, 6.018214841000031, 0.0 ], [ -73.5797, 6.0184, 0.0 ], [ -73.579652177999947, 6.01849007800007, 0.0 ], [ -73.579593466999938, 6.018600668000033, 0.0 ], [ -73.579486932999941, 6.018801335000035, 0.0 ], [ -73.579434471999946, 6.018875447000028, 0.0 ], [ -73.579275853999945, 6.01903158500005, 0.0 ], [ -73.579117235999945, 6.019187724000062, 0.0 ], [ -73.578958617999945, 6.019343862000028, 0.0 ], [ -73.5788, 6.0195, 0.0 ], [ -73.578679307999948, 6.019653671000071, 0.0 ], [ -73.578558614999963, 6.019807342000036, 0.0 ], [ -73.578506895999965, 6.019964653000045, 0.0 ], [ -73.578455176999967, 6.020121964000055, 0.0 ], [ -73.578263051999954, 6.020301626000048, 0.0 ], [ -73.578070925999953, 6.020481288000042, 0.0 ], [ -73.577879526999936, 6.020586587000025, 0.0 ], [ -73.577688128999966, 6.020691885000076, 0.0 ], [ -73.57749672999995, 6.02079718400006, 0.0 ], [ -73.577361785999983, 6.020816057000047, 0.0 ], [ -73.57722684099997, 6.020834929000046, 0.0 ], [ -73.577063420999934, 6.020867465000038, 0.0 ], [ -73.5769, 6.0209, 0.0 ], [ -73.576716609999949, 6.02088492300004, 0.0 ], [ -73.576533220999977, 6.020869847000029, 0.0 ], [ -73.576349830999959, 6.020854770000028, 0.0 ], [ -73.576094419999947, 6.020830065000041, 0.0 ], [ -73.575947209999981, 6.020865033000064, 0.0 ], [ -73.5758, 6.0209, 0.0 ], [ -73.575588480999954, 6.020975657000065, 0.0 ], [ -73.575444240999957, 6.021037829000022, 0.0 ], [ -73.5753, 6.0211, 0.0 ], [ -73.575253528999951, 6.02111863500005, 0.0 ], [ -73.575012140999945, 6.021215434000055, 0.0 ], [ -73.574770751999949, 6.021312232000071, 0.0 ], [ -73.574634238999977, 6.021368193000058, 0.0 ], [ -73.574497724999958, 6.021424153000055, 0.0 ], [ -73.574292778999961, 6.021516966000036, 0.0 ], [ -73.574096389999966, 6.021658483000067, 0.0 ], [ -73.5739, 6.0218, 0.0 ], [ -73.573723098999949, 6.021900775000063, 0.0 ], [ -73.573546196999985, 6.022001549000038, 0.0 ], [ -73.573360134999973, 6.022106213000029, 0.0 ], [ -73.573233281999933, 6.022166690000063, 0.0 ], [ -73.57310642799996, 6.02222716700004, 0.0 ], [ -73.572970439999949, 6.022233526000036, 0.0 ], [ -73.572834450999949, 6.022239885000033, 0.0 ], [ -73.572717224999963, 6.022119943000064, 0.0 ], [ -73.5726, 6.022, 0.0 ], [ -73.572471615999973, 6.02178976600004, 0.0 ], [ -73.572339864999947, 6.021719639000025, 0.0 ], [ -73.572208113999977, 6.021649512000067, 0.0 ], [ -73.57200086499995, 6.021620337000058, 0.0 ], [ -73.571793615999979, 6.02159116100006, 0.0 ], [ -73.571561643999985, 6.021710808000023, 0.0 ], [ -73.571408425999948, 6.021826220000037, 0.0 ], [ -73.571255207999968, 6.021941631000061, 0.0 ], [ -73.571177603999956, 6.022070816000053, 0.0 ], [ -73.5711, 6.0222, 0.0 ], [ -73.570955771999934, 6.022394787000053, 0.0 ], [ -73.57081154399998, 6.022589574000051, 0.0 ], [ -73.57084744399998, 6.022813797000026, 0.0 ], [ -73.5709, 6.023, 0.0 ], [ -73.571026835999987, 6.023233472000072, 0.0 ], [ -73.570994058999986, 6.023418268000057, 0.0 ], [ -73.570961282999974, 6.023603065000032, 0.0 ], [ -73.570928505999973, 6.023787861000073, 0.0 ], [ -73.570764666999935, 6.023941505000039, 0.0 ], [ -73.570600826999964, 6.024095149000061, 0.0 ], [ -73.570436987999983, 6.024248793000027, 0.0 ], [ -73.570408698999984, 6.024275322000051, 0.0 ], [ -73.570205457999975, 6.024320719000059, 0.0 ], [ -73.570002217999956, 6.024366115000021, 0.0 ], [ -73.569798976999948, 6.024411512000029, 0.0 ], [ -73.569639462999987, 6.024531507000063, 0.0 ], [ -73.56947994899997, 6.024651501000051, 0.0 ], [ -73.569320434999952, 6.024771496000028, 0.0 ], [ -73.569249923999962, 6.024938589000044, 0.0 ], [ -73.569179412999972, 6.02510568100007, 0.0 ], [ -73.56912042099998, 6.025330045000032, 0.0 ], [ -73.569010210999977, 6.025465022000049, 0.0 ], [ -73.5689, 6.025599999000065, 0.0 ], [ -73.568749978999961, 6.025765683000031, 0.0 ], [ -73.568599958999982, 6.025931366000066, 0.0 ], [ -73.568449937999958, 6.026097050000033, 0.0 ], [ -73.568299916999933, 6.026262733000067, 0.0 ], [ -73.568160334999959, 6.026426282000045, 0.0 ], [ -73.568020751999939, 6.02658983200007, 0.0 ], [ -73.567881169999964, 6.026753381000049, 0.0 ], [ -73.567762436999942, 6.026892502000067, 0.0 ], [ -73.567631218999963, 6.027046251000058, 0.0 ], [ -73.5675, 6.0272, 0.0 ], [ -73.567332952999948, 6.027405662000035, 0.0 ], [ -73.567165906999946, 6.027611323000031, 0.0 ], [ -73.566998859999956, 6.027816985000072, 0.0 ], [ -73.566849429999934, 6.027908493000041, 0.0 ], [ -73.5667, 6.028000001000066, 0.0 ], [ -73.566524254999933, 6.02808787400005, 0.0 ], [ -73.5665, 6.028100001000041, 0.0 ], [ -73.566490043999977, 6.028104762000055, 0.0 ], [ -73.566361840999946, 6.028166071000044, 0.0 ], [ -73.566233636999982, 6.028227379000043, 0.0 ], [ -73.566125750999959, 6.028278972000066, 0.0 ], [ -73.565961374999972, 6.028292615000055, 0.0 ], [ -73.565796998999986, 6.028306257000054, 0.0 ], [ -73.565535454999974, 6.028271845000063, 0.0 ], [ -73.565273910999963, 6.028237433000072, 0.0 ], [ -73.565008261999935, 6.028237327000056, 0.0 ], [ -73.564742612999964, 6.02823722100004, 0.0 ], [ -73.564610158999983, 6.028313754000067, 0.0 ], [ -73.564477703999955, 6.028390287000036, 0.0 ], [ -73.56440784199998, 6.028442105000067, 0.0 ], [ -73.564329376999979, 6.028500305000023, 0.0 ], [ -73.564185062999968, 6.028581193000036, 0.0 ], [ -73.564182936999941, 6.02858238500005, 0.0 ], [ -73.564003772999968, 6.028457317000061, 0.0 ], [ -73.56390289999996, 6.028390121000029, 0.0 ], [ -73.563739792999968, 6.028274166000074, 0.0 ], [ -73.563576686999966, 6.028158211000061, 0.0 ], [ -73.563342071999955, 6.028040904000022, 0.0 ], [ -73.563107456999944, 6.027923596000051, 0.0 ], [ -73.562986103999947, 6.027830559000051, 0.0 ], [ -73.562864751999939, 6.027737522000052, 0.0 ], [ -73.562696944999971, 6.027695472000062, 0.0 ], [ -73.562529138999935, 6.027653422000071, 0.0 ], [ -73.562513611999975, 6.027670647000036, 0.0 ], [ -73.562437290999981, 6.027755313000057, 0.0 ], [ -73.56234544299997, 6.027857204000043, 0.0 ], [ -73.562227416999974, 6.028071671000021, 0.0 ], [ -73.562109389999989, 6.028286137000066, 0.0 ], [ -73.562079976999939, 6.028456499000072, 0.0 ], [ -73.562050563999946, 6.028626860000031, 0.0 ], [ -73.562042617999964, 6.028763243000071, 0.0 ], [ -73.562034670999935, 6.028899625000065, 0.0 ], [ -73.56216733499997, 6.029127048000021, 0.0 ], [ -73.5623, 6.029354470000044, 0.0 ], [ -73.562475352999968, 6.029472279000061, 0.0 ], [ -73.562612994999938, 6.029611514000067, 0.0 ], [ -73.56259464599998, 6.029813413000056, 0.0 ], [ -73.562576296999964, 6.030015311000056, 0.0 ], [ -73.562557947999949, 6.030217210000046, 0.0 ], [ -73.56247151499997, 6.030465493000065, 0.0 ], [ -73.562385080999945, 6.030713776000027, 0.0 ], [ -73.562298647999967, 6.030962059000046, 0.0 ], [ -73.562184183999989, 6.031138334000048, 0.0 ], [ -73.562069719999954, 6.031314609000049, 0.0 ], [ -73.561955254999987, 6.03149088300006, 0.0 ], [ -73.561840790999952, 6.031667158000062, 0.0 ], [ -73.561681399999941, 6.031806527000072, 0.0 ], [ -73.561522008999987, 6.031945895000035, 0.0 ], [ -73.561362617999976, 6.032085264000045, 0.0 ], [ -73.561181308999949, 6.032242633000067, 0.0 ], [ -73.561, 6.032400001000042, 0.0 ], [ -73.560949420999975, 6.03252817300006, 0.0 ], [ -73.560898840999982, 6.032656344000031, 0.0 ], [ -73.5607, 6.0328, 0.0 ], [ -73.56056956499998, 6.032734518000041, 0.0 ], [ -73.560439129999963, 6.032669035000026, 0.0 ], [ -73.560429295999938, 6.03266577100004, 0.0 ], [ -73.56023879199995, 6.032602540000028, 0.0 ], [ -73.560198, 6.032589, 0.0 ], [ -73.560022723999964, 6.032604789000061, 0.0 ], [ -73.55987947999995, 6.032729156000073, 0.0 ], [ -73.559694256999933, 6.032718579000061, 0.0 ], [ -73.559562279999966, 6.032711042000074, 0.0 ], [ -73.559509033999973, 6.03270800100006, 0.0 ], [ -73.559330198999987, 6.032617452000068, 0.0 ], [ -73.559151364999934, 6.032526902000029, 0.0 ], [ -73.558965290999936, 6.032470271000022, 0.0 ], [ -73.558779217999984, 6.032413639000026, 0.0 ], [ -73.558589608999966, 6.03245682000005, 0.0 ], [ -73.5584, 6.032500001000074, 0.0 ], [ -73.558233332999976, 6.032633334000025, 0.0 ], [ -73.558086799999955, 6.032750561000057, 0.0 ], [ -73.558066666999935, 6.032766667000033, 0.0 ], [ -73.5579, 6.0329, 0.0 ], [ -73.557767593999984, 6.033030773000064, 0.0 ], [ -73.557652335999933, 6.033144609000033, 0.0 ], [ -73.55763518699996, 6.033161546000031, 0.0 ], [ -73.557445750999989, 6.033220344000028, 0.0 ], [ -73.55725631599995, 6.033279143000073, 0.0 ], [ -73.557066879999979, 6.03333794100007, 0.0 ], [ -73.556826050999973, 6.033360113000072, 0.0 ], [ -73.556585221999967, 6.033382286000062, 0.0 ], [ -73.556344392999961, 6.033404458000064, 0.0 ], [ -73.556193614999984, 6.03333168100005, 0.0 ], [ -73.55604283699995, 6.033258903000046, 0.0 ], [ -73.555819008999947, 6.033229239000036, 0.0 ], [ -73.555595181999934, 6.033199575000026, 0.0 ], [ -73.555371353999988, 6.033169911000073, 0.0 ], [ -73.555147568999985, 6.033279941000046, 0.0 ], [ -73.554923784999971, 6.033389971000076, 0.0 ], [ -73.5547, 6.03350000100005, 0.0 ], [ -73.554554895999956, 6.033663111000067, 0.0 ], [ -73.554409790999955, 6.033826221000027, 0.0 ], [ -73.554181974999949, 6.033944226000074, 0.0 ], [ -73.553954159999989, 6.034062231000064, 0.0 ], [ -73.553726343999983, 6.034180236000054, 0.0 ], [ -73.553538926999977, 6.034310367000046, 0.0 ], [ -73.553351508999981, 6.034440498000038, 0.0 ], [ -73.553259135999951, 6.034563154000068, 0.0 ], [ -73.553166761999989, 6.034685810000042, 0.0 ], [ -73.553044202999956, 6.034767933000069, 0.0 ], [ -73.552921642999934, 6.034850055000049, 0.0 ], [ -73.55281578499995, 6.034876161000057, 0.0 ], [ -73.552577189999965, 6.034984107000071, 0.0 ], [ -73.552338594999981, 6.035092054000074, 0.0 ], [ -73.5521, 6.0352, 0.0 ], [ -73.552097432999972, 6.035201491000066, 0.0 ], [ -73.551899879999951, 6.035316253000076, 0.0 ], [ -73.551702327999976, 6.035431015000029, 0.0 ], [ -73.551504774999955, 6.035545776000049, 0.0 ], [ -73.551307221999934, 6.035660538000059, 0.0 ], [ -73.55112328499996, 6.035792818000061, 0.0 ], [ -73.550939348999975, 6.035925099000053, 0.0 ], [ -73.550755411999944, 6.036057379000056, 0.0 ], [ -73.55054549099998, 6.036205046000021, 0.0 ], [ -73.550335570999948, 6.036352712000053, 0.0 ], [ -73.550125649999984, 6.036500379000074, 0.0 ], [ -73.549918195999965, 6.036605875000021, 0.0 ], [ -73.549710740999956, 6.03671137200007, 0.0 ], [ -73.549503286999936, 6.036816868000074, 0.0 ], [ -73.549315965999938, 6.036868540000057, 0.0 ], [ -73.54912864399995, 6.036920211000051, 0.0 ], [ -73.549003677999963, 6.036954682000044, 0.0 ], [ -73.548802758999955, 6.036991012000044, 0.0 ], [ -73.548601838999957, 6.037027341000055, 0.0 ], [ -73.548400919999949, 6.037063671000055, 0.0 ], [ -73.5482, 6.0371, 0.0 ], [ -73.548155032999944, 6.037108621000073, 0.0 ], [ -73.547907021999947, 6.03715617000006, 0.0 ], [ -73.547659009999961, 6.037203719000047, 0.0 ], [ -73.547561723999934, 6.037222371000041, 0.0 ], [ -73.547323822999942, 6.037240892000057, 0.0 ], [ -73.547085920999962, 6.037259412000026, 0.0 ], [ -73.547010606999947, 6.037262259000045, 0.0 ], [ -73.546973784999977, 6.037263650000057, 0.0 ], [ -73.546946992999949, 6.03726466300003, 0.0 ], [ -73.546688382999946, 6.037274438000054, 0.0 ], [ -73.546584899999971, 6.037218100000075, 0.0 ], [ -73.54645944799995, 6.037054194000063, 0.0 ], [ -73.546333995999987, 6.036890288000052, 0.0 ], [ -73.546209362999946, 6.036760713000035, 0.0 ], [ -73.546062535999965, 6.036566544000038, 0.0 ], [ -73.545928338999943, 6.036414775000026, 0.0 ], [ -73.545790049999937, 6.036243130000059, 0.0 ], [ -73.545674352999981, 6.036093153000024, 0.0 ], [ -73.545558655999969, 6.035943175000057, 0.0 ], [ -73.545393148999949, 6.035735629000044, 0.0 ], [ -73.545273742999939, 6.035569437000049, 0.0 ], [ -73.545154337999975, 6.035403245000055, 0.0 ], [ -73.545034931999965, 6.03523705300006, 0.0 ], [ -73.544887685999981, 6.035081713000068, 0.0 ], [ -73.544761820999952, 6.034860189000028, 0.0 ], [ -73.544760458999974, 6.034857792000025, 0.0 ], [ -73.544711010999947, 6.03477076300004, 0.0 ], [ -73.544697954999947, 6.034747784000047, 0.0 ], [ -73.544664942999987, 6.034689682000021, 0.0 ], [ -73.544621356999983, 6.034643010000025, 0.0 ], [ -73.544496092999964, 6.034490049000055, 0.0 ], [ -73.544370829999934, 6.03433708700004, 0.0 ], [ -73.544268552999938, 6.034212194000077, 0.0 ], [ -73.544194612999945, 6.03409520200006, 0.0 ], [ -73.544120672999952, 6.033978209000054, 0.0 ], [ -73.544093163999946, 6.033937583000068, 0.0 ], [ -73.544082107999941, 6.033921256000042, 0.0 ], [ -73.544, 6.0338, 0.0 ], [ -73.543855236999946, 6.03357115700004, 0.0 ], [ -73.543822463999959, 6.033519349000073, 0.0 ], [ -73.543710473999965, 6.033342313000048, 0.0 ], [ -73.543678117999946, 6.033138304000033, 0.0 ], [ -73.543645760999937, 6.032934294000029, 0.0 ], [ -73.543613404999974, 6.032730285000071, 0.0 ], [ -73.543606702999966, 6.032465142000035, 0.0 ], [ -73.5436, 6.032199999000056, 0.0 ], [ -73.543560631999981, 6.031988854000076, 0.0 ], [ -73.543521262999946, 6.031777710000028, 0.0 ], [ -73.543481894999957, 6.031566565000048, 0.0 ], [ -73.543442526999968, 6.031355420000068, 0.0 ], [ -73.543437302999962, 6.031327404000024, 0.0 ], [ -73.543307073999983, 6.031117004000066, 0.0 ], [ -73.543176845999938, 6.030906604000052, 0.0 ], [ -73.543046616999959, 6.030696204000037, 0.0 ], [ -73.542970477999972, 6.030510129000049, 0.0 ], [ -73.542894339999975, 6.030324054000062, 0.0 ], [ -73.542818200999989, 6.030137979000074, 0.0 ], [ -73.542708440999945, 6.029897214000073, 0.0 ], [ -73.542598680999959, 6.029656448000026, 0.0 ], [ -73.542458493999959, 6.029459499000041, 0.0 ], [ -73.54231830699996, 6.029262550000055, 0.0 ], [ -73.542273843999965, 6.029195127000037, 0.0 ], [ -73.542194024999958, 6.029074091000041, 0.0 ], [ -73.542069742999956, 6.028885633000073, 0.0 ], [ -73.541945460999955, 6.028697174000058, 0.0 ], [ -73.541742074999945, 6.028666951000048, 0.0 ], [ -73.541605499999946, 6.028690500000039, 0.0 ], [ -73.541534899999988, 6.028682500000059, 0.0 ], [ -73.541469599999971, 6.028664400000025, 0.0 ], [ -73.541409399999964, 6.028653400000053, 0.0 ], [ -73.541292699999985, 6.028615600000023, 0.0 ], [ -73.541154951999943, 6.028525893000051, 0.0 ], [ -73.541, 6.0284, 0.0 ], [ -73.540934299999947, 6.028406400000051, 0.0 ], [ -73.540858889999981, 6.028409218000036, 0.0 ], [ -73.540763699999957, 6.028397100000063, 0.0 ], [ -73.540704199999936, 6.028379200000074, 0.0 ], [ -73.540536773999975, 6.028328668000029, 0.0 ], [ -73.540434299999959, 6.028221900000062, 0.0 ], [ -73.540345449999961, 6.028088400000058, 0.0 ], [ -73.540256599999964, 6.027954900000054, 0.0 ], [ -73.540193422999948, 6.027823220000073, 0.0 ], [ -73.540189, 6.027814, 0.0 ], [ -73.540097699999933, 6.02770890000005, 0.0 ], [ -73.539987799999949, 6.027646700000048, 0.0 ], [ -73.539874699999984, 6.027608800000053, 0.0 ], [ -73.539764599999955, 6.027555100000029, 0.0 ], [ -73.539660699999956, 6.027530900000045, 0.0 ], [ -73.53951619999998, 6.027461500000072, 0.0 ], [ -73.539373299999966, 6.027463600000033, 0.0 ], [ -73.53933109999997, 6.027483, 0.0 ], [ -73.539289899999972, 6.027533700000049, 0.0 ], [ -73.539277499999969, 6.027566800000045, 0.0 ], [ -73.539334852999957, 6.027828808000038, 0.0 ], [ -73.539364845999955, 6.027994680000063, 0.0 ], [ -73.539354132999961, 6.028168307000044, 0.0 ], [ -73.539343418999977, 6.028341934000025, 0.0 ], [ -73.539342964999946, 6.02842236400005, 0.0 ], [ -73.539299616999983, 6.028484836000075, 0.0 ], [ -73.539162728999941, 6.028630975000056, 0.0 ], [ -73.539025840999955, 6.028777113000046, 0.0 ], [ -73.538944311999956, 6.028896815000053, 0.0 ], [ -73.538862782999956, 6.02901651600007, 0.0 ], [ -73.538677764999989, 6.02919735100005, 0.0 ], [ -73.538492746999964, 6.029378186000031, 0.0 ], [ -73.538359886999956, 6.029511439000032, 0.0 ], [ -73.538227025999959, 6.029644693000023, 0.0 ], [ -73.538094165999951, 6.029777946000024, 0.0 ], [ -73.537962476999951, 6.029951127000061, 0.0 ], [ -73.537830786999962, 6.03012430800004, 0.0 ], [ -73.537699097999962, 6.03029748900002, 0.0 ], [ -73.537661948999983, 6.030437445000075, 0.0 ], [ -73.537624799999946, 6.030577400000027, 0.0 ], [ -73.537616796999941, 6.030722959000059, 0.0 ], [ -73.537625699999978, 6.030837200000065, 0.0 ], [ -73.537685376999946, 6.03104072800005, 0.0 ], [ -73.537745052999981, 6.031244257000026, 0.0 ], [ -73.537804729999948, 6.031447785000069, 0.0 ], [ -73.5378, 6.0317, 0.0 ], [ -73.537833599999942, 6.031945900000039, 0.0 ], [ -73.53787, 6.03210050000007, 0.0 ], [ -73.537841, 6.032235700000058, 0.0 ], [ -73.537714272999949, 6.032360614000027, 0.0 ], [ -73.537586599999941, 6.032488800000067, 0.0 ], [ -73.537435364999965, 6.03259343700006, 0.0 ], [ -73.537284129999989, 6.032698073000063, 0.0 ], [ -73.537132894999957, 6.032802710000055, 0.0 ], [ -73.536950151999974, 6.032989470000075, 0.0 ], [ -73.536767407999946, 6.033176229000048, 0.0 ], [ -73.536590688999979, 6.033236474000034, 0.0 ], [ -73.536489289999963, 6.033337619000065, 0.0 ], [ -73.536334455999963, 6.033546200000046, 0.0 ], [ -73.5363, 6.0337, 0.0 ], [ -73.536249689999977, 6.033863900000028, 0.0 ], [ -73.536199379999971, 6.034027800000047, 0.0 ], [ -73.53618440799994, 6.034076574000039, 0.0 ], [ -73.53604219999994, 6.034196300000076, 0.0 ], [ -73.53589704999996, 6.034279400000059, 0.0 ], [ -73.53575189999998, 6.034362500000043, 0.0 ], [ -73.535613731999945, 6.034382175000076, 0.0 ], [ -73.535409854999955, 6.03439165900005, 0.0 ], [ -73.535205976999976, 6.034401143000025, 0.0 ], [ -73.535002099999986, 6.034410627000057, 0.0 ], [ -73.534832660999939, 6.034485933000042, 0.0 ], [ -73.534663221999949, 6.034561239000027, 0.0 ], [ -73.534482739999987, 6.034640094000054, 0.0 ], [ -73.534302256999979, 6.034718948000034, 0.0 ], [ -73.534146998999972, 6.03479070700007, 0.0 ], [ -73.533991739999976, 6.03486246500006, 0.0 ], [ -73.533848971999987, 6.034911101000034, 0.0 ], [ -73.533706202999952, 6.034959736000076, 0.0 ], [ -73.533559340999943, 6.035033712000029, 0.0 ], [ -73.533412477999946, 6.035107688000039, 0.0 ], [ -73.533206238999981, 6.035153844000035, 0.0 ], [ -73.533, 6.0352, 0.0 ], [ -73.532772775999945, 6.035275675000037, 0.0 ], [ -73.532574878999981, 6.035356912000054, 0.0 ], [ -73.53237698199996, 6.035438148000026, 0.0 ], [ -73.532238490999987, 6.035469074000048, 0.0 ], [ -73.5321, 6.035499999000024, 0.0 ], [ -73.531947930999934, 6.035552195000037, 0.0 ], [ -73.531795860999978, 6.03560439000006, 0.0 ], [ -73.531577281999944, 6.035722512000063, 0.0 ], [ -73.531414433999942, 6.035885793000034, 0.0 ], [ -73.531353427999989, 6.03602894200003, 0.0 ], [ -73.531309963999945, 6.036208721000037, 0.0 ], [ -73.531266499999958, 6.036388500000044, 0.0 ], [ -73.53120757399995, 6.036523828000043, 0.0 ], [ -73.531148646999952, 6.036659156000042, 0.0 ], [ -73.531064414999946, 6.036873895000042, 0.0 ], [ -73.53098018299994, 6.037088634000042, 0.0 ], [ -73.530916899999966, 6.037228181000046, 0.0 ], [ -73.530853616999934, 6.037367728000049, 0.0 ], [ -73.530801308999969, 6.037537814000075, 0.0 ], [ -73.530749, 6.037707900000044, 0.0 ], [ -73.530711566999969, 6.037840976000041, 0.0 ], [ -73.53067413399998, 6.037974052000038, 0.0 ], [ -73.530657316999964, 6.038138526000068, 0.0 ], [ -73.530640499999947, 6.038303, 0.0 ], [ -73.530555704999983, 6.038419705000024, 0.0 ], [ -73.530470909999963, 6.038536410000063, 0.0 ], [ -73.530385454999987, 6.038668205000022, 0.0 ], [ -73.5303, 6.038799999000048, 0.0 ], [ -73.530119586999945, 6.038923303000047, 0.0 ], [ -73.529939173999935, 6.039046607000046, 0.0 ], [ -73.529758760999982, 6.039169911000045, 0.0 ], [ -73.529744, 6.039179999000055, 0.0 ], [ -73.529507580999962, 6.039272984000036, 0.0 ], [ -73.52927116099994, 6.039365968000027, 0.0 ], [ -73.52903558099996, 6.03943298400003, 0.0 ], [ -73.528800000999979, 6.0395, 0.0 ], [ -73.52862702799996, 6.039513886000066, 0.0 ], [ -73.528454053999951, 6.039527772000042, 0.0 ], [ -73.528285020999988, 6.039407318000031, 0.0 ], [ -73.52817076499997, 6.039309870000068, 0.0 ], [ -73.528056509999942, 6.039212422000048, 0.0 ], [ -73.527928254999949, 6.039156212000023, 0.0 ], [ -73.5278, 6.039100001000065, 0.0 ], [ -73.527560143999949, 6.038974885000073, 0.0 ], [ -73.527438330999985, 6.038865254000029, 0.0 ], [ -73.527316518999953, 6.038755622000053, 0.0 ], [ -73.527214450999963, 6.038547299000072, 0.0 ], [ -73.527112383999963, 6.038338977000024, 0.0 ], [ -73.527010315999973, 6.038130654000042, 0.0 ], [ -73.526934798999946, 6.038107769000021, 0.0 ], [ -73.526876648999973, 6.038102070000036, 0.0 ], [ -73.526779920999957, 6.03809258900003, 0.0 ], [ -73.526625043999957, 6.038077409000039, 0.0 ], [ -73.52640435099994, 6.038114371000063, 0.0 ], [ -73.526360227999987, 6.038126328000033, 0.0 ], [ -73.526332096999965, 6.03813395100002, 0.0 ], [ -73.526257827999984, 6.038154078000048, 0.0 ], [ -73.526028913999937, 6.038177039000061, 0.0 ], [ -73.5258, 6.0382, 0.0 ], [ -73.525666126999965, 6.038191576000031, 0.0 ], [ -73.525502865999954, 6.038192853000055, 0.0 ], [ -73.525340881999966, 6.038200590000031, 0.0 ], [ -73.525178896999989, 6.038208327000063, 0.0 ], [ -73.525023765999947, 6.038217772000053, 0.0 ], [ -73.524868633999972, 6.038227216000053, 0.0 ], [ -73.524672902999953, 6.038246122000032, 0.0 ], [ -73.524477170999944, 6.038265028000069, 0.0 ], [ -73.524215919999961, 6.038280840000027, 0.0 ], [ -73.523954668999977, 6.038296651000053, 0.0 ], [ -73.523788755999988, 6.038305860000037, 0.0 ], [ -73.523763661999965, 6.038305723000065, 0.0 ], [ -73.523740573999987, 6.038305596000043, 0.0 ], [ -73.52359278299997, 6.038345698000057, 0.0 ], [ -73.523444990999963, 6.038385800000071, 0.0 ], [ -73.523288850999961, 6.03843555800006, 0.0 ], [ -73.52313270999997, 6.038485316000049, 0.0 ], [ -73.523067276999939, 6.038515010000026, 0.0 ], [ -73.522888655999964, 6.03857643200007, 0.0 ], [ -73.522710034999989, 6.038637853000068, 0.0 ], [ -73.522519915999965, 6.038649989000021, 0.0 ], [ -73.522329796999941, 6.038662124000041, 0.0 ], [ -73.522115406999944, 6.038654034000047, 0.0 ], [ -73.521901017999937, 6.038645943000063, 0.0 ], [ -73.521731130999967, 6.038581574000034, 0.0 ], [ -73.52156124399994, 6.038517205000062, 0.0 ], [ -73.521467171999973, 6.038406653000038, 0.0 ], [ -73.521373099999948, 6.038296100000025, 0.0 ], [ -73.52125818199994, 6.038197407000041, 0.0 ], [ -73.521143263999988, 6.038098713000068, 0.0 ], [ -73.52113443099995, 6.03809112700003, 0.0 ], [ -73.521112955999968, 6.038071825000031, 0.0 ], [ -73.521011425999973, 6.037992545000066, 0.0 ], [ -73.521005487999957, 6.037987908000048, 0.0 ], [ -73.520989029999953, 6.037944098000025, 0.0 ], [ -73.520970958999953, 6.037895997000021, 0.0 ], [ -73.520951442999944, 6.037820208000028, 0.0 ], [ -73.52093446799995, 6.037754286000052, 0.0 ], [ -73.520926284999973, 6.037739370000054, 0.0 ], [ -73.520891588999973, 6.037676124000029, 0.0 ], [ -73.520868223999969, 6.037633533000076, 0.0 ], [ -73.520857797999952, 6.037614528000063, 0.0 ], [ -73.520767778999982, 6.037522671000033, 0.0 ], [ -73.520756573999961, 6.037515352000071, 0.0 ], [ -73.520618438999975, 6.037425123000048, 0.0 ], [ -73.52057257499996, 6.037407118000033, 0.0 ], [ -73.520448079999937, 6.037358244000075, 0.0 ], [ -73.520393644999956, 6.037346178000064, 0.0 ], [ -73.520330601999945, 6.037332203000062, 0.0 ], [ -73.520272105999936, 6.037284818000046, 0.0 ], [ -73.520107899999971, 6.037151800000061, 0.0 ], [ -73.520003949999989, 6.036975901000062, 0.0 ], [ -73.5199, 6.036800001000074, 0.0 ], [ -73.519759468999951, 6.036683764000031, 0.0 ], [ -73.519548899999961, 6.036563036000075, 0.0 ], [ -73.519338329999982, 6.036442308000062, 0.0 ], [ -73.519127760999936, 6.036321580000049, 0.0 ], [ -73.518917191999947, 6.036200852000036, 0.0 ], [ -73.5188, 6.0361, 0.0 ], [ -73.518639080999947, 6.036096589000067, 0.0 ], [ -73.518478162999941, 6.036093178000044, 0.0 ], [ -73.518307138999944, 6.036094666000054, 0.0 ], [ -73.518136115999937, 6.036096153000074, 0.0 ], [ -73.517998125999952, 6.03610254900002, 0.0 ], [ -73.517951031999985, 6.036104732000069, 0.0 ], [ -73.517857626999955, 6.036109062000037, 0.0 ], [ -73.517667433999975, 6.036098802000026, 0.0 ], [ -73.5175, 6.0361, 0.0 ], [ -73.517360916999962, 6.036107661000074, 0.0 ], [ -73.51722183399994, 6.036115322000057, 0.0 ], [ -73.517168554999955, 6.036119233000022, 0.0 ], [ -73.517010082999946, 6.036130865000075, 0.0 ], [ -73.516851609999947, 6.036142497000071, 0.0 ], [ -73.516833583999983, 6.036150666000026, 0.0 ], [ -73.516665904999968, 6.036153798000043, 0.0 ], [ -73.516543283999965, 6.036156089000031, 0.0 ], [ -73.516305418999934, 6.036203785000055, 0.0 ], [ -73.516205777999971, 6.036203228000034, 0.0 ], [ -73.516107190999946, 6.036229898000045, 0.0 ], [ -73.516063839999958, 6.036243618000071, 0.0 ], [ -73.51588191999997, 6.036271809000027, 0.0 ], [ -73.5157, 6.0363, 0.0 ], [ -73.515477765999947, 6.036329014000046, 0.0 ], [ -73.515255532999959, 6.036358028000052, 0.0 ], [ -73.515033298999981, 6.036387042000058, 0.0 ], [ -73.514776316999985, 6.036416785000029, 0.0 ], [ -73.514519334999989, 6.036446528000056, 0.0 ], [ -73.514262352999936, 6.036476271000026, 0.0 ], [ -73.514087382999946, 6.036508956000034, 0.0 ], [ -73.513843691999966, 6.036554478000028, 0.0 ], [ -73.5136, 6.036599999000032, 0.0 ], [ -73.513594395999974, 6.036602236000022, 0.0 ], [ -73.513366218999977, 6.036693308000054, 0.0 ], [ -73.513132436999967, 6.036786617000075, 0.0 ], [ -73.513006280999946, 6.036836970000024, 0.0 ], [ -73.512880124999981, 6.03688732300003, 0.0 ], [ -73.512867106999977, 6.03689330800006, 0.0 ], [ -73.512644737999949, 6.036995539000031, 0.0 ], [ -73.512422368999978, 6.03709776900007, 0.0 ], [ -73.512374384999987, 6.037119829000062, 0.0 ], [ -73.5122, 6.0372, 0.0 ], [ -73.511933332999945, 6.037233333000074, 0.0 ], [ -73.511666666999986, 6.03726666700004, 0.0 ], [ -73.5114, 6.0373, 0.0 ], [ -73.511287865999975, 6.037385147000066, 0.0 ], [ -73.51117573199997, 6.037470293000069, 0.0 ], [ -73.511170719999939, 6.037474098000075, 0.0 ], [ -73.511095262999959, 6.037569468000072, 0.0 ], [ -73.511000526999965, 6.03768920300007, 0.0 ], [ -73.510999398999957, 6.037690629000053, 0.0 ], [ -73.510879235999937, 6.037825069000064, 0.0 ], [ -73.510759072999974, 6.037959509000075, 0.0 ], [ -73.51066035599996, 6.038106890000051, 0.0 ], [ -73.510561637999956, 6.038254271000028, 0.0 ], [ -73.510549809999986, 6.038271930000064, 0.0 ], [ -73.510421189999988, 6.038463954000065, 0.0 ], [ -73.510406709999984, 6.038496068000029, 0.0 ], [ -73.510351970999977, 6.038560086000075, 0.0 ], [ -73.51019929399996, 6.038738643000045, 0.0 ], [ -73.510054752999963, 6.038916052000047, 0.0 ], [ -73.509965547999968, 6.039042640000048, 0.0 ], [ -73.509876341999984, 6.039169228000048, 0.0 ], [ -73.509794715999988, 6.039285061000044, 0.0 ], [ -73.509740187999967, 6.039362439000058, 0.0 ], [ -73.509626813999944, 6.039568977000044, 0.0 ], [ -73.5095, 6.039799999000024, 0.0 ], [ -73.509363504999953, 6.039964896000072, 0.0 ], [ -73.509261075999973, 6.040088639000032, 0.0 ], [ -73.509158646999936, 6.04021238200005, 0.0 ], [ -73.508997853999972, 6.040363717000048, 0.0 ], [ -73.508883581999953, 6.040471268000033, 0.0 ], [ -73.508778357999972, 6.040605188000029, 0.0 ], [ -73.508705597999949, 6.04069779200006, 0.0 ], [ -73.508617988999958, 6.040833036000038, 0.0 ], [ -73.508530379999968, 6.040968280000072, 0.0 ], [ -73.508532581999987, 6.04102044800004, 0.0 ], [ -73.508539617999986, 6.041187151000031, 0.0 ], [ -73.508546653999986, 6.041353854000022, 0.0 ], [ -73.50858008299997, 6.041551703000039, 0.0 ], [ -73.508613510999965, 6.041749551000066, 0.0 ], [ -73.508646939999949, 6.041947400000026, 0.0 ], [ -73.508671726999978, 6.04214259400004, 0.0 ], [ -73.508696512999961, 6.042337788000054, 0.0 ], [ -73.508721299999934, 6.042532982000068, 0.0 ], [ -73.508760649999942, 6.042766491000066, 0.0 ], [ -73.5088, 6.043, 0.0 ], [ -73.508798066999987, 6.043046274000062, 0.0 ], [ -73.508794557999977, 6.04313029900004, 0.0 ], [ -73.508780283999954, 6.043256380000059, 0.0 ], [ -73.508753438999975, 6.043407530000025, 0.0 ], [ -73.508726593999938, 6.043558680000046, 0.0 ], [ -73.508703095999977, 6.043709509000053, 0.0 ], [ -73.508668730999943, 6.043939672000022, 0.0 ], [ -73.508634364999978, 6.044169836000037, 0.0 ], [ -73.5086, 6.044399999000063, 0.0 ], [ -73.50854802899994, 6.04456695600004, 0.0 ], [ -73.508496056999945, 6.044733912000027, 0.0 ], [ -73.508447184999966, 6.044905984000025, 0.0 ], [ -73.50839831199994, 6.045078056000023, 0.0 ], [ -73.508348733999981, 6.04528354200005, 0.0 ], [ -73.508299155999964, 6.045489028000077, 0.0 ], [ -73.508249577999948, 6.045694514000047, 0.0 ], [ -73.5082, 6.0459, 0.0 ], [ -73.508127294999952, 6.046086251000077, 0.0 ], [ -73.508054588999983, 6.046272503000068, 0.0 ], [ -73.507981883999946, 6.046458754000071, 0.0 ], [ -73.507910682999977, 6.046638336000058, 0.0 ], [ -73.507839482999941, 6.046817919000034, 0.0 ], [ -73.507768281999972, 6.046997501000021, 0.0 ], [ -73.507651211999985, 6.047173126000075, 0.0 ], [ -73.507534140999951, 6.047348751000072, 0.0 ], [ -73.507417070999963, 6.047524376000069, 0.0 ], [ -73.5073, 6.047700001000067, 0.0 ], [ -73.507153738999989, 6.047760862000075, 0.0 ], [ -73.507007477999935, 6.047821723000027, 0.0 ], [ -73.506794223999975, 6.047910460000026, 0.0 ], [ -73.506664376999936, 6.047964492000062, 0.0 ], [ -73.506534528999964, 6.048018523000053, 0.0 ], [ -73.506462838999937, 6.04804835300007, 0.0 ], [ -73.50630668499997, 6.048113331000025, 0.0 ], [ -73.506053342999962, 6.048206666000056, 0.0 ], [ -73.5058, 6.0483, 0.0 ], [ -73.505562234999957, 6.04835859800005, 0.0 ], [ -73.505324470999938, 6.048417196000059, 0.0 ], [ -73.505086705999986, 6.048475794000069, 0.0 ], [ -73.504848940999977, 6.048534391000032, 0.0 ], [ -73.504611175999969, 6.048592989000042, 0.0 ], [ -73.504354235999983, 6.048556318000067, 0.0 ], [ -73.504097295999941, 6.048519647000035, 0.0 ], [ -73.503948647999948, 6.048509824000064, 0.0 ], [ -73.503802681999957, 6.048500177000051, 0.0 ], [ -73.5038, 6.0485, 0.0 ], [ -73.503586814999949, 6.048537938000038, 0.0 ], [ -73.503373629999942, 6.048575876000029, 0.0 ], [ -73.503178627999944, 6.048600025000042, 0.0 ], [ -73.502983625999946, 6.048624174000054, 0.0 ], [ -73.502740384999981, 6.048659180000072, 0.0 ], [ -73.50249714399996, 6.048694185000045, 0.0 ], [ -73.502332734999982, 6.048759274000076, 0.0 ], [ -73.502168325999946, 6.048824363000051, 0.0 ], [ -73.502066367999987, 6.048902782000027, 0.0 ], [ -73.50202963199996, 6.048921631000042, 0.0 ], [ -73.501888002999976, 6.048948899000038, 0.0 ], [ -73.501692316999936, 6.048968420000051, 0.0 ], [ -73.501496629999963, 6.048987941000064, 0.0 ], [ -73.501263550999965, 6.049012135000055, 0.0 ], [ -73.501030471999968, 6.049036328000057, 0.0 ], [ -73.500773046999939, 6.049065431000031, 0.0 ], [ -73.500515620999977, 6.049094533000073, 0.0 ], [ -73.500387494999984, 6.049109643000065, 0.0 ], [ -73.500235958999951, 6.049124963000054, 0.0 ], [ -73.500084422999976, 6.049140282000053, 0.0 ], [ -73.499892210999974, 6.049170141000047, 0.0 ], [ -73.499728071999982, 6.049195639000061, 0.0 ], [ -73.499699998999972, 6.0492, 0.0 ], [ -73.499477875999958, 6.049306665000074, 0.0 ], [ -73.499255752999943, 6.04941333000005, 0.0 ], [ -73.499043599999936, 6.049576117000072, 0.0 ], [ -73.498831446999986, 6.049738904000037, 0.0 ], [ -73.498713341999974, 6.049857384000063, 0.0 ], [ -73.498595235999971, 6.049975863000043, 0.0 ], [ -73.498430235999933, 6.050079180000068, 0.0 ], [ -73.498311616999956, 6.050183314000037, 0.0 ], [ -73.498192996999933, 6.050287448000063, 0.0 ], [ -73.498075150999966, 6.050409180000031, 0.0 ], [ -73.49803841499994, 6.050447127000041, 0.0 ], [ -73.497955035999951, 6.050533256000051, 0.0 ], [ -73.497802313999955, 6.050691014000051, 0.0 ], [ -73.49779614299996, 6.050697389000049, 0.0 ], [ -73.497746337999956, 6.050748835000036, 0.0 ], [ -73.497678033999989, 6.050819391000061, 0.0 ], [ -73.4976, 6.050899999000023, 0.0 ], [ -73.497412685999961, 6.051069928000061, 0.0 ], [ -73.497225370999956, 6.051239858000031, 0.0 ], [ -73.497038056999941, 6.051409787000068, 0.0 ], [ -73.496895869999946, 6.05147912800004, 0.0 ], [ -73.496753681999962, 6.051548469000068, 0.0 ], [ -73.49654026199994, 6.051611352000066, 0.0 ], [ -73.496326840999984, 6.051674234000075, 0.0 ], [ -73.496113420999961, 6.051737117000073, 0.0 ], [ -73.4959, 6.051799999000025, 0.0 ], [ -73.495850337999968, 6.051823403000071, 0.0 ], [ -73.49566598399997, 6.05191028400003, 0.0 ], [ -73.495429894999972, 6.051961064000068, 0.0 ], [ -73.495193804999985, 6.052011844000049, 0.0 ], [ -73.49505583399997, 6.05204916200006, 0.0 ], [ -73.494917861999966, 6.052086479000025, 0.0 ], [ -73.494702470999982, 6.052146777000075, 0.0 ], [ -73.494593875999954, 6.052169717000027, 0.0 ], [ -73.494538731999967, 6.052177998000047, 0.0 ], [ -73.494512937999957, 6.052181329000064, 0.0 ], [ -73.49450134999995, 6.052182316000028, 0.0 ], [ -73.494490475999953, 6.052181483000027, 0.0 ], [ -73.49448169599998, 6.052178533000074, 0.0 ], [ -73.494473890999984, 6.052173108000034, 0.0 ], [ -73.494459233999976, 6.052161686000034, 0.0 ], [ -73.494432773999961, 6.052136845000064, 0.0 ], [ -73.494381853999982, 6.052084021000042, 0.0 ], [ -73.494280952999986, 6.051977433000047, 0.0 ], [ -73.494124712999962, 6.051824818000057, 0.0 ], [ -73.494, 6.0517, 0.0 ], [ -73.493853109999975, 6.051549368000053, 0.0 ] ] ] } }
]
}
