{
"type": "FeatureCollection",
"name": "EVENTO_GEOTECNICO",
"crs": { "type": "name", "properties": { "name": "urn:ogc:def:crs:OGC:1.3:CRS84" } },
"features": [
{ "type": "Feature", "properties": { "DEPTO": "(TOLIMA)", "MUNICIPIO": "SAN SEBASTIÁN DE MARIQUITA", "VEREDA": "PUEBLO NUEVO", "GASODUCTO": "MARIQUITA - CALI", "TRAMO": "Mariquita - Letras", "TP_DUCTO": "Troncal", "DISTRITO": "7", "PK_PAT": "6300", "TP_EVENTO": "CARCAVAS", "PRIORIDAD": "Medio", "AMENAZA": "Medio", "FX2": "20220304_FX2_C07_MC_MAR-LET_PK006+300_VA", "LATITUD": 5.223843, "LONGITUD": -74.940663 }, "geometry": { "type": "Point", "coordinates": [ -74.940663, 5.223843, 0.0 ] } },
{ "type": "Feature", "properties": { "DEPTO": "(CALDAS)", "MUNICIPIO": "MANZANARES", "VEREDA": "LAS MARGARITAS", "GASODUCTO": "MARIQUITA - CALI", "TRAMO": "Manzanares", "TP_DUCTO": "Ramal", "DISTRITO": "7", "PK_PAT": "9449", "TP_EVENTO": "DESLIZAMIENTO TRASLACIONAL", "PRIORIDAD": "Bajo", "AMENAZA": "Bajo", "FX2": "20220209_FX2_C07_MC_R-MANZAN_PK009+449_VA", "LATITUD": 5.236657, "LONGITUD": -75.08111 }, "geometry": { "type": "Point", "coordinates": [ -75.08111, 5.236657, 0.0 ] } },
{ "type": "Feature", "properties": { "DEPTO": "(TOLIMA)", "MUNICIPIO": "HERVEO", "VEREDA": "PADUA", "GASODUCTO": "MARIQUITA - CALI", "TRAMO": "Mariquita - Letras", "TP_DUCTO": "Troncal", "DISTRITO": "7", "PK_PAT": "36809", "TP_EVENTO": "SURCOS", "PRIORIDAD": "Bajo", "AMENAZA": "Bajo", "FX2": "20231207_FX2_C07_MC_MAR-LET_PK036+809_VA", "LATITUD": 5.129642, "LONGITUD": -75.137156 }, "geometry": { "type": "Point", "coordinates": [ -75.137156, 5.129642, 0.0 ] } },
{ "type": "Feature", "properties": { "DEPTO": "(TOLIMA)", "MUNICIPIO": "HERVEO", "VEREDA": "DELGADITAS", "GASODUCTO": "MARIQUITA - CALI", "TRAMO": "Mariquita - Letras", "TP_DUCTO": "Troncal", "DISTRITO": "7", "PK_PAT": "49661", "TP_EVENTO": "OTRO", "PRIORIDAD": "Alto", "AMENAZA": "Alto", "FX2": "20231221_FX2_C07_MC_MAR-LET_PK049+661_VB", "LATITUD": 5.104295, "LONGITUD": -75.22601 }, "geometry": { "type": "Point", "coordinates": [ -75.22601, 5.104295, 0.0 ] } },
{ "type": "Feature", "properties": { "DEPTO": "(TOLIMA)", "MUNICIPIO": "HERVEO", "VEREDA": "DELGADITAS", "GASODUCTO": "MARIQUITA - CALI", "TRAMO": "Mariquita - Letras", "TP_DUCTO": "Troncal", "DISTRITO": "7", "PK_PAT": "52500", "TP_EVENTO": "SOCAVACIÓN LATERAL", "PRIORIDAD": "Alto", "AMENAZA": "Extremo", "FX2": "20210907_FX2_C07_MC_MAR-LET_PK052+500_VC", "LATITUD": 5.091214, "LONGITUD": -75.240966 }, "geometry": { "type": "Point", "coordinates": [ -75.240966, 5.091214, 0.0 ] } },
{ "type": "Feature", "properties": { "DEPTO": "(QUINDIO)", "MUNICIPIO": "LA TEBAIDA", "VEREDA": "ALAMBRADO", "GASODUCTO": "MARIQUITA - CALI", "TRAMO": "Armenia", "TP_DUCTO": "Ramal", "DISTRITO": "7", "PK_PAT": "29750", "TP_EVENTO": "SOCAVACIÓN LATERAL", "PRIORIDAD": "Alto", "AMENAZA": "Extremo", "FX2": "20210715_FX2_C08_MC_R-ARM_PK029+750_VB", "LATITUD": 4.455884, "LONGITUD": -75.850367 }, "geometry": { "type": "Point", "coordinates": [ -75.850367, 4.455884, 0.0 ] } },
{ "type": "Feature", "properties": { "DEPTO": "(VALLE DEL CAUCA)", "MUNICIPIO": "SEVILLA", "VEREDA": "BUENOS AIRES", "GASODUCTO": "MARIQUITA - CALI", "TRAMO": "Caicedonia", "TP_DUCTO": "Ramal", "DISTRITO": "8", "PK_PAT": "1110", "TP_EVENTO": "SURCOS", "PRIORIDAD": "Bajo", "AMENAZA": "Bajo", "FX2": "20240411_FX2_C08_MC_R-CAICED_PK001+110_VA", "LATITUD": 4.405942, "LONGITUD": -75.898003 }, "geometry": { "type": "Point", "coordinates": [ -75.898003, 4.405942, 0.0 ] } },
{ "type": "Feature", "properties": { "DEPTO": "(VALLE DEL CAUCA)", "MUNICIPIO": "SEVILLA", "VEREDA": "MORRO AZUL", "GASODUCTO": "MARIQUITA - CALI", "TRAMO": "Sevilla", "TP_DUCTO": "Ramal", "DISTRITO": "8", "PK_PAT": "13250", "TP_EVENTO": "SOCAVACIÓN LATERAL", "PRIORIDAD": "Alto", "AMENAZA": "Extremo", "FX2": "20230116_FX2_C08_MC_R-SEVILLA_PK013+250_VA", "LATITUD": 4.2846670000000699, "LONGITUD": -75.923835 }, "geometry": { "type": "Point", "coordinates": [ -75.923835, 4.284667, 0.0 ] } },
{ "type": "Feature", "properties": { "DEPTO": "(CASANARE)", "MUNICIPIO": "TAURAMENA", "VEREDA": "AGUABLANCA", "GASODUCTO": "CUSIANA - PORVENIR", "TRAMO": "Cusiana - Miraflores", "TP_DUCTO": "Troncal", "DISTRITO": "4", "PK_PAT": "5560", "TP_EVENTO": "SOCAVACIÓN DE FONDO", "PRIORIDAD": "Bajo", "AMENAZA": "Bajo", "FX2": "20240311_FX2_C04_CP_CUS-MIRAF_PK005+560_VB", "LATITUD": 4.972831, "LONGITUD": -72.741196 }, "geometry": { "type": "Point", "coordinates": [ -72.741196, 4.972831, 0.0 ] } },
{ "type": "Feature", "properties": { "DEPTO": "(CASANARE)", "MUNICIPIO": "TAURAMENA", "VEREDA": "AGUABLANCA", "GASODUCTO": "CUSIANA - PORVENIR", "TRAMO": "Cusiana - Miraflores", "TP_DUCTO": "Troncal", "DISTRITO": "4", "PK_PAT": "8352", "TP_EVENTO": "SOCAVACIÓN DE FONDO", "PRIORIDAD": "Alto", "AMENAZA": "Extremo", "FX2": "20220203_FX2_C04_CP_CUS-MIRAF_PK008+352_VB", "LATITUD": 4.966062, "LONGITUD": -72.759465 }, "geometry": { "type": "Point", "coordinates": [ -72.759465, 4.966062, 0.0 ] } },
{ "type": "Feature", "properties": { "DEPTO": "(CASANARE)", "MUNICIPIO": "TAURAMENA", "VEREDA": "AGUABLANCA", "GASODUCTO": "CUSIANA - PORVENIR", "TRAMO": "Cusiana - Miraflores", "TP_DUCTO": "Troncal", "DISTRITO": "4", "PK_PAT": "9327", "TP_EVENTO": "SOCAVACIÓN DE FONDO", "PRIORIDAD": "Alto", "AMENAZA": "Extremo", "FX2": "20220531_FX2_C04_CP_CUS-MIRAF_PK009+327_VC", "LATITUD": 4.9590240000000563, "LONGITUD": -72.760615 }, "geometry": { "type": "Point", "coordinates": [ -72.760615, 4.959024, 0.0 ] } },
{ "type": "Feature", "properties": { "DEPTO": "(CASANARE)", "MUNICIPIO": "TAURAMENA", "VEREDA": "GUICHIRE", "GASODUCTO": "CUSIANA - PORVENIR", "TRAMO": "Cusiana - Miraflores", "TP_DUCTO": "Troncal", "DISTRITO": "4", "PK_PAT": "11405", "TP_EVENTO": "SOCAVACIÓN DE FONDO", "PRIORIDAD": "Medio", "AMENAZA": "Medio", "FX2": "20240312_FX2_C04_CP_CUS-MIRAF_PK011+405_VA", "LATITUD": 4.9492490000000657, "LONGITUD": -72.775762 }, "geometry": { "type": "Point", "coordinates": [ -72.775762, 4.949249, 0.0 ] } },
{ "type": "Feature", "properties": { "DEPTO": "(CASANARE)", "MUNICIPIO": "TAURAMENA", "VEREDA": "GUICHIRE", "GASODUCTO": "CUSIANA - PORVENIR", "TRAMO": "Cusiana - Miraflores", "TP_DUCTO": "Troncal", "DISTRITO": "4", "PK_PAT": "12387", "TP_EVENTO": "SURCOS", "PRIORIDAD": "Medio", "AMENAZA": "Medio", "FX2": "20240312_FX2_C04_CP_CUS-MIRAF_PK012+387_VA", "LATITUD": 4.9431890000000749, "LONGITUD": -72.781363 }, "geometry": { "type": "Point", "coordinates": [ -72.781363, 4.943189, 0.0 ] } },
{ "type": "Feature", "properties": { "DEPTO": "(CASANARE)", "MUNICIPIO": "TAURAMENA", "VEREDA": "EL OSO", "GASODUCTO": "CUSIANA - PORVENIR", "TRAMO": "Cusiana - Miraflores", "TP_DUCTO": "Troncal", "DISTRITO": "4", "PK_PAT": "16955", "TP_EVENTO": "SOCAVACIÓN DE FONDO", "PRIORIDAD": "Bajo", "AMENAZA": "Bajo", "FX2": "20240405_FX2_C04_CP_CUS-MIRAF_PK016+955_VB", "LATITUD": 4.944355, "LONGITUD": -72.818765 }, "geometry": { "type": "Point", "coordinates": [ -72.818765, 4.944355, 0.0 ] } },
{ "type": "Feature", "properties": { "DEPTO": "(CASANARE)", "MUNICIPIO": "MONTERREY", "VEREDA": "PORVENIR", "GASODUCTO": "CUSIANA - PORVENIR", "TRAMO": "Cusiana - Miraflores", "TP_DUCTO": "Troncal", "DISTRITO": "4", "PK_PAT": "31613", "TP_EVENTO": "CARCAVAS", "PRIORIDAD": "Alto", "AMENAZA": "Extremo", "FX2": "20211013_FX2_C04_CP_CUS-MIRAF_PK031+613_VA", "LATITUD": 4.92497, "LONGITUD": -72.924149 }, "geometry": { "type": "Point", "coordinates": [ -72.924149, 4.92497, 0.0 ] } },
{ "type": "Feature", "properties": { "DEPTO": "(CESAR)", "MUNICIPIO": "TAMALAMEQUE", "VEREDA": "LAS PALMAS", "GASODUCTO": "BALLENA - BARRANCABERMEJA", "TRAMO": "Tamalameque", "TP_DUCTO": "Ramal", "DISTRITO": "6", "PK_PAT": "3677", "TP_EVENTO": "OTRO", "PRIORIDAD": "Alto", "AMENAZA": "Alto", "FX2": "20220118_FX2_PM1_BB_R-EL TAMALAMEQUE_PK003+640_VB", "LATITUD": 8.871607, "LONGITUD": -73.6989966 }, "geometry": { "type": "Point", "coordinates": [ -73.698996599999987, 8.871607, 0.0 ] } },
{ "type": "Feature", "properties": { "DEPTO": "(CASANARE)", "MUNICIPIO": "MONTERREY", "VEREDA": "TIGRANA", "GASODUCTO": "CUSIANA - APIAY - USME", "TRAMO": "Cusiana - Pk65", "TP_DUCTO": "Troncal", "DISTRITO": "4", "PK_PAT": "26628", "TP_EVENTO": "SOCAVACIÓN LATERAL", "PRIORIDAD": "Bajo", "AMENAZA": "Bajo", "FX2": "20240223_FX2_C04_CAU_CUS-PK65_PK026+628_VA", "LATITUD": 4.9049630000000661, "LONGITUD": -72.89097 }, "geometry": { "type": "Point", "coordinates": [ -72.89097, 4.904963, 0.0 ] } },
{ "type": "Feature", "properties": { "DEPTO": "(SANTANDER)", "MUNICIPIO": "BARRANCABERMEJA", "VEREDA": "COMUNEROS", "GASODUCTO": "CENTRO - ORIENTE", "TRAMO": "Barrancabermeja - Sebastopol", "TP_DUCTO": "Troncal", "DISTRITO": "1", "PK_PAT": "7345", "TP_EVENTO": "CARCAVAS", "PRIORIDAD": "Medio", "AMENAZA": "Medio", "FX2": "20230922_FX2_C01_COR_BARRANC-SEB_PK007+345_VB", "LATITUD": 7.0709810000000743, "LONGITUD": -73.805756 }, "geometry": { "type": "Point", "coordinates": [ -73.805756, 7.070981, 0.0 ] } },
{ "type": "Feature", "properties": { "DEPTO": "(SANTANDER)", "MUNICIPIO": "BARRANCABERMEJA", "VEREDA": "TENERIFE", "GASODUCTO": "CENTRO - ORIENTE", "TRAMO": "Barrancabermeja - Sebastopol", "TP_DUCTO": "Troncal", "DISTRITO": "1", "PK_PAT": "24246", "TP_EVENTO": "SOCAVACIÓN LATERAL", "PRIORIDAD": "Bajo", "AMENAZA": "Bajo", "FX2": "20230809_FX2_C01_C0R_BARRANC-SEB_PK024+246_VA", "LATITUD": 6.935644, "LONGITUD": -73.833836 }, "geometry": { "type": "Point", "coordinates": [ -73.833836, 6.935644, 0.0 ] } },
{ "type": "Feature", "properties": { "DEPTO": "(SANTANDER)", "MUNICIPIO": "BARRANCABERMEJA", "VEREDA": "CIENAGA DEL OPON", "GASODUCTO": "CENTRO - ORIENTE", "TRAMO": "Barrancabermeja - Sebastopol", "TP_DUCTO": "Troncal", "DISTRITO": "1", "PK_PAT": "32385", "TP_EVENTO": "CARCAVAS", "PRIORIDAD": "Medio", "AMENAZA": "Medio", "FX2": "20210410_FX2_C01_COR_BARRANC-SEB_PK032+385_VB", "LATITUD": 6.871563, "LONGITUD": -73.864127 }, "geometry": { "type": "Point", "coordinates": [ -73.864127, 6.871563, 0.0 ] } },
{ "type": "Feature", "properties": { "DEPTO": "(SANTANDER)", "MUNICIPIO": "SIMACOTA", "VEREDA": "VIZCAINA ALTA", "GASODUCTO": "CENTRO - ORIENTE", "TRAMO": "Barrancabermeja - Sebastopol", "TP_DUCTO": "Troncal", "DISTRITO": "1", "PK_PAT": "38973", "TP_EVENTO": "CARCAVAS", "PRIORIDAD": "Medio", "AMENAZA": "Medio", "FX2": "20230922_FX2_C01_COR_BARRANC-SEB_PK038+800_VB", "LATITUD": 6.8273980000000734, "LONGITUD": -73.898412 }, "geometry": { "type": "Point", "coordinates": [ -73.898412, 6.827398, 0.0 ] } },
{ "type": "Feature", "properties": { "DEPTO": "(SANTANDER)", "MUNICIPIO": "SIMACOTA", "VEREDA": "PULPAPEL", "GASODUCTO": "CENTRO - ORIENTE", "TRAMO": "Barrancabermeja - Sebastopol", "TP_DUCTO": "Troncal", "DISTRITO": "1", "PK_PAT": "46278", "TP_EVENTO": "SOCAVACIÓN DE FONDO", "PRIORIDAD": "Alto", "AMENAZA": "Extremo", "FX2": "20210309_FX2_C01_COR_BARRANC-SEB_PK046+278_V1", "LATITUD": 6.771245, "LONGITUD": -73.929791 }, "geometry": { "type": "Point", "coordinates": [ -73.929791, 6.771245, 0.0 ] } },
{ "type": "Feature", "properties": { "DEPTO": "(CASANARE)", "MUNICIPIO": "MONTERREY", "VEREDA": "PORVENIR", "GASODUCTO": "CUSIANA - PORVENIR", "TRAMO": "Cusiana - Miraflores", "TP_DUCTO": "Troncal", "DISTRITO": "5", "PK_PAT": "1032", "TP_EVENTO": "SOCAVACIÓN DE FONDO", "PRIORIDAD": "Alto", "AMENAZA": "Extremo", "FX2": "20211013_FX2_C04_CP_CUS-MIRAF_PK034+032_VD", "LATITUD": 4.925279, "LONGITUD": -72.94207 }, "geometry": { "type": "Point", "coordinates": [ -72.94207, 4.925279, 0.0 ] } },
{ "type": "Feature", "properties": { "DEPTO": "(CASANARE)", "MUNICIPIO": "SABANALARGA", "VEREDA": "PLANADAS", "GASODUCTO": "CUSIANA - PORVENIR", "TRAMO": "Cusiana - Miraflores", "TP_DUCTO": "Troncal", "DISTRITO": "5", "PK_PAT": "36638", "TP_EVENTO": "SOCAVACIÓN DE FONDO", "PRIORIDAD": "Alto", "AMENAZA": "Extremo", "FX2": "20211013_FX2_C04_CP_CUS-MIRAF_PK036+650_VA", "LATITUD": 4.9335530000000745, "LONGITUD": -72.963484 }, "geometry": { "type": "Point", "coordinates": [ -72.963484, 4.933553, 0.0 ] } },
{ "type": "Feature", "properties": { "DEPTO": "(CASANARE)", "MUNICIPIO": "SABANALARGA", "VEREDA": "PALMICHAL", "GASODUCTO": "CUSIANA - PORVENIR", "TRAMO": "Cusiana - Miraflores", "TP_DUCTO": "Troncal", "DISTRITO": "5", "PK_PAT": "9826", "TP_EVENTO": "SOCAVACIÓN DE FONDO", "PRIORIDAD": "Bajo", "AMENAZA": "Bajo", "FX2": "20240403_FX2_C04_PB_CUS-MIRAF_PK009+826(PK42+844)_VA", "LATITUD": 4.9565200000000686, "LONGITUD": -72.997548 }, "geometry": { "type": "Point", "coordinates": [ -72.997548, 4.95652, 0.0 ] } },
{ "type": "Feature", "properties": { "DEPTO": "(CASANARE)", "MUNICIPIO": "SABANALARGA", "VEREDA": "PUERTO NUEVO", "GASODUCTO": "CUSIANA - PORVENIR", "TRAMO": "Cusiana - Miraflores", "TP_DUCTO": "Troncal", "DISTRITO": "5", "PK_PAT": "46615", "TP_EVENTO": "REPTACION", "PRIORIDAD": "Alto", "AMENAZA": "Alto", "FX2": "20211014_FX2_C04_CP_CUS-MIRAF_PK046+658_VA", "LATITUD": 4.9871630000000664, "LONGITUD": -73.001092 }, "geometry": { "type": "Point", "coordinates": [ -73.001092, 4.987163, 0.0 ] } },
{ "type": "Feature", "properties": { "DEPTO": "(BOYACÁ)", "MUNICIPIO": "PÁEZ", "VEREDA": "CANALES", "GASODUCTO": "CUSIANA - PORVENIR", "TRAMO": "Cusiana - Miraflores", "TP_DUCTO": "Troncal", "DISTRITO": "5", "PK_PAT": "14305", "TP_EVENTO": "SOCAVACIÓN DE FONDO", "PRIORIDAD": "Alto", "AMENAZA": "Extremo", "FX2": "20211014_FX2_C04_CP_CUS-MIRAF_PK047+254_VC", "LATITUD": 4.9915580000000546, "LONGITUD": -72.998889 }, "geometry": { "type": "Point", "coordinates": [ -72.998889, 4.991558, 0.0 ] } },
{ "type": "Feature", "properties": { "DEPTO": "(BOYACÁ)", "MUNICIPIO": "PÁEZ", "VEREDA": "CANALES", "GASODUCTO": "CUSIANA - PORVENIR", "TRAMO": "Cusiana - Miraflores", "TP_DUCTO": "Troncal", "DISTRITO": "5", "PK_PAT": "17305", "TP_EVENTO": "SOCAVACIÓN DE FONDO", "PRIORIDAD": "Alto", "AMENAZA": "Extremo", "FX2": "20211014_FX2_C04_CP_CUS-MIRAF_PK050+114_VB", "LATITUD": 5.011882000000071, "LONGITUD": -72.985952 }, "geometry": { "type": "Point", "coordinates": [ -72.985952, 5.011882, 0.0 ] } },
{ "type": "Feature", "properties": { "DEPTO": "(SANTANDER)", "MUNICIPIO": "SAN VICENTE DE CHUCURÍ", "VEREDA": "NUEVO MUNDO", "GASODUCTO": "SUR DE BOLIVAR", "TRAMO": "Playa Roja - San Vicente", "TP_DUCTO": "Aislado", "DISTRITO": "1", "PK_PAT": "10188", "TP_EVENTO": "DESLIZAMIENTO ROTACIONAL", "PRIORIDAD": "Alto", "AMENAZA": "Extremo", "FX2": "20230613_FX2_C01_SBO_S VIC-PLAYA R_PK010+157_VA", "LATITUD": 6.8825684, "LONGITUD": -73.5190492 }, "geometry": { "type": "Point", "coordinates": [ -73.519049199999984, 6.882568400000025, 0.0 ] } },
{ "type": "Feature", "properties": { "DEPTO": "(CALDAS)", "MUNICIPIO": "MANIZALES", "VEREDA": "EL PORVENIR", "GASODUCTO": "MARIQUITA - CALI", "TRAMO": "Neira", "TP_DUCTO": "Ramal", "DISTRITO": "7", "PK_PAT": "10845", "TP_EVENTO": "DESLIZAMIENTO ROTACIONAL", "PRIORIDAD": "Alto", "AMENAZA": "Extremo", "FX2": "20210304_FX2_C07_MC_R-NEIRA_PK010+600_VF", "LATITUD": 5.092722, "LONGITUD": -75.477519 }, "geometry": { "type": "Point", "coordinates": [ -75.477519, 5.092722, 0.0 ] } },
{ "type": "Feature", "properties": { "DEPTO": "(BOYACÁ)", "MUNICIPIO": "TUNUNGUÁ", "VEREDA": "PEÑA BLANCA", "GASODUCTO": "CENTRO - ORIENTE", "TRAMO": "PK7+200 - PK17+500", "TP_DUCTO": "Troncal", "DISTRITO": "3", "PK_PAT": "15092", "TP_EVENTO": "DESLIZAMIENTO ROTACIONAL", "PRIORIDAD": "Medio", "AMENAZA": "Medio", "FX2": "20230317_FX2_C03_COR_7+200 - 17+500_PK015+485_VA", "LATITUD": 5.7323000000000661, "LONGITUD": -73.9489 }, "geometry": { "type": "Point", "coordinates": [ -73.9489, 5.7323, 0.0 ] } },
{ "type": "Feature", "properties": { "DEPTO": "(LA GUAJIRA)", "MUNICIPIO": "MANAURE", "VEREDA": "SHICHEPEHO", "GASODUCTO": "BALLENA - BARRANCABERMEJA", "TRAMO": "Ballenas - Hato Nuevo", "TP_DUCTO": "Troncal", "DISTRITO": "6", "PK_PAT": "4243", "TP_EVENTO": "CARCAVAS", "PRIORIDAD": "Alto", "AMENAZA": "Extremo", "FX2": "20210626_FX2_PM1_BB_BALL-HATO_PK004+243_VA", "LATITUD": 11.660083, "LONGITUD": -72.707805 }, "geometry": { "type": "Point", "coordinates": [ -72.707805, 11.660083, 0.0 ] } },
{ "type": "Feature", "properties": { "DEPTO": "(LA GUAJIRA)", "MUNICIPIO": "MANAURE", "VEREDA": "SHICHEPEHO", "GASODUCTO": "BALLENA - BARRANCABERMEJA", "TRAMO": "Ballenas - Hato Nuevo", "TP_DUCTO": "Troncal", "DISTRITO": "6", "PK_PAT": "6204", "TP_EVENTO": "CARCAVAS", "PRIORIDAD": "Bajo", "AMENAZA": "Bajo", "FX2": "20211112_FX2_PM01_BB_BALL-HATO_PK006+204_VA.xlsx", "LATITUD": 11.643529, "LONGITUD": -72.702 }, "geometry": { "type": "Point", "coordinates": [ -72.702, 11.643529, 0.0 ] } },
{ "type": "Feature", "properties": { "DEPTO": "(LA GUAJIRA)", "MUNICIPIO": "MANAURE", "VEREDA": "PARNA", "GASODUCTO": "BALLENA - BARRANCABERMEJA", "TRAMO": "Ballenas - Hato Nuevo", "TP_DUCTO": "Troncal", "DISTRITO": "6", "PK_PAT": "16769", "TP_EVENTO": "CARCAVAS", "PRIORIDAD": "Bajo", "AMENAZA": "Bajo", "FX2": "20210625_FX2_PM1_BB_R-BALL-HATO_PK016+769_VB", "LATITUD": 11.552734, "LONGITUD": -72.672192 }, "geometry": { "type": "Point", "coordinates": [ -72.672192, 11.552734, 0.0 ] } },
{ "type": "Feature", "properties": { "DEPTO": "(LA GUAJIRA)", "MUNICIPIO": "MANAURE", "VEREDA": "SIN INFORMACION", "GASODUCTO": "BALLENA - BARRANCABERMEJA", "TRAMO": "Ballenas - Hato Nuevo", "TP_DUCTO": "Troncal", "DISTRITO": "6", "PK_PAT": "19987", "TP_EVENTO": "CARCAVAS", "PRIORIDAD": "Bajo", "AMENAZA": "Bajo", "FX2": "20210625_FX2_PM1_BB_R-BALL-HATO_PK019+987_VA", "LATITUD": 11.525003, "LONGITUD": -72.663054 }, "geometry": { "type": "Point", "coordinates": [ -72.663054, 11.525003, 0.0 ] } },
{ "type": "Feature", "properties": { "DEPTO": "(LA GUAJIRA)", "MUNICIPIO": "MANAURE", "VEREDA": "SIN INFORMACION", "GASODUCTO": "BALLENA - BARRANCABERMEJA", "TRAMO": "Ballenas - Hato Nuevo", "TP_DUCTO": "Troncal", "DISTRITO": "6", "PK_PAT": "22826", "TP_EVENTO": "CARCAVAS", "PRIORIDAD": "Bajo", "AMENAZA": "Bajo", "FX2": "20210625_FX2_PM1_BB_R-BALL-HATO_PK022+826_VA", "LATITUD": 11.500551, "LONGITUD": -72.655005 }, "geometry": { "type": "Point", "coordinates": [ -72.655005, 11.500551, 0.0 ] } },
{ "type": "Feature", "properties": { "DEPTO": "(LA GUAJIRA)", "MUNICIPIO": "RIOHACHA", "VEREDA": "RESGUARDO INDÍGENA WAYUU", "GASODUCTO": "BALLENA - BARRANCABERMEJA", "TRAMO": "Ballenas - Hato Nuevo", "TP_DUCTO": "Troncal", "DISTRITO": "6", "PK_PAT": "43804", "TP_EVENTO": "SURCOS", "PRIORIDAD": "Medio", "AMENAZA": "Medio", "FX2": "20220726_FX2_PM01_BB_BALL-HATO_PK043+804_VA.xlsx", "LATITUD": 11.314322, "LONGITUD": -72.636742 }, "geometry": { "type": "Point", "coordinates": [ -72.636742, 11.314322, 0.0 ] } },
{ "type": "Feature", "properties": { "DEPTO": "(LA GUAJIRA)", "MUNICIPIO": "RIOHACHA", "VEREDA": "RESGUARDO INDÍGENA WAYUU", "GASODUCTO": "BALLENA - BARRANCABERMEJA", "TRAMO": "Ballenas - Hato Nuevo", "TP_DUCTO": "Troncal", "DISTRITO": "6", "PK_PAT": "43804", "TP_EVENTO": "SURCOS", "PRIORIDAD": "Medio", "AMENAZA": "Medio", "FX2": "20210526_FX2_PM01_BB_BALL-HATO_PK044+558_VA.xlsx", "LATITUD": 11.307558, "LONGITUD": -72.636075 }, "geometry": { "type": "Point", "coordinates": [ -72.636075, 11.307558, 0.0 ] } },
{ "type": "Feature", "properties": { "DEPTO": "(LA GUAJIRA)", "MUNICIPIO": "RIOHACHA", "VEREDA": "VILLA MARTÍN", "GASODUCTO": "BALLENA - BARRANCABERMEJA", "TRAMO": "Ballenas - Hato Nuevo", "TP_DUCTO": "Troncal", "DISTRITO": "6", "PK_PAT": "50782", "TP_EVENTO": "CARCAVAS", "PRIORIDAD": "Medio", "AMENAZA": "Medio", "FX2": "20220808_FX2_PM01_BB_BALL-HATO_PK050+782_VA.xlsx", "LATITUD": 11.254911, "LONGITUD": -72.617935 }, "geometry": { "type": "Point", "coordinates": [ -72.617935, 11.254911, 0.0 ] } },
{ "type": "Feature", "properties": { "DEPTO": "(LA GUAJIRA)", "MUNICIPIO": "RIOHACHA", "VEREDA": "VILLA MARTÍN", "GASODUCTO": "BALLENA - BARRANCABERMEJA", "TRAMO": "Ballenas - Hato Nuevo", "TP_DUCTO": "Troncal", "DISTRITO": "6", "PK_PAT": "51704", "TP_EVENTO": "SURCOS", "PRIORIDAD": "Medio", "AMENAZA": "Medio", "FX2": "20220808_FX2_PM01_BB_BALL-HATO_PK051+704_VA.xlsx", "LATITUD": 11.246899, "LONGITUD": -72.615842 }, "geometry": { "type": "Point", "coordinates": [ -72.615842, 11.246899, 0.0 ] } },
{ "type": "Feature", "properties": { "DEPTO": "(LA GUAJIRA)", "MUNICIPIO": "RIOHACHA", "VEREDA": "VILLA MARTÍN", "GASODUCTO": "BALLENA - BARRANCABERMEJA", "TRAMO": "Ballenas - Hato Nuevo", "TP_DUCTO": "Troncal", "DISTRITO": "6", "PK_PAT": "52688", "TP_EVENTO": "SURCOS", "PRIORIDAD": "Bajo", "AMENAZA": "Bajo", "FX2": "20220806_FX2_PM01_BB_BALL-HATO_PK052+688_VB.xlsx", "LATITUD": 11.238488, "LONGITUD": -72.613634 }, "geometry": { "type": "Point", "coordinates": [ -72.613634, 11.238488, 0.0 ] } },
{ "type": "Feature", "properties": { "DEPTO": "(LA GUAJIRA)", "MUNICIPIO": "ALBANIA", "VEREDA": "CABECERA MUNICIPAL DE ALBANIA", "GASODUCTO": "BALLENA - BARRANCABERMEJA", "TRAMO": "Ballenas - Hato Nuevo", "TP_DUCTO": "Troncal", "DISTRITO": "6", "PK_PAT": "61500", "TP_EVENTO": "CARCAVAS", "PRIORIDAD": "Medio", "AMENAZA": "Medio", "FX2": "20220506_FX2_PM1_BB_BALL-HATO_PK061+500_VA", "LATITUD": 11.17197, "LONGITUD": -72.614103 }, "geometry": { "type": "Point", "coordinates": [ -72.614103, 11.17197, 0.0 ] } },
{ "type": "Feature", "properties": { "DEPTO": "(LA GUAJIRA)", "MUNICIPIO": "EL MOLINO", "VEREDA": "ILUSIONES", "GASODUCTO": "BALLENA - BARRANCABERMEJA", "TRAMO": "El Molino", "TP_DUCTO": "Ramal", "DISTRITO": "6", "PK_PAT": "7264", "TP_EVENTO": "SOCAVACIÓN DE FONDO", "PRIORIDAD": "Alto", "AMENAZA": "Alto", "FX2": "20220505_FX2_PM1_BB_R-EL MOLINO_PK007+264_VB", "LATITUD": 10.657568, "LONGITUD": -72.933553 }, "geometry": { "type": "Point", "coordinates": [ -72.933553, 10.657568, 0.0 ] } },
{ "type": "Feature", "properties": { "DEPTO": "(LA GUAJIRA)", "MUNICIPIO": "HATONUEVO", "VEREDA": "HATO NUEVO", "GASODUCTO": "BALLENA - BARRANCABERMEJA", "TRAMO": "Hato Nuevo - Jagua del Pilar", "TP_DUCTO": "Troncal", "DISTRITO": "6", "PK_PAT": "81142", "TP_EVENTO": "SURCOS", "PRIORIDAD": "Bajo", "AMENAZA": "Bajo", "FX2": "20231122_FX2_PM01_BB_JAGUA-CASAC_PK081+142_VA.xlsx", "LATITUD": 11.070186, "LONGITUD": -72.750905 }, "geometry": { "type": "Point", "coordinates": [ -72.750905, 11.070186, 0.0 ] } },
{ "type": "Feature", "properties": { "DEPTO": "(LA GUAJIRA)", "MUNICIPIO": "HATONUEVO", "VEREDA": "HATO NUEVO", "GASODUCTO": "BALLENA - BARRANCABERMEJA", "TRAMO": "Hato Nuevo - Jagua del Pilar", "TP_DUCTO": "Troncal", "DISTRITO": "6", "PK_PAT": "81597", "TP_EVENTO": "CARCAVAS", "PRIORIDAD": "Bajo", "AMENAZA": "Bajo", "FX2": "20231122_FX2_PM01_BB_JAGUA-CASAC_PK081+597_VA.xlsx", "LATITUD": 11.066362, "LONGITUD": -72.749508 }, "geometry": { "type": "Point", "coordinates": [ -72.749508, 11.066362, 0.0 ] } },
{ "type": "Feature", "properties": { "DEPTO": "(LA GUAJIRA)", "MUNICIPIO": "FONSECA", "VEREDA": "AREA CABECERA MUNICIPIAL", "GASODUCTO": "BALLENA - BARRANCABERMEJA", "TRAMO": "Hato Nuevo - Jagua del Pilar", "TP_DUCTO": "Troncal", "DISTRITO": "6", "PK_PAT": "104770", "TP_EVENTO": "SOCAVACIÓN LATERAL", "PRIORIDAD": "Bajo", "AMENAZA": "Bajo", "FX2": "20231122_FX2_PM01_BB_JAGUA-CASAC_PK104+770 (PK104+580)_VA.xlsx", "LATITUD": 10.898799, "LONGITUD": -72.859575 }, "geometry": { "type": "Point", "coordinates": [ -72.859575, 10.898799, 0.0 ] } },
{ "type": "Feature", "properties": { "DEPTO": "(LA GUAJIRA)", "MUNICIPIO": "SAN JUAN DEL CESAR", "VEREDA": "LOS PONDORES", "GASODUCTO": "BALLENA - BARRANCABERMEJA", "TRAMO": "San Juan", "TP_DUCTO": "Ramal", "DISTRITO": "6", "PK_PAT": "4693", "TP_EVENTO": "SOCAVACIÓN DE FONDO", "PRIORIDAD": "Medio", "AMENAZA": "Medio", "FX2": "20220505_FX2_PM1_BB_R-SAN JUAN_PK004+693_VB", "LATITUD": 10.758983, "LONGITUD": -72.995092 }, "geometry": { "type": "Point", "coordinates": [ -72.995092, 10.758983, 0.0 ] } },
{ "type": "Feature", "properties": { "DEPTO": "(BOYACÁ)", "MUNICIPIO": "TUNJA", "VEREDA": "TRAS DEL ALTO", "GASODUCTO": "BOYACA - SANTANDER", "TRAMO": "Teatinos - Belencito", "TP_DUCTO": "Troncal", "DISTRITO": "5", "PK_PAT": "9890", "TP_EVENTO": "CARCAVAS", "PRIORIDAD": "Medio", "AMENAZA": "Medio", "FX2": "20230725_FX2_C05_GBS_TEAT-BELENC_PK009+890_VA.xlsx", "LATITUD": 5.546066000000053, "LONGITUD": -73.403757 }, "geometry": { "type": "Point", "coordinates": [ -73.403757, 5.546066, 0.0 ] } },
{ "type": "Feature", "properties": { "DEPTO": "(BOYACÁ)", "MUNICIPIO": "MOTAVITA", "VEREDA": "CARBONERA", "GASODUCTO": "BOYACA - SANTANDER", "TRAMO": "Teatinos - Belencito", "TP_DUCTO": "Troncal", "DISTRITO": "5", "PK_PAT": "13950", "TP_EVENTO": "SURCOS", "PRIORIDAD": "Bajo", "AMENAZA": "Bajo", "FX2": "20210329_FX2_C05_GBS_TEAT-BELENC_PK013+950_VB", "LATITUD": 5.5713500000000522, "LONGITUD": -73.381147 }, "geometry": { "type": "Point", "coordinates": [ -73.381147, 5.57135, 0.0 ] } },
{ "type": "Feature", "properties": { "DEPTO": "(BOYACÁ)", "MUNICIPIO": "OICATÁ", "VEREDA": "PORAVITA", "GASODUCTO": "BOYACA - SANTANDER", "TRAMO": "Teatinos - Belencito", "TP_DUCTO": "Troncal", "DISTRITO": "5", "PK_PAT": "23057", "TP_EVENTO": "SURCOS", "PRIORIDAD": "Bajo", "AMENAZA": "Bajo", "FX2": "20230808_FX2_C05_GBS_TEAT-BELENC_PK023+067_VA", "LATITUD": 5.609703, "LONGITUD": -73.318876 }, "geometry": { "type": "Point", "coordinates": [ -73.318876, 5.609703, 0.0 ] } },
{ "type": "Feature", "properties": { "DEPTO": "(BOYACÁ)", "MUNICIPIO": "PAIPA", "VEREDA": "LA PLAYA", "GASODUCTO": "BOYACA - SANTANDER", "TRAMO": "Teatinos - Belencito", "TP_DUCTO": "Troncal", "DISTRITO": "5", "PK_PAT": "54158", "TP_EVENTO": "SOCAVACIÓN LATERAL", "PRIORIDAD": "Medio", "AMENAZA": "Medio", "FX2": "20230905_FX2_C05_GBS_TEAT-BELENC_PK054+158_VA", "LATITUD": 5.741741, "LONGITUD": -73.114977 }, "geometry": { "type": "Point", "coordinates": [ -73.114977, 5.741741, 0.0 ] } },
{ "type": "Feature", "properties": { "DEPTO": "(CASANARE)", "MUNICIPIO": "AGUAZUL", "VEREDA": "TURUA", "GASODUCTO": "CUSIANA - APIAY - USME", "TRAMO": "Aguazul", "TP_DUCTO": "Ramal", "DISTRITO": "4", "PK_PAT": "8365", "TP_EVENTO": "SOCAVACIÓN DE FONDO", "PRIORIDAD": "Bajo", "AMENAZA": "Bajo", "FX2": "20240415_FX2_C04_CAU_R-AGUAZUL_PK008+365_VA", "LATITUD": 5.029024, "LONGITUD": -72.652317 }, "geometry": { "type": "Point", "coordinates": [ -72.652317, 5.029024, 0.0 ] } },
{ "type": "Feature", "properties": { "DEPTO": "(CASANARE)", "MUNICIPIO": "AGUAZUL", "VEREDA": "TURUA", "GASODUCTO": "CUSIANA - APIAY - USME", "TRAMO": "Aguazul", "TP_DUCTO": "Ramal", "DISTRITO": "4", "PK_PAT": "10504", "TP_EVENTO": "SURCOS", "PRIORIDAD": "Medio", "AMENAZA": "Medio", "FX2": "20240415_FX2_C04_CAU_R-AGUAZUL_PK010+504_VA", "LATITUD": 5.039409, "LONGITUD": -72.637104 }, "geometry": { "type": "Point", "coordinates": [ -72.637104, 5.039409, 0.0 ] } },
{ "type": "Feature", "properties": { "DEPTO": "(CASANARE)", "MUNICIPIO": "AGUAZUL", "VEREDA": "RIO CHIQUITO", "GASODUCTO": "CUSIANA - APIAY - USME", "TRAMO": "Aguazul", "TP_DUCTO": "Ramal", "DISTRITO": "4", "PK_PAT": "17063", "TP_EVENTO": "CARCAVAS", "PRIORIDAD": "Medio", "AMENAZA": "Medio", "FX2": "20240416_FX2_C04_CAU_R-AGUAZUL_PK017+063_VB", "LATITUD": 5.090518, "LONGITUD": -72.615281 }, "geometry": { "type": "Point", "coordinates": [ -72.615281, 5.090518, 0.0 ] } },
{ "type": "Feature", "properties": { "DEPTO": "(CASANARE)", "MUNICIPIO": "AGUAZUL", "VEREDA": "EL SALITRE", "GASODUCTO": "CUSIANA - APIAY - USME", "TRAMO": "Aguazul", "TP_DUCTO": "Ramal", "DISTRITO": "4", "PK_PAT": "26673", "TP_EVENTO": "SOCAVACIÓN DE FONDO", "PRIORIDAD": "Bajo", "AMENAZA": "Bajo", "FX2": "20240419_FX2_C04_CAU_R-AGUAZUL_PK026+673_VA", "LATITUD": 5.1598480000000677, "LONGITUD": -72.571682 }, "geometry": { "type": "Point", "coordinates": [ -72.571682, 5.159848, 0.0 ] } },
{ "type": "Feature", "properties": { "DEPTO": "(QUINDIO)", "MUNICIPIO": "ARMENIA", "VEREDA": "LA INDIA", "GASODUCTO": "MARIQUITA - CALI", "TRAMO": "Montenegro", "TP_DUCTO": "Ramal", "DISTRITO": "7", "PK_PAT": "5355", "TP_EVENTO": "SOCAVACIÓN DE FONDO", "PRIORIDAD": "Alto", "AMENAZA": "Extremo", "FX2": "20220125_FX2_C08_MC_R-MONTENEG_PK005+355_VA", "LATITUD": 4.5257100000000605, "LONGITUD": -75.745476 }, "geometry": { "type": "Point", "coordinates": [ -75.745476, 4.52571, 0.0 ] } },
{ "type": "Feature", "properties": { "DEPTO": "(VALLE DEL CAUCA)", "MUNICIPIO": "ZARZAL", "VEREDA": "EL VERGEL", "GASODUCTO": "MARIQUITA - CALI", "TRAMO": "Zarzal", "TP_DUCTO": "Ramal", "DISTRITO": "8", "PK_PAT": "100", "TP_EVENTO": "CARCAVAS", "PRIORIDAD": "Medio", "AMENAZA": "Medio", "FX2": "20230609_FX2_C08_MC_R-ZARZAL_PK000+100_VA", "LATITUD": 4.3889560000000643, "LONGITUD": -76.0575 }, "geometry": { "type": "Point", "coordinates": [ -76.0575, 4.388956, 0.0 ] } },
{ "type": "Feature", "properties": { "DEPTO": "(TOLIMA)", "MUNICIPIO": "HERVEO", "VEREDA": "LETRAS", "GASODUCTO": "MARIQUITA - CALI", "TRAMO": "Letras - Marsella", "TP_DUCTO": "Troncal", "DISTRITO": "7", "PK_PAT": "67756", "TP_EVENTO": "DESLIZAMIENTO TRASLACIONAL", "PRIORIDAD": "Medio", "AMENAZA": "Medio", "FX2": "20240104_FX2_C07_MC_LET-MARS_PK067+756_VB", "LATITUD": 5.060438, "LONGITUD": -75.340642 }, "geometry": { "type": "Point", "coordinates": [ -75.340642, 5.060438, 0.0 ] } },
{ "type": "Feature", "properties": { "DEPTO": "(CALDAS)", "MUNICIPIO": "MANIZALES", "VEREDA": "LA ENEA PARTE", "GASODUCTO": "MARIQUITA - CALI", "TRAMO": "Letras - Marsella", "TP_DUCTO": "Troncal", "DISTRITO": "7", "PK_PAT": "75250", "TP_EVENTO": "DESLIZAMIENTO TRASLACIONAL", "PRIORIDAD": "Alto", "AMENAZA": "Alto", "FX2": "20220211_FX2_C07_MC_LET-MARS_PK075+250_VA", "LATITUD": 5.050627, "LONGITUD": -75.400987 }, "geometry": { "type": "Point", "coordinates": [ -75.400987, 5.050627, 0.0 ] } },
{ "type": "Feature", "properties": { "DEPTO": "(CALDAS)", "MUNICIPIO": "MANIZALES", "VEREDA": "LA ENEA PARTE", "GASODUCTO": "MARIQUITA - CALI", "TRAMO": "Letras - Marsella", "TP_DUCTO": "Troncal", "DISTRITO": "7", "PK_PAT": "77865", "TP_EVENTO": "DESLIZAMIENTO ROTACIONAL", "PRIORIDAD": "Alto", "AMENAZA": "Alto", "FX2": "20220526_FX2_C07_MC_LET-MARS_PK077+865_VA", "LATITUD": 5.037917, "LONGITUD": -75.416797 }, "geometry": { "type": "Point", "coordinates": [ -75.416797, 5.037917, 0.0 ] } },
{ "type": "Feature", "properties": { "DEPTO": "(CALDAS)", "MUNICIPIO": "MANIZALES", "VEREDA": "ÁREA URBANA", "GASODUCTO": "MARIQUITA - CALI", "TRAMO": "Letras - Marsella", "TP_DUCTO": "Troncal", "DISTRITO": "7", "PK_PAT": "79082", "TP_EVENTO": "REPTACION", "PRIORIDAD": "Alto", "AMENAZA": "Extremo", "FX2": "20210324_FX2_C07_MC_LET-MARS_PK079+082_VA", "LATITUD": 5.033556, "LONGITUD": -75.425798 }, "geometry": { "type": "Point", "coordinates": [ -75.425798, 5.033556, 0.0 ] } },
{ "type": "Feature", "properties": { "DEPTO": "(CALDAS)", "MUNICIPIO": "VILLAMARÍA", "VEREDA": "EL AVION", "GASODUCTO": "MARIQUITA - CALI", "TRAMO": "Letras - Marsella", "TP_DUCTO": "Troncal", "DISTRITO": "7", "PK_PAT": "96288", "TP_EVENTO": "DESLIZAMIENTO TRASLACIONAL", "PRIORIDAD": "Bajo", "AMENAZA": "Bajo", "FX2": "20220509_FX2_C07_MC_LET-MARS_PK096+288_VA", "LATITUD": 5.000564000000054, "LONGITUD": -75.543485 }, "geometry": { "type": "Point", "coordinates": [ -75.543485, 5.000564, 0.0 ] } },
{ "type": "Feature", "properties": { "DEPTO": "(CALDAS)", "MUNICIPIO": "VILLAMARÍA", "VEREDA": "NUEVA PRIMAVERA", "GASODUCTO": "MARIQUITA - CALI", "TRAMO": "Letras - Marsella", "TP_DUCTO": "Troncal", "DISTRITO": "7", "PK_PAT": "99744", "TP_EVENTO": "SOCAVACIÓN LATERAL", "PRIORIDAD": "Alto", "AMENAZA": "Alto", "FX2": "20231012_FX2_C07_MC_LET-MARS_PK099+744_VA", "LATITUD": 4.993326, "LONGITUD": -75.56847 }, "geometry": { "type": "Point", "coordinates": [ -75.56847, 4.993326, 0.0 ] } },
{ "type": "Feature", "properties": { "DEPTO": "(CALDAS)", "MUNICIPIO": "CHINCHINÁ", "VEREDA": "LA FLORESTA", "GASODUCTO": "MARIQUITA - CALI", "TRAMO": "Letras - Marsella", "TP_DUCTO": "Troncal", "DISTRITO": "7", "PK_PAT": "110290", "TP_EVENTO": "CARCAVAS", "PRIORIDAD": "Bajo", "AMENAZA": "Bajo", "FX2": "20231012_FX2_C07_MC_LET-MARS_PK110+290_VA", "LATITUD": 4.9965, "LONGITUD": -75.649272 }, "geometry": { "type": "Point", "coordinates": [ -75.649272, 4.9965, 0.0 ] } },
{ "type": "Feature", "properties": { "DEPTO": "(CALDAS)", "MUNICIPIO": "VILLAMARÍA", "VEREDA": "LLANITOS", "GASODUCTO": "MARIQUITA - CALI", "TRAMO": "Letras - Marsella", "TP_DUCTO": "Troncal", "DISTRITO": "7", "PK_PAT": "95300", "TP_EVENTO": "DESLIZAMIENTO TRASLACIONAL", "PRIORIDAD": "Medio", "AMENAZA": "Medio", "FX2": "20220405_FX2_C07_MC_LET-MARS_PK095+300_VA", "LATITUD": 4.9970000000000709, "LONGITUD": -75.536278 }, "geometry": { "type": "Point", "coordinates": [ -75.536278, 4.997, 0.0 ] } },
{ "type": "Feature", "properties": { "DEPTO": "(CASANARE)", "MUNICIPIO": "TAURAMENA", "VEREDA": "CHAPARRAL", "GASODUCTO": "CUSIANA - APIAY - USME", "TRAMO": "Cusiana - Pk65", "TP_DUCTO": "Troncal", "DISTRITO": "4", "PK_PAT": "1415", "TP_EVENTO": "CARCAVAS", "PRIORIDAD": "Alto", "AMENAZA": "Extremo", "FX2": "20230112_FX2_C04_CAU_CUS-PK65_PK001+415_VB", "LATITUD": 4.989138, "LONGITUD": -72.710447 }, "geometry": { "type": "Point", "coordinates": [ -72.710447, 4.989138, 0.0 ] } },
{ "type": "Feature", "properties": { "DEPTO": "(CASANARE)", "MUNICIPIO": "TAURAMENA", "VEREDA": "CHAPARRAL", "GASODUCTO": "CUSIANA - APIAY - USME", "TRAMO": "Cusiana - Pk65", "TP_DUCTO": "Troncal", "DISTRITO": "4", "PK_PAT": "2061", "TP_EVENTO": "SURCOS", "PRIORIDAD": "Bajo", "AMENAZA": "Bajo", "FX2": "20230309_FX2_C04_CAU_CUS-PK65_PK002+061_VA", "LATITUD": 4.983934, "LONGITUD": -72.71107 }, "geometry": { "type": "Point", "coordinates": [ -72.71107, 4.983934, 0.0 ] } },
{ "type": "Feature", "properties": { "DEPTO": "(CASANARE)", "MUNICIPIO": "TAURAMENA", "VEREDA": "AGUABLANCA", "GASODUCTO": "CUSIANA - APIAY - USME", "TRAMO": "Cusiana - Pk65", "TP_DUCTO": "Troncal", "DISTRITO": "4", "PK_PAT": "8020", "TP_EVENTO": "DESLIZAMIENTO ROTACIONAL", "PRIORIDAD": "Medio", "AMENAZA": "Medio", "FX2": "20240305_FX2_C04_CAU_CUS-PK65_PK008+020_VA", "LATITUD": 4.961112000000071, "LONGITUD": -72.753225 }, "geometry": { "type": "Point", "coordinates": [ -72.753225, 4.961112, 0.0 ] } },
{ "type": "Feature", "properties": { "DEPTO": "(CASANARE)", "MUNICIPIO": "TAURAMENA", "VEREDA": "PALMAR", "GASODUCTO": "CUSIANA - APIAY - USME", "TRAMO": "Cusiana - Pk65", "TP_DUCTO": "Troncal", "DISTRITO": "4", "PK_PAT": "11146", "TP_EVENTO": "SOCAVACIÓN LATERAL", "PRIORIDAD": "Medio", "AMENAZA": "Medio", "FX2": "20240304_FX2_C04_CAU_CUS-PK65_PK011+146_VA", "LATITUD": 4.9510720000000674, "LONGITUD": -72.774521 }, "geometry": { "type": "Point", "coordinates": [ -72.774521, 4.951072, 0.0 ] } },
{ "type": "Feature", "properties": { "DEPTO": "(CASANARE)", "MUNICIPIO": "TAURAMENA", "VEREDA": "GUICHIRE", "GASODUCTO": "CUSIANA - APIAY - USME", "TRAMO": "Cusiana - Pk65", "TP_DUCTO": "Troncal", "DISTRITO": "4", "PK_PAT": "11834", "TP_EVENTO": "SOCAVACIÓN LATERAL", "PRIORIDAD": "Bajo", "AMENAZA": "Bajo", "FX2": "20240304_FX2_C04_CAU_CUS-PK65_PK011+834_VA", "LATITUD": 4.948292, "LONGITUD": -72.779915 }, "geometry": { "type": "Point", "coordinates": [ -72.779915, 4.948292, 0.0 ] } },
{ "type": "Feature", "properties": { "DEPTO": "(CASANARE)", "MUNICIPIO": "MONTERREY", "VEREDA": "GARRABAL", "GASODUCTO": "CUSIANA - APIAY - USME", "TRAMO": "Cusiana - Pk65", "TP_DUCTO": "Troncal", "DISTRITO": "4", "PK_PAT": "26321", "TP_EVENTO": "SOCAVACIÓN LATERAL", "PRIORIDAD": "Alto", "AMENAZA": "Extremo", "FX2": "20211013_FX2_C04_CP_CUS-MIRAF_PK026+321_VA", "LATITUD": 4.9039060000000632, "LONGITUD": -72.889038 }, "geometry": { "type": "Point", "coordinates": [ -72.889038, 4.903906, 0.0 ] } },
{ "type": "Feature", "properties": { "DEPTO": "(CASANARE)", "MUNICIPIO": "MONTERREY", "VEREDA": "TIERRA GRATA", "GASODUCTO": "CUSIANA - APIAY - USME", "TRAMO": "Cusiana - Pk65", "TP_DUCTO": "Troncal", "DISTRITO": "4", "PK_PAT": "28093", "TP_EVENTO": "CARCAVAS", "PRIORIDAD": "Medio", "AMENAZA": "Medio", "FX2": "20240223_FX2_C04_CAU_CUS-PK65_PK028+093_VB", "LATITUD": 4.895763, "LONGITUD": -72.898983 }, "geometry": { "type": "Point", "coordinates": [ -72.898983, 4.895763, 0.0 ] } },
{ "type": "Feature", "properties": { "DEPTO": "(CASANARE)", "MUNICIPIO": "MONTERREY", "VEREDA": "GUANEYES", "GASODUCTO": "CUSIANA - APIAY - USME", "TRAMO": "Cusiana - Pk65", "TP_DUCTO": "Troncal", "DISTRITO": "4", "PK_PAT": "36392", "TP_EVENTO": "SOCAVACIÓN DE FONDO", "PRIORIDAD": "Alto", "AMENAZA": "Extremo", "FX2": "20230111_FX2_C06_CAU_CUS-PK65_PK036+537_VA", "LATITUD": 4.8331220000000599, "LONGITUD": -72.942488 }, "geometry": { "type": "Point", "coordinates": [ -72.942488, 4.833122, 0.0 ] } },
{ "type": "Feature", "properties": { "DEPTO": "(CASANARE)", "MUNICIPIO": "MONTERREY", "VEREDA": "IGUARO", "GASODUCTO": "CUSIANA - APIAY - USME", "TRAMO": "Cusiana - Pk65", "TP_DUCTO": "Troncal", "DISTRITO": "4", "PK_PAT": "37944", "TP_EVENTO": "SOCAVACIÓN DE FONDO", "PRIORIDAD": "Alto", "AMENAZA": "Alto", "FX2": "20230111_FX2_C06_CAU_CUS-PK65_PK038+092_VA", "LATITUD": 4.821849, "LONGITUD": -72.950729 }, "geometry": { "type": "Point", "coordinates": [ -72.950729, 4.821849, 0.0 ] } },
{ "type": "Feature", "properties": { "DEPTO": "(CASANARE)", "MUNICIPIO": "SABANALARGA", "VEREDA": "BOTIJERA ALTA", "GASODUCTO": "CUSIANA - APIAY - USME", "TRAMO": "Cusiana - Pk65", "TP_DUCTO": "Troncal", "DISTRITO": "4", "PK_PAT": "44312", "TP_EVENTO": "SOCAVACIÓN DE FONDO", "PRIORIDAD": "Alto", "AMENAZA": "Extremo", "FX2": "20230131_FX2_C04_CAU_CUS-PK65_PK044+360_VA", "LATITUD": 4.785017, "LONGITUD": -72.992807 }, "geometry": { "type": "Point", "coordinates": [ -72.992807, 4.785017, 0.0 ] } },
{ "type": "Feature", "properties": { "DEPTO": "(CASANARE)", "MUNICIPIO": "SABANALARGA", "VEREDA": "BOTIJERA ALTA", "GASODUCTO": "CUSIANA - APIAY - USME", "TRAMO": "Cusiana - Pk65", "TP_DUCTO": "Troncal", "DISTRITO": "4", "PK_PAT": "44944", "TP_EVENTO": "OTRO", "PRIORIDAD": "Alto", "AMENAZA": "Extremo", "FX2": " ", "LATITUD": 4.780876, "LONGITUD": -72.994694 }, "geometry": { "type": "Point", "coordinates": [ -72.994694, 4.780876, 0.0 ] } },
{ "type": "Feature", "properties": { "DEPTO": "(CASANARE)", "MUNICIPIO": "SABANALARGA", "VEREDA": "BOTIJERA ALTA", "GASODUCTO": "CUSIANA - APIAY - USME", "TRAMO": "Cusiana - Pk65", "TP_DUCTO": "Troncal", "DISTRITO": "4", "PK_PAT": "46194", "TP_EVENTO": "SOCAVACIÓN DE FONDO", "PRIORIDAD": "Alto", "AMENAZA": "Extremo", "FX2": "20230111_FX2_C06_CAU_CUS-PK65_PK046+194_VB", "LATITUD": 4.770788, "LONGITUD": -73.001581 }, "geometry": { "type": "Point", "coordinates": [ -73.001581, 4.770788, 0.0 ] } },
{ "type": "Feature", "properties": { "DEPTO": "(CASANARE)", "MUNICIPIO": "SABANALARGA", "VEREDA": "BOTIJERA ALTA", "GASODUCTO": "CUSIANA - APIAY - USME", "TRAMO": "Cusiana - Pk65", "TP_DUCTO": "Troncal", "DISTRITO": "4", "PK_PAT": "47200", "TP_EVENTO": "SOCAVACIÓN DE FONDO", "PRIORIDAD": "Alto", "AMENAZA": "Extremo", "FX2": "20230111_FX2_C06_CAU_CUS-PK65_PK047+200_VA", "LATITUD": 4.76297100000005, "LONGITUD": -73.002968 }, "geometry": { "type": "Point", "coordinates": [ -73.002968, 4.762971, 0.0 ] } },
{ "type": "Feature", "properties": { "DEPTO": "(CASANARE)", "MUNICIPIO": "SABANALARGA", "VEREDA": "NUEVA ZELANDIA", "GASODUCTO": "CUSIANA - APIAY - USME", "TRAMO": "Cusiana - Pk65", "TP_DUCTO": "Troncal", "DISTRITO": "4", "PK_PAT": "50746", "TP_EVENTO": "SOCAVACIÓN DE FONDO", "PRIORIDAD": "Bajo", "AMENAZA": "Bajo", "FX2": "20230201_FX2_C04_CAU_CUS-PK65_PK50+746_VA", "LATITUD": 4.732426, "LONGITUD": -73.008702 }, "geometry": { "type": "Point", "coordinates": [ -73.008702, 4.732426, 0.0 ] } },
{ "type": "Feature", "properties": { "DEPTO": "(CASANARE)", "MUNICIPIO": "SABANALARGA", "VEREDA": "NUEVA ZELANDIA", "GASODUCTO": "CUSIANA - APIAY - USME", "TRAMO": "Cusiana - Pk65", "TP_DUCTO": "Troncal", "DISTRITO": "4", "PK_PAT": "51857", "TP_EVENTO": "SOCAVACIÓN DE FONDO", "PRIORIDAD": "Alto", "AMENAZA": "Extremo", "FX2": "20230201_FX2_C04_CAU_CUS-PK65_PK51+857_VB", "LATITUD": 4.723324, "LONGITUD": -73.012512 }, "geometry": { "type": "Point", "coordinates": [ -73.012512, 4.723324, 0.0 ] } },
{ "type": "Feature", "properties": { "DEPTO": "(CASANARE)", "MUNICIPIO": "SABANALARGA", "VEREDA": "NUEVA ZELANDIA", "GASODUCTO": "CUSIANA - APIAY - USME", "TRAMO": "Cusiana - Pk65", "TP_DUCTO": "Troncal", "DISTRITO": "4", "PK_PAT": "54420", "TP_EVENTO": "SOCAVACIÓN DE FONDO", "PRIORIDAD": "Medio", "AMENAZA": "Medio", "FX2": "20230201_FX2_C04_CAU_CUS-PK65_PK54+420_VA", "LATITUD": 4.7024710000000596, "LONGITUD": -73.024083 }, "geometry": { "type": "Point", "coordinates": [ -73.024083, 4.702471, 0.0 ] } },
{ "type": "Feature", "properties": { "DEPTO": "(CASANARE)", "MUNICIPIO": "TAURAMENA", "VEREDA": "ACEITE ALTO", "GASODUCTO": "CUSIANA - APIAY - USME", "TRAMO": "Tauramena", "TP_DUCTO": "Ramal", "DISTRITO": "4", "PK_PAT": "3734", "TP_EVENTO": "SOCAVACIÓN LATERAL", "PRIORIDAD": "Bajo", "AMENAZA": "Bajo", "FX2": "20240308_FX2_C04_CAU_R-TAURAM_PK003+734_VA", "LATITUD": 5.0028, "LONGITUD": -72.737842 }, "geometry": { "type": "Point", "coordinates": [ -72.737842, 5.0028, 0.0 ] } },
{ "type": "Feature", "properties": { "DEPTO": "(CASANARE)", "MUNICIPIO": "TAURAMENA", "VEREDA": "AGUABLANCA", "GASODUCTO": "CUSIANA - APIAY - USME", "TRAMO": "Tauramena", "TP_DUCTO": "Ramal", "DISTRITO": "4", "PK_PAT": "3877", "TP_EVENTO": "SOCAVACIÓN DE FONDO", "PRIORIDAD": "Alto", "AMENAZA": "Extremo", "FX2": "20220203_FX2_C04_CAU_R-TAURAM_PK003+877_VA", "LATITUD": 5.002551, "LONGITUD": -72.739203 }, "geometry": { "type": "Point", "coordinates": [ -72.739203, 5.002551, 0.0 ] } },
{ "type": "Feature", "properties": { "DEPTO": "(CASANARE)", "MUNICIPIO": "SABANALARGA", "VEREDA": "NUEVA ZELANDIA", "GASODUCTO": "CUSIANA - APIAY - USME", "TRAMO": "Villanueva", "TP_DUCTO": "Ramal", "DISTRITO": "4", "PK_PAT": "3677", "TP_EVENTO": "SOCAVACIÓN DE FONDO", "PRIORIDAD": "Alto", "AMENAZA": "Extremo", "FX2": "20210827_FX2_C06_CAU_R-VILLANUEVA_PK003+677_VA", "LATITUD": 4.680398, "LONGITUD": -73.001715 }, "geometry": { "type": "Point", "coordinates": [ -73.001715, 4.680398, 0.0 ] } },
{ "type": "Feature", "properties": { "DEPTO": "(BOYACÁ)", "MUNICIPIO": "TUNUNGUÁ", "VEREDA": "SANTA ROSA", "GASODUCTO": "CENTRO - ORIENTE", "TRAMO": "PK7+200 - PK17+500", "TP_DUCTO": "Troncal", "DISTRITO": "3", "PK_PAT": "16125", "TP_EVENTO": "SOCAVACIÓN LATERAL", "PRIORIDAD": "Medio", "AMENAZA": "Medio", "FX2": "20220310_FX2_C03_COR_7+200-17+500_PK016+368_VA", "LATITUD": 5.7269460000000549, "LONGITUD": -73.943761 }, "geometry": { "type": "Point", "coordinates": [ -73.943761, 5.726946, 0.0 ] } },
{ "type": "Feature", "properties": { "DEPTO": "(META)", "MUNICIPIO": "GUAMAL", "VEREDA": "LA ISLA", "GASODUCTO": "GASODUCTO DEL ARIARI", "TRAMO": "Gasoducto del Ariari", "TP_DUCTO": "Ramal Remitente", "DISTRITO": "4", "PK_PAT": "18992", "TP_EVENTO": "SOCAVACIÓN DE FONDO", "PRIORIDAD": "Alto", "AMENAZA": "Extremo", "FX2": "20230110_FX2_C06_AA_ARIARI_PK019+903_VB", "LATITUD": 3.872299000000055, "LONGITUD": -73.77247 }, "geometry": { "type": "Point", "coordinates": [ -73.77247, 3.872299, 0.0 ] } },
{ "type": "Feature", "properties": { "DEPTO": "(BOYACÁ)", "MUNICIPIO": "PÁEZ", "VEREDA": "AGUA BLANCA", "GASODUCTO": "CUSIANA - PORVENIR", "TRAMO": "Cusiana - Miraflores", "TP_DUCTO": "Troncal", "DISTRITO": "5", "PK_PAT": "58715", "TP_EVENTO": "SOCAVACIÓN DE FONDO", "PRIORIDAD": "Alto", "AMENAZA": "Extremo", "FX2": "20240319_FX2_C04_PB_CUS-MIRAF_PK026+130_VB", "LATITUD": 5.0651750000000675, "LONGITUD": -73.00405 }, "geometry": { "type": "Point", "coordinates": [ -73.00405, 5.065175, 0.0 ] } },
{ "type": "Feature", "properties": { "DEPTO": "(BOYACÁ)", "MUNICIPIO": "JENESANO", "VEREDA": "BAGANIQUE ALTO", "GASODUCTO": "PORVENIR - LA BELLEZA", "TRAMO": "Miraflores - Sutamarchan", "TP_DUCTO": "Troncal", "DISTRITO": "5", "PK_PAT": "114813", "TP_EVENTO": "DESLIZAMIENTO ROTACIONAL", "PRIORIDAD": "Bajo", "AMENAZA": "Bajo", "FX2": "20220831_FX2_C04_PB_MIRAF-SUT_PK114+813_(PK081+633)_VA.xlsx", "LATITUD": 5.3300850000000537, "LONGITUD": -73.335262 }, "geometry": { "type": "Point", "coordinates": [ -73.335262, 5.330085, 0.0 ] } },
{ "type": "Feature", "properties": { "DEPTO": "(BOYACÁ)", "MUNICIPIO": "PÁEZ", "VEREDA": "AGUA BLANCA", "GASODUCTO": "CUSIANA - PORVENIR", "TRAMO": "Cusiana - Miraflores", "TP_DUCTO": "Troncal", "DISTRITO": "5", "PK_PAT": "59985", "TP_EVENTO": "SURCOS", "PRIORIDAD": "Alto", "AMENAZA": "Alto", "FX2": "20231027_FX2_C04_CP_CUS-MIRAF_PK059+999_VB", "LATITUD": 5.0749920000000657, "LONGITUD": -73.003148 }, "geometry": { "type": "Point", "coordinates": [ -73.003148, 5.074992, 0.0 ] } },
{ "type": "Feature", "properties": { "DEPTO": "(BOYACÁ)", "MUNICIPIO": "PÁEZ", "VEREDA": "CALIFORNIA", "GASODUCTO": "CUSIANA - PORVENIR", "TRAMO": "Cusiana - Miraflores", "TP_DUCTO": "Troncal", "DISTRITO": "5", "PK_PAT": "60965", "TP_EVENTO": "OTRO", "PRIORIDAD": "Alto", "AMENAZA": "Alto", "FX2": " ", "LATITUD": 5.0820200000000568, "LONGITUD": -73.00708 }, "geometry": { "type": "Point", "coordinates": [ -73.00708, 5.08202, 0.0 ] } },
{ "type": "Feature", "properties": { "DEPTO": "(CASANARE)", "MUNICIPIO": "MONTERREY", "VEREDA": "PORVENIR", "GASODUCTO": "CUSIANA - PORVENIR", "TRAMO": "Cusiana - Miraflores", "TP_DUCTO": "Troncal", "DISTRITO": "4", "PK_PAT": "32400", "TP_EVENTO": "CARCAVAS", "PRIORIDAD": "Bajo", "AMENAZA": "Bajo", "FX2": "20240410_FX2_C04_CP_CUS-MIRAF_PK032+459_VB", "LATITUD": 4.9263970000000654, "LONGITUD": -72.930366 }, "geometry": { "type": "Point", "coordinates": [ -72.930366, 4.926397, 0.0 ] } },
{ "type": "Feature", "properties": { "DEPTO": "(BOYACÁ)", "MUNICIPIO": "PÁEZ", "VEREDA": "YAMUNTA", "GASODUCTO": "CUSIANA - PORVENIR", "TRAMO": "Cusiana - Miraflores", "TP_DUCTO": "Troncal", "DISTRITO": "5", "PK_PAT": "72815", "TP_EVENTO": "SOCAVACIÓN DE FONDO", "PRIORIDAD": "Bajo", "AMENAZA": "Bajo", "FX2": "20240423_FX2_C04_PB_CUS-MIRAF_PK040+615(PK72+815)_VB", "LATITUD": 5.12208, "LONGITUD": -73.084782 }, "geometry": { "type": "Point", "coordinates": [ -73.084782, 5.12208, 0.0 ] } },
{ "type": "Feature", "properties": { "DEPTO": "(BOYACÁ)", "MUNICIPIO": "MIRAFLORES", "VEREDA": "CHAPASIA", "GASODUCTO": "CUSIANA - PORVENIR", "TRAMO": "Cusiana - Miraflores", "TP_DUCTO": "Troncal", "DISTRITO": "5", "PK_PAT": "80310", "TP_EVENTO": "SOCAVACIÓN DE FONDO", "PRIORIDAD": "Bajo", "AMENAZA": "Bajo", "FX2": "20230518_FX2_C05_CP_CUS-MIRAF_PK080+313_VA", "LATITUD": 5.167696, "LONGITUD": -73.113738 }, "geometry": { "type": "Point", "coordinates": [ -73.113738, 5.167696, 0.0 ] } },
{ "type": "Feature", "properties": { "DEPTO": "(BOYACÁ)", "MUNICIPIO": "MIRAFLORES", "VEREDA": "CHAPASIA", "GASODUCTO": "CUSIANA - PORVENIR", "TRAMO": "Cusiana - Miraflores", "TP_DUCTO": "Troncal", "DISTRITO": "5", "PK_PAT": "81160", "TP_EVENTO": "SOCAVACIÓN DE FONDO", "PRIORIDAD": "Medio", "AMENAZA": "Medio", "FX2": "20231211_FX2_C04_CP_CUS-MIRAF_PK047+922(PK81+155)_VB", "LATITUD": 5.1709040000000641, "LONGITUD": -73.120228 }, "geometry": { "type": "Point", "coordinates": [ -73.120228, 5.170904, 0.0 ] } },
{ "type": "Feature", "properties": { "DEPTO": "(SANTANDER)", "MUNICIPIO": "PUERTO PARRA", "VEREDA": "PATIO BONITO", "GASODUCTO": "CENTRO - ORIENTE", "TRAMO": "Barrancabermeja - Sebastopol", "TP_DUCTO": "Troncal", "DISTRITO": "1", "PK_PAT": "55446", "TP_EVENTO": "SOCAVACIÓN DE FONDO", "PRIORIDAD": "Alto", "AMENAZA": "Extremo", "FX2": "20210317_FX2_C01_COR_BARRANC-SEB_PK055+446_V1", "LATITUD": 6.7094010000000708, "LONGITUD": -73.979537 }, "geometry": { "type": "Point", "coordinates": [ -73.979537, 6.709401, 0.0 ] } },
{ "type": "Feature", "properties": { "DEPTO": "(SANTANDER)", "MUNICIPIO": "PUERTO PARRA", "VEREDA": "PATIO BONITO", "GASODUCTO": "CENTRO - ORIENTE", "TRAMO": "Barrancabermeja - Sebastopol", "TP_DUCTO": "Troncal", "DISTRITO": "1", "PK_PAT": "61679", "TP_EVENTO": "REPTACION", "PRIORIDAD": "Bajo", "AMENAZA": "Bajo", "FX2": "20220812_FX2_C01_C0R_BARRANC-SEB_PK061+679_VA", "LATITUD": 6.6760390000000598, "LONGITUD": -74.024177 }, "geometry": { "type": "Point", "coordinates": [ -74.024177, 6.676039, 0.0 ] } },
{ "type": "Feature", "properties": { "DEPTO": "(SANTANDER)", "MUNICIPIO": "CIMITARRA", "VEREDA": "RIVERAS DEL SAN JUAN", "GASODUCTO": "CENTRO - ORIENTE", "TRAMO": "Barrancabermeja - Sebastopol", "TP_DUCTO": "Troncal", "DISTRITO": "1", "PK_PAT": "77848", "TP_EVENTO": "CARCAVAS", "PRIORIDAD": "Bajo", "AMENAZA": "Bajo", "FX2": "20230809_FX2_C01_C0R_BARRANC-SEB_PK077+848_VA", "LATITUD": 6.5934540000000652, "LONGITUD": -74.13411 }, "geometry": { "type": "Point", "coordinates": [ -74.13411, 6.593454, 0.0 ] } },
{ "type": "Feature", "properties": { "DEPTO": "(SANTANDER)", "MUNICIPIO": "CIMITARRA", "VEREDA": "RIVERAS DEL SAN JUAN", "GASODUCTO": "CENTRO - ORIENTE", "TRAMO": "Barrancabermeja - Sebastopol", "TP_DUCTO": "Troncal", "DISTRITO": "1", "PK_PAT": "80233", "TP_EVENTO": "CARCAVAS", "PRIORIDAD": "Medio", "AMENAZA": "Medio", "FX2": "20230704_FX2_C01_C0R_BARRANC-SEB_PK080+233_VB", "LATITUD": 6.5797460000000569, "LONGITUD": -74.150272 }, "geometry": { "type": "Point", "coordinates": [ -74.150272, 6.579746, 0.0 ] } },
{ "type": "Feature", "properties": { "DEPTO": "(SANTANDER)", "MUNICIPIO": "CIMITARRA", "VEREDA": "PUERTO OLAYA", "GASODUCTO": "CENTRO - ORIENTE", "TRAMO": "Barrancabermeja - Sebastopol", "TP_DUCTO": "Troncal", "DISTRITO": "1", "PK_PAT": "99154", "TP_EVENTO": "SOCAVACIÓN DE FONDO", "PRIORIDAD": "Alto", "AMENAZA": "Alto", "FX2": "20220615_FX2_C01_COR_BARRANC-SEB_PK 099+154_VA", "LATITUD": 6.518445, "LONGITUD": -74.302372 }, "geometry": { "type": "Point", "coordinates": [ -74.302372, 6.518445, 0.0 ] } },
{ "type": "Feature", "properties": { "DEPTO": "(SANTANDER)", "MUNICIPIO": "CIMITARRA", "VEREDA": "PUERTO OLAYA", "GASODUCTO": "CENTRO - ORIENTE", "TRAMO": "Barrancabermeja - Sebastopol", "TP_DUCTO": "Troncal", "DISTRITO": "1", "PK_PAT": "100478", "TP_EVENTO": "CARCAVAS", "PRIORIDAD": "Medio", "AMENAZA": "Medio", "FX2": "20230810_FX2_C01_C0R_BARRANC-SEB_PK100+478_VB", "LATITUD": 6.5163890000000606, "LONGITUD": -74.314048 }, "geometry": { "type": "Point", "coordinates": [ -74.314048, 6.516389, 0.0 ] } },
{ "type": "Feature", "properties": { "DEPTO": "(CESAR)", "MUNICIPIO": "AGUSTÍN CODAZZI", "VEREDA": "PUNTA ARRECHA", "GASODUCTO": "BALLENA - BARRANCABERMEJA", "TRAMO": "Agustin Codazzi", "TP_DUCTO": "Ramal", "DISTRITO": "6", "PK_PAT": "4210", "TP_EVENTO": "SOCAVACIÓN LATERAL", "PRIORIDAD": "Bajo", "AMENAZA": "Bajo", "FX2": "20240130_FX2_C01_BB_R-AGUSTIN COD_PK004+215_VA.xlsx", "LATITUD": 10.037433, "LONGITUD": -73.251435 }, "geometry": { "type": "Point", "coordinates": [ -73.251435, 10.037433, 0.0 ] } },
{ "type": "Feature", "properties": { "DEPTO": "(CESAR)", "MUNICIPIO": "AGUSTÍN CODAZZI", "VEREDA": "LOS MANANTIALES", "GASODUCTO": "BALLENA - BARRANCABERMEJA", "TRAMO": "Casacara", "TP_DUCTO": "Ramal", "DISTRITO": "6", "PK_PAT": "3513", "TP_EVENTO": "SOCAVACIÓN DE FONDO", "PRIORIDAD": "Alto", "AMENAZA": "Extremo", "FX2": "20220913_FX2_PM1_BB_R-CASACARA_PK003+513_VA", "LATITUD": 9.8339360000000511, "LONGITUD": -73.307308 }, "geometry": { "type": "Point", "coordinates": [ -73.307308, 9.833936, 0.0 ] } },
{ "type": "Feature", "properties": { "DEPTO": "(CESAR)", "MUNICIPIO": "AGUSTÍN CODAZZI", "VEREDA": "PUNTA ARRECHA", "GASODUCTO": "BALLENA - BARRANCABERMEJA", "TRAMO": "Casacara", "TP_DUCTO": "Ramal", "DISTRITO": "6", "PK_PAT": "6074", "TP_EVENTO": "CARCAVAS", "PRIORIDAD": "Medio", "AMENAZA": "Medio", "FX2": "20240110_FX2_PM01_BB_R-CASACARA_PK006+074_VB.xlsx", "LATITUD": 9.829692, "LONGITUD": -73.284674 }, "geometry": { "type": "Point", "coordinates": [ -73.284674, 9.829692, 0.0 ] } },
{ "type": "Feature", "properties": { "DEPTO": "(CESAR)", "MUNICIPIO": "TAMALAMEQUE", "VEREDA": "SAN FRANCISCO", "GASODUCTO": "BALLENA - BARRANCABERMEJA", "TRAMO": "El Banco", "TP_DUCTO": "Ramal", "DISTRITO": "6", "PK_PAT": "12459", "TP_EVENTO": "OTRO", "PRIORIDAD": "Medio", "AMENAZA": "Medio", "FX2": "20240201_FX2_PM1_BB_R-EL BANCO_PK012+459_VA", "LATITUD": 8.9653530000000501, "LONGITUD": -73.848928 }, "geometry": { "type": "Point", "coordinates": [ -73.848928, 8.965353, 0.0 ] } },
{ "type": "Feature", "properties": { "DEPTO": "(MAGDALENA)", "MUNICIPIO": "EL BANCO", "VEREDA": "PUERTO ESTRELLA", "GASODUCTO": "BALLENA - BARRANCABERMEJA", "TRAMO": "El Banco", "TP_DUCTO": "Ramal", "DISTRITO": "6", "PK_PAT": "16542", "TP_EVENTO": "OTRO", "PRIORIDAD": "Alto", "AMENAZA": "Alto", "FX2": "20220118_FX2_PM1_BB_R-EL BANCO_PK016+542_VA", "LATITUD": 8.9812650000000644, "LONGITUD": -73.879013 }, "geometry": { "type": "Point", "coordinates": [ -73.879013, 8.981265, 0.0 ] } },
{ "type": "Feature", "properties": { "DEPTO": "(CESAR)", "MUNICIPIO": "LA GLORIA", "VEREDA": "LA ESTACIÓN DE LA GLORIA", "GASODUCTO": "BALLENA - BARRANCABERMEJA", "TRAMO": "La Gloria", "TP_DUCTO": "Ramal", "DISTRITO": "6", "PK_PAT": "3809", "TP_EVENTO": "SOCAVACIÓN LATERAL", "PRIORIDAD": "Bajo", "AMENAZA": "Bajo", "FX2": "20240202_FX2_PM1_BB_R-LA GLORIA_PK003+809_VA", "LATITUD": 8.6243400000000747, "LONGITUD": -73.710075 }, "geometry": { "type": "Point", "coordinates": [ -73.710075, 8.62434, 0.0 ] } },
{ "type": "Feature", "properties": { "DEPTO": "(RISARALDA)", "MUNICIPIO": "SANTA ROSA DE CABAL", "VEREDA": "SECTOR SAN ROQUE LA HERMOSA", "GASODUCTO": "MARIQUITA - CALI", "TRAMO": "Dos Quebradas", "TP_DUCTO": "Ramal", "DISTRITO": "7", "PK_PAT": "3180", "TP_EVENTO": "SOCAVACIÓN LATERAL", "PRIORIDAD": "Alto", "AMENAZA": "Alto", "FX2": "20220407_FX2_C07_MC_R-DOS QUEB_PK003+180_VA", "LATITUD": 4.878836, "LONGITUD": -75.637696 }, "geometry": { "type": "Point", "coordinates": [ -75.637696, 4.878836, 0.0 ] } },
{ "type": "Feature", "properties": { "DEPTO": "(CALDAS)", "MUNICIPIO": "CHINCHINÁ", "VEREDA": "LA ESMERALDA", "GASODUCTO": "MARIQUITA - CALI", "TRAMO": "Letras - Marsella", "TP_DUCTO": "Troncal", "DISTRITO": "7", "PK_PAT": "125793", "TP_EVENTO": "SOCAVACIÓN LATERAL", "PRIORIDAD": "Alto", "AMENAZA": "Extremo", "FX2": "20231005_FX2_C07_MC_LET-MARS_PK125+793_VB", "LATITUD": 5.0465350000000626, "LONGITUD": -75.745847 }, "geometry": { "type": "Point", "coordinates": [ -75.745847, 5.046535, 0.0 ] } },
{ "type": "Feature", "properties": { "DEPTO": "(RISARALDA)", "MUNICIPIO": "MARSELLA", "VEREDA": "BELTRAN", "GASODUCTO": "MARIQUITA - CALI", "TRAMO": "Marsella - Obando", "TP_DUCTO": "Troncal", "DISTRITO": "7", "PK_PAT": "138200", "TP_EVENTO": "SOCAVACIÓN DE FONDO", "PRIORIDAD": "Alto", "AMENAZA": "Extremo", "FX2": "20211203_FX2_C07_MC_MARS-OBAND_PK138+200_VB", "LATITUD": 4.9591080000000716, "LONGITUD": -75.781387620999965 }, "geometry": { "type": "Point", "coordinates": [ -75.781387620999965, 4.959108, 0.0 ] } },
{ "type": "Feature", "properties": { "DEPTO": "(META)", "MUNICIPIO": "BARRANCA DE UPÍA", "VEREDA": "CARUTAL", "GASODUCTO": "CUSIANA - APIAY - USME", "TRAMO": "Cusiana - Pk65", "TP_DUCTO": "Troncal", "DISTRITO": "4", "PK_PAT": "59767", "TP_EVENTO": "CARCAVAS", "PRIORIDAD": "Medio", "AMENAZA": "Medio", "FX2": "20230504_FX2_C04_CAU_CUS-PK65_PK59+767_VA", "LATITUD": 4.6660680000000525, "LONGITUD": -73.054223 }, "geometry": { "type": "Point", "coordinates": [ -73.054223, 4.666068, 0.0 ] } },
{ "type": "Feature", "properties": { "DEPTO": "(META)", "MUNICIPIO": "BARRANCA DE UPÍA", "VEREDA": "ALIANZA", "GASODUCTO": "CUSIANA - APIAY - USME", "TRAMO": "Cusiana - Pk65", "TP_DUCTO": "Troncal", "DISTRITO": "4", "PK_PAT": "61370", "TP_EVENTO": "CARCAVAS", "PRIORIDAD": "Alto", "AMENAZA": "Alto", "FX2": "20210825_FX2_C04_CAU_CUS-PK65_PK61+481_VC", "LATITUD": 4.6546720000000619, "LONGITUD": -73.049162 }, "geometry": { "type": "Point", "coordinates": [ -73.049162, 4.654672, 0.0 ] } },
{ "type": "Feature", "properties": { "DEPTO": "(META)", "MUNICIPIO": "BARRANCA DE UPÍA", "VEREDA": "ALIANZA", "GASODUCTO": "CUSIANA - APIAY - USME", "TRAMO": "Cusiana - Pk65", "TP_DUCTO": "Troncal", "DISTRITO": "4", "PK_PAT": "62903", "TP_EVENTO": "SOCAVACIÓN LATERAL", "PRIORIDAD": "Bajo", "AMENAZA": "Bajo", "FX2": "20230914_FX2_C04_CAU_CUS-PK65_PK062+903_VB", "LATITUD": 4.641559, "LONGITUD": -73.046024 }, "geometry": { "type": "Point", "coordinates": [ -73.046024, 4.641559, 0.0 ] } },
{ "type": "Feature", "properties": { "DEPTO": "(CUNDINAMARCA)", "MUNICIPIO": "PARATEBUENO", "VEREDA": "CABUYARITO", "GASODUCTO": "CUSIANA - APIAY - USME", "TRAMO": "PK65 - Apiay", "TP_DUCTO": "Troncal", "DISTRITO": "4", "PK_PAT": "78877", "TP_EVENTO": "SOCAVACIÓN DE FONDO", "PRIORIDAD": "Medio", "AMENAZA": "Medio", "FX2": "20240419_FX2_C06_CAU_PK65-APIAY_PK078+877_VB", "LATITUD": 4.509646, "LONGITUD": -73.09679 }, "geometry": { "type": "Point", "coordinates": [ -73.09679, 4.509646, 0.0 ] } },
{ "type": "Feature", "properties": { "DEPTO": "(CUNDINAMARCA)", "MUNICIPIO": "PARATEBUENO", "VEREDA": "MACAPAY ALTO", "GASODUCTO": "CUSIANA - APIAY - USME", "TRAMO": "PK65 - Apiay", "TP_DUCTO": "Troncal", "DISTRITO": "4", "PK_PAT": "90891", "TP_EVENTO": "SOCAVACIÓN LATERAL", "PRIORIDAD": "Alto", "AMENAZA": "Alto", "FX2": "20210526_FX2_C06_CAU_PK65-APIAY_PK090+891_VB", "LATITUD": 4.4407170000000633, "LONGITUD": -73.174627 }, "geometry": { "type": "Point", "coordinates": [ -73.174627, 4.440717, 0.0 ] } },
{ "type": "Feature", "properties": { "DEPTO": "(CUNDINAMARCA)", "MUNICIPIO": "PARATEBUENO", "VEREDA": "MACAPAY ALTO", "GASODUCTO": "CUSIANA - APIAY - USME", "TRAMO": "PK65 - Apiay", "TP_DUCTO": "Troncal", "DISTRITO": "4", "PK_PAT": "92033", "TP_EVENTO": "CARCAVAS", "PRIORIDAD": "Medio", "AMENAZA": "Medio", "FX2": "20240425_FX2_C06_CAU_PK65-APIAY_PK092+033_VB", "LATITUD": 4.4356940000000691, "LONGITUD": -73.183556 }, "geometry": { "type": "Point", "coordinates": [ -73.183556, 4.435694, 0.0 ] } },
{ "type": "Feature", "properties": { "DEPTO": "(CUNDINAMARCA)", "MUNICIPIO": "PARATEBUENO", "VEREDA": "MACAPAY ALTO", "GASODUCTO": "CUSIANA - APIAY - USME", "TRAMO": "PK65 - Apiay", "TP_DUCTO": "Troncal", "DISTRITO": "4", "PK_PAT": "93200", "TP_EVENTO": "SOCAVACIÓN DE FONDO", "PRIORIDAD": "Medio", "AMENAZA": "Medio", "FX2": "20240425_FX2_C06_CAU_PK65-APIAY_PK093+200_VA", "LATITUD": 4.43098, "LONGITUD": -73.193647 }, "geometry": { "type": "Point", "coordinates": [ -73.193647, 4.43098, 0.0 ] } },
{ "type": "Feature", "properties": { "DEPTO": "(CUNDINAMARCA)", "MUNICIPIO": "PARATEBUENO", "VEREDA": "MACAPAY ALTO", "GASODUCTO": "CUSIANA - APIAY - USME", "TRAMO": "PK65 - Apiay", "TP_DUCTO": "Troncal", "DISTRITO": "4", "PK_PAT": "94583", "TP_EVENTO": "SOCAVACIÓN DE FONDO", "PRIORIDAD": "Medio", "AMENAZA": "Medio", "FX2": "20240425_FX2_C06_CAU_PK65-APIAY_PK094+583_VB", "LATITUD": 4.424355, "LONGITUD": -73.204282 }, "geometry": { "type": "Point", "coordinates": [ -73.204282, 4.424355, 0.0 ] } },
{ "type": "Feature", "properties": { "DEPTO": "(CUNDINAMARCA)", "MUNICIPIO": "PARATEBUENO", "VEREDA": "PALOMAS MARARABE", "GASODUCTO": "CUSIANA - APIAY - USME", "TRAMO": "PK65 - Apiay", "TP_DUCTO": "Troncal", "DISTRITO": "4", "PK_PAT": "95573", "TP_EVENTO": "SOCAVACIÓN LATERAL", "PRIORIDAD": "Medio", "AMENAZA": "Medio", "FX2": "20240425_FX2_C06_CAU_PK65-APIAY_PK095+573_VA.xlsx", "LATITUD": 4.42056, "LONGITUD": -73.211785 }, "geometry": { "type": "Point", "coordinates": [ -73.211785, 4.42056, 0.0 ] } },
{ "type": "Feature", "properties": { "DEPTO": "(CUNDINAMARCA)", "MUNICIPIO": "PARATEBUENO", "VEREDA": "PALOMAS MARARABE", "GASODUCTO": "CUSIANA - APIAY - USME", "TRAMO": "PK65 - Apiay", "TP_DUCTO": "Troncal", "DISTRITO": "4", "PK_PAT": "96515", "TP_EVENTO": "SOCAVACIÓN DE FONDO", "PRIORIDAD": "Medio", "AMENAZA": "Medio", "FX2": "20240426_FX2_C06_CAU_PK65-APIAY_PK096+515_VA", "LATITUD": 4.41567, "LONGITUD": -73.21804 }, "geometry": { "type": "Point", "coordinates": [ -73.21804, 4.41567, 0.0 ] } },
{ "type": "Feature", "properties": { "DEPTO": "(CUNDINAMARCA)", "MUNICIPIO": "PARATEBUENO", "VEREDA": "PALOMAS MARARABE", "GASODUCTO": "CUSIANA - APIAY - USME", "TRAMO": "PK65 - Apiay", "TP_DUCTO": "Troncal", "DISTRITO": "4", "PK_PAT": "96668", "TP_EVENTO": "SOCAVACIÓN LATERAL", "PRIORIDAD": "Medio", "AMENAZA": "Medio", "FX2": "20240426_FX2_C06_CAU_PK65-APIAY_PK096+668_VA", "LATITUD": 4.414819, "LONGITUD": -73.219038 }, "geometry": { "type": "Point", "coordinates": [ -73.219038, 4.414819, 0.0 ] } },
{ "type": "Feature", "properties": { "DEPTO": "(CUNDINAMARCA)", "MUNICIPIO": "PARATEBUENO", "VEREDA": "BRASILIA", "GASODUCTO": "CUSIANA - APIAY - USME", "TRAMO": "PK65 - Apiay", "TP_DUCTO": "Troncal", "DISTRITO": "4", "PK_PAT": "98438", "TP_EVENTO": "SOCAVACIÓN LATERAL", "PRIORIDAD": "Medio", "AMENAZA": "Medio", "FX2": "20240426_FX2_C06_CAU_PK65-APIAY_PK098+438_VA", "LATITUD": 4.404504, "LONGITUD": -73.231706 }, "geometry": { "type": "Point", "coordinates": [ -73.231706, 4.404504, 0.0 ] } },
{ "type": "Feature", "properties": { "DEPTO": "(SANTANDER)", "MUNICIPIO": "PUENTE NACIONAL", "VEREDA": "PEÑITAS", "GASODUCTO": "BOYACA - SANTANDER", "TRAMO": "Otero - Santana", "TP_DUCTO": "Troncal", "DISTRITO": "5", "PK_PAT": "7448", "TP_EVENTO": "CARCAVAS", "PRIORIDAD": "Medio", "AMENAZA": "Medio", "FX2": "20230327_FX2_C05_GBS_OTERO-SANT_PK007+448_VA", "LATITUD": 5.863731, "LONGITUD": -73.672746 }, "geometry": { "type": "Point", "coordinates": [ -73.672746, 5.863731, 0.0 ] } },
{ "type": "Feature", "properties": { "DEPTO": "(SANTANDER)", "MUNICIPIO": "PUENTE NACIONAL", "VEREDA": "BAJO CANTANO", "GASODUCTO": "BOYACA - SANTANDER", "TRAMO": "Otero - Santana", "TP_DUCTO": "Troncal", "DISTRITO": "5", "PK_PAT": "10010", "TP_EVENTO": "OTRO", "PRIORIDAD": "Bajo", "AMENAZA": "Bajo", "FX2": " ", "LATITUD": 5.880592, "LONGITUD": -73.662425 }, "geometry": { "type": "Point", "coordinates": [ -73.662425, 5.880592, 0.0 ] } },
{ "type": "Feature", "properties": { "DEPTO": "(BOYACÁ)", "MUNICIPIO": "MONIQUIRÁ", "VEREDA": "MACIEGAL", "GASODUCTO": "BOYACA - SANTANDER", "TRAMO": "Otero - Santana", "TP_DUCTO": "Troncal", "DISTRITO": "5", "PK_PAT": "17842", "TP_EVENTO": "DESLIZAMIENTO ROTACIONAL", "PRIORIDAD": "Medio", "AMENAZA": "Medio", "FX2": "20231128_FX2_C05_GBS_OTERO-SANT_PK017+842_VB.xlsx", "LATITUD": 5.922586, "LONGITUD": -73.617565 }, "geometry": { "type": "Point", "coordinates": [ -73.617565, 5.922586, 0.0 ] } },
{ "type": "Feature", "properties": { "DEPTO": "(SANTANDER)", "MUNICIPIO": "BARBOSA", "VEREDA": "SANTA ROSA", "GASODUCTO": "BOYACA - SANTANDER", "TRAMO": "Otero - Santana", "TP_DUCTO": "Troncal", "DISTRITO": "5", "PK_PAT": "24584", "TP_EVENTO": "SOCAVACIÓN DE FONDO", "PRIORIDAD": "Alto", "AMENAZA": "Extremo", "FX2": "20210306_FX2_C05_GBS_OTERO-SANT_PK024+584_VB", "LATITUD": 5.963554, "LONGITUD": -73.593042 }, "geometry": { "type": "Point", "coordinates": [ -73.593042, 5.963554, 0.0 ] } },
{ "type": "Feature", "properties": { "DEPTO": "(SANTANDER)", "MUNICIPIO": "BARBOSA", "VEREDA": "SANTA ROSA", "GASODUCTO": "BOYACA - SANTANDER", "TRAMO": "Otero - Santana", "TP_DUCTO": "Troncal", "DISTRITO": "5", "PK_PAT": "27064", "TP_EVENTO": "SOCAVACIÓN DE FONDO", "PRIORIDAD": "Alto", "AMENAZA": "Extremo", "FX2": "20210308_FX2_C05_GBS_OTERO-SANT_PK027+064_VB", "LATITUD": 5.984469, "LONGITUD": -73.592694 }, "geometry": { "type": "Point", "coordinates": [ -73.592694, 5.984469, 0.0 ] } },
{ "type": "Feature", "properties": { "DEPTO": "(SANTANDER)", "MUNICIPIO": "GÜEPSA", "VEREDA": "SANTA ROSA", "GASODUCTO": "BOYACA - SANTANDER", "TRAMO": "Otero - Santana", "TP_DUCTO": "Troncal", "DISTRITO": "5", "PK_PAT": "29672", "TP_EVENTO": "OTRO", "PRIORIDAD": "Medio", "AMENAZA": "Medio", "FX2": "20231207_FX2_C05_GBS_OTERO-SANT_PK029+672_VA", "LATITUD": 6.0045030000000565, "LONGITUD": -73.586825 }, "geometry": { "type": "Point", "coordinates": [ -73.586825, 6.004503, 0.0 ] } },
{ "type": "Feature", "properties": { "DEPTO": "(SANTANDER)", "MUNICIPIO": "GÜEPSA", "VEREDA": "SANTA ROSA", "GASODUCTO": "BOYACA - SANTANDER", "TRAMO": "Otero - Santana", "TP_DUCTO": "Troncal", "DISTRITO": "5", "PK_PAT": "30629", "TP_EVENTO": "SOCAVACIÓN DE FONDO", "PRIORIDAD": "Alto", "AMENAZA": "Extremo", "FX2": "20220401_FX2_C05_GBS_OTERO-SANT_PK030+629(PK030+800)_VA", "LATITUD": 6.013534, "LONGITUD": -73.58255 }, "geometry": { "type": "Point", "coordinates": [ -73.58255, 6.013534, 0.0 ] } },
{ "type": "Feature", "properties": { "DEPTO": "(SANTANDER)", "MUNICIPIO": "GÜEPSA", "VEREDA": "CENTRO", "GASODUCTO": "BOYACA - SANTANDER", "TRAMO": "Otero - Santana", "TP_DUCTO": "Troncal", "DISTRITO": "5", "PK_PAT": "34596", "TP_EVENTO": "REPTACION", "PRIORIDAD": "Alto", "AMENAZA": "Alto", "FX2": "20210625_FX2_C05_GBS_OTERO-SANT_PK034+956_VC", "LATITUD": 6.0304630000000543, "LONGITUD": -73.562477 }, "geometry": { "type": "Point", "coordinates": [ -73.562477, 6.030463, 0.0 ] } },
{ "type": "Feature", "properties": { "DEPTO": "(BOYACÁ)", "MUNICIPIO": "SANTANA", "VEREDA": "SANTA BARBARA", "GASODUCTO": "BOYACA - SANTANDER", "TRAMO": "Otero - Santana", "TP_DUCTO": "Troncal", "DISTRITO": "5", "PK_PAT": "41748", "TP_EVENTO": "SOCAVACIÓN DE FONDO", "PRIORIDAD": "Medio", "AMENAZA": "Medio", "FX2": "20240219_FX2_C05_GBS_OTERO-SANT_PK041+748_VA", "LATITUD": 6.036323, "LONGITUD": -73.515744 }, "geometry": { "type": "Point", "coordinates": [ -73.515744, 6.036323, 0.0 ] } },
{ "type": "Feature", "properties": { "DEPTO": "(BOYACÁ)", "MUNICIPIO": "SANTANA", "VEREDA": "SANTA BARBARA", "GASODUCTO": "BOYACA - SANTANDER", "TRAMO": "Otero - Santana", "TP_DUCTO": "Troncal", "DISTRITO": "5", "PK_PAT": "41864", "TP_EVENTO": "SOCAVACIÓN DE FONDO", "PRIORIDAD": "Alto", "AMENAZA": "Extremo", "FX2": "20240219_FX2_C05_GBS_OTERO-SANT_PK041+864_VA", "LATITUD": 6.036507, "LONGITUD": -73.51478 }, "geometry": { "type": "Point", "coordinates": [ -73.51478, 6.036507, 0.0 ] } },
{ "type": "Feature", "properties": { "DEPTO": "(VALLE DEL CAUCA)", "MUNICIPIO": "EL CERRITO", "VEREDA": "SAN ANTONIO", "GASODUCTO": "MARIQUITA - CALI", "TRAMO": "Pradera", "TP_DUCTO": "Ramal", "DISTRITO": "8", "PK_PAT": "3831", "TP_EVENTO": "SOCAVACIÓN LATERAL", "PRIORIDAD": "Alto", "AMENAZA": "Alto", "FX2": "20231213_FX2_C08_MC_R-PRADERA_PK003+831_VA", "LATITUD": 3.664337, "LONGITUD": -76.315792 }, "geometry": { "type": "Point", "coordinates": [ -76.315792, 3.664337, 0.0 ] } },
{ "type": "Feature", "properties": { "DEPTO": "(VALLE DEL CAUCA)", "MUNICIPIO": "PALMIRA", "VEREDA": "PALMASECA", "GASODUCTO": "MARIQUITA - CALI", "TRAMO": "Pradera", "TP_DUCTO": "Ramal", "DISTRITO": "8", "PK_PAT": "20789", "TP_EVENTO": "CARCAVAS", "PRIORIDAD": "Medio", "AMENAZA": "Medio", "FX2": "20231213_FX2_C08_MC_R-PRADERA_PK020+000_VA", "LATITUD": 3.520203, "LONGITUD": -76.332975 }, "geometry": { "type": "Point", "coordinates": [ -76.332975, 3.520203, 0.0 ] } },
{ "type": "Feature", "properties": { "DEPTO": "(BOYACÁ)", "MUNICIPIO": "PUERTO BOYACÁ", "VEREDA": "ERMITANO", "GASODUCTO": "CENTRO - ORIENTE", "TRAMO": "Sebastopol - Vasconia", "TP_DUCTO": "Troncal", "DISTRITO": "1", "PK_PAT": "148529", "TP_EVENTO": "CARCAVAS", "PRIORIDAD": "Alto", "AMENAZA": "Alto", "FX2": "20210510_FX2_C01_COR_SEB-VASC_PK148+529_VB", "LATITUD": 6.245734, "LONGITUD": -74.532023 }, "geometry": { "type": "Point", "coordinates": [ -74.532023, 6.245734, 0.0 ] } },
{ "type": "Feature", "properties": { "DEPTO": "(BOYACÁ)", "MUNICIPIO": "PUERTO BOYACÁ", "VEREDA": "PALAGUA", "GASODUCTO": "CENTRO - ORIENTE", "TRAMO": "Sebastopol - Vasconia", "TP_DUCTO": "Troncal", "DISTRITO": "1", "PK_PAT": "165208", "TP_EVENTO": "SOCAVACIÓN DE FONDO", "PRIORIDAD": "Alto", "AMENAZA": "Alto", "FX2": "20210511_FX2_C01_COR_SEB-VASC_PK165+208_VB", "LATITUD": 6.110307, "LONGITUD": -74.555261 }, "geometry": { "type": "Point", "coordinates": [ -74.555261, 6.110307, 0.0 ] } },
{ "type": "Feature", "properties": { "DEPTO": "(BOYACÁ)", "MUNICIPIO": "PUERTO BOYACÁ", "VEREDA": "MARANAL", "GASODUCTO": "CENTRO - ORIENTE", "TRAMO": "Vasconia - Puerto Salgar", "TP_DUCTO": "Troncal", "DISTRITO": "1", "PK_PAT": "207686", "TP_EVENTO": "SOCAVACIÓN DE FONDO", "PRIORIDAD": "Alto", "AMENAZA": "Alto", "FX2": "20210512_FX2_C01_COR_SEB-VASC_PK207+686_VB", "LATITUD": 5.7951580000000718, "LONGITUD": -74.637776 }, "geometry": { "type": "Point", "coordinates": [ -74.637776, 5.795158, 0.0 ] } },
{ "type": "Feature", "properties": { "DEPTO": "(BOYACÁ)", "MUNICIPIO": "SANTA SOFÍA", "VEREDA": "HORNILLAS", "GASODUCTO": "PORVENIR - LA BELLEZA", "TRAMO": "Sutamarchan - La Belleza", "TP_DUCTO": "Troncal", "DISTRITO": "5", "PK_PAT": "167425", "TP_EVENTO": "REPTACION", "PRIORIDAD": "Alto", "AMENAZA": "Alto", "FX2": "20240207_FX2_C05_PB_SUT-BELL_PK134+980(PK167+422)_VA.xlsx", "LATITUD": 5.7089260000000763, "LONGITUD": -73.587614 }, "geometry": { "type": "Point", "coordinates": [ -73.587614, 5.708926, 0.0 ] } },
{ "type": "Feature", "properties": { "DEPTO": "(BOYACÁ)", "MUNICIPIO": "SANTA SOFÍA", "VEREDA": "SOROCOTA", "GASODUCTO": "PORVENIR - LA BELLEZA", "TRAMO": "Sutamarchan - La Belleza", "TP_DUCTO": "Troncal", "DISTRITO": "5", "PK_PAT": "141145", "TP_EVENTO": "SOCAVACIÓN DE FONDO", "PRIORIDAD": "Alto", "AMENAZA": "Extremo", "FX2": "20210424_FX2_C05_PB_SUT-BELL_PK173+548_VB", "LATITUD": 5.761898, "LONGITUD": -73.599862 }, "geometry": { "type": "Point", "coordinates": [ -73.599862, 5.761898, 0.0 ] } },
{ "type": "Feature", "properties": { "DEPTO": "(BOYACÁ)", "MUNICIPIO": "MONIQUIRÁ", "VEREDA": "PANTANILLO", "GASODUCTO": "PORVENIR - LA BELLEZA", "TRAMO": "Sutamarchan - La Belleza", "TP_DUCTO": "Troncal", "DISTRITO": "5", "PK_PAT": "145593", "TP_EVENTO": "SOCAVACIÓN DE FONDO", "PRIORIDAD": "Alto", "AMENAZA": "Alto", "FX2": "20220210_FX2_C05_PB_SUT-BELL_PK145+593(177+928)_VB", "LATITUD": 5.792440000000056, "LONGITUD": -73.623031 }, "geometry": { "type": "Point", "coordinates": [ -73.623031, 5.79244, 0.0 ] } },
{ "type": "Feature", "properties": { "DEPTO": "(SANTANDER)", "MUNICIPIO": "PUENTE NACIONAL", "VEREDA": "EL PARAMO", "GASODUCTO": "PORVENIR - LA BELLEZA", "TRAMO": "Sutamarchan - La Belleza", "TP_DUCTO": "Troncal", "DISTRITO": "5", "PK_PAT": "149585", "TP_EVENTO": "REPTACION", "PRIORIDAD": "Bajo", "AMENAZA": "Bajo", "FX2": "20220331_FX2_C05_PB_SUT-BELL_PK181+925_VB", "LATITUD": 5.803772, "LONGITUD": -73.65389 }, "geometry": { "type": "Point", "coordinates": [ -73.65389, 5.803772, 0.0 ] } },
{ "type": "Feature", "properties": { "DEPTO": "(SANTANDER)", "MUNICIPIO": "PUENTE NACIONAL", "VEREDA": "JARANTIVA", "GASODUCTO": "PORVENIR - LA BELLEZA", "TRAMO": "Sutamarchan - La Belleza", "TP_DUCTO": "Troncal", "DISTRITO": "5", "PK_PAT": "150830", "TP_EVENTO": "SOCAVACIÓN LATERAL", "PRIORIDAD": "Medio", "AMENAZA": "Medio", "FX2": "20222102_FX2_C05_PB_SUT-BELL_PK183+128_VA", "LATITUD": 5.8057830000000763, "LONGITUD": -73.664012 }, "geometry": { "type": "Point", "coordinates": [ -73.664012, 5.805783, 0.0 ] } },
{ "type": "Feature", "properties": { "DEPTO": "(SANTANDER)", "MUNICIPIO": "PUENTE NACIONAL", "VEREDA": "MONTES", "GASODUCTO": "PORVENIR - LA BELLEZA", "TRAMO": "Sutamarchan - La Belleza", "TP_DUCTO": "Troncal", "DISTRITO": "5", "PK_PAT": "153095", "TP_EVENTO": "SOCAVACIÓN LATERAL", "PRIORIDAD": "Medio", "AMENAZA": "Medio", "FX2": "20221202_FX2_C05_PB_SUT-BELL_PK185+390_VA", "LATITUD": 5.8096110000000749, "LONGITUD": -73.682986 }, "geometry": { "type": "Point", "coordinates": [ -73.682986, 5.809611, 0.0 ] } },
{ "type": "Feature", "properties": { "DEPTO": "(SANTANDER)", "MUNICIPIO": "PUENTE NACIONAL", "VEREDA": "RIO SUAREZ", "GASODUCTO": "CENTRO - ORIENTE", "TRAMO": "Puente Guillermo - Sucre Oriental", "TP_DUCTO": "Troncal", "DISTRITO": "3", "PK_PAT": "1620", "TP_EVENTO": "DESLIZAMIENTO TRASLACIONAL", "PRIORIDAD": "Alto", "AMENAZA": "Alto", "FX2": "20210904_FX2_C03_COR_PTE GUI-SUCREO_PK001+620 (PK155+202 SUT-BELL)_VE", "LATITUD": 5.8103310000000761, "LONGITUD": -73.702952 }, "geometry": { "type": "Point", "coordinates": [ -73.702952, 5.810331, 0.0 ] } },
{ "type": "Feature", "properties": { "DEPTO": "(SANTANDER)", "MUNICIPIO": "PUENTE NACIONAL", "VEREDA": "MEDIOS", "GASODUCTO": "PORVENIR - LA BELLEZA", "TRAMO": "Sutamarchan - La Belleza", "TP_DUCTO": "Troncal", "DISTRITO": "5", "PK_PAT": "158148", "TP_EVENTO": "SOCAVACIÓN LATERAL", "PRIORIDAD": "Bajo", "AMENAZA": "Bajo", "FX2": "20240117_FX2_C05_PB_SUT-BELL_PK190+449_VA", "LATITUD": 5.810681, "LONGITUD": -73.726981 }, "geometry": { "type": "Point", "coordinates": [ -73.726981, 5.810681, 0.0 ] } },
{ "type": "Feature", "properties": { "DEPTO": "(SANTANDER)", "MUNICIPIO": "PUENTE NACIONAL", "VEREDA": "MEDIOS", "GASODUCTO": "PORVENIR - LA BELLEZA", "TRAMO": "Sutamarchan - La Belleza", "TP_DUCTO": "Troncal", "DISTRITO": "5", "PK_PAT": "158659", "TP_EVENTO": "SOCAVACIÓN DE FONDO", "PRIORIDAD": "Alto", "AMENAZA": "Extremo", "FX2": "20210903_FX2_C05_PB_SUT-BELL_PK158+659_VA_(PK190+956)", "LATITUD": 5.8102680000000646, "LONGITUD": -73.731466 }, "geometry": { "type": "Point", "coordinates": [ -73.731466, 5.810268, 0.0 ] } },
{ "type": "Feature", "properties": { "DEPTO": "(SANTANDER)", "MUNICIPIO": "PUENTE NACIONAL", "VEREDA": "MEDIOS", "GASODUCTO": "PORVENIR - LA BELLEZA", "TRAMO": "Sutamarchan - La Belleza", "TP_DUCTO": "Troncal", "DISTRITO": "5", "PK_PAT": "160517", "TP_EVENTO": "REPTACION", "PRIORIDAD": "Medio", "AMENAZA": "Medio", "FX2": "20210903_FX2_C05_PB_SUT-BELL_PK192+844_VB", "LATITUD": 5.808789, "LONGITUD": -73.747585 }, "geometry": { "type": "Point", "coordinates": [ -73.747585, 5.808789, 0.0 ] } },
{ "type": "Feature", "properties": { "DEPTO": "(SANTANDER)", "MUNICIPIO": "ALBANIA", "VEREDA": "GUAYABAL", "GASODUCTO": "PORVENIR - LA BELLEZA", "TRAMO": "Sutamarchan - La Belleza", "TP_DUCTO": "Troncal", "DISTRITO": "5", "PK_PAT": "166015", "TP_EVENTO": "FLUJOS", "PRIORIDAD": "Medio", "AMENAZA": "Medio", "FX2": "20240113_FX2_C05_PB_SUT-BELL_PK198+361_VA", "LATITUD": 5.820282, "LONGITUD": -73.792833 }, "geometry": { "type": "Point", "coordinates": [ -73.792833, 5.820282, 0.0 ] } },
{ "type": "Feature", "properties": { "DEPTO": "(BOYACÁ)", "MUNICIPIO": "SANTA SOFÍA", "VEREDA": "HORNILLAS", "GASODUCTO": "PORVENIR - LA BELLEZA", "TRAMO": "Miraflores - Puente Guillermo", "TP_DUCTO": "Loop", "DISTRITO": "5", "PK_PAT": "166095", "TP_EVENTO": "SURCOS", "PRIORIDAD": "Bajo", "AMENAZA": "Bajo", "FX2": "20210721_FX2_C05_PB_MIRAF-PTEG_PK166+120_(166+114)_VA", "LATITUD": 5.682534, "LONGITUD": -73.583586 }, "geometry": { "type": "Point", "coordinates": [ -73.583586, 5.682534, 0.0 ] } },
{ "type": "Feature", "properties": { "DEPTO": "(SANTANDER)", "MUNICIPIO": "BARRANCABERMEJA", "VEREDA": "ÁREA URBANA", "GASODUCTO": "CENTRO - ORIENTE", "TRAMO": "Barrancabermeja", "TP_DUCTO": "Ramal", "DISTRITO": "1", "PK_PAT": "172", "TP_EVENTO": "REPTACION", "PRIORIDAD": "Alto", "AMENAZA": "Extremo", "FX2": "20220810_FX2_C01_C0R_GAS BARRANC_PK000+172_VB", "LATITUD": 7.0849260000000527, "LONGITUD": -73.862616 }, "geometry": { "type": "Point", "coordinates": [ -73.862616, 7.084926, 0.0 ] } },
{ "type": "Feature", "properties": { "DEPTO": "(VALLE DEL CAUCA)", "MUNICIPIO": "ANSERMANUEVO", "VEREDA": "CALABAZAS", "GASODUCTO": "MARIQUITA - CALI", "TRAMO": "Ansermanuevo", "TP_DUCTO": "Ramal", "DISTRITO": "8", "PK_PAT": "9950", "TP_EVENTO": "SOCAVACIÓN DE FONDO", "PRIORIDAD": "Alto", "AMENAZA": "Extremo", "FX2": "20210409_FX2_C08_MC_R-ANSERM_PK009+950_VC", "LATITUD": 4.8194980000000669, "LONGITUD": -75.961389 }, "geometry": { "type": "Point", "coordinates": [ -75.961389, 4.819498, 0.0 ] } },
{ "type": "Feature", "properties": { "DEPTO": "(RISARALDA)", "MUNICIPIO": "PEREIRA", "VEREDA": "PUERTO CALDAS", "GASODUCTO": "MARIQUITA - CALI", "TRAMO": "Marsella - Obando", "TP_DUCTO": "Troncal", "DISTRITO": "7", "PK_PAT": "165740", "TP_EVENTO": "DESLIZAMIENTO TRASLACIONAL", "PRIORIDAD": "Alto", "AMENAZA": "Alto", "FX2": "20231003_FX2_C07_MC_MARS-OBAND_PK165+740_VA", "LATITUD": 4.7880720000000565, "LONGITUD": -75.880632 }, "geometry": { "type": "Point", "coordinates": [ -75.880632, 4.788072, 0.0 ] } },
{ "type": "Feature", "properties": { "DEPTO": "(RISARALDA)", "MUNICIPIO": "PEREIRA", "VEREDA": "PUERTO CALDAS", "GASODUCTO": "MARIQUITA - CALI", "TRAMO": "Marsella - Obando", "TP_DUCTO": "Troncal", "DISTRITO": "7", "PK_PAT": "165907", "TP_EVENTO": "DESLIZAMIENTO TRASLACIONAL", "PRIORIDAD": "Alto", "AMENAZA": "Extremo", "FX2": "20220512_FX2_C07_MC_MARS-OBAND_PK165+907_VA", "LATITUD": 4.7864710000000628, "LONGITUD": -75.880991 }, "geometry": { "type": "Point", "coordinates": [ -75.880991, 4.786471, 0.0 ] } },
{ "type": "Feature", "properties": { "DEPTO": "(LA GUAJIRA)", "MUNICIPIO": "EL MOLINO", "VEREDA": "ILUSIONES", "GASODUCTO": "BALLENA - BARRANCABERMEJA", "TRAMO": "Hato Nuevo - Jagua del Pilar", "TP_DUCTO": "Troncal", "DISTRITO": "6", "PK_PAT": "134751", "TP_EVENTO": "SOCAVACIÓN DE FONDO", "PRIORIDAD": "Bajo", "AMENAZA": "Bajo", "FX2": "20220822_FX2_PM01_BB_HATO-JAGUA_PK134+751_VA.xlsx", "LATITUD": 10.668853, "LONGITUD": -73.002047 }, "geometry": { "type": "Point", "coordinates": [ -73.002047, 10.668853, 0.0 ] } },
{ "type": "Feature", "properties": { "DEPTO": "(LA GUAJIRA)", "MUNICIPIO": "VILLANUEVA", "VEREDA": "REGION LA SARAITA", "GASODUCTO": "BALLENA - BARRANCABERMEJA", "TRAMO": "Hato Nuevo - Jagua del Pilar", "TP_DUCTO": "Troncal", "DISTRITO": "6", "PK_PAT": "134896", "TP_EVENTO": "SOCAVACIÓN DE FONDO", "PRIORIDAD": "Bajo", "AMENAZA": "Bajo", "FX2": "20220822_FX2_PM01_BB_HATO-JAGUA_PK134+896_VA.xlsx", "LATITUD": 10.667693, "LONGITUD": -73.002645 }, "geometry": { "type": "Point", "coordinates": [ -73.002645, 10.667693, 0.0 ] } },
{ "type": "Feature", "properties": { "DEPTO": "(LA GUAJIRA)", "MUNICIPIO": "VILLANUEVA", "VEREDA": "ENEAL", "GASODUCTO": "BALLENA - BARRANCABERMEJA", "TRAMO": "Hato Nuevo - Jagua del Pilar", "TP_DUCTO": "Troncal", "DISTRITO": "6", "PK_PAT": "140981", "TP_EVENTO": "SOCAVACIÓN LATERAL", "PRIORIDAD": "Bajo", "AMENAZA": "Bajo", "FX2": "20231123_FX2_PM1_BB_HATO-JAGUA_PK140+981_VB", "LATITUD": 10.619239, "LONGITUD": -73.028175 }, "geometry": { "type": "Point", "coordinates": [ -73.028175, 10.619239, 0.0 ] } },
{ "type": "Feature", "properties": { "DEPTO": "(LA GUAJIRA)", "MUNICIPIO": "VILLANUEVA", "VEREDA": "ENEAL", "GASODUCTO": "BALLENA - BARRANCABERMEJA", "TRAMO": "Hato Nuevo - Jagua del Pilar", "TP_DUCTO": "Troncal", "DISTRITO": "6", "PK_PAT": "142173", "TP_EVENTO": "SOCAVACIÓN LATERAL", "PRIORIDAD": "Medio", "AMENAZA": "Medio", "FX2": "20231123_FX2_PM1_BB_HATO-JAGUA_PK142+173_VB", "LATITUD": 10.610917, "LONGITUD": -73.032272 }, "geometry": { "type": "Point", "coordinates": [ -73.032272, 10.610917, 0.0 ] } },
{ "type": "Feature", "properties": { "DEPTO": "(LA GUAJIRA)", "MUNICIPIO": "URUMITA", "VEREDA": "LAGUNA DEL PILAR", "GASODUCTO": "BALLENA - BARRANCABERMEJA", "TRAMO": "Hato Nuevo - Jagua del Pilar", "TP_DUCTO": "Troncal", "DISTRITO": "6", "PK_PAT": "158348", "TP_EVENTO": "SOCAVACIÓN LATERAL", "PRIORIDAD": "Alto", "AMENAZA": "Alto", "FX2": "20231123_FX2_PM1_BB_HATO-JAGUA_PK158+348_VA.xlsx", "LATITUD": 10.494836, "LONGITUD": -73.115987 }, "geometry": { "type": "Point", "coordinates": [ -73.115987, 10.494836, 0.0 ] } },
{ "type": "Feature", "properties": { "DEPTO": "(LA GUAJIRA)", "MUNICIPIO": "LA JAGUA DEL PILAR", "VEREDA": "SIN INFORMACION", "GASODUCTO": "BALLENA - BARRANCABERMEJA", "TRAMO": "Jagua del Pilar - Casacara", "TP_DUCTO": "Troncal", "DISTRITO": "6", "PK_PAT": "165048", "TP_EVENTO": "SOCAVACIÓN LATERAL", "PRIORIDAD": "Bajo", "AMENAZA": "Bajo", "FX2": "20231124_FX2_PM1_BB_JAGUA-CASAC_PK165+048_VA.xlsx", "LATITUD": 10.443845, "LONGITUD": -73.147777 }, "geometry": { "type": "Point", "coordinates": [ -73.147777, 10.443845, 0.0 ] } },
{ "type": "Feature", "properties": { "DEPTO": "(CESAR)", "MUNICIPIO": "SAN DIEGO", "VEREDA": "LOS TUPES", "GASODUCTO": "BALLENA - BARRANCABERMEJA", "TRAMO": "Jagua del Pilar - Casacara", "TP_DUCTO": "Troncal", "DISTRITO": "6", "PK_PAT": "179780", "TP_EVENTO": "SURCOS", "PRIORIDAD": "Medio", "AMENAZA": "Medio", "FX2": "20210511_FX2_PM1_BB_JAGUA-CASAC_PK179+780_VA", "LATITUD": 10.333833, "LONGITUD": -73.217877 }, "geometry": { "type": "Point", "coordinates": [ -73.217877, 10.333833, 0.0 ] } },
{ "type": "Feature", "properties": { "DEPTO": "(CESAR)", "MUNICIPIO": "SAN DIEGO", "VEREDA": "LAS PITILLAS", "GASODUCTO": "BALLENA - BARRANCABERMEJA", "TRAMO": "Jagua del Pilar - Casacara", "TP_DUCTO": "Troncal", "DISTRITO": "6", "PK_PAT": "182199", "TP_EVENTO": "SOCAVACIÓN DE FONDO", "PRIORIDAD": "Medio", "AMENAZA": "Medio", "FX2": "20220504_FX2_PM1_BB_JAGUA-CASAC_PK182+199_VA", "LATITUD": 10.315164, "LONGITUD": -73.231036 }, "geometry": { "type": "Point", "coordinates": [ -73.231036, 10.315164, 0.0 ] } },
{ "type": "Feature", "properties": { "DEPTO": "(CESAR)", "MUNICIPIO": "SAN DIEGO", "VEREDA": "NUEVAS FLORES", "GASODUCTO": "BALLENA - BARRANCABERMEJA", "TRAMO": "Jagua del Pilar - Casacara", "TP_DUCTO": "Troncal", "DISTRITO": "6", "PK_PAT": "203473", "TP_EVENTO": "CARCAVAS", "PRIORIDAD": "Bajo", "AMENAZA": "Bajo", "FX2": "20231124_FX2_PM1_BB_JAGUA-CASAC_PK203+473_VA.xlsx", "LATITUD": 10.139352, "LONGITUD": -73.29374 }, "geometry": { "type": "Point", "coordinates": [ -73.29374, 10.139352, 0.0 ] } },
{ "type": "Feature", "properties": { "DEPTO": "(CESAR)", "MUNICIPIO": "AGUSTÍN CODAZZI", "VEREDA": "PUNTA ARRECHA", "GASODUCTO": "BALLENA - BARRANCABERMEJA", "TRAMO": "Jagua del Pilar - Casacara", "TP_DUCTO": "Troncal", "DISTRITO": "6", "PK_PAT": "220608", "TP_EVENTO": "SOCAVACIÓN DE FONDO", "PRIORIDAD": "Alto", "AMENAZA": "Alto", "FX2": "20211021_FX2_PM1_BB_JAGUA-CASAC_PK220+608_VA", "LATITUD": 9.987871, "LONGITUD": -73.285599 }, "geometry": { "type": "Point", "coordinates": [ -73.285599, 9.987871, 0.0 ] } },
{ "type": "Feature", "properties": { "DEPTO": "(CESAR)", "MUNICIPIO": "AGUSTÍN CODAZZI", "VEREDA": "PUNTA ARRECHA", "GASODUCTO": "BALLENA - BARRANCABERMEJA", "TRAMO": "Jagua del Pilar - Casacara", "TP_DUCTO": "Troncal", "DISTRITO": "6", "PK_PAT": "224114", "TP_EVENTO": "OTRO", "PRIORIDAD": "Medio", "AMENAZA": "Medio", "FX2": "20230512_FX2_PM1_BB_JAGUA-CASAC_PK224+114_VB", "LATITUD": 9.956776, "LONGITUD": -73.286444 }, "geometry": { "type": "Point", "coordinates": [ -73.286444, 9.956776, 0.0 ] } },
{ "type": "Feature", "properties": { "DEPTO": "(CESAR)", "MUNICIPIO": "AGUSTÍN CODAZZI", "VEREDA": "PUNTA ARRECHA", "GASODUCTO": "BALLENA - BARRANCABERMEJA", "TRAMO": "Jagua del Pilar - Casacara", "TP_DUCTO": "Troncal", "DISTRITO": "6", "PK_PAT": "225134", "TP_EVENTO": "SOCAVACIÓN DE FONDO", "PRIORIDAD": "Medio", "AMENAZA": "Medio", "FX2": "20230512_FX2_PM1_BB_JAGUA-CASAC_PK225+134_VA", "LATITUD": 9.948001, "LONGITUD": -73.289137 }, "geometry": { "type": "Point", "coordinates": [ -73.289137, 9.948001, 0.0 ] } },
{ "type": "Feature", "properties": { "DEPTO": "(CESAR)", "MUNICIPIO": "AGUSTÍN CODAZZI", "VEREDA": "PUNTA ARRECHA", "GASODUCTO": "BALLENA - BARRANCABERMEJA", "TRAMO": "Jagua del Pilar - Casacara", "TP_DUCTO": "Troncal", "DISTRITO": "6", "PK_PAT": "225271", "TP_EVENTO": "SOCAVACIÓN DE FONDO", "PRIORIDAD": "Alto", "AMENAZA": "Alto", "FX2": "20211021_FX2_PM1_BB_JAGUA-CASAC_PK225+271_VB", "LATITUD": 9.9468150000000719, "LONGITUD": -73.289389 }, "geometry": { "type": "Point", "coordinates": [ -73.289389, 9.946815, 0.0 ] } },
{ "type": "Feature", "properties": { "DEPTO": "(LA GUAJIRA)", "MUNICIPIO": "VILLANUEVA", "VEREDA": "REGION SAN JERONIMO", "GASODUCTO": "BALLENA - BARRANCABERMEJA", "TRAMO": "Urumita", "TP_DUCTO": "Ramal", "DISTRITO": "6", "PK_PAT": "2374", "TP_EVENTO": "SOCAVACIÓN DE FONDO", "PRIORIDAD": "Medio", "AMENAZA": "Medio", "FX2": "20220505_FX2_PM1_BB_R-URUMITA_PK002+374_VA", "LATITUD": 10.569081, "LONGITUD": -73.029885 }, "geometry": { "type": "Point", "coordinates": [ -73.029885, 10.569081, 0.0 ] } },
{ "type": "Feature", "properties": { "DEPTO": "(CESAR)", "MUNICIPIO": "VALLEDUPAR", "VEREDA": "VALENCIA DE JESUS", "GASODUCTO": "BALLENA - BARRANCABERMEJA", "TRAMO": "Valledupar", "TP_DUCTO": "Ramal", "DISTRITO": "6", "PK_PAT": "3839", "TP_EVENTO": "SOCAVACIÓN LATERAL", "PRIORIDAD": "Bajo", "AMENAZA": "Bajo", "FX2": "20230901_FX2_PM01_BB_R-VALLEDUPAR_PK003+839_VA.xlsx", "LATITUD": 10.409764, "LONGITUD": -73.207182 }, "geometry": { "type": "Point", "coordinates": [ -73.207182, 10.409764, 0.0 ] } },
{ "type": "Feature", "properties": { "DEPTO": "(META)", "MUNICIPIO": "GUAMAL", "VEREDA": "EL CARMEN", "GASODUCTO": "GASODUCTO DEL ARIARI", "TRAMO": "Gasoducto del Ariari", "TP_DUCTO": "Ramal Remitente", "DISTRITO": "4", "PK_PAT": "20080", "TP_EVENTO": "SOCAVACIÓN DE FONDO", "PRIORIDAD": "Alto", "AMENAZA": "Extremo", "FX2": "20210618_FX2_C06_AA_G-ARIARI_PK020+080_VB", "LATITUD": 3.863545, "LONGITUD": -73.772558 }, "geometry": { "type": "Point", "coordinates": [ -73.772558, 3.863545, 0.0 ] } },
{ "type": "Feature", "properties": { "DEPTO": "(META)", "MUNICIPIO": "GUAMAL", "VEREDA": "HUMEDEA", "GASODUCTO": "GASODUCTO DEL ARIARI", "TRAMO": "Gasoducto del Ariari", "TP_DUCTO": "Ramal Remitente", "DISTRITO": "4", "PK_PAT": "25652", "TP_EVENTO": "SOCAVACIÓN DE FONDO", "PRIORIDAD": "Alto", "AMENAZA": "Alto", "FX2": "20210715_FX2_C06_AA_ARIARI_PK025+652_VC", "LATITUD": 3.816584, "LONGITUD": -73.750314 }, "geometry": { "type": "Point", "coordinates": [ -73.750314, 3.816584, 0.0 ] } },
{ "type": "Feature", "properties": { "DEPTO": "(META)", "MUNICIPIO": "CUMARAL", "VEREDA": "CHEPERO", "GASODUCTO": "CUSIANA - APIAY - USME", "TRAMO": "Restrepo", "TP_DUCTO": "Ramal", "DISTRITO": "4", "PK_PAT": "4982", "TP_EVENTO": "SOCAVACIÓN LATERAL", "PRIORIDAD": "Bajo", "AMENAZA": "Bajo", "FX2": "20230301_FX2_C06_CAU_R-RESTREPO_PK004+982_VA", "LATITUD": 4.260024, "LONGITUD": -73.445061 }, "geometry": { "type": "Point", "coordinates": [ -73.445061, 4.260024, 0.0 ] } },
{ "type": "Feature", "properties": { "DEPTO": "(CUNDINAMARCA)", "MUNICIPIO": "PARATEBUENO", "VEREDA": "JAPON", "GASODUCTO": "CUSIANA - APIAY - USME", "TRAMO": "PK65 - Apiay", "TP_DUCTO": "Troncal", "DISTRITO": "4", "PK_PAT": "105789", "TP_EVENTO": "SOCAVACIÓN LATERAL", "PRIORIDAD": "Bajo", "AMENAZA": "Bajo", "FX2": "20231121_FX2_C06_CAU_PK65-APIAY_PK105+789_VA", "LATITUD": 4.3904640000000654, "LONGITUD": -73.292271 }, "geometry": { "type": "Point", "coordinates": [ -73.292271, 4.390464, 0.0 ] } },
{ "type": "Feature", "properties": { "DEPTO": "(CUNDINAMARCA)", "MUNICIPIO": "PARATEBUENO", "VEREDA": "JAPON", "GASODUCTO": "CUSIANA - APIAY - USME", "TRAMO": "PK65 - Apiay", "TP_DUCTO": "Troncal", "DISTRITO": "4", "PK_PAT": "108054", "TP_EVENTO": "SOCAVACIÓN LATERAL", "PRIORIDAD": "Alto", "AMENAZA": "Alto", "FX2": "20210826_FX2_C06_CAU_PK65-APIAY_PK108+054_VB", "LATITUD": 4.3736010000000647, "LONGITUD": -73.300168 }, "geometry": { "type": "Point", "coordinates": [ -73.300168, 4.373601, 0.0 ] } },
{ "type": "Feature", "properties": { "DEPTO": "(CUNDINAMARCA)", "MUNICIPIO": "PARATEBUENO", "VEREDA": "SANTA CECILIA", "GASODUCTO": "CUSIANA - APIAY - USME", "TRAMO": "PK65 - Apiay", "TP_DUCTO": "Troncal", "DISTRITO": "4", "PK_PAT": "113057", "TP_EVENTO": "SOCAVACIÓN DE FONDO", "PRIORIDAD": "Alto", "AMENAZA": "Alto", "FX2": "20220112_FX2_C06_CAU_PK65-APIAY_PK113+057_VA", "LATITUD": 4.340315, "LONGITUD": -73.32611 }, "geometry": { "type": "Point", "coordinates": [ -73.32611, 4.340315, 0.0 ] } },
{ "type": "Feature", "properties": { "DEPTO": "(BOYACÁ)", "MUNICIPIO": "ZETAQUIRA", "VEREDA": "GUANATA", "GASODUCTO": "PORVENIR - LA BELLEZA", "TRAMO": "Miraflores - Sutamarchan", "TP_DUCTO": "Troncal", "DISTRITO": "5", "PK_PAT": "95320", "TP_EVENTO": "FLUJOS", "PRIORIDAD": "Alto", "AMENAZA": "Alto", "FX2": " ", "LATITUD": 5.223784, "LONGITUD": -73.218485 }, "geometry": { "type": "Point", "coordinates": [ -73.218485, 5.223784, 0.0 ] } },
{ "type": "Feature", "properties": { "DEPTO": "(CUNDINAMARCA)", "MUNICIPIO": "PARATEBUENO", "VEREDA": "SANTA INES", "GASODUCTO": "CUSIANA - APIAY - USME", "TRAMO": "PK65 - Apiay", "TP_DUCTO": "Troncal", "DISTRITO": "4", "PK_PAT": "119867", "TP_EVENTO": "SOCAVACIÓN DE FONDO", "PRIORIDAD": "Medio", "AMENAZA": "Medio", "FX2": "20240515_FX2_C06_CAU_PK65-APIAY_PK119+867_VB", "LATITUD": 4.3264330000000655, "LONGITUD": -73.384012 }, "geometry": { "type": "Point", "coordinates": [ -73.384012, 4.326433, 0.0 ] } },
{ "type": "Feature", "properties": { "DEPTO": "(CUNDINAMARCA)", "MUNICIPIO": "PARATEBUENO", "VEREDA": "BOQUERON", "GASODUCTO": "CUSIANA - APIAY - USME", "TRAMO": "PK65 - Apiay", "TP_DUCTO": "Troncal", "DISTRITO": "4", "PK_PAT": "123127", "TP_EVENTO": "SOCAVACIÓN DE FONDO", "PRIORIDAD": "Bajo", "AMENAZA": "Bajo", "FX2": "20240515_FX2_C06_CAU_PK65-APIAY_PK123+127_VB", "LATITUD": 4.314895, "LONGITUD": -73.409791 }, "geometry": { "type": "Point", "coordinates": [ -73.409791, 4.314895, 0.0 ] } },
{ "type": "Feature", "properties": { "DEPTO": "(META)", "MUNICIPIO": "CUMARAL", "VEREDA": "INSPECCIÓN PRESENTADO", "GASODUCTO": "CUSIANA - APIAY - USME", "TRAMO": "PK65 - Apiay", "TP_DUCTO": "Troncal", "DISTRITO": "4", "PK_PAT": "126679", "TP_EVENTO": "SOCAVACIÓN DE FONDO", "PRIORIDAD": "Medio", "AMENAZA": "Medio", "FX2": "20240516_FX2_C06_CAU_PK65-APIAY_PK126+679_VA.xlsx", "LATITUD": 4.284074, "LONGITUD": -73.408319 }, "geometry": { "type": "Point", "coordinates": [ -73.408319, 4.284074, 0.0 ] } },
{ "type": "Feature", "properties": { "DEPTO": "(META)", "MUNICIPIO": "CUMARAL", "VEREDA": "INSPECCION SAN NICOLAS", "GASODUCTO": "CUSIANA - APIAY - USME", "TRAMO": "PK65 - Apiay", "TP_DUCTO": "Troncal", "DISTRITO": "4", "PK_PAT": "134814", "TP_EVENTO": "SOCAVACIÓN DE FONDO", "PRIORIDAD": "Alto", "AMENAZA": "Extremo", "FX2": "20220113_FX2_C06_CAU_PK65-APIAY_PK134+814_VA", "LATITUD": 4.212607, "LONGITUD": -73.393988 }, "geometry": { "type": "Point", "coordinates": [ -73.393988, 4.212607, 0.0 ] } },
{ "type": "Feature", "properties": { "DEPTO": "(META)", "MUNICIPIO": "CUMARAL", "VEREDA": "INSPECCION SAN NICOLAS", "GASODUCTO": "CUSIANA - APIAY - USME", "TRAMO": "PK65 - Apiay", "TP_DUCTO": "Troncal", "DISTRITO": "4", "PK_PAT": "135040", "TP_EVENTO": "SOCAVACIÓN DE FONDO", "PRIORIDAD": "Alto", "AMENAZA": "Extremo", "FX2": "20220113_FX2_C06_CAU_PK65-APIAY_PK135+040_VB", "LATITUD": 4.21079, "LONGITUD": -73.393907 }, "geometry": { "type": "Point", "coordinates": [ -73.393907, 4.21079, 0.0 ] } },
{ "type": "Feature", "properties": { "DEPTO": "(BOYACÁ)", "MUNICIPIO": "ZETAQUIRA", "VEREDA": "GUANATA", "GASODUCTO": "PORVENIR - LA BELLEZA", "TRAMO": "Miraflores - Sutamarchan", "TP_DUCTO": "Troncal", "DISTRITO": "5", "PK_PAT": "95375", "TP_EVENTO": "SOCAVACIÓN DE FONDO", "PRIORIDAD": "Bajo", "AMENAZA": "Bajo", "FX2": "20240320_FX2_C04_PB_MIRAF-SUT_PK062+221_VA", "LATITUD": 5.224159, "LONGITUD": -73.2189 }, "geometry": { "type": "Point", "coordinates": [ -73.2189, 5.224159, 0.0 ] } },
{ "type": "Feature", "properties": { "DEPTO": "(BOYACÁ)", "MUNICIPIO": "ZETAQUIRA", "VEREDA": "GUANATA", "GASODUCTO": "PORVENIR - LA BELLEZA", "TRAMO": "Miraflores - Sutamarchan", "TP_DUCTO": "Troncal", "DISTRITO": "5", "PK_PAT": "95760", "TP_EVENTO": "REPTACION", "PRIORIDAD": "Alto", "AMENAZA": "Alto", "FX2": "20240320_FX2_C04_PB_MIRAF-SUT_PK062+594_VC", "LATITUD": 5.2266310000000544, "LONGITUD": -73.220323 }, "geometry": { "type": "Point", "coordinates": [ -73.220323, 5.226631, 0.0 ] } },
{ "type": "Feature", "properties": { "DEPTO": "(BOYACÁ)", "MUNICIPIO": "ARCABUCO", "VEREDA": "QUIRBAQUIRÁ", "GASODUCTO": "BOYACA - SANTANDER", "TRAMO": "Arcabuco", "TP_DUCTO": "Ramal", "DISTRITO": "5", "PK_PAT": "10131", "TP_EVENTO": "SURCOS", "PRIORIDAD": "Alto", "AMENAZA": "Alto", "FX2": "20210305_FX2_C05_GBS_R-ARCABUCO_PK010+131_VB", "LATITUD": 5.677672, "LONGITUD": -73.360389 }, "geometry": { "type": "Point", "coordinates": [ -73.360389, 5.677672, 0.0 ] } },
{ "type": "Feature", "properties": { "DEPTO": "(BOYACÁ)", "MUNICIPIO": "ARCABUCO", "VEREDA": "QUIRBAQUIRÁ", "GASODUCTO": "BOYACA - SANTANDER", "TRAMO": "Arcabuco", "TP_DUCTO": "Ramal", "DISTRITO": "5", "PK_PAT": "10345", "TP_EVENTO": "SOCAVACIÓN LATERAL", "PRIORIDAD": "Alto", "AMENAZA": "Alto", "FX2": "20220928_FX2_C05_GBS_R-ARCABUCO_PK010+345_VB", "LATITUD": 5.6791170000000761, "LONGITUD": -73.360844 }, "geometry": { "type": "Point", "coordinates": [ -73.360844, 5.679117, 0.0 ] } },
{ "type": "Feature", "properties": { "DEPTO": "(BOYACÁ)", "MUNICIPIO": "TIBASOSA", "VEREDA": "CHORRITO", "GASODUCTO": "BOYACA - SANTANDER", "TRAMO": "Belen", "TP_DUCTO": "Ramal", "DISTRITO": "5", "PK_PAT": "5", "TP_EVENTO": "SURCOS", "PRIORIDAD": "Bajo", "AMENAZA": "Bajo", "FX2": "20231009_FX2_C05_GBS_R-BELEN_PK000+005_VA", "LATITUD": 5.783243, "LONGITUD": -73.017187 }, "geometry": { "type": "Point", "coordinates": [ -73.017187, 5.783243, 0.0 ] } },
{ "type": "Feature", "properties": { "DEPTO": "(BOYACÁ)", "MUNICIPIO": "SANTA ROSA DE VITERBO", "VEREDA": "PEÑITAS", "GASODUCTO": "BOYACA - SANTANDER", "TRAMO": "Belen", "TP_DUCTO": "Ramal", "DISTRITO": "5", "PK_PAT": "10677", "TP_EVENTO": "CARCAVAS", "PRIORIDAD": "Medio", "AMENAZA": "Medio", "FX2": "20230316_FX2_C05_GBS_R-BELEN_PK010+677_VA", "LATITUD": 5.8439690000000724, "LONGITUD": -72.985358 }, "geometry": { "type": "Point", "coordinates": [ -72.985358, 5.843969, 0.0 ] } },
{ "type": "Feature", "properties": { "DEPTO": "(BOYACÁ)", "MUNICIPIO": "CERINZA", "VEREDA": "CENTRO RURAL", "GASODUCTO": "BOYACA - SANTANDER", "TRAMO": "Belen", "TP_DUCTO": "Ramal", "DISTRITO": "5", "PK_PAT": "24370", "TP_EVENTO": "SOCAVACIÓN LATERAL", "PRIORIDAD": "Bajo", "AMENAZA": "Bajo", "FX2": "20231102_FX2_C05_GBS_R-BELEN_PK024+370_VB", "LATITUD": 5.947949000000051, "LONGITUD": -72.943006 }, "geometry": { "type": "Point", "coordinates": [ -72.943006, 5.947949, 0.0 ] } },
{ "type": "Feature", "properties": { "DEPTO": "(BOYACÁ)", "MUNICIPIO": "SOGAMOSO", "VEREDA": "SIATAME", "GASODUCTO": "BOYACA - SANTANDER", "TRAMO": "Nobsa", "TP_DUCTO": "Ramal", "DISTRITO": "5", "PK_PAT": "20", "TP_EVENTO": "OTRO", "PRIORIDAD": "Bajo", "AMENAZA": "Bajo", "FX2": "20231002_FX2_C05_GBS_R-NOBSA_PK000+020 (000+005)_VA.xlsx", "LATITUD": 5.7485370000000557, "LONGITUD": -72.936999 }, "geometry": { "type": "Point", "coordinates": [ -72.936999, 5.748537, 0.0 ] } },
{ "type": "Feature", "properties": { "DEPTO": "(BOYACÁ)", "MUNICIPIO": "OICATÁ", "VEREDA": "PORAVITA", "GASODUCTO": "BOYACA - SANTANDER", "TRAMO": "Oicata", "TP_DUCTO": "Ramal", "DISTRITO": "5", "PK_PAT": "1101", "TP_EVENTO": "SOCAVACIÓN LATERAL", "PRIORIDAD": "Bajo", "AMENAZA": "Bajo", "FX2": "20231030_FX2_C05_GBS_R-OICATA_PK001+101_VA", "LATITUD": 5.6041950000000611, "LONGITUD": -73.310409 }, "geometry": { "type": "Point", "coordinates": [ -73.310409, 5.604195, 0.0 ] } },
{ "type": "Feature", "properties": { "DEPTO": "(SANTANDER)", "MUNICIPIO": "BOLÍVAR", "VEREDA": "EL MOJON", "GASODUCTO": "BOYACA - SANTANDER", "TRAMO": "Bolivar", "TP_DUCTO": "Ramal", "DISTRITO": "5", "PK_PAT": "17975", "TP_EVENTO": "OTRO", "PRIORIDAD": "Alto", "AMENAZA": "Alto", "FX2": "20210522_FX2_C05_GBS_R-BOLIVAR_PK017+915_VB", "LATITUD": 5.961129, "LONGITUD": -73.778237 }, "geometry": { "type": "Point", "coordinates": [ -73.778237, 5.961129, 0.0 ] } },
{ "type": "Feature", "properties": { "DEPTO": "(SANTANDER)", "MUNICIPIO": "BOLÍVAR", "VEREDA": "SAN ANTONIO", "GASODUCTO": "BOYACA - SANTANDER", "TRAMO": "Bolivar", "TP_DUCTO": "Ramal", "DISTRITO": "5", "PK_PAT": "20517", "TP_EVENTO": "OTRO", "PRIORIDAD": "Alto", "AMENAZA": "Medio", "FX2": "20210522_FX2_C05_GBS_R-BOLIVAR_PK020+517_VB", "LATITUD": 5.980645, "LONGITUD": -73.774805 }, "geometry": { "type": "Point", "coordinates": [ -73.774805, 5.980645, 0.0 ] } },
{ "type": "Feature", "properties": { "DEPTO": "(SANTANDER)", "MUNICIPIO": "CHIPATÁ", "VEREDA": "HATILLO", "GASODUCTO": "BOYACA - SANTANDER", "TRAMO": "Chipata", "TP_DUCTO": "Ramal", "DISTRITO": "5", "PK_PAT": "4308", "TP_EVENTO": "SURCOS", "PRIORIDAD": "Medio", "AMENAZA": "Medio", "FX2": "20240116_FX2_C05_GBS_R-CHIPATA_PK004+308_VA.xlsx", "LATITUD": 6.047066, "LONGITUD": -73.623964 }, "geometry": { "type": "Point", "coordinates": [ -73.623964, 6.047066, 0.0 ] } },
{ "type": "Feature", "properties": { "DEPTO": "(BOYACÁ)", "MUNICIPIO": "SANTANA", "VEREDA": "SANTA BARBARA", "GASODUCTO": "BOYACA - SANTANDER", "TRAMO": "Chitaraque", "TP_DUCTO": "Ramal", "DISTRITO": "5", "PK_PAT": "167", "TP_EVENTO": "SOCAVACIÓN DE FONDO", "PRIORIDAD": "Alto", "AMENAZA": "Extremo", "FX2": "20220401_FX2_C05_GBS_R-CHITARAQUE_PK000+167_VB", "LATITUD": 6.0491470000000618, "LONGITUD": -73.500505 }, "geometry": { "type": "Point", "coordinates": [ -73.500505, 6.049147, 0.0 ] } },
{ "type": "Feature", "properties": { "DEPTO": "(BOYACÁ)", "MUNICIPIO": "SANTANA", "VEREDA": "SAN ISIDRO", "GASODUCTO": "BOYACA - SANTANDER", "TRAMO": "Chitaraque", "TP_DUCTO": "Ramal", "DISTRITO": "5", "PK_PAT": "4610", "TP_EVENTO": "SURCOS", "PRIORIDAD": "Alto", "AMENAZA": "Extremo", "FX2": "20220401_FX2_C05_GBS_R-CHITARAQUE_PK004+610_VB", "LATITUD": 6.0257330000000593, "LONGITUD": -73.472053 }, "geometry": { "type": "Point", "coordinates": [ -73.472053, 6.025733, 0.0 ] } },
{ "type": "Feature", "properties": { "DEPTO": "(BOYACÁ)", "MUNICIPIO": "CHITARAQUE", "VEREDA": "RESGUARDO DE INDIGENAS", "GASODUCTO": "BOYACA - SANTANDER", "TRAMO": "Chitaraque", "TP_DUCTO": "Ramal", "DISTRITO": "5", "PK_PAT": "5265", "TP_EVENTO": "OTRO", "PRIORIDAD": "Alto", "AMENAZA": "Extremo", "FX2": "20220401_FX2_C05_GBS_R-CHITARAQUE_PK005+265_VB", "LATITUD": 6.022056, "LONGITUD": -73.469248 }, "geometry": { "type": "Point", "coordinates": [ -73.469248, 6.022056, 0.0 ] } },
{ "type": "Feature", "properties": { "DEPTO": "(BOYACÁ)", "MUNICIPIO": "CHITARAQUE", "VEREDA": "RESGUARDO DE INDIGENAS", "GASODUCTO": "BOYACA - SANTANDER", "TRAMO": "Chitaraque", "TP_DUCTO": "Ramal", "DISTRITO": "5", "PK_PAT": "8017", "TP_EVENTO": "CARCAVAS", "PRIORIDAD": "Alto", "AMENAZA": "Alto", "FX2": "20220401_FX2_C05_GBS_R-CHITARAQUE_PK008+017_VB", "LATITUD": 6.0223540000000639, "LONGITUD": -73.449399 }, "geometry": { "type": "Point", "coordinates": [ -73.449399, 6.022354, 0.0 ] } },
{ "type": "Feature", "properties": { "DEPTO": "(BOYACÁ)", "MUNICIPIO": "CHITARAQUE", "VEREDA": "RESGUARDO DE INDIGENAS", "GASODUCTO": "BOYACA - SANTANDER", "TRAMO": "Chitaraque", "TP_DUCTO": "Ramal", "DISTRITO": "5", "PK_PAT": "8200", "TP_EVENTO": "SOCAVACIÓN LATERAL", "PRIORIDAD": "Alto", "AMENAZA": "Alto", "FX2": "20221129_FX2_C05_GBS_R-CHITARAQUE_PK008+200_VA", "LATITUD": 6.023402, "LONGITUD": -73.447037 }, "geometry": { "type": "Point", "coordinates": [ -73.447037, 6.023402, 0.0 ] } },
{ "type": "Feature", "properties": { "DEPTO": "(SANTANDER)", "MUNICIPIO": "VÉLEZ", "VEREDA": "LOS EJIDOS", "GASODUCTO": "BOYACA - SANTANDER", "TRAMO": "Guavata", "TP_DUCTO": "Ramal", "DISTRITO": "5", "PK_PAT": "1227", "TP_EVENTO": "FLUJOS", "PRIORIDAD": "Alto", "AMENAZA": "Alto", "FX2": "20221122_FX2_C05_GBS_R-GUAVATA_PK001+227_VB", "LATITUD": 5.9999090000000592, "LONGITUD": -73.658528 }, "geometry": { "type": "Point", "coordinates": [ -73.658528, 5.999909, 0.0 ] } },
{ "type": "Feature", "properties": { "DEPTO": "(SANTANDER)", "MUNICIPIO": "VÉLEZ", "VEREDA": "LA CAPILLA", "GASODUCTO": "BOYACA - SANTANDER", "TRAMO": "Guavata", "TP_DUCTO": "Ramal", "DISTRITO": "5", "PK_PAT": "3550", "TP_EVENTO": "SOCAVACIÓN DE FONDO", "PRIORIDAD": "Bajo", "AMENAZA": "Bajo", "FX2": "20240115_FX2_C05_GBS_R-GUAVATA_PK003+550_VA", "LATITUD": 5.989359, "LONGITUD": -73.672787 }, "geometry": { "type": "Point", "coordinates": [ -73.672787, 5.989359, 0.0 ] } },
{ "type": "Feature", "properties": { "DEPTO": "(SANTANDER)", "MUNICIPIO": "VÉLEZ", "VEREDA": "LA CAPILLA", "GASODUCTO": "BOYACA - SANTANDER", "TRAMO": "Guavata", "TP_DUCTO": "Ramal", "DISTRITO": "5", "PK_PAT": "5044", "TP_EVENTO": "SOCAVACIÓN DE FONDO", "PRIORIDAD": "Alto", "AMENAZA": "Extremo", "FX2": "20220401_FX2_C05_GBS_R-GUAVATA_PK005+044_VB", "LATITUD": 5.9786550000000602, "LONGITUD": -73.677859 }, "geometry": { "type": "Point", "coordinates": [ -73.677859, 5.978655, 0.0 ] } },
{ "type": "Feature", "properties": { "DEPTO": "(BOYACÁ)", "MUNICIPIO": "MONIQUIRÁ", "VEREDA": "NEVAL Y CRUCES", "GASODUCTO": "BOYACA - SANTANDER", "TRAMO": "Togui", "TP_DUCTO": "Ramal", "DISTRITO": "5", "PK_PAT": "6393", "TP_EVENTO": "SOCAVACIÓN DE FONDO", "PRIORIDAD": "Alto", "AMENAZA": "Alto", "FX2": "20210305_FX2_C05_GBS_R-TOGUI_PK006+393_VB", "LATITUD": 5.8952640000000542, "LONGITUD": -73.56956 }, "geometry": { "type": "Point", "coordinates": [ -73.56956, 5.895264, 0.0 ] } },
{ "type": "Feature", "properties": { "DEPTO": "(BOYACÁ)", "MUNICIPIO": "MONIQUIRÁ", "VEREDA": "NEVAL Y CRUCES", "GASODUCTO": "BOYACA - SANTANDER", "TRAMO": "Togui", "TP_DUCTO": "Ramal", "DISTRITO": "5", "PK_PAT": "7292", "TP_EVENTO": "DESLIZAMIENTO ROTACIONAL", "PRIORIDAD": "Medio", "AMENAZA": "Medio", "FX2": "20231218_FX2_C05_GBS_R-TOGUI_PK007+292_VB", "LATITUD": 5.8902890000000525, "LONGITUD": -73.56564 }, "geometry": { "type": "Point", "coordinates": [ -73.56564, 5.890289, 0.0 ] } },
{ "type": "Feature", "properties": { "DEPTO": "(BOYACÁ)", "MUNICIPIO": "TOGÜÍ", "VEREDA": "EL TABLON", "GASODUCTO": "BOYACA - SANTANDER", "TRAMO": "Togui", "TP_DUCTO": "Ramal", "DISTRITO": "5", "PK_PAT": "14006", "TP_EVENTO": "OTRO", "PRIORIDAD": "Medio", "AMENAZA": "Medio", "FX2": "20231222_FX2_C05_GBS_R-TOGUI_PK014+006_VA", "LATITUD": 5.919569, "LONGITUD": -73.53013 }, "geometry": { "type": "Point", "coordinates": [ -73.53013, 5.919569, 0.0 ] } },
{ "type": "Feature", "properties": { "DEPTO": "(SANTANDER)", "MUNICIPIO": "GÜEPSA", "VEREDA": "SONESI", "GASODUCTO": "BOYACA - SANTANDER", "TRAMO": "Velez", "TP_DUCTO": "Ramal", "DISTRITO": "5", "PK_PAT": "2377", "TP_EVENTO": "SOCAVACIÓN LATERAL", "PRIORIDAD": "Medio", "AMENAZA": "Medio", "FX2": "20231206_FX2_C05_GBS_R-VELEZ_PKPK002+377(PK002+379)_VB", "LATITUD": 6.012298, "LONGITUD": -73.603113 }, "geometry": { "type": "Point", "coordinates": [ -73.603113, 6.012298, 0.0 ] } },
{ "type": "Feature", "properties": { "DEPTO": "(SANTANDER)", "MUNICIPIO": "VÉLEZ", "VEREDA": "LOMALTA", "GASODUCTO": "BOYACA - SANTANDER", "TRAMO": "Velez", "TP_DUCTO": "Ramal", "DISTRITO": "5", "PK_PAT": "7624", "TP_EVENTO": "SOCAVACIÓN DE FONDO", "PRIORIDAD": "Alto", "AMENAZA": "Alto", "FX2": "20221122_FX2_C05_GBS_R-VELEZ_PK007+624_VA", "LATITUD": 6.0103330000000597, "LONGITUD": -73.638623 }, "geometry": { "type": "Point", "coordinates": [ -73.638623, 6.010333, 0.0 ] } },
{ "type": "Feature", "properties": { "DEPTO": "(SANTANDER)", "MUNICIPIO": "VÉLEZ", "VEREDA": "LOS EJIDOS", "GASODUCTO": "BOYACA - SANTANDER", "TRAMO": "Velez", "TP_DUCTO": "Ramal", "DISTRITO": "5", "PK_PAT": "9797", "TP_EVENTO": "OTRO", "PRIORIDAD": "Alto", "AMENAZA": "Alto", "FX2": "20221122_FX2_C05_GBS_R-VELEZ_PK009+797_VA", "LATITUD": 6.010827000000063, "LONGITUD": -73.658123 }, "geometry": { "type": "Point", "coordinates": [ -73.658123, 6.010827, 0.0 ] } },
{ "type": "Feature", "properties": { "DEPTO": "(SANTANDER)", "MUNICIPIO": "FLORIÁN", "VEREDA": "OTRO MUNDO", "GASODUCTO": "CENTRO - ORIENTE", "TRAMO": "La Belleza - Vasconia", "TP_DUCTO": "Troncal", "DISTRITO": "3", "PK_PAT": "231570", "TP_EVENTO": "FLUJOS", "PRIORIDAD": "Alto", "AMENAZA": "Alto", "FX2": "20221103_FX2_C03_COR_BELL-VASC_PK196+922_VB", "LATITUD": 5.8399160000000734, "LONGITUD": -74.0319 }, "geometry": { "type": "Point", "coordinates": [ -74.0319, 5.839916, 0.0 ] } },
{ "type": "Feature", "properties": { "DEPTO": "(SANTANDER)", "MUNICIPIO": "FLORIÁN", "VEREDA": "OTRO MUNDO", "GASODUCTO": "CENTRO - ORIENTE", "TRAMO": "La Belleza - Vasconia", "TP_DUCTO": "Troncal", "DISTRITO": "3", "PK_PAT": "234650", "TP_EVENTO": "REPTACION", "PRIORIDAD": "Medio", "AMENAZA": "Medio", "FX2": "20222508_FX2_C03_C0R_BELL-VASC_PK199+973_VB", "LATITUD": 5.836326, "LONGITUD": -74.054908 }, "geometry": { "type": "Point", "coordinates": [ -74.054908, 5.836326, 0.0 ] } },
{ "type": "Feature", "properties": { "DEPTO": "(BOYACÁ)", "MUNICIPIO": "OTANCHE", "VEREDA": "CURUBITA", "GASODUCTO": "CENTRO - ORIENTE", "TRAMO": "La Belleza - Vasconia", "TP_DUCTO": "Troncal", "DISTRITO": "1", "PK_PAT": "254810", "TP_EVENTO": "DESLIZAMIENTO TRASLACIONAL", "PRIORIDAD": "Alto", "AMENAZA": "Extremo", "FX2": "20211130_FX2_C03_C0R_BELL-VASC_PK218+182_VG", "LATITUD": 5.8175220000000536, "LONGITUD": -74.184008 }, "geometry": { "type": "Point", "coordinates": [ -74.184008, 5.817522, 0.0 ] } },
{ "type": "Feature", "properties": { "DEPTO": "(BOYACÁ)", "MUNICIPIO": "OTANCHE", "VEREDA": "CAMILO", "GASODUCTO": "CENTRO - ORIENTE", "TRAMO": "La Belleza - Vasconia", "TP_DUCTO": "Troncal", "DISTRITO": "1", "PK_PAT": "259285", "TP_EVENTO": "REPTACION", "PRIORIDAD": "Alto", "AMENAZA": "Alto", "FX2": "20210723_FX2_C03_C0R_BELL-VASC_PK222+648_VB", "LATITUD": 5.8230070000000751, "LONGITUD": -74.215591 }, "geometry": { "type": "Point", "coordinates": [ -74.215591, 5.823007, 0.0 ] } },
{ "type": "Feature", "properties": { "DEPTO": "(BOYACÁ)", "MUNICIPIO": "PUERTO BOYACÁ", "VEREDA": "LAS QUINCHAS", "GASODUCTO": "CENTRO - ORIENTE", "TRAMO": "La Belleza - Vasconia", "TP_DUCTO": "Troncal", "DISTRITO": "1", "PK_PAT": "277435", "TP_EVENTO": "SOCAVACIÓN LATERAL", "PRIORIDAD": "Bajo", "AMENAZA": "Bajo", "FX2": "20220520_FX2_C03_C0R_BELL-VASC_PK240+657_VA", "LATITUD": 5.8303330000000528, "LONGITUD": -74.317059 }, "geometry": { "type": "Point", "coordinates": [ -74.317059, 5.830333, 0.0 ] } },
{ "type": "Feature", "properties": { "DEPTO": "(BOYACÁ)", "MUNICIPIO": "PUERTO BOYACÁ", "VEREDA": "LAS PAVAS", "GASODUCTO": "CENTRO - ORIENTE", "TRAMO": "La Belleza - Vasconia", "TP_DUCTO": "Troncal", "DISTRITO": "1", "PK_PAT": "288045", "TP_EVENTO": "CARCAVAS", "PRIORIDAD": "Medio", "AMENAZA": "Medio", "FX2": "20231002_FX2_C03_COR_BELL-VASC_PK251+303 (288+062)_VA", "LATITUD": 5.888454, "LONGITUD": -74.382522 }, "geometry": { "type": "Point", "coordinates": [ -74.382522, 5.888454, 0.0 ] } },
{ "type": "Feature", "properties": { "DEPTO": "(BOYACÁ)", "MUNICIPIO": "PUERTO BOYACÁ", "VEREDA": "LAS PAVAS", "GASODUCTO": "CENTRO - ORIENTE", "TRAMO": "La Belleza - Vasconia", "TP_DUCTO": "Troncal", "DISTRITO": "1", "PK_PAT": "289901", "TP_EVENTO": "CARCAVAS", "PRIORIDAD": "Alto", "AMENAZA": "Alto", "FX2": "20220520_FX2_C03_C0R_BELL-VASC_PK253+095_VB", "LATITUD": 5.900342, "LONGITUD": -74.390874 }, "geometry": { "type": "Point", "coordinates": [ -74.390874, 5.900342, 0.0 ] } },
{ "type": "Feature", "properties": { "DEPTO": "(BOYACÁ)", "MUNICIPIO": "PUERTO BOYACÁ", "VEREDA": "VELASQUEZ", "GASODUCTO": "CENTRO - ORIENTE", "TRAMO": "La Belleza - Vasconia", "TP_DUCTO": "Loop", "DISTRITO": "1", "PK_PAT": "75710", "TP_EVENTO": "OTRO", "PRIORIDAD": "Alto", "AMENAZA": "Alto", "FX2": "20220222_FX2_C03_COR_BELL-VASC_PK261+445_VB", "LATITUD": 5.9481700000000615, "LONGITUD": -74.447484 }, "geometry": { "type": "Point", "coordinates": [ -74.447484, 5.94817, 0.0 ] } },
{ "type": "Feature", "properties": { "DEPTO": "(CESAR)", "MUNICIPIO": "CHIRIGUANÁ", "VEREDA": "SIN INFORMACION", "GASODUCTO": "BALLENA - BARRANCABERMEJA", "TRAMO": "Casacara - Curumani", "TP_DUCTO": "Troncal", "DISTRITO": "6", "PK_PAT": "290844", "TP_EVENTO": "SOCAVACIÓN DE FONDO", "PRIORIDAD": "Bajo", "AMENAZA": "Bajo", "FX2": "20240726_FX2_PM1_BB_CASAC-CURUM_PK290+844_VA.xlsx", "LATITUD": 9.419717, "LONGITUD": -73.487766 }, "geometry": { "type": "Point", "coordinates": [ -73.487766, 9.419717, 0.0 ] } },
{ "type": "Feature", "properties": { "DEPTO": "(CESAR)", "MUNICIPIO": "CHIRIGUANÁ", "VEREDA": "LA SIERRA", "GASODUCTO": "BALLENA - BARRANCABERMEJA", "TRAMO": "Casacara - Curumani", "TP_DUCTO": "Troncal", "DISTRITO": "6", "PK_PAT": "298984", "TP_EVENTO": "SOCAVACIÓN DE FONDO", "PRIORIDAD": "Medio", "AMENAZA": "Medio", "FX2": "20240814_FX2_PM1_BB_CASAC-CURUM_PK298+984_VA.xlsx", "LATITUD": 9.3531410000000506, "LONGITUD": -73.513153 }, "geometry": { "type": "Point", "coordinates": [ -73.513153, 9.353141, 0.0 ] } },
{ "type": "Feature", "properties": { "DEPTO": "(CESAR)", "MUNICIPIO": "CURUMANÍ", "VEREDA": "ANIME GRANDE", "GASODUCTO": "BALLENA - BARRANCABERMEJA", "TRAMO": "Casacara - Curumani", "TP_DUCTO": "Troncal", "DISTRITO": "6", "PK_PAT": "303283", "TP_EVENTO": "CARCAVAS", "PRIORIDAD": "Bajo", "AMENAZA": "Bajo", "FX2": "20240131_FX2_PM1_BB_CASAC-CURUM_PK303+283_VA.xlsx", "LATITUD": 9.3183710000000701, "LONGITUD": -73.52602 }, "geometry": { "type": "Point", "coordinates": [ -73.52602, 9.318371, 0.0 ] } },
{ "type": "Feature", "properties": { "DEPTO": "(CESAR)", "MUNICIPIO": "CURUMANÍ", "VEREDA": "SAN ROQUE", "GASODUCTO": "BALLENA - BARRANCABERMEJA", "TRAMO": "Casacara - Curumani", "TP_DUCTO": "Troncal", "DISTRITO": "6", "PK_PAT": "305365", "TP_EVENTO": "SOCAVACIÓN DE FONDO", "PRIORIDAD": "Alto", "AMENAZA": "Extremo", "FX2": "20211021_FX2_PM1_BB_CASAC-CURUM_PK305+365_VA", "LATITUD": 9.300378, "LONGITUD": -73.530141 }, "geometry": { "type": "Point", "coordinates": [ -73.530141, 9.300378, 0.0 ] } },
{ "type": "Feature", "properties": { "DEPTO": "(CESAR)", "MUNICIPIO": "CURUMANÍ", "VEREDA": "SAN ROQUE", "GASODUCTO": "BALLENA - BARRANCABERMEJA", "TRAMO": "Casacara - Curumani", "TP_DUCTO": "Troncal", "DISTRITO": "6", "PK_PAT": "308574", "TP_EVENTO": "OTRO", "PRIORIDAD": "Medio", "AMENAZA": "Medio", "FX2": " ", "LATITUD": 9.275362, "LONGITUD": -73.544585 }, "geometry": { "type": "Point", "coordinates": [ -73.544585, 9.275362, 0.0 ] } },
{ "type": "Feature", "properties": { "DEPTO": "(CESAR)", "MUNICIPIO": "CURUMANÍ", "VEREDA": "CHAMPÁN", "GASODUCTO": "BALLENA - BARRANCABERMEJA", "TRAMO": "Curumani - Norean", "TP_DUCTO": "Troncal", "DISTRITO": "6", "PK_PAT": "324425", "TP_EVENTO": "SOCAVACIÓN DE FONDO", "PRIORIDAD": "Medio", "AMENAZA": "Medio", "FX2": "20220916_FX2_PM1_BB_CURUM-NOREAN_PK324+425_VB", "LATITUD": 9.1896540000000755, "LONGITUD": -73.65297 }, "geometry": { "type": "Point", "coordinates": [ -73.65297, 9.189654, 0.0 ] } },
{ "type": "Feature", "properties": { "DEPTO": "(CESAR)", "MUNICIPIO": "CURUMANÍ", "VEREDA": "CHINELA", "GASODUCTO": "BALLENA - BARRANCABERMEJA", "TRAMO": "Curumani - Norean", "TP_DUCTO": "Troncal", "DISTRITO": "6", "PK_PAT": "326989", "TP_EVENTO": "SOCAVACIÓN DE FONDO", "PRIORIDAD": "Alto", "AMENAZA": "Alto", "FX2": "20220916_FX2_PM1_BB_CURUM-NOREAN_PK326+989_VA", "LATITUD": 9.167403, "LONGITUD": -73.65632 }, "geometry": { "type": "Point", "coordinates": [ -73.65632, 9.167403, 0.0 ] } },
{ "type": "Feature", "properties": { "DEPTO": "(CESAR)", "MUNICIPIO": "PAILITAS", "VEREDA": "LA PAZ", "GASODUCTO": "BALLENA - BARRANCABERMEJA", "TRAMO": "Curumani - Norean", "TP_DUCTO": "Troncal", "DISTRITO": "6", "PK_PAT": "344638", "TP_EVENTO": "SURCOS", "PRIORIDAD": "Bajo", "AMENAZA": "Bajo", "FX2": "20230614_FX2_PM1_BB_CURUM-NOREAN_PK344+638_VA.xlsx", "LATITUD": 9.011532, "LONGITUD": -73.662157 }, "geometry": { "type": "Point", "coordinates": [ -73.662157, 9.011532, 0.0 ] } },
{ "type": "Feature", "properties": { "DEPTO": "(CESAR)", "MUNICIPIO": "PAILITAS", "VEREDA": "EL BURRO", "GASODUCTO": "BALLENA - BARRANCABERMEJA", "TRAMO": "Curumani - Norean", "TP_DUCTO": "Troncal", "DISTRITO": "6", "PK_PAT": "357695", "TP_EVENTO": "SOCAVACIÓN DE FONDO", "PRIORIDAD": "Medio", "AMENAZA": "Medio", "FX2": "20230516_FX2_PM1_BB_CURUM-NOREAN_PK357+695_VA.xlsx", "LATITUD": 8.8944290000000592, "LONGITUD": -73.666614 }, "geometry": { "type": "Point", "coordinates": [ -73.666614, 8.894429, 0.0 ] } },
{ "type": "Feature", "properties": { "DEPTO": "(CESAR)", "MUNICIPIO": "TAMALAMEQUE", "VEREDA": "LAS PALMAS", "GASODUCTO": "BALLENA - BARRANCABERMEJA", "TRAMO": "Curumani - Norean", "TP_DUCTO": "Troncal", "DISTRITO": "6", "PK_PAT": "369974", "TP_EVENTO": "OTRO", "PRIORIDAD": "Medio", "AMENAZA": "Medio", "FX2": " ", "LATITUD": 8.787587, "LONGITUD": -73.68629 }, "geometry": { "type": "Point", "coordinates": [ -73.68629, 8.787587, 0.0 ] } },
{ "type": "Feature", "properties": { "DEPTO": "(CESAR)", "MUNICIPIO": "AGUSTÍN CODAZZI", "VEREDA": "LA GUAJIRITA", "GASODUCTO": "BALLENA - BARRANCABERMEJA", "TRAMO": "Jagua del Pilar - Casacara", "TP_DUCTO": "Troncal", "DISTRITO": "6", "PK_PAT": "233716", "TP_EVENTO": "SOCAVACIÓN DE FONDO", "PRIORIDAD": "Medio", "AMENAZA": "Medio", "FX2": "20220913_FX2_PM1_BB_JAGUA-CASAC_PK233+716_VA", "LATITUD": 9.8830600000000572, "LONGITUD": -73.320461 }, "geometry": { "type": "Point", "coordinates": [ -73.320461, 9.88306, 0.0 ] } },
{ "type": "Feature", "properties": { "DEPTO": "(CESAR)", "MUNICIPIO": "AGUSTÍN CODAZZI", "VEREDA": "EL PLATANAL", "GASODUCTO": "BALLENA - BARRANCABERMEJA", "TRAMO": "Jagua del Pilar - Casacara", "TP_DUCTO": "Troncal", "DISTRITO": "6", "PK_PAT": "235152", "TP_EVENTO": "SURCOS", "PRIORIDAD": "Medio", "AMENAZA": "Medio", "FX2": "20220131_FX2_PM1_BB_JAGUA-CASAC_PK235+152_VB", "LATITUD": 9.871293, "LONGITUD": -73.325828 }, "geometry": { "type": "Point", "coordinates": [ -73.325828, 9.871293, 0.0 ] } },
{ "type": "Feature", "properties": { "DEPTO": "(CESAR)", "MUNICIPIO": "LA JAGUA DE IBIRICO", "VEREDA": "MECHOACAN", "GASODUCTO": "BALLENA - BARRANCABERMEJA", "TRAMO": "La Palmita", "TP_DUCTO": "Ramal", "DISTRITO": "6", "PK_PAT": "4284", "TP_EVENTO": "SOCAVACIÓN DE FONDO", "PRIORIDAD": "Medio", "AMENAZA": "Medio", "FX2": "20220914_FX2_PM1_BB_R-LA PALMITA_PK004+284_VA", "LATITUD": 9.498135, "LONGITUD": -73.425717 }, "geometry": { "type": "Point", "coordinates": [ -73.425717, 9.498135, 0.0 ] } },
{ "type": "Feature", "properties": { "DEPTO": "(CALDAS)", "MUNICIPIO": "LA DORADA", "VEREDA": "LA ARENOSA", "GASODUCTO": "CENTRO - ORIENTE", "TRAMO": "La Dorada", "TP_DUCTO": "Ramal", "DISTRITO": "2", "PK_PAT": "468", "TP_EVENTO": "SOCAVACIÓN LATERAL", "PRIORIDAD": "Medio", "AMENAZA": "Medio", "FX2": "20230919_FX2_C01_COR_R-LA DORADA_PK000+468_VA", "LATITUD": 5.448243, "LONGITUD": -74.679866 }, "geometry": { "type": "Point", "coordinates": [ -74.679866, 5.448243, 0.0 ] } },
{ "type": "Feature", "properties": { "DEPTO": "(CUNDINAMARCA)", "MUNICIPIO": "GUADUAS", "VEREDA": "CEDRALES", "GASODUCTO": "CENTRO - ORIENTE", "TRAMO": "Puerto Salgar - Mariquita", "TP_DUCTO": "Troncal", "DISTRITO": "2", "PK_PAT": "255667", "TP_EVENTO": "CARCAVAS", "PRIORIDAD": "Alto", "AMENAZA": "Alto", "FX2": "20210929_FX2_C01_COR_PTO SALG-MAR_PK255+667_VA", "LATITUD": 5.390158, "LONGITUD": -74.66676 }, "geometry": { "type": "Point", "coordinates": [ -74.66676, 5.390158, 0.0 ] } },
{ "type": "Feature", "properties": { "DEPTO": "(CALDAS)", "MUNICIPIO": "LA DORADA", "VEREDA": "HORIZONTES", "GASODUCTO": "CENTRO - ORIENTE", "TRAMO": "Puerto Salgar - Mariquita", "TP_DUCTO": "Troncal", "DISTRITO": "2", "PK_PAT": "271460", "TP_EVENTO": "SOCAVACIÓN DE FONDO", "PRIORIDAD": "Medio", "AMENAZA": "Medio", "FX2": "20210927_FX2_C01_COR_PTO SALG-MAR_PK271+292_VA", "LATITUD": 5.29954900000007, "LONGITUD": -74.745642 }, "geometry": { "type": "Point", "coordinates": [ -74.745642, 5.299549, 0.0 ] } },
{ "type": "Feature", "properties": { "DEPTO": "(CALDAS)", "MUNICIPIO": "LA DORADA", "VEREDA": "PURNIO", "GASODUCTO": "CENTRO - ORIENTE", "TRAMO": "Termodorada", "TP_DUCTO": "Ramal", "DISTRITO": "2", "PK_PAT": "6058", "TP_EVENTO": "CARCAVAS", "PRIORIDAD": "Alto", "AMENAZA": "Alto", "FX2": "20230919_FX2_C01_COR_R-TERMOD_PK006+058_VA", "LATITUD": 5.416229, "LONGITUD": -74.688326 }, "geometry": { "type": "Point", "coordinates": [ -74.688326, 5.416229, 0.0 ] } },
{ "type": "Feature", "properties": { "DEPTO": "(CALDAS)", "MUNICIPIO": "LA DORADA", "VEREDA": "LA ARENOSA", "GASODUCTO": "CENTRO - ORIENTE", "TRAMO": "Termodorada", "TP_DUCTO": "Ramal", "DISTRITO": "2", "PK_PAT": "9497", "TP_EVENTO": "CARCAVAS", "PRIORIDAD": "Alto", "AMENAZA": "Alto", "FX2": "20210930_FX2_C01_COR_R-TERMOD_PK009+497_VA", "LATITUD": 5.4459820000000718, "LONGITUD": -74.683252 }, "geometry": { "type": "Point", "coordinates": [ -74.683252, 5.445982, 0.0 ] } },
{ "type": "Feature", "properties": { "DEPTO": "(BOYACÁ)", "MUNICIPIO": "PUERTO BOYACÁ", "VEREDA": "MARANAL", "GASODUCTO": "CENTRO - ORIENTE", "TRAMO": "Vasconia - Puerto Salgar", "TP_DUCTO": "Troncal", "DISTRITO": "1", "PK_PAT": "211443", "TP_EVENTO": "SURCOS", "PRIORIDAD": "Medio", "AMENAZA": "Medio", "FX2": "20230920_FX2_C01_COR_VASC-PTO SALG_PK211+443_VB", "LATITUD": 5.7628500000000713, "LONGITUD": -74.63459 }, "geometry": { "type": "Point", "coordinates": [ -74.63459, 5.76285, 0.0 ] } },
{ "type": "Feature", "properties": { "DEPTO": "(META)", "MUNICIPIO": "VILLAVICENCIO", "VEREDA": "LA CONCEPCION", "GASODUCTO": "CUSIANA - APIAY - USME", "TRAMO": "Acacias", "TP_DUCTO": "Ramal", "DISTRITO": "4", "PK_PAT": "6909", "TP_EVENTO": "SOCAVACIÓN LATERAL", "PRIORIDAD": "Bajo", "AMENAZA": "Bajo", "FX2": "20240117_FX2_C06_CAU_MADG-LLANOG_PK006+909_VA", "LATITUD": 4.046952, "LONGITUD": -73.724684 }, "geometry": { "type": "Point", "coordinates": [ -73.724684, 4.046952, 0.0 ] } },
{ "type": "Feature", "properties": { "DEPTO": "(META)", "MUNICIPIO": "VILLAVICENCIO", "VEREDA": "LA CONCEPCION", "GASODUCTO": "CUSIANA - APIAY - USME", "TRAMO": "Acacias", "TP_DUCTO": "Ramal", "DISTRITO": "4", "PK_PAT": "8405", "TP_EVENTO": "SOCAVACIÓN DE FONDO", "PRIORIDAD": "Alto", "AMENAZA": "Extremo", "FX2": "20221031_FX2_C06_CAU_MADG-LLANOG_PK008+405_VA", "LATITUD": 4.035782, "LONGITUD": -73.731822 }, "geometry": { "type": "Point", "coordinates": [ -73.731822, 4.035782, 0.0 ] } },
{ "type": "Feature", "properties": { "DEPTO": "(META)", "MUNICIPIO": "VILLAVICENCIO", "VEREDA": "ZURIA", "GASODUCTO": "CUSIANA - APIAY - USME", "TRAMO": "Apiay - Termocoa", "TP_DUCTO": "Troncal", "DISTRITO": "4", "PK_PAT": "30459", "TP_EVENTO": "SOCAVACIÓN LATERAL", "PRIORIDAD": "Alto", "AMENAZA": "Alto", "FX2": "20210525_FX2_C06_CAU_APIAY-TERMOC_PK030+459_VB", "LATITUD": 4.0926880000000665, "LONGITUD": -73.640895 }, "geometry": { "type": "Point", "coordinates": [ -73.640895, 4.092688, 0.0 ] } },
{ "type": "Feature", "properties": { "DEPTO": "(META)", "MUNICIPIO": "VILLAVICENCIO", "VEREDA": "ÁREA URBANA", "GASODUCTO": "CUSIANA - APIAY - USME", "TRAMO": "Apiay - Termocoa", "TP_DUCTO": "Troncal", "DISTRITO": "4", "PK_PAT": "35843", "TP_EVENTO": "SOCAVACIÓN DE FONDO", "PRIORIDAD": "Alto", "AMENAZA": "Extremo", "FX2": "20210617_FX2_C06_CAU_APIAY-TERMOC_PK035+843_VC", "LATITUD": 4.0773580000000607, "LONGITUD": -73.680559 }, "geometry": { "type": "Point", "coordinates": [ -73.680559, 4.077358, 0.0 ] } },
{ "type": "Feature", "properties": { "DEPTO": "(CESAR)", "MUNICIPIO": "PELAYA", "VEREDA": "MORROCOYA", "GASODUCTO": "BALLENA - BARRANCABERMEJA", "TRAMO": "Curumani - Norean", "TP_DUCTO": "Troncal", "DISTRITO": "6", "PK_PAT": "384807", "TP_EVENTO": "SOCAVACIÓN DE FONDO", "PRIORIDAD": "Alto", "AMENAZA": "Alto", "FX2": "20220119_FX2_PM1_BB_CURUM-NOREAN_PK384+807_VB", "LATITUD": 8.6565870000000587, "LONGITUD": -73.677011 }, "geometry": { "type": "Point", "coordinates": [ -73.677011, 8.656587, 0.0 ] } },
{ "type": "Feature", "properties": { "DEPTO": "(CESAR)", "MUNICIPIO": "LA GLORIA", "VEREDA": "SENDERITO", "GASODUCTO": "BALLENA - BARRANCABERMEJA", "TRAMO": "Curumani - Norean", "TP_DUCTO": "Troncal", "DISTRITO": "6", "PK_PAT": "385914", "TP_EVENTO": "OTRO", "PRIORIDAD": "Medio", "AMENAZA": "Medio", "FX2": " ", "LATITUD": 8.6466100000000665, "LONGITUD": -73.677253 }, "geometry": { "type": "Point", "coordinates": [ -73.677253, 8.64661, 0.0 ] } },
{ "type": "Feature", "properties": { "DEPTO": "(CESAR)", "MUNICIPIO": "LA GLORIA", "VEREDA": "SENDERITO", "GASODUCTO": "BALLENA - BARRANCABERMEJA", "TRAMO": "Curumani - Norean", "TP_DUCTO": "Troncal", "DISTRITO": "6", "PK_PAT": "386335", "TP_EVENTO": "SOCAVACIÓN DE FONDO", "PRIORIDAD": "Medio", "AMENAZA": "Medio", "FX2": "20220119_FX2_PM1_BB_CURUM-NOREAN_PK386+335_VA", "LATITUD": 8.642836, "LONGITUD": -73.677348 }, "geometry": { "type": "Point", "coordinates": [ -73.677348, 8.642836, 0.0 ] } },
{ "type": "Feature", "properties": { "DEPTO": "(CESAR)", "MUNICIPIO": "LA GLORIA", "VEREDA": "CAÑO ALONSO", "GASODUCTO": "BALLENA - BARRANCABERMEJA", "TRAMO": "Curumani - Norean", "TP_DUCTO": "Troncal", "DISTRITO": "6", "PK_PAT": "387424", "TP_EVENTO": "OTRO", "PRIORIDAD": "Medio", "AMENAZA": "Medio", "FX2": " ", "LATITUD": 8.6331490000000599, "LONGITUD": -73.676577 }, "geometry": { "type": "Point", "coordinates": [ -73.676577, 8.633149, 0.0 ] } },
{ "type": "Feature", "properties": { "DEPTO": "(CESAR)", "MUNICIPIO": "LA GLORIA", "VEREDA": "SIN INFORMACION", "GASODUCTO": "BALLENA - BARRANCABERMEJA", "TRAMO": "Curumani - Norean", "TP_DUCTO": "Troncal", "DISTRITO": "6", "PK_PAT": "397236", "TP_EVENTO": "OTRO", "PRIORIDAD": "Medio", "AMENAZA": "Medio", "FX2": " ", "LATITUD": 8.546546, "LONGITUD": -73.688084 }, "geometry": { "type": "Point", "coordinates": [ -73.688084, 8.546546, 0.0 ] } },
{ "type": "Feature", "properties": { "DEPTO": "(CESAR)", "MUNICIPIO": "GAMARRA", "VEREDA": "LA ESTACION", "GASODUCTO": "BALLENA - BARRANCABERMEJA", "TRAMO": "Norean - San Alberto", "TP_DUCTO": "Troncal", "DISTRITO": "1", "PK_PAT": "419358", "TP_EVENTO": "OTRO", "PRIORIDAD": "Medio", "AMENAZA": "Medio", "FX2": " ", "LATITUD": 8.366026, "LONGITUD": -73.646614 }, "geometry": { "type": "Point", "coordinates": [ -73.646614, 8.366026, 0.0 ] } },
{ "type": "Feature", "properties": { "DEPTO": "(CESAR)", "MUNICIPIO": "AGUACHICA", "VEREDA": "SABANAS DEL CORRAL", "GASODUCTO": "BALLENA - BARRANCABERMEJA", "TRAMO": "Norean - San Alberto", "TP_DUCTO": "Troncal", "DISTRITO": "1", "PK_PAT": "425011", "TP_EVENTO": "CARCAVAS", "PRIORIDAD": "Alto", "AMENAZA": "Alto", "FX2": "20220120_FX2_PM1_BB_NOREAN-S ALB_PK425+011_VA", "LATITUD": 8.3172490000000607, "LONGITUD": -73.643024 }, "geometry": { "type": "Point", "coordinates": [ -73.643024, 8.317249, 0.0 ] } },
{ "type": "Feature", "properties": { "DEPTO": "(CESAR)", "MUNICIPIO": "AGUACHICA", "VEREDA": "LAS CLAVELLINAS", "GASODUCTO": "BALLENA - BARRANCABERMEJA", "TRAMO": "Norean - San Alberto", "TP_DUCTO": "Troncal", "DISTRITO": "1", "PK_PAT": "425960", "TP_EVENTO": "SOCAVACIÓN DE FONDO", "PRIORIDAD": "Alto", "AMENAZA": "Alto", "FX2": "2022 20220120_FX2_PM1_BB_NOREAN-S ALB_PK425+960_VB", "LATITUD": 8.308934, "LONGITUD": -73.641006 }, "geometry": { "type": "Point", "coordinates": [ -73.641006, 8.308934, 0.0 ] } },
{ "type": "Feature", "properties": { "DEPTO": "(CESAR)", "MUNICIPIO": "AGUACHICA", "VEREDA": "GALLINAZO", "GASODUCTO": "BALLENA - BARRANCABERMEJA", "TRAMO": "Norean - San Alberto", "TP_DUCTO": "Troncal", "DISTRITO": "1", "PK_PAT": "430090", "TP_EVENTO": "OTRO", "PRIORIDAD": "Medio", "AMENAZA": "Medio", "FX2": " ", "LATITUD": 8.2729430000000548, "LONGITUD": -73.63189 }, "geometry": { "type": "Point", "coordinates": [ -73.63189, 8.272943, 0.0 ] } },
{ "type": "Feature", "properties": { "DEPTO": "(CESAR)", "MUNICIPIO": "SAN MARTÍN", "VEREDA": "EL BEJUCO", "GASODUCTO": "BALLENA - BARRANCABERMEJA", "TRAMO": "Norean - San Alberto", "TP_DUCTO": "Troncal", "DISTRITO": "1", "PK_PAT": "469779", "TP_EVENTO": "OTRO", "PRIORIDAD": "Medio", "AMENAZA": "Medio", "FX2": " ", "LATITUD": 7.9262670000000526, "LONGITUD": -73.57202 }, "geometry": { "type": "Point", "coordinates": [ -73.57202, 7.926267, 0.0 ] } },
{ "type": "Feature", "properties": { "DEPTO": "(CESAR)", "MUNICIPIO": "SAN MARTÍN", "VEREDA": "LOS TENDIDOS", "GASODUCTO": "BALLENA - BARRANCABERMEJA", "TRAMO": "Norean - San Alberto", "TP_DUCTO": "Troncal", "DISTRITO": "1", "PK_PAT": "482448", "TP_EVENTO": "OTRO", "PRIORIDAD": "Medio", "AMENAZA": "Medio", "FX2": " ", "LATITUD": 7.8200190000000589, "LONGITUD": -73.545704 }, "geometry": { "type": "Point", "coordinates": [ -73.545704, 7.820019, 0.0 ] } },
{ "type": "Feature", "properties": { "DEPTO": "(CESAR)", "MUNICIPIO": "SAN ALBERTO", "VEREDA": "LA LLANA", "GASODUCTO": "BALLENA - BARRANCABERMEJA", "TRAMO": "San Alberto", "TP_DUCTO": "Ramal", "DISTRITO": "1", "PK_PAT": "4645", "TP_EVENTO": "SOCAVACIÓN DE FONDO", "PRIORIDAD": "Alto", "AMENAZA": "Alto", "FX2": "20220121_FX2_PM1_BB_R-SAN ALBERTO_PK004+645_VB", "LATITUD": 7.7231170000000589, "LONGITUD": -73.470614 }, "geometry": { "type": "Point", "coordinates": [ -73.470614, 7.723117, 0.0 ] } },
{ "type": "Feature", "properties": { "DEPTO": "(SANTANDER)", "MUNICIPIO": "SABANA DE TORRES", "VEREDA": "VILLA EVA", "GASODUCTO": "BALLENA - BARRANCABERMEJA", "TRAMO": "San Alberto - Barrancabermeja", "TP_DUCTO": "Troncal", "DISTRITO": "1", "PK_PAT": "518452", "TP_EVENTO": "OTRO", "PRIORIDAD": "Medio", "AMENAZA": "Medio", "FX2": "20230905_FX2_C01_COR_S ALB-BARRAN_PK518+452_VA", "LATITUD": 7.540787, "LONGITUD": -73.603829 }, "geometry": { "type": "Point", "coordinates": [ -73.603829, 7.540787, 0.0 ] } },
{ "type": "Feature", "properties": { "DEPTO": "(SANTANDER)", "MUNICIPIO": "PUERTO WILCHES", "VEREDA": "PUENTE SOGAMOSO", "GASODUCTO": "BALLENA - BARRANCABERMEJA", "TRAMO": "San Alberto - Barrancabermeja", "TP_DUCTO": "Troncal", "DISTRITO": "1", "PK_PAT": "553057", "TP_EVENTO": "OTRO", "PRIORIDAD": "Medio", "AMENAZA": "Medio", "FX2": " ", "LATITUD": 7.280286, "LONGITUD": -73.761205 }, "geometry": { "type": "Point", "coordinates": [ -73.761205, 7.280286, 0.0 ] } },
{ "type": "Feature", "properties": { "DEPTO": "(SANTANDER)", "MUNICIPIO": "BARRANCABERMEJA", "VEREDA": "LLANITO ALTO", "GASODUCTO": "BALLENA - BARRANCABERMEJA", "TRAMO": "San Alberto - Barrancabermeja", "TP_DUCTO": "Troncal", "DISTRITO": "1", "PK_PAT": "566326", "TP_EVENTO": "CARCAVAS", "PRIORIDAD": "Medio", "AMENAZA": "Medio", "FX2": "20211013_FX2_C01_BB_S ALB-BARRAN_PK566+326_VB", "LATITUD": 7.176586, "LONGITUD": -73.813214 }, "geometry": { "type": "Point", "coordinates": [ -73.813214, 7.176586, 0.0 ] } },
{ "type": "Feature", "properties": { "DEPTO": "(SANTANDER)", "MUNICIPIO": "BARRANCABERMEJA", "VEREDA": "LLANITO ALTO", "GASODUCTO": "BALLENA - BARRANCABERMEJA", "TRAMO": "San Alberto - Barrancabermeja", "TP_DUCTO": "Troncal", "DISTRITO": "1", "PK_PAT": "567273", "TP_EVENTO": "OTRO", "PRIORIDAD": "Medio", "AMENAZA": "Medio", "FX2": " ", "LATITUD": 7.168376, "LONGITUD": -73.815158 }, "geometry": { "type": "Point", "coordinates": [ -73.815158, 7.168376, 0.0 ] } },
{ "type": "Feature", "properties": { "DEPTO": "(SANTANDER)", "MUNICIPIO": "BARRANCABERMEJA", "VEREDA": "SAN SILVESTRE", "GASODUCTO": "BALLENA - BARRANCABERMEJA", "TRAMO": "San Alberto - Barrancabermeja", "TP_DUCTO": "Troncal", "DISTRITO": "1", "PK_PAT": "571249", "TP_EVENTO": "CARCAVAS", "PRIORIDAD": "Alto", "AMENAZA": "Extremo", "FX2": "20220614_FX2_C01_COR_S ALB-BARRAN_PK571+249_VB", "LATITUD": 7.136378, "LONGITUD": -73.829745 }, "geometry": { "type": "Point", "coordinates": [ -73.829745, 7.136378, 0.0 ] } },
{ "type": "Feature", "properties": { "DEPTO": "(SANTANDER)", "MUNICIPIO": "BARRANCABERMEJA", "VEREDA": "SAN SILVESTRE", "GASODUCTO": "BALLENA - BARRANCABERMEJA", "TRAMO": "San Alberto - Barrancabermeja", "TP_DUCTO": "Troncal", "DISTRITO": "1", "PK_PAT": "571348", "TP_EVENTO": "SOCAVACIÓN LATERAL", "PRIORIDAD": "Alto", "AMENAZA": "Extremo", "FX2": "20220614_FX2_C01_COR_S ALB-BARRAN_PK571+348_VC", "LATITUD": 7.135612, "LONGITUD": -73.830201 }, "geometry": { "type": "Point", "coordinates": [ -73.830201, 7.135612, 0.0 ] } },
{ "type": "Feature", "properties": { "DEPTO": "(SANTANDER)", "MUNICIPIO": "PUENTE NACIONAL", "VEREDA": "ALTO SAN DIMAS", "GASODUCTO": "CENTRO - ORIENTE", "TRAMO": "Puente Guillermo - Sucre Oriental", "TP_DUCTO": "Troncal", "DISTRITO": "3", "PK_PAT": "6737", "TP_EVENTO": "DESLIZAMIENTO TRASLACIONAL", "PRIORIDAD": "Alto", "AMENAZA": "Medio", "FX2": "20210407_FX2_CO3_COR_PTE GUI-SUCREO_PK006+737_VB", "LATITUD": 5.778851, "LONGITUD": -73.725994 }, "geometry": { "type": "Point", "coordinates": [ -73.725994, 5.778851, 0.0 ] } },
{ "type": "Feature", "properties": { "DEPTO": "(SANTANDER)", "MUNICIPIO": "PUENTE NACIONAL", "VEREDA": "ALTO SAN DIMAS", "GASODUCTO": "CENTRO - ORIENTE", "TRAMO": "Puente Guillermo - Sucre Oriental", "TP_DUCTO": "Troncal", "DISTRITO": "3", "PK_PAT": "6942", "TP_EVENTO": "SOCAVACIÓN LATERAL", "PRIORIDAD": "Alto", "AMENAZA": "Medio", "FX2": "20210407_FX2_CO3_COR_PTEGUI-SUCREO_PK006+942_VB", "LATITUD": 5.7780520000000593, "LONGITUD": -73.727687 }, "geometry": { "type": "Point", "coordinates": [ -73.727687, 5.778052, 0.0 ] } },
{ "type": "Feature", "properties": { "DEPTO": "(SANTANDER)", "MUNICIPIO": "PUENTE NACIONAL", "VEREDA": "ALTO SAN DIMAS", "GASODUCTO": "CENTRO - ORIENTE", "TRAMO": "Puente Guillermo - Sucre Oriental", "TP_DUCTO": "Troncal", "DISTRITO": "3", "PK_PAT": "7744", "TP_EVENTO": "REPTACION", "PRIORIDAD": "Medio", "AMENAZA": "Medio", "FX2": "20221011_FX2_C03_C0R_PTE GUI-SUCREO_PK007+744_VA", "LATITUD": 5.7739960000000679, "LONGITUD": -73.733545 }, "geometry": { "type": "Point", "coordinates": [ -73.733545, 5.773996, 0.0 ] } },
{ "type": "Feature", "properties": { "DEPTO": "(BOYACÁ)", "MUNICIPIO": "SABOYÁ", "VEREDA": "LAJITA", "GASODUCTO": "CENTRO - ORIENTE", "TRAMO": "Puente Guillermo - Sucre Oriental", "TP_DUCTO": "Troncal", "DISTRITO": "3", "PK_PAT": "8568", "TP_EVENTO": "REPTACION", "PRIORIDAD": "Alto", "AMENAZA": "Extremo", "FX2": "20220722_FX2_C03_COR_PTE GUI-SUCREO_PK008+568 (PK6+526-PK6+300)_VC", "LATITUD": 5.7700370000000589, "LONGITUD": -73.738937 }, "geometry": { "type": "Point", "coordinates": [ -73.738937, 5.770037, 0.0 ] } },
{ "type": "Feature", "properties": { "DEPTO": "(BOYACÁ)", "MUNICIPIO": "SABOYÁ", "VEREDA": "TIBISTA", "GASODUCTO": "CENTRO - ORIENTE", "TRAMO": "Puente Guillermo - Sucre Oriental", "TP_DUCTO": "Troncal", "DISTRITO": "3", "PK_PAT": "18439", "TP_EVENTO": "SOCAVACIÓN LATERAL", "PRIORIDAD": "Bajo", "AMENAZA": "Bajo", "FX2": "20230518_FX2_C03_COR_PTE GUI-SUCREO_PK018+439_VA", "LATITUD": 5.6929640000000745, "LONGITUD": -73.757895 }, "geometry": { "type": "Point", "coordinates": [ -73.757895, 5.692964, 0.0 ] } },
{ "type": "Feature", "properties": { "DEPTO": "(BOYACÁ)", "MUNICIPIO": "TUNUNGUÁ", "VEREDA": "EL PALMAR", "GASODUCTO": "CENTRO - ORIENTE", "TRAMO": "PK7+200 - PK17+500", "TP_DUCTO": "Troncal", "DISTRITO": "3", "PK_PAT": "17332", "TP_EVENTO": "CARCAVAS", "PRIORIDAD": "Alto", "AMENAZA": "Alto", "FX2": "20210901_FX2_C03_COR_R-TUNUNGUA_PK017+332_VC", "LATITUD": 5.7207020000000739, "LONGITUD": -73.937567 }, "geometry": { "type": "Point", "coordinates": [ -73.937567, 5.720702, 0.0 ] } },
{ "type": "Feature", "properties": { "DEPTO": "(SANTANDER)", "MUNICIPIO": "FLORIÁN", "VEREDA": "LA VUELTIADA", "GASODUCTO": "CENTRO - ORIENTE", "TRAMO": "Florian", "TP_DUCTO": "Ramal", "DISTRITO": "3", "PK_PAT": "205", "TP_EVENTO": "REPTACION", "PRIORIDAD": "Medio", "AMENAZA": "Medio", "FX2": "20220311_FX2_C03_COR_R-FLORIAN_PK000+205_VB", "LATITUD": 5.795867, "LONGITUD": -73.979183 }, "geometry": { "type": "Point", "coordinates": [ -73.979183, 5.795867, 0.0 ] } },
{ "type": "Feature", "properties": { "DEPTO": "(SANTANDER)", "MUNICIPIO": "FLORIÁN", "VEREDA": "LA VUELTIADA", "GASODUCTO": "CENTRO - ORIENTE", "TRAMO": "Florian", "TP_DUCTO": "Ramal", "DISTRITO": "3", "PK_PAT": "432", "TP_EVENTO": "CARCAVAS", "PRIORIDAD": "Alto", "AMENAZA": "Alto", "FX2": "20220125_FX2_C03_COR_R-FLORIAN_PK000+432_VA", "LATITUD": 5.797126, "LONGITUD": -73.9776 }, "geometry": { "type": "Point", "coordinates": [ -73.9776, 5.797126, 0.0 ] } },
{ "type": "Feature", "properties": { "DEPTO": "(BOYACÁ)", "MUNICIPIO": "TUNUNGUÁ", "VEREDA": "PEÑA BLANCA", "GASODUCTO": "CENTRO - ORIENTE", "TRAMO": "Albania", "TP_DUCTO": "Ramal", "DISTRITO": "3", "PK_PAT": "721", "TP_EVENTO": "FLUJOS", "PRIORIDAD": "Alto", "AMENAZA": "Extremo", "FX2": "20210901_FX2_C03_COR_R-ALBANIA_PK000+721_VC", "LATITUD": 5.733665, "LONGITUD": -73.924686 }, "geometry": { "type": "Point", "coordinates": [ -73.924686, 5.733665, 0.0 ] } },
{ "type": "Feature", "properties": { "DEPTO": "(BOYACÁ)", "MUNICIPIO": "TUNUNGUÁ", "VEREDA": "VIJAGUAL", "GASODUCTO": "CENTRO - ORIENTE", "TRAMO": "Albania", "TP_DUCTO": "Ramal", "DISTRITO": "3", "PK_PAT": "1340", "TP_EVENTO": "CARCAVAS", "PRIORIDAD": "Alto", "AMENAZA": "Alto", "FX2": "20210901_FX2_C03_COR_R-ALBANIA_PK001+340_VA", "LATITUD": 5.736903, "LONGITUD": -73.920838 }, "geometry": { "type": "Point", "coordinates": [ -73.920838, 5.736903, 0.0 ] } },
{ "type": "Feature", "properties": { "DEPTO": "(CUNDINAMARCA)", "MUNICIPIO": "VILLA DE SAN DIEGO DE UBATÉ", "VEREDA": "GUATANCUY", "GASODUCTO": "CENTRO - ORIENTE", "TRAMO": "Guatancuy", "TP_DUCTO": "Ramal", "DISTRITO": "3", "PK_PAT": "1411", "TP_EVENTO": "OTRO", "PRIORIDAD": "Alto", "AMENAZA": "Alto", "FX2": "20211202_FX2_C03_COR_R-GUATANC_PK001+411_VA", "LATITUD": 5.346663, "LONGITUD": -73.793942 }, "geometry": { "type": "Point", "coordinates": [ -73.793942, 5.346663, 0.0 ] } },
{ "type": "Feature", "properties": { "DEPTO": "(SANTANDER)", "MUNICIPIO": "FLORIÁN", "VEREDA": "CAMPO HERMOSO", "GASODUCTO": "CENTRO - ORIENTE", "TRAMO": "La Belleza - PK7+200", "TP_DUCTO": "Troncal", "DISTRITO": "3", "PK_PAT": "2801", "TP_EVENTO": "DESLIZAMIENTO TRASLACIONAL", "PRIORIDAD": "Alto", "AMENAZA": "Alto", "FX2": "20210520_FX2_C03_COR_BELL-7+200_PK002+801_VB", "LATITUD": 5.817706, "LONGITUD": -73.978771 }, "geometry": { "type": "Point", "coordinates": [ -73.978771, 5.817706, 0.0 ] } },
{ "type": "Feature", "properties": { "DEPTO": "(CUNDINAMARCA)", "MUNICIPIO": "TAUSA", "VEREDA": "PUEBLO VIEJO", "GASODUCTO": "CENTRO - ORIENTE", "TRAMO": "Tausa", "TP_DUCTO": "Ramal", "DISTRITO": "3", "PK_PAT": "2840", "TP_EVENTO": "REPTACION", "PRIORIDAD": "Bajo", "AMENAZA": "Bajo", "FX2": "20231026_FX2_C03_COR_R-TAUSA_PK002+840_VA", "LATITUD": 5.1942540000000577, "LONGITUD": -73.892051 }, "geometry": { "type": "Point", "coordinates": [ -73.892051, 5.194254, 0.0 ] } },
{ "type": "Feature", "properties": { "DEPTO": "(SANTANDER)", "MUNICIPIO": "FLORIÁN", "VEREDA": "CAMPO HERMOSO", "GASODUCTO": "CENTRO - ORIENTE", "TRAMO": "La Belleza - PK7+200", "TP_DUCTO": "Troncal", "DISTRITO": "3", "PK_PAT": "2871", "TP_EVENTO": "DESLIZAMIENTO TRASLACIONAL", "PRIORIDAD": "Alto", "AMENAZA": "Alto", "FX2": "20210520_FX2_C03_COR_BELL-7+200_PK002+871_VB", "LATITUD": 5.81699, "LONGITUD": -73.978612 }, "geometry": { "type": "Point", "coordinates": [ -73.978612, 5.81699, 0.0 ] } },
{ "type": "Feature", "properties": { "DEPTO": "(SANTANDER)", "MUNICIPIO": "FLORIÁN", "VEREDA": "LA VUELTIADA", "GASODUCTO": "CENTRO - ORIENTE", "TRAMO": "La Belleza - PK7+200", "TP_DUCTO": "Troncal", "DISTRITO": "3", "PK_PAT": "3576", "TP_EVENTO": "DESLIZAMIENTO TRASLACIONAL", "PRIORIDAD": "Alto", "AMENAZA": "Extremo", "FX2": "20210520_FX2_C03_COR_BELL-7+200_PK003+576_VC", "LATITUD": 5.8115340000000515, "LONGITUD": -73.983087 }, "geometry": { "type": "Point", "coordinates": [ -73.983087, 5.811534, 0.0 ] } },
{ "type": "Feature", "properties": { "DEPTO": "(SANTANDER)", "MUNICIPIO": "FLORIÁN", "VEREDA": "TISQUEZOQUE", "GASODUCTO": "CENTRO - ORIENTE", "TRAMO": "PK7+200 - PK17+500", "TP_DUCTO": "Troncal", "DISTRITO": "3", "PK_PAT": "9811", "TP_EVENTO": "REPTACION", "PRIORIDAD": "Medio", "AMENAZA": "Medio", "FX2": "20220126_FX2_C03_COR_7+200-17+500_PK009+811_VA", "LATITUD": 5.764866, "LONGITUD": -73.965518 }, "geometry": { "type": "Point", "coordinates": [ -73.965518, 5.764866, 0.0 ] } },
{ "type": "Feature", "properties": { "DEPTO": "(SANTANDER)", "MUNICIPIO": "FLORIÁN", "VEREDA": "MOPORA", "GASODUCTO": "CENTRO - ORIENTE", "TRAMO": "PK7+200 - PK17+500", "TP_DUCTO": "Troncal", "DISTRITO": "3", "PK_PAT": "11091", "TP_EVENTO": "SOCAVACIÓN DE FONDO", "PRIORIDAD": "Alto", "AMENAZA": "Extremo", "FX2": "20220126_FX2_C03_COR_7+200-17+500_PK011+091_VA", "LATITUD": 5.754942, "LONGITUD": -73.965928 }, "geometry": { "type": "Point", "coordinates": [ -73.965928, 5.754942, 0.0 ] } },
{ "type": "Feature", "properties": { "DEPTO": "(BOYACÁ)", "MUNICIPIO": "TUNUNGUÁ", "VEREDA": "SANTA ROSA", "GASODUCTO": "CENTRO - ORIENTE", "TRAMO": "PK7+200 - PK17+500", "TP_DUCTO": "Troncal", "DISTRITO": "3", "PK_PAT": "13145", "TP_EVENTO": "SOCAVACIÓN DE FONDO", "PRIORIDAD": "Alto", "AMENAZA": "Extremo", "FX2": "20220127_FX2_C03_COR_7+200-17+500_PK013+898_VA", "LATITUD": 5.7377250000000686, "LONGITUD": -73.959378 }, "geometry": { "type": "Point", "coordinates": [ -73.959378, 5.737725, 0.0 ] } },
{ "type": "Feature", "properties": { "DEPTO": "(BOYACÁ)", "MUNICIPIO": "ZETAQUIRA", "VEREDA": "GUANATA", "GASODUCTO": "PORVENIR - LA BELLEZA", "TRAMO": "Miraflores - Sutamarchan", "TP_DUCTO": "Troncal", "DISTRITO": "5", "PK_PAT": "96020", "TP_EVENTO": "SOCAVACIÓN DE FONDO", "PRIORIDAD": "Bajo", "AMENAZA": "Bajo", "FX2": "20231219_FX2_C04_PB_MIRAF-SUT_PK096+021_(PK062+855)_VB", "LATITUD": 5.22852000000006, "LONGITUD": -73.221571 }, "geometry": { "type": "Point", "coordinates": [ -73.221571, 5.22852, 0.0 ] } },
{ "type": "Feature", "properties": { "DEPTO": "(BOYACÁ)", "MUNICIPIO": "BRICEÑO", "VEREDA": "TARPEYA", "GASODUCTO": "CENTRO - ORIENTE", "TRAMO": "PK17+500 - Sucre Oriental", "TP_DUCTO": "Troncal", "DISTRITO": "3", "PK_PAT": "20119", "TP_EVENTO": "SURCOS", "PRIORIDAD": "Alto", "AMENAZA": "Alto", "FX2": "20210521_FX2_C03_COR_17+500-SUCREO_PK020+119_VB", "LATITUD": 5.70516, "LONGITUD": -73.926587 }, "geometry": { "type": "Point", "coordinates": [ -73.926587, 5.70516, 0.0 ] } },
{ "type": "Feature", "properties": { "DEPTO": "(BOYACÁ)", "MUNICIPIO": "BRICEÑO", "VEREDA": "EL DIAMANTE", "GASODUCTO": "CENTRO - ORIENTE", "TRAMO": "PK17+500 - Sucre Oriental", "TP_DUCTO": "Troncal", "DISTRITO": "3", "PK_PAT": "27440", "TP_EVENTO": "SOCAVACIÓN LATERAL", "PRIORIDAD": "Alto", "AMENAZA": "Extremo", "FX2": "20210617_FX2_C03_COR_17+500-SUCREO_PK027+374_VD", "LATITUD": 5.6518590000000586, "LONGITUD": -73.902015 }, "geometry": { "type": "Point", "coordinates": [ -73.902015, 5.651859, 0.0 ] } },
{ "type": "Feature", "properties": { "DEPTO": "(BOYACÁ)", "MUNICIPIO": "BRICEÑO", "VEREDA": "EL DIAMANTE", "GASODUCTO": "CENTRO - ORIENTE", "TRAMO": "PK17+500 - Sucre Oriental", "TP_DUCTO": "Troncal", "DISTRITO": "3", "PK_PAT": "28458", "TP_EVENTO": "CARCAVAS", "PRIORIDAD": "Medio", "AMENAZA": "Medio", "FX2": "20231025_FX2_C03_COR_17+500-SUCREO_PK028+458_VA", "LATITUD": 5.644703, "LONGITUD": -73.896725 }, "geometry": { "type": "Point", "coordinates": [ -73.896725, 5.644703, 0.0 ] } },
{ "type": "Feature", "properties": { "DEPTO": "(BOYACÁ)", "MUNICIPIO": "BRICEÑO", "VEREDA": "EL DIAMANTE", "GASODUCTO": "CENTRO - ORIENTE", "TRAMO": "PK17+500 - Sucre Oriental", "TP_DUCTO": "Troncal", "DISTRITO": "3", "PK_PAT": "30643", "TP_EVENTO": "REPTACION", "PRIORIDAD": "Alto", "AMENAZA": "Extremo", "FX2": "20230316_FX2_C03_COR_17+500-SUCREO_PK030+643_VC", "LATITUD": 5.628796, "LONGITUD": -73.886954 }, "geometry": { "type": "Point", "coordinates": [ -73.886954, 5.628796, 0.0 ] } },
{ "type": "Feature", "properties": { "DEPTO": "(CUNDINAMARCA)", "MUNICIPIO": "VILLA DE SAN DIEGO DE UBATÉ", "VEREDA": "PALOGORDO", "GASODUCTO": "CENTRO - ORIENTE", "TRAMO": "Sucre Oriental - Cogua", "TP_DUCTO": "Troncal", "DISTRITO": "3", "PK_PAT": "72294", "TP_EVENTO": "SOCAVACIÓN DE FONDO", "PRIORIDAD": "Alto", "AMENAZA": "Alto", "FX2": "20211203_FX2_C03_COR_SUCREO-COG_PK072+294_VA", "LATITUD": 5.328326000000061, "LONGITUD": -73.769936 }, "geometry": { "type": "Point", "coordinates": [ -73.769936, 5.328326, 0.0 ] } },
{ "type": "Feature", "properties": { "DEPTO": "(CUNDINAMARCA)", "MUNICIPIO": "CUCUNUBÁ", "VEREDA": "PEÑAS", "GASODUCTO": "CENTRO - ORIENTE", "TRAMO": "Sucre Oriental - Cogua", "TP_DUCTO": "Troncal", "DISTRITO": "3", "PK_PAT": "90865", "TP_EVENTO": "SURCOS", "PRIORIDAD": "Medio", "AMENAZA": "Medio", "FX2": "20230613_FX2_C03_COR_SUCREO-COG_PK090+865_VB", "LATITUD": 5.1944580000000542, "LONGITUD": -73.839363 }, "geometry": { "type": "Point", "coordinates": [ -73.839363, 5.194458, 0.0 ] } },
{ "type": "Feature", "properties": { "DEPTO": "(CUNDINAMARCA)", "MUNICIPIO": "TAUSA", "VEREDA": "PAJARITO", "GASODUCTO": "CENTRO - ORIENTE", "TRAMO": "Sucre Oriental - Cogua", "TP_DUCTO": "Troncal", "DISTRITO": "3", "PK_PAT": "99721", "TP_EVENTO": "FLUJOS", "PRIORIDAD": "Alto", "AMENAZA": "Alto", "FX2": "20221012_FX2_C03_COR_SUCREO-COG_PK099+721_VA", "LATITUD": 5.1594200000000683, "LONGITUD": -73.909632 }, "geometry": { "type": "Point", "coordinates": [ -73.909632, 5.15942, 0.0 ] } },
{ "type": "Feature", "properties": { "DEPTO": "(CUNDINAMARCA)", "MUNICIPIO": "TAUSA", "VEREDA": "CHORRILLO", "GASODUCTO": "CENTRO - ORIENTE", "TRAMO": "Sucre Oriental - Cogua", "TP_DUCTO": "Troncal", "DISTRITO": "3", "PK_PAT": "101334", "TP_EVENTO": "REPTACION", "PRIORIDAD": "Alto", "AMENAZA": "Alto", "FX2": "20221011_FX2_C03_COR_SUCREO-COG_PK101+334_VB", "LATITUD": 5.1463430000000585, "LONGITUD": -73.913779 }, "geometry": { "type": "Point", "coordinates": [ -73.913779, 5.146343, 0.0 ] } },
{ "type": "Feature", "properties": { "DEPTO": "(CUNDINAMARCA)", "MUNICIPIO": "COGUA", "VEREDA": "CASA BLANCA", "GASODUCTO": "CENTRO - ORIENTE", "TRAMO": "Sucre Oriental - Cogua", "TP_DUCTO": "Troncal", "DISTRITO": "3", "PK_PAT": "104794", "TP_EVENTO": "SOCAVACIÓN LATERAL", "PRIORIDAD": "Medio", "AMENAZA": "Medio", "FX2": "20231026_FX2_C03_COR_SUCREO-COG_PK104+794_VA", "LATITUD": 5.11789, "LONGITUD": -73.920775 }, "geometry": { "type": "Point", "coordinates": [ -73.920775, 5.11789, 0.0 ] } },
{ "type": "Feature", "properties": { "DEPTO": "(CUNDINAMARCA)", "MUNICIPIO": "COGUA", "VEREDA": "MORTIÑO", "GASODUCTO": "CENTRO - ORIENTE", "TRAMO": "Sucre Oriental - Cogua", "TP_DUCTO": "Troncal", "DISTRITO": "3", "PK_PAT": "110158", "TP_EVENTO": "SOCAVACIÓN DE FONDO", "PRIORIDAD": "Alto", "AMENAZA": "Alto", "FX2": "20211203_FX2_C03_COR_SUCREO-COG_PK110+158_VA", "LATITUD": 5.079648, "LONGITUD": -73.933558 }, "geometry": { "type": "Point", "coordinates": [ -73.933558, 5.079648, 0.0 ] } },
{ "type": "Feature", "properties": { "DEPTO": "(CASANARE)", "MUNICIPIO": "YOPAL", "VEREDA": "LA UNION", "GASODUCTO": "MORICHAL - YOPAL", "TRAMO": "Morichal - Yopal", "TP_DUCTO": "Aislado", "DISTRITO": "4", "PK_PAT": "10333", "TP_EVENTO": "SOCAVACIÓN DE FONDO", "PRIORIDAD": "Medio", "AMENAZA": "Medio", "FX2": "20220908_FX2_C04_MYO_MORIC-YOP_PK010+333_VA", "LATITUD": 5.321826, "LONGITUD": -72.354163 }, "geometry": { "type": "Point", "coordinates": [ -72.354163, 5.321826, 0.0 ] } },
{ "type": "Feature", "properties": { "DEPTO": "(TOLIMA)", "MUNICIPIO": "LÉRIDA", "VEREDA": "ALTO DEL SOL", "GASODUCTO": "CENTRO - ORIENTE", "TRAMO": "Libano", "TP_DUCTO": "Ramal", "DISTRITO": "2", "PK_PAT": "4823", "TP_EVENTO": "OTRO", "PRIORIDAD": "Bajo", "AMENAZA": "Bajo", "FX2": "20230725_FX2_C02_COR_R-LIBANO_PK004+823_VA", "LATITUD": 4.841915, "LONGITUD": -74.956088 }, "geometry": { "type": "Point", "coordinates": [ -74.956088, 4.841915, 0.0 ] } },
{ "type": "Feature", "properties": { "DEPTO": "(TOLIMA)", "MUNICIPIO": "LÍBANO", "VEREDA": "TIERRADENTRO", "GASODUCTO": "CENTRO - ORIENTE", "TRAMO": "Libano", "TP_DUCTO": "Ramal", "DISTRITO": "2", "PK_PAT": "12095", "TP_EVENTO": "OTRO", "PRIORIDAD": "Bajo", "AMENAZA": "Bajo", "FX2": "20210413_FX2_C02_COR_R-LIBANO_PK012+095_VB", "LATITUD": 4.865825, "LONGITUD": -75.000318 }, "geometry": { "type": "Point", "coordinates": [ -75.000318, 4.865825, 0.0 ] } },
{ "type": "Feature", "properties": { "DEPTO": "(TOLIMA)", "MUNICIPIO": "LÍBANO", "VEREDA": "LA HONDA", "GASODUCTO": "CENTRO - ORIENTE", "TRAMO": "Libano", "TP_DUCTO": "Ramal", "DISTRITO": "2", "PK_PAT": "14727", "TP_EVENTO": "SOCAVACIÓN DE FONDO", "PRIORIDAD": "Alto", "AMENAZA": "Extremo", "FX2": "20240814_FX2_C02_COR_R-LIBANO_PK014+727_VA", "LATITUD": 4.879016, "LONGITUD": -75.014818 }, "geometry": { "type": "Point", "coordinates": [ -75.014818, 4.879016, 0.0 ] } },
{ "type": "Feature", "properties": { "DEPTO": "(TOLIMA)", "MUNICIPIO": "LÍBANO", "VEREDA": "LA HONDA", "GASODUCTO": "CENTRO - ORIENTE", "TRAMO": "Libano", "TP_DUCTO": "Ramal", "DISTRITO": "2", "PK_PAT": "15091", "TP_EVENTO": "SOCAVACIÓN DE FONDO", "PRIORIDAD": "Alto", "AMENAZA": "Extremo", "FX2": "20210412_FX2_C02_COR_R-LIBANO_PK015+091_VB", "LATITUD": 4.8814640000000509, "LONGITUD": -75.015105 }, "geometry": { "type": "Point", "coordinates": [ -75.015105, 4.881464, 0.0 ] } },
{ "type": "Feature", "properties": { "DEPTO": "(TOLIMA)", "MUNICIPIO": "LÍBANO", "VEREDA": "CORALITO", "GASODUCTO": "CENTRO - ORIENTE", "TRAMO": "Libano", "TP_DUCTO": "Ramal", "DISTRITO": "2", "PK_PAT": "18149", "TP_EVENTO": "SURCOS", "PRIORIDAD": "Bajo", "AMENAZA": "Bajo", "FX2": "20210413_FX2_C02_COR_R-LIBANO_PK018+149_VA", "LATITUD": 4.90063, "LONGITUD": -75.02914 }, "geometry": { "type": "Point", "coordinates": [ -75.02914, 4.90063, 0.0 ] } },
{ "type": "Feature", "properties": { "DEPTO": "(TOLIMA)", "MUNICIPIO": "SAN SEBASTIÁN DE MARIQUITA", "VEREDA": "PANTANO GRANDE", "GASODUCTO": "CENTRO - ORIENTE", "TRAMO": "Mariquita - Gualanday", "TP_DUCTO": "Troncal", "DISTRITO": "2", "PK_PAT": "303738", "TP_EVENTO": "SOCAVACIÓN LATERAL", "PRIORIDAD": "Alto", "AMENAZA": "Extremo", "FX2": "20240125_FX2_C02_COR_MAR-GUAL_PK303+738_VA", "LATITUD": 5.150931000000071, "LONGITUD": -74.897043 }, "geometry": { "type": "Point", "coordinates": [ -74.897043, 5.150931, 0.0 ] } },
{ "type": "Feature", "properties": { "DEPTO": "(TOLIMA)", "MUNICIPIO": "SAN SEBASTIÁN DE MARIQUITA", "VEREDA": "PANTANO GRANDE", "GASODUCTO": "CENTRO - ORIENTE", "TRAMO": "Mariquita - Gualanday", "TP_DUCTO": "Troncal", "DISTRITO": "2", "PK_PAT": "303903", "TP_EVENTO": "SOCAVACIÓN LATERAL", "PRIORIDAD": "Alto", "AMENAZA": "Extremo", "FX2": "20210414_FX2_C02_COR_MAR-GUAL_PK303+903 (PK303+506)_VB", "LATITUD": 5.1498940000000744, "LONGITUD": -74.897898 }, "geometry": { "type": "Point", "coordinates": [ -74.897898, 5.149894, 0.0 ] } },
{ "type": "Feature", "properties": { "DEPTO": "(TOLIMA)", "MUNICIPIO": "SAN SEBASTIÁN DE MARIQUITA", "VEREDA": "PANTANO GRANDE", "GASODUCTO": "CENTRO - ORIENTE", "TRAMO": "Mariquita - Gualanday", "TP_DUCTO": "Troncal", "DISTRITO": "2", "PK_PAT": "304163", "TP_EVENTO": "CARCAVAS", "PRIORIDAD": "Alto", "AMENAZA": "Alto", "FX2": "20240125_FX2_C02_COR_MAR-GUAL_PK304+163_VA", "LATITUD": 5.147636, "LONGITUD": -74.897707 }, "geometry": { "type": "Point", "coordinates": [ -74.897707, 5.147636, 0.0 ] } },
{ "type": "Feature", "properties": { "DEPTO": "(TOLIMA)", "MUNICIPIO": "ARMERO", "VEREDA": "SANTO DOMINGO - TOTUMAL", "GASODUCTO": "CENTRO - ORIENTE", "TRAMO": "Mariquita - Gualanday", "TP_DUCTO": "Troncal", "DISTRITO": "2", "PK_PAT": "319406", "TP_EVENTO": "SOCAVACIÓN LATERAL", "PRIORIDAD": "Alto", "AMENAZA": "Alto", "FX2": "20230922_FX2_C02_COR_MAR-GUAL_PK319+406_VB", "LATITUD": 5.023335, "LONGITUD": -74.895428 }, "geometry": { "type": "Point", "coordinates": [ -74.895428, 5.023335, 0.0 ] } },
{ "type": "Feature", "properties": { "DEPTO": "(TOLIMA)", "MUNICIPIO": "ALVARADO", "VEREDA": "CALDAS VIEJO", "GASODUCTO": "CENTRO - ORIENTE", "TRAMO": "Mariquita - Gualanday", "TP_DUCTO": "Troncal", "DISTRITO": "2", "PK_PAT": "366014", "TP_EVENTO": "SOCAVACIÓN DE FONDO", "PRIORIDAD": "Alto", "AMENAZA": "Alto", "FX2": "20210818_FX2_C02_COR_MAR-GUAL_PK365+508_VA", "LATITUD": 4.638702, "LONGITUD": -74.935715 }, "geometry": { "type": "Point", "coordinates": [ -74.935715, 4.638702, 0.0 ] } },
{ "type": "Feature", "properties": { "DEPTO": "(TOLIMA)", "MUNICIPIO": "ALVARADO", "VEREDA": "CABECERA MUNICIPAL", "GASODUCTO": "CENTRO - ORIENTE", "TRAMO": "Mariquita - Gualanday", "TP_DUCTO": "Troncal", "DISTRITO": "2", "PK_PAT": "374400", "TP_EVENTO": "SOCAVACIÓN DE FONDO", "PRIORIDAD": "Alto", "AMENAZA": "Alto", "FX2": "20210818_FX2_C02_COR_MAR-GUAL_PK374+400_VA", "LATITUD": 4.567261, "LONGITUD": -74.947583 }, "geometry": { "type": "Point", "coordinates": [ -74.947583, 4.567261, 0.0 ] } },
{ "type": "Feature", "properties": { "DEPTO": "(TOLIMA)", "MUNICIPIO": "PIEDRAS", "VEREDA": "ESTACION DOIMA", "GASODUCTO": "CENTRO - ORIENTE", "TRAMO": "Mariquita - Gualanday", "TP_DUCTO": "Troncal", "DISTRITO": "2", "PK_PAT": "393592", "TP_EVENTO": "CARCAVAS", "PRIORIDAD": "Alto", "AMENAZA": "Alto", "FX2": "20230921_FX2_C02_COR_MAR-GUAL_PK393+592_VA", "LATITUD": 4.419628, "LONGITUD": -75.013052 }, "geometry": { "type": "Point", "coordinates": [ -75.013052, 4.419628, 0.0 ] } },
{ "type": "Feature", "properties": { "DEPTO": "(TOLIMA)", "MUNICIPIO": "SAN SEBASTIÁN DE MARIQUITA", "VEREDA": "EL RANO", "GASODUCTO": "CENTRO - ORIENTE", "TRAMO": "Puerto Salgar - Mariquita", "TP_DUCTO": "Troncal", "DISTRITO": "2", "PK_PAT": "284948", "TP_EVENTO": "CARCAVAS", "PRIORIDAD": "Alto", "AMENAZA": "Alto", "FX2": " 20210929_FX2_C01_COR_PTO SALG-MAR_PK284+500_VA", "LATITUD": 5.2997770000000628, "LONGITUD": -74.845634 }, "geometry": { "type": "Point", "coordinates": [ -74.845634, 5.299777, 0.0 ] } },
{ "type": "Feature", "properties": { "DEPTO": "(TOLIMA)", "MUNICIPIO": "SAN SEBASTIÁN DE MARIQUITA", "VEREDA": "EL RANO", "GASODUCTO": "CENTRO - ORIENTE", "TRAMO": "Puerto Salgar - Mariquita", "TP_DUCTO": "Troncal", "DISTRITO": "2", "PK_PAT": "286378", "TP_EVENTO": "SOCAVACIÓN DE FONDO", "PRIORIDAD": "Medio", "AMENAZA": "Medio", "FX2": "20221116_FX2_C01_COR_PTO SALG-MAR_PK285+927_VA", "LATITUD": 5.287671, "LONGITUD": -74.843198 }, "geometry": { "type": "Point", "coordinates": [ -74.843198, 5.287671, 0.0 ] } },
{ "type": "Feature", "properties": { "DEPTO": "(CUNDINAMARCA)", "MUNICIPIO": "CÁQUEZA", "VEREDA": "SAN VICENTE", "GASODUCTO": "CUSIANA - APIAY - USME", "TRAMO": "Caqueza", "TP_DUCTO": "Ramal", "DISTRITO": "4", "PK_PAT": "1304", "TP_EVENTO": "DESLIZAMIENTO ROTACIONAL", "PRIORIDAD": "Alto", "AMENAZA": "Alto", "FX2": "20220617_FX2_C06_CAU_R-CAQUEZA_PK001+304_VB", "LATITUD": 4.369694, "LONGITUD": -73.946698 }, "geometry": { "type": "Point", "coordinates": [ -73.946698, 4.369694, 0.0 ] } },
{ "type": "Feature", "properties": { "DEPTO": "(CUNDINAMARCA)", "MUNICIPIO": "CHIPAQUE", "VEREDA": "ALTO DEL RAMO", "GASODUCTO": "CUSIANA - APIAY - USME", "TRAMO": "Chipaque", "TP_DUCTO": "Ramal", "DISTRITO": "4", "PK_PAT": "2088", "TP_EVENTO": "OTRO", "PRIORIDAD": "Alto", "AMENAZA": "Alto", "FX2": "20221101_FX2_C06_CAU_R-CHIPAQUE_PK002+088_VB", "LATITUD": 4.4470430000000647, "LONGITUD": -74.055325 }, "geometry": { "type": "Point", "coordinates": [ -74.055325, 4.447043, 0.0 ] } },
{ "type": "Feature", "properties": { "DEPTO": "(META)", "MUNICIPIO": "VILLAVICENCIO", "VEREDA": "EL CARMEN", "GASODUCTO": "CUSIANA - APIAY - USME", "TRAMO": "Villavicencio - Usme", "TP_DUCTO": "Troncal", "DISTRITO": "4", "PK_PAT": "37606", "TP_EVENTO": "SURCOS", "PRIORIDAD": "Medio", "AMENAZA": "Medio", "FX2": "20210525_FX2_C06_CAU_VILLAV-USME_PK037+606_VB", "LATITUD": 4.134483, "LONGITUD": -73.679788 }, "geometry": { "type": "Point", "coordinates": [ -73.679788, 4.134483, 0.0 ] } },
{ "type": "Feature", "properties": { "DEPTO": "(META)", "MUNICIPIO": "VILLAVICENCIO", "VEREDA": "SAMARÍA", "GASODUCTO": "CUSIANA - APIAY - USME", "TRAMO": "Villavicencio - Usme", "TP_DUCTO": "Troncal", "DISTRITO": "4", "PK_PAT": "40572", "TP_EVENTO": "SOCAVACIÓN DE FONDO", "PRIORIDAD": "Alto", "AMENAZA": "Extremo", "FX2": "20240229_FX2_C06_CAU_VILLAV-USME_PK040+572_VB", "LATITUD": 4.129223, "LONGITUD": -73.700077 }, "geometry": { "type": "Point", "coordinates": [ -73.700077, 4.129223, 0.0 ] } },
{ "type": "Feature", "properties": { "DEPTO": "(META)", "MUNICIPIO": "VILLAVICENCIO", "VEREDA": "SAMARÍA", "GASODUCTO": "CUSIANA - APIAY - USME", "TRAMO": "Villavicencio - Usme", "TP_DUCTO": "Troncal", "DISTRITO": "4", "PK_PAT": "41416", "TP_EVENTO": "CARCAVAS", "PRIORIDAD": "Alto", "AMENAZA": "Alto", "FX2": "20210617_FX2_C06_CAU_VILLAV-USME_PK041+416_VD", "LATITUD": 4.13359, "LONGITUD": -73.705131 }, "geometry": { "type": "Point", "coordinates": [ -73.705131, 4.13359, 0.0 ] } },
{ "type": "Feature", "properties": { "DEPTO": "(CUNDINAMARCA)", "MUNICIPIO": "GUAYABETAL", "VEREDA": "JABONERAS", "GASODUCTO": "CUSIANA - APIAY - USME", "TRAMO": "Villavicencio - Usme", "TP_DUCTO": "Troncal", "DISTRITO": "4", "PK_PAT": "63026", "TP_EVENTO": "OTRO", "PRIORIDAD": "Alto", "AMENAZA": "Alto", "FX2": "20221205_FX2_C06_CAU_VILLAV-USME_PK063+026_VB", "LATITUD": 4.2142900000000623, "LONGITUD": -73.81875 }, "geometry": { "type": "Point", "coordinates": [ -73.81875, 4.21429, 0.0 ] } },
{ "type": "Feature", "properties": { "DEPTO": "(CUNDINAMARCA)", "MUNICIPIO": "QUETAME", "VEREDA": "ESTAQUECA BAJO", "GASODUCTO": "CUSIANA - APIAY - USME", "TRAMO": "Villavicencio - Usme", "TP_DUCTO": "Troncal", "DISTRITO": "4", "PK_PAT": "74294", "TP_EVENTO": "SOCAVACIÓN DE FONDO", "PRIORIDAD": "Alto", "AMENAZA": "Extremo", "FX2": "20240618_FX2_C06_CAU_VILLAV-USME_PK074+294-CA_VA", "LATITUD": 4.2861820000000534, "LONGITUD": -73.864392 }, "geometry": { "type": "Point", "coordinates": [ -73.864392, 4.286182, 0.0 ] } },
{ "type": "Feature", "properties": { "DEPTO": "(CUNDINAMARCA)", "MUNICIPIO": "QUETAME", "VEREDA": "GUACAPATE", "GASODUCTO": "CUSIANA - APIAY - USME", "TRAMO": "Villavicencio - Usme", "TP_DUCTO": "Troncal", "DISTRITO": "4", "PK_PAT": "76379", "TP_EVENTO": "SOCAVACIÓN LATERAL", "PRIORIDAD": "Medio", "AMENAZA": "Medio", "FX2": "20230919_FX2_C06_CAU_VILLAV-USME_PK076+379_VA", "LATITUD": 4.301864, "LONGITUD": -73.865578 }, "geometry": { "type": "Point", "coordinates": [ -73.865578, 4.301864, 0.0 ] } },
{ "type": "Feature", "properties": { "DEPTO": "(CUNDINAMARCA)", "MUNICIPIO": "FOSCA", "VEREDA": "GRANADILLO", "GASODUCTO": "CUSIANA - APIAY - USME", "TRAMO": "Villavicencio - Usme", "TP_DUCTO": "Troncal", "DISTRITO": "4", "PK_PAT": "85219", "TP_EVENTO": "OTRO", "PRIORIDAD": "Alto", "AMENAZA": "Extremo", "FX2": "20220616_FX2_C06_CAUS_VILLAV-USME_PK085+219_VB", "LATITUD": 4.3365910000000554, "LONGITUD": -73.911839 }, "geometry": { "type": "Point", "coordinates": [ -73.911839, 4.336591, 0.0 ] } },
{ "type": "Feature", "properties": { "DEPTO": "(CUNDINAMARCA)", "MUNICIPIO": "FOSCA", "VEREDA": "SANAME", "GASODUCTO": "CUSIANA - APIAY - USME", "TRAMO": "Villavicencio - Usme", "TP_DUCTO": "Troncal", "DISTRITO": "4", "PK_PAT": "85915", "TP_EVENTO": "SOCAVACIÓN DE FONDO", "PRIORIDAD": "Medio", "AMENAZA": "Medio", "FX2": "20240311_FX2_C06_CAU_VILLAV-USME_PK085+915_VB", "LATITUD": 4.3421070000000555, "LONGITUD": -73.914736 }, "geometry": { "type": "Point", "coordinates": [ -73.914736, 4.342107, 0.0 ] } },
{ "type": "Feature", "properties": { "DEPTO": "(CUNDINAMARCA)", "MUNICIPIO": "FOSCA", "VEREDA": "SANAME", "GASODUCTO": "CUSIANA - APIAY - USME", "TRAMO": "Villavicencio - Usme", "TP_DUCTO": "Troncal", "DISTRITO": "4", "PK_PAT": "87354", "TP_EVENTO": "FLUJOS", "PRIORIDAD": "Medio", "AMENAZA": "Medio", "FX2": "20240312_FX2_C06_CAU_VILLAV-USME_PK087+354_VB", "LATITUD": 4.3504090000000701, "LONGITUD": -73.92012 }, "geometry": { "type": "Point", "coordinates": [ -73.92012, 4.350409, 0.0 ] } },
{ "type": "Feature", "properties": { "DEPTO": "(CUNDINAMARCA)", "MUNICIPIO": "CÁQUEZA", "VEREDA": "MERCADILLO", "GASODUCTO": "CUSIANA - APIAY - USME", "TRAMO": "Villavicencio - Usme", "TP_DUCTO": "Troncal", "DISTRITO": "4", "PK_PAT": "98712", "TP_EVENTO": "OTRO", "PRIORIDAD": "Medio", "AMENAZA": "Medio", "FX2": "20221205_FX2_C06_CAUS_VILLAV-USME_PK098+712_VA", "LATITUD": 4.387728, "LONGITUD": -73.98275 }, "geometry": { "type": "Point", "coordinates": [ -73.98275, 4.387728, 0.0 ] } },
{ "type": "Feature", "properties": { "DEPTO": "(CUNDINAMARCA)", "MUNICIPIO": "UNE", "VEREDA": "SAN LUIS", "GASODUCTO": "CUSIANA - APIAY - USME", "TRAMO": "Villavicencio - Usme", "TP_DUCTO": "Troncal", "DISTRITO": "4", "PK_PAT": "104289", "TP_EVENTO": "SOCAVACIÓN LATERAL", "PRIORIDAD": "Alto", "AMENAZA": "Extremo", "FX2": "20230217_FX2_C06_CAU_VILLAV-USME_PK104+289_VB", "LATITUD": 4.399082, "LONGITUD": -74.018911 }, "geometry": { "type": "Point", "coordinates": [ -74.018911, 4.399082, 0.0 ] } },
{ "type": "Feature", "properties": { "DEPTO": "(CUNDINAMARCA)", "MUNICIPIO": "CHIPAQUE", "VEREDA": "CALDERA", "GASODUCTO": "CUSIANA - APIAY - USME", "TRAMO": "Villavicencio - Usme", "TP_DUCTO": "Troncal", "DISTRITO": "4", "PK_PAT": "114369", "TP_EVENTO": "DESLIZAMIENTO TRASLACIONAL", "PRIORIDAD": "Medio", "AMENAZA": "Medio", "FX2": "20240411_FX2_C06_CAU_VILLAV-USME_PK114+369_VC", "LATITUD": 4.4312370000000669, "LONGITUD": -74.073865 }, "geometry": { "type": "Point", "coordinates": [ -74.073865, 4.431237, 0.0 ] } },
{ "type": "Feature", "properties": { "DEPTO": "(SANTANDER)", "MUNICIPIO": "SAN VICENTE DE CHUCURÍ", "VEREDA": "LA TEMPESTUOSA", "GASODUCTO": "SUR DE BOLIVAR", "TRAMO": "Playa Roja - San Vicente", "TP_DUCTO": "Aislado", "DISTRITO": "1", "PK_PAT": "446", "TP_EVENTO": "SURCOS", "PRIORIDAD": "Alto", "AMENAZA": "Extremo", "FX2": "20210727_FX2_C01_SBO_S VIC-PLAYA R_PK000+446_VA", "LATITUD": 6.8957310000000689, "LONGITUD": -73.59456 }, "geometry": { "type": "Point", "coordinates": [ -73.59456, 6.895731, 0.0 ] } },
{ "type": "Feature", "properties": { "DEPTO": "(SANTANDER)", "MUNICIPIO": "SAN VICENTE DE CHUCURÍ", "VEREDA": "LA TEMPESTUOSA", "GASODUCTO": "SUR DE BOLIVAR", "TRAMO": "Playa Roja - San Vicente", "TP_DUCTO": "Aislado", "DISTRITO": "1", "PK_PAT": "594", "TP_EVENTO": "FLUJOS", "PRIORIDAD": "Alto", "AMENAZA": "Alto", "FX2": "20220214_FX2_C01_SBO_S VIC-PLAYA R_PK000+594_VA", "LATITUD": 6.8957330000000638, "LONGITUD": -73.593226 }, "geometry": { "type": "Point", "coordinates": [ -73.593226, 6.895733, 0.0 ] } },
{ "type": "Feature", "properties": { "DEPTO": "(SANTANDER)", "MUNICIPIO": "SAN VICENTE DE CHUCURÍ", "VEREDA": "LA TEMPESTUOSA", "GASODUCTO": "SUR DE BOLIVAR", "TRAMO": "Playa Roja - San Vicente", "TP_DUCTO": "Aislado", "DISTRITO": "1", "PK_PAT": "929", "TP_EVENTO": "SURCOS", "PRIORIDAD": "Bajo", "AMENAZA": "Bajo", "FX2": "20220214_FX2_C01_SBO_S VIC-PLAYA R_PK000+929_VA", "LATITUD": 6.8931940000000509, "LONGITUD": -73.591606 }, "geometry": { "type": "Point", "coordinates": [ -73.591606, 6.893194, 0.0 ] } },
{ "type": "Feature", "properties": { "DEPTO": "(SANTANDER)", "MUNICIPIO": "SAN VICENTE DE CHUCURÍ", "VEREDA": "LLANA CALIENTE", "GASODUCTO": "SUR DE BOLIVAR", "TRAMO": "Playa Roja - San Vicente", "TP_DUCTO": "Aislado", "DISTRITO": "1", "PK_PAT": "3746", "TP_EVENTO": "SURCOS", "PRIORIDAD": "Alto", "AMENAZA": "Extremo", "FX2": "20210727_FX2_C01_SBO_S VIC-PLAYA R_PK003+746_VA", "LATITUD": 6.8913400000000706, "LONGITUD": -73.567559 }, "geometry": { "type": "Point", "coordinates": [ -73.567559, 6.89134, 0.0 ] } },
{ "type": "Feature", "properties": { "DEPTO": "(SANTANDER)", "MUNICIPIO": "SAN VICENTE DE CHUCURÍ", "VEREDA": "LLANA CALIENTE", "GASODUCTO": "SUR DE BOLIVAR", "TRAMO": "Playa Roja - San Vicente", "TP_DUCTO": "Aislado", "DISTRITO": "1", "PK_PAT": "5334", "TP_EVENTO": "SOCAVACIÓN DE FONDO", "PRIORIDAD": "Alto", "AMENAZA": "Alto", "FX2": "20220214_FX2_C01_SBO_S VIC-PLAYA R_PK005+334_VA", "LATITUD": 6.894818, "LONGITUD": -73.554605 }, "geometry": { "type": "Point", "coordinates": [ -73.554605, 6.894818, 0.0 ] } },
{ "type": "Feature", "properties": { "DEPTO": "(SANTANDER)", "MUNICIPIO": "SAN VICENTE DE CHUCURÍ", "VEREDA": "NUEVO MUNDO", "GASODUCTO": "SUR DE BOLIVAR", "TRAMO": "Playa Roja - San Vicente", "TP_DUCTO": "Aislado", "DISTRITO": "1", "PK_PAT": "7465", "TP_EVENTO": "CARCAVAS", "PRIORIDAD": "Alto", "AMENAZA": "Alto", "FX2": "20221026_FX2_C01_SBO_S VIC-PLAYA R_PK007+465_VA", "LATITUD": 6.888922, "LONGITUD": -73.540739 }, "geometry": { "type": "Point", "coordinates": [ -73.540739, 6.888922, 0.0 ] } },
{ "type": "Feature", "properties": { "DEPTO": "(SANTANDER)", "MUNICIPIO": "SAN VICENTE DE CHUCURÍ", "VEREDA": "NUEVO MUNDO", "GASODUCTO": "SUR DE BOLIVAR", "TRAMO": "Playa Roja - San Vicente", "TP_DUCTO": "Aislado", "DISTRITO": "1", "PK_PAT": "8501", "TP_EVENTO": "CARCAVAS", "PRIORIDAD": "Alto", "AMENAZA": "Alto", "FX2": "20220215_FX2_C01_SBO_S VIC-PLAYA R_PK008+501_VB", "LATITUD": 6.884091000000069, "LONGITUD": -73.533702 }, "geometry": { "type": "Point", "coordinates": [ -73.533702, 6.884091, 0.0 ] } },
{ "type": "Feature", "properties": { "DEPTO": "(SANTANDER)", "MUNICIPIO": "SAN VICENTE DE CHUCURÍ", "VEREDA": "NUEVO MUNDO", "GASODUCTO": "SUR DE BOLIVAR", "TRAMO": "Playa Roja - San Vicente", "TP_DUCTO": "Aislado", "DISTRITO": "1", "PK_PAT": "9870", "TP_EVENTO": "SOCAVACIÓN DE FONDO", "PRIORIDAD": "Alto", "AMENAZA": "Extremo", "FX2": "20220215_FX2_C01_SBO_S VIC-PLAYA R_PK009+870_VB", "LATITUD": 6.883897, "LONGITUD": -73.521449 }, "geometry": { "type": "Point", "coordinates": [ -73.521449, 6.883897, 0.0 ] } },
{ "type": "Feature", "properties": { "DEPTO": "(SANTANDER)", "MUNICIPIO": "SAN VICENTE DE CHUCURÍ", "VEREDA": "NUEVO MUNDO", "GASODUCTO": "SUR DE BOLIVAR", "TRAMO": "Playa Roja - San Vicente", "TP_DUCTO": "Aislado", "DISTRITO": "1", "PK_PAT": "10102", "TP_EVENTO": "FLUJOS", "PRIORIDAD": "Alto", "AMENAZA": "Extremo", "FX2": "20210728_FX2_C01_SBO_S VIC-PLAYA R_PK010+102_VC.xlsx", "LATITUD": 6.8831260000000611, "LONGITUD": -73.519531 }, "geometry": { "type": "Point", "coordinates": [ -73.519531, 6.883126, 0.0 ] } },
{ "type": "Feature", "properties": { "DEPTO": "(SANTANDER)", "MUNICIPIO": "SAN VICENTE DE CHUCURÍ", "VEREDA": "NUEVO MUNDO", "GASODUCTO": "SUR DE BOLIVAR", "TRAMO": "Playa Roja - San Vicente", "TP_DUCTO": "Aislado", "DISTRITO": "1", "PK_PAT": "10251", "TP_EVENTO": "SURCOS", "PRIORIDAD": "Alto", "AMENAZA": "Extremo", "FX2": "20210728_FX2_C01_SBO_S VIC-PLAYA R_PK010+251_VA", "LATITUD": 6.8821, "LONGITUD": -73.518673 }, "geometry": { "type": "Point", "coordinates": [ -73.518673, 6.8821, 0.0 ] } },
{ "type": "Feature", "properties": { "DEPTO": "(SANTANDER)", "MUNICIPIO": "SAN VICENTE DE CHUCURÍ", "VEREDA": "NUEVO MUNDO", "GASODUCTO": "SUR DE BOLIVAR", "TRAMO": "Playa Roja - San Vicente", "TP_DUCTO": "Aislado", "DISTRITO": "1", "PK_PAT": "10666", "TP_EVENTO": "REPTACION", "PRIORIDAD": "Alto", "AMENAZA": "Alto", "FX2": "20221026_FX2_C01_SBO_S VIC-PLAYA R_PK010+666_VB", "LATITUD": 6.879508, "LONGITUD": -73.515962 }, "geometry": { "type": "Point", "coordinates": [ -73.515962, 6.879508, 0.0 ] } },
{ "type": "Feature", "properties": { "DEPTO": "(SANTANDER)", "MUNICIPIO": "SAN VICENTE DE CHUCURÍ", "VEREDA": "NUEVO MUNDO", "GASODUCTO": "SUR DE BOLIVAR", "TRAMO": "Playa Roja - San Vicente", "TP_DUCTO": "Aislado", "DISTRITO": "1", "PK_PAT": "11308", "TP_EVENTO": "SOCAVACIÓN LATERAL", "PRIORIDAD": "Alto", "AMENAZA": "Alto", "FX2": "20220215_FX2_C01_SBO_S VIC-PLAYA R_PK011+308_VA", "LATITUD": 6.877916, "LONGITUD": -73.511123 }, "geometry": { "type": "Point", "coordinates": [ -73.511123, 6.877916, 0.0 ] } },
{ "type": "Feature", "properties": { "DEPTO": "(SANTANDER)", "MUNICIPIO": "SAN VICENTE DE CHUCURÍ", "VEREDA": "NUEVO MUNDO", "GASODUCTO": "SUR DE BOLIVAR", "TRAMO": "Playa Roja - San Vicente", "TP_DUCTO": "Aislado", "DISTRITO": "1", "PK_PAT": "11379", "TP_EVENTO": "SOCAVACIÓN LATERAL", "PRIORIDAD": "Medio", "AMENAZA": "Medio", "FX2": "20220215_FX2_C01_SBO_S VIC-PLAYA R_PK011+379_VA", "LATITUD": 6.8780870000000505, "LONGITUD": -73.51051 }, "geometry": { "type": "Point", "coordinates": [ -73.51051, 6.878087, 0.0 ] } },
{ "type": "Feature", "properties": { "DEPTO": "(SANTANDER)", "MUNICIPIO": "SAN VICENTE DE CHUCURÍ", "VEREDA": "GUADUAL", "GASODUCTO": "SUR DE BOLIVAR", "TRAMO": "Playa Roja - San Vicente", "TP_DUCTO": "Aislado", "DISTRITO": "1", "PK_PAT": "12503", "TP_EVENTO": "OTRO", "PRIORIDAD": "Alto", "AMENAZA": "Alto", "FX2": "20221027_FX2_C01_SBO_S VIC-PLAYA R_PK012+503_VA", "LATITUD": 6.8767570000000546, "LONGITUD": -73.501433 }, "geometry": { "type": "Point", "coordinates": [ -73.501433, 6.876757, 0.0 ] } },
{ "type": "Feature", "properties": { "DEPTO": "(SANTANDER)", "MUNICIPIO": "SAN VICENTE DE CHUCURÍ", "VEREDA": "GUADUAL", "GASODUCTO": "SUR DE BOLIVAR", "TRAMO": "Playa Roja - San Vicente", "TP_DUCTO": "Aislado", "DISTRITO": "1", "PK_PAT": "14703", "TP_EVENTO": "SOCAVACIÓN DE FONDO", "PRIORIDAD": "Medio", "AMENAZA": "Medio", "FX2": "20221027_FX2_C01_SBO_S VIC-PLAYA R_PK014+703_VB", "LATITUD": 6.887392, "LONGITUD": -73.485434 }, "geometry": { "type": "Point", "coordinates": [ -73.485434, 6.887392, 0.0 ] } },
{ "type": "Feature", "properties": { "DEPTO": "(SANTANDER)", "MUNICIPIO": "SAN VICENTE DE CHUCURÍ", "VEREDA": "GUADUAL", "GASODUCTO": "SUR DE BOLIVAR", "TRAMO": "Playa Roja - San Vicente", "TP_DUCTO": "Aislado", "DISTRITO": "1", "PK_PAT": "14958", "TP_EVENTO": "SOCAVACIÓN DE FONDO", "PRIORIDAD": "Alto", "AMENAZA": "Alto", "FX2": "20220216_FX2_C01_SBO_S VIC-PLAYA R_PK014+958_VA", "LATITUD": 6.888093, "LONGITUD": -73.483269 }, "geometry": { "type": "Point", "coordinates": [ -73.483269, 6.888093, 0.0 ] } },
{ "type": "Feature", "properties": { "DEPTO": "(SANTANDER)", "MUNICIPIO": "SAN VICENTE DE CHUCURÍ", "VEREDA": "GUADUAL", "GASODUCTO": "SUR DE BOLIVAR", "TRAMO": "Playa Roja - San Vicente", "TP_DUCTO": "Aislado", "DISTRITO": "1", "PK_PAT": "15199", "TP_EVENTO": "DESLIZAMIENTO TRASLACIONAL", "PRIORIDAD": "Alto", "AMENAZA": "Extremo", "FX2": "20210729_FX2_C01_SBO_S VIC-PLAYA R_PK015+199_VB", "LATITUD": 6.888559, "LONGITUD": -73.481203 }, "geometry": { "type": "Point", "coordinates": [ -73.481203, 6.888559, 0.0 ] } },
{ "type": "Feature", "properties": { "DEPTO": "(SANTANDER)", "MUNICIPIO": "SAN VICENTE DE CHUCURÍ", "VEREDA": "GUADUAL", "GASODUCTO": "SUR DE BOLIVAR", "TRAMO": "Playa Roja - San Vicente", "TP_DUCTO": "Aislado", "DISTRITO": "1", "PK_PAT": "15314", "TP_EVENTO": "SOCAVACIÓN DE FONDO", "PRIORIDAD": "Alto", "AMENAZA": "Extremo", "FX2": "20220616_FX2_C01_SBO_S VIC-PLAYA R_PK015+314_VD", "LATITUD": 6.888784, "LONGITUD": -73.480228 }, "geometry": { "type": "Point", "coordinates": [ -73.480228, 6.888784, 0.0 ] } },
{ "type": "Feature", "properties": { "DEPTO": "(SANTANDER)", "MUNICIPIO": "SAN VICENTE DE CHUCURÍ", "VEREDA": "GUADUAL", "GASODUCTO": "SUR DE BOLIVAR", "TRAMO": "Playa Roja - San Vicente", "TP_DUCTO": "Aislado", "DISTRITO": "1", "PK_PAT": "15628", "TP_EVENTO": "SOCAVACIÓN DE FONDO", "PRIORIDAD": "Alto", "AMENAZA": "Extremo", "FX2": "20220216_FX2_C01_SBO_S VIC-PLAYA R_PK015+628_VB", "LATITUD": 6.88861600000007, "LONGITUD": -73.477698 }, "geometry": { "type": "Point", "coordinates": [ -73.477698, 6.888616, 0.0 ] } },
{ "type": "Feature", "properties": { "DEPTO": "(SANTANDER)", "MUNICIPIO": "SAN VICENTE DE CHUCURÍ", "VEREDA": "GUADUAL", "GASODUCTO": "SUR DE BOLIVAR", "TRAMO": "Playa Roja - San Vicente", "TP_DUCTO": "Aislado", "DISTRITO": "1", "PK_PAT": "15842", "TP_EVENTO": "SOCAVACIÓN DE FONDO", "PRIORIDAD": "Alto", "AMENAZA": "Extremo", "FX2": "20220419_FX2_C01_SBO_S VIC-PLAYA R_PK015+842_VA", "LATITUD": 6.889246000000071, "LONGITUD": -73.475953 }, "geometry": { "type": "Point", "coordinates": [ -73.475953, 6.889246, 0.0 ] } },
{ "type": "Feature", "properties": { "DEPTO": "(SANTANDER)", "MUNICIPIO": "SAN VICENTE DE CHUCURÍ", "VEREDA": "GUADUAL", "GASODUCTO": "SUR DE BOLIVAR", "TRAMO": "Playa Roja - San Vicente", "TP_DUCTO": "Aislado", "DISTRITO": "1", "PK_PAT": "16375", "TP_EVENTO": "SOCAVACIÓN DE FONDO", "PRIORIDAD": "Alto", "AMENAZA": "Alto", "FX2": "20220420_FX2_C01_SBO_S VIC-PLAYA R_PK016+375_VA", "LATITUD": 6.891241, "LONGITUD": -73.471998 }, "geometry": { "type": "Point", "coordinates": [ -73.471998, 6.891241, 0.0 ] } },
{ "type": "Feature", "properties": { "DEPTO": "(SANTANDER)", "MUNICIPIO": "SAN VICENTE DE CHUCURÍ", "VEREDA": "GUADUAL", "GASODUCTO": "SUR DE BOLIVAR", "TRAMO": "Playa Roja - San Vicente", "TP_DUCTO": "Aislado", "DISTRITO": "1", "PK_PAT": "16570", "TP_EVENTO": "SOCAVACIÓN LATERAL", "PRIORIDAD": "Alto", "AMENAZA": "Alto", "FX2": "20220420_FX2_C01_SBO_S VIC-PLAYA R_PK016+570_VA", "LATITUD": 6.8918570000000727, "LONGITUD": -73.47043 }, "geometry": { "type": "Point", "coordinates": [ -73.47043, 6.891857, 0.0 ] } },
{ "type": "Feature", "properties": { "DEPTO": "(SANTANDER)", "MUNICIPIO": "SAN VICENTE DE CHUCURÍ", "VEREDA": "GUADUAL", "GASODUCTO": "SUR DE BOLIVAR", "TRAMO": "Playa Roja - San Vicente", "TP_DUCTO": "Aislado", "DISTRITO": "1", "PK_PAT": "16744", "TP_EVENTO": "SOCAVACIÓN DE FONDO", "PRIORIDAD": "Alto", "AMENAZA": "Extremo", "FX2": "20220420_FX2_C01_SBO_S VIC-PLAYA R_PK016+744_VA", "LATITUD": 6.892476, "LONGITUD": -73.469055 }, "geometry": { "type": "Point", "coordinates": [ -73.469055, 6.892476, 0.0 ] } },
{ "type": "Feature", "properties": { "DEPTO": "(SANTANDER)", "MUNICIPIO": "SAN VICENTE DE CHUCURÍ", "VEREDA": "GUADUAL", "GASODUCTO": "SUR DE BOLIVAR", "TRAMO": "Playa Roja - San Vicente", "TP_DUCTO": "Aislado", "DISTRITO": "1", "PK_PAT": "16840", "TP_EVENTO": "SOCAVACIÓN DE FONDO", "PRIORIDAD": "Alto", "AMENAZA": "Extremo", "FX2": "20220420_FX2_C01_SBO_S VIC-PLAYA R_PK016+840_VB", "LATITUD": 6.89265400000005, "LONGITUD": -73.468244 }, "geometry": { "type": "Point", "coordinates": [ -73.468244, 6.892654, 0.0 ] } },
{ "type": "Feature", "properties": { "DEPTO": "(SANTANDER)", "MUNICIPIO": "SAN VICENTE DE CHUCURÍ", "VEREDA": "GUADUAL", "GASODUCTO": "SUR DE BOLIVAR", "TRAMO": "Playa Roja - San Vicente", "TP_DUCTO": "Aislado", "DISTRITO": "1", "PK_PAT": "17117", "TP_EVENTO": "OTRO", "PRIORIDAD": "Medio", "AMENAZA": "Medio", "FX2": "20221028_FX2_C01_SBO_S VIC-PLAYA R_PK017+117_VB", "LATITUD": 6.893199, "LONGITUD": -73.465921 }, "geometry": { "type": "Point", "coordinates": [ -73.465921, 6.893199, 0.0 ] } },
{ "type": "Feature", "properties": { "DEPTO": "(SANTANDER)", "MUNICIPIO": "SAN VICENTE DE CHUCURÍ", "VEREDA": "GUADUAL", "GASODUCTO": "SUR DE BOLIVAR", "TRAMO": "Playa Roja - San Vicente", "TP_DUCTO": "Aislado", "DISTRITO": "1", "PK_PAT": "17463", "TP_EVENTO": "SOCAVACIÓN DE FONDO", "PRIORIDAD": "Medio", "AMENAZA": "Medio", "FX2": "20221028_FX2_C01_SBO_S VIC-PLAYA R_PK017+463_VB", "LATITUD": 6.8944040000000655, "LONGITUD": -73.463181 }, "geometry": { "type": "Point", "coordinates": [ -73.463181, 6.894404, 0.0 ] } },
{ "type": "Feature", "properties": { "DEPTO": "(SANTANDER)", "MUNICIPIO": "SAN VICENTE DE CHUCURÍ", "VEREDA": "PALMIRA", "GASODUCTO": "SUR DE BOLIVAR", "TRAMO": "Playa Roja - San Vicente", "TP_DUCTO": "Aislado", "DISTRITO": "1", "PK_PAT": "18781", "TP_EVENTO": "REPTACION", "PRIORIDAD": "Alto", "AMENAZA": "Alto", "FX2": "20220421_FX2_C01_SBO_S VIC-PLAYA R_PK018+781_VB", "LATITUD": 6.8961380000000645, "LONGITUD": -73.451834 }, "geometry": { "type": "Point", "coordinates": [ -73.451834, 6.896138, 0.0 ] } },
{ "type": "Feature", "properties": { "DEPTO": "(SANTANDER)", "MUNICIPIO": "SAN VICENTE DE CHUCURÍ", "VEREDA": "PALMIRA", "GASODUCTO": "SUR DE BOLIVAR", "TRAMO": "Playa Roja - San Vicente", "TP_DUCTO": "Aislado", "DISTRITO": "1", "PK_PAT": "18913", "TP_EVENTO": "REPTACION", "PRIORIDAD": "Alto", "AMENAZA": "Alto", "FX2": "20220617_FX2_C01_SBO_S VIC-PLAYA R_PK018+913_VA", "LATITUD": 6.896242, "LONGITUD": -73.450681 }, "geometry": { "type": "Point", "coordinates": [ -73.450681, 6.896242, 0.0 ] } },
{ "type": "Feature", "properties": { "DEPTO": "(SANTANDER)", "MUNICIPIO": "SAN VICENTE DE CHUCURÍ", "VEREDA": "PALMIRA", "GASODUCTO": "SUR DE BOLIVAR", "TRAMO": "Playa Roja - San Vicente", "TP_DUCTO": "Aislado", "DISTRITO": "1", "PK_PAT": "19381", "TP_EVENTO": "OTRO", "PRIORIDAD": "Alto", "AMENAZA": "Alto", "FX2": "20220421_FX2_C01_SBO_S VIC-PLAYA R_PK019+381_VA", "LATITUD": 6.8956920000000537, "LONGITUD": -73.4467 }, "geometry": { "type": "Point", "coordinates": [ -73.4467, 6.895692, 0.0 ] } },
{ "type": "Feature", "properties": { "DEPTO": "(SANTANDER)", "MUNICIPIO": "SAN VICENTE DE CHUCURÍ", "VEREDA": "PALMIRA", "GASODUCTO": "SUR DE BOLIVAR", "TRAMO": "Playa Roja - San Vicente", "TP_DUCTO": "Aislado", "DISTRITO": "1", "PK_PAT": "19639", "TP_EVENTO": "REPTACION", "PRIORIDAD": "Alto", "AMENAZA": "Extremo", "FX2": "20220421_FX2_C01_SBO_S VIC-PLAYA R_PK019+639_VA", "LATITUD": 6.895861, "LONGITUD": -73.444484 }, "geometry": { "type": "Point", "coordinates": [ -73.444484, 6.895861, 0.0 ] } },
{ "type": "Feature", "properties": { "DEPTO": "(SANTANDER)", "MUNICIPIO": "SAN VICENTE DE CHUCURÍ", "VEREDA": "PALMIRA", "GASODUCTO": "SUR DE BOLIVAR", "TRAMO": "Playa Roja - San Vicente", "TP_DUCTO": "Aislado", "DISTRITO": "1", "PK_PAT": "19776", "TP_EVENTO": "FLUJOS", "PRIORIDAD": "Alto", "AMENAZA": "Alto", "FX2": "20220421_FX2_C01_SBO_S VIC-PLAYA R_PK019+776_VB", "LATITUD": 6.8959590000000617, "LONGITUD": -73.443312 }, "geometry": { "type": "Point", "coordinates": [ -73.443312, 6.895959, 0.0 ] } },
{ "type": "Feature", "properties": { "DEPTO": "(SANTANDER)", "MUNICIPIO": "SAN VICENTE DE CHUCURÍ", "VEREDA": "PALMIRA", "GASODUCTO": "SUR DE BOLIVAR", "TRAMO": "Playa Roja - San Vicente", "TP_DUCTO": "Aislado", "DISTRITO": "1", "PK_PAT": "20251", "TP_EVENTO": "OTRO", "PRIORIDAD": "Medio", "AMENAZA": "Medio", "FX2": "20220617_FX2_C01_SBO_S VIC-PLAYA R_PK020+351_VA", "LATITUD": 6.895088, "LONGITUD": -73.439249 }, "geometry": { "type": "Point", "coordinates": [ -73.439249, 6.895088, 0.0 ] } },
{ "type": "Feature", "properties": { "DEPTO": "(SANTANDER)", "MUNICIPIO": "SAN VICENTE DE CHUCURÍ", "VEREDA": "MERIDA", "GASODUCTO": "SUR DE BOLIVAR", "TRAMO": "Playa Roja - San Vicente", "TP_DUCTO": "Aislado", "DISTRITO": "1", "PK_PAT": "21273", "TP_EVENTO": "SOCAVACIÓN DE FONDO", "PRIORIDAD": "Alto", "AMENAZA": "Alto", "FX2": "20220617_FX2_C01_SBO_S VIC-PLAYA R_PK021+709_VB", "LATITUD": 6.8899690000000646, "LONGITUD": -73.432404 }, "geometry": { "type": "Point", "coordinates": [ -73.432404, 6.889969, 0.0 ] } },
{ "type": "Feature", "properties": { "DEPTO": "(SANTANDER)", "MUNICIPIO": "SAN VICENTE DE CHUCURÍ", "VEREDA": "MERIDA", "GASODUCTO": "SUR DE BOLIVAR", "TRAMO": "Playa Roja - San Vicente", "TP_DUCTO": "Aislado", "DISTRITO": "1", "PK_PAT": "21345", "TP_EVENTO": "DESLIZAMIENTO TRASLACIONAL", "PRIORIDAD": "Alto", "AMENAZA": "Extremo", "FX2": "20220618_FX2_C01_SBO_S VIC-PLAYA R_PK021+810_VA", "LATITUD": 6.889393, "LONGITUD": -73.432088 }, "geometry": { "type": "Point", "coordinates": [ -73.432088, 6.889393, 0.0 ] } },
{ "type": "Feature", "properties": { "DEPTO": "(SANTANDER)", "MUNICIPIO": "SAN VICENTE DE CHUCURÍ", "VEREDA": "MERIDA", "GASODUCTO": "SUR DE BOLIVAR", "TRAMO": "Playa Roja - San Vicente", "TP_DUCTO": "Aislado", "DISTRITO": "1", "PK_PAT": "21473", "TP_EVENTO": "SOCAVACIÓN DE FONDO", "PRIORIDAD": "Alto", "AMENAZA": "Extremo", "FX2": "20220618_FX2_C01_SBO_S VIC-PLAYA R_PK021+997_VB", "LATITUD": 6.8884360000000697, "LONGITUD": -73.431368 }, "geometry": { "type": "Point", "coordinates": [ -73.431368, 6.888436, 0.0 ] } },
{ "type": "Feature", "properties": { "DEPTO": "(TOLIMA)", "MUNICIPIO": "NATAGAIMA", "VEREDA": "PUEBLO NUEVO", "GASODUCTO": "CENTRO - ORIENTE", "TRAMO": "Guasimal - Dina", "TP_DUCTO": "Troncal", "DISTRITO": "2", "PK_PAT": "518772", "TP_EVENTO": "CARCAVAS", "PRIORIDAD": "Alto", "AMENAZA": "Alto", "FX2": "20230919_FX2_C02_COR_GUAS-DINA_PK518+772_VA", "LATITUD": 3.444021, "LONGITUD": -75.169807 }, "geometry": { "type": "Point", "coordinates": [ -75.169807, 3.444021, 0.0 ] } },
{ "type": "Feature", "properties": { "DEPTO": "(HUILA)", "MUNICIPIO": "AIPE", "VEREDA": "PATA", "GASODUCTO": "CENTRO - ORIENTE", "TRAMO": "Guasimal - Dina", "TP_DUCTO": "Troncal", "DISTRITO": "2", "PK_PAT": "529552", "TP_EVENTO": "SURCOS", "PRIORIDAD": "Medio", "AMENAZA": "Medio", "FX2": "20230316_FX2_C02_COR_GUAS-DINA_PK529+552_VA", "LATITUD": 3.362215, "LONGITUD": -75.211283 }, "geometry": { "type": "Point", "coordinates": [ -75.211283, 3.362215, 0.0 ] } },
{ "type": "Feature", "properties": { "DEPTO": "(HUILA)", "MUNICIPIO": "AIPE", "VEREDA": "PATA", "GASODUCTO": "CENTRO - ORIENTE", "TRAMO": "Guasimal - Dina", "TP_DUCTO": "Troncal", "DISTRITO": "2", "PK_PAT": "530850", "TP_EVENTO": "CARCAVAS", "PRIORIDAD": "Alto", "AMENAZA": "Alto", "FX2": "20220119_FX2_C02_COR_GUAS-DINA_PK530+850_VA", "LATITUD": 3.354413, "LONGITUD": -75.219091 }, "geometry": { "type": "Point", "coordinates": [ -75.219091, 3.354413, 0.0 ] } },
{ "type": "Feature", "properties": { "DEPTO": "(HUILA)", "MUNICIPIO": "AIPE", "VEREDA": "DINDAL", "GASODUCTO": "CENTRO - ORIENTE", "TRAMO": "Guasimal - Dina", "TP_DUCTO": "Troncal", "DISTRITO": "2", "PK_PAT": "555615", "TP_EVENTO": "SOCAVACIÓN LATERAL", "PRIORIDAD": "Alto", "AMENAZA": "Extremo", "FX2": "20220119_FX2_C02_COR_GUAS-DINA_PK555+615_VA", "LATITUD": 3.1537040000000616, "LONGITUD": -75.27788 }, "geometry": { "type": "Point", "coordinates": [ -75.27788, 3.153704, 0.0 ] } },
{ "type": "Feature", "properties": { "DEPTO": "(HUILA)", "MUNICIPIO": "AIPE", "VEREDA": "DINDAL", "GASODUCTO": "CENTRO - ORIENTE", "TRAMO": "Guasimal - Dina", "TP_DUCTO": "Troncal", "DISTRITO": "2", "PK_PAT": "556220", "TP_EVENTO": "SOCAVACIÓN DE FONDO", "PRIORIDAD": "Alto", "AMENAZA": "Alto", "FX2": "20220118_FX2_C02_COR_GUAS-DINA_PK556+220_VA", "LATITUD": 3.148335, "LONGITUD": -75.278798 }, "geometry": { "type": "Point", "coordinates": [ -75.278798, 3.148335, 0.0 ] } },
{ "type": "Feature", "properties": { "DEPTO": "(TOLIMA)", "MUNICIPIO": "GUAMO", "VEREDA": "LAS MERCEDES EL OVAL", "GASODUCTO": "CENTRO - ORIENTE", "TRAMO": "Gualanday - Guasimal", "TP_DUCTO": "Troncal", "DISTRITO": "2", "PK_PAT": "428589", "TP_EVENTO": "SOCAVACIÓN DE FONDO", "PRIORIDAD": "Alto", "AMENAZA": "Alto", "FX2": "20210820_FX2_C02_COR_GUAL-GUAS_PK428+589_VA", "LATITUD": 4.1777230000000714, "LONGITUD": -74.991552 }, "geometry": { "type": "Point", "coordinates": [ -74.991552, 4.177723, 0.0 ] } },
{ "type": "Feature", "properties": { "DEPTO": "(TOLIMA)", "MUNICIPIO": "GUAMO", "VEREDA": "CALLEJON DE GUADUAS", "GASODUCTO": "CENTRO - ORIENTE", "TRAMO": "Gualanday - Guasimal", "TP_DUCTO": "Troncal", "DISTRITO": "2", "PK_PAT": "432019", "TP_EVENTO": "SOCAVACIÓN DE FONDO", "PRIORIDAD": "Alto", "AMENAZA": "Alto", "FX2": "20230921_FX2_C02_COR_GUAL-GUAS_PK432+019_VA", "LATITUD": 4.14781, "LONGITUD": -74.981088 }, "geometry": { "type": "Point", "coordinates": [ -74.981088, 4.14781, 0.0 ] } },
{ "type": "Feature", "properties": { "DEPTO": "(TOLIMA)", "MUNICIPIO": "GUAMO", "VEREDA": "JAGUALITO PUEBLO NUEVO", "GASODUCTO": "CENTRO - ORIENTE", "TRAMO": "Gualanday - Guasimal", "TP_DUCTO": "Troncal", "DISTRITO": "2", "PK_PAT": "435200", "TP_EVENTO": "SOCAVACIÓN DE FONDO", "PRIORIDAD": "Alto", "AMENAZA": "Alto", "FX2": "20210820_FX2_C02_COR_GUAL-GUAS_PK435+200_VB", "LATITUD": 4.120984, "LONGITUD": -74.974548 }, "geometry": { "type": "Point", "coordinates": [ -74.974548, 4.120984, 0.0 ] } },
{ "type": "Feature", "properties": { "DEPTO": "(TOLIMA)", "MUNICIPIO": "GUAMO", "VEREDA": "EL BADEO", "GASODUCTO": "CENTRO - ORIENTE", "TRAMO": "Gualanday - Guasimal", "TP_DUCTO": "Troncal", "DISTRITO": "2", "PK_PAT": "442592", "TP_EVENTO": "SOCAVACIÓN DE FONDO", "PRIORIDAD": "Alto", "AMENAZA": "Alto", "FX2": "20210819_FX2_C02_COR_GUAL-GUAS_PK442+592_VA", "LATITUD": 4.058648000000062, "LONGITUD": -74.972808 }, "geometry": { "type": "Point", "coordinates": [ -74.972808, 4.058648, 0.0 ] } },
{ "type": "Feature", "properties": { "DEPTO": "(TOLIMA)", "MUNICIPIO": "GUAMO", "VEREDA": "CARACOLI E IGUAES", "GASODUCTO": "CENTRO - ORIENTE", "TRAMO": "Gualanday - Guasimal", "TP_DUCTO": "Troncal", "DISTRITO": "2", "PK_PAT": "449216", "TP_EVENTO": "SOCAVACIÓN DE FONDO", "PRIORIDAD": "Alto", "AMENAZA": "Alto", "FX2": " 20210819_FX2_C02_COR_GUAL-GUAS_PK449+216_VA", "LATITUD": 4.003298, "LONGITUD": -74.981863 }, "geometry": { "type": "Point", "coordinates": [ -74.981863, 4.003298, 0.0 ] } },
{ "type": "Feature", "properties": { "DEPTO": "(TOLIMA)", "MUNICIPIO": "SALDAÑA", "VEREDA": "JABALCÓN", "GASODUCTO": "CENTRO - ORIENTE", "TRAMO": "Gualanday - Guasimal", "TP_DUCTO": "Troncal", "DISTRITO": "2", "PK_PAT": "469033", "TP_EVENTO": "SURCOS", "PRIORIDAD": "Medio", "AMENAZA": "Medio", "FX2": "20230829_FX2_C02_COR_GUAL-GUAS_PK469+033_VA", "LATITUD": 3.8608790000000681, "LONGITUD": -75.052323 }, "geometry": { "type": "Point", "coordinates": [ -75.052323, 3.860879, 0.0 ] } },
{ "type": "Feature", "properties": { "DEPTO": "(TOLIMA)", "MUNICIPIO": "SAN LUIS", "VEREDA": "LA CAÑADA", "GASODUCTO": "CENTRO - ORIENTE", "TRAMO": "Montañuelo - Gualanday", "TP_DUCTO": "Ramal Remitente", "DISTRITO": "2", "PK_PAT": "1807", "TP_EVENTO": "OTRO", "PRIORIDAD": "Bajo", "AMENAZA": "Bajo", "FX2": "20230410_FX2_C02_COR_R-MONTANUEL_PK001+807_VA", "LATITUD": 4.0582840000000715, "LONGITUD": -75.146869 }, "geometry": { "type": "Point", "coordinates": [ -75.146869, 4.058284, 0.0 ] } },
{ "type": "Feature", "properties": { "DEPTO": "(META)", "MUNICIPIO": "VILLAVICENCIO", "VEREDA": "ÁREA URBANA", "GASODUCTO": "CUSIANA - APIAY - USME", "TRAMO": "Apiay - Villavicencio", "TP_DUCTO": "Troncal", "DISTRITO": "4", "PK_PAT": "31492", "TP_EVENTO": "SOCAVACIÓN LATERAL", "PRIORIDAD": "Medio", "AMENAZA": "Alto", "FX2": "20210525_FX2_C06_CAU_VILLAV-USME_PK031+492_VB", "LATITUD": 4.110725000000059, "LONGITUD": -73.643944 }, "geometry": { "type": "Point", "coordinates": [ -73.643944, 4.110725, 0.0 ] } },
{ "type": "Feature", "properties": { "DEPTO": "(META)", "MUNICIPIO": "VILLAVICENCIO", "VEREDA": "ÁREA URBANA", "GASODUCTO": "CUSIANA - APIAY - USME", "TRAMO": "Apiay - Villavicencio", "TP_DUCTO": "Troncal", "DISTRITO": "4", "PK_PAT": "31634", "TP_EVENTO": "SURCOS", "PRIORIDAD": "Medio", "AMENAZA": "Medio", "FX2": "20240401_FX2_C06_CAU_APIAY-VILLA_PK031+364_VB", "LATITUD": 4.1113130000000524, "LONGITUD": -73.644961 }, "geometry": { "type": "Point", "coordinates": [ -73.644961, 4.111313, 0.0 ] } },
{ "type": "Feature", "properties": { "DEPTO": "(TOLIMA)", "MUNICIPIO": "FRESNO", "VEREDA": "CAUCASIA", "GASODUCTO": "MARIQUITA - CALI", "TRAMO": "Mariquita - Letras", "TP_DUCTO": "Troncal", "DISTRITO": "7", "PK_PAT": "35025", "TP_EVENTO": "DESLIZAMIENTO TRASLACIONAL", "PRIORIDAD": "Alto", "AMENAZA": "Alto", "FX2": "20210805_FX2_C07_MC_MAR-LET_PK035+025_VA", "LATITUD": 5.1372805560000643, "LONGITUD": -75.125905555999964 }, "geometry": { "type": "Point", "coordinates": [ -75.125905555999964, 5.137280556000064, 0.0 ] } },
{ "type": "Feature", "properties": { "DEPTO": "(CALDAS)", "MUNICIPIO": "CHINCHINÁ", "VEREDA": "LA CACHUCHA", "GASODUCTO": "MARIQUITA - CALI", "TRAMO": "Letras - Marsella", "TP_DUCTO": "Troncal", "DISTRITO": "7", "PK_PAT": "114500", "TP_EVENTO": "DESLIZAMIENTO TRASLACIONAL", "PRIORIDAD": "Alto", "AMENAZA": "Alto", "FX2": "20220406_FX2_C07_MC_LET-MARS_PK114+500_VA", "LATITUD": 4.99125, "LONGITUD": -75.681277777999981 }, "geometry": { "type": "Point", "coordinates": [ -75.681277777999981, 4.99125, 0.0 ] } },
{ "type": "Feature", "properties": { "DEPTO": "(QUINDIO)", "MUNICIPIO": "ARMENIA", "VEREDA": "EL RHIN", "GASODUCTO": "MARIQUITA - CALI", "TRAMO": "Calarca", "TP_DUCTO": "Ramal", "DISTRITO": "7", "PK_PAT": "1115", "TP_EVENTO": "SOCAVACIÓN DE FONDO", "PRIORIDAD": "Alto", "AMENAZA": "Alto", "FX2": "20220126_FX2_C08_MC_R-CALARCA_PK001+115_VA", "LATITUD": 4.491028, "LONGITUD": -75.727611 }, "geometry": { "type": "Point", "coordinates": [ -75.727611, 4.491028, 0.0 ] } },
{ "type": "Feature", "properties": { "DEPTO": "(TOLIMA)", "MUNICIPIO": "FRESNO", "VEREDA": "CAUCASIA", "GASODUCTO": "MARIQUITA - CALI", "TRAMO": "Mariquita - Letras", "TP_DUCTO": "Troncal", "DISTRITO": "7", "PK_PAT": "34750", "TP_EVENTO": "DESLIZAMIENTO TRASLACIONAL", "PRIORIDAD": "Bajo", "AMENAZA": "Bajo", "FX2": "20210805_FX2_C07_MC_MAR-LET_PK034+750_VA", "LATITUD": 5.1371944440000448, "LONGITUD": -75.124611110999979 }, "geometry": { "type": "Point", "coordinates": [ -75.124611110999979, 5.137194444000045, 0.0 ] } },
{ "type": "Feature", "properties": { "DEPTO": "(TOLIMA)", "MUNICIPIO": "HERVEO", "VEREDA": "LETRAS", "GASODUCTO": "MARIQUITA - CALI", "TRAMO": "Mariquita - Letras", "TP_DUCTO": "Troncal", "DISTRITO": "7", "PK_PAT": "63900", "TP_EVENTO": "DESLIZAMIENTO TRASLACIONAL", "PRIORIDAD": "Bajo", "AMENAZA": "Bajo", "FX2": "20211012_FX2_C07_MC_MAR-LET_PK063+900_VA", "LATITUD": 5.0658055560000435, "LONGITUD": -75.308527777999984 }, "geometry": { "type": "Point", "coordinates": [ -75.308527777999984, 5.065805556000043, 0.0 ] } },
{ "type": "Feature", "properties": { "DEPTO": "(RISARALDA)", "MUNICIPIO": "MARSELLA", "VEREDA": "LA MIRANDA", "GASODUCTO": "MARIQUITA - CALI", "TRAMO": "Letras - Marsella", "TP_DUCTO": "Troncal", "DISTRITO": "7", "PK_PAT": "128640", "TP_EVENTO": "CARCAVAS", "PRIORIDAD": "Alto", "AMENAZA": "Alto", "FX2": "20240306_FX2_C07_MC_LET-MARS_PK128+640_VA", "LATITUD": 5.0275555560000385, "LONGITUD": -75.759222221999948 }, "geometry": { "type": "Point", "coordinates": [ -75.759222221999948, 5.027555556000038, 0.0 ] } },
{ "type": "Feature", "properties": { "DEPTO": "(VALLE DEL CAUCA)", "MUNICIPIO": "JAMUNDÍ", "VEREDA": "ÁREA URBANA", "GASODUCTO": "MARIQUITA - CALI", "TRAMO": "Jamundi", "TP_DUCTO": "Ramal", "DISTRITO": "8", "PK_PAT": "43000", "TP_EVENTO": "SOCAVACIÓN LATERAL", "PRIORIDAD": "Alto", "AMENAZA": "Alto", "FX2": "20220712_FX2_C08_MC_R-JAMUNDI_PK043+000_VA", "LATITUD": 3.2856944440000575, "LONGITUD": -76.525825 }, "geometry": { "type": "Point", "coordinates": [ -76.525825, 3.285694444000058, 0.0 ] } },
{ "type": "Feature", "properties": { "DEPTO": "(VALLE DEL CAUCA)", "MUNICIPIO": "BUGALAGRANDE", "VEREDA": "URIBE URIBE", "GASODUCTO": "MARIQUITA - CALI", "TRAMO": "Obando - Tulua", "TP_DUCTO": "Troncal", "DISTRITO": "8", "PK_PAT": "237300", "TP_EVENTO": "SOCAVACIÓN LATERAL", "PRIORIDAD": "Alto", "AMENAZA": "Alto", "FX2": "20220711_FX2_C08_MC_OBAND-TUL_PK237+300_VB", "LATITUD": 4.2683000000000675, "LONGITUD": -76.1134 }, "geometry": { "type": "Point", "coordinates": [ -76.1134, 4.2683, 0.0 ] } },
{ "type": "Feature", "properties": { "DEPTO": "(VALLE DEL CAUCA)", "MUNICIPIO": "ZARZAL", "VEREDA": "QUEBRADA NUEVA", "GASODUCTO": "MARIQUITA - CALI", "TRAMO": "Loop - Ramal Armenia", "TP_DUCTO": "Loop", "DISTRITO": "7", "PK_PAT": "13950", "TP_EVENTO": "REPTACION", "PRIORIDAD": "Bajo", "AMENAZA": "Bajo", "FX2": "20210713_FX2_C08_MC_R-ARMENIA(L)_PK013+950_VA", "LATITUD": 4.3946388890000208, "LONGITUD": -75.946777779999934 }, "geometry": { "type": "Point", "coordinates": [ -75.946777779999934, 4.394638889000021, 0.0 ] } },
{ "type": "Feature", "properties": { "DEPTO": "(VALLE DEL CAUCA)", "MUNICIPIO": "LA VICTORIA", "VEREDA": "HOLGHUIN", "GASODUCTO": "MARIQUITA - CALI", "TRAMO": "Obando - Tulua", "TP_DUCTO": "Troncal", "DISTRITO": "8", "PK_PAT": "204410", "TP_EVENTO": "SOCAVACIÓN LATERAL", "PRIORIDAD": "Medio", "AMENAZA": "Medio", "FX2": "20210409_FX2_C08_MC_OBAND-TUL_PK204+990_VA", "LATITUD": 4.5113888890000453, "LONGITUD": -76.013611110999989 }, "geometry": { "type": "Point", "coordinates": [ -76.013611110999989, 4.511388889000045, 0.0 ] } },
{ "type": "Feature", "properties": { "DEPTO": "(BOYACÁ)", "MUNICIPIO": "ZETAQUIRA", "VEREDA": "GUANATA", "GASODUCTO": "PORVENIR - LA BELLEZA", "TRAMO": "Miraflores - Sutamarchan", "TP_DUCTO": "Troncal", "DISTRITO": "5", "PK_PAT": "101720", "TP_EVENTO": "SOCAVACIÓN DE FONDO", "PRIORIDAD": "Alto", "AMENAZA": "Extremo", "FX2": "20220426_FX2_C04_PB_MIRAF-SUT_PK101+750_VB", "LATITUD": 5.268295, "LONGITUD": -73.247982 }, "geometry": { "type": "Point", "coordinates": [ -73.247982, 5.268295, 0.0 ] } },
{ "type": "Feature", "properties": { "DEPTO": "(VALLE DEL CAUCA)", "MUNICIPIO": "ZARZAL", "VEREDA": "QUEBRADA NUEVA", "GASODUCTO": "MARIQUITA - CALI", "TRAMO": "Armenia", "TP_DUCTO": "Ramal", "DISTRITO": "7", "PK_PAT": "13500", "TP_EVENTO": "SOCAVACIÓN LATERAL", "PRIORIDAD": "Medio", "AMENAZA": "Medio", "FX2": "20210713_FX2_C08_MC_R-ARM_PK013+500_VB", "LATITUD": 4.3942500000000564, "LONGITUD": -75.948444443999961 }, "geometry": { "type": "Point", "coordinates": [ -75.948444443999961, 4.39425, 0.0 ] } },
{ "type": "Feature", "properties": { "DEPTO": "(VALLE DEL CAUCA)", "MUNICIPIO": "PRADERA", "VEREDA": "LA FLORESTA", "GASODUCTO": "MARIQUITA - CALI", "TRAMO": "Florida", "TP_DUCTO": "Ramal", "DISTRITO": "8", "PK_PAT": "3000", "TP_EVENTO": "SOCAVACIÓN LATERAL", "PRIORIDAD": "Medio", "AMENAZA": "Medio", "FX2": "20231213_FX2_C08_MC_R-FLORIDA_PK003+000_VA", "LATITUD": 3.392028, "LONGITUD": -76.248639 }, "geometry": { "type": "Point", "coordinates": [ -76.248639, 3.392028, 0.0 ] } },
{ "type": "Feature", "properties": { "DEPTO": "(VALLE DEL CAUCA)", "MUNICIPIO": "ZARZAL", "VEREDA": "QUEBRADA NUEVA", "GASODUCTO": "MARIQUITA - CALI", "TRAMO": "Armenia", "TP_DUCTO": "Ramal", "DISTRITO": "7", "PK_PAT": "14900", "TP_EVENTO": "DESLIZAMIENTO TRASLACIONAL", "PRIORIDAD": "Medio", "AMENAZA": "Medio", "FX2": "20240307_FX2_C08_MC_R-ARM_PK014+900_VA", "LATITUD": 4.3999166670000704, "LONGITUD": -75.942305555999951 }, "geometry": { "type": "Point", "coordinates": [ -75.942305555999951, 4.39991666700007, 0.0 ] } },
{ "type": "Feature", "properties": { "DEPTO": "(VALLE DEL CAUCA)", "MUNICIPIO": "LA VICTORIA", "VEREDA": "HOLANDA", "GASODUCTO": "MARIQUITA - CALI", "TRAMO": "Armenia", "TP_DUCTO": "Ramal", "DISTRITO": "7", "PK_PAT": "22365", "TP_EVENTO": "SOCAVACIÓN LATERAL", "PRIORIDAD": "Medio", "AMENAZA": "Medio", "FX2": "20231214_FX2_C08_MC_R-ARM_PK022+365_VA", "LATITUD": 4.425917, "LONGITUD": -75.896778 }, "geometry": { "type": "Point", "coordinates": [ -75.896778, 4.425917, 0.0 ] } },
{ "type": "Feature", "properties": { "DEPTO": "(QUINDIO)", "MUNICIPIO": "LA TEBAIDA", "VEREDA": "ALAMBRADO", "GASODUCTO": "MARIQUITA - CALI", "TRAMO": "Armenia", "TP_DUCTO": "Ramal", "DISTRITO": "7", "PK_PAT": "25450", "TP_EVENTO": "SOCAVACIÓN LATERAL", "PRIORIDAD": "Alto", "AMENAZA": "Alto", "FX2": "20231214_FX2_C08_MC_R-ARM_PK025+450_VA", "LATITUD": 4.4379666670000688, "LONGITUD": -75.875761110999974 }, "geometry": { "type": "Point", "coordinates": [ -75.875761110999974, 4.437966667000069, 0.0 ] } },
{ "type": "Feature", "properties": { "DEPTO": "(VALLE DEL CAUCA)", "MUNICIPIO": "CARTAGO", "VEREDA": "ZARAGOZA", "GASODUCTO": "MARIQUITA - CALI", "TRAMO": "Cartago", "TP_DUCTO": "Ramal", "DISTRITO": "8", "PK_PAT": "535", "TP_EVENTO": "DESLIZAMIENTO TRASLACIONAL", "PRIORIDAD": "Bajo", "AMENAZA": "Bajo", "FX2": "20210713_FX2_C08_MC_R-CARTAGO_PK001+210_VA", "LATITUD": 4.7264722220000408, "LONGITUD": -75.891288888999952 }, "geometry": { "type": "Point", "coordinates": [ -75.891288888999952, 4.726472222000041, 0.0 ] } },
{ "type": "Feature", "properties": { "DEPTO": "(CASANARE)", "MUNICIPIO": "SABANALARGA", "VEREDA": "PALMICHAL", "GASODUCTO": "CUSIANA - PORVENIR", "TRAMO": "Cusiana - Miraflores", "TP_DUCTO": "Troncal", "DISTRITO": "5", "PK_PAT": "45832", "TP_EVENTO": "DESLIZAMIENTO TRASLACIONAL", "PRIORIDAD": "Alto", "AMENAZA": "Alto", "FX2": "20211014_FX2_C04_PB_CUS-MIRAF(L)_PK012+879_VB", "LATITUD": 4.9817130000000702, "LONGITUD": -72.998435 }, "geometry": { "type": "Point", "coordinates": [ -72.998435, 4.981713, 0.0 ] } },
{ "type": "Feature", "properties": { "DEPTO": "(CUNDINAMARCA)", "MUNICIPIO": "QUETAME", "VEREDA": "CENTRO", "GASODUCTO": "CUSIANA - APIAY - USME", "TRAMO": "Quetame", "TP_DUCTO": "Ramal", "DISTRITO": "4", "PK_PAT": "2876", "TP_EVENTO": "DESLIZAMIENTO TRASLACIONAL", "PRIORIDAD": "Alto", "AMENAZA": "Extremo", "FX2": "20220616_FX2_C06_CAU_R-QUETAME_PK002+876_VA", "LATITUD": 4.3280070000000705, "LONGITUD": -73.868082 }, "geometry": { "type": "Point", "coordinates": [ -73.868082, 4.328007, 0.0 ] } },
{ "type": "Feature", "properties": { "DEPTO": "(CUNDINAMARCA)", "MUNICIPIO": "FOSCA", "VEREDA": "GRANADILLO", "GASODUCTO": "CUSIANA - APIAY - USME", "TRAMO": "Villavicencio - Usme", "TP_DUCTO": "Troncal", "DISTRITO": "4", "PK_PAT": "83571", "TP_EVENTO": "DESLIZAMIENTO TRASLACIONAL", "PRIORIDAD": "Alto", "AMENAZA": "Extremo", "FX2": "20220616_FX2_C06_CAUS_VILLAV-USME_PK083+571_VA", "LATITUD": 4.32642, "LONGITUD": -73.905346 }, "geometry": { "type": "Point", "coordinates": [ -73.905346, 4.32642, 0.0 ] } },
{ "type": "Feature", "properties": { "DEPTO": "(SANTANDER)", "MUNICIPIO": "VÉLEZ", "VEREDA": "EL LIMON", "GASODUCTO": "BOYACA - SANTANDER", "TRAMO": "Guavata", "TP_DUCTO": "Ramal", "DISTRITO": "5", "PK_PAT": "1390", "TP_EVENTO": "SOCAVACIÓN DE FONDO", "PRIORIDAD": "Alto", "AMENAZA": "Alto", "FX2": "20221122_FX2_C05_GBS_R-GUAVATA_PK001+390_VA", "LATITUD": 5.998586, "LONGITUD": -73.65897 }, "geometry": { "type": "Point", "coordinates": [ -73.65897, 5.998586, 0.0 ] } },
{ "type": "Feature", "properties": { "DEPTO": "(SANTANDER)", "MUNICIPIO": "VÉLEZ", "VEREDA": "LA CAPILLA", "GASODUCTO": "BOYACA - SANTANDER", "TRAMO": "Guavata", "TP_DUCTO": "Ramal", "DISTRITO": "5", "PK_PAT": "3740", "TP_EVENTO": "SURCOS", "PRIORIDAD": "Medio", "AMENAZA": "Medio", "FX2": "20240115_FX2_C05_GBS_R-GUAVATA_PK003+740_VA", "LATITUD": 5.9882940000000531, "LONGITUD": -73.674059 }, "geometry": { "type": "Point", "coordinates": [ -73.674059, 5.988294, 0.0 ] } },
{ "type": "Feature", "properties": { "DEPTO": "(SANTANDER)", "MUNICIPIO": "BARBOSA", "VEREDA": "EL CENTRO", "GASODUCTO": "BOYACA - SANTANDER", "TRAMO": "Otero - Santana", "TP_DUCTO": "Troncal", "DISTRITO": "5", "PK_PAT": "24061", "TP_EVENTO": "SOCAVACIÓN DE FONDO", "PRIORIDAD": "Alto", "AMENAZA": "Extremo", "FX2": "20210306_FX2_C05_GBS_OTERO-SANT_PK024+061_VB", "LATITUD": 5.9590440000000626, "LONGITUD": -73.594418 }, "geometry": { "type": "Point", "coordinates": [ -73.594418, 5.959044, 0.0 ] } },
{ "type": "Feature", "properties": { "DEPTO": "(SANTANDER)", "MUNICIPIO": "GÜEPSA", "VEREDA": "SONESI", "GASODUCTO": "BOYACA - SANTANDER", "TRAMO": "Velez", "TP_DUCTO": "Ramal", "DISTRITO": "5", "PK_PAT": "1830", "TP_EVENTO": "DESLIZAMIENTO ROTACIONAL", "PRIORIDAD": "Alto", "AMENAZA": "Extremo", "FX2": "20210308_FX2_C05_GBS_R-VELEZ_PK001+830_VB", "LATITUD": 6.008748, "LONGITUD": -73.600871 }, "geometry": { "type": "Point", "coordinates": [ -73.600871, 6.008748, 0.0 ] } },
{ "type": "Feature", "properties": { "DEPTO": "(SANTANDER)", "MUNICIPIO": "VÉLEZ", "VEREDA": "ROPERO", "GASODUCTO": "BOYACA - SANTANDER", "TRAMO": "Velez", "TP_DUCTO": "Ramal", "DISTRITO": "5", "PK_PAT": "4363", "TP_EVENTO": "SURCOS", "PRIORIDAD": "Alto", "AMENAZA": "Alto", "FX2": "20221122_FX2_C05_GBS_R-VELEZ_PK004+363_VA", "LATITUD": 6.0172160000000758, "LONGITUD": -73.615125 }, "geometry": { "type": "Point", "coordinates": [ -73.615125, 6.017216, 0.0 ] } },
{ "type": "Feature", "properties": { "DEPTO": "(SANTANDER)", "MUNICIPIO": "VÉLEZ", "VEREDA": "GUAYABAL", "GASODUCTO": "BOYACA - SANTANDER", "TRAMO": "Velez", "TP_DUCTO": "Ramal", "DISTRITO": "5", "PK_PAT": "6979", "TP_EVENTO": "SOCAVACIÓN DE FONDO", "PRIORIDAD": "Medio", "AMENAZA": "Medio", "FX2": "20221129_FX2_C05_GBS_R-VELEZ_PK006+979_VA", "LATITUD": 6.011088, "LONGITUD": -73.633176 }, "geometry": { "type": "Point", "coordinates": [ -73.633176, 6.011088, 0.0 ] } },
{ "type": "Feature", "properties": { "DEPTO": "(SANTANDER)", "MUNICIPIO": "PUENTE NACIONAL", "VEREDA": "ALTO SAN DIMAS", "GASODUCTO": "CENTRO - ORIENTE", "TRAMO": "Puente Guillermo - Sucre Oriental", "TP_DUCTO": "Troncal", "DISTRITO": "3", "PK_PAT": "6024", "TP_EVENTO": "OTRO", "PRIORIDAD": "Bajo", "AMENAZA": "Bajo", "FX2": "20230322_FX2_C03_COR_PTE GUI-SUCREO_PK006+024_VA", "LATITUD": 5.7818550000000641, "LONGITUD": -73.720779 }, "geometry": { "type": "Point", "coordinates": [ -73.720779, 5.781855, 0.0 ] } },
{ "type": "Feature", "properties": { "DEPTO": "(CASANARE)", "MUNICIPIO": "TAURAMENA", "VEREDA": "ACEITE ALTO", "GASODUCTO": "CUSIANA - APIAY - USME", "TRAMO": "Cusiana - Pk65", "TP_DUCTO": "Troncal", "DISTRITO": "4", "PK_PAT": "1116", "TP_EVENTO": "SOCAVACIÓN DE FONDO", "PRIORIDAD": "Bajo", "AMENAZA": "Bajo", "FX2": "20230309_FX2_C04_CAU_CUS-PK65_PK001+116_VA", "LATITUD": 4.991538, "LONGITUD": -72.70927 }, "geometry": { "type": "Point", "coordinates": [ -72.70927, 4.991538, 0.0 ] } },
{ "type": "Feature", "properties": { "DEPTO": "(CASANARE)", "MUNICIPIO": "MONTERREY", "VEREDA": "TIERRA GRATA", "GASODUCTO": "CUSIANA - APIAY - USME", "TRAMO": "Cusiana - PK65", "TP_DUCTO": "Troncal", "DISTRITO": "4", "PK_PAT": "29055", "TP_EVENTO": "SOCAVACIÓN DE FONDO", "PRIORIDAD": "Alto", "AMENAZA": "Extremo", "FX2": "20220403_FX2_C04_CAU_CUS-PK65_PK029+055_VA", "LATITUD": 4.8880280000000766, "LONGITUD": -72.904804 }, "geometry": { "type": "Point", "coordinates": [ -72.904804, 4.888028, 0.0 ] } },
{ "type": "Feature", "properties": { "DEPTO": "(CASANARE)", "MUNICIPIO": "MONTERREY", "VEREDA": "TIERRA GRATA", "GASODUCTO": "CUSIANA - APIAY - USME", "TRAMO": "Cusiana - Pk65", "TP_DUCTO": "Troncal", "DISTRITO": "4", "PK_PAT": "32153", "TP_EVENTO": "SOCAVACIÓN LATERAL", "PRIORIDAD": "Bajo", "AMENAZA": "Bajo", "FX2": "20240222_FX2_C05_CAU_CUS-PK65_PK032+153_VB", "LATITUD": 4.865047000000061, "LONGITUD": -72.920747 }, "geometry": { "type": "Point", "coordinates": [ -72.920747, 4.865047, 0.0 ] } },
{ "type": "Feature", "properties": { "DEPTO": "(CASANARE)", "MUNICIPIO": "SABANALARGA", "VEREDA": "PALMICHAL", "GASODUCTO": "CUSIANA - PORVENIR", "TRAMO": "Cusiana - Miraflores", "TP_DUCTO": "Troncal", "DISTRITO": "5", "PK_PAT": "11183", "TP_EVENTO": "SOCAVACIÓN DE FONDO", "PRIORIDAD": "Bajo", "AMENAZA": "Bajo", "FX2": "20240822_FX2_C04_PB_CUS-MIRAF_PK011+183(PK44+182)_VB", "LATITUD": 4.967567, "LONGITUD": -73.000465 }, "geometry": { "type": "Point", "coordinates": [ -73.000465, 4.967567, 0.0 ] } },
{ "type": "Feature", "properties": { "DEPTO": "(BOYACÁ)", "MUNICIPIO": "PÁEZ", "VEREDA": "CANALES", "GASODUCTO": "CUSIANA - PORVENIR", "TRAMO": "Cusiana - Miraflores", "TP_DUCTO": "Troncal", "DISTRITO": "5", "PK_PAT": "14082", "TP_EVENTO": "SOCAVACIÓN DE FONDO", "PRIORIDAD": "Medio", "AMENAZA": "Medio", "FX2": "20220325_FX2_C04_PB_CUS-MIRAF_PK014+082(PK47+055)_VA", "LATITUD": 4.989854, "LONGITUD": -72.999188 }, "geometry": { "type": "Point", "coordinates": [ -72.999188, 4.989854, 0.0 ] } },
{ "type": "Feature", "properties": { "DEPTO": "(BOYACÁ)", "MUNICIPIO": "PÁEZ", "VEREDA": "AGUA BLANCA", "GASODUCTO": "CUSIANA - PORVENIR", "TRAMO": "Cusiana - Miraflores", "TP_DUCTO": "Troncal", "DISTRITO": "5", "PK_PAT": "26854", "TP_EVENTO": "FLUJOS", "PRIORIDAD": "Medio", "AMENAZA": "Medio", "FX2": "20240424_FX2_C04_PB_CUS-MIRAF_PK026+854(PK59+465)_VB", "LATITUD": 5.070799, "LONGITUD": -73.002674 }, "geometry": { "type": "Point", "coordinates": [ -73.002674, 5.070799, 0.0 ] } },
{ "type": "Feature", "properties": { "DEPTO": "(BOYACÁ)", "MUNICIPIO": "MIRAFLORES", "VEREDA": "MORRO ABAJO", "GASODUCTO": "PORVENIR - LA BELLEZA", "TRAMO": "Cusiana - Miraflores", "TP_DUCTO": "Loop", "DISTRITO": "5", "PK_PAT": "80040", "TP_EVENTO": "SOCAVACIÓN DE FONDO", "PRIORIDAD": "Alto", "AMENAZA": "Alto", "FX2": "20210729_FX2_C04_PB_CUS-MIRAF(L)_PK079+018_VA", "LATITUD": 5.1601410000000669, "LONGITUD": -73.106841 }, "geometry": { "type": "Point", "coordinates": [ -73.106841, 5.160141, 0.0 ] } },
{ "type": "Feature", "properties": { "DEPTO": "(BOYACÁ)", "MUNICIPIO": "RAMIRIQUÍ", "VEREDA": "HERVIDERO", "GASODUCTO": "PORVENIR - LA BELLEZA", "TRAMO": "Miraflores - Sutamarchan", "TP_DUCTO": "Troncal", "DISTRITO": "5", "PK_PAT": "120+225", "TP_EVENTO": "SOCAVACIÓN DE FONDO", "PRIORIDAD": "Medio", "AMENAZA": "Medio", "FX2": "20210814_FX2_C04_PB_MIRAF-PTEG_PK087+086_VB", "LATITUD": 5.3674810000000548, "LONGITUD": -73.363676 }, "geometry": { "type": "Point", "coordinates": [ -73.363676, 5.367481, 0.0 ] } },
{ "type": "Feature", "properties": { "DEPTO": "(SANTANDER)", "MUNICIPIO": "PUENTE NACIONAL", "VEREDA": "URUMAL", "GASODUCTO": "PORVENIR - LA BELLEZA", "TRAMO": "Sutamarchan - La Belleza", "TP_DUCTO": "Troncal", "DISTRITO": "5", "PK_PAT": "148165", "TP_EVENTO": "SOCAVACIÓN DE FONDO", "PRIORIDAD": "Bajo", "AMENAZA": "Bajo", "FX2": "20230616_FX2_C05_PB_SUT-BELL_PK180+500_VA", "LATITUD": 5.802703000000065, "LONGITUD": -73.641877 }, "geometry": { "type": "Point", "coordinates": [ -73.641877, 5.802703, 0.0 ] } },
{ "type": "Feature", "properties": { "DEPTO": "(META)", "MUNICIPIO": "VILLAVICENCIO", "VEREDA": "LAS MERCEDES", "GASODUCTO": "CUSIANA - APIAY - USME", "TRAMO": "Acacias", "TP_DUCTO": "Ramal", "DISTRITO": "4", "PK_PAT": "6251", "TP_EVENTO": "SOCAVACIÓN DE FONDO", "PRIORIDAD": "Medio", "AMENAZA": "Medio", "FX2": "20240117_FX2_C06_CAU_MADG-LLANOG_PK006+251_VA", "LATITUD": 4.0507880000000682, "LONGITUD": -73.721002 }, "geometry": { "type": "Point", "coordinates": [ -73.721002, 4.050788, 0.0 ] } },
{ "type": "Feature", "properties": { "DEPTO": "(META)", "MUNICIPIO": "VILLAVICENCIO", "VEREDA": "LA CONCEPCION", "GASODUCTO": "CUSIANA - APIAY - USME", "TRAMO": "Acacias", "TP_DUCTO": "Ramal", "DISTRITO": "4", "PK_PAT": "8183", "TP_EVENTO": "SOCAVACIÓN DE FONDO", "PRIORIDAD": "Medio", "AMENAZA": "Medio", "FX2": "20240117_FX2_C06_CAU_MADG-LLANOG_PK008+183_VB", "LATITUD": 4.037276, "LONGITUD": -73.730539 }, "geometry": { "type": "Point", "coordinates": [ -73.730539, 4.037276, 0.0 ] } },
{ "type": "Feature", "properties": { "DEPTO": "(META)", "MUNICIPIO": "VILLAVICENCIO", "VEREDA": "EL AMOR", "GASODUCTO": "CUSIANA - APIAY - USME", "TRAMO": "Apiay - Termocoa", "TP_DUCTO": "Troncal", "DISTRITO": "4", "PK_PAT": "28642", "TP_EVENTO": "SURCOS", "PRIORIDAD": "Bajo", "AMENAZA": "Bajo", "FX2": "20240112_FX2_C06_CAU_APIAY-TERMOC_PK028+642_VA", "LATITUD": 4.095136, "LONGITUD": -73.625522 }, "geometry": { "type": "Point", "coordinates": [ -73.625522, 4.095136, 0.0 ] } },
{ "type": "Feature", "properties": { "DEPTO": "(META)", "MUNICIPIO": "BARRANCA DE UPÍA", "VEREDA": "CARUTAL", "GASODUCTO": "CUSIANA - APIAY - USME", "TRAMO": "Cusiana - Pk65", "TP_DUCTO": "Troncal", "DISTRITO": "4", "PK_PAT": "61230", "TP_EVENTO": "OTRO", "PRIORIDAD": "Bajo", "AMENAZA": "Bajo", "FX2": "20230405_FX2_C06_CAU_CUS-PK65_PK061+370_VA", "LATITUD": 4.6557, "LONGITUD": -73.049657 }, "geometry": { "type": "Point", "coordinates": [ -73.049657, 4.6557, 0.0 ] } },
{ "type": "Feature", "properties": { "DEPTO": "(CUNDINAMARCA)", "MUNICIPIO": "PARATEBUENO", "VEREDA": "LA EUROPA", "GASODUCTO": "CUSIANA - APIAY - USME", "TRAMO": "PK65 - Apiay", "TP_DUCTO": "Troncal", "DISTRITO": "4", "PK_PAT": "103125", "TP_EVENTO": "SOCAVACIÓN DE FONDO", "PRIORIDAD": "Alto", "AMENAZA": "Alto", "FX2": "20210826_FX2_C06_CAU_PK65-APIAY_PK103+125_VB", "LATITUD": 4.3876920000000723, "LONGITUD": -73.269423 }, "geometry": { "type": "Point", "coordinates": [ -73.269423, 4.387692, 0.0 ] } },
{ "type": "Feature", "properties": { "DEPTO": "(CUNDINAMARCA)", "MUNICIPIO": "PARATEBUENO", "VEREDA": "SANTA CECILIA", "GASODUCTO": "CUSIANA - APIAY - USME", "TRAMO": "PK65 - Apiay", "TP_DUCTO": "Troncal", "DISTRITO": "4", "PK_PAT": "114290", "TP_EVENTO": "SOCAVACIÓN DE FONDO", "PRIORIDAD": "Medio", "AMENAZA": "Medio", "FX2": "20240510_FX2_C06_CAU_PK65-APIAY_PK114+290_VB", "LATITUD": 4.3402560000000676, "LONGITUD": -73.336856 }, "geometry": { "type": "Point", "coordinates": [ -73.336856, 4.340256, 0.0 ] } },
{ "type": "Feature", "properties": { "DEPTO": "(BOYACÁ)", "MUNICIPIO": "JENESANO", "VEREDA": "PALENQUE", "GASODUCTO": "PORVENIR - LA BELLEZA", "TRAMO": "Miraflores - Sutamarchan", "TP_DUCTO": "Troncal", "DISTRITO": "5", "PK_PAT": "121555", "TP_EVENTO": "DESLIZAMIENTO TRASLACIONAL", "PRIORIDAD": "Alto", "AMENAZA": "Extremo", "FX2": "20230830_FX2_C04_PB_MIRAF-SUT_PK088+350_VC", "LATITUD": 5.373548, "LONGITUD": -73.372852 }, "geometry": { "type": "Point", "coordinates": [ -73.372852, 5.373548, 0.0 ] } },
{ "type": "Feature", "properties": { "DEPTO": "(META)", "MUNICIPIO": "CUMARAL", "VEREDA": "INSPECCIÓN PRESENTADO", "GASODUCTO": "CUSIANA - APIAY - USME", "TRAMO": "PK65 - Apiay", "TP_DUCTO": "Troncal", "DISTRITO": "4", "PK_PAT": "125266", "TP_EVENTO": "SOCAVACIÓN DE FONDO", "PRIORIDAD": "Alto", "AMENAZA": "Extremo", "FX2": "20220112_FX2_C06_CAU_PK65-APIAY_PK125+266_VA", "LATITUD": 4.2966500000000565, "LONGITUD": -73.410092 }, "geometry": { "type": "Point", "coordinates": [ -73.410092, 4.29665, 0.0 ] } },
{ "type": "Feature", "properties": { "DEPTO": "(META)", "MUNICIPIO": "CUMARAL", "VEREDA": "INSPECCIÓN PRESENTADO", "GASODUCTO": "CUSIANA - APIAY - USME", "TRAMO": "PK65 - Apiay", "TP_DUCTO": "Troncal", "DISTRITO": "4", "PK_PAT": "125801", "TP_EVENTO": "SOCAVACIÓN DE FONDO", "PRIORIDAD": "Alto", "AMENAZA": "Extremo", "FX2": "20220112_FX2_C06_CAU_PK65-APIAY_PK125+801_VB", "LATITUD": 4.291885, "LONGITUD": -73.409433 }, "geometry": { "type": "Point", "coordinates": [ -73.409433, 4.291885, 0.0 ] } },
{ "type": "Feature", "properties": { "DEPTO": "(META)", "MUNICIPIO": "ACACÍAS", "VEREDA": "LA CECILITA", "GASODUCTO": "GASODUCTO DEL ARIARI", "TRAMO": "Gasoducto del Ariari", "TP_DUCTO": "Ramal Remitente", "DISTRITO": "4", "PK_PAT": "7750", "TP_EVENTO": "SOCAVACIÓN DE FONDO", "PRIORIDAD": "Alto", "AMENAZA": "Alto", "FX2": "20210618_FX2_C06_AA_G-ARIARI_PK007+750_VA", "LATITUD": 3.9515200000000732, "LONGITUD": -73.768214 }, "geometry": { "type": "Point", "coordinates": [ -73.768214, 3.95152, 0.0 ] } },
{ "type": "Feature", "properties": { "DEPTO": "(META)", "MUNICIPIO": "ACACÍAS", "VEREDA": "LOMA DE TIGRE", "GASODUCTO": "GASODUCTO DEL ARIARI", "TRAMO": "Gasoducto del Ariari", "TP_DUCTO": "Ramal Remitente", "DISTRITO": "4", "PK_PAT": "8696", "TP_EVENTO": "SOCAVACIÓN DE FONDO", "PRIORIDAD": "Medio", "AMENAZA": "Medio", "FX2": "20230602_FX2_C06_AA_ARIARI_PK008+696_VA", "LATITUD": 3.9437290000000758, "LONGITUD": -73.767054 }, "geometry": { "type": "Point", "coordinates": [ -73.767054, 3.943729, 0.0 ] } },
{ "type": "Feature", "properties": { "DEPTO": "(META)", "MUNICIPIO": "GUAMAL", "VEREDA": "BRISAS DE OROTOY", "GASODUCTO": "GASODUCTO DEL ARIARI", "TRAMO": "Gasoducto del Ariari", "TP_DUCTO": "Ramal Remitente", "DISTRITO": "4", "PK_PAT": "13051", "TP_EVENTO": "SOCAVACIÓN DE FONDO", "PRIORIDAD": "Medio", "AMENAZA": "Medio", "FX2": "20210618_FX2_C06_AA_G-ARIARI_PK013+051_VB", "LATITUD": 3.905499, "LONGITUD": -73.770601 }, "geometry": { "type": "Point", "coordinates": [ -73.770601, 3.905499, 0.0 ] } },
{ "type": "Feature", "properties": { "DEPTO": "(META)", "MUNICIPIO": "SAN MARTÍN", "VEREDA": "ALTO RUBIANO", "GASODUCTO": "GASODUCTO DEL ARIARI", "TRAMO": "Gasoducto del Ariari", "TP_DUCTO": "Ramal Remitente", "DISTRITO": "4", "PK_PAT": "33603", "TP_EVENTO": "SOCAVACIÓN DE FONDO", "PRIORIDAD": "Alto", "AMENAZA": "Alto", "FX2": "20210715_FX2_C06_AA_ARIARI_PK033+603_VB", "LATITUD": 3.7531930000000671, "LONGITUD": -73.724407 }, "geometry": { "type": "Point", "coordinates": [ -73.724407, 3.753193, 0.0 ] } },
{ "type": "Feature", "properties": { "DEPTO": "(META)", "MUNICIPIO": "GRANADA", "VEREDA": "LOS ANDES", "GASODUCTO": "GASODUCTO DEL ARIARI", "TRAMO": "Gasoducto del Ariari", "TP_DUCTO": "Ramal Remitente", "DISTRITO": "4", "PK_PAT": "56754", "TP_EVENTO": "SURCOS", "PRIORIDAD": "Medio", "AMENAZA": "Medio", "FX2": "20230626_FX2_C06_AA_ARIARI_PK056+754_VA", "LATITUD": 3.557493, "LONGITUD": -73.720353 }, "geometry": { "type": "Point", "coordinates": [ -73.720353, 3.557493, 0.0 ] } },
{ "type": "Feature", "properties": { "DEPTO": "(META)", "MUNICIPIO": "GRANADA", "VEREDA": "LOS ANDES", "GASODUCTO": "GASODUCTO DEL ARIARI", "TRAMO": "Gasoducto del Ariari", "TP_DUCTO": "Ramal Remitente", "DISTRITO": "4", "PK_PAT": "57930", "TP_EVENTO": "SOCAVACIÓN DE FONDO", "PRIORIDAD": "Medio", "AMENAZA": "Medio", "FX2": "20210715_FX2_C06_AA_G-ARIARI_PK057+930_VA", "LATITUD": 3.546699, "LONGITUD": -73.71889 }, "geometry": { "type": "Point", "coordinates": [ -73.71889, 3.546699, 0.0 ] } },
{ "type": "Feature", "properties": { "DEPTO": "(SANTANDER)", "MUNICIPIO": "FLORIÁN", "VEREDA": "LA VUELTIADA", "GASODUCTO": "CENTRO - ORIENTE", "TRAMO": "La Belleza - PK7+200", "TP_DUCTO": "Troncal", "DISTRITO": "3", "PK_PAT": "3071", "TP_EVENTO": "DESLIZAMIENTO TRASLACIONAL", "PRIORIDAD": "Alto", "AMENAZA": "Alto", "FX2": "20220125_FX2_C03_COR_BELL-7+200_PK003+071_VA", "LATITUD": 5.8150200000000609, "LONGITUD": -73.978799 }, "geometry": { "type": "Point", "coordinates": [ -73.978799, 5.81502, 0.0 ] } },
{ "type": "Feature", "properties": { "DEPTO": "(SANTANDER)", "MUNICIPIO": "SIMACOTA", "VEREDA": "VIZCAINA ALTA", "GASODUCTO": "CENTRO - ORIENTE", "TRAMO": "Barrancabermeja - Sebastopol", "TP_DUCTO": "Troncal", "DISTRITO": "1", "PK_PAT": "38717", "TP_EVENTO": "SOCAVACIÓN LATERAL", "PRIORIDAD": "Alto", "AMENAZA": "Extremo", "FX2": "20210309_FX2_C01_COR_BARRANC-SEB_PK038+703_V1", "LATITUD": 6.829074, "LONGITUD": -73.896786 }, "geometry": { "type": "Point", "coordinates": [ -73.896786, 6.829074, 0.0 ] } },
{ "type": "Feature", "properties": { "DEPTO": "(SANTANDER)", "MUNICIPIO": "CIMITARRA", "VEREDA": "RIVERAS DEL SAN JUAN", "GASODUCTO": "CENTRO - ORIENTE", "TRAMO": "Barrancabermeja - Sebastopol", "TP_DUCTO": "Troncal", "DISTRITO": "1", "PK_PAT": "84225", "TP_EVENTO": "CARCAVAS", "PRIORIDAD": "Medio", "AMENAZA": "Medio", "FX2": "20230705_FX2_C01_C0R_BARRANC-SEB_PK084+334_VA", "LATITUD": 6.564991, "LONGITUD": -74.182808 }, "geometry": { "type": "Point", "coordinates": [ -74.182808, 6.564991, 0.0 ] } },
{ "type": "Feature", "properties": { "DEPTO": "(SANTANDER)", "MUNICIPIO": "CIMITARRA", "VEREDA": "LOS MORROS", "GASODUCTO": "CENTRO - ORIENTE", "TRAMO": "Barrancabermeja - Sebastopol", "TP_DUCTO": "Troncal", "DISTRITO": "1", "PK_PAT": "96204", "TP_EVENTO": "SURCOS", "PRIORIDAD": "Alto", "AMENAZA": "Alto", "FX2": "20210412_FX2_C01_COR_BARRANC-SEB_PK096+204_VC", "LATITUD": 6.531355000000076, "LONGITUD": -74.280298 }, "geometry": { "type": "Point", "coordinates": [ -74.280298, 6.531355, 0.0 ] } },
{ "type": "Feature", "properties": { "DEPTO": "(SANTANDER)", "MUNICIPIO": "CIMITARRA", "VEREDA": "PUERTO OLAYA", "GASODUCTO": "CENTRO - ORIENTE", "TRAMO": "Barrancabermeja - Sebastopol", "TP_DUCTO": "Troncal", "DISTRITO": "1", "PK_PAT": "100065", "TP_EVENTO": "SOCAVACIÓN LATERAL", "PRIORIDAD": "Bajo", "AMENAZA": "Bajo", "FX2": "20230810_FX2_C01_C0R_BARRANC-SEB_PK100+065_VA", "LATITUD": 6.5173780000000647, "LONGITUD": -74.310493 }, "geometry": { "type": "Point", "coordinates": [ -74.310493, 6.517378, 0.0 ] } },
{ "type": "Feature", "properties": { "DEPTO": "(SANTANDER)", "MUNICIPIO": "SAN VICENTE DE CHUCURÍ", "VEREDA": "LA TEMPESTUOSA", "GASODUCTO": "SUR DE BOLIVAR", "TRAMO": "Playa Roja - San Vicente", "TP_DUCTO": "Aislado", "DISTRITO": "1", "PK_PAT": "1790", "TP_EVENTO": "OTRO", "PRIORIDAD": "Alto", "AMENAZA": "Alto", "FX2": "20220419_FX2_C01_SBO_S VIC-PLAYA R_PK001+790_VA", "LATITUD": 6.891668, "LONGITUD": -73.584266 }, "geometry": { "type": "Point", "coordinates": [ -73.584266, 6.891668, 0.0 ] } },
{ "type": "Feature", "properties": { "DEPTO": "(SANTANDER)", "MUNICIPIO": "SAN VICENTE DE CHUCURÍ", "VEREDA": "LLANA CALIENTE", "GASODUCTO": "SUR DE BOLIVAR", "TRAMO": "Playa Roja - San Vicente", "TP_DUCTO": "Aislado", "DISTRITO": "1", "PK_PAT": "3885", "TP_EVENTO": "SOCAVACIÓN LATERAL", "PRIORIDAD": "Bajo", "AMENAZA": "Bajo", "FX2": "20220616_FX2_C01_SBO_S VIC-PLAYA R_PK003+885_VA", "LATITUD": 6.891214, "LONGITUD": -73.566326 }, "geometry": { "type": "Point", "coordinates": [ -73.566326, 6.891214, 0.0 ] } },
{ "type": "Feature", "properties": { "DEPTO": "(SANTANDER)", "MUNICIPIO": "SAN VICENTE DE CHUCURÍ", "VEREDA": "NUEVO MUNDO", "GASODUCTO": "SUR DE BOLIVAR", "TRAMO": "Playa Roja - San Vicente", "TP_DUCTO": "Aislado", "DISTRITO": "1", "PK_PAT": "11588", "TP_EVENTO": "OTRO", "PRIORIDAD": "Alto", "AMENAZA": "Alto", "FX2": "20220422_FX2_C01_SBO_S VIC-PLAYA R_PK011+588_VA", "LATITUD": 6.8783980000000611, "LONGITUD": -73.508718 }, "geometry": { "type": "Point", "coordinates": [ -73.508718, 6.878398, 0.0 ] } },
{ "type": "Feature", "properties": { "DEPTO": "(SANTANDER)", "MUNICIPIO": "SAN VICENTE DE CHUCURÍ", "VEREDA": "NUEVO MUNDO", "GASODUCTO": "SUR DE BOLIVAR", "TRAMO": "Playa Roja - San Vicente", "TP_DUCTO": "Aislado", "DISTRITO": "1", "PK_PAT": "12041", "TP_EVENTO": "SOCAVACIÓN DE FONDO", "PRIORIDAD": "Medio", "AMENAZA": "Medio", "FX2": "20221026_FX2_C01_SBO_S VIC-PLAYA R_PK012+041_VA", "LATITUD": 6.878765, "LONGITUD": -73.504781 }, "geometry": { "type": "Point", "coordinates": [ -73.504781, 6.878765, 0.0 ] } },
{ "type": "Feature", "properties": { "DEPTO": "(SANTANDER)", "MUNICIPIO": "SAN VICENTE DE CHUCURÍ", "VEREDA": "NUEVO MUNDO", "GASODUCTO": "SUR DE BOLIVAR", "TRAMO": "Playa Roja - San Vicente", "TP_DUCTO": "Aislado", "DISTRITO": "1", "PK_PAT": "13320", "TP_EVENTO": "SURCOS", "PRIORIDAD": "Medio", "AMENAZA": "Medio", "FX2": "20221027_FX2_C01_SBO_S VIC-PLAYA R_PK013+320_VA", "LATITUD": 6.880547, "LONGITUD": -73.495455 }, "geometry": { "type": "Point", "coordinates": [ -73.495455, 6.880547, 0.0 ] } },
{ "type": "Feature", "properties": { "DEPTO": "(SANTANDER)", "MUNICIPIO": "SAN VICENTE DE CHUCURÍ", "VEREDA": "GUADUAL", "GASODUCTO": "SUR DE BOLIVAR", "TRAMO": "Playa Roja - San Vicente", "TP_DUCTO": "Aislado", "DISTRITO": "1", "PK_PAT": "15952", "TP_EVENTO": "OTRO", "PRIORIDAD": "Alto", "AMENAZA": "Alto", "FX2": "20220616_FX2_C01_SBO_S VIC-PLAYA R_PK015+952_VA", "LATITUD": 6.8897660000000656, "LONGITUD": -73.475157 }, "geometry": { "type": "Point", "coordinates": [ -73.475157, 6.889766, 0.0 ] } },
{ "type": "Feature", "properties": { "DEPTO": "(BOYACÁ)", "MUNICIPIO": "JENESANO", "VEREDA": "PULIDOS", "GASODUCTO": "PORVENIR - LA BELLEZA", "TRAMO": "Miraflores - Sutamarchan", "TP_DUCTO": "Troncal", "DISTRITO": "5", "PK_PAT": "122990", "TP_EVENTO": "DESLIZAMIENTO TRASLACIONAL", "PRIORIDAD": "Medio", "AMENAZA": "Medio", "FX2": "20231031_FX2_C04_PB_MIRAF-SUT_PK089+800_VA", "LATITUD": 5.38478, "LONGITUD": -73.37655 }, "geometry": { "type": "Point", "coordinates": [ -73.37655, 5.38478, 0.0 ] } },
{ "type": "Feature", "properties": { "DEPTO": "(CALDAS)", "MUNICIPIO": "LA DORADA", "VEREDA": "GUARINOCITO", "GASODUCTO": "CENTRO - ORIENTE", "TRAMO": "Puerto Salgar - Mariquita", "TP_DUCTO": "Troncal", "DISTRITO": "2", "PK_PAT": "262226", "TP_EVENTO": "SOCAVACIÓN DE FONDO", "PRIORIDAD": "Alto", "AMENAZA": "Extremo", "FX2": "20210927_FX2_C01_COR_PTO SALG-MAR_PK262+226_VC", "LATITUD": 5.3723670000000538, "LONGITUD": -74.719421 }, "geometry": { "type": "Point", "coordinates": [ -74.719421, 5.372367, 0.0 ] } },
{ "type": "Feature", "properties": { "DEPTO": "(CUNDINAMARCA)", "MUNICIPIO": "CHIPAQUE", "VEREDA": "ALTO DEL RAMO", "GASODUCTO": "CUSIANA - APIAY - USME", "TRAMO": "Chipaque", "TP_DUCTO": "Ramal", "DISTRITO": "4", "PK_PAT": "2200", "TP_EVENTO": "REPTACION", "PRIORIDAD": "Alto", "AMENAZA": "Extremo", "FX2": "20221101_FX2_C06_CAU_R-CHIPAQUE_PK002+200_VB", "LATITUD": 4.4471970000000738, "LONGITUD": -74.054686 }, "geometry": { "type": "Point", "coordinates": [ -74.054686, 4.447197, 0.0 ] } },
{ "type": "Feature", "properties": { "DEPTO": "(SANTANDER)", "MUNICIPIO": "FLORIÁN", "VEREDA": "CENTRO", "GASODUCTO": "CENTRO - ORIENTE", "TRAMO": "Florian", "TP_DUCTO": "Ramal", "DISTRITO": "3", "PK_PAT": "1030", "TP_EVENTO": "REPTACION", "PRIORIDAD": "Medio", "AMENAZA": "Medio", "FX2": "20220125_FX2_C03_COR_R-FLORIAN_PK001+030_VA", "LATITUD": 5.800070000000062, "LONGITUD": -73.973336 }, "geometry": { "type": "Point", "coordinates": [ -73.973336, 5.80007, 0.0 ] } },
{ "type": "Feature", "properties": { "DEPTO": "(CESAR)", "MUNICIPIO": "LA GLORIA", "VEREDA": "LA ESTACIÓN DE LA GLORIA", "GASODUCTO": "BALLENA - BARRANCABERMEJA", "TRAMO": "La Gloria", "TP_DUCTO": "Ramal", "DISTRITO": "6", "PK_PAT": "2390", "TP_EVENTO": "SOCAVACIÓN DE FONDO", "PRIORIDAD": "Alto", "AMENAZA": "Alto", "FX2": "20220120_FX2_PM1_BB_R-LA GLORIA_PK002+390_VA", "LATITUD": 8.621748, "LONGITUD": -73.69722 }, "geometry": { "type": "Point", "coordinates": [ -73.69722, 8.621748, 0.0 ] } },
{ "type": "Feature", "properties": { "DEPTO": "(BOYACÁ)", "MUNICIPIO": "MIRAFLORES", "VEREDA": "RUSITA", "GASODUCTO": "PORVENIR - LA BELLEZA", "TRAMO": "Miraflores - Puente Guillermo", "TP_DUCTO": "Loop", "DISTRITO": "5", "PK_PAT": "93355", "TP_EVENTO": "OTRO", "PRIORIDAD": "Bajo", "AMENAZA": "Bajo", "FX2": "20231219_FX2_C04_PB_PTEG-BELL_PK093+360_(PK091+295)_VA", "LATITUD": 5.2047260000000506, "LONGITUD": -73.207029 }, "geometry": { "type": "Point", "coordinates": [ -73.207029, 5.204726, 0.0 ] } },
{ "type": "Feature", "properties": { "DEPTO": "(BOYACÁ)", "MUNICIPIO": "ZETAQUIRA", "VEREDA": "GUANATA", "GASODUCTO": "PORVENIR - LA BELLEZA", "TRAMO": "Miraflores - Puente Guillermo", "TP_DUCTO": "Loop", "DISTRITO": "5", "PK_PAT": "103222", "TP_EVENTO": "OTRO", "PRIORIDAD": "Bajo", "AMENAZA": "Bajo", "FX2": "20231214_FX2_C04_PB_ MIRAF-PTEG_PK103+224_(PK101+164)_VA", "LATITUD": 5.2695890000000531, "LONGITUD": -73.252427 }, "geometry": { "type": "Point", "coordinates": [ -73.252427, 5.269589, 0.0 ] } },
{ "type": "Feature", "properties": { "DEPTO": "(BOYACÁ)", "MUNICIPIO": "OTANCHE", "VEREDA": "CAMILO", "GASODUCTO": "CENTRO - ORIENTE", "TRAMO": "La Belleza - Vasconia", "TP_DUCTO": "Troncal", "DISTRITO": "1", "PK_PAT": "258980", "TP_EVENTO": "DESLIZAMIENTO TRASLACIONAL", "PRIORIDAD": "Alto", "AMENAZA": "Alto", "FX2": "20211125_FX2_C03_C0R_BELL-VASC_PK222+322_VC", "LATITUD": 5.824668, "LONGITUD": -74.213525 }, "geometry": { "type": "Point", "coordinates": [ -74.213525, 5.824668, 0.0 ] } },
{ "type": "Feature", "properties": { "DEPTO": "(CALDAS)", "MUNICIPIO": "LA DORADA", "VEREDA": "LA PETROLEA", "GASODUCTO": "CENTRO - ORIENTE", "TRAMO": "Termodorada", "TP_DUCTO": "Ramal", "DISTRITO": "2", "PK_PAT": "4823", "TP_EVENTO": "SOCAVACIÓN DE FONDO", "PRIORIDAD": "Alto", "AMENAZA": "Extremo", "FX2": "20230919_FX2_C01_COR_R-TERMOD_PK004+823_VB", "LATITUD": 5.409746, "LONGITUD": -74.693741 }, "geometry": { "type": "Point", "coordinates": [ -74.693741, 5.409746, 0.0 ] } },
{ "type": "Feature", "properties": { "DEPTO": "(BOYACÁ)", "MUNICIPIO": "VENTAQUEMADA", "VEREDA": "PUENTE POYACA", "GASODUCTO": "PORVENIR - LA BELLEZA", "TRAMO": "Miraflores - Sutamarchan", "TP_DUCTO": "Troncal", "DISTRITO": "5", "PK_PAT": "134866", "TP_EVENTO": "REPTACION", "PRIORIDAD": "Medio", "AMENAZA": "Medio", "FX2": "20240105_FX2_C04_PB_MIRAF-SUT_PK134+866_(PK101+855)_VA", "LATITUD": 5.4600580000000605, "LONGITUD": -73.445494 }, "geometry": { "type": "Point", "coordinates": [ -73.445494, 5.460058, 0.0 ] } },
{ "type": "Feature", "properties": { "DEPTO": "(SANTANDER)", "MUNICIPIO": "BARRANCABERMEJA", "VEREDA": "TENERIFE", "GASODUCTO": "CENTRO - ORIENTE", "TRAMO": "Barrancabermeja - Sebastopol", "TP_DUCTO": "Troncal", "DISTRITO": "1", "PK_PAT": "25314", "TP_EVENTO": "SURCOS", "PRIORIDAD": "Bajo", "AMENAZA": "Bajo", "FX2": "20220811_FX2_C01_C0R_BARRANC-SEB_PK025+314_VA", "LATITUD": 6.92695, "LONGITUD": -73.83765 }, "geometry": { "type": "Point", "coordinates": [ -73.83765, 6.92695, 0.0 ] } },
{ "type": "Feature", "properties": { "DEPTO": "(CESAR)", "MUNICIPIO": "SAN ALBERTO", "VEREDA": "LA PALMA", "GASODUCTO": "BALLENA - BARRANCABERMEJA", "TRAMO": "San Alberto", "TP_DUCTO": "Ramal", "DISTRITO": "1", "PK_PAT": "5272", "TP_EVENTO": "SOCAVACIÓN DE FONDO", "PRIORIDAD": "Alto", "AMENAZA": "Alto", "FX2": "20220121_FX2_PM1_BB_R-SAN ALBERTO_PK005+272_VB", "LATITUD": 7.724296, "LONGITUD": -73.465038 }, "geometry": { "type": "Point", "coordinates": [ -73.465038, 7.724296, 0.0 ] } },
{ "type": "Feature", "properties": { "DEPTO": "(SANTANDER)", "MUNICIPIO": "BARRANCABERMEJA", "VEREDA": "SAN SILVESTRE", "GASODUCTO": "BALLENA - BARRANCABERMEJA", "TRAMO": "San Alberto - Barrancabermeja", "TP_DUCTO": "Troncal", "DISTRITO": "1", "PK_PAT": "572128", "TP_EVENTO": "REPTACION", "PRIORIDAD": "Medio", "AMENAZA": "Medio", "FX2": "20220614_FX2_C01_COR_S ALB-BARRAN_PK572+128_VB", "LATITUD": 7.1303800000000592, "LONGITUD": -73.834642 }, "geometry": { "type": "Point", "coordinates": [ -73.834642, 7.13038, 0.0 ] } },
{ "type": "Feature", "properties": { "DEPTO": "(CUNDINAMARCA)", "MUNICIPIO": "GUAYABETAL", "VEREDA": "JABONERAS", "GASODUCTO": "CUSIANA - APIAY - USME", "TRAMO": "Villavicencio - Usme", "TP_DUCTO": "Troncal", "DISTRITO": "4", "PK_PAT": "67893", "TP_EVENTO": "REPTACION", "PRIORIDAD": "Alto", "AMENAZA": "Alto", "FX2": "20221205_FX2_C06_CAU_VILLAV-USME_PK067+928_VB", "LATITUD": 4.244781, "LONGITUD": -73.842578 }, "geometry": { "type": "Point", "coordinates": [ -73.842578, 4.244781, 0.0 ] } },
{ "type": "Feature", "properties": { "DEPTO": "(CASANARE)", "MUNICIPIO": "AGUAZUL", "VEREDA": "RIO CHIQUITO", "GASODUCTO": "CUSIANA - APIAY - USME", "TRAMO": "Aguazul", "TP_DUCTO": "Ramal", "DISTRITO": "4", "PK_PAT": "12888", "TP_EVENTO": "CARCAVAS", "PRIORIDAD": "Bajo", "AMENAZA": "Bajo", "FX2": "20210915_FX2_C04_CAU_R-AGUAZUL_PK012+888 al PK13+143_VB", "LATITUD": 5.0579030000000671, "LONGITUD": -72.629751 }, "geometry": { "type": "Point", "coordinates": [ -72.629751, 5.057903, 0.0 ] } },
{ "type": "Feature", "properties": { "DEPTO": "(SANTANDER)", "MUNICIPIO": "JESÚS MARÍA", "VEREDA": "CRISTALES", "GASODUCTO": "PORVENIR - LA BELLEZA", "TRAMO": "Sutamarchan - La Belleza", "TP_DUCTO": "Troncal", "DISTRITO": "5", "PK_PAT": "168503", "TP_EVENTO": "OTRO", "PRIORIDAD": "Bajo", "AMENAZA": "Bajo", "FX2": "20240124_FX2_C05_PB_SUT-BELL_PK200+972_(PK168+503)_VA", "LATITUD": 5.8311580000000731, "LONGITUD": -73.809543 }, "geometry": { "type": "Point", "coordinates": [ -73.809543, 5.831158, 0.0 ] } },
{ "type": "Feature", "properties": { "DEPTO": "(BOYACÁ)", "MUNICIPIO": "VILLA DE LEYVA", "VEREDA": "RITOQUE", "GASODUCTO": "PORVENIR - LA BELLEZA", "TRAMO": "Villa de Leyva", "TP_DUCTO": "Ramal", "DISTRITO": "5", "PK_PAT": "313", "TP_EVENTO": "SURCOS", "PRIORIDAD": "Alto", "AMENAZA": "Alto", "FX2": "20210405_FX2_C04_PB_R-VILLA LEY_PK000+313_VB", "LATITUD": 5.614384, "LONGITUD": -73.543222 }, "geometry": { "type": "Point", "coordinates": [ -73.543222, 5.614384, 0.0 ] } },
{ "type": "Feature", "properties": { "DEPTO": "(RISARALDA)", "MUNICIPIO": "SANTA ROSA DE CABAL", "VEREDA": "GUAMAL", "GASODUCTO": "MARIQUITA - CALI", "TRAMO": "Santa Rosa de Cabal", "TP_DUCTO": "Ramal", "DISTRITO": "7", "PK_PAT": "9290", "TP_EVENTO": "DESLIZAMIENTO TRASLACIONAL", "PRIORIDAD": "Alto", "AMENAZA": "Alto", "FX2": "20211013_FX2_C07_MC_R-S ROSA CAB_PK009+090_VB", "LATITUD": 4.9113610000000563, "LONGITUD": -75.628194 }, "geometry": { "type": "Point", "coordinates": [ -75.628194, 4.911361, 0.0 ] } },
{ "type": "Feature", "properties": { "DEPTO": "(RISARALDA)", "MUNICIPIO": "SANTA ROSA DE CABAL", "VEREDA": "ÁREA URBANA", "GASODUCTO": "MARIQUITA - CALI", "TRAMO": "Santa Rosa de Cabal", "TP_DUCTO": "Ramal", "DISTRITO": "7", "PK_PAT": "10244", "TP_EVENTO": "SOCAVACIÓN DE FONDO", "PRIORIDAD": "Medio", "AMENAZA": "Medio", "FX2": "20220406_FX2_C07_MC_R-S ROSA CAB_PK010+244_VA", "LATITUD": 4.901778, "LONGITUD": -75.629111 }, "geometry": { "type": "Point", "coordinates": [ -75.629111, 4.901778, 0.0 ] } },
{ "type": "Feature", "properties": { "DEPTO": "(RISARALDA)", "MUNICIPIO": "MARSELLA", "VEREDA": "LA ARGENTINA", "GASODUCTO": "MARIQUITA - CALI", "TRAMO": "Marsella - Obando", "TP_DUCTO": "Troncal", "DISTRITO": "7", "PK_PAT": "142925", "TP_EVENTO": "CARCAVAS", "PRIORIDAD": "Medio", "AMENAZA": "Medio", "FX2": "20240314_FX2_C07_MC_MARS-OBAND_PK142+925_VA", "LATITUD": 4.924861, "LONGITUD": -75.799333 }, "geometry": { "type": "Point", "coordinates": [ -75.799333, 4.924861, 0.0 ] } },
{ "type": "Feature", "properties": { "DEPTO": "(QUINDIO)", "MUNICIPIO": "LA TEBAIDA", "VEREDA": "ALAMBRADO", "GASODUCTO": "MARIQUITA - CALI", "TRAMO": "Armenia", "TP_DUCTO": "Ramal", "DISTRITO": "7", "PK_PAT": "25470", "TP_EVENTO": "OTRO", "PRIORIDAD": "Alto", "AMENAZA": "Alto", "FX2": "20231214_FX2_C08_MC_R-ARM_PK025+470_VA", "LATITUD": 4.4378330000000688, "LONGITUD": -75.875833 }, "geometry": { "type": "Point", "coordinates": [ -75.875833, 4.437833, 0.0 ] } },
{ "type": "Feature", "properties": { "DEPTO": "(BOYACÁ)", "MUNICIPIO": "PUERTO BOYACÁ", "VEREDA": "LAS QUINCHAS", "GASODUCTO": "CENTRO - ORIENTE", "TRAMO": "La Belleza - Vasconia", "TP_DUCTO": "Loop", "DISTRITO": "1", "PK_PAT": "45917", "TP_EVENTO": "FLUJOS", "PRIORIDAD": "Alto", "AMENAZA": "Extremo", "FX2": "20231115_FX2_C03_COR_BELL-VASC_PK231+800 (045+917)_VC", "LATITUD": 5.8076805600000512, "LONGITUD": -74.26498332999995 }, "geometry": { "type": "Point", "coordinates": [ -74.26498332999995, 5.807680560000051, 0.0 ] } },
{ "type": "Feature", "properties": { "DEPTO": "(BOYACÁ)", "MUNICIPIO": "PUERTO BOYACÁ", "VEREDA": "LA PIZARRA", "GASODUCTO": "CENTRO - ORIENTE", "TRAMO": "La Belleza - Vasconia", "TP_DUCTO": "Troncal", "DISTRITO": "1", "PK_PAT": "291230", "TP_EVENTO": "CARCAVAS", "PRIORIDAD": "Alto", "AMENAZA": "Extremo", "FX2": "20210724_FX2_C03_COR_BELL-VASC_PK254+400_VB", "LATITUD": 5.906466670000043, "LONGITUD": -74.400691669999958 }, "geometry": { "type": "Point", "coordinates": [ -74.400691669999958, 5.906466670000043, 0.0 ] } },
{ "type": "Feature", "properties": { "DEPTO": "(BOYACÁ)", "MUNICIPIO": "MONIQUIRÁ", "VEREDA": "CANOAS Y SAN RAFAEL", "GASODUCTO": "BOYACA - SANTANDER", "TRAMO": "Otero - Santana", "TP_DUCTO": "Troncal", "DISTRITO": "5", "PK_PAT": "20959", "TP_EVENTO": "SOCAVACIÓN LATERAL", "PRIORIDAD": "Alto", "AMENAZA": "Alto", "FX2": "20230413_FX2_C05_GBS_OTERO-SANT_PK021+150_VB", "LATITUD": 5.9372777800000449, "LONGITUD": -73.602861109999935 }, "geometry": { "type": "Point", "coordinates": [ -73.602861109999935, 5.937277780000045, 0.0 ] } },
{ "type": "Feature", "properties": { "DEPTO": "(BOYACÁ)", "MUNICIPIO": "SAMACÁ", "VEREDA": "GACAL", "GASODUCTO": "PORVENIR - LA BELLEZA", "TRAMO": "Miraflores - Sutamarchan", "TP_DUCTO": "Troncal", "DISTRITO": "5", "PK_PAT": "135824", "TP_EVENTO": "REPTACION", "PRIORIDAD": "Bajo", "AMENAZA": "Bajo", "FX2": "20230825_FX2_C04_PB_MIRAF-SUT_PK135+835_(PK102+788)_VC", "LATITUD": 5.4654, "LONGITUD": -73.4511 }, "geometry": { "type": "Point", "coordinates": [ -73.4511, 5.4654, 0.0 ] } },
{ "type": "Feature", "properties": { "DEPTO": "(TOLIMA)", "MUNICIPIO": "HERVEO", "VEREDA": "TORRE VEINTE", "GASODUCTO": "MARIQUITA - CALI", "TRAMO": "Mariquita - Letras", "TP_DUCTO": "Troncal", "DISTRITO": "7", "PK_PAT": "53800", "TP_EVENTO": "SOCAVACIÓN LATERAL", "PRIORIDAD": "Alto", "AMENAZA": "Alto", "FX2": "20210907_FX2_C07_MC_MAR-LET_PK053+800_VA", "LATITUD": 5.0909583300000349, "LONGITUD": -75.249855559999958 }, "geometry": { "type": "Point", "coordinates": [ -75.249855559999958, 5.090958330000035, 0.0 ] } },
{ "type": "Feature", "properties": { "DEPTO": "(VALLE DEL CAUCA)", "MUNICIPIO": "ZARZAL", "VEREDA": "QUEBRADA NUEVA", "GASODUCTO": "MARIQUITA - CALI", "TRAMO": "Armenia", "TP_DUCTO": "Ramal", "DISTRITO": "7", "PK_PAT": "13750", "TP_EVENTO": "DESLIZAMIENTO TRASLACIONAL", "PRIORIDAD": "Medio", "AMENAZA": "Medio", "FX2": "20210713_FX2_C08_MC_R-ARM_PK013+700_VA", "LATITUD": 4.3942500000000564, "LONGITUD": -75.948444439999946 }, "geometry": { "type": "Point", "coordinates": [ -75.948444439999946, 4.39425, 0.0 ] } },
{ "type": "Feature", "properties": { "DEPTO": "(BOYACÁ)", "MUNICIPIO": "SAMACÁ", "VEREDA": "GUANTOQUE", "GASODUCTO": "PORVENIR - LA BELLEZA", "TRAMO": "Miraflores - Sutamarchan", "TP_DUCTO": "Troncal", "DISTRITO": "5", "PK_PAT": "136515", "TP_EVENTO": "OTRO", "PRIORIDAD": "Medio", "AMENAZA": "Medio", "FX2": "20240113_FX2_C04_PB_MIRAF-SUT_PK136+516_(PK103+493)_VA", "LATITUD": 5.470645, "LONGITUD": -73.454385 }, "geometry": { "type": "Point", "coordinates": [ -73.454385, 5.470645, 0.0 ] } },
{ "type": "Feature", "properties": { "DEPTO": "(CALDAS)", "MUNICIPIO": "MANIZALES", "VEREDA": "LA ENEA PARTE", "GASODUCTO": "MARIQUITA - CALI", "TRAMO": "Letras - Marsella", "TP_DUCTO": "Troncal", "DISTRITO": "7", "PK_PAT": "79290", "TP_EVENTO": "REPTACION", "PRIORIDAD": "Bajo", "AMENAZA": "Bajo", "FX2": "20210304_FX2_C07_MC_LET-MARS_PK079+290_V1", "LATITUD": 5.0318, "LONGITUD": -75.4266 }, "geometry": { "type": "Point", "coordinates": [ -75.4266, 5.0318, 0.0 ] } },
{ "type": "Feature", "properties": { "DEPTO": "(SANTANDER)", "MUNICIPIO": "SIMACOTA", "VEREDA": "PULPAPEL", "GASODUCTO": "CENTRO - ORIENTE", "TRAMO": "Barrancabermeja - Sebastopol", "TP_DUCTO": "Troncal", "DISTRITO": "1", "PK_PAT": "45379", "TP_EVENTO": "SOCAVACIÓN DE FONDO", "PRIORIDAD": "Alto", "AMENAZA": "Alto", "FX2": "20210317_FX2_C01_COR_BARRANC-SEB_PK045+379__PK045+564VB", "LATITUD": 6.7769940000000588, "LONGITUD": -73.924175 }, "geometry": { "type": "Point", "coordinates": [ -73.924175, 6.776994, 0.0 ] } },
{ "type": "Feature", "properties": { "DEPTO": "(CALDAS)", "MUNICIPIO": "MANIZALES", "VEREDA": "SANTA RITA", "GASODUCTO": "MARIQUITA - CALI", "TRAMO": "Neira", "TP_DUCTO": "Ramal", "DISTRITO": "7", "PK_PAT": "16850", "TP_EVENTO": "DESLIZAMIENTO TRASLACIONAL", "PRIORIDAD": "Alto", "AMENAZA": "Alto", "FX2": "20210323_FX2_C07_MC_R-NEIRA_PK016+850_VB", "LATITUD": 5.13796, "LONGITUD": -75.48596 }, "geometry": { "type": "Point", "coordinates": [ -75.48596, 5.13796, 0.0 ] } },
{ "type": "Feature", "properties": { "DEPTO": "(BOYACÁ)", "MUNICIPIO": "CHIQUINQUIRÁ", "VEREDA": "CASABLANCA", "GASODUCTO": "CENTRO - ORIENTE", "TRAMO": "Puente Guillermo - Sucre Oriental", "TP_DUCTO": "Troncal", "DISTRITO": "3", "PK_PAT": "27572", "TP_EVENTO": "SURCOS", "PRIORIDAD": "Alto", "AMENAZA": "Medio", "FX2": "20210407_FX2_C03_COR_PTE_GUI-SUCREO_PK027+572_VB", "LATITUD": 5.6275000000000546, "LONGITUD": -73.7989 }, "geometry": { "type": "Point", "coordinates": [ -73.7989, 5.6275, 0.0 ] } },
{ "type": "Feature", "properties": { "DEPTO": "(CUNDINAMARCA)", "MUNICIPIO": "PUERTO SALGAR", "VEREDA": "SAN CAYETANO", "GASODUCTO": "CENTRO - ORIENTE", "TRAMO": "Vasconia - Puerto Salgar", "TP_DUCTO": "Troncal", "DISTRITO": "1", "PK_PAT": "226095", "TP_EVENTO": "SOCAVACIÓN LATERAL", "PRIORIDAD": "Alto", "AMENAZA": "Extremo", "FX2": "20210413_FX2_COR_VASC-PTO-SALG_PK226+095_VB", "LATITUD": 5.6382630000000518, "LONGITUD": -74.621227 }, "geometry": { "type": "Point", "coordinates": [ -74.621227, 5.638263, 0.0 ] } },
{ "type": "Feature", "properties": { "DEPTO": "(BOYACÁ)", "MUNICIPIO": "OTANCHE", "VEREDA": "ALTAZOR", "GASODUCTO": "CENTRO - ORIENTE", "TRAMO": "La Belleza - Vasconia", "TP_DUCTO": "Troncal", "DISTRITO": "1", "PK_PAT": "248910", "TP_EVENTO": "DESLIZAMIENTO TRASLACIONAL", "PRIORIDAD": "Alto", "AMENAZA": "Alto", "FX2": "20210324_FX2_C05_COR_BELL-VASC_PK214+360_VB", "LATITUD": 5.8167750000000638, "LONGITUD": -74.138984 }, "geometry": { "type": "Point", "coordinates": [ -74.138984, 5.816775, 0.0 ] } },
{ "type": "Feature", "properties": { "DEPTO": "(BOYACÁ)", "MUNICIPIO": "BRICEÑO", "VEREDA": "TARPEYA", "GASODUCTO": "CENTRO - ORIENTE", "TRAMO": "PK17+500 - Sucre Oriental", "TP_DUCTO": "Troncal", "DISTRITO": "3", "PK_PAT": "21050", "TP_EVENTO": "REPTACION", "PRIORIDAD": "Alto", "AMENAZA": "Alto", "FX2": "20210505_FX2_C04_COR_17+500-SUCREO_PK021+050_VD", "LATITUD": 5.6964100000000712, "LONGITUD": -73.926763 }, "geometry": { "type": "Point", "coordinates": [ -73.926763, 5.69641, 0.0 ] } },
{ "type": "Feature", "properties": { "DEPTO": "(VALLE DEL CAUCA)", "MUNICIPIO": "CAICEDONIA", "VEREDA": "MONTEGRANDE", "GASODUCTO": "MARIQUITA - CALI", "TRAMO": "Caicedonia", "TP_DUCTO": "Ramal", "DISTRITO": "8", "PK_PAT": "10200", "TP_EVENTO": "OTRO", "PRIORIDAD": "Medio", "AMENAZA": "Medio", "FX2": "20210407_FX2_C08_MC_R-CAICEDONIA_PK010+200_VB", "LATITUD": 4.3553400000000693, "LONGITUD": -75.84885 }, "geometry": { "type": "Point", "coordinates": [ -75.84885, 4.35534, 0.0 ] } },
{ "type": "Feature", "properties": { "DEPTO": "(VALLE DEL CAUCA)", "MUNICIPIO": "ZARZAL", "VEREDA": "ÁREA URBANA", "GASODUCTO": "MARIQUITA - CALI", "TRAMO": "Zarzal", "TP_DUCTO": "Ramal", "DISTRITO": "8", "PK_PAT": "630", "TP_EVENTO": "OTRO", "PRIORIDAD": "Alto", "AMENAZA": "Alto", "FX2": "20210407_FX2_C08_MC_R-ZARZAL_PK000+630_VB", "LATITUD": 4.38982, "LONGITUD": -76.062014 }, "geometry": { "type": "Point", "coordinates": [ -76.062014, 4.38982, 0.0 ] } },
{ "type": "Feature", "properties": { "DEPTO": "(TOLIMA)", "MUNICIPIO": "LÍBANO", "VEREDA": "CORALITO", "GASODUCTO": "CENTRO - ORIENTE", "TRAMO": "Libano", "TP_DUCTO": "Ramal", "DISTRITO": "2", "PK_PAT": "17290", "TP_EVENTO": "OTRO", "PRIORIDAD": "Medio", "AMENAZA": "Medio", "FX2": "20210413_FX2_C02_COR_R-LIBANO_PK017+210_VB", "LATITUD": 4.897205, "LONGITUD": -75.023437 }, "geometry": { "type": "Point", "coordinates": [ -75.023437, 4.897205, 0.0 ] } },
{ "type": "Feature", "properties": { "DEPTO": "(TOLIMA)", "MUNICIPIO": "LÉRIDA", "VEREDA": "ALTO DEL SOL", "GASODUCTO": "CENTRO - ORIENTE", "TRAMO": "Libano", "TP_DUCTO": "Ramal", "DISTRITO": "2", "PK_PAT": "6463", "TP_EVENTO": "SOCAVACIÓN DE FONDO", "PRIORIDAD": "Alto", "AMENAZA": "Alto", "FX2": "20210414_FX2_C02_COR_R-LIBANO_PK006+463_VB", "LATITUD": 4.8481620000000589, "LONGITUD": -74.965968 }, "geometry": { "type": "Point", "coordinates": [ -74.965968, 4.848162, 0.0 ] } },
{ "type": "Feature", "properties": { "DEPTO": "(BOYACÁ)", "MUNICIPIO": "BRICEÑO", "VEREDA": "TARPEYA", "GASODUCTO": "CENTRO - ORIENTE", "TRAMO": "PK17+500 - Sucre Oriental", "TP_DUCTO": "Troncal", "DISTRITO": "3", "PK_PAT": "21660", "TP_EVENTO": "DESLIZAMIENTO TRASLACIONAL", "PRIORIDAD": "Medio", "AMENAZA": "Medio", "FX2": "20210505_FX2_C04_COR_17+500-SUCREO_PK021+660_VB", "LATITUD": 5.692214, "LONGITUD": -73.928123 }, "geometry": { "type": "Point", "coordinates": [ -73.928123, 5.692214, 0.0 ] } },
{ "type": "Feature", "properties": { "DEPTO": "(BOYACÁ)", "MUNICIPIO": "BRICEÑO", "VEREDA": "TARPEYA", "GASODUCTO": "CENTRO - ORIENTE", "TRAMO": "PK17+500 - Sucre Oriental", "TP_DUCTO": "Troncal", "DISTRITO": "3", "PK_PAT": "21190", "TP_EVENTO": "CARCAVAS", "PRIORIDAD": "Alto", "AMENAZA": "Alto", "FX2": "20210521_FX2_C03_COR_17+500-SUCREO_PK021+190_VB", "LATITUD": 5.6954348100000516, "LONGITUD": -73.927211409999984 }, "geometry": { "type": "Point", "coordinates": [ -73.927211409999984, 5.695434810000052, 0.0 ] } },
{ "type": "Feature", "properties": { "DEPTO": "(RISARALDA)", "MUNICIPIO": "BALBOA", "VEREDA": "LA CANCHA ALTA", "GASODUCTO": "MARIQUITA - CALI", "TRAMO": "La Celia", "TP_DUCTO": "Ramal", "DISTRITO": "7", "PK_PAT": "3850", "TP_EVENTO": "DESLIZAMIENTO TRASLACIONAL", "PRIORIDAD": "Medio", "AMENAZA": "Medio", "FX2": "20210618_FX2_C07_MC_R-LA_CELIA_PK003+850_VA", "LATITUD": 4.9037700000000655, "LONGITUD": -75.94041 }, "geometry": { "type": "Point", "coordinates": [ -75.94041, 4.90377, 0.0 ] } },
{ "type": "Feature", "properties": { "DEPTO": "(RISARALDA)", "MUNICIPIO": "BALBOA", "VEREDA": "CHUZCAL", "GASODUCTO": "MARIQUITA - CALI", "TRAMO": "La Celia", "TP_DUCTO": "Ramal", "DISTRITO": "7", "PK_PAT": "10650", "TP_EVENTO": "DESLIZAMIENTO TRASLACIONAL", "PRIORIDAD": "Bajo", "AMENAZA": "Bajo", "FX2": "20210618_FX2_C07_MC_R-LA_CELIA_PK010+650_VA", "LATITUD": 4.9418145, "LONGITUD": -75.962476 }, "geometry": { "type": "Point", "coordinates": [ -75.962476, 4.941814500000021, 0.0 ] } },
{ "type": "Feature", "properties": { "DEPTO": "(CESAR)", "MUNICIPIO": "LA GLORIA", "VEREDA": "SIN INFORMACION", "GASODUCTO": "BALLENA - BARRANCABERMEJA", "TRAMO": "La Gloria", "TP_DUCTO": "Ramal", "DISTRITO": "6", "PK_PAT": "7860", "TP_EVENTO": "OTRO", "PRIORIDAD": "Alto", "AMENAZA": "Alto", "FX2": "20220504_FX2_PM1_BB_R-LA GLORIA_PK007+860_VB", "LATITUD": 8.63178, "LONGITUD": -73.74439 }, "geometry": { "type": "Point", "coordinates": [ -73.74439, 8.63178, 0.0 ] } },
{ "type": "Feature", "properties": { "DEPTO": "(RISARALDA)", "MUNICIPIO": "MARSELLA", "VEREDA": "BELTRAN", "GASODUCTO": "MARIQUITA - CALI", "TRAMO": "Letras - Marsella", "TP_DUCTO": "Troncal", "DISTRITO": "7", "PK_PAT": "134370", "TP_EVENTO": "DESLIZAMIENTO TRASLACIONAL", "PRIORIDAD": "Medio", "AMENAZA": "Medio", "FX2": "20210624_FX2_C07_MC_LET-MARS_PK134+370_VA", "LATITUD": 4.987517, "LONGITUD": -75.77317 }, "geometry": { "type": "Point", "coordinates": [ -75.77317, 4.987517, 0.0 ] } },
{ "type": "Feature", "properties": { "DEPTO": "(LA GUAJIRA)", "MUNICIPIO": "RIOHACHA", "VEREDA": "RESGUARDO INDÍGENA WAYUU", "GASODUCTO": "BALLENA - BARRANCABERMEJA", "TRAMO": "Ballenas - Hato Nuevo", "TP_DUCTO": "Troncal", "DISTRITO": "6", "PK_PAT": "35520", "TP_EVENTO": "CARCAVAS", "PRIORIDAD": "Alto", "AMENAZA": "Extremo", "FX2": "20210628_FX2_PM1_BB_BALL-HATO_PK035+802_VB", "LATITUD": 11.386797, "LONGITUD": -72.644084 }, "geometry": { "type": "Point", "coordinates": [ -72.644084, 11.386797, 0.0 ] } },
{ "type": "Feature", "properties": { "DEPTO": "(VALLE DEL CAUCA)", "MUNICIPIO": "ZARZAL", "VEREDA": "QUEBRADA NUEVA", "GASODUCTO": "MARIQUITA - CALI", "TRAMO": "Loop - Ramal Armenia", "TP_DUCTO": "Loop", "DISTRITO": "7", "PK_PAT": "13850", "TP_EVENTO": "DESLIZAMIENTO TRASLACIONAL", "PRIORIDAD": "Medio", "AMENAZA": "Medio", "FX2": "20210713_FX2_C08_MC_R-ARMENIA(L)_PK013+850_VB", "LATITUD": 4.3944970000000581, "LONGITUD": -75.947238 }, "geometry": { "type": "Point", "coordinates": [ -75.947238, 4.394497, 0.0 ] } },
{ "type": "Feature", "properties": { "DEPTO": "(BOYACÁ)", "MUNICIPIO": "PÁEZ", "VEREDA": "PARAISO", "GASODUCTO": "CUSIANA - PORVENIR", "TRAMO": "Cusiana - Miraflores", "TP_DUCTO": "Troncal", "DISTRITO": "5", "PK_PAT": "19824", "TP_EVENTO": "CARCAVAS", "PRIORIDAD": "Alto", "AMENAZA": "Alto", "FX2": "20210728_FX2_C04_CP_CUS-MIRAF_PK019+824_VB", "LATITUD": 5.0253750000000537, "LONGITUD": -72.97872 }, "geometry": { "type": "Point", "coordinates": [ -72.97872, 5.025375, 0.0 ] } },
{ "type": "Feature", "properties": { "DEPTO": "(SANTANDER)", "MUNICIPIO": "BARBOSA", "VEREDA": "SANTA ROSA", "GASODUCTO": "BOYACA - SANTANDER", "TRAMO": "Otero - Santana", "TP_DUCTO": "Troncal", "DISTRITO": "5", "PK_PAT": "28209", "TP_EVENTO": "REPTACION", "PRIORIDAD": "Alto", "AMENAZA": "Extremo", "FX2": "20210805_FX2_C05_GBS_OTERO-SANT_PK028+209_VC", "LATITUD": 5.994, "LONGITUD": -73.5904 }, "geometry": { "type": "Point", "coordinates": [ -73.5904, 5.994, 0.0 ] } },
{ "type": "Feature", "properties": { "DEPTO": "(RISARALDA)", "MUNICIPIO": "BALBOA", "VEREDA": "LA CANCHA ALTA", "GASODUCTO": "MARIQUITA - CALI", "TRAMO": "La Celia", "TP_DUCTO": "Ramal", "DISTRITO": "7", "PK_PAT": "6950", "TP_EVENTO": "DESLIZAMIENTO TRASLACIONAL", "PRIORIDAD": "Bajo", "AMENAZA": "Bajo", "FX2": "20210618_FX2_C07_MC_R-LA_CELIA_PK006+950_VB", "LATITUD": 4.920915, "LONGITUD": -75.954514 }, "geometry": { "type": "Point", "coordinates": [ -75.954514, 4.920915, 0.0 ] } },
{ "type": "Feature", "properties": { "DEPTO": "(BOYACÁ)", "MUNICIPIO": "PUERTO BOYACÁ", "VEREDA": "CALDERON", "GASODUCTO": "CENTRO - ORIENTE", "TRAMO": "Puerto Romero - Vasconia", "TP_DUCTO": "Loop", "DISTRITO": "1", "PK_PAT": "16640", "TP_EVENTO": "CARCAVAS", "PRIORIDAD": "Alto", "AMENAZA": "Medio", "FX2": "20210916_FX2_C03_C0R_PTO ROM-VASC_PK016+640_VB", "LATITUD": 6.0258033000001, "LONGITUD": -74.5244317 }, "geometry": { "type": "Point", "coordinates": [ -74.52443169999998, 6.025803300000064, 0.0 ] } },
{ "type": "Feature", "properties": { "DEPTO": "(TOLIMA)", "MUNICIPIO": "HERVEO", "VEREDA": "DELGADITAS", "GASODUCTO": "MARIQUITA - CALI", "TRAMO": "Mariquita - Letras", "TP_DUCTO": "Troncal", "DISTRITO": "7", "PK_PAT": "53675", "TP_EVENTO": "CARCAVAS", "PRIORIDAD": "Medio", "AMENAZA": "Medio", "FX2": "20210907_FX2_C07_MC_MAR-LET_PK053+675_VA", "LATITUD": 5.0913454, "LONGITUD": -75.2497244 }, "geometry": { "type": "Point", "coordinates": [ -75.249724399999934, 5.091345400000023, 0.0 ] } },
{ "type": "Feature", "properties": { "DEPTO": "(BOYACÁ)", "MUNICIPIO": "PÁEZ", "VEREDA": "PARAISO", "GASODUCTO": "CUSIANA - PORVENIR", "TRAMO": "Cusiana - Miraflores", "TP_DUCTO": "Troncal", "DISTRITO": "5", "PK_PAT": "19592", "TP_EVENTO": "CARCAVAS", "PRIORIDAD": "Alto", "AMENAZA": "Alto", "FX2": "20210728_FX2_C04_CP_CUS-MIRAF_PK019+592_VB", "LATITUD": 5.0238000000000511, "LONGITUD": -72.977667 }, "geometry": { "type": "Point", "coordinates": [ -72.977667, 5.0238, 0.0 ] } },
{ "type": "Feature", "properties": { "DEPTO": "(RISARALDA)", "MUNICIPIO": "MARSELLA", "VEREDA": "BELTRAN", "GASODUCTO": "MARIQUITA - CALI", "TRAMO": "Letras - Marsella", "TP_DUCTO": "Troncal", "DISTRITO": "7", "PK_PAT": "134840", "TP_EVENTO": "DESLIZAMIENTO TRASLACIONAL", "PRIORIDAD": "Alto", "AMENAZA": "Alto", "FX2": "20231004_FX2_C07_MC_LET-MARS_PK134+840_VB", "LATITUD": 4.9841183, "LONGITUD": -75.7755949 }, "geometry": { "type": "Point", "coordinates": [ -75.775594899999987, 4.984118300000034, 0.0 ] } },
{ "type": "Feature", "properties": { "DEPTO": "(CALDAS)", "MUNICIPIO": "MANZANARES", "VEREDA": "EL ALISO", "GASODUCTO": "MARIQUITA - CALI", "TRAMO": "Manzanares", "TP_DUCTO": "Ramal", "DISTRITO": "7", "PK_PAT": "11948", "TP_EVENTO": "DESLIZAMIENTO TRASLACIONAL", "PRIORIDAD": "Alto", "AMENAZA": "Alto", "FX2": "20210803_FX2_C07_MC_R-MANZAN_PK011+948_VA", "LATITUD": 5.2396000000000527, "LONGITUD": -75.0985 }, "geometry": { "type": "Point", "coordinates": [ -75.0985, 5.2396, 0.0 ] } },
{ "type": "Feature", "properties": { "DEPTO": "(BOYACÁ)", "MUNICIPIO": "PUERTO BOYACÁ", "VEREDA": "MARANAL", "GASODUCTO": "CENTRO - ORIENTE", "TRAMO": "Vasconia - Puerto Salgar", "TP_DUCTO": "Troncal", "DISTRITO": "1", "PK_PAT": "210409", "TP_EVENTO": "SOCAVACIÓN DE FONDO", "PRIORIDAD": "Alto", "AMENAZA": "Alto", "FX2": "20211015_FX2_C01_C0R_VASC-PTO SALG_PK210+409_VB", "LATITUD": 5.7712250000000722, "LONGITUD": -74.636563 }, "geometry": { "type": "Point", "coordinates": [ -74.636563, 5.771225, 0.0 ] } },
{ "type": "Feature", "properties": { "DEPTO": "(BOYACÁ)", "MUNICIPIO": "PUERTO BOYACÁ", "VEREDA": "CALDERON", "GASODUCTO": "CENTRO - ORIENTE", "TRAMO": "Puerto Romero - Vasconia", "TP_DUCTO": "Loop", "DISTRITO": "1", "PK_PAT": "15515", "TP_EVENTO": "SURCOS", "PRIORIDAD": "Alto", "AMENAZA": "Alto", "FX2": "20210916_FX2_C03_C0R_PTO ROM-VASC_PK015+400_VB", "LATITUD": 6.01825, "LONGITUD": -74.51774 }, "geometry": { "type": "Point", "coordinates": [ -74.51774, 6.01825, 0.0 ] } },
{ "type": "Feature", "properties": { "DEPTO": "(BOYACÁ)", "MUNICIPIO": "TUNUNGUÁ", "VEREDA": "VIJAGUAL", "GASODUCTO": "CENTRO - ORIENTE", "TRAMO": "Albania", "TP_DUCTO": "Ramal", "DISTRITO": "3", "PK_PAT": "1068", "TP_EVENTO": "SOCAVACIÓN LATERAL", "PRIORIDAD": "Alto", "AMENAZA": "Alto", "FX2": "20210901_FX2_C03_COR_R-ALBANIA_PK001+068_VB", "LATITUD": 5.7353533, "LONGITUD": -73.9224317 }, "geometry": { "type": "Point", "coordinates": [ -73.922431699999947, 5.735353300000043, 0.0 ] } },
{ "type": "Feature", "properties": { "DEPTO": "(VALLE DEL CAUCA)", "MUNICIPIO": "LA VICTORIA", "VEREDA": "DAVILA", "GASODUCTO": "MARIQUITA - CALI", "TRAMO": "Loop - Ramal Armenia", "TP_DUCTO": "Loop", "DISTRITO": "7", "PK_PAT": "15920", "TP_EVENTO": "FLUJOS", "PRIORIDAD": "Bajo", "AMENAZA": "Bajo", "FX2": "20210714_FX2_C08_MC_R-ARMENIA(L)_PK015+920_VA", "LATITUD": 4.404182, "LONGITUD": -75.934503 }, "geometry": { "type": "Point", "coordinates": [ -75.934503, 4.404182, 0.0 ] } },
{ "type": "Feature", "properties": { "DEPTO": "(VALLE DEL CAUCA)", "MUNICIPIO": "LA VICTORIA", "VEREDA": "DAVILA", "GASODUCTO": "MARIQUITA - CALI", "TRAMO": "Armenia", "TP_DUCTO": "Ramal", "DISTRITO": "7", "PK_PAT": "16500", "TP_EVENTO": "DESLIZAMIENTO TRASLACIONAL", "PRIORIDAD": "Medio", "AMENAZA": "Medio", "FX2": "20210714_FX2_C08_MC_R-ARM_PK016+500_VA", "LATITUD": 4.4036150000000589, "LONGITUD": -75.930785 }, "geometry": { "type": "Point", "coordinates": [ -75.930785, 4.403615, 0.0 ] } },
{ "type": "Feature", "properties": { "DEPTO": "(RISARALDA)", "MUNICIPIO": "MARSELLA", "VEREDA": "COROZAL", "GASODUCTO": "MARIQUITA - CALI", "TRAMO": "Marsella", "TP_DUCTO": "Ramal", "DISTRITO": "7", "PK_PAT": "4065", "TP_EVENTO": "DESLIZAMIENTO TRASLACIONAL", "PRIORIDAD": "Alto", "AMENAZA": "Alto", "FX2": "20211030_FX2_C07_MC_R-MARSELLA_PK004+065_VB", "LATITUD": 4.9532, "LONGITUD": -75.7652 }, "geometry": { "type": "Point", "coordinates": [ -75.7652, 4.9532, 0.0 ] } },
{ "type": "Feature", "properties": { "DEPTO": "(SANTANDER)", "MUNICIPIO": "LA BELLEZA", "VEREDA": "LA PLAYA", "GASODUCTO": "CENTRO - ORIENTE", "TRAMO": "La Belleza - Vasconia", "TP_DUCTO": "Troncal", "DISTRITO": "3", "PK_PAT": "228282", "TP_EVENTO": "SURCOS", "PRIORIDAD": "Alto", "AMENAZA": "Extremo", "FX2": "20211027_FX2_C03_COR_BELL-VASC_PK194+200 (228+350)_VD", "LATITUD": 5.8332280000000765, "LONGITUD": -74.006686 }, "geometry": { "type": "Point", "coordinates": [ -74.006686, 5.833228, 0.0 ] } },
{ "type": "Feature", "properties": { "DEPTO": "(HUILA)", "MUNICIPIO": "AIPE", "VEREDA": "RIO AIPE", "GASODUCTO": "CENTRO - ORIENTE", "TRAMO": "Guasimal - Dina", "TP_DUCTO": "Troncal", "DISTRITO": "2", "PK_PAT": "538458", "TP_EVENTO": "OTRO", "PRIORIDAD": "Bajo", "AMENAZA": "Bajo", "FX2": "20211104_FX2_C02_COR_GUAS-DINA_PK535+194_VA", "LATITUD": 3.2965620000000513, "LONGITUD": -75.246013 }, "geometry": { "type": "Point", "coordinates": [ -75.246013, 3.296562, 0.0 ] } },
{ "type": "Feature", "properties": { "DEPTO": "(BOYACÁ)", "MUNICIPIO": "OTANCHE", "VEREDA": "CAMILO", "GASODUCTO": "CENTRO - ORIENTE", "TRAMO": "La Belleza - Vasconia", "TP_DUCTO": "Loop", "DISTRITO": "1", "PK_PAT": "222616", "TP_EVENTO": "DESLIZAMIENTO TRASLACIONAL", "PRIORIDAD": "Alto", "AMENAZA": "Alto", "FX2": "20211125_FX2_C01_C0R_BELL-VASC_PK222+616_VA", "LATITUD": 5.824663, "LONGITUD": -74.199354 }, "geometry": { "type": "Point", "coordinates": [ -74.199354, 5.824663, 0.0 ] } },
{ "type": "Feature", "properties": { "DEPTO": "(BOYACÁ)", "MUNICIPIO": "OTANCHE", "VEREDA": "S JOSÉ NAZARETH", "GASODUCTO": "CENTRO - ORIENTE", "TRAMO": "La Belleza - Vasconia", "TP_DUCTO": "Troncal", "DISTRITO": "1", "PK_PAT": "244864", "TP_EVENTO": "FLUJOS", "PRIORIDAD": "Alto", "AMENAZA": "Extremo", "FX2": "20211201_FX2_C03_C0R_BELL-VASC_PK210+400_VA", "LATITUD": 5.805919000000074, "LONGITUD": -74.1182008 }, "geometry": { "type": "Point", "coordinates": [ -74.118200799999954, 5.805919, 0.0 ] } },
{ "type": "Feature", "properties": { "DEPTO": "(CUNDINAMARCA)", "MUNICIPIO": "SUTATAUSA", "VEREDA": "OJO DE AGUA", "GASODUCTO": "CENTRO - ORIENTE", "TRAMO": "Sutatausa", "TP_DUCTO": "Ramal", "DISTRITO": "3", "PK_PAT": "7627", "TP_EVENTO": "SOCAVACIÓN LATERAL", "PRIORIDAD": "Alto", "AMENAZA": "Alto", "FX2": "20211202_FX2_C03_COR_R-SUTATAUSA_PK007+627_VA", "LATITUD": 5.2614633000001, "LONGITUD": -73.8459383 }, "geometry": { "type": "Point", "coordinates": [ -73.845938299999943, 5.261463300000059, 0.0 ] } },
{ "type": "Feature", "properties": { "DEPTO": "(QUINDIO)", "MUNICIPIO": "LA TEBAIDA", "VEREDA": "ALAMBRADO", "GASODUCTO": "MARIQUITA - CALI", "TRAMO": "Loop - Ramal Armenia", "TP_DUCTO": "Loop", "DISTRITO": "7", "PK_PAT": "25900", "TP_EVENTO": "DESLIZAMIENTO TRASLACIONAL", "PRIORIDAD": "Alto", "AMENAZA": "Extremo", "FX2": "20211210_FX2_C07_MC_R-ARMENIA(L)_PK025+900_VA", "LATITUD": 4.4388000000000716, "LONGITUD": -75.8738 }, "geometry": { "type": "Point", "coordinates": [ -75.8738, 4.4388, 0.0 ] } },
{ "type": "Feature", "properties": { "DEPTO": "(MAGDALENA)", "MUNICIPIO": "EL BANCO", "VEREDA": "PUERTO ESTRELLA", "GASODUCTO": "BALLENA - BARRANCABERMEJA", "TRAMO": "El Banco", "TP_DUCTO": "Ramal", "DISTRITO": "6", "PK_PAT": "16900", "TP_EVENTO": "SOCAVACIÓN DE FONDO", "PRIORIDAD": "Alto", "AMENAZA": "Alto", "FX2": "20220118_FX2_PM1_BB_R-EL BANCO_PK016+900_VB", "LATITUD": 8.9817833330000667, "LONGITUD": -73.882273055999974 }, "geometry": { "type": "Point", "coordinates": [ -73.882273055999974, 8.981783333000067, 0.0 ] } },
{ "type": "Feature", "properties": { "DEPTO": "(CUNDINAMARCA)", "MUNICIPIO": "PARATEBUENO", "VEREDA": "SANTA CECILIA", "GASODUCTO": "CUSIANA - APIAY - USME", "TRAMO": "PK65 - Apiay", "TP_DUCTO": "Troncal", "DISTRITO": "4", "PK_PAT": "114790", "TP_EVENTO": "SOCAVACIÓN DE FONDO", "PRIORIDAD": "Alto", "AMENAZA": "Alto", "FX2": "20220112_FX2_C06_CAU_PK65-APIAY_PK114+885_VA", "LATITUD": 4.3403960000000552, "LONGITUD": -73.341309 }, "geometry": { "type": "Point", "coordinates": [ -73.341309, 4.340396, 0.0 ] } },
{ "type": "Feature", "properties": { "DEPTO": "(CALDAS)", "MUNICIPIO": "MANZANARES", "VEREDA": "LA ESMERALDA", "GASODUCTO": "MARIQUITA - CALI", "TRAMO": "Manzanares", "TP_DUCTO": "Ramal", "DISTRITO": "7", "PK_PAT": "17030", "TP_EVENTO": "DESLIZAMIENTO TRASLACIONAL", "PRIORIDAD": "Alto", "AMENAZA": "Alto", "FX2": "20210804_FX2_C07_MC_R-MANZAN_PK017+030_VA", "LATITUD": 5.2396183000001, "LONGITUD": -75.132135 }, "geometry": { "type": "Point", "coordinates": [ -75.132135, 5.239618300000075, 0.0 ] } },
{ "type": "Feature", "properties": { "DEPTO": "(CALDAS)", "MUNICIPIO": "MANZANARES", "VEREDA": "CENTRO", "GASODUCTO": "MARIQUITA - CALI", "TRAMO": "Manzanares", "TP_DUCTO": "Ramal", "DISTRITO": "7", "PK_PAT": "19290", "TP_EVENTO": "DESLIZAMIENTO TRASLACIONAL", "PRIORIDAD": "Alto", "AMENAZA": "Alto", "FX2": "20210804_FX2_C07_MC_R-MANZAN_PK019+290_VA", "LATITUD": 5.2493564000001, "LONGITUD": -75.1457 }, "geometry": { "type": "Point", "coordinates": [ -75.1457, 5.249356400000067, 0.0 ] } },
{ "type": "Feature", "properties": { "DEPTO": "(BOYACÁ)", "MUNICIPIO": "PÁEZ", "VEREDA": "PARAISO", "GASODUCTO": "CUSIANA - PORVENIR", "TRAMO": "Cusiana - Miraflores", "TP_DUCTO": "Troncal", "DISTRITO": "5", "PK_PAT": "18198", "TP_EVENTO": "OTRO", "PRIORIDAD": "Bajo", "AMENAZA": "Bajo", "FX2": "20211014_FX2_C04_CP_CUS-MIRAF_PK018+198_VA", "LATITUD": 5.0203480000000695, "LONGITUD": -72.984247 }, "geometry": { "type": "Point", "coordinates": [ -72.984247, 5.020348, 0.0 ] } },
{ "type": "Feature", "properties": { "DEPTO": "(CUNDINAMARCA)", "MUNICIPIO": "TAUSA", "VEREDA": "PAJARITO", "GASODUCTO": "CENTRO - ORIENTE", "TRAMO": "Sucre Oriental - Cogua", "TP_DUCTO": "Troncal", "DISTRITO": "3", "PK_PAT": "99950", "TP_EVENTO": "DESLIZAMIENTO ROTACIONAL", "PRIORIDAD": "Medio", "AMENAZA": "Medio", "FX2": "20211203_FX2_C03_COR_SUCREO-COG_PK099+950_VB", "LATITUD": 5.1575260000000753, "LONGITUD": -73.91034 }, "geometry": { "type": "Point", "coordinates": [ -73.91034, 5.157526, 0.0 ] } },
{ "type": "Feature", "properties": { "DEPTO": "(CALDAS)", "MUNICIPIO": "LA DORADA", "VEREDA": "PURNIO", "GASODUCTO": "CENTRO - ORIENTE", "TRAMO": "Termodorada", "TP_DUCTO": "Ramal", "DISTRITO": "2", "PK_PAT": "10085", "TP_EVENTO": "SOCAVACIÓN DE FONDO", "PRIORIDAD": "Alto", "AMENAZA": "Extremo", "FX2": "20220217_FX2_C01_COR_R-TERMOD_PK010+085_VB", "LATITUD": 5.4426102600000377, "LONGITUD": -74.679463719999944 }, "geometry": { "type": "Point", "coordinates": [ -74.679463719999944, 5.442610260000038, 0.0 ] } },
{ "type": "Feature", "properties": { "DEPTO": "(CASANARE)", "MUNICIPIO": "SABANALARGA", "VEREDA": "PUERTO NUEVO", "GASODUCTO": "CUSIANA - PORVENIR", "TRAMO": "Cusiana - Miraflores", "TP_DUCTO": "Troncal", "DISTRITO": "5", "PK_PAT": "13300", "TP_EVENTO": "SURCOS", "PRIORIDAD": "Alto", "AMENAZA": "Alto", "FX2": "20211014_FX2_C04_PB_CUS-MIRAF(L)_PK013+300_VA", "LATITUD": 4.9843077, "LONGITUD": -73.0008701 }, "geometry": { "type": "Point", "coordinates": [ -73.000870099999986, 4.984307700000045, 0.0 ] } },
{ "type": "Feature", "properties": { "DEPTO": "(TOLIMA)", "MUNICIPIO": "ARMERO", "VEREDA": "SANTO DOMINGO - TOTUMAL", "GASODUCTO": "CENTRO - ORIENTE", "TRAMO": "Mariquita - Gualanday", "TP_DUCTO": "Troncal", "DISTRITO": "2", "PK_PAT": "322874", "TP_EVENTO": "SOCAVACIÓN LATERAL", "PRIORIDAD": "Medio", "AMENAZA": "Medio", "FX2": "20210818_FX2_C02_COR_MAR-GUAL_PK322+874_VA", "LATITUD": 4.9970700000000647, "LONGITUD": -74.907838 }, "geometry": { "type": "Point", "coordinates": [ -74.907838, 4.99707, 0.0 ] } },
{ "type": "Feature", "properties": { "DEPTO": "(CUNDINAMARCA)", "MUNICIPIO": "PARATEBUENO", "VEREDA": "SANTA CECILIA", "GASODUCTO": "CUSIANA - APIAY - USME", "TRAMO": "PK65 - Apiay", "TP_DUCTO": "Troncal", "DISTRITO": "4", "PK_PAT": "115+130", "TP_EVENTO": "SOCAVACIÓN DE FONDO", "PRIORIDAD": "Medio", "AMENAZA": "Medio", "FX2": "20240510_FX2_C06_CAU_PK65-APIAY_PK115+237_VA.xlsx", "LATITUD": 4.340064, "LONGITUD": -73.344381 }, "geometry": { "type": "Point", "coordinates": [ -73.344381, 4.340064, 0.0 ] } },
{ "type": "Feature", "properties": { "DEPTO": "(SANTANDER)", "MUNICIPIO": "FLORIÁN", "VEREDA": "TISQUEZOQUE", "GASODUCTO": "CENTRO - ORIENTE", "TRAMO": "PK7+200 - PK17+500", "TP_DUCTO": "Troncal", "DISTRITO": "3", "PK_PAT": "10850", "TP_EVENTO": "CARCAVAS", "PRIORIDAD": "Alto", "AMENAZA": "Alto", "FX2": "20220126_FX2_C03_COR_7+200-17+500_PK010+850_VC", "LATITUD": 5.7561216, "LONGITUD": -73.9673389 }, "geometry": { "type": "Point", "coordinates": [ -73.967338899999959, 5.756121600000029, 0.0 ] } },
{ "type": "Feature", "properties": { "DEPTO": "(SANTANDER)", "MUNICIPIO": "JESÚS MARÍA", "VEREDA": "SANTA ROSA BUENOS AIRES", "GASODUCTO": "BOYACA - SANTANDER", "TRAMO": "Bolivar", "TP_DUCTO": "Ramal", "DISTRITO": "5", "PK_PAT": "7165", "TP_EVENTO": "REPTACION", "PRIORIDAD": "Alto", "AMENAZA": "Extremo", "FX2": "20220128_FX2_C05_GBS_R-BOLIVAR_PK007+165_VD", "LATITUD": 5.8791670000000522, "LONGITUD": -73.785275 }, "geometry": { "type": "Point", "coordinates": [ -73.785275, 5.879167, 0.0 ] } },
{ "type": "Feature", "properties": { "DEPTO": "(BOYACÁ)", "MUNICIPIO": "PUERTO BOYACÁ", "VEREDA": "ERMITANO", "GASODUCTO": "CENTRO - ORIENTE", "TRAMO": "Puerto Serviez", "TP_DUCTO": "Ramal", "DISTRITO": "1", "PK_PAT": "1136", "TP_EVENTO": "CARCAVAS", "PRIORIDAD": "Alto", "AMENAZA": "Alto", "FX2": "20220222_FX2_C03_COR_R-PTO SERVIEZ_PK001+136_VB", "LATITUD": 6.2212393, "LONGITUD": -74.5582766 }, "geometry": { "type": "Point", "coordinates": [ -74.558276599999942, 6.221239300000036, 0.0 ] } },
{ "type": "Feature", "properties": { "DEPTO": "(CASANARE)", "MUNICIPIO": "SABANALARGA", "VEREDA": "PLANADAS", "GASODUCTO": "PORVENIR - LA BELLEZA", "TRAMO": "Cusiana - Miraflores", "TP_DUCTO": "Loop", "DISTRITO": "5", "PK_PAT": "35310", "TP_EVENTO": "SOCAVACIÓN DE FONDO", "PRIORIDAD": "Alto", "AMENAZA": "Extremo", "FX2": "20220225_FX2_C04_CP_CUS-MIRAF(L)_PK035+310_VB", "LATITUD": 4.929027000000076, "LONGITUD": -72.95337 }, "geometry": { "type": "Point", "coordinates": [ -72.95337, 4.929027, 0.0 ] } },
{ "type": "Feature", "properties": { "DEPTO": "(BOYACÁ)", "MUNICIPIO": "MONIQUIRÁ", "VEREDA": "PANTANILLO", "GASODUCTO": "PORVENIR - LA BELLEZA", "TRAMO": "Sutamarchan - La Belleza", "TP_DUCTO": "Troncal", "DISTRITO": "5", "PK_PAT": "145940", "TP_EVENTO": "REPTACION", "PRIORIDAD": "Medio", "AMENAZA": "Medio", "FX2": "20220331_FX2_C05_PB_SUT-BELL_PK145+940_VB", "LATITUD": 5.7948000000000661, "LONGITUD": -73.6249 }, "geometry": { "type": "Point", "coordinates": [ -73.6249, 5.7948, 0.0 ] } },
{ "type": "Feature", "properties": { "DEPTO": "(BOYACÁ)", "MUNICIPIO": "CHITARAQUE", "VEREDA": "RESGUARDO DE INDIGENAS", "GASODUCTO": "BOYACA - SANTANDER", "TRAMO": "Chitaraque", "TP_DUCTO": "Ramal", "DISTRITO": "5", "PK_PAT": "7611", "TP_EVENTO": "SOCAVACIÓN DE FONDO", "PRIORIDAD": "Alto", "AMENAZA": "Alto", "FX2": "20220401_FX2_C05_GBS_R-CHITARAQUE_PK007+611_VB", "LATITUD": 6.022228, "LONGITUD": -73.4532 }, "geometry": { "type": "Point", "coordinates": [ -73.4532, 6.022228, 0.0 ] } },
{ "type": "Feature", "properties": { "DEPTO": "(RISARALDA)", "MUNICIPIO": "SANTA ROSA DE CABAL", "VEREDA": "SANTO DOMINGO", "GASODUCTO": "MARIQUITA - CALI", "TRAMO": "Dos Quebradas", "TP_DUCTO": "Ramal", "DISTRITO": "7", "PK_PAT": "725", "TP_EVENTO": "CARCAVAS", "PRIORIDAD": "Alto", "AMENAZA": "Alto", "FX2": "20220407_FX2_C07_MC_R-DOS QUEB_PK000+725_VA", "LATITUD": 4.89106, "LONGITUD": -75.6296 }, "geometry": { "type": "Point", "coordinates": [ -75.6296, 4.89106, 0.0 ] } },
{ "type": "Feature", "properties": { "DEPTO": "(SANTANDER)", "MUNICIPIO": "SAN VICENTE DE CHUCURÍ", "VEREDA": "LA TEMPESTUOSA", "GASODUCTO": "SUR DE BOLIVAR", "TRAMO": "Playa Roja - San Vicente", "TP_DUCTO": "Aislado", "DISTRITO": "1", "PK_PAT": "1043", "TP_EVENTO": "CARCAVAS", "PRIORIDAD": "Alto", "AMENAZA": "Alto", "FX2": "20220419_FX2_C01_SBO_S VIC-PLAYA R_PK001+043_VA", "LATITUD": 6.8926342600000226, "LONGITUD": -73.5907583 }, "geometry": { "type": "Point", "coordinates": [ -73.590758299999948, 6.892634260000023, 0.0 ] } },
{ "type": "Feature", "properties": { "DEPTO": "(SANTANDER)", "MUNICIPIO": "GÜEPSA", "VEREDA": "SANTA ROSA", "GASODUCTO": "BOYACA - SANTANDER", "TRAMO": "Otero - Santana", "TP_DUCTO": "Troncal", "DISTRITO": "5", "PK_PAT": "30000", "TP_EVENTO": "REPTACION", "PRIORIDAD": "Alto", "AMENAZA": "Extremo", "FX2": "20220422_FX2_C05_GBS_OTERO-SANT_PK030+000_VB", "LATITUD": 6.0073967000001, "LONGITUD": -73.586505 }, "geometry": { "type": "Point", "coordinates": [ -73.586505, 6.007396700000072, 0.0 ] } },
{ "type": "Feature", "properties": { "DEPTO": "(CESAR)", "MUNICIPIO": "LA GLORIA", "VEREDA": "SENDERITO", "GASODUCTO": "BALLENA - BARRANCABERMEJA", "TRAMO": "La Gloria", "TP_DUCTO": "Ramal", "DISTRITO": "6", "PK_PAT": "5490", "TP_EVENTO": "OTRO", "PRIORIDAD": "Alto", "AMENAZA": "Alto", "FX2": "20220503_FX2_PM1_BB_R-LA GLORIA_PK005+490_VC", "LATITUD": 8.628178, "LONGITUD": -73.724897 }, "geometry": { "type": "Point", "coordinates": [ -73.724897, 8.628178, 0.0 ] } },
{ "type": "Feature", "properties": { "DEPTO": "(CESAR)", "MUNICIPIO": "LA GLORIA", "VEREDA": "SENDERITO", "GASODUCTO": "BALLENA - BARRANCABERMEJA", "TRAMO": "La Gloria", "TP_DUCTO": "Ramal", "DISTRITO": "6", "PK_PAT": "6420", "TP_EVENTO": "OTRO", "PRIORIDAD": "Alto", "AMENAZA": "Alto", "FX2": "20220503_FX2_PM1_BB_R-LA GLORIA_PK006+420_VB", "LATITUD": 8.6292800000000511, "LONGITUD": -73.7306967 }, "geometry": { "type": "Point", "coordinates": [ -73.730696699999953, 8.62928, 0.0 ] } },
{ "type": "Feature", "properties": { "DEPTO": "(CESAR)", "MUNICIPIO": "LA GLORIA", "VEREDA": "SENDERITO", "GASODUCTO": "BALLENA - BARRANCABERMEJA", "TRAMO": "La Gloria", "TP_DUCTO": "Ramal", "DISTRITO": "6", "PK_PAT": "6860", "TP_EVENTO": "OTRO", "PRIORIDAD": "Alto", "AMENAZA": "Alto", "FX2": "20220503_FX2_PM1_BB_R-LA GLORIA_PK006+860_VC", "LATITUD": 8.6297000000000708, "LONGITUD": -73.7346067 }, "geometry": { "type": "Point", "coordinates": [ -73.734606699999972, 8.6297, 0.0 ] } },
{ "type": "Feature", "properties": { "DEPTO": "(CESAR)", "MUNICIPIO": "LA GLORIA", "VEREDA": "CAÑO ALONSO", "GASODUCTO": "BALLENA - BARRANCABERMEJA", "TRAMO": "Curumani - Norean", "TP_DUCTO": "Troncal", "DISTRITO": "6", "PK_PAT": "386670", "TP_EVENTO": "OTRO", "PRIORIDAD": "Medio", "AMENAZA": "Medio", "FX2": "20220119_FX2_PM1_BB_CURUM-NOREAM_PK386+670_VA", "LATITUD": 8.638828, "LONGITUD": -73.677402 }, "geometry": { "type": "Point", "coordinates": [ -73.677402, 8.638828, 0.0 ] } },
{ "type": "Feature", "properties": { "DEPTO": "(CALDAS)", "MUNICIPIO": "MANZANARES", "VEREDA": "LAS MARGARITAS", "GASODUCTO": "MARIQUITA - CALI", "TRAMO": "Manzanares", "TP_DUCTO": "Ramal", "DISTRITO": "7", "PK_PAT": "10180", "TP_EVENTO": "SOCAVACIÓN DE FONDO", "PRIORIDAD": "Alto", "AMENAZA": "Extremo", "FX2": "20220209_FX2_C07_MC_R-MANZAN_PK010+180_VA", "LATITUD": 5.2403567000001, "LONGITUD": -75.0860217 }, "geometry": { "type": "Point", "coordinates": [ -75.086021699999947, 5.240356700000063, 0.0 ] } },
{ "type": "Feature", "properties": { "DEPTO": "(BOYACÁ)", "MUNICIPIO": "BRICEÑO", "VEREDA": "TARPEYA", "GASODUCTO": "CENTRO - ORIENTE", "TRAMO": "PK17+500 - Sucre Oriental", "TP_DUCTO": "Troncal", "DISTRITO": "3", "PK_PAT": "20480", "TP_EVENTO": "REPTACION", "PRIORIDAD": "Alto", "AMENAZA": "Extremo", "FX2": "20220224_FX2_C03_COR_17+500-SUCREO_PK020+480_VA", "LATITUD": 5.7023, "LONGITUD": -73.92645 }, "geometry": { "type": "Point", "coordinates": [ -73.92645, 5.7023, 0.0 ] } },
{ "type": "Feature", "properties": { "DEPTO": "(TOLIMA)", "MUNICIPIO": "SAN SEBASTIÁN DE MARIQUITA", "VEREDA": "SAN ANDRÉS", "GASODUCTO": "MARIQUITA - CALI", "TRAMO": "Mariquita - Letras", "TP_DUCTO": "Troncal", "DISTRITO": "7", "PK_PAT": "4634", "TP_EVENTO": "SOCAVACIÓN DE FONDO", "PRIORIDAD": "Alto", "AMENAZA": "Extremo", "FX2": "20220304_FX2_C07_MC_MAR-LET_PK004+634_VA", "LATITUD": 5.2218100000000618, "LONGITUD": -74.92779 }, "geometry": { "type": "Point", "coordinates": [ -74.92779, 5.22181, 0.0 ] } },
{ "type": "Feature", "properties": { "DEPTO": "(BOYACÁ)", "MUNICIPIO": "SAN JOSÉ DE PARE", "VEREDA": "SAN ISIDRO", "GASODUCTO": "BOYACA - SANTANDER", "TRAMO": "Otero - Santana", "TP_DUCTO": "Troncal", "DISTRITO": "5", "PK_PAT": "37600", "TP_EVENTO": "REPTACION", "PRIORIDAD": "Alto", "AMENAZA": "Alto", "FX2": "20220520_FX2_C05_GBS_OTERO-SANT_PK037+600_VB", "LATITUD": 6.0292400000000725, "LONGITUD": -73.54235 }, "geometry": { "type": "Point", "coordinates": [ -73.54235, 6.02924, 0.0 ] } },
{ "type": "Feature", "properties": { "DEPTO": "(QUINDIO)", "MUNICIPIO": "ARMENIA", "VEREDA": "ZULAYBAR", "GASODUCTO": "MARIQUITA - CALI", "TRAMO": "Montenegro", "TP_DUCTO": "Ramal", "DISTRITO": "7", "PK_PAT": "2230", "TP_EVENTO": "CARCAVAS", "PRIORIDAD": "Alto", "AMENAZA": "Extremo", "FX2": "20220512_FX2_C08_MC_R-MONTENEG_PK002+230_VA", "LATITUD": 4.507193333000032, "LONGITUD": -75.747085 }, "geometry": { "type": "Point", "coordinates": [ -75.747085, 4.507193333000032, 0.0 ] } },
{ "type": "Feature", "properties": { "DEPTO": "(TOLIMA)", "MUNICIPIO": "FRESNO", "VEREDA": "CERRO AZUL", "GASODUCTO": "MARIQUITA - CALI", "TRAMO": "Mariquita - Letras", "TP_DUCTO": "Troncal", "DISTRITO": "7", "PK_PAT": "20500", "TP_EVENTO": "SURCOS", "PRIORIDAD": "Bajo", "AMENAZA": "Bajo", "FX2": " 20220607_FX2_C07_MC_MAR-LET_PK020+500_VA", "LATITUD": 5.1860001600000487, "LONGITUD": -75.042900059999965 }, "geometry": { "type": "Point", "coordinates": [ -75.042900059999965, 5.186000160000049, 0.0 ] } },
{ "type": "Feature", "properties": { "DEPTO": "(BOYACÁ)", "MUNICIPIO": "JENESANO", "VEREDA": "CARRIZAL", "GASODUCTO": "PORVENIR - LA BELLEZA", "TRAMO": "Miraflores - Puente Guillermo", "TP_DUCTO": "Loop", "DISTRITO": "5", "PK_PAT": "123515", "TP_EVENTO": "OTRO", "PRIORIDAD": "Medio", "AMENAZA": "Medio", "FX2": "20240110_FX2_C04_PB_MIRAF-PTEG_PK123+516_(PK121+546)_VB", "LATITUD": 5.3812310000000707, "LONGITUD": -73.377586 }, "geometry": { "type": "Point", "coordinates": [ -73.377586, 5.381231, 0.0 ] } },
{ "type": "Feature", "properties": { "DEPTO": "(HUILA)", "MUNICIPIO": "NEIVA", "VEREDA": "VENADO", "GASODUCTO": "CENTRO - ORIENTE", "TRAMO": "Dina - Tello", "TP_DUCTO": "Troncal", "DISTRITO": "2", "PK_PAT": "12958", "TP_EVENTO": "CARCAVAS", "PRIORIDAD": "Alto", "AMENAZA": "Alto", "FX2": "20220615_FX2_C02_COR_DINA-TELLO_PK012+958_VA", "LATITUD": 2.9847960000000739, "LONGITUD": -75.26676 }, "geometry": { "type": "Point", "coordinates": [ -75.26676, 2.984796, 0.0 ] } },
{ "type": "Feature", "properties": { "DEPTO": "(HUILA)", "MUNICIPIO": "NEIVA", "VEREDA": "VENADO", "GASODUCTO": "CENTRO - ORIENTE", "TRAMO": "Dina - Tello", "TP_DUCTO": "Troncal", "DISTRITO": "2", "PK_PAT": "14836", "TP_EVENTO": "SOCAVACIÓN DE FONDO", "PRIORIDAD": "Alto", "AMENAZA": "Extremo", "FX2": "20220615_FX2_C02_COR_DINA-TELLO_PK014+836_VA", "LATITUD": 2.974863, "LONGITUD": -75.254438 }, "geometry": { "type": "Point", "coordinates": [ -75.254438, 2.974863, 0.0 ] } },
{ "type": "Feature", "properties": { "DEPTO": "(BOYACÁ)", "MUNICIPIO": "PUERTO BOYACÁ", "VEREDA": "CALDERON", "GASODUCTO": "CENTRO - ORIENTE", "TRAMO": "Puerto Romero - Vasconia", "TP_DUCTO": "Loop", "DISTRITO": "1", "PK_PAT": "16900", "TP_EVENTO": "CARCAVAS", "PRIORIDAD": "Medio", "AMENAZA": "Medio", "FX2": "20220706_FX2_C03_C0R_PTO ROM-VASC_PK016+900_VB", "LATITUD": 6.0276885000001, "LONGITUD": -74.525639889999979 }, "geometry": { "type": "Point", "coordinates": [ -74.525639889999979, 6.027688500000068, 0.0 ] } },
{ "type": "Feature", "properties": { "DEPTO": "(BOYACÁ)", "MUNICIPIO": "PUERTO BOYACÁ", "VEREDA": "CALDERON", "GASODUCTO": "CENTRO - ORIENTE", "TRAMO": "Puerto Romero - Vasconia", "TP_DUCTO": "Loop", "DISTRITO": "1", "PK_PAT": "17100", "TP_EVENTO": "CARCAVAS", "PRIORIDAD": "Medio", "AMENAZA": "Medio", "FX2": "20220706_FX2_C03_C0R_PTO ROM-VASC_PK017+100_VA", "LATITUD": 6.0286957000001, "LONGITUD": -74.52688988999995 }, "geometry": { "type": "Point", "coordinates": [ -74.52688988999995, 6.028695700000071, 0.0 ] } },
{ "type": "Feature", "properties": { "DEPTO": "(BOYACÁ)", "MUNICIPIO": "BRICEÑO", "VEREDA": "TARPEYA", "GASODUCTO": "CENTRO - ORIENTE", "TRAMO": "PK17+500 - Sucre Oriental", "TP_DUCTO": "Troncal", "DISTRITO": "3", "PK_PAT": "21555", "TP_EVENTO": "SOCAVACIÓN LATERAL", "PRIORIDAD": "Medio", "AMENAZA": "Medio", "FX2": "20220823_FX2_C03_COR_17+500-SUCREO_PK021+555_VC", "LATITUD": 5.6933667000001, "LONGITUD": -73.9279612 }, "geometry": { "type": "Point", "coordinates": [ -73.92796119999997, 5.69336670000007, 0.0 ] } },
{ "type": "Feature", "properties": { "DEPTO": "(CALDAS)", "MUNICIPIO": "VILLAMARÍA", "VEREDA": "LA FLORIDA", "GASODUCTO": "MARIQUITA - CALI", "TRAMO": "Letras - Marsella", "TP_DUCTO": "Troncal", "DISTRITO": "7", "PK_PAT": "86170", "TP_EVENTO": "SOCAVACIÓN DE FONDO", "PRIORIDAD": "Alto", "AMENAZA": "Extremo", "FX2": "20220210_FX2_C07_MC_LET-MARS_PK086+170_VA", "LATITUD": 5.0193247220000217, "LONGITUD": -75.477211666999949 }, "geometry": { "type": "Point", "coordinates": [ -75.477211666999949, 5.019324722000022, 0.0 ] } },
{ "type": "Feature", "properties": { "DEPTO": "(SANTANDER)", "MUNICIPIO": "SAN VICENTE DE CHUCURÍ", "VEREDA": "PALMIRA", "GASODUCTO": "SUR DE BOLIVAR", "TRAMO": "Playa Roja - San Vicente", "TP_DUCTO": "Aislado", "DISTRITO": "1", "PK_PAT": "20180", "TP_EVENTO": "SOCAVACIÓN DE FONDO", "PRIORIDAD": "Alto", "AMENAZA": "Extremo", "FX2": "20220422_FX2_C01_SBO_S VIC-PLAYA R_PK020+188_VA", "LATITUD": 6.8952860000000555, "LONGITUD": -73.439952 }, "geometry": { "type": "Point", "coordinates": [ -73.439952, 6.895286, 0.0 ] } },
{ "type": "Feature", "properties": { "DEPTO": "(BOYACÁ)", "MUNICIPIO": "PUERTO BOYACÁ", "VEREDA": "CALDERON", "GASODUCTO": "CENTRO - ORIENTE", "TRAMO": "Puerto Romero - Vasconia", "TP_DUCTO": "Loop", "DISTRITO": "1", "PK_PAT": "16320", "TP_EVENTO": "CARCAVAS", "PRIORIDAD": "Medio", "AMENAZA": "Medio", "FX2": "20220706_FX2_C03_C0R_PTO ROM-VASC_PK016+320_VA", "LATITUD": 6.02358, "LONGITUD": -74.52256 }, "geometry": { "type": "Point", "coordinates": [ -74.52256, 6.02358, 0.0 ] } },
{ "type": "Feature", "properties": { "DEPTO": "(BOYACÁ)", "MUNICIPIO": "PUERTO BOYACÁ", "VEREDA": "CALDERON", "GASODUCTO": "CENTRO - ORIENTE", "TRAMO": "Puerto Romero - Vasconia", "TP_DUCTO": "Loop", "DISTRITO": "1", "PK_PAT": "17470", "TP_EVENTO": "CARCAVAS", "PRIORIDAD": "Medio", "AMENAZA": "Medio", "FX2": "20220708_FX2_C03_C0R_PTO ROM-VASC_PK017+470_VA", "LATITUD": 6.0312000000000694, "LONGITUD": -74.5286 }, "geometry": { "type": "Point", "coordinates": [ -74.5286, 6.0312, 0.0 ] } },
{ "type": "Feature", "properties": { "DEPTO": "(BOYACÁ)", "MUNICIPIO": "PUERTO BOYACÁ", "VEREDA": "CALDERON", "GASODUCTO": "CENTRO - ORIENTE", "TRAMO": "Puerto Romero - Vasconia", "TP_DUCTO": "Loop", "DISTRITO": "1", "PK_PAT": "18028", "TP_EVENTO": "CARCAVAS", "PRIORIDAD": "Medio", "AMENAZA": "Medio", "FX2": "20220708_FX2_C03_C0R_PTO ROM-VASC_PK018+028_VA", "LATITUD": 6.0327505, "LONGITUD": -74.533349039999962 }, "geometry": { "type": "Point", "coordinates": [ -74.533349039999962, 6.03275050000002, 0.0 ] } },
{ "type": "Feature", "properties": { "DEPTO": "(BOYACÁ)", "MUNICIPIO": "PUERTO BOYACÁ", "VEREDA": "CALDERON", "GASODUCTO": "CENTRO - ORIENTE", "TRAMO": "Puerto Romero - Vasconia", "TP_DUCTO": "Loop", "DISTRITO": "1", "PK_PAT": "18460", "TP_EVENTO": "REPTACION", "PRIORIDAD": "Medio", "AMENAZA": "Medio", "FX2": "20220708_FX2_C03_C0R_PTO ROM-VASC_PK018+460_VA", "LATITUD": 6.0343804800000385, "LONGITUD": -74.536810269999989 }, "geometry": { "type": "Point", "coordinates": [ -74.536810269999989, 6.034380480000038, 0.0 ] } },
{ "type": "Feature", "properties": { "DEPTO": "(BOYACÁ)", "MUNICIPIO": "PUERTO BOYACÁ", "VEREDA": "CALDERON", "GASODUCTO": "CENTRO - ORIENTE", "TRAMO": "La Belleza - Vasconia", "TP_DUCTO": "Troncal", "DISTRITO": "1", "PK_PAT": "309180", "TP_EVENTO": "CARCAVAS", "PRIORIDAD": "Medio", "AMENAZA": "Medio", "FX2": "20220709_FX2_C03_C0R_PTO ROM-VASC_PK272+190_VA", "LATITUD": 6.0158503600000586, "LONGITUD": -74.515563779999979 }, "geometry": { "type": "Point", "coordinates": [ -74.515563779999979, 6.015850360000059, 0.0 ] } },
{ "type": "Feature", "properties": { "DEPTO": "(BOYACÁ)", "MUNICIPIO": "PUERTO BOYACÁ", "VEREDA": "CALDERON", "GASODUCTO": "CENTRO - ORIENTE", "TRAMO": "Puerto Romero - Vasconia", "TP_DUCTO": "Loop", "DISTRITO": "1", "PK_PAT": "11460", "TP_EVENTO": "CARCAVAS", "PRIORIDAD": "Bajo", "AMENAZA": "Bajo", "FX2": "20220709_FX2_C03_C0R_PTO ROM-VASC_PK11+460_VA", "LATITUD": 5.9936934600000313, "LONGITUD": -74.491703089999987 }, "geometry": { "type": "Point", "coordinates": [ -74.491703089999987, 5.993693460000031, 0.0 ] } },
{ "type": "Feature", "properties": { "DEPTO": "(TOLIMA)", "MUNICIPIO": "ARMERO", "VEREDA": "BRUJAS", "GASODUCTO": "CENTRO - ORIENTE", "TRAMO": "Mariquita - Gualanday", "TP_DUCTO": "Troncal", "DISTRITO": "2", "PK_PAT": "316936", "TP_EVENTO": "OTRO", "PRIORIDAD": "Bajo", "AMENAZA": "Bajo", "FX2": "20220804_FX2_C02_COR_MAR-GUAL_PK316+936_VA", "LATITUD": 5.041658, "LONGITUD": -74.885574 }, "geometry": { "type": "Point", "coordinates": [ -74.885574, 5.041658, 0.0 ] } },
{ "type": "Feature", "properties": { "DEPTO": "(BOYACÁ)", "MUNICIPIO": "PUERTO BOYACÁ", "VEREDA": "CALDERON", "GASODUCTO": "CENTRO - ORIENTE", "TRAMO": "Puerto Romero - Vasconia", "TP_DUCTO": "Loop", "DISTRITO": "1", "PK_PAT": "15830", "TP_EVENTO": "CARCAVAS", "PRIORIDAD": "Medio", "AMENAZA": "Medio", "FX2": "20220708_FX2_C03_C0R_PTO ROM-VASC_PK015+720_VA", "LATITUD": 6.0202205200000662, "LONGITUD": -74.519771469999966 }, "geometry": { "type": "Point", "coordinates": [ -74.519771469999966, 6.020220520000066, 0.0 ] } },
{ "type": "Feature", "properties": { "DEPTO": "(SANTANDER)", "MUNICIPIO": "BARRANCABERMEJA", "VEREDA": "CAMPO 45", "GASODUCTO": "CENTRO - ORIENTE", "TRAMO": "Barrancabermeja - Sebastopol", "TP_DUCTO": "Troncal", "DISTRITO": "1", "PK_PAT": "12131", "TP_EVENTO": "SOCAVACIÓN DE FONDO", "PRIORIDAD": "Medio", "AMENAZA": "Medio", "FX2": "20220810_FX2_C01_C0R_BARRANC-SEB_PK012+131_VA", "LATITUD": 7.0391980000000558, "LONGITUD": -73.815359 }, "geometry": { "type": "Point", "coordinates": [ -73.815359, 7.039198, 0.0 ] } },
{ "type": "Feature", "properties": { "DEPTO": "(META)", "MUNICIPIO": "BARRANCA DE UPÍA", "VEREDA": "CARUTAL", "GASODUCTO": "CUSIANA - APIAY - USME", "TRAMO": "Cusiana - PK65", "TP_DUCTO": "Troncal", "DISTRITO": "4", "PK_PAT": "58190", "TP_EVENTO": "REPTACION", "PRIORIDAD": "Alto", "AMENAZA": "Alto", "FX2": "20220817_FX2_C04_CAU_CUS-PK65_PK058+515_VC", "LATITUD": 4.677036, "LONGITUD": -73.0465688 }, "geometry": { "type": "Point", "coordinates": [ -73.046568799999989, 4.677036, 0.0 ] } },
{ "type": "Feature", "properties": { "DEPTO": "(CUNDINAMARCA)", "MUNICIPIO": "QUETAME", "VEREDA": "ESTAQUECA BAJO", "GASODUCTO": "CUSIANA - APIAY - USME", "TRAMO": "Villavicencio - Usme", "TP_DUCTO": "Troncal", "DISTRITO": "4", "PK_PAT": "73022", "TP_EVENTO": "REPTACION", "PRIORIDAD": "Alto", "AMENAZA": "Alto", "FX2": "20220824_FX2_C06_CAU_VILLAV-USME_PK073+080_VB", "LATITUD": 4.2777295300000446, "LONGITUD": -73.866305919999945 }, "geometry": { "type": "Point", "coordinates": [ -73.866305919999945, 4.277729530000045, 0.0 ] } },
{ "type": "Feature", "properties": { "DEPTO": "(CUNDINAMARCA)", "MUNICIPIO": "QUETAME", "VEREDA": "ESTAQUECA BAJO", "GASODUCTO": "CUSIANA - APIAY - USME", "TRAMO": "Villavicencio - Usme", "TP_DUCTO": "Troncal", "DISTRITO": "4", "PK_PAT": "75125", "TP_EVENTO": "DESLIZAMIENTO TRASLACIONAL", "PRIORIDAD": "Alto", "AMENAZA": "Extremo", "FX2": "20220824_FX2_C06_CAUS_VILLAV-USME_PK075+125_VA", "LATITUD": 4.2915232900000433, "LONGITUD": -73.8667639 }, "geometry": { "type": "Point", "coordinates": [ -73.866763899999967, 4.291523290000043, 0.0 ] } },
{ "type": "Feature", "properties": { "DEPTO": "(SANTANDER)", "MUNICIPIO": "GÜEPSA", "VEREDA": "RINCON", "GASODUCTO": "BOYACA - SANTANDER", "TRAMO": "Otero - Santana", "TP_DUCTO": "Troncal", "DISTRITO": "5", "PK_PAT": "35650", "TP_EVENTO": "REPTACION", "PRIORIDAD": "Medio", "AMENAZA": "Medio", "FX2": "20220725_FX2_C05_GBS_OTERO-SANT_PK035+650_VB", "LATITUD": 6.0334033, "LONGITUD": -73.5549 }, "geometry": { "type": "Point", "coordinates": [ -73.5549, 6.033403300000032, 0.0 ] } },
{ "type": "Feature", "properties": { "DEPTO": "(CUNDINAMARCA)", "MUNICIPIO": "TAUSA", "VEREDA": "CHORRILLO", "GASODUCTO": "CENTRO - ORIENTE", "TRAMO": "Sucre Oriental - Cogua", "TP_DUCTO": "Troncal", "DISTRITO": "3", "PK_PAT": "100930", "TP_EVENTO": "FLUJOS", "PRIORIDAD": "Medio", "AMENAZA": "Medio", "FX2": "20220808_FX2_C03_COR_SUCREO-VASC_PK100+930_VB", "LATITUD": 5.1495499700000664, "LONGITUD": -73.913614829999972 }, "geometry": { "type": "Point", "coordinates": [ -73.913614829999972, 5.149549970000066, 0.0 ] } },
{ "type": "Feature", "properties": { "DEPTO": "(SANTANDER)", "MUNICIPIO": "FLORIÁN", "VEREDA": "SAN LUIS", "GASODUCTO": "PORVENIR - LA BELLEZA", "TRAMO": "Sutamarchan - La Belleza", "TP_DUCTO": "Troncal", "DISTRITO": "5", "PK_PAT": "217312", "TP_EVENTO": "CAIDAS", "PRIORIDAD": "Alto", "AMENAZA": "Alto", "FX2": "20220824_FX2_C03_PB_SUT-BELL_PK217+312_VA", "LATITUD": 5.8256993100000614, "LONGITUD": -73.929049819999989 }, "geometry": { "type": "Point", "coordinates": [ -73.929049819999989, 5.825699310000061, 0.0 ] } },
{ "type": "Feature", "properties": { "DEPTO": "(CESAR)", "MUNICIPIO": "LA PAZ", "VEREDA": "VARASBLANCAS", "GASODUCTO": "BALLENA - BARRANCABERMEJA", "TRAMO": "Valledupar", "TP_DUCTO": "Ramal", "DISTRITO": "6", "PK_PAT": "3331", "TP_EVENTO": "OTRO", "PRIORIDAD": "Medio", "AMENAZA": "Medio", "FX2": "20220505_FX2_PM1_BB_R-VALLEDUPAR_PK003+331_VA", "LATITUD": 10.408188, "LONGITUD": -73.2029108 }, "geometry": { "type": "Point", "coordinates": [ -73.202910799999984, 10.408188, 0.0 ] } },
{ "type": "Feature", "properties": { "DEPTO": "(SANTANDER)", "MUNICIPIO": "CIMITARRA", "VEREDA": "TIERRADENTRO", "GASODUCTO": "CENTRO - ORIENTE", "TRAMO": "Sebastopol - Vasconia", "TP_DUCTO": "Troncal", "DISTRITO": "1", "PK_PAT": "128370", "TP_EVENTO": "SOCAVACIÓN DE FONDO", "PRIORIDAD": "Alto", "AMENAZA": "Alto", "FX2": "20220615_FX2_C01_COR_SEB_VASC_PK128+370_VB", "LATITUD": 6.367300000000057, "LONGITUD": -74.4181 }, "geometry": { "type": "Point", "coordinates": [ -74.4181, 6.3673, 0.0 ] } },
{ "type": "Feature", "properties": { "DEPTO": "(BOYACÁ)", "MUNICIPIO": "PUERTO BOYACÁ", "VEREDA": "CALDERON", "GASODUCTO": "CENTRO - ORIENTE", "TRAMO": "La Belleza - Vasconia", "TP_DUCTO": "Troncal", "DISTRITO": "1", "PK_PAT": "313564", "TP_EVENTO": "CARCAVAS", "PRIORIDAD": "Alto", "AMENAZA": "Alto", "FX2": "20220706_FX2_C03_C0R_BELL-VASC_PK276+920_VB", "LATITUD": 6.0409819000001, "LONGITUD": -74.5432519 }, "geometry": { "type": "Point", "coordinates": [ -74.543251899999973, 6.040981900000077, 0.0 ] } },
{ "type": "Feature", "properties": { "DEPTO": "(TOLIMA)", "MUNICIPIO": "LÉRIDA", "VEREDA": "COLOYA", "GASODUCTO": "CENTRO - ORIENTE", "TRAMO": "Mariquita - Gualanday", "TP_DUCTO": "Troncal", "DISTRITO": "2", "PK_PAT": "336664", "TP_EVENTO": "SOCAVACIÓN DE FONDO", "PRIORIDAD": "Alto", "AMENAZA": "Alto", "FX2": "20220804_FX2_C02_COR_MAR-GUAL_PK336+664_VA", "LATITUD": 4.883451, "LONGITUD": -74.900179 }, "geometry": { "type": "Point", "coordinates": [ -74.900179, 4.883451, 0.0 ] } },
{ "type": "Feature", "properties": { "DEPTO": "(CUNDINAMARCA)", "MUNICIPIO": "FÚQUENE", "VEREDA": "CHINZAUQUE", "GASODUCTO": "CENTRO - ORIENTE", "TRAMO": "Sucre Oriental - Cogua", "TP_DUCTO": "Troncal", "DISTRITO": "3", "PK_PAT": "56850", "TP_EVENTO": "OTRO", "PRIORIDAD": "Alto", "AMENAZA": "Alto", "FX2": "20220822_FX2_C03_COR_SUCREO-COG_PK056+850_VA", "LATITUD": 5.44271, "LONGITUD": -73.775786 }, "geometry": { "type": "Point", "coordinates": [ -73.775786, 5.44271, 0.0 ] } },
{ "type": "Feature", "properties": { "DEPTO": "(BOYACÁ)", "MUNICIPIO": "BRICEÑO", "VEREDA": "TARPEYA", "GASODUCTO": "CENTRO - ORIENTE", "TRAMO": "PK17+500 - Sucre Oriental", "TP_DUCTO": "Troncal", "DISTRITO": "3", "PK_PAT": "20890", "TP_EVENTO": "SOCAVACIÓN DE FONDO", "PRIORIDAD": "Alto", "AMENAZA": "Alto", "FX2": "20220823_FX2_C03_COR_PTE GUI-SUCREO_PK020+890_VA", "LATITUD": 5.698181, "LONGITUD": -73.926517 }, "geometry": { "type": "Point", "coordinates": [ -73.926517, 5.698181, 0.0 ] } },
{ "type": "Feature", "properties": { "DEPTO": "(TOLIMA)", "MUNICIPIO": "NATAGAIMA", "VEREDA": "SAN MIGUEL", "GASODUCTO": "CENTRO - ORIENTE", "TRAMO": "Gualanday - Guasimal", "TP_DUCTO": "Troncal", "DISTRITO": "2", "PK_PAT": "496281", "TP_EVENTO": "SOCAVACIÓN LATERAL", "PRIORIDAD": "Bajo", "AMENAZA": "Bajo", "FX2": "20210819_FX2_C02_COR_GUAL-GUAS_PK496+281_VA", "LATITUD": 3.622402, "LONGITUD": -75.100198 }, "geometry": { "type": "Point", "coordinates": [ -75.100198, 3.622402, 0.0 ] } },
{ "type": "Feature", "properties": { "DEPTO": "(SANTANDER)", "MUNICIPIO": "JESÚS MARÍA", "VEREDA": "CRISTALES", "GASODUCTO": "BOYACA - SANTANDER", "TRAMO": "Bolivar", "TP_DUCTO": "Ramal", "DISTRITO": "5", "PK_PAT": "5200", "TP_EVENTO": "CARCAVAS", "PRIORIDAD": "Alto", "AMENAZA": "Extremo", "FX2": "20220906_FX2_C05_GBS_R-BOLIVAR_PK005+400_VB", "LATITUD": 5.864359, "LONGITUD": -73.7874166 }, "geometry": { "type": "Point", "coordinates": [ -73.787416599999972, 5.864359, 0.0 ] } },
{ "type": "Feature", "properties": { "DEPTO": "(SANTANDER)", "MUNICIPIO": "JESÚS MARÍA", "VEREDA": "CRISTALES", "GASODUCTO": "BOYACA - SANTANDER", "TRAMO": "Bolivar", "TP_DUCTO": "Ramal", "DISTRITO": "5", "PK_PAT": "5600", "TP_EVENTO": "OTRO", "PRIORIDAD": "Alto", "AMENAZA": "Extremo", "FX2": "20220906_FX2_C05_GBS_R-BOLIVAR_PK005+600_VB", "LATITUD": 5.86776, "LONGITUD": -73.7867 }, "geometry": { "type": "Point", "coordinates": [ -73.7867, 5.86776, 0.0 ] } },
{ "type": "Feature", "properties": { "DEPTO": "(CESAR)", "MUNICIPIO": "BECERRIL", "VEREDA": "LA ESPERANZA", "GASODUCTO": "BALLENA - BARRANCABERMEJA", "TRAMO": "Becerril", "TP_DUCTO": "Ramal", "DISTRITO": "6", "PK_PAT": "11733", "TP_EVENTO": "SOCAVACIÓN DE FONDO", "PRIORIDAD": "Alto", "AMENAZA": "Extremo", "FX2": "20220913_FX2_PM1_BB_R-BECERRIL_PK011+733_VA", "LATITUD": 9.7099867000001, "LONGITUD": -73.29039 }, "geometry": { "type": "Point", "coordinates": [ -73.29039, 9.709986700000059, 0.0 ] } },
{ "type": "Feature", "properties": { "DEPTO": "(CESAR)", "MUNICIPIO": "LA JAGUA DE IBIRICO", "VEREDA": "MECHOACAN", "GASODUCTO": "BALLENA - BARRANCABERMEJA", "TRAMO": "La Palmita", "TP_DUCTO": "Ramal", "DISTRITO": "6", "PK_PAT": "1620", "TP_EVENTO": "CARCAVAS", "PRIORIDAD": "Medio", "AMENAZA": "Medio", "FX2": "20220914_FX2_PM1_BB_R-LA PALMITA_PK001+620_VA", "LATITUD": 9.4944233000001, "LONGITUD": -73.44768 }, "geometry": { "type": "Point", "coordinates": [ -73.44768, 9.494423300000051, 0.0 ] } },
{ "type": "Feature", "properties": { "DEPTO": "(CESAR)", "MUNICIPIO": "CHIRIGUANÁ", "VEREDA": "LA SIERRA", "GASODUCTO": "BALLENA - BARRANCABERMEJA", "TRAMO": "Chiriguana", "TP_DUCTO": "Ramal", "DISTRITO": "6", "PK_PAT": "3503", "TP_EVENTO": "SOCAVACIÓN DE FONDO", "PRIORIDAD": "Alto", "AMENAZA": "Extremo", "FX2": "20220915_FX2_PM1_BB_R-CHIRIGUANA_PK003+503_VA", "LATITUD": 9.3746570000000702, "LONGITUD": -73.522826 }, "geometry": { "type": "Point", "coordinates": [ -73.522826, 9.374657, 0.0 ] } },
{ "type": "Feature", "properties": { "DEPTO": "(CESAR)", "MUNICIPIO": "CHIRIGUANÁ", "VEREDA": "ESTACION", "GASODUCTO": "BALLENA - BARRANCABERMEJA", "TRAMO": "Chiriguana", "TP_DUCTO": "Ramal", "DISTRITO": "6", "PK_PAT": "6104", "TP_EVENTO": "OTRO", "PRIORIDAD": "Medio", "AMENAZA": "Medio", "FX2": "20220915_FX2_PM1_BB_R-CHIRIGUANA_PK006+104_VA", "LATITUD": 9.37023, "LONGITUD": -73.539836 }, "geometry": { "type": "Point", "coordinates": [ -73.539836, 9.37023, 0.0 ] } },
{ "type": "Feature", "properties": { "DEPTO": "(BOYACÁ)", "MUNICIPIO": "SANTANA", "VEREDA": "SAN PEDRO", "GASODUCTO": "BOYACA - SANTANDER", "TRAMO": "Chitaraque", "TP_DUCTO": "Ramal", "DISTRITO": "5", "PK_PAT": "3950", "TP_EVENTO": "SOCAVACIÓN DE FONDO", "PRIORIDAD": "Alto", "AMENAZA": "Extremo", "FX2": "20220928_FX2_C05_GBS_R-CHITARAQUE_PK003+950_VB", "LATITUD": 6.030467, "LONGITUD": -73.475826 }, "geometry": { "type": "Point", "coordinates": [ -73.475826, 6.030467, 0.0 ] } },
{ "type": "Feature", "properties": { "DEPTO": "(CESAR)", "MUNICIPIO": "LA JAGUA DE IBIRICO", "VEREDA": "BOQUERON", "GASODUCTO": "BALLENA - BARRANCABERMEJA", "TRAMO": "La Jagua de Ibirico", "TP_DUCTO": "Ramal", "DISTRITO": "6", "PK_PAT": "15", "TP_EVENTO": "SOCAVACIÓN DE FONDO", "PRIORIDAD": "Medio", "AMENAZA": "Medio", "FX2": "20220914_FX2_PM1_BB_R-JAGUA IBIR_PK000+015_VB", "LATITUD": 9.6256000000000768, "LONGITUD": -73.4129 }, "geometry": { "type": "Point", "coordinates": [ -73.4129, 9.6256, 0.0 ] } },
{ "type": "Feature", "properties": { "DEPTO": "(CESAR)", "MUNICIPIO": "CURUMANÍ", "VEREDA": "SAN ROQUE", "GASODUCTO": "BALLENA - BARRANCABERMEJA", "TRAMO": "San Roque", "TP_DUCTO": "Ramal", "DISTRITO": "6", "PK_PAT": "1042", "TP_EVENTO": "OTRO", "PRIORIDAD": "Medio", "AMENAZA": "Medio", "FX2": "20220915_FX2_PM1_BB_R-SAN ROQUE_PK001+042_VA", "LATITUD": 9.2947725, "LONGITUD": -73.5232267 }, "geometry": { "type": "Point", "coordinates": [ -73.523226699999952, 9.294772500000022, 0.0 ] } },
{ "type": "Feature", "properties": { "DEPTO": "(SANTANDER)", "MUNICIPIO": "BARRANCABERMEJA", "VEREDA": "CUATRO BOCAS", "GASODUCTO": "CENTRO - ORIENTE", "TRAMO": "Barrancabermeja - Sebastopol", "TP_DUCTO": "Troncal", "DISTRITO": "1", "PK_PAT": "13232", "TP_EVENTO": "SURCOS", "PRIORIDAD": "Alto", "AMENAZA": "Alto", "FX2": "20220810_FX2_C01_C0R_BARRANC-SEB_PK013+232_VA", "LATITUD": 7.030698, "LONGITUD": -73.817941 }, "geometry": { "type": "Point", "coordinates": [ -73.817941, 7.030698, 0.0 ] } },
{ "type": "Feature", "properties": { "DEPTO": "(TOLIMA)", "MUNICIPIO": "COELLO", "VEREDA": "GUALANDAY", "GASODUCTO": "CENTRO - ORIENTE", "TRAMO": "Mariquita - Gualanday", "TP_DUCTO": "Troncal", "DISTRITO": "2", "PK_PAT": "413667", "TP_EVENTO": "CARCAVAS", "PRIORIDAD": "Alto", "AMENAZA": "Alto", "FX2": "20220120_FX2_C02_COR_MAR-GUAL_PK413+667_VA", "LATITUD": 4.284055, "LONGITUD": -75.029768 }, "geometry": { "type": "Point", "coordinates": [ -75.029768, 4.284055, 0.0 ] } },
{ "type": "Feature", "properties": { "DEPTO": "(TOLIMA)", "MUNICIPIO": "COYAIMA", "VEREDA": "SAN MIGUEL", "GASODUCTO": "CENTRO - ORIENTE", "TRAMO": "Gualanday - Guasimal", "TP_DUCTO": "Troncal", "DISTRITO": "2", "PK_PAT": "480664", "TP_EVENTO": "SOCAVACIÓN LATERAL", "PRIORIDAD": "Alto", "AMENAZA": "Alto", "FX2": " 20220119_FX2_C02_COR_GUAL-GUAS_PK480+664_VA", "LATITUD": 3.7593230000000517, "LONGITUD": -75.07539 }, "geometry": { "type": "Point", "coordinates": [ -75.07539, 3.759323, 0.0 ] } },
{ "type": "Feature", "properties": { "DEPTO": "(BOYACÁ)", "MUNICIPIO": "BRICEÑO", "VEREDA": "PALO BLANCO", "GASODUCTO": "CENTRO - ORIENTE", "TRAMO": "PK17+500 - Sucre Oriental", "TP_DUCTO": "Troncal", "DISTRITO": "3", "PK_PAT": "23265", "TP_EVENTO": "SOCAVACIÓN DE FONDO", "PRIORIDAD": "Medio", "AMENAZA": "Medio", "FX2": "20221013_FX2_C03_C0R_17+500-SUCREO_PK023+265_VA", "LATITUD": 5.6779560000000515, "LONGITUD": -73.92573 }, "geometry": { "type": "Point", "coordinates": [ -73.92573, 5.677956, 0.0 ] } },
{ "type": "Feature", "properties": { "DEPTO": "(BOYACÁ)", "MUNICIPIO": "CHIQUINQUIRÁ", "VEREDA": "CASABLANCA", "GASODUCTO": "CENTRO - ORIENTE", "TRAMO": "Puente Guillermo - Sucre Oriental", "TP_DUCTO": "Troncal", "DISTRITO": "3", "PK_PAT": "26663", "TP_EVENTO": "SOCAVACIÓN DE FONDO", "PRIORIDAD": "Medio", "AMENAZA": "Medio", "FX2": "20221012_FX2_C03_C0R_PTE GUI-SUCREO_PK026+663_VA", "LATITUD": 5.6346, "LONGITUD": -73.7982 }, "geometry": { "type": "Point", "coordinates": [ -73.7982, 5.6346, 0.0 ] } },
{ "type": "Feature", "properties": { "DEPTO": "(SANTANDER)", "MUNICIPIO": "ALBANIA", "VEREDA": "MOCHILA", "GASODUCTO": "CENTRO - ORIENTE", "TRAMO": "Albania", "TP_DUCTO": "Ramal", "DISTRITO": "3", "PK_PAT": "1700", "TP_EVENTO": "SOCAVACIÓN DE FONDO", "PRIORIDAD": "Alto", "AMENAZA": "Alto", "FX2": "20221014_FX2_C03_COR_R-ALBANIA_PK001+700_VB", "LATITUD": 5.7383570000000645, "LONGITUD": -73.91805 }, "geometry": { "type": "Point", "coordinates": [ -73.91805, 5.738357, 0.0 ] } },
{ "type": "Feature", "properties": { "DEPTO": "(SANTANDER)", "MUNICIPIO": "FLORIÁN", "VEREDA": "LA VUELTIADA", "GASODUCTO": "CENTRO - ORIENTE", "TRAMO": "La Belleza - PK7+200", "TP_DUCTO": "Troncal", "DISTRITO": "3", "PK_PAT": "2970", "TP_EVENTO": "FLUJOS", "PRIORIDAD": "Medio", "AMENAZA": "Medio", "FX2": "20221013_FX2_C03_C0R_BELL-7+200_PK002+970_VA", "LATITUD": 5.8160500000000752, "LONGITUD": -73.97855 }, "geometry": { "type": "Point", "coordinates": [ -73.97855, 5.81605, 0.0 ] } },
{ "type": "Feature", "properties": { "DEPTO": "(SANTANDER)", "MUNICIPIO": "FLORIÁN", "VEREDA": "CENTRO", "GASODUCTO": "CENTRO - ORIENTE", "TRAMO": "PK7+200 - PK17+500", "TP_DUCTO": "Troncal", "DISTRITO": "3", "PK_PAT": "7620", "TP_EVENTO": "CARCAVAS", "PRIORIDAD": "Alto", "AMENAZA": "Alto", "FX2": "20221014_FX2_C03_C0R_7+200-17+500_PK007+620_VA", "LATITUD": 5.773672, "LONGITUD": -73.972143 }, "geometry": { "type": "Point", "coordinates": [ -73.972143, 5.773672, 0.0 ] } },
{ "type": "Feature", "properties": { "DEPTO": "(BOYACÁ)", "MUNICIPIO": "BRICEÑO", "VEREDA": "PALO BLANCO", "GASODUCTO": "CENTRO - ORIENTE", "TRAMO": "PK17+500 - Sucre Oriental", "TP_DUCTO": "Troncal", "DISTRITO": "3", "PK_PAT": "26550", "TP_EVENTO": "SOCAVACIÓN DE FONDO", "PRIORIDAD": "Alto", "AMENAZA": "Alto", "FX2": "20221013_FX2_C03_C0R_17+500-SUCREO_PK026+550_VA", "LATITUD": 5.6575, "LONGITUD": -73.90723 }, "geometry": { "type": "Point", "coordinates": [ -73.90723, 5.6575, 0.0 ] } },
{ "type": "Feature", "properties": { "DEPTO": "(SANTANDER)", "MUNICIPIO": "SAN VICENTE DE CHUCURÍ", "VEREDA": "GUADUAL", "GASODUCTO": "SUR DE BOLIVAR", "TRAMO": "Playa Roja - San Vicente", "TP_DUCTO": "Aislado", "DISTRITO": "1", "PK_PAT": "15045", "TP_EVENTO": "DESLIZAMIENTO TRASLACIONAL", "PRIORIDAD": "Alto", "AMENAZA": "Extremo", "FX2": "20221027_FX2_C01_SBO_S VIC-PLAYA R_PK015+045_VA", "LATITUD": 6.888226, "LONGITUD": -73.48258 }, "geometry": { "type": "Point", "coordinates": [ -73.48258, 6.888226, 0.0 ] } },
{ "type": "Feature", "properties": { "DEPTO": "(SANTANDER)", "MUNICIPIO": "CIMITARRA", "VEREDA": "SAN JUAN", "GASODUCTO": "CENTRO - ORIENTE", "TRAMO": "Barrancabermeja - Sebastopol", "TP_DUCTO": "Troncal", "DISTRITO": "1", "PK_PAT": "97790", "TP_EVENTO": "SOCAVACIÓN DE FONDO", "PRIORIDAD": "Alto", "AMENAZA": "Alto", "FX2": "20221025_FX2_C01_COR_BARRANC-SEB_PK 097+790_VA", "LATITUD": 6.5219473, "LONGITUD": -74.290555 }, "geometry": { "type": "Point", "coordinates": [ -74.290555, 6.521947300000022, 0.0 ] } },
{ "type": "Feature", "properties": { "DEPTO": "(SANTANDER)", "MUNICIPIO": "SAN VICENTE DE CHUCURÍ", "VEREDA": "LA TEMPESTUOSA", "GASODUCTO": "SUR DE BOLIVAR", "TRAMO": "Playa Roja - San Vicente", "TP_DUCTO": "Aislado", "DISTRITO": "1", "PK_PAT": "2026", "TP_EVENTO": "SOCAVACIÓN DE FONDO", "PRIORIDAD": "Medio", "AMENAZA": "Medio", "FX2": "20221025_FX2_C01_SBO_S VIC-PLAYA R_PK002+026_VB", "LATITUD": 6.8912, "LONGITUD": -73.582099 }, "geometry": { "type": "Point", "coordinates": [ -73.582099, 6.8912, 0.0 ] } },
{ "type": "Feature", "properties": { "DEPTO": "(SANTANDER)", "MUNICIPIO": "SAN VICENTE DE CHUCURÍ", "VEREDA": "NUEVO MUNDO", "GASODUCTO": "SUR DE BOLIVAR", "TRAMO": "Playa Roja - San Vicente", "TP_DUCTO": "Aislado", "DISTRITO": "1", "PK_PAT": "9225", "TP_EVENTO": "CARCAVAS", "PRIORIDAD": "Alto", "AMENAZA": "Alto", "FX2": "20221026_FX2_C01_SBO_S VIC-PLAYA R_PK009+225_VA", "LATITUD": 6.8841735, "LONGITUD": -73.5270919 }, "geometry": { "type": "Point", "coordinates": [ -73.527091899999959, 6.884173500000031, 0.0 ] } },
{ "type": "Feature", "properties": { "DEPTO": "(SANTANDER)", "MUNICIPIO": "SAN VICENTE DE CHUCURÍ", "VEREDA": "NUEVO MUNDO", "GASODUCTO": "SUR DE BOLIVAR", "TRAMO": "Playa Roja - San Vicente", "TP_DUCTO": "Aislado", "DISTRITO": "1", "PK_PAT": "11211", "TP_EVENTO": "SURCOS", "PRIORIDAD": "Medio", "AMENAZA": "Medio", "FX2": "20221026_FX2_C01_SBO_S VIC-PLAYA R_PK011+211_VA", "LATITUD": 6.8777251, "LONGITUD": -73.512004 }, "geometry": { "type": "Point", "coordinates": [ -73.512004, 6.877725100000021, 0.0 ] } },
{ "type": "Feature", "properties": { "DEPTO": "(SANTANDER)", "MUNICIPIO": "SAN VICENTE DE CHUCURÍ", "VEREDA": "GUADUAL", "GASODUCTO": "SUR DE BOLIVAR", "TRAMO": "Playa Roja - San Vicente", "TP_DUCTO": "Aislado", "DISTRITO": "1", "PK_PAT": "15783", "TP_EVENTO": "SOCAVACIÓN DE FONDO", "PRIORIDAD": "Medio", "AMENAZA": "Medio", "FX2": "20221028_FX2_C01_SBO_S VIC-PLAYA R_PK015+783_VB", "LATITUD": 6.8891, "LONGITUD": -73.4764 }, "geometry": { "type": "Point", "coordinates": [ -73.4764, 6.8891, 0.0 ] } },
{ "type": "Feature", "properties": { "DEPTO": "(SANTANDER)", "MUNICIPIO": "PUENTE NACIONAL", "VEREDA": "BAJO SAN DIMAS", "GASODUCTO": "CENTRO - ORIENTE", "TRAMO": "Puente Guillermo - Sucre Oriental", "TP_DUCTO": "Troncal", "DISTRITO": "3", "PK_PAT": "2668", "TP_EVENTO": "REPTACION", "PRIORIDAD": "Alto", "AMENAZA": "Extremo", "FX2": "20230102_FX2_C03_COR_PTE GUI-SUCREO_PK002+800_VC", "LATITUD": 5.8046430000000555, "LONGITUD": -73.705828 }, "geometry": { "type": "Point", "coordinates": [ -73.705828, 5.804643, 0.0 ] } },
{ "type": "Feature", "properties": { "DEPTO": "(CALDAS)", "MUNICIPIO": "NEIRA", "VEREDA": "BUENOS AIRES", "GASODUCTO": "MARIQUITA - CALI", "TRAMO": "Neira", "TP_DUCTO": "Ramal", "DISTRITO": "7", "PK_PAT": "21420", "TP_EVENTO": "DESLIZAMIENTO TRASLACIONAL", "PRIORIDAD": "Alto", "AMENAZA": "Extremo", "FX2": "20230112_FX2_C07_MC_R-NEIRA_PK021+420_VA", "LATITUD": 5.1573700000000713, "LONGITUD": -75.51 }, "geometry": { "type": "Point", "coordinates": [ -75.51, 5.15737, 0.0 ] } },
{ "type": "Feature", "properties": { "DEPTO": "(SANTANDER)", "MUNICIPIO": "PUENTE NACIONAL", "VEREDA": "JARANTIVA", "GASODUCTO": "PORVENIR - LA BELLEZA", "TRAMO": "Sutamarchan - La Belleza", "TP_DUCTO": "Troncal", "DISTRITO": "5", "PK_PAT": "150830", "TP_EVENTO": "OTRO", "PRIORIDAD": "Bajo", "AMENAZA": "Bajo", "FX2": "20221202_FX2_C05_PB_SUT-BELL_PK185+780_VB", "LATITUD": 5.8057830000000763, "LONGITUD": -73.664012 }, "geometry": { "type": "Point", "coordinates": [ -73.664012, 5.805783, 0.0 ] } },
{ "type": "Feature", "properties": { "DEPTO": "(CALDAS)", "MUNICIPIO": "MANZANARES", "VEREDA": "SANTODOMINGO", "GASODUCTO": "MARIQUITA - CALI", "TRAMO": "Manzanares", "TP_DUCTO": "Ramal", "DISTRITO": "7", "PK_PAT": "14496", "TP_EVENTO": "OTRO", "PRIORIDAD": "Alto", "AMENAZA": "Alto", "FX2": "20210803_FX2_C07_MC_R-MANZAN_PK014+496_VA", "LATITUD": 5.2306367, "LONGITUD": -75.115525 }, "geometry": { "type": "Point", "coordinates": [ -75.115525, 5.230636700000048, 0.0 ] } },
{ "type": "Feature", "properties": { "DEPTO": "(CALDAS)", "MUNICIPIO": "MANZANARES", "VEREDA": "LA CEIBA", "GASODUCTO": "MARIQUITA - CALI", "TRAMO": "Manzanares", "TP_DUCTO": "Ramal", "DISTRITO": "7", "PK_PAT": "9200", "TP_EVENTO": "SOCAVACIÓN LATERAL", "PRIORIDAD": "Alto", "AMENAZA": "Alto", "FX2": "20220209_FX2_C07_MC_R-MANZAN_PK009+200_VA", "LATITUD": 5.2352030000000696, "LONGITUD": -75.080643 }, "geometry": { "type": "Point", "coordinates": [ -75.080643, 5.235203, 0.0 ] } },
{ "type": "Feature", "properties": { "DEPTO": "(CUNDINAMARCA)", "MUNICIPIO": "GUADUAS", "VEREDA": "CEDRALES", "GASODUCTO": "CENTRO - ORIENTE", "TRAMO": "Puerto Salgar - Mariquita", "TP_DUCTO": "Troncal", "DISTRITO": "2", "PK_PAT": "251427", "TP_EVENTO": "CARCAVAS", "PRIORIDAD": "Medio", "AMENAZA": "Medio", "FX2": "20210929_FX2_C01_COR_PTO SALG-MAR_PK251+427_VA", "LATITUD": 5.422833, "LONGITUD": -74.649628 }, "geometry": { "type": "Point", "coordinates": [ -74.649628, 5.422833, 0.0 ] } },
{ "type": "Feature", "properties": { "DEPTO": "(CUNDINAMARCA)", "MUNICIPIO": "GUADUAS", "VEREDA": "CEDRALES", "GASODUCTO": "CENTRO - ORIENTE", "TRAMO": "Puerto Salgar - Mariquita", "TP_DUCTO": "Troncal", "DISTRITO": "2", "PK_PAT": "255117", "TP_EVENTO": "CARCAVAS", "PRIORIDAD": "Medio", "AMENAZA": "Medio", "FX2": "20210929_FX2_C01_COR_PTO SALG-MAR_PK255+117_VA", "LATITUD": 5.394292000000064, "LONGITUD": -74.664045 }, "geometry": { "type": "Point", "coordinates": [ -74.664045, 5.394292, 0.0 ] } },
{ "type": "Feature", "properties": { "DEPTO": "(TOLIMA)", "MUNICIPIO": "SAN SEBASTIÁN DE MARIQUITA", "VEREDA": "SAN ANTONIO", "GASODUCTO": "CENTRO - ORIENTE", "TRAMO": "Puerto Salgar - Mariquita", "TP_DUCTO": "Troncal", "DISTRITO": "2", "PK_PAT": "287907", "TP_EVENTO": "SOCAVACIÓN DE FONDO", "PRIORIDAD": "Alto", "AMENAZA": "Alto", "FX2": " 20210930_FX2_C01_COR_PTO SALG-MAR_PK287+452_VA", "LATITUD": 5.2749605700000757, "LONGITUD": -74.848084159999985 }, "geometry": { "type": "Point", "coordinates": [ -74.848084159999985, 5.274960570000076, 0.0 ] } },
{ "type": "Feature", "properties": { "DEPTO": "(HUILA)", "MUNICIPIO": "AIPE", "VEREDA": "RIO AIPE", "GASODUCTO": "CENTRO - ORIENTE", "TRAMO": "Guasimal - Dina", "TP_DUCTO": "Troncal", "DISTRITO": "2", "PK_PAT": "541438", "TP_EVENTO": "OTRO", "PRIORIDAD": "Alto", "AMENAZA": "Extremo", "FX2": "20220119_FX2_C02_COR_GUAS-DINA_PK541+438_VA", "LATITUD": 3.270298, "LONGITUD": -75.243902 }, "geometry": { "type": "Point", "coordinates": [ -75.243902, 3.270298, 0.0 ] } },
{ "type": "Feature", "properties": { "DEPTO": "(RISARALDA)", "MUNICIPIO": "BALBOA", "VEREDA": "PURACÉ", "GASODUCTO": "MARIQUITA - CALI", "TRAMO": "La Celia", "TP_DUCTO": "Ramal", "DISTRITO": "7", "PK_PAT": "3454", "TP_EVENTO": "SOCAVACIÓN DE FONDO", "PRIORIDAD": "Alto", "AMENAZA": "Extremo", "FX2": "20220510_FX2_C07_MC_R-LA CELIA_PK003+454_VA", "LATITUD": 4.9019683, "LONGITUD": -75.9372133 }, "geometry": { "type": "Point", "coordinates": [ -75.937213299999939, 4.901968300000021, 0.0 ] } },
{ "type": "Feature", "properties": { "DEPTO": "(VALLE DEL CAUCA)", "MUNICIPIO": "CARTAGO", "VEREDA": "PIEDRA DE MOLER", "GASODUCTO": "MARIQUITA - CALI", "TRAMO": "Marsella - Obando", "TP_DUCTO": "Troncal", "DISTRITO": "7", "PK_PAT": "173100", "TP_EVENTO": "SOCAVACIÓN DE FONDO", "PRIORIDAD": "Alto", "AMENAZA": "Extremo", "FX2": "20221027_FX2_C07_MC_MARS-OBAND_PK173+100_VA", "LATITUD": 4.7360256000001, "LONGITUD": -75.8779201 }, "geometry": { "type": "Point", "coordinates": [ -75.877920099999983, 4.736025600000062, 0.0 ] } },
{ "type": "Feature", "properties": { "DEPTO": "(RISARALDA)", "MUNICIPIO": "BALBOA", "VEREDA": "PURACÉ", "GASODUCTO": "MARIQUITA - CALI", "TRAMO": "La Celia", "TP_DUCTO": "Ramal", "DISTRITO": "7", "PK_PAT": "3657", "TP_EVENTO": "SOCAVACIÓN DE FONDO", "PRIORIDAD": "Alto", "AMENAZA": "Extremo", "FX2": "20220510_FX2_C07_MC_R-LA CELIA_PK003+657_VA", "LATITUD": 4.9030397220000737, "LONGITUD": -75.93889 }, "geometry": { "type": "Point", "coordinates": [ -75.93889, 4.903039722000074, 0.0 ] } },
{ "type": "Feature", "properties": { "DEPTO": "(VALLE DEL CAUCA)", "MUNICIPIO": "CAICEDONIA", "VEREDA": "MONTEGRANDE", "GASODUCTO": "MARIQUITA - CALI", "TRAMO": "Caicedonia", "TP_DUCTO": "Ramal", "DISTRITO": "8", "PK_PAT": "9618", "TP_EVENTO": "SOCAVACIÓN DE FONDO", "PRIORIDAD": "Alto", "AMENAZA": "Alto", "FX2": "20230116_FX2_C08_MC_R-CAICED_PK009+618_VA", "LATITUD": 4.3578000000000543, "LONGITUD": -75.8525 }, "geometry": { "type": "Point", "coordinates": [ -75.8525, 4.3578, 0.0 ] } },
{ "type": "Feature", "properties": { "DEPTO": "(BOYACÁ)", "MUNICIPIO": "PUERTO BOYACÁ", "VEREDA": "CALDERON", "GASODUCTO": "CENTRO - ORIENTE", "TRAMO": "La Belleza - Vasconia", "TP_DUCTO": "Troncal", "DISTRITO": "1", "PK_PAT": "309875", "TP_EVENTO": "DESLIZAMIENTO ROTACIONAL", "PRIORIDAD": "Medio", "AMENAZA": "Medio", "FX2": "20230303_FX2_C03_C0R_BELL-VASC_PK273+100_VA", "LATITUD": 6.0204000000000519, "LONGITUD": -74.5196 }, "geometry": { "type": "Point", "coordinates": [ -74.5196, 6.0204, 0.0 ] } },
{ "type": "Feature", "properties": { "DEPTO": "(SANTANDER)", "MUNICIPIO": "BARRANCABERMEJA", "VEREDA": "TENERIFE", "GASODUCTO": "CENTRO - ORIENTE", "TRAMO": "Barrancabermeja - Sebastopol", "TP_DUCTO": "Troncal", "DISTRITO": "1", "PK_PAT": "22277", "TP_EVENTO": "CARCAVAS", "PRIORIDAD": "Alto", "AMENAZA": "Alto", "FX2": "20230112_FX2_C01_C0R_BARRANC-SEB_PK022+277_VB", "LATITUD": 6.953475, "LONGITUD": -73.831846 }, "geometry": { "type": "Point", "coordinates": [ -73.831846, 6.953475, 0.0 ] } },
{ "type": "Feature", "properties": { "DEPTO": "(BOYACÁ)", "MUNICIPIO": "PUERTO BOYACÁ", "VEREDA": "LAS PAVAS", "GASODUCTO": "CENTRO - ORIENTE", "TRAMO": "La Belleza - Vasconia", "TP_DUCTO": "Troncal", "DISTRITO": "1", "PK_PAT": "287190", "TP_EVENTO": "SURCOS", "PRIORIDAD": "Medio", "AMENAZA": "Medio", "FX2": "20230302_FX2_C03_C0R_BELL-VASC_PK250+400_VA", "LATITUD": 5.8829000000000633, "LONGITUD": -74.3779 }, "geometry": { "type": "Point", "coordinates": [ -74.3779, 5.8829, 0.0 ] } },
{ "type": "Feature", "properties": { "DEPTO": "(VALLE DEL CAUCA)", "MUNICIPIO": "CAICEDONIA", "VEREDA": "MONTEGRANDE", "GASODUCTO": "MARIQUITA - CALI", "TRAMO": "Caicedonia", "TP_DUCTO": "Ramal", "DISTRITO": "8", "PK_PAT": "8610", "TP_EVENTO": "DESLIZAMIENTO TRASLACIONAL", "PRIORIDAD": "Bajo", "AMENAZA": "Bajo", "FX2": "20230116_FX2_C08_MC_R-CAICED_PK008+610_VA", "LATITUD": 4.3652000000000726, "LONGITUD": -75.8546 }, "geometry": { "type": "Point", "coordinates": [ -75.8546, 4.3652, 0.0 ] } },
{ "type": "Feature", "properties": { "DEPTO": "(BOYACÁ)", "MUNICIPIO": "PUERTO BOYACÁ", "VEREDA": "LAS PAVAS", "GASODUCTO": "CENTRO - ORIENTE", "TRAMO": "La Belleza - Vasconia", "TP_DUCTO": "Troncal", "DISTRITO": "1", "PK_PAT": "287690", "TP_EVENTO": "SOCAVACIÓN DE FONDO", "PRIORIDAD": "Alto", "AMENAZA": "Alto", "FX2": "20230302_FX2_C03_C0R_BELL-VASC_PK250+932_VA", "LATITUD": 5.8855, "LONGITUD": -74.3814 }, "geometry": { "type": "Point", "coordinates": [ -74.3814, 5.8855, 0.0 ] } },
{ "type": "Feature", "properties": { "DEPTO": "(BOYACÁ)", "MUNICIPIO": "SAN JOSÉ DE PARE", "VEREDA": "SAN ISIDRO", "GASODUCTO": "BOYACA - SANTANDER", "TRAMO": "San Jose de Pare", "TP_DUCTO": "Ramal", "DISTRITO": "5", "PK_PAT": "130", "TP_EVENTO": "DESLIZAMIENTO ROTACIONAL", "PRIORIDAD": "Bajo", "AMENAZA": "Bajo", "FX2": "20230209_FX2_C05_GBS_R-S JOSE PARE_PK000+130_VB", "LATITUD": 6.028609000000074, "LONGITUD": -73.5430018 }, "geometry": { "type": "Point", "coordinates": [ -73.543001799999956, 6.028609, 0.0 ] } },
{ "type": "Feature", "properties": { "DEPTO": "(CALDAS)", "MUNICIPIO": "MANIZALES", "VEREDA": "ÁREA URBANA", "GASODUCTO": "MARIQUITA - CALI", "TRAMO": "Manizales", "TP_DUCTO": "Ramal", "DISTRITO": "7", "PK_PAT": "2280", "TP_EVENTO": "DESLIZAMIENTO TRASLACIONAL", "PRIORIDAD": "Alto", "AMENAZA": "Extremo", "FX2": "20230417_FX2_C07_MC_R-MANIZALES_PK002+280_VA", "LATITUD": 5.0325280000000703, "LONGITUD": -75.44734 }, "geometry": { "type": "Point", "coordinates": [ -75.44734, 5.032528, 0.0 ] } },
{ "type": "Feature", "properties": { "DEPTO": "(BOYACÁ)", "MUNICIPIO": "MONIQUIRÁ", "VEREDA": "MACIEGAL", "GASODUCTO": "BOYACA - SANTANDER", "TRAMO": "Otero - Santana", "TP_DUCTO": "Troncal", "DISTRITO": "5", "PK_PAT": "17580", "TP_EVENTO": "OTRO", "PRIORIDAD": "Bajo", "AMENAZA": "Bajo", "FX2": "20230413_FX2_C05_GBS_OTERO-SANT_PK017+580_VB", "LATITUD": 5.92069, "LONGITUD": -73.619179 }, "geometry": { "type": "Point", "coordinates": [ -73.619179, 5.92069, 0.0 ] } },
{ "type": "Feature", "properties": { "DEPTO": "(QUINDIO)", "MUNICIPIO": "LA TEBAIDA", "VEREDA": "ALAMBRADO", "GASODUCTO": "MARIQUITA - CALI", "TRAMO": "Loop - Ramal Armenia", "TP_DUCTO": "Loop", "DISTRITO": "7", "PK_PAT": "29900", "TP_EVENTO": "DESLIZAMIENTO TRASLACIONAL", "PRIORIDAD": "Alto", "AMENAZA": "Alto", "FX2": "20211209_FX2_C08_MC_R-ARMENIA(L)_PK029+900_VA", "LATITUD": 4.453714, "LONGITUD": -75.846311 }, "geometry": { "type": "Point", "coordinates": [ -75.846311, 4.453714, 0.0 ] } },
{ "type": "Feature", "properties": { "DEPTO": "(CUNDINAMARCA)", "MUNICIPIO": "FÚQUENE", "VEREDA": "CHINZAUQUE", "GASODUCTO": "CENTRO - ORIENTE", "TRAMO": "Sucre Oriental - Cogua", "TP_DUCTO": "Troncal", "DISTRITO": "3", "PK_PAT": "58677", "TP_EVENTO": "OTRO", "PRIORIDAD": "Bajo", "AMENAZA": "Bajo", "FX2": "20230130_FX2_C05_COR_SUCREO-VASC_PK058+677_VB", "LATITUD": 5.4275640000000749, "LONGITUD": -73.772472 }, "geometry": { "type": "Point", "coordinates": [ -73.772472, 5.427564, 0.0 ] } },
{ "type": "Feature", "properties": { "DEPTO": "(RISARALDA)", "MUNICIPIO": "BALBOA", "VEREDA": "LA CANCHA ALTA", "GASODUCTO": "MARIQUITA - CALI", "TRAMO": "La Celia", "TP_DUCTO": "Ramal", "DISTRITO": "7", "PK_PAT": "3712", "TP_EVENTO": "SOCAVACIÓN DE FONDO", "PRIORIDAD": "Alto", "AMENAZA": "Alto", "FX2": "20220510_FX2_C07_MC_R-LA CELIA_PK003+712_VA", "LATITUD": 4.9032366670000442, "LONGITUD": -75.939393059999986 }, "geometry": { "type": "Point", "coordinates": [ -75.939393059999986, 4.903236667000044, 0.0 ] } },
{ "type": "Feature", "properties": { "DEPTO": "(QUINDIO)", "MUNICIPIO": "CALARCÁ", "VEREDA": "LA GRANJA", "GASODUCTO": "MARIQUITA - CALI", "TRAMO": "Calarca", "TP_DUCTO": "Ramal", "DISTRITO": "7", "PK_PAT": "8070", "TP_EVENTO": "SOCAVACIÓN DE FONDO", "PRIORIDAD": "Alto", "AMENAZA": "Alto", "FX2": "20220512_FX2_C08_MC_R-CALARCA_PK008+070_VA", "LATITUD": 4.4924500000000762, "LONGITUD": -75.68687 }, "geometry": { "type": "Point", "coordinates": [ -75.68687, 4.49245, 0.0 ] } },
{ "type": "Feature", "properties": { "DEPTO": "(BOYACÁ)", "MUNICIPIO": "PUERTO BOYACÁ", "VEREDA": "LAS PAVAS", "GASODUCTO": "CENTRO - ORIENTE", "TRAMO": "La Belleza - Vasconia", "TP_DUCTO": "Troncal", "DISTRITO": "1", "PK_PAT": "290281", "TP_EVENTO": "CARCAVAS", "PRIORIDAD": "Medio", "AMENAZA": "Medio", "FX2": "20230302_FX2_C03_C0R_BELL-VASC_PK253+466_VA", "LATITUD": 5.9018, "LONGITUD": -74.3939 }, "geometry": { "type": "Point", "coordinates": [ -74.3939, 5.9018, 0.0 ] } },
{ "type": "Feature", "properties": { "DEPTO": "(BOYACÁ)", "MUNICIPIO": "OTANCHE", "VEREDA": "EL CARMEN", "GASODUCTO": "CENTRO - ORIENTE", "TRAMO": "La Belleza - Vasconia", "TP_DUCTO": "Troncal", "DISTRITO": "1", "PK_PAT": "264405", "TP_EVENTO": "DESLIZAMIENTO TRASLACIONAL", "PRIORIDAD": "Alto", "AMENAZA": "Extremo", "FX2": "20230228_FX2_C03_C0R_BELL-VASC_PK041+892 (PK227+505)_VC", "LATITUD": 5.8242000000000758, "LONGITUD": -74.2476 }, "geometry": { "type": "Point", "coordinates": [ -74.2476, 5.8242, 0.0 ] } },
{ "type": "Feature", "properties": { "DEPTO": "(BOYACÁ)", "MUNICIPIO": "PUERTO BOYACÁ", "VEREDA": "LA PIZARRA", "GASODUCTO": "CENTRO - ORIENTE", "TRAMO": "La Belleza - Vasconia", "TP_DUCTO": "Troncal", "DISTRITO": "1", "PK_PAT": "290681", "TP_EVENTO": "CARCAVAS", "PRIORIDAD": "Medio", "AMENAZA": "Medio", "FX2": "20230301_FX2_C03_C0R_BELL-VASC_PK253+885_VA", "LATITUD": 5.9042000000000598, "LONGITUD": -74.3966 }, "geometry": { "type": "Point", "coordinates": [ -74.3966, 5.9042, 0.0 ] } },
{ "type": "Feature", "properties": { "DEPTO": "(BOYACÁ)", "MUNICIPIO": "PUERTO BOYACÁ", "VEREDA": "CALDERON", "GASODUCTO": "CENTRO - ORIENTE", "TRAMO": "Puerto Romero - Vasconia", "TP_DUCTO": "Loop", "DISTRITO": "1", "PK_PAT": "15650", "TP_EVENTO": "CARCAVAS", "PRIORIDAD": "Medio", "AMENAZA": "Medio", "FX2": "20230303_FX2_C03_C0R_PTO ROM-VASC_PK015+535_VA", "LATITUD": 6.0190000000000623, "LONGITUD": -74.5187 }, "geometry": { "type": "Point", "coordinates": [ -74.5187, 6.019, 0.0 ] } },
{ "type": "Feature", "properties": { "DEPTO": "(CESAR)", "MUNICIPIO": "CHIRIGUANÁ", "VEREDA": "SIN INFORMACION", "GASODUCTO": "BALLENA - BARRANCABERMEJA", "TRAMO": "Casacara - Curumani", "TP_DUCTO": "Troncal", "DISTRITO": "6", "PK_PAT": "286502", "TP_EVENTO": "CARCAVAS", "PRIORIDAD": "Alto", "AMENAZA": "Extremo", "FX2": "20230123_FX2_PM1_BB_CASAC-CURUM_PK286+502_VC", "LATITUD": 9.455, "LONGITUD": -73.4739 }, "geometry": { "type": "Point", "coordinates": [ -73.4739, 9.455, 0.0 ] } },
{ "type": "Feature", "properties": { "DEPTO": "(BOYACÁ)", "MUNICIPIO": "MONIQUIRÁ", "VEREDA": "MACIEGAL", "GASODUCTO": "BOYACA - SANTANDER", "TRAMO": "Otero - Santana", "TP_DUCTO": "Troncal", "DISTRITO": "5", "PK_PAT": "17720", "TP_EVENTO": "OTRO", "PRIORIDAD": "Bajo", "AMENAZA": "Bajo", "FX2": "20230413_FX2_C05_GBS_OTERO-SANT_PK017+720_VB", "LATITUD": 5.9212870000000635, "LONGITUD": -73.618444 }, "geometry": { "type": "Point", "coordinates": [ -73.618444, 5.921287, 0.0 ] } },
{ "type": "Feature", "properties": { "DEPTO": "(CALDAS)", "MUNICIPIO": "VILLAMARÍA", "VEREDA": "LA FLORIDA", "GASODUCTO": "MARIQUITA - CALI", "TRAMO": "Letras - Marsella", "TP_DUCTO": "Troncal", "DISTRITO": "7", "PK_PAT": "82985", "TP_EVENTO": "CARCAVAS", "PRIORIDAD": "Alto", "AMENAZA": "Alto", "FX2": "20230417_FX2_C07_MC_LET-MARS_PK082+985_VB", "LATITUD": 5.0196, "LONGITUD": -75.4528 }, "geometry": { "type": "Point", "coordinates": [ -75.4528, 5.0196, 0.0 ] } },
{ "type": "Feature", "properties": { "DEPTO": "(CESAR)", "MUNICIPIO": "AGUSTÍN CODAZZI", "VEREDA": "PUNTA ARRECHA", "GASODUCTO": "BALLENA - BARRANCABERMEJA", "TRAMO": "Jagua del Pilar - Casacara", "TP_DUCTO": "Troncal", "DISTRITO": "6", "PK_PAT": "218731", "TP_EVENTO": "SURCOS", "PRIORIDAD": "Medio", "AMENAZA": "Medio", "FX2": "20230629_FX2_PM1_BB_JAGUA-CASAC_PK218+731_VA", "LATITUD": 10.005201, "LONGITUD": -73.286976 }, "geometry": { "type": "Point", "coordinates": [ -73.286976, 10.005201, 0.0 ] } },
{ "type": "Feature", "properties": { "DEPTO": "(META)", "MUNICIPIO": "VILLAVICENCIO", "VEREDA": "SAN JUAN BOSCO", "GASODUCTO": "CUSIANA - APIAY - USME", "TRAMO": "PK65 - Apiay", "TP_DUCTO": "Troncal", "DISTRITO": "4", "PK_PAT": "144440", "TP_EVENTO": "SOCAVACIÓN LATERAL", "PRIORIDAD": "Alto", "AMENAZA": "Extremo", "FX2": "20221101_FX2_C06_CAU_PK65-APIAY_PK143+999_VB", "LATITUD": 4.1289390000000594, "LONGITUD": -73.382674 }, "geometry": { "type": "Point", "coordinates": [ -73.382674, 4.128939, 0.0 ] } },
{ "type": "Feature", "properties": { "DEPTO": "(BOYACÁ)", "MUNICIPIO": "MONIQUIRÁ", "VEREDA": "NEVAL Y CRUCES", "GASODUCTO": "BOYACA - SANTANDER", "TRAMO": "Togui", "TP_DUCTO": "Ramal", "DISTRITO": "5", "PK_PAT": "6688", "TP_EVENTO": "REPTACION", "PRIORIDAD": "Alto", "AMENAZA": "Extremo", "FX2": "20221129_FX2_C05_GBS_R-TOGUI_PK006+688_VA", "LATITUD": 5.8931499, "LONGITUD": -73.5683738 }, "geometry": { "type": "Point", "coordinates": [ -73.568373799999961, 5.893149900000026, 0.0 ] } },
{ "type": "Feature", "properties": { "DEPTO": "(SANTANDER)", "MUNICIPIO": "FLORIÁN", "VEREDA": "MOPORA", "GASODUCTO": "CENTRO - ORIENTE", "TRAMO": "PK7+200 - PK17+500", "TP_DUCTO": "Troncal", "DISTRITO": "3", "PK_PAT": "12120", "TP_EVENTO": "CARCAVAS", "PRIORIDAD": "Medio", "AMENAZA": "Medio", "FX2": "20230517_FX2_C03_COR_7+200-17+500_PK012+120_VA", "LATITUD": 5.745200000000068, "LONGITUD": -73.9645 }, "geometry": { "type": "Point", "coordinates": [ -73.9645, 5.7452, 0.0 ] } },
{ "type": "Feature", "properties": { "DEPTO": "(META)", "MUNICIPIO": "GRANADA", "VEREDA": "EL IRACA", "GASODUCTO": "GASODUCTO DEL ARIARI", "TRAMO": "Gasoducto del Ariari", "TP_DUCTO": "Ramal Remitente", "DISTRITO": "4", "PK_PAT": "49880", "TP_EVENTO": "OTRO", "PRIORIDAD": "Alto", "AMENAZA": "Extremo", "FX2": "20221206_FX2_C06_AA_ARIARI_PK049+880_VA", "LATITUD": 3.61735, "LONGITUD": -73.70818 }, "geometry": { "type": "Point", "coordinates": [ -73.70818, 3.61735, 0.0 ] } },
{ "type": "Feature", "properties": { "DEPTO": "(META)", "MUNICIPIO": "VILLAVICENCIO", "VEREDA": "SAN JUAN BOSCO", "GASODUCTO": "CUSIANA - APIAY - USME", "TRAMO": "PK65 - Apiay", "TP_DUCTO": "Troncal", "DISTRITO": "4", "PK_PAT": "146320", "TP_EVENTO": "OTRO", "PRIORIDAD": "Alto", "AMENAZA": "Alto", "FX2": " ", "LATITUD": 4.1126370000000634, "LONGITUD": -73.381824 }, "geometry": { "type": "Point", "coordinates": [ -73.381824, 4.112637, 0.0 ] } },
{ "type": "Feature", "properties": { "DEPTO": "(BOYACÁ)", "MUNICIPIO": "CALDAS", "VEREDA": "VUELTAS", "GASODUCTO": "CENTRO - ORIENTE", "TRAMO": "PK17+500 - Sucre Oriental", "TP_DUCTO": "Troncal", "DISTRITO": "3", "PK_PAT": "31047", "TP_EVENTO": "SOCAVACIÓN LATERAL", "PRIORIDAD": "Alto", "AMENAZA": "Alto", "FX2": "20230316_FX2_C03_COR_17+500-SUCREO_PK031+047_VA", "LATITUD": 5.6261338, "LONGITUD": -73.8848035 }, "geometry": { "type": "Point", "coordinates": [ -73.884803499999975, 5.626133800000048, 0.0 ] } },
{ "type": "Feature", "properties": { "DEPTO": "(BOYACÁ)", "MUNICIPIO": "SANTA ROSA DE VITERBO", "VEREDA": "PEÑITAS", "GASODUCTO": "BOYACA - SANTANDER", "TRAMO": "Belen", "TP_DUCTO": "Ramal", "DISTRITO": "5", "PK_PAT": "10840", "TP_EVENTO": "SURCOS", "PRIORIDAD": "Alto", "AMENAZA": "Extremo", "FX2": "20230316_FX2_C05_GBS_R-BELEN_PK010+840_VB", "LATITUD": 5.8454, "LONGITUD": -72.9853 }, "geometry": { "type": "Point", "coordinates": [ -72.9853, 5.8454, 0.0 ] } },
{ "type": "Feature", "properties": { "DEPTO": "(BOYACÁ)", "MUNICIPIO": "SABOYÁ", "VEREDA": "LAJITA", "GASODUCTO": "CENTRO - ORIENTE", "TRAMO": "Puente Guillermo - Sucre Oriental", "TP_DUCTO": "Troncal", "DISTRITO": "3", "PK_PAT": "10740", "TP_EVENTO": "SOCAVACIÓN LATERAL", "PRIORIDAD": "Alto", "AMENAZA": "Alto", "FX2": "20230519_FX2_C03_COR_PTE GUI-SUCREO_PK010+740_VA", "LATITUD": 5.75172, "LONGITUD": -73.7428 }, "geometry": { "type": "Point", "coordinates": [ -73.7428, 5.75172, 0.0 ] } },
{ "type": "Feature", "properties": { "DEPTO": "(TOLIMA)", "MUNICIPIO": "LÍBANO", "VEREDA": "EL PARAISO", "GASODUCTO": "CENTRO - ORIENTE", "TRAMO": "Libano", "TP_DUCTO": "Ramal", "DISTRITO": "2", "PK_PAT": "18568", "TP_EVENTO": "DESLIZAMIENTO TRASLACIONAL", "PRIORIDAD": "Alto", "AMENAZA": "Alto", "FX2": "20230404_FX2_C02_COR_R-LIBANO_PK018+568_VA", "LATITUD": 4.9027840000000538, "LONGITUD": -75.032465 }, "geometry": { "type": "Point", "coordinates": [ -75.032465, 4.902784, 0.0 ] } },
{ "type": "Feature", "properties": { "DEPTO": "(CALDAS)", "MUNICIPIO": "MANIZALES", "VEREDA": "LA ENEA PARTE", "GASODUCTO": "MARIQUITA - CALI", "TRAMO": "Letras - Marsella", "TP_DUCTO": "Troncal", "DISTRITO": "7", "PK_PAT": "76260", "TP_EVENTO": "DESLIZAMIENTO TRASLACIONAL", "PRIORIDAD": "Medio", "AMENAZA": "Medio", "FX2": "20230503_FX2_C07_MC_LET-MARS_PK076+260_VA", "LATITUD": 5.04513, "LONGITUD": -75.40704 }, "geometry": { "type": "Point", "coordinates": [ -75.40704, 5.04513, 0.0 ] } },
{ "type": "Feature", "properties": { "DEPTO": "(CALDAS)", "MUNICIPIO": "MANIZALES", "VEREDA": "LA ENEA PARTE", "GASODUCTO": "MARIQUITA - CALI", "TRAMO": "Neira", "TP_DUCTO": "Ramal", "DISTRITO": "7", "PK_PAT": "890", "TP_EVENTO": "DESLIZAMIENTO TRASLACIONAL", "PRIORIDAD": "Alto", "AMENAZA": "Alto", "FX2": "20230428_FX2_C07_MC_R-NEIRA_PK000+890_VA", "LATITUD": 5.0436, "LONGITUD": -75.449935 }, "geometry": { "type": "Point", "coordinates": [ -75.449935, 5.0436, 0.0 ] } },
{ "type": "Feature", "properties": { "DEPTO": "(TOLIMA)", "MUNICIPIO": "GUAMO", "VEREDA": "CAÑADA BAJA", "GASODUCTO": "CENTRO - ORIENTE", "TRAMO": "Gualanday - Guasimal", "TP_DUCTO": "Troncal", "DISTRITO": "2", "PK_PAT": "432591", "TP_EVENTO": "SOCAVACIÓN DE FONDO", "PRIORIDAD": "Alto", "AMENAZA": "Alto", "FX2": "20230221_FX2_C02_COR_GUAL-GUAS_PK432+591_VA", "LATITUD": 4.143136, "LONGITUD": -74.978821 }, "geometry": { "type": "Point", "coordinates": [ -74.978821, 4.143136, 0.0 ] } },
{ "type": "Feature", "properties": { "DEPTO": "(TOLIMA)", "MUNICIPIO": "FRESNO", "VEREDA": "LA CRISTALINA", "GASODUCTO": "MARIQUITA - CALI", "TRAMO": "Manzanares", "TP_DUCTO": "Ramal", "DISTRITO": "7", "PK_PAT": "5620", "TP_EVENTO": "DESLIZAMIENTO TRASLACIONAL", "PRIORIDAD": "Medio", "AMENAZA": "Medio", "FX2": "20230628_FX2_C07_MC_R-MANZAN_PK005+620_VA", "LATITUD": 5.2129008000001, "LONGITUD": -75.06548 }, "geometry": { "type": "Point", "coordinates": [ -75.06548, 5.212900800000057, 0.0 ] } },
{ "type": "Feature", "properties": { "DEPTO": "(BOYACÁ)", "MUNICIPIO": "OTANCHE", "VEREDA": "S JOSÉ NAZARETH", "GASODUCTO": "CENTRO - ORIENTE", "TRAMO": "La Belleza - Vasconia", "TP_DUCTO": "Troncal", "DISTRITO": "1", "PK_PAT": "245500", "TP_EVENTO": "FLUJOS", "PRIORIDAD": "Alto", "AMENAZA": "Alto", "FX2": "20230711_FX2_C03_C0R_BELL-VASC_PK211+000_VA", "LATITUD": 5.8105, "LONGITUD": -74.1180917 }, "geometry": { "type": "Point", "coordinates": [ -74.118091699999979, 5.8105, 0.0 ] } },
{ "type": "Feature", "properties": { "DEPTO": "(RISARALDA)", "MUNICIPIO": "BALBOA", "VEREDA": "LA CANCHA ALTA", "GASODUCTO": "MARIQUITA - CALI", "TRAMO": "La Celia", "TP_DUCTO": "Ramal", "DISTRITO": "7", "PK_PAT": "6890", "TP_EVENTO": "DESLIZAMIENTO TRASLACIONAL", "PRIORIDAD": "Medio", "AMENAZA": "Medio", "FX2": "20230629_FX2_C07_MC_R-LA CELIA_PK006+890_VA", "LATITUD": 4.92087, "LONGITUD": -75.9541 }, "geometry": { "type": "Point", "coordinates": [ -75.9541, 4.92087, 0.0 ] } },
{ "type": "Feature", "properties": { "DEPTO": "(CALDAS)", "MUNICIPIO": "MANZANARES", "VEREDA": "LAS MARGARITAS", "GASODUCTO": "MARIQUITA - CALI", "TRAMO": "Manzanares", "TP_DUCTO": "Ramal", "DISTRITO": "7", "PK_PAT": "9950", "TP_EVENTO": "CARCAVAS", "PRIORIDAD": "Alto", "AMENAZA": "Extremo", "FX2": "20230628_FX2_C07_MC_R-MANZAN_PK009+950_VA", "LATITUD": 5.2401100000000724, "LONGITUD": -75.08434 }, "geometry": { "type": "Point", "coordinates": [ -75.08434, 5.24011, 0.0 ] } },
{ "type": "Feature", "properties": { "DEPTO": "(BOYACÁ)", "MUNICIPIO": "MONIQUIRÁ", "VEREDA": "NOVILLERO", "GASODUCTO": "BOYACA - SANTANDER", "TRAMO": "Togui", "TP_DUCTO": "Ramal", "DISTRITO": "5", "PK_PAT": "5820", "TP_EVENTO": "SOCAVACIÓN DE FONDO", "PRIORIDAD": "Alto", "AMENAZA": "Extremo", "FX2": "20220402_FX2_C05_GBS_R-TOGUI_PK005+820_VA", "LATITUD": 5.89806, "LONGITUD": -73.572 }, "geometry": { "type": "Point", "coordinates": [ -73.572, 5.89806, 0.0 ] } },
{ "type": "Feature", "properties": { "DEPTO": "(SANTANDER)", "MUNICIPIO": "PUENTE NACIONAL", "VEREDA": "ALTO SAN DIMAS", "GASODUCTO": "CENTRO - ORIENTE", "TRAMO": "Puente Guillermo - Sucre Oriental", "TP_DUCTO": "Troncal", "DISTRITO": "3", "PK_PAT": "6355", "TP_EVENTO": "SOCAVACIÓN LATERAL", "PRIORIDAD": "Medio", "AMENAZA": "Medio", "FX2": "20230519_FX2_C03_COR_PTE GUI-SUCREO_PK006+355_VA", "LATITUD": 5.7798867, "LONGITUD": -73.7227852 }, "geometry": { "type": "Point", "coordinates": [ -73.722785199999976, 5.77988670000002, 0.0 ] } },
{ "type": "Feature", "properties": { "DEPTO": "(CUNDINAMARCA)", "MUNICIPIO": "SUSA", "VEREDA": "LLANO GRANDE", "GASODUCTO": "CENTRO - ORIENTE", "TRAMO": "Susa", "TP_DUCTO": "Ramal", "DISTRITO": "3", "PK_PAT": "1473", "TP_EVENTO": "SOCAVACIÓN DE FONDO", "PRIORIDAD": "Alto", "AMENAZA": "Alto", "FX2": "20230518_FX2_C03_COR_R-SUSA_PK001+473_VA", "LATITUD": 5.4705500000000598, "LONGITUD": -73.793672 }, "geometry": { "type": "Point", "coordinates": [ -73.793672, 5.47055, 0.0 ] } },
{ "type": "Feature", "properties": { "DEPTO": "(BOYACÁ)", "MUNICIPIO": "MIRAFLORES", "VEREDA": "CHAPASIA", "GASODUCTO": "CUSIANA - PORVENIR", "TRAMO": "Cusiana - Miraflores", "TP_DUCTO": "Troncal", "DISTRITO": "5", "PK_PAT": "47270", "TP_EVENTO": "OTRO", "PRIORIDAD": "Medio", "AMENAZA": "Medio", "FX2": "20230518_FX2_C05_CP_CUS-MIRAF_PK047+270_VB", "LATITUD": 5.1683, "LONGITUD": -73.1153 }, "geometry": { "type": "Point", "coordinates": [ -73.1153, 5.1683, 0.0 ] } },
{ "type": "Feature", "properties": { "DEPTO": "(BOYACÁ)", "MUNICIPIO": "OTANCHE", "VEREDA": "ALTAZOR", "GASODUCTO": "CENTRO - ORIENTE", "TRAMO": "La Belleza - Vasconia", "TP_DUCTO": "Loop", "DISTRITO": "1", "PK_PAT": "25557", "TP_EVENTO": "FLUJOS", "PRIORIDAD": "Alto", "AMENAZA": "Alto", "FX2": "20230711_FX2_C03_C0R_BELL-VASC_PK213+477_VA", "LATITUD": 5.8185, "LONGITUD": -74.1326 }, "geometry": { "type": "Point", "coordinates": [ -74.1326, 5.8185, 0.0 ] } },
{ "type": "Feature", "properties": { "DEPTO": "(CUNDINAMARCA)", "MUNICIPIO": "SUTATAUSA", "VEREDA": "OJO DE AGUA", "GASODUCTO": "CENTRO - ORIENTE", "TRAMO": "Sutatausa", "TP_DUCTO": "Ramal", "DISTRITO": "3", "PK_PAT": "8186", "TP_EVENTO": "SOCAVACIÓN LATERAL", "PRIORIDAD": "Medio", "AMENAZA": "Medio", "FX2": "20231026_FX2_C03_COR_R-SUTATAUSA_PK008+186_VA", "LATITUD": 5.2579000000000633, "LONGITUD": -73.8494 }, "geometry": { "type": "Point", "coordinates": [ -73.8494, 5.2579, 0.0 ] } },
{ "type": "Feature", "properties": { "DEPTO": "(TOLIMA)", "MUNICIPIO": "PIEDRAS", "VEREDA": "ESTACION DOIMA", "GASODUCTO": "CENTRO - ORIENTE", "TRAMO": "Mariquita - Gualanday", "TP_DUCTO": "Troncal", "DISTRITO": "2", "PK_PAT": "396784", "TP_EVENTO": "OTRO", "PRIORIDAD": "Alto", "AMENAZA": "Alto", "FX2": "20220120_FX2_C02_COR_MAR-GUAL_PK396+784_VA", "LATITUD": 4.399758, "LONGITUD": -75.03178 }, "geometry": { "type": "Point", "coordinates": [ -75.03178, 4.399758, 0.0 ] } },
{ "type": "Feature", "properties": { "DEPTO": "(SANTANDER)", "MUNICIPIO": "CIMITARRA", "VEREDA": "PUERTO OLAYA", "GASODUCTO": "CENTRO - ORIENTE", "TRAMO": "Barrancabermeja - Sebastopol", "TP_DUCTO": "Troncal", "DISTRITO": "1", "PK_PAT": "99239", "TP_EVENTO": "SOCAVACIÓN LATERAL", "PRIORIDAD": "Medio", "AMENAZA": "Medio", "FX2": "20230811_FX2_C01_C0R_BARRANC-SEB_PK099+239_VA", "LATITUD": 6.51836, "LONGITUD": -74.30316 }, "geometry": { "type": "Point", "coordinates": [ -74.30316, 6.51836, 0.0 ] } },
{ "type": "Feature", "properties": { "DEPTO": "(BOYACÁ)", "MUNICIPIO": "PUERTO BOYACÁ", "VEREDA": "LAS QUINCHAS", "GASODUCTO": "CENTRO - ORIENTE", "TRAMO": "La Belleza - Vasconia", "TP_DUCTO": "Loop", "DISTRITO": "1", "PK_PAT": "54250", "TP_EVENTO": "REPTACION", "PRIORIDAD": "Alto", "AMENAZA": "Alto", "FX2": "20230712_FX2_C03_C0R_BELL-VASC_PK239+950 (054+250)_VC", "LATITUD": 5.8243000000000507, "LONGITUD": -74.3154 }, "geometry": { "type": "Point", "coordinates": [ -74.3154, 5.8243, 0.0 ] } },
{ "type": "Feature", "properties": { "DEPTO": "(BOYACÁ)", "MUNICIPIO": "OTANCHE", "VEREDA": "CARTAGENA", "GASODUCTO": "CENTRO - ORIENTE", "TRAMO": "La Belleza - Vasconia", "TP_DUCTO": "Troncal", "DISTRITO": "1", "PK_PAT": "238345", "TP_EVENTO": "SOCAVACIÓN LATERAL", "PRIORIDAD": "Medio", "AMENAZA": "Medio", "FX2": "20230516_FX2_C03_COR_BELL-VASC_PK203+685_VA", "LATITUD": 5.8178, "LONGITUD": -74.0795 }, "geometry": { "type": "Point", "coordinates": [ -74.0795, 5.8178, 0.0 ] } },
{ "type": "Feature", "properties": { "DEPTO": "(SANTANDER)", "MUNICIPIO": "CIMITARRA", "VEREDA": "RIVERAS DEL SAN JUAN", "GASODUCTO": "CENTRO - ORIENTE", "TRAMO": "Barrancabermeja - Sebastopol", "TP_DUCTO": "Troncal", "DISTRITO": "1", "PK_PAT": "76818", "TP_EVENTO": "CARCAVAS", "PRIORIDAD": "Medio", "AMENAZA": "Medio", "FX2": "20230809_FX2_C01_C0R_BARRANC-SEB_PK076+818_VB", "LATITUD": 6.5980036, "LONGITUD": -74.1260519 }, "geometry": { "type": "Point", "coordinates": [ -74.126051899999936, 6.598003600000027, 0.0 ] } },
{ "type": "Feature", "properties": { "DEPTO": "(SANTANDER)", "MUNICIPIO": "CIMITARRA", "VEREDA": "RIVERAS DEL SAN JUAN", "GASODUCTO": "CENTRO - ORIENTE", "TRAMO": "Barrancabermeja - Sebastopol", "TP_DUCTO": "Troncal", "DISTRITO": "1", "PK_PAT": "78003", "TP_EVENTO": "CARCAVAS", "PRIORIDAD": "Medio", "AMENAZA": "Medio", "FX2": "20230809_FX2_C01_C0R_BARRANC-SEB_PK078+003_VA", "LATITUD": 6.592675, "LONGITUD": -74.135245 }, "geometry": { "type": "Point", "coordinates": [ -74.135245, 6.592675, 0.0 ] } },
{ "type": "Feature", "properties": { "DEPTO": "(SANTANDER)", "MUNICIPIO": "SAN VICENTE DE CHUCURÍ", "VEREDA": "LLANA CALIENTE", "GASODUCTO": "SUR DE BOLIVAR", "TRAMO": "Playa Roja - San Vicente", "TP_DUCTO": "Aislado", "DISTRITO": "1", "PK_PAT": "4290", "TP_EVENTO": "SOCAVACIÓN LATERAL", "PRIORIDAD": "Alto", "AMENAZA": "Alto", "FX2": "20230613_FX2_C01_SBO_S VIC-PLAYA R_PK004+290_VB", "LATITUD": 6.893021, "LONGITUD": -73.5632276 }, "geometry": { "type": "Point", "coordinates": [ -73.563227599999948, 6.893021, 0.0 ] } },
{ "type": "Feature", "properties": { "DEPTO": "(SANTANDER)", "MUNICIPIO": "SAN VICENTE DE CHUCURÍ", "VEREDA": "GUADUAL", "GASODUCTO": "SUR DE BOLIVAR", "TRAMO": "Playa Roja - San Vicente", "TP_DUCTO": "Aislado", "DISTRITO": "1", "PK_PAT": "16987", "TP_EVENTO": "SOCAVACIÓN LATERAL", "PRIORIDAD": "Medio", "AMENAZA": "Medio", "FX2": "20230614_FX2_C01_SBO_S VIC-PLAYA R_PK016+987_VA", "LATITUD": 6.8928290000000629, "LONGITUD": -73.4668908 }, "geometry": { "type": "Point", "coordinates": [ -73.466890799999987, 6.892829, 0.0 ] } },
{ "type": "Feature", "properties": { "DEPTO": "(META)", "MUNICIPIO": "ACACÍAS", "VEREDA": "PORTACHUELO", "GASODUCTO": "CUSIANA - APIAY - USME", "TRAMO": "Villavicencio - Usme", "TP_DUCTO": "Troncal", "DISTRITO": "4", "PK_PAT": "60418", "TP_EVENTO": "DESLIZAMIENTO TRASLACIONAL", "PRIORIDAD": "Alto", "AMENAZA": "Alto", "FX2": "20230917_FX2_C06_CAU_VILLAV-USME_PK060+418_VD", "LATITUD": 4.194262, "LONGITUD": -73.814757 }, "geometry": { "type": "Point", "coordinates": [ -73.814757, 4.194262, 0.0 ] } },
{ "type": "Feature", "properties": { "DEPTO": "(BOYACÁ)", "MUNICIPIO": "OTANCHE", "VEREDA": "CAMILO", "GASODUCTO": "CENTRO - ORIENTE", "TRAMO": "La Belleza - Vasconia", "TP_DUCTO": "Troncal", "DISTRITO": "1", "PK_PAT": "258220", "TP_EVENTO": "DESLIZAMIENTO ROTACIONAL", "PRIORIDAD": "Medio", "AMENAZA": "Medio", "FX2": "20230314_FX2_C03_C0R_BELL-VASC_PK221+534_VB", "LATITUD": 5.8254824000001, "LONGITUD": -74.2080948 }, "geometry": { "type": "Point", "coordinates": [ -74.208094799999969, 5.825482400000055, 0.0 ] } },
{ "type": "Feature", "properties": { "DEPTO": "(SANTANDER)", "MUNICIPIO": "FLORIÁN", "VEREDA": "OTRO MUNDO", "GASODUCTO": "CENTRO - ORIENTE", "TRAMO": "La Belleza - Vasconia", "TP_DUCTO": "Loop", "DISTRITO": "3", "PK_PAT": "9549", "TP_EVENTO": "FLUJOS", "PRIORIDAD": "Alto", "AMENAZA": "Extremo", "FX2": "20230919_FX2_C03_COR_BELL-VASC_PK197+549 (009+549)_VC", "LATITUD": 5.839394, "LONGITUD": -74.034673 }, "geometry": { "type": "Point", "coordinates": [ -74.034673, 5.839394, 0.0 ] } },
{ "type": "Feature", "properties": { "DEPTO": "(TOLIMA)", "MUNICIPIO": "GUAMO", "VEREDA": "LAS MERCEDES", "GASODUCTO": "CENTRO - ORIENTE", "TRAMO": "Gualanday - Guasimal", "TP_DUCTO": "Troncal", "DISTRITO": "2", "PK_PAT": "425051", "TP_EVENTO": "OTRO", "PRIORIDAD": "Alto", "AMENAZA": "Extremo", "FX2": "20230921_FX2_C02_COR_GUAL-GUAS_PK425+051_VA", "LATITUD": 4.2080570000000534, "LONGITUD": -74.995913 }, "geometry": { "type": "Point", "coordinates": [ -74.995913, 4.208057, 0.0 ] } },
{ "type": "Feature", "properties": { "DEPTO": "(BOYACÁ)", "MUNICIPIO": "PUERTO BOYACÁ", "VEREDA": "LAS QUINCHAS", "GASODUCTO": "CENTRO - ORIENTE", "TRAMO": "La Belleza - Vasconia", "TP_DUCTO": "Troncal", "DISTRITO": "1", "PK_PAT": "277308", "TP_EVENTO": "SOCAVACIÓN LATERAL", "PRIORIDAD": "Alto", "AMENAZA": "Alto", "FX2": "20231003_FX2_C03_COR_BELL-VASC_PK240+590 (277+308)_VB", "LATITUD": 5.829232, "LONGITUD": -74.31646 }, "geometry": { "type": "Point", "coordinates": [ -74.31646, 5.829232, 0.0 ] } },
{ "type": "Feature", "properties": { "DEPTO": "(VALLE DEL CAUCA)", "MUNICIPIO": "CARTAGO", "VEREDA": "PIEDRA DE MOLER", "GASODUCTO": "MARIQUITA - CALI", "TRAMO": "Marsella - Obando", "TP_DUCTO": "Troncal", "DISTRITO": "7", "PK_PAT": "174460", "TP_EVENTO": "OTRO", "PRIORIDAD": "Alto", "AMENAZA": "Extremo", "FX2": "20220511_FX2_C08_MC_MARS-OBAND_PK174+400_VA", "LATITUD": 4.7268500000000699, "LONGITUD": -75.882083329999944 }, "geometry": { "type": "Point", "coordinates": [ -75.882083329999944, 4.72685, 0.0 ] } },
{ "type": "Feature", "properties": { "DEPTO": "(SANTANDER)", "MUNICIPIO": "FLORIÁN", "VEREDA": "OTRO MUNDO", "GASODUCTO": "CENTRO - ORIENTE", "TRAMO": "La Belleza - Vasconia", "TP_DUCTO": "Loop", "DISTRITO": "3", "PK_PAT": "10857", "TP_EVENTO": "REPTACION", "PRIORIDAD": "Alto", "AMENAZA": "Extremo", "FX2": "20231109_FX2_C05_COR_BELL-VASC(L)_PK198+700 (PK010+857)_VD", "LATITUD": 5.8429, "LONGITUD": -74.0443 }, "geometry": { "type": "Point", "coordinates": [ -74.0443, 5.8429, 0.0 ] } },
{ "type": "Feature", "properties": { "DEPTO": "(TOLIMA)", "MUNICIPIO": "FRESNO", "VEREDA": "BARRETO", "GASODUCTO": "MARIQUITA - CALI", "TRAMO": "Manzanares", "TP_DUCTO": "Ramal", "DISTRITO": "7", "PK_PAT": "875", "TP_EVENTO": "OTRO", "PRIORIDAD": "Alto", "AMENAZA": "Alto", "FX2": "20230918_FX2_C07_MC_R-MANZAN_PK000+875_VA", "LATITUD": 5.1795300000000566, "LONGITUD": -75.06859 }, "geometry": { "type": "Point", "coordinates": [ -75.06859, 5.17953, 0.0 ] } },
{ "type": "Feature", "properties": { "DEPTO": "(CASANARE)", "MUNICIPIO": "MONTERREY", "VEREDA": "TIGRANA", "GASODUCTO": "CUSIANA - PORVENIR", "TRAMO": "Cusiana - Miraflores", "TP_DUCTO": "Troncal", "DISTRITO": "4", "PK_PAT": "29050", "TP_EVENTO": "OTRO", "PRIORIDAD": "Bajo", "AMENAZA": "Bajo", "FX2": "20231011_FX2_C04_CP_CUS-MIRAF_PK029+050_VB", "LATITUD": 4.9161828000001, "LONGITUD": -72.9070829 }, "geometry": { "type": "Point", "coordinates": [ -72.907082899999978, 4.916182800000058, 0.0 ] } },
{ "type": "Feature", "properties": { "DEPTO": "(VALLE DEL CAUCA)", "MUNICIPIO": "SAN PEDRO", "VEREDA": "LOS CHANCOS", "GASODUCTO": "MARIQUITA - CALI", "TRAMO": "Tulua - Cali", "TP_DUCTO": "Troncal", "DISTRITO": "8", "PK_PAT": "273317", "TP_EVENTO": "OTRO", "PRIORIDAD": "Medio", "AMENAZA": "Medio", "FX2": "20211014_FX2_C08_MC_TULUA-CAL_PK273+250_VA", "LATITUD": 4.0349130000000741, "LONGITUD": -76.2296 }, "geometry": { "type": "Point", "coordinates": [ -76.2296, 4.034913, 0.0 ] } },
{ "type": "Feature", "properties": { "DEPTO": "(BOYACÁ)", "MUNICIPIO": "PUERTO BOYACÁ", "VEREDA": "MARANAL", "GASODUCTO": "CENTRO - ORIENTE", "TRAMO": "Vasconia - Puerto Salgar", "TP_DUCTO": "Troncal", "DISTRITO": "1", "PK_PAT": "202500", "TP_EVENTO": "CARCAVAS", "PRIORIDAD": "Alto", "AMENAZA": "Alto", "FX2": "20230921_FX2_C01_COR_VASC-PTO SALG_PK202+500_VB", "LATITUD": 5.83624, "LONGITUD": -74.62775 }, "geometry": { "type": "Point", "coordinates": [ -74.62775, 5.83624, 0.0 ] } },
{ "type": "Feature", "properties": { "DEPTO": "(CUNDINAMARCA)", "MUNICIPIO": "GUADUAS", "VEREDA": "CEDRALES", "GASODUCTO": "CENTRO - ORIENTE", "TRAMO": "Puerto Salgar - Mariquita", "TP_DUCTO": "Troncal", "DISTRITO": "2", "PK_PAT": "255935", "TP_EVENTO": "CARCAVAS", "PRIORIDAD": "Medio", "AMENAZA": "Medio", "FX2": "20230919_FX2_C01_COR_PTO SALG-MAR_PK255+935_VA", "LATITUD": 5.3882004000001, "LONGITUD": -74.6681136 }, "geometry": { "type": "Point", "coordinates": [ -74.66811359999997, 5.388200400000073, 0.0 ] } },
{ "type": "Feature", "properties": { "DEPTO": "(BOYACÁ)", "MUNICIPIO": "PUERTO BOYACÁ", "VEREDA": "EL PESCADO", "GASODUCTO": "CENTRO - ORIENTE", "TRAMO": "Vasconia - Puerto Salgar", "TP_DUCTO": "Troncal", "DISTRITO": "1", "PK_PAT": "187866", "TP_EVENTO": "CARCAVAS", "PRIORIDAD": "Alto", "AMENAZA": "Alto", "FX2": "20230921_FX2_C01_COR_VASC-PTO SALG_PK187+866_VB", "LATITUD": 5.9321398000001, "LONGITUD": -74.550173 }, "geometry": { "type": "Point", "coordinates": [ -74.550173, 5.932139800000073, 0.0 ] } },
{ "type": "Feature", "properties": { "DEPTO": "(BOYACÁ)", "MUNICIPIO": "PUERTO BOYACÁ", "VEREDA": "MARANAL", "GASODUCTO": "CENTRO - ORIENTE", "TRAMO": "Vasconia - Puerto Salgar", "TP_DUCTO": "Troncal", "DISTRITO": "1", "PK_PAT": "199846", "TP_EVENTO": "SOCAVACIÓN DE FONDO", "PRIORIDAD": "Alto", "AMENAZA": "Alto", "FX2": "20230921_FX2_C01_COR_VASC-PTO SALG_PK199+846_VB", "LATITUD": 5.8538, "LONGITUD": -74.6249 }, "geometry": { "type": "Point", "coordinates": [ -74.6249, 5.8538, 0.0 ] } },
{ "type": "Feature", "properties": { "DEPTO": "(LA GUAJIRA)", "MUNICIPIO": "RIOHACHA", "VEREDA": "RESGUARDO INDÍGENA WAYUU", "GASODUCTO": "BALLENA - BARRANCABERMEJA", "TRAMO": "Ballenas - Hato Nuevo", "TP_DUCTO": "Troncal", "DISTRITO": "6", "PK_PAT": "45058", "TP_EVENTO": "SURCOS", "PRIORIDAD": "Medio", "AMENAZA": "Medio", "FX2": "20231121_FX2_PM1_BB_BALL-HATO_045+058_VA", "LATITUD": 11.3039209, "LONGITUD": -72.6357208 }, "geometry": { "type": "Point", "coordinates": [ -72.635720799999945, 11.303920900000037, 0.0 ] } },
{ "type": "Feature", "properties": { "DEPTO": "(META)", "MUNICIPIO": "ACACÍAS", "VEREDA": "LABERINTO", "GASODUCTO": "CUSIANA - APIAY - USME", "TRAMO": "Villavicencio - Usme", "TP_DUCTO": "Troncal", "DISTRITO": "4", "PK_PAT": "45096", "TP_EVENTO": "SOCAVACIÓN LATERAL", "PRIORIDAD": "Alto", "AMENAZA": "Extremo", "FX2": "20231206_FX2_C06_CAU_VILLAV-USME_PK045+118_VB", "LATITUD": 4.16069, "LONGITUD": -73.71575 }, "geometry": { "type": "Point", "coordinates": [ -73.71575, 4.16069, 0.0 ] } },
{ "type": "Feature", "properties": { "DEPTO": "(LA GUAJIRA)", "MUNICIPIO": "RIOHACHA", "VEREDA": "RESGUARDO INDÍGENA WAYUU", "GASODUCTO": "BALLENA - BARRANCABERMEJA", "TRAMO": "Ballenas - Hato Nuevo", "TP_DUCTO": "Troncal", "DISTRITO": "6", "PK_PAT": "45680", "TP_EVENTO": "SURCOS", "PRIORIDAD": "Alto", "AMENAZA": "Alto", "FX2": "20231121_FX2_PM1_BB_BALL-HATO_045+680_VA", "LATITUD": 11.298359, "LONGITUD": -72.635146 }, "geometry": { "type": "Point", "coordinates": [ -72.635146, 11.298359, 0.0 ] } },
{ "type": "Feature", "properties": { "DEPTO": "(LA GUAJIRA)", "MUNICIPIO": "RIOHACHA", "VEREDA": "RESGUARDO INDÍGENA WAYUU", "GASODUCTO": "BALLENA - BARRANCABERMEJA", "TRAMO": "Ballenas - Hato Nuevo", "TP_DUCTO": "Troncal", "DISTRITO": "6", "PK_PAT": "46130", "TP_EVENTO": "SURCOS", "PRIORIDAD": "Alto", "AMENAZA": "Extremo", "FX2": "20231121_FX2_PM1_BB_BALL-HATO_046+130_VA", "LATITUD": 11.29526, "LONGITUD": -72.634039 }, "geometry": { "type": "Point", "coordinates": [ -72.634039, 11.29526, 0.0 ] } },
{ "type": "Feature", "properties": { "DEPTO": "(CUNDINAMARCA)", "MUNICIPIO": "FÚQUENE", "VEREDA": "TARABITA", "GASODUCTO": "CENTRO - ORIENTE", "TRAMO": "Fuquene", "TP_DUCTO": "Ramal", "DISTRITO": "3", "PK_PAT": "140", "TP_EVENTO": "SURCOS", "PRIORIDAD": "Alto", "AMENAZA": "Alto", "FX2": "20231027_FX2_C03_COR_R-FUQUENE_PK000+140_VA", "LATITUD": 5.42456, "LONGITUD": -73.7732017 }, "geometry": { "type": "Point", "coordinates": [ -73.773201699999959, 5.42456, 0.0 ] } },
{ "type": "Feature", "properties": { "DEPTO": "(BOYACÁ)", "MUNICIPIO": "CALDAS", "VEREDA": "CENTRO", "GASODUCTO": "CENTRO - ORIENTE", "TRAMO": "Caldas", "TP_DUCTO": "Ramal", "DISTRITO": "3", "PK_PAT": "4600", "TP_EVENTO": "SOCAVACIÓN DE FONDO", "PRIORIDAD": "Alto", "AMENAZA": "Alto", "FX2": "20230518_FX2_C03_COR_R-CALDAS_PK004+600_VB", "LATITUD": 5.5524, "LONGITUD": -73.8615 }, "geometry": { "type": "Point", "coordinates": [ -73.8615, 5.5524, 0.0 ] } },
{ "type": "Feature", "properties": { "DEPTO": "(BOYACÁ)", "MUNICIPIO": "TUNUNGUÁ", "VEREDA": "VIJAGUAL", "GASODUCTO": "CENTRO - ORIENTE", "TRAMO": "Albania", "TP_DUCTO": "Ramal", "DISTRITO": "3", "PK_PAT": "750", "TP_EVENTO": "SOCAVACIÓN DE FONDO", "PRIORIDAD": "Medio", "AMENAZA": "Medio", "FX2": "20231025_FX2_C03_COR_R-ALBANIA_PK000+750_VA", "LATITUD": 5.7339170000000763, "LONGITUD": -73.924582 }, "geometry": { "type": "Point", "coordinates": [ -73.924582, 5.733917, 0.0 ] } },
{ "type": "Feature", "properties": { "DEPTO": "(BOYACÁ)", "MUNICIPIO": "TUNUNGUÁ", "VEREDA": "EL PALMAR", "GASODUCTO": "CENTRO - ORIENTE", "TRAMO": "Tunungua", "TP_DUCTO": "Ramal", "DISTRITO": "3", "PK_PAT": "380", "TP_EVENTO": "SOCAVACIÓN DE FONDO", "PRIORIDAD": "Medio", "AMENAZA": "Medio", "FX2": "20231025_FX2_C03_COR_R-TUNUNGUA_PK000+380_VA", "LATITUD": 5.7222100000000751, "LONGITUD": -73.934783 }, "geometry": { "type": "Point", "coordinates": [ -73.934783, 5.72221, 0.0 ] } },
{ "type": "Feature", "properties": { "DEPTO": "(BOYACÁ)", "MUNICIPIO": "TUNUNGUÁ", "VEREDA": "VIJAGUAL", "GASODUCTO": "CENTRO - ORIENTE", "TRAMO": "Tunungua", "TP_DUCTO": "Ramal", "DISTRITO": "3", "PK_PAT": "1475", "TP_EVENTO": "FLUJOS", "PRIORIDAD": "Alto", "AMENAZA": "Extremo", "FX2": "20231025_FX2_C03_COR_R-TUNUNGUA_PK001+475_VA", "LATITUD": 5.7296190000000706, "LONGITUD": -73.93052 }, "geometry": { "type": "Point", "coordinates": [ -73.93052, 5.729619, 0.0 ] } },
{ "type": "Feature", "properties": { "DEPTO": "(BOYACÁ)", "MUNICIPIO": "CALDAS", "VEREDA": "VUELTAS", "GASODUCTO": "CENTRO - ORIENTE", "TRAMO": "PK17+500 - Sucre Oriental", "TP_DUCTO": "Troncal", "DISTRITO": "3", "PK_PAT": "30780", "TP_EVENTO": "CARCAVAS", "PRIORIDAD": "Alto", "AMENAZA": "Alto", "FX2": "20231025_FX2_C03_COR_17+500-SUCREO_PK030+780_VA", "LATITUD": 5.6279048000001, "LONGITUD": -73.8861851 }, "geometry": { "type": "Point", "coordinates": [ -73.886185099999977, 5.627904800000067, 0.0 ] } },
{ "type": "Feature", "properties": { "DEPTO": "(SANTANDER)", "MUNICIPIO": "LA BELLEZA", "VEREDA": "LA PLAYA", "GASODUCTO": "CENTRO - ORIENTE", "TRAMO": "La Belleza - Vasconia", "TP_DUCTO": "Troncal", "DISTRITO": "3", "PK_PAT": "226810", "TP_EVENTO": "SURCOS", "PRIORIDAD": "Alto", "AMENAZA": "Alto", "FX2": "20231024_FX2_C03_C0R_BELL-VASC_PK226+810_VA", "LATITUD": 5.8409535000001, "LONGITUD": -73.9976927 }, "geometry": { "type": "Point", "coordinates": [ -73.997692699999959, 5.840953500000069, 0.0 ] } },
{ "type": "Feature", "properties": { "DEPTO": "(BOYACÁ)", "MUNICIPIO": "PAUNA", "VEREDA": "TRAVESIAS Y OTRO MUNDO", "GASODUCTO": "CENTRO - ORIENTE", "TRAMO": "La Belleza - Vasconia", "TP_DUCTO": "Troncal", "DISTRITO": "1", "PK_PAT": "238035", "TP_EVENTO": "SOCAVACIÓN LATERAL", "PRIORIDAD": "Medio", "AMENAZA": "Medio", "FX2": "20231024_FX2_C03_C0R_BELL-VASC_PK238+035_VA", "LATITUD": 5.8181933000001, "LONGITUD": -74.076975 }, "geometry": { "type": "Point", "coordinates": [ -74.076975, 5.818193300000075, 0.0 ] } },
{ "type": "Feature", "properties": { "DEPTO": "(TOLIMA)", "MUNICIPIO": "FRESNO", "VEREDA": "EL MULATO", "GASODUCTO": "MARIQUITA - CALI", "TRAMO": "Mariquita - Letras", "TP_DUCTO": "Troncal", "DISTRITO": "7", "PK_PAT": "23800", "TP_EVENTO": "OTRO", "PRIORIDAD": "Alto", "AMENAZA": "Alto", "FX2": "20231102_FX2_C07_MC_MAR-LET_PK023+800_VA", "LATITUD": 5.175345, "LONGITUD": -75.059118 }, "geometry": { "type": "Point", "coordinates": [ -75.059118, 5.175345, 0.0 ] } },
{ "type": "Feature", "properties": { "DEPTO": "(BOYACÁ)", "MUNICIPIO": "TUNUNGUÁ", "VEREDA": "EL PALMAR", "GASODUCTO": "CENTRO - ORIENTE", "TRAMO": "Tunungua", "TP_DUCTO": "Ramal", "DISTRITO": "3", "PK_PAT": "706", "TP_EVENTO": "REPTACION", "PRIORIDAD": "Alto", "AMENAZA": "Alto", "FX2": "20231216_FX2_C05_COR_R-TUNUNGUA_PK000+706_VB", "LATITUD": 5.7231200000000513, "LONGITUD": -73.932 }, "geometry": { "type": "Point", "coordinates": [ -73.932, 5.72312, 0.0 ] } },
{ "type": "Feature", "properties": { "DEPTO": "(RISARALDA)", "MUNICIPIO": "MARSELLA", "VEREDA": "BUENA VISTA", "GASODUCTO": "MARIQUITA - CALI", "TRAMO": "Letras - Marsella", "TP_DUCTO": "Troncal", "DISTRITO": "7", "PK_PAT": "126420", "TP_EVENTO": "DESLIZAMIENTO TRASLACIONAL", "PRIORIDAD": "Alto", "AMENAZA": "Alto", "FX2": "20231005_FX2_C07_MC_LET-MARS_PK126+420_VA", "LATITUD": 5.04144, "LONGITUD": -75.746332 }, "geometry": { "type": "Point", "coordinates": [ -75.746332, 5.04144, 0.0 ] } },
{ "type": "Feature", "properties": { "DEPTO": "(RISARALDA)", "MUNICIPIO": "BALBOA", "VEREDA": "LA CANCHA ALTA", "GASODUCTO": "MARIQUITA - CALI", "TRAMO": "La Celia", "TP_DUCTO": "Ramal", "DISTRITO": "7", "PK_PAT": "4486", "TP_EVENTO": "SOCAVACIÓN LATERAL", "PRIORIDAD": "Alto", "AMENAZA": "Alto", "FX2": "20220510_FX2_C07_MC_R-LA CELIA_PK004+486_VA", "LATITUD": 4.905895, "LONGITUD": -75.943696389999957 }, "geometry": { "type": "Point", "coordinates": [ -75.943696389999957, 4.905895, 0.0 ] } },
{ "type": "Feature", "properties": { "DEPTO": "(BOYACÁ)", "MUNICIPIO": "PUERTO BOYACÁ", "VEREDA": "LAS QUINCHAS", "GASODUCTO": "CENTRO - ORIENTE", "TRAMO": "La Belleza - Vasconia", "TP_DUCTO": "Loop", "DISTRITO": "1", "PK_PAT": "56586", "TP_EVENTO": "OTRO", "PRIORIDAD": "Alto", "AMENAZA": "Alto", "FX2": "20231212_FX2_C03_COR_BELL-VASC_PK056+586_VA", "LATITUD": 5.840406, "LONGITUD": -74.325034 }, "geometry": { "type": "Point", "coordinates": [ -74.325034, 5.840406, 0.0 ] } },
{ "type": "Feature", "properties": { "DEPTO": "(CUNDINAMARCA)", "MUNICIPIO": "TAUSA", "VEREDA": "PAJARITO", "GASODUCTO": "CENTRO - ORIENTE", "TRAMO": "Sucre Oriental - Cogua", "TP_DUCTO": "Troncal", "DISTRITO": "3", "PK_PAT": "100100", "TP_EVENTO": "DESLIZAMIENTO ROTACIONAL", "PRIORIDAD": "Alto", "AMENAZA": "Alto", "FX2": "20231026_FX2_C03_COR_SUCREO-COG_PK100+100_VB", "LATITUD": 5.1563967000001, "LONGITUD": -73.91106 }, "geometry": { "type": "Point", "coordinates": [ -73.91106, 5.156396700000073, 0.0 ] } },
{ "type": "Feature", "properties": { "DEPTO": "(LA GUAJIRA)", "MUNICIPIO": "MANAURE", "VEREDA": "SHICHEPEHO", "GASODUCTO": "BALLENA - BARRANCABERMEJA", "TRAMO": "Ballenas - Hato Nuevo", "TP_DUCTO": "Troncal", "DISTRITO": "6", "PK_PAT": "11", "TP_EVENTO": "SOCAVACIÓN LATERAL", "PRIORIDAD": "Alto", "AMENAZA": "Alto", "FX2": "20240216_FX2_PM1_BB_BALL-HATO_000+011_VA", "LATITUD": 11.694598, "LONGITUD": -72.723367 }, "geometry": { "type": "Point", "coordinates": [ -72.723367, 11.694598, 0.0 ] } },
{ "type": "Feature", "properties": { "DEPTO": "(BOYACÁ)", "MUNICIPIO": "PUERTO BOYACÁ", "VEREDA": "LAS QUINCHAS", "GASODUCTO": "CENTRO - ORIENTE", "TRAMO": "La Belleza - Vasconia", "TP_DUCTO": "Troncal", "DISTRITO": "1", "PK_PAT": "278743", "TP_EVENTO": "SOCAVACIÓN LATERAL", "PRIORIDAD": "Alto", "AMENAZA": "Alto", "FX2": "20231212_FX2_C03_COR_BELL-VASC_PK278+743_VB", "LATITUD": 5.83854, "LONGITUD": -74.322783 }, "geometry": { "type": "Point", "coordinates": [ -74.322783, 5.83854, 0.0 ] } },
{ "type": "Feature", "properties": { "DEPTO": "(META)", "MUNICIPIO": "VILLAVICENCIO", "VEREDA": "APIAY", "GASODUCTO": "CUSIANA - APIAY - USME", "TRAMO": "Apiay - Villavicencio", "TP_DUCTO": "Troncal", "DISTRITO": "4", "PK_PAT": "20840", "TP_EVENTO": "SOCAVACIÓN DE FONDO", "PRIORIDAD": "Alto", "AMENAZA": "Extremo", "FX2": "20231010_FX2_C06_CAU_APIAY-VILLA_PK020+840_VA", "LATITUD": 4.0859580000000619, "LONGITUD": -73.560718 }, "geometry": { "type": "Point", "coordinates": [ -73.560718, 4.085958, 0.0 ] } },
{ "type": "Feature", "properties": { "DEPTO": "(TOLIMA)", "MUNICIPIO": "FRESNO", "VEREDA": "EL GUAYABO", "GASODUCTO": "MARIQUITA - CALI", "TRAMO": "Mariquita - Letras", "TP_DUCTO": "Troncal", "DISTRITO": "7", "PK_PAT": "21090", "TP_EVENTO": "OTRO", "PRIORIDAD": "Alto", "AMENAZA": "Extremo", "FX2": "20240307_FX2_C07_MC_MAR-LET_PK021+090_VA", "LATITUD": 5.18357, "LONGITUD": -75.04633 }, "geometry": { "type": "Point", "coordinates": [ -75.04633, 5.18357, 0.0 ] } },
{ "type": "Feature", "properties": { "DEPTO": "(SANTANDER)", "MUNICIPIO": "VÉLEZ", "VEREDA": "GUAYABAL", "GASODUCTO": "BOYACA - SANTANDER", "TRAMO": "Velez", "TP_DUCTO": "Ramal", "DISTRITO": "5", "PK_PAT": "5933", "TP_EVENTO": "CARCAVAS", "PRIORIDAD": "Alto", "AMENAZA": "Extremo", "FX2": "20231204_FX2_C05_GBS_R-VELEZ_PK005+955_VB", "LATITUD": 6.0151183330000322, "LONGITUD": -73.625259721999953 }, "geometry": { "type": "Point", "coordinates": [ -73.625259721999953, 6.015118333000032, 0.0 ] } },
{ "type": "Feature", "properties": { "DEPTO": "(CESAR)", "MUNICIPIO": "CHIMICHAGUA", "VEREDA": "SABANA DE LOS ENTIERROS", "GASODUCTO": "BALLENA - BARRANCABERMEJA", "TRAMO": "Curumani - Norean", "TP_DUCTO": "Troncal", "DISTRITO": "6", "PK_PAT": "340435", "TP_EVENTO": "OTRO", "PRIORIDAD": "Medio", "AMENAZA": "Medio", "FX2": " ", "LATITUD": 9.0483170000000541, "LONGITUD": -73.659031 }, "geometry": { "type": "Point", "coordinates": [ -73.659031, 9.048317, 0.0 ] } },
{ "type": "Feature", "properties": { "DEPTO": "(CUNDINAMARCA)", "MUNICIPIO": "SIMIJACA", "VEREDA": "TAQUIRA", "GASODUCTO": "CENTRO - ORIENTE", "TRAMO": "Simijaca", "TP_DUCTO": "Ramal", "DISTRITO": "3", "PK_PAT": "1880", "TP_EVENTO": "OTRO", "PRIORIDAD": "Alto", "AMENAZA": "Extremo", "FX2": "20231027_FX2_C03_COR_R-SIMIJACA_PK001+880_VA", "LATITUD": 5.5110033, "LONGITUD": -73.82132 }, "geometry": { "type": "Point", "coordinates": [ -73.82132, 5.511003300000027, 0.0 ] } },
{ "type": "Feature", "properties": { "DEPTO": "(SANTANDER)", "MUNICIPIO": "JESÚS MARÍA", "VEREDA": "LADERAS", "GASODUCTO": "PORVENIR - LA BELLEZA", "TRAMO": "Puente Guillermo - La Belleza", "TP_DUCTO": "Loop", "DISTRITO": "5", "PK_PAT": "815", "TP_EVENTO": "REPTACION", "PRIORIDAD": "Alto", "AMENAZA": "Extremo", "FX2": "20240322_FX2_C05_PB_PTEG-BELL_PK000+754_VC", "LATITUD": 5.835899, "LONGITUD": -73.8217 }, "geometry": { "type": "Point", "coordinates": [ -73.8217, 5.835899, 0.0 ] } },
{ "type": "Feature", "properties": { "DEPTO": "(BOYACÁ)", "MUNICIPIO": "PUERTO BOYACÁ", "VEREDA": "LAS PAVAS", "GASODUCTO": "CENTRO - ORIENTE", "TRAMO": "La Belleza - Vasconia", "TP_DUCTO": "Troncal", "DISTRITO": "1", "PK_PAT": "280436", "TP_EVENTO": "CARCAVAS", "PRIORIDAD": "Medio", "AMENAZA": "Medio", "FX2": "20231213_FX2_C03_COR_BELL-VASC_PK280+436_VB", "LATITUD": 5.8474504000001, "LONGITUD": -74.3321728 }, "geometry": { "type": "Point", "coordinates": [ -74.332172799999967, 5.847450400000071, 0.0 ] } },
{ "type": "Feature", "properties": { "DEPTO": "(HUILA)", "MUNICIPIO": "AIPE", "VEREDA": "PATA", "GASODUCTO": "CENTRO - ORIENTE", "TRAMO": "Guasimal - Dina", "TP_DUCTO": "Troncal", "DISTRITO": "2", "PK_PAT": "528928", "TP_EVENTO": "OTRO", "PRIORIDAD": "Alto", "AMENAZA": "Extremo", "FX2": "20240404_FX2_C02_COR_GUAS-DINA_PK528+928_VA", "LATITUD": 3.366787, "LONGITUD": -75.208072 }, "geometry": { "type": "Point", "coordinates": [ -75.208072, 3.366787, 0.0 ] } },
{ "type": "Feature", "properties": { "DEPTO": "(BOYACÁ)", "MUNICIPIO": "OTANCHE", "VEREDA": "S JOSÉ NAZARETH", "GASODUCTO": "CENTRO - ORIENTE", "TRAMO": "La Belleza - Vasconia", "TP_DUCTO": "Troncal", "DISTRITO": "1", "PK_PAT": "245359", "TP_EVENTO": "DESLIZAMIENTO TRASLACIONAL", "PRIORIDAD": "Alto", "AMENAZA": "Alto", "FX2": "20231214_FX2_C03_C0R_BELL-VASC_PK245+359_VA", "LATITUD": 5.8093180000000757, "LONGITUD": -74.118402 }, "geometry": { "type": "Point", "coordinates": [ -74.118402, 5.809318, 0.0 ] } },
{ "type": "Feature", "properties": { "DEPTO": "(TOLIMA)", "MUNICIPIO": "FRESNO", "VEREDA": "BARRETO", "GASODUCTO": "MARIQUITA - CALI", "TRAMO": "Manzanares", "TP_DUCTO": "Ramal", "DISTRITO": "7", "PK_PAT": "850", "TP_EVENTO": "DESLIZAMIENTO TRASLACIONAL", "PRIORIDAD": "Alto", "AMENAZA": "Extremo", "FX2": "20240414_FX2_C07_MC_R-MANZAN_PK000+850_VB", "LATITUD": 5.17933, "LONGITUD": -75.06862 }, "geometry": { "type": "Point", "coordinates": [ -75.06862, 5.17933, 0.0 ] } },
{ "type": "Feature", "properties": { "DEPTO": "(BOYACÁ)", "MUNICIPIO": "OTANCHE", "VEREDA": "S JOSÉ NAZARETH", "GASODUCTO": "CENTRO - ORIENTE", "TRAMO": "La Belleza - Vasconia", "TP_DUCTO": "Loop", "DISTRITO": "1", "PK_PAT": "23480", "TP_EVENTO": "FLUJOS", "PRIORIDAD": "Alto", "AMENAZA": "Alto", "FX2": "20231214_FX2_C03_C0R_BELL-VASC_PK023+480_VA", "LATITUD": 5.8126164, "LONGITUD": -74.1193609 }, "geometry": { "type": "Point", "coordinates": [ -74.119360899999947, 5.812616400000024, 0.0 ] } },
{ "type": "Feature", "properties": { "DEPTO": "(LA GUAJIRA)", "MUNICIPIO": "RIOHACHA", "VEREDA": "RESGUARDO INDÍGENA WAYUU", "GASODUCTO": "(MARIA CONCHITA)", "TRAMO": "Maria Conchita", "TP_DUCTO": "Ramal", "DISTRITO": "6", "PK_PAT": "6154", "TP_EVENTO": "SURCOS", "PRIORIDAD": "Medio", "AMENAZA": "Medio", "FX2": "20240411_FX2_PM1_BB_R-MARIA CONCHITA_PK006+154_VA", "LATITUD": 11.408757, "LONGITUD": -72.723321 }, "geometry": { "type": "Point", "coordinates": [ -72.723321, 11.408757, 0.0 ] } },
{ "type": "Feature", "properties": { "DEPTO": "(LA GUAJIRA)", "MUNICIPIO": "RIOHACHA", "VEREDA": "RESGUARDO INDÍGENA WAYUU", "GASODUCTO": "(MARIA CONCHITA)", "TRAMO": "Maria Conchita", "TP_DUCTO": "Ramal", "DISTRITO": "6", "PK_PAT": "4814", "TP_EVENTO": "CARCAVAS", "PRIORIDAD": "Alto", "AMENAZA": "Alto", "FX2": "20240411_FX2_PM1_BB_R-MARIA CONCHITA_PK004+814_VA", "LATITUD": 11.40868, "LONGITUD": -72.735572 }, "geometry": { "type": "Point", "coordinates": [ -72.735572, 11.40868, 0.0 ] } },
{ "type": "Feature", "properties": { "DEPTO": "(BOYACÁ)", "MUNICIPIO": "OTANCHE", "VEREDA": "ALTAZOR", "GASODUCTO": "CENTRO - ORIENTE", "TRAMO": "La Belleza - Vasconia", "TP_DUCTO": "Troncal", "DISTRITO": "1", "PK_PAT": "247748", "TP_EVENTO": "FLUJOS", "PRIORIDAD": "Alto", "AMENAZA": "Alto", "FX2": "20231214_FX2_C03_C0R_BELL-VASC_PK247+748_VA", "LATITUD": 5.8184039, "LONGITUD": -74.1303785 }, "geometry": { "type": "Point", "coordinates": [ -74.130378499999949, 5.818403900000021, 0.0 ] } },
{ "type": "Feature", "properties": { "DEPTO": "(BOYACÁ)", "MUNICIPIO": "OTANCHE", "VEREDA": "S JOSÉ NAZARETH", "GASODUCTO": "CENTRO - ORIENTE", "TRAMO": "La Belleza - Vasconia", "TP_DUCTO": "Troncal", "DISTRITO": "1", "PK_PAT": "246703", "TP_EVENTO": "FLUJOS", "PRIORIDAD": "Alto", "AMENAZA": "Alto", "FX2": "20231214_FX2_C03_C0R_BELL-VASC_PK246+703_VA", "LATITUD": 5.8168567000001, "LONGITUD": -74.1231883 }, "geometry": { "type": "Point", "coordinates": [ -74.123188299999981, 5.816856700000073, 0.0 ] } },
{ "type": "Feature", "properties": { "DEPTO": "(CESAR)", "MUNICIPIO": "AGUSTÍN CODAZZI", "VEREDA": "LA GUAJIRITA", "GASODUCTO": "BALLENA - BARRANCABERMEJA", "TRAMO": "Jagua del Pilar - Casacara", "TP_DUCTO": "Troncal", "DISTRITO": "6", "PK_PAT": "233670", "TP_EVENTO": "OTRO", "PRIORIDAD": "Medio", "AMENAZA": "Medio", "FX2": "20240129_FX2_PM1_BB_JAGUA-CASAC_PK233+670_VA", "LATITUD": 9.8834600000000705, "LONGITUD": -73.3202667 }, "geometry": { "type": "Point", "coordinates": [ -73.320266699999934, 9.88346, 0.0 ] } },
{ "type": "Feature", "properties": { "DEPTO": "(CESAR)", "MUNICIPIO": "LA JAGUA DE IBIRICO", "VEREDA": "BOQUERON", "GASODUCTO": "BALLENA - BARRANCABERMEJA", "TRAMO": "Casacara - Curumani", "TP_DUCTO": "Troncal", "DISTRITO": "6", "PK_PAT": "262132", "TP_EVENTO": "SOCAVACIÓN LATERAL", "PRIORIDAD": "Medio", "AMENAZA": "Medio", "FX2": "20240130_FX2_PM1_BB_JAGUA-CASAC_PK262+132_VA", "LATITUD": 9.654125, "LONGITUD": -73.399627 }, "geometry": { "type": "Point", "coordinates": [ -73.399627, 9.654125, 0.0 ] } },
{ "type": "Feature", "properties": { "DEPTO": "(CESAR)", "MUNICIPIO": "AGUSTÍN CODAZZI", "VEREDA": "PUNTA ARRECHA", "GASODUCTO": "BALLENA - BARRANCABERMEJA", "TRAMO": "Jagua del Pilar - Casacara", "TP_DUCTO": "Troncal", "DISTRITO": "6", "PK_PAT": "222515", "TP_EVENTO": "OTRO", "PRIORIDAD": "Medio", "AMENAZA": "Medio", "FX2": "20230703_FX2_PM1_BB_JAGUA-CASAC_PK222+515_VA", "LATITUD": 9.9708000000000538, "LONGITUD": -73.2864 }, "geometry": { "type": "Point", "coordinates": [ -73.2864, 9.9708, 0.0 ] } },
{ "type": "Feature", "properties": { "DEPTO": "(CESAR)", "MUNICIPIO": "AGUSTÍN CODAZZI", "VEREDA": "PUNTA ARRECHA", "GASODUCTO": "BALLENA - BARRANCABERMEJA", "TRAMO": "Jagua del Pilar - Casacara", "TP_DUCTO": "Troncal", "DISTRITO": "6", "PK_PAT": "221653", "TP_EVENTO": "OTRO", "PRIORIDAD": "Medio", "AMENAZA": "Medio", "FX2": "20240129_FX2_PM1_BB_JAGUA-CASAC_PK221+653_VA", "LATITUD": 9.9784385, "LONGITUD": -73.2853731 }, "geometry": { "type": "Point", "coordinates": [ -73.285373099999958, 9.978438500000038, 0.0 ] } },
{ "type": "Feature", "properties": { "DEPTO": "(VALLE DEL CAUCA)", "MUNICIPIO": "TULUÁ", "VEREDA": "LA IBERIA", "GASODUCTO": "MARIQUITA - CALI", "TRAMO": "Obando - Tulua", "TP_DUCTO": "Troncal", "DISTRITO": "8", "PK_PAT": "260725", "TP_EVENTO": "CARCAVAS", "PRIORIDAD": "Alto", "AMENAZA": "Alto", "FX2": "20231212_FX2_C08_MC_OBAND-TUL_PK260+725_VA", "LATITUD": 4.0995963890000553, "LONGITUD": -76.170209719999946 }, "geometry": { "type": "Point", "coordinates": [ -76.170209719999946, 4.099596389000055, 0.0 ] } },
{ "type": "Feature", "properties": { "DEPTO": "(CESAR)", "MUNICIPIO": "CHIMICHAGUA", "VEREDA": "SABANA DE LOS ENTIERROS", "GASODUCTO": "BALLENA - BARRANCABERMEJA", "TRAMO": "Curumani - Norean", "TP_DUCTO": "Troncal", "DISTRITO": "6", "PK_PAT": "340887", "TP_EVENTO": "OTRO", "PRIORIDAD": "Medio", "AMENAZA": "Medio", "FX2": " ", "LATITUD": 9.0444650000000593, "LONGITUD": -73.659184 }, "geometry": { "type": "Point", "coordinates": [ -73.659184, 9.044465, 0.0 ] } },
{ "type": "Feature", "properties": { "DEPTO": "(CUNDINAMARCA)", "MUNICIPIO": "VILLA DE SAN DIEGO DE UBATÉ", "VEREDA": "PALOGORDO", "GASODUCTO": "CENTRO - ORIENTE", "TRAMO": "Sucre Oriental - Cogua", "TP_DUCTO": "Troncal", "DISTRITO": "3", "PK_PAT": "71955", "TP_EVENTO": "OTRO", "PRIORIDAD": "Medio", "AMENAZA": "Medio", "FX2": "20240418_FX2_C03_COR_SUCREO-COG_PK071+955_VA", "LATITUD": 5.330835, "LONGITUD": -73.771517 }, "geometry": { "type": "Point", "coordinates": [ -73.771517, 5.330835, 0.0 ] } },
{ "type": "Feature", "properties": { "DEPTO": "(CUNDINAMARCA)", "MUNICIPIO": "VILLA DE SAN DIEGO DE UBATÉ", "VEREDA": "CENTRO DEL LLANO", "GASODUCTO": "CENTRO - ORIENTE", "TRAMO": "Sutatausa", "TP_DUCTO": "Ramal", "DISTRITO": "3", "PK_PAT": "380", "TP_EVENTO": "OTRO", "PRIORIDAD": "Medio", "AMENAZA": "Medio", "FX2": "20240417_FX2_C03_COR_R-SUTATAUSA_PK000+380_VA", "LATITUD": 5.305075, "LONGITUD": -73.80405 }, "geometry": { "type": "Point", "coordinates": [ -73.80405, 5.305075, 0.0 ] } },
{ "type": "Feature", "properties": { "DEPTO": "(CUNDINAMARCA)", "MUNICIPIO": "QUETAME", "VEREDA": "ESTAQUECA BAJO", "GASODUCTO": "CUSIANA - APIAY - USME", "TRAMO": "Villavicencio - Usme", "TP_DUCTO": "Troncal", "DISTRITO": "4", "PK_PAT": "73578", "TP_EVENTO": "OTRO", "PRIORIDAD": "Medio", "AMENAZA": "Medio", "FX2": "20240521_FX2_C06_CAU_VILLAV-USME_PK073+520_VA", "LATITUD": 4.2806749000001, "LONGITUD": -73.8639268 }, "geometry": { "type": "Point", "coordinates": [ -73.863926799999945, 4.280674900000065, 0.0 ] } },
{ "type": "Feature", "properties": { "DEPTO": "(VALLE DEL CAUCA)", "MUNICIPIO": "LA VICTORIA", "VEREDA": "SAN JOSÉ", "GASODUCTO": "MARIQUITA - CALI", "TRAMO": "Obando - Tulua", "TP_DUCTO": "Troncal", "DISTRITO": "8", "PK_PAT": "209279", "TP_EVENTO": "SURCOS", "PRIORIDAD": "Alto", "AMENAZA": "Extremo", "FX2": "20231212_FX2_C08_MC_OBAND-TUL_PK209+279_VB", "LATITUD": 4.4778388890000542, "LONGITUD": -76.031763888999933 }, "geometry": { "type": "Point", "coordinates": [ -76.031763888999933, 4.477838889000054, 0.0 ] } },
{ "type": "Feature", "properties": { "DEPTO": "(CUNDINAMARCA)", "MUNICIPIO": "VILLA DE SAN DIEGO DE UBATÉ", "VEREDA": "LA PATERA", "GASODUCTO": "CENTRO - ORIENTE", "TRAMO": "Sucre Oriental - Cogua", "TP_DUCTO": "Troncal", "DISTRITO": "3", "PK_PAT": "75690", "TP_EVENTO": "OTRO", "PRIORIDAD": "Medio", "AMENAZA": "Medio", "FX2": "20240418_FX2_C03_COR_SUCREO-COG_PK075+690_VA", "LATITUD": 5.29959800000006, "LONGITUD": -73.772073 }, "geometry": { "type": "Point", "coordinates": [ -73.772073, 5.299598, 0.0 ] } },
{ "type": "Feature", "properties": { "DEPTO": "(MAGDALENA)", "MUNICIPIO": "EL BANCO", "VEREDA": "PUERTO ESTRELLA", "GASODUCTO": "BALLENA - BARRANCABERMEJA", "TRAMO": "El Banco", "TP_DUCTO": "Ramal", "DISTRITO": "6", "PK_PAT": "21092", "TP_EVENTO": "OTRO", "PRIORIDAD": "Bajo", "AMENAZA": "Bajo", "FX2": "20240201_FX2_PM1_BB_R-EL BANCO_PK021+092_VA", "LATITUD": 8.982038, "LONGITUD": -73.91716 }, "geometry": { "type": "Point", "coordinates": [ -73.91716, 8.982038, 0.0 ] } },
{ "type": "Feature", "properties": { "DEPTO": "(MAGDALENA)", "MUNICIPIO": "EL BANCO", "VEREDA": "PUERTO ESTRELLA", "GASODUCTO": "BALLENA - BARRANCABERMEJA", "TRAMO": "El Banco", "TP_DUCTO": "Ramal", "DISTRITO": "6", "PK_PAT": "24910", "TP_EVENTO": "OTRO", "PRIORIDAD": "Alto", "AMENAZA": "Alto", "FX2": "20240201_FX2_PM1_BB_R-EL BANCO_PK024+910_VA", "LATITUD": 8.99944, "LONGITUD": -73.94994 }, "geometry": { "type": "Point", "coordinates": [ -73.94994, 8.99944, 0.0 ] } },
{ "type": "Feature", "properties": { "DEPTO": "(VALLE DEL CAUCA)", "MUNICIPIO": "TULUÁ", "VEREDA": "AGUA CLARA", "GASODUCTO": "MARIQUITA - CALI", "TRAMO": "Obando - Tulua", "TP_DUCTO": "Troncal", "DISTRITO": "8", "PK_PAT": "258400", "TP_EVENTO": "OTRO", "PRIORIDAD": "Alto", "AMENAZA": "Extremo", "FX2": "20240305_FX2_C08_MC_OBAND-TUL_PK258+400_VA", "LATITUD": 4.1171000000000504, "LONGITUD": -76.1811 }, "geometry": { "type": "Point", "coordinates": [ -76.1811, 4.1171, 0.0 ] } },
{ "type": "Feature", "properties": { "DEPTO": "(VALLE DEL CAUCA)", "MUNICIPIO": "PRADERA", "VEREDA": "BOLO HARTONAL", "GASODUCTO": "MARIQUITA - CALI", "TRAMO": "Pradera", "TP_DUCTO": "Ramal", "DISTRITO": "8", "PK_PAT": "35+780", "TP_EVENTO": "OTRO", "PRIORIDAD": "Alto", "AMENAZA": "Alto", "FX2": "20240306_FX2_C08_MC_R-PRADERA_PK036+030_VA", "LATITUD": 3.425764000000072, "LONGITUD": -76.253546 }, "geometry": { "type": "Point", "coordinates": [ -76.253546, 3.425764, 0.0 ] } },
{ "type": "Feature", "properties": { "DEPTO": "(CUNDINAMARCA)", "MUNICIPIO": "SIMIJACA", "VEREDA": "TAQUIRA", "GASODUCTO": "CENTRO - ORIENTE", "TRAMO": "Simijaca", "TP_DUCTO": "Ramal", "DISTRITO": "3", "PK_PAT": "1710", "TP_EVENTO": "OTRO", "PRIORIDAD": "Alto", "AMENAZA": "Extremo", "FX2": "20240417_FX2_C03_COR_R-SIMIJACA_PK001+710_VA", "LATITUD": 5.5118800000000761, "LONGITUD": -73.819952 }, "geometry": { "type": "Point", "coordinates": [ -73.819952, 5.51188, 0.0 ] } },
{ "type": "Feature", "properties": { "DEPTO": "(CUNDINAMARCA)", "MUNICIPIO": "VILLA DE SAN DIEGO DE UBATÉ", "VEREDA": "CENTRO DEL LLANO", "GASODUCTO": "CENTRO - ORIENTE", "TRAMO": "Sutatausa", "TP_DUCTO": "Ramal", "DISTRITO": "3", "PK_PAT": "200", "TP_EVENTO": "OTRO", "PRIORIDAD": "Alto", "AMENAZA": "Extremo", "FX2": "20240417_FX2_C03_COR_R-SUTATAUSA_PK000+200_VA", "LATITUD": 5.3064680000000521, "LONGITUD": -73.803207 }, "geometry": { "type": "Point", "coordinates": [ -73.803207, 5.306468, 0.0 ] } },
{ "type": "Feature", "properties": { "DEPTO": "(CUNDINAMARCA)", "MUNICIPIO": "VILLA DE SAN DIEGO DE UBATÉ", "VEREDA": "CENTRO DEL LLANO", "GASODUCTO": "CENTRO - ORIENTE", "TRAMO": "Sutatausa", "TP_DUCTO": "Ramal", "DISTRITO": "3", "PK_PAT": "1310", "TP_EVENTO": "OTRO", "PRIORIDAD": "Alto", "AMENAZA": "Extremo", "FX2": "20240417_FX2_C03_COR_R-SUTATAUSA_PK001+310_VA", "LATITUD": 5.2980630000000701, "LONGITUD": -73.808197 }, "geometry": { "type": "Point", "coordinates": [ -73.808197, 5.298063, 0.0 ] } },
{ "type": "Feature", "properties": { "DEPTO": "(CUNDINAMARCA)", "MUNICIPIO": "TAUSA", "VEREDA": "LA FLORIDA", "GASODUCTO": "CENTRO - ORIENTE", "TRAMO": "Tausa", "TP_DUCTO": "Ramal", "DISTRITO": "3", "PK_PAT": "800", "TP_EVENTO": "SURCOS", "PRIORIDAD": "Alto", "AMENAZA": "Alto", "FX2": "20240419_FX2_C03_COR_R-TAUSA_PK000+800_VA", "LATITUD": 5.1810167, "LONGITUD": -73.8966683 }, "geometry": { "type": "Point", "coordinates": [ -73.896668299999988, 5.181016700000043, 0.0 ] } },
{ "type": "Feature", "properties": { "DEPTO": "(CALDAS)", "MUNICIPIO": "CHINCHINÁ", "VEREDA": "LA CACHUCHA", "GASODUCTO": "MARIQUITA - CALI", "TRAMO": "Letras - Marsella", "TP_DUCTO": "Troncal", "DISTRITO": "7", "PK_PAT": "115130", "TP_EVENTO": "DESLIZAMIENTO TRASLACIONAL", "PRIORIDAD": "Alto", "AMENAZA": "Alto", "FX2": "20240701_FX2_C07_MC_LET-MARS_PK115+130_VA", "LATITUD": 4.99415, "LONGITUD": -75.68472 }, "geometry": { "type": "Point", "coordinates": [ -75.68472, 4.99415, 0.0 ] } },
{ "type": "Feature", "properties": { "DEPTO": "(SANTANDER)", "MUNICIPIO": "FLORIÁN", "VEREDA": "SAN LUIS", "GASODUCTO": "PORVENIR - LA BELLEZA", "TRAMO": "Sutamarchan - La Belleza", "TP_DUCTO": "Troncal", "DISTRITO": "5", "PK_PAT": "186975", "TP_EVENTO": "CARCAVAS", "PRIORIDAD": "Bajo", "AMENAZA": "Bajo", "FX2": "20240524_FX2_C05_PB_SUT-BELL_PK219+282_VA", "LATITUD": 5.8332, "LONGITUD": -73.94267 }, "geometry": { "type": "Point", "coordinates": [ -73.94267, 5.8332, 0.0 ] } },
{ "type": "Feature", "properties": { "DEPTO": "(SANTANDER)", "MUNICIPIO": "FLORIÁN", "VEREDA": "GUALILO", "GASODUCTO": "CENTRO - ORIENTE", "TRAMO": "La Belleza - PK7+200", "TP_DUCTO": "Troncal", "DISTRITO": "3", "PK_PAT": "860", "TP_EVENTO": "OTRO", "PRIORIDAD": "Alto", "AMENAZA": "Alto", "FX2": "20240521_FX2_C03_COR_BELL-7+200_PK000+860_VA", "LATITUD": 5.8319080000000554, "LONGITUD": -73.9685 }, "geometry": { "type": "Point", "coordinates": [ -73.9685, 5.831908, 0.0 ] } },
{ "type": "Feature", "properties": { "DEPTO": "(SANTANDER)", "MUNICIPIO": "FLORIÁN", "VEREDA": "SAN LUIS", "GASODUCTO": "PORVENIR - LA BELLEZA", "TRAMO": "Sutamarchan - La Belleza", "TP_DUCTO": "Troncal", "DISTRITO": "5", "PK_PAT": "187383", "TP_EVENTO": "CARCAVAS", "PRIORIDAD": "Bajo", "AMENAZA": "Bajo", "FX2": "20240524_FX2_C05_PB_SUT-BELL_PK219+686_VA", "LATITUD": 5.8349455000001, "LONGITUD": -73.9456084 }, "geometry": { "type": "Point", "coordinates": [ -73.945608399999969, 5.83494550000006, 0.0 ] } },
{ "type": "Feature", "properties": { "DEPTO": "(CASANARE)", "MUNICIPIO": "MONTERREY", "VEREDA": "PORVENIR", "GASODUCTO": "CUSIANA - PORVENIR", "TRAMO": "Cusiana - Miraflores", "TP_DUCTO": "Troncal", "DISTRITO": "5", "PK_PAT": "260", "TP_EVENTO": "CARCAVAS", "PRIORIDAD": "Alto", "AMENAZA": "Extremo", "FX2": "20240703_FX2_C04_PB_CUS-MIRAF_PK000+260_VB", "LATITUD": 4.9237450000000536, "LONGITUD": -72.934258 }, "geometry": { "type": "Point", "coordinates": [ -72.934258, 4.923745, 0.0 ] } },
{ "type": "Feature", "properties": { "DEPTO": "(SANTANDER)", "MUNICIPIO": "FLORIÁN", "VEREDA": "OTRO MUNDO", "GASODUCTO": "CENTRO - ORIENTE", "TRAMO": "La Belleza - Vasconia", "TP_DUCTO": "Loop", "DISTRITO": "3", "PK_PAT": "8963", "TP_EVENTO": "SURCOS", "PRIORIDAD": "Medio", "AMENAZA": "Medio", "FX2": "20240621_FX2_C03_COR_BELL-VASC_PK008+963_VA", "LATITUD": 5.839365, "LONGITUD": -74.03035 }, "geometry": { "type": "Point", "coordinates": [ -74.03035, 5.839365, 0.0 ] } },
{ "type": "Feature", "properties": { "DEPTO": "(SANTANDER)", "MUNICIPIO": "FLORIÁN", "VEREDA": "BUENA VISTA ALTA", "GASODUCTO": "CENTRO - ORIENTE", "TRAMO": "La Belleza - Vasconia", "TP_DUCTO": "Troncal", "DISTRITO": "3", "PK_PAT": "223920", "TP_EVENTO": "CARCAVAS", "PRIORIDAD": "Medio", "AMENAZA": "Medio", "FX2": "20240522_FX2_C03_COR_BELL-VASC_PK223+920_VA", "LATITUD": 5.8419329000001, "LONGITUD": -73.9761189 }, "geometry": { "type": "Point", "coordinates": [ -73.97611889999996, 5.841932900000074, 0.0 ] } },
{ "type": "Feature", "properties": { "DEPTO": "(SANTANDER)", "MUNICIPIO": "FLORIÁN", "VEREDA": "OTRO MUNDO", "GASODUCTO": "CENTRO - ORIENTE", "TRAMO": "La Belleza - Vasconia", "TP_DUCTO": "Troncal", "DISTRITO": "3", "PK_PAT": "232807", "TP_EVENTO": "SURCOS", "PRIORIDAD": "Alto", "AMENAZA": "Alto", "FX2": "20240621_FX2_C03_COR_BELL-VASC_PK232+807_VA", "LATITUD": 5.84074, "LONGITUD": -74.04126 }, "geometry": { "type": "Point", "coordinates": [ -74.04126, 5.84074, 0.0 ] } },
{ "type": "Feature", "properties": { "DEPTO": "(SANTANDER)", "MUNICIPIO": "FLORIÁN", "VEREDA": "OTRO MUNDO", "GASODUCTO": "CENTRO - ORIENTE", "TRAMO": "La Belleza - Vasconia", "TP_DUCTO": "Loop", "DISTRITO": "3", "PK_PAT": "9709", "TP_EVENTO": "FLUJOS", "PRIORIDAD": "Alto", "AMENAZA": "Extremo", "FX2": "20240222_FX2_C03_COR_BELL-VASC_PK009+709_VA", "LATITUD": 5.8390434, "LONGITUD": -74.0359986 }, "geometry": { "type": "Point", "coordinates": [ -74.035998599999971, 5.839043400000037, 0.0 ] } },
{ "type": "Feature", "properties": { "DEPTO": "(SANTANDER)", "MUNICIPIO": "FLORIÁN", "VEREDA": "OTRO MUNDO", "GASODUCTO": "CENTRO - ORIENTE", "TRAMO": "La Belleza - Vasconia", "TP_DUCTO": "Troncal", "DISTRITO": "3", "PK_PAT": "232350", "TP_EVENTO": "FLUJOS", "PRIORIDAD": "Medio", "AMENAZA": "Medio", "FX2": "20240222_FX2_C03_COR_BELL-VASC_PK232+350_VA", "LATITUD": 5.8394083000001, "LONGITUD": -74.037455 }, "geometry": { "type": "Point", "coordinates": [ -74.037455, 5.839408300000059, 0.0 ] } },
{ "type": "Feature", "properties": { "DEPTO": "(CUNDINAMARCA)", "MUNICIPIO": "GUAYABETAL", "VEREDA": "SAN ANTONIO", "GASODUCTO": "CUSIANA - APIAY - USME", "TRAMO": "Villavicencio - Usme", "TP_DUCTO": "Troncal", "DISTRITO": "4", "PK_PAT": "61088", "TP_EVENTO": "OTRO", "PRIORIDAD": "Alto", "AMENAZA": "Extremo", "FX2": "20240813_FX2_C06_CAU_VILLAV-USME_PK061+088_VA", "LATITUD": 4.198883, "LONGITUD": -73.81695 }, "geometry": { "type": "Point", "coordinates": [ -73.81695, 4.198883, 0.0 ] } },
{ "type": "Feature", "properties": { "DEPTO": "(SANTANDER)", "MUNICIPIO": "FLORIÁN", "VEREDA": "GUALILO", "GASODUCTO": "CENTRO - ORIENTE", "TRAMO": "La Belleza - Vasconia", "TP_DUCTO": "Loop", "DISTRITO": "3", "PK_PAT": "222602", "TP_EVENTO": "SOCAVACIÓN DE FONDO", "PRIORIDAD": "Alto", "AMENAZA": "Alto", "FX2": "20240522_FX2_C03_COR_BELL-VASC_PK222+602_VA", "LATITUD": 5.8408240000000546, "LONGITUD": -73.967001 }, "geometry": { "type": "Point", "coordinates": [ -73.967001, 5.840824, 0.0 ] } },
{ "type": "Feature", "properties": { "DEPTO": "(SANTANDER)", "MUNICIPIO": "BOLÍVAR", "VEREDA": "GRANADILLO", "GASODUCTO": "BOYACA - SANTANDER", "TRAMO": "Bolivar", "TP_DUCTO": "Ramal", "DISTRITO": "5", "PK_PAT": "16680", "TP_EVENTO": "REPTACION", "PRIORIDAD": "Medio", "AMENAZA": "Medio", "FX2": "20240606_FX2_C05_GBS_R-BOLIVAR_PK016+680_VB", "LATITUD": 5.9508220000000733, "LONGITUD": -73.77975 }, "geometry": { "type": "Point", "coordinates": [ -73.77975, 5.950822, 0.0 ] } },
{ "type": "Feature", "properties": { "DEPTO": "(SANTANDER)", "MUNICIPIO": "FLORIÁN", "VEREDA": "GUALILO", "GASODUCTO": "CENTRO - ORIENTE", "TRAMO": "La Belleza - PK7+200", "TP_DUCTO": "Troncal", "DISTRITO": "3", "PK_PAT": "450", "TP_EVENTO": "SURCOS", "PRIORIDAD": "Alto", "AMENAZA": "Alto", "FX2": "20240521_FX2_C03_COR_BELL-7+200_PK000+450_VA", "LATITUD": 5.8355282000001, "LONGITUD": -73.966438 }, "geometry": { "type": "Point", "coordinates": [ -73.966438, 5.835528200000056, 0.0 ] } },
{ "type": "Feature", "properties": { "DEPTO": "(SANTANDER)", "MUNICIPIO": "SAN VICENTE DE CHUCURÍ", "VEREDA": "NUEVO MUNDO", "GASODUCTO": "SUR DE BOLIVAR", "TRAMO": "Playa Roja - San Vicente", "TP_DUCTO": "Aislado", "DISTRITO": "1", "PK_PAT": "8900", "TP_EVENTO": "DESLIZAMIENTO ROTACIONAL", "PRIORIDAD": "Alto", "AMENAZA": "Alto", "FX2": "20240506_FX2_C01_SBO_S VIC-PLAYA R_PK008+900_VA", "LATITUD": 6.8836000000000581, "LONGITUD": -73.5297 }, "geometry": { "type": "Point", "coordinates": [ -73.5297, 6.8836, 0.0 ] } },
{ "type": "Feature", "properties": { "DEPTO": "(CUNDINAMARCA)", "MUNICIPIO": "PUERTO SALGAR", "VEREDA": "YERBABUENA", "GASODUCTO": "CENTRO - ORIENTE", "TRAMO": "Vasconia - Puerto Salgar", "TP_DUCTO": "Troncal", "DISTRITO": "1", "PK_PAT": "239040", "TP_EVENTO": "SOCAVACIÓN DE FONDO", "PRIORIDAD": "Medio", "AMENAZA": "Medio", "FX2": "20240507_FX2_C01_COR_VASC-PTO SALG_PK239+040_VA", "LATITUD": 5.5238427, "LONGITUD": -74.6240106 }, "geometry": { "type": "Point", "coordinates": [ -74.624010599999963, 5.523842700000046, 0.0 ] } },
{ "type": "Feature", "properties": { "DEPTO": "(CUNDINAMARCA)", "MUNICIPIO": "PUERTO SALGAR", "VEREDA": "YERBABUENA", "GASODUCTO": "CENTRO - ORIENTE", "TRAMO": "Vasconia - Puerto Salgar", "TP_DUCTO": "Troncal", "DISTRITO": "1", "PK_PAT": "237728", "TP_EVENTO": "OTRO", "PRIORIDAD": "Medio", "AMENAZA": "Medio", "FX2": "20240507_FX2_C01_COR_VASC-PTO SALG_PK237+728_VA", "LATITUD": 5.5355324, "LONGITUD": -74.6244901 }, "geometry": { "type": "Point", "coordinates": [ -74.624490099999946, 5.535532400000022, 0.0 ] } },
{ "type": "Feature", "properties": { "DEPTO": "(BOYACÁ)", "MUNICIPIO": "PUERTO BOYACÁ", "VEREDA": "CALDERON", "GASODUCTO": "CENTRO - ORIENTE", "TRAMO": "Vasconia - Puerto Salgar", "TP_DUCTO": "Troncal", "DISTRITO": "1", "PK_PAT": "174276", "TP_EVENTO": "OTRO", "PRIORIDAD": "Alto", "AMENAZA": "Alto", "FX2": "20240508_FX2_C01_COR_VASC-PTO SALG_PK174+276_VA", "LATITUD": 6.0344000000000619, "LONGITUD": -74.5631 }, "geometry": { "type": "Point", "coordinates": [ -74.5631, 6.0344, 0.0 ] } },
{ "type": "Feature", "properties": { "DEPTO": "(BOYACÁ)", "MUNICIPIO": "PUERTO BOYACÁ", "VEREDA": "LAS QUINCHAS", "GASODUCTO": "CENTRO - ORIENTE", "TRAMO": "La Belleza - Vasconia", "TP_DUCTO": "Loop", "DISTRITO": "1", "PK_PAT": "54500", "TP_EVENTO": "REPTACION", "PRIORIDAD": "Medio", "AMENAZA": "Medio", "FX2": "20240416_FX2_C03_COR_BELL-VASC_PK054+500_VA", "LATITUD": 5.8263930000000528, "LONGITUD": -74.315727 }, "geometry": { "type": "Point", "coordinates": [ -74.315727, 5.826393, 0.0 ] } },
{ "type": "Feature", "properties": { "DEPTO": "(SANTANDER)", "MUNICIPIO": "FLORIÁN", "VEREDA": "OPON", "GASODUCTO": "CENTRO - ORIENTE", "TRAMO": "La Belleza - PK7+200", "TP_DUCTO": "Troncal", "DISTRITO": "3", "PK_PAT": "660", "TP_EVENTO": "DESLIZAMIENTO TRASLACIONAL", "PRIORIDAD": "Medio", "AMENAZA": "Medio", "FX2": "20240521_FX2_C03_COR_BELL-7+200_PK000+660_VA", "LATITUD": 5.8332517000001, "LONGITUD": -73.9673433 }, "geometry": { "type": "Point", "coordinates": [ -73.967343299999982, 5.833251700000062, 0.0 ] } },
{ "type": "Feature", "properties": { "DEPTO": "(SANTANDER)", "MUNICIPIO": "FLORIÁN", "VEREDA": "OTRO MUNDO", "GASODUCTO": "CENTRO - ORIENTE", "TRAMO": "La Belleza - Vasconia", "TP_DUCTO": "Troncal", "DISTRITO": "3", "PK_PAT": "237023", "TP_EVENTO": "SOCAVACIÓN DE FONDO", "PRIORIDAD": "Alto", "AMENAZA": "Alto", "FX2": "20240620_FX2_C03_COR_BELL-VASC_PK237+023_VA", "LATITUD": 5.8241291000001, "LONGITUD": -74.0705871 }, "geometry": { "type": "Point", "coordinates": [ -74.070587099999955, 5.82412910000005, 0.0 ] } },
{ "type": "Feature", "properties": { "DEPTO": "(SANTANDER)", "MUNICIPIO": "FLORIÁN", "VEREDA": "OTRO MUNDO", "GASODUCTO": "CENTRO - ORIENTE", "TRAMO": "La Belleza - Vasconia", "TP_DUCTO": "Loop", "DISTRITO": "3", "PK_PAT": "14080", "TP_EVENTO": "CARCAVAS", "PRIORIDAD": "Medio", "AMENAZA": "Medio", "FX2": "20240620_FX2_C03_COR_BELL-VASC_PK014+080_VA", "LATITUD": 5.8273627, "LONGITUD": -74.0662909 }, "geometry": { "type": "Point", "coordinates": [ -74.066290899999956, 5.827362700000037, 0.0 ] } },
{ "type": "Feature", "properties": { "DEPTO": "(SANTANDER)", "MUNICIPIO": "FLORIÁN", "VEREDA": "OTRO MUNDO", "GASODUCTO": "CENTRO - ORIENTE", "TRAMO": "La Belleza - Vasconia", "TP_DUCTO": "Troncal", "DISTRITO": "3", "PK_PAT": "236360", "TP_EVENTO": "CARCAVAS", "PRIORIDAD": "Alto", "AMENAZA": "Alto", "FX2": "20240620_FX2_C03_COR_BELL-VASC_PK236+360_VA", "LATITUD": 5.8276017000001, "LONGITUD": -74.0660068 }, "geometry": { "type": "Point", "coordinates": [ -74.066006799999968, 5.827601700000059, 0.0 ] } },
{ "type": "Feature", "properties": { "DEPTO": "(SANTANDER)", "MUNICIPIO": "ALBANIA", "VEREDA": "MOCHILA", "GASODUCTO": "CENTRO - ORIENTE", "TRAMO": "Albania", "TP_DUCTO": "Ramal", "DISTRITO": "3", "PK_PAT": "1600", "TP_EVENTO": "DESLIZAMIENTO ROTACIONAL", "PRIORIDAD": "Alto", "AMENAZA": "Extremo", "FX2": "20240730_FX2_C03_COR_R-ALBANIA_PK001+600_VA", "LATITUD": 5.73787, "LONGITUD": -73.918853 }, "geometry": { "type": "Point", "coordinates": [ -73.918853, 5.73787, 0.0 ] } },
{ "type": "Feature", "properties": { "DEPTO": "(TOLIMA)", "MUNICIPIO": "ARMERO", "VEREDA": "SANTO DOMINGO - TOTUMAL", "GASODUCTO": "CENTRO - ORIENTE", "TRAMO": "Mariquita - Gualanday", "TP_DUCTO": "Troncal", "DISTRITO": "2", "PK_PAT": "323521", "TP_EVENTO": "SOCAVACIÓN DE FONDO", "PRIORIDAD": "Medio", "AMENAZA": "Medio", "FX2": "20240125_FX2_C02_COR_MAR-GUAL_PK323+521_VB", "LATITUD": 4.9908580000000597, "LONGITUD": -74.908588 }, "geometry": { "type": "Point", "coordinates": [ -74.908588, 4.990858, 0.0 ] } },
{ "type": "Feature", "properties": { "DEPTO": "(SANTANDER)", "MUNICIPIO": "ALBANIA", "VEREDA": "MOCHILA", "GASODUCTO": "CENTRO - ORIENTE", "TRAMO": "Albania", "TP_DUCTO": "Ramal", "DISTRITO": "3", "PK_PAT": "1512", "TP_EVENTO": "SOCAVACIÓN LATERAL", "PRIORIDAD": "Alto", "AMENAZA": "Alto", "FX2": "20240730_FX2_C03_COR_R-ALBANIA_PK001+512_VA", "LATITUD": 5.7376, "LONGITUD": -73.9196 }, "geometry": { "type": "Point", "coordinates": [ -73.9196, 5.7376, 0.0 ] } },
{ "type": "Feature", "properties": { "DEPTO": "(TOLIMA)", "MUNICIPIO": "SAN SEBASTIÁN DE MARIQUITA", "VEREDA": "SAN ANTONIO", "GASODUCTO": "CENTRO - ORIENTE", "TRAMO": "Puerto Salgar - Mariquita", "TP_DUCTO": "Troncal", "DISTRITO": "2", "PK_PAT": "287399", "TP_EVENTO": "SURCOS", "PRIORIDAD": "Medio", "AMENAZA": "Medio", "FX2": "20240716_FX2_C01_COR_PTO SALG-MAR_PK287+323_VA", "LATITUD": 5.2797138, "LONGITUD": -74.8465812 }, "geometry": { "type": "Point", "coordinates": [ -74.846581199999946, 5.279713800000025, 0.0 ] } },
{ "type": "Feature", "properties": { "DEPTO": "(CESAR)", "MUNICIPIO": "SAN ALBERTO", "VEREDA": "LA LLANA", "GASODUCTO": "BALLENA - BARRANCABERMEJA", "TRAMO": "San Alberto", "TP_DUCTO": "Ramal", "DISTRITO": "1", "PK_PAT": "3720", "TP_EVENTO": "OTRO", "PRIORIDAD": "Alto", "AMENAZA": "Extremo", "FX2": "20240913_FX2_PM1_BB_R-SAN ALBERTO_PK003+720_VA", "LATITUD": 7.7216700000000742, "LONGITUD": -73.47874 }, "geometry": { "type": "Point", "coordinates": [ -73.47874, 7.72167, 0.0 ] } },
{ "type": "Feature", "properties": { "DEPTO": "(SANTANDER)", "MUNICIPIO": "ALBANIA", "VEREDA": "MOCHILA", "GASODUCTO": "CENTRO - ORIENTE", "TRAMO": "Albania", "TP_DUCTO": "Ramal", "DISTRITO": "3", "PK_PAT": "1640", "TP_EVENTO": "DESLIZAMIENTO ROTACIONAL", "PRIORIDAD": "Medio", "AMENAZA": "Medio", "FX2": "20240730_FX2_C03_COR_R-ALBANIA_PK001+640_VA", "LATITUD": 5.7380400000000691, "LONGITUD": -73.91854 }, "geometry": { "type": "Point", "coordinates": [ -73.91854, 5.73804, 0.0 ] } },
{ "type": "Feature", "properties": { "DEPTO": "(TOLIMA)", "MUNICIPIO": "FRESNO", "VEREDA": "UCRANIA", "GASODUCTO": "MARIQUITA - CALI", "TRAMO": "Manzanares", "TP_DUCTO": "Ramal", "DISTRITO": "7", "PK_PAT": "3760", "TP_EVENTO": "DESLIZAMIENTO TRASLACIONAL", "PRIORIDAD": "Medio", "AMENAZA": "Medio", "FX2": "20240719_FX2_C07_MC_R-MANZAN_PK003+760_VB", "LATITUD": 5.1994260000000736, "LONGITUD": -75.063576 }, "geometry": { "type": "Point", "coordinates": [ -75.063576, 5.199426, 0.0 ] } },
{ "type": "Feature", "properties": { "DEPTO": "(SANTANDER)", "MUNICIPIO": "BOLÍVAR", "VEREDA": "GRANADILLO", "GASODUCTO": "BOYACA - SANTANDER", "TRAMO": "Bolivar", "TP_DUCTO": "Ramal", "DISTRITO": "5", "PK_PAT": "17035", "TP_EVENTO": "REPTACION", "PRIORIDAD": "Medio", "AMENAZA": "Medio", "FX2": "20240606_FX2_C05_GBS_R-BOLIVAR_PK017+035_VB", "LATITUD": 5.9538000000000579, "LONGITUD": -73.78069 }, "geometry": { "type": "Point", "coordinates": [ -73.78069, 5.9538, 0.0 ] } },
{ "type": "Feature", "properties": { "DEPTO": "(TOLIMA)", "MUNICIPIO": "ALVARADO", "VEREDA": "CABECERA MUNICIPAL", "GASODUCTO": "CENTRO - ORIENTE", "TRAMO": "Piedras", "TP_DUCTO": "Ramal", "DISTRITO": "2", "PK_PAT": "2525", "TP_EVENTO": "SOCAVACIÓN DE FONDO", "PRIORIDAD": "Medio", "AMENAZA": "Medio", "FX2": "20240715_FX2_C02_COR_R-PIEDRAS_PK002+525_VB", "LATITUD": 4.559154, "LONGITUD": -74.929347 }, "geometry": { "type": "Point", "coordinates": [ -74.929347, 4.559154, 0.0 ] } },
{ "type": "Feature", "properties": { "DEPTO": "(BOYACÁ)", "MUNICIPIO": "OTANCHE", "VEREDA": "CHAQUIPAY", "GASODUCTO": "CENTRO - ORIENTE", "TRAMO": "La Belleza - Vasconia", "TP_DUCTO": "Troncal", "DISTRITO": "1", "PK_PAT": "250116", "TP_EVENTO": "SURCOS", "PRIORIDAD": "Alto", "AMENAZA": "Alto", "FX2": "20240731_FX2_C03_C0R_BELL-VASC_PK250+116_VA", "LATITUD": 5.8141600000000722, "LONGITUD": -74.147883 }, "geometry": { "type": "Point", "coordinates": [ -74.147883, 5.81416, 0.0 ] } },
{ "type": "Feature", "properties": { "DEPTO": "(BOYACÁ)", "MUNICIPIO": "SANTA SOFÍA", "VEREDA": "GUATOQUE", "GASODUCTO": "PORVENIR - LA BELLEZA", "TRAMO": "Sutamarchan - La Belleza", "TP_DUCTO": "Troncal", "DISTRITO": "5", "PK_PAT": "171215", "TP_EVENTO": "CARCAVAS", "PRIORIDAD": "Alto", "AMENAZA": "Extremo", "FX2": "20240826_FX2_C05_PB_SUT-BELL_PK138+900_VA", "LATITUD": 5.7418000000000688, "LONGITUD": -73.5944 }, "geometry": { "type": "Point", "coordinates": [ -73.5944, 5.7418, 0.0 ] } },
{ "type": "Feature", "properties": { "DEPTO": "(CALDAS)", "MUNICIPIO": "MANZANARES", "VEREDA": "LAS MARGARITAS", "GASODUCTO": "MARIQUITA - CALI", "TRAMO": "Manzanares", "TP_DUCTO": "Ramal", "DISTRITO": "7", "PK_PAT": "9330", "TP_EVENTO": "DESLIZAMIENTO TRASLACIONAL", "PRIORIDAD": "Alto", "AMENAZA": "Alto", "FX2": "20240719_FX2_C07_MC_R-MANZAN_PK009+330_VA", "LATITUD": 5.2360620000000608, "LONGITUD": -75.08099 }, "geometry": { "type": "Point", "coordinates": [ -75.08099, 5.236062, 0.0 ] } },
{ "type": "Feature", "properties": { "DEPTO": "(SANTANDER)", "MUNICIPIO": "PUENTE NACIONAL", "VEREDA": "URUMAL", "GASODUCTO": "PORVENIR - LA BELLEZA", "TRAMO": "Sutamarchan - La Belleza", "TP_DUCTO": "Troncal", "DISTRITO": "5", "PK_PAT": "146400", "TP_EVENTO": "FLUJOS", "PRIORIDAD": "Alto", "AMENAZA": "Extremo", "FX2": "20240826_FX2_C05_PB_SUT-BELL_PK146+400_VA", "LATITUD": 5.7983, "LONGITUD": -73.6274 }, "geometry": { "type": "Point", "coordinates": [ -73.6274, 5.7983, 0.0 ] } },
{ "type": "Feature", "properties": { "DEPTO": "(SANTANDER)", "MUNICIPIO": "JESÚS MARÍA", "VEREDA": "SANTA ROSA BUENOS AIRES", "GASODUCTO": "BOYACA - SANTANDER", "TRAMO": "Bolivar", "TP_DUCTO": "Ramal", "DISTRITO": "5", "PK_PAT": "10380", "TP_EVENTO": "DESLIZAMIENTO TRASLACIONAL", "PRIORIDAD": "Alto", "AMENAZA": "Alto", "FX2": "20240902_FX2_C05_GBS_R-BOLIVAR_PK010+380_VA", "LATITUD": 5.904666, "LONGITUD": -73.781745 }, "geometry": { "type": "Point", "coordinates": [ -73.781745, 5.904666, 0.0 ] } },
{ "type": "Feature", "properties": { "DEPTO": "(SANTANDER)", "MUNICIPIO": "FLORIÁN", "VEREDA": "CENTRO", "GASODUCTO": "CENTRO - ORIENTE", "TRAMO": "La Belleza - PK7+200", "TP_DUCTO": "Troncal", "DISTRITO": "3", "PK_PAT": "5945", "TP_EVENTO": "DESLIZAMIENTO ROTACIONAL", "PRIORIDAD": "Alto", "AMENAZA": "Alto", "FX2": "20240524_FX2_C03_COR_BELL-7+200_PK005+945_VA", "LATITUD": 5.784788, "LONGITUD": -73.97868 }, "geometry": { "type": "Point", "coordinates": [ -73.97868, 5.784788, 0.0 ] } },
{ "type": "Feature", "properties": { "DEPTO": "(SANTANDER)", "MUNICIPIO": "JESÚS MARÍA", "VEREDA": "BRAVO PAEZ", "GASODUCTO": "BOYACA - SANTANDER", "TRAMO": "Bolivar", "TP_DUCTO": "Ramal", "DISTRITO": "5", "PK_PAT": "6035", "TP_EVENTO": "DESLIZAMIENTO ROTACIONAL", "PRIORIDAD": "Alto", "AMENAZA": "Alto", "FX2": "20240902_FX2_C05_GBS_R-BOLIVAR_PK006+035_VA", "LATITUD": 5.8706818000001, "LONGITUD": -73.7872221 }, "geometry": { "type": "Point", "coordinates": [ -73.787222099999951, 5.870681800000057, 0.0 ] } },
{ "type": "Feature", "properties": { "DEPTO": "(SANTANDER)", "MUNICIPIO": "JESÚS MARÍA", "VEREDA": "CRISTALES", "GASODUCTO": "BOYACA - SANTANDER", "TRAMO": "Bolivar", "TP_DUCTO": "Ramal", "DISTRITO": "5", "PK_PAT": "3560", "TP_EVENTO": "SURCOS", "PRIORIDAD": "Alto", "AMENAZA": "Alto", "FX2": "20230628_FX2_C05_GBS_R-BOLIVAR_PK003+560_VA", "LATITUD": 5.8542, "LONGITUD": -73.7957 }, "geometry": { "type": "Point", "coordinates": [ -73.7957, 5.8542, 0.0 ] } },
{ "type": "Feature", "properties": { "DEPTO": "(SANTANDER)", "MUNICIPIO": "JESÚS MARÍA", "VEREDA": "SANTA ROSA BUENOS AIRES", "GASODUCTO": "BOYACA - SANTANDER", "TRAMO": "Bolivar", "TP_DUCTO": "Ramal", "DISTRITO": "5", "PK_PAT": "10720", "TP_EVENTO": "DESLIZAMIENTO TRASLACIONAL", "PRIORIDAD": "Alto", "AMENAZA": "Alto", "FX2": "20240902_FX2_C05_GBS_R-BOLIVAR_PK010+720_VA", "LATITUD": 5.907474, "LONGITUD": -73.78199 }, "geometry": { "type": "Point", "coordinates": [ -73.78199, 5.907474, 0.0 ] } },
{ "type": "Feature", "properties": { "DEPTO": "(LA GUAJIRA)", "MUNICIPIO": "VILLANUEVA", "VEREDA": "ÁREA URBANA", "GASODUCTO": "BALLENA - BARRANCABERMEJA", "TRAMO": "Villanueva", "TP_DUCTO": "Ramal", "DISTRITO": "6", "PK_PAT": "4532", "TP_EVENTO": "SOCAVACIÓN LATERAL", "PRIORIDAD": "Alto", "AMENAZA": "Alto", "FX2": "20240911_FX2_PM1_BB_R-VILLANUEVA_PK004+532_VA", "LATITUD": 10.6077, "LONGITUD": -72.9875 }, "geometry": { "type": "Point", "coordinates": [ -72.9875, 10.6077, 0.0 ] } },
{ "type": "Feature", "properties": { "DEPTO": "(SANTANDER)", "MUNICIPIO": "PUENTE NACIONAL", "VEREDA": "URUMAL", "GASODUCTO": "PORVENIR - LA BELLEZA", "TRAMO": "Sutamarchan - La Belleza", "TP_DUCTO": "Troncal", "DISTRITO": "5", "PK_PAT": "148611", "TP_EVENTO": "SOCAVACIÓN DE FONDO", "PRIORIDAD": "Alto", "AMENAZA": "Extremo", "FX2": "20240826_FX2_C05_PB_SUT-BELL_PK148+611_VA", "LATITUD": 5.8017969000001, "LONGITUD": -73.6455833 }, "geometry": { "type": "Point", "coordinates": [ -73.645583299999942, 5.801796900000056, 0.0 ] } },
{ "type": "Feature", "properties": { "DEPTO": "(SANTANDER)", "MUNICIPIO": "FLORIÁN", "VEREDA": "CENTRO", "GASODUCTO": "CENTRO - ORIENTE", "TRAMO": "PK7+200 - PK17+500", "TP_DUCTO": "Troncal", "DISTRITO": "3", "PK_PAT": "8050", "TP_EVENTO": "FLUJOS", "PRIORIDAD": "Medio", "AMENAZA": "Medio", "FX2": "20240523_FX2_C03_COR_7+200-17+500_PK008+050_VA", "LATITUD": 5.7705800000000522, "LONGITUD": -73.97 }, "geometry": { "type": "Point", "coordinates": [ -73.97, 5.77058, 0.0 ] } },
{ "type": "Feature", "properties": { "DEPTO": "(BOYACÁ)", "MUNICIPIO": "OTANCHE", "VEREDA": "S JOSÉ NAZARETH", "GASODUCTO": "CENTRO - ORIENTE", "TRAMO": "La Belleza - Vasconia", "TP_DUCTO": "Loop", "DISTRITO": "1", "PK_PAT": "23520", "TP_EVENTO": "FLUJOS", "PRIORIDAD": "Medio", "AMENAZA": "Medio", "FX2": "20240731_FX2_C03_C0R_BELL-VASC_PK023+520_VA", "LATITUD": 5.8128633000001, "LONGITUD": -74.119535 }, "geometry": { "type": "Point", "coordinates": [ -74.119535, 5.81286330000006, 0.0 ] } },
{ "type": "Feature", "properties": { "DEPTO": "(BOYACÁ)", "MUNICIPIO": "PUERTO BOYACÁ", "VEREDA": "LAS PAVAS", "GASODUCTO": "CENTRO - ORIENTE", "TRAMO": "La Belleza - Vasconia", "TP_DUCTO": "Loop", "DISTRITO": "1", "PK_PAT": "66575", "TP_EVENTO": "SOCAVACIÓN DE FONDO", "PRIORIDAD": "Medio", "AMENAZA": "Medio", "FX2": "20240822_FX2_C03_COR_BELL-VASC_PK066+575_VA", "LATITUD": 5.895403, "LONGITUD": -74.38719 }, "geometry": { "type": "Point", "coordinates": [ -74.38719, 5.895403, 0.0 ] } },
{ "type": "Feature", "properties": { "DEPTO": "(BOYACÁ)", "MUNICIPIO": "PUERTO BOYACÁ", "VEREDA": "LAS PAVAS", "GASODUCTO": "CENTRO - ORIENTE", "TRAMO": "La Belleza - Vasconia", "TP_DUCTO": "Loop", "DISTRITO": "1", "PK_PAT": "66050", "TP_EVENTO": "SOCAVACIÓN DE FONDO", "PRIORIDAD": "Medio", "AMENAZA": "Medio", "FX2": "20240822_FX2_C03_C0R_BELL-VASC_PK066+050_VA", "LATITUD": 5.891982, "LONGITUD": -74.385557 }, "geometry": { "type": "Point", "coordinates": [ -74.385557, 5.891982, 0.0 ] } },
{ "type": "Feature", "properties": { "DEPTO": "(SANTANDER)", "MUNICIPIO": "LA BELLEZA", "VEREDA": "SAILAN", "GASODUCTO": "CENTRO - ORIENTE", "TRAMO": "La Belleza - Vasconia", "TP_DUCTO": "Loop", "DISTRITO": "3", "PK_PAT": "2959", "TP_EVENTO": "SOCAVACIÓN DE FONDO", "PRIORIDAD": "Alto", "AMENAZA": "Alto", "FX2": "20231024_FX2_C03_C0R_BELL-VASC_PK002+959_VA", "LATITUD": 5.846442, "LONGITUD": -73.9869608 }, "geometry": { "type": "Point", "coordinates": [ -73.986960799999963, 5.846442, 0.0 ] } },
{ "type": "Feature", "properties": { "DEPTO": "(QUINDIO)", "MUNICIPIO": "LA TEBAIDA", "VEREDA": "ALAMBRADO", "GASODUCTO": "MARIQUITA - CALI", "TRAMO": "Loop - Ramal Armenia", "TP_DUCTO": "Loop", "DISTRITO": "7", "PK_PAT": "28960", "TP_EVENTO": "SOCAVACIÓN DE FONDO", "PRIORIDAD": "Alto", "AMENAZA": "Alto", "FX2": "20240531_FX2_C08_MC_R-ARMENIA(L)_PK028+960_VB", "LATITUD": 4.4460990000000606, "LONGITUD": -75.85214 }, "geometry": { "type": "Point", "coordinates": [ -75.85214, 4.446099, 0.0 ] } },
{ "type": "Feature", "properties": { "DEPTO": "(TOLIMA)", "MUNICIPIO": "IBAGUÉ", "VEREDA": "BRICEÑO", "GASODUCTO": "CENTRO - ORIENTE", "TRAMO": "Mariquita - Gualanday", "TP_DUCTO": "Troncal", "DISTRITO": "2", "PK_PAT": "412234", "TP_EVENTO": "OTRO", "PRIORIDAD": "Alto", "AMENAZA": "Alto", "FX2": "20240125_FX2_C02_COR_MAR-GUAL_PK412+234_VB", "LATITUD": 4.29558, "LONGITUD": -75.033677 }, "geometry": { "type": "Point", "coordinates": [ -75.033677, 4.29558, 0.0 ] } },
{ "type": "Feature", "properties": { "DEPTO": "(TOLIMA)", "MUNICIPIO": "FRESNO", "VEREDA": "CERRO AZUL", "GASODUCTO": "MARIQUITA - CALI", "TRAMO": "Fresno", "TP_DUCTO": "Ramal", "DISTRITO": "7", "PK_PAT": "1698", "TP_EVENTO": "OTRO", "PRIORIDAD": "Alto", "AMENAZA": "Extremo", "FX2": "20240607_FX2_C07_MC_R-FRESNO_PK001+698_VA", "LATITUD": 5.1810100000000716, "LONGITUD": -75.034801 }, "geometry": { "type": "Point", "coordinates": [ -75.034801, 5.18101, 0.0 ] } },
{ "type": "Feature", "properties": { "DEPTO": "(BOYACÁ)", "MUNICIPIO": "PUERTO BOYACÁ", "VEREDA": "CALDERON", "GASODUCTO": "CENTRO - ORIENTE", "TRAMO": "La Belleza - Vasconia", "TP_DUCTO": "Troncal", "DISTRITO": "1", "PK_PAT": "308165", "TP_EVENTO": "SOCAVACIÓN DE FONDO", "PRIORIDAD": "Alto", "AMENAZA": "Alto", "FX2": "20240823_FX2_C03_COR_BELL-VASC_PK308+165_VA", "LATITUD": 6.008967, "LONGITUD": -74.509788 }, "geometry": { "type": "Point", "coordinates": [ -74.509788, 6.008967, 0.0 ] } },
{ "type": "Feature", "properties": { "DEPTO": "(BOYACÁ)", "MUNICIPIO": "OTANCHE", "VEREDA": "EL CARMEN", "GASODUCTO": "CENTRO - ORIENTE", "TRAMO": "La Belleza - Vasconia", "TP_DUCTO": "Troncal", "DISTRITO": "1", "PK_PAT": "265745", "TP_EVENTO": "CARCAVAS", "PRIORIDAD": "Alto", "AMENAZA": "Alto", "FX2": "20240801_FX2_C03_C0R_BELL-VASC_PK265+745_VA", "LATITUD": 5.8256500000000528, "LONGITUD": -74.259068 }, "geometry": { "type": "Point", "coordinates": [ -74.259068, 5.82565, 0.0 ] } },
{ "type": "Feature", "properties": { "DEPTO": "(BOYACÁ)", "MUNICIPIO": "MONIQUIRÁ", "VEREDA": "NEVAL Y CRUCES", "GASODUCTO": "BOYACA - SANTANDER", "TRAMO": "Togui", "TP_DUCTO": "Ramal", "DISTRITO": "5", "PK_PAT": "6477", "TP_EVENTO": "REPTACION", "PRIORIDAD": "Alto", "AMENAZA": "Alto", "FX2": "20241015_FX2_C05_GBS_R-TOGUI_PK006+477_VB", "LATITUD": 5.894662, "LONGITUD": -73.5693 }, "geometry": { "type": "Point", "coordinates": [ -73.5693, 5.894662, 0.0 ] } },
{ "type": "Feature", "properties": { "DEPTO": "(SANTANDER)", "MUNICIPIO": "BOLÍVAR", "VEREDA": "ÁREA URBANA", "GASODUCTO": "BOYACA - SANTANDER", "TRAMO": "Bolivar", "TP_DUCTO": "Ramal", "DISTRITO": "5", "PK_PAT": "21100", "TP_EVENTO": "REPTACION", "PRIORIDAD": "Alto", "AMENAZA": "Alto", "FX2": "20230628_FX2_C05_GBS_R-BOLIVAR_PK021+100_VB", "LATITUD": 5.9835667, "LONGITUD": -73.7711933 }, "geometry": { "type": "Point", "coordinates": [ -73.771193299999936, 5.98356670000004, 0.0 ] } },
{ "type": "Feature", "properties": { "DEPTO": "(BOYACÁ)", "MUNICIPIO": "MONIQUIRÁ", "VEREDA": "TAPIAS Y SAN ANTONIO", "GASODUCTO": "BOYACA - SANTANDER", "TRAMO": "Togui", "TP_DUCTO": "Ramal", "DISTRITO": "5", "PK_PAT": "2710", "TP_EVENTO": "SOCAVACIÓN DE FONDO", "PRIORIDAD": "Alto", "AMENAZA": "Extremo", "FX2": "20241015_FX2_C05_GBS_R-TOGUI_PK002+710_VB", "LATITUD": 5.9184103330000539, "LONGITUD": -73.584698749999973 }, "geometry": { "type": "Point", "coordinates": [ -73.584698749999973, 5.918410333000054, 0.0 ] } },
{ "type": "Feature", "properties": { "DEPTO": "(BOYACÁ)", "MUNICIPIO": "OTANCHE", "VEREDA": "CURUBITA", "GASODUCTO": "CENTRO - ORIENTE", "TRAMO": "La Belleza - Vasconia", "TP_DUCTO": "Troncal", "DISTRITO": "1", "PK_PAT": "254176", "TP_EVENTO": "FLUJOS", "PRIORIDAD": "Alto", "AMENAZA": "Alto", "FX2": "20240821_FX2_C03_COR_BELL-VASC_PK254+176_VB", "LATITUD": 5.8196433000001, "LONGITUD": -74.1793333 }, "geometry": { "type": "Point", "coordinates": [ -74.179333299999939, 5.819643300000052, 0.0 ] } },
{ "type": "Feature", "properties": { "DEPTO": "(SANTANDER)", "MUNICIPIO": "JESÚS MARÍA", "VEREDA": "SANTA ROSA BUENOS AIRES", "GASODUCTO": "BOYACA - SANTANDER", "TRAMO": "Bolivar", "TP_DUCTO": "Ramal", "DISTRITO": "5", "PK_PAT": "10100", "TP_EVENTO": "DESLIZAMIENTO TRASLACIONAL", "PRIORIDAD": "Alto", "AMENAZA": "Alto", "FX2": "20240606_FX2_C05_GBS_R-BOLIVAR_PK010+100_VB", "LATITUD": 5.902707, "LONGITUD": -73.781907 }, "geometry": { "type": "Point", "coordinates": [ -73.781907, 5.902707, 0.0 ] } },
{ "type": "Feature", "properties": { "DEPTO": "(SANTANDER)", "MUNICIPIO": "JESÚS MARÍA", "VEREDA": "SANTA ROSA BUENOS AIRES", "GASODUCTO": "BOYACA - SANTANDER", "TRAMO": "Bolivar", "TP_DUCTO": "Ramal", "DISTRITO": "5", "PK_PAT": "9875", "TP_EVENTO": "DESLIZAMIENTO TRASLACIONAL", "PRIORIDAD": "Alto", "AMENAZA": "Alto", "FX2": "20240606_FX2_C05_GBS_R-BOLIVAR_PK009+875_VB", "LATITUD": 5.9013800000000742, "LONGITUD": -73.78335 }, "geometry": { "type": "Point", "coordinates": [ -73.78335, 5.90138, 0.0 ] } },
{ "type": "Feature", "properties": { "DEPTO": "(SANTANDER)", "MUNICIPIO": "SAN VICENTE DE CHUCURÍ", "VEREDA": "GUADUAL", "GASODUCTO": "SUR DE BOLIVAR", "TRAMO": "Playa Roja - San Vicente", "TP_DUCTO": "Aislado", "DISTRITO": "1", "PK_PAT": "15912", "TP_EVENTO": "FLUJOS", "PRIORIDAD": "Alto", "AMENAZA": "Extremo", "FX2": "20230614_FX2_C01_SBO_S VIC-PLAYA R_PK015+912_VA", "LATITUD": 6.8894300000000612, "LONGITUD": -73.47531 }, "geometry": { "type": "Point", "coordinates": [ -73.47531, 6.88943, 0.0 ] } },
{ "type": "Feature", "properties": { "DEPTO": "(BOYACÁ)", "MUNICIPIO": "PUERTO BOYACÁ", "VEREDA": "LAS QUINCHAS", "GASODUCTO": "CENTRO - ORIENTE", "TRAMO": "La Belleza - Vasconia", "TP_DUCTO": "Troncal", "DISTRITO": "1", "PK_PAT": "277005", "TP_EVENTO": "DESLIZAMIENTO TRASLACIONAL", "PRIORIDAD": "Medio", "AMENAZA": "Medio", "FX2": "20241001_FX2_C03_COR_BELL-VASC_PK277+005_VA.xlsx", "LATITUD": 5.826922, "LONGITUD": -74.315823 }, "geometry": { "type": "Point", "coordinates": [ -74.315823, 5.826922, 0.0 ] } },
{ "type": "Feature", "properties": { "DEPTO": "(TOLIMA)", "MUNICIPIO": "HONDA", "VEREDA": "PADILLA", "GASODUCTO": "CENTRO - ORIENTE", "TRAMO": "Honda", "TP_DUCTO": "Ramal", "DISTRITO": "2", "PK_PAT": "6316", "TP_EVENTO": "SURCOS", "PRIORIDAD": "Bajo", "AMENAZA": "Bajo", "FX2": "20240126_FX2_C02_COR_R-HONDA_PK006+316_VB.xlsx", "LATITUD": 5.2024720000000571, "LONGITUD": -74.817872 }, "geometry": { "type": "Point", "coordinates": [ -74.817872, 5.202472, 0.0 ] } },
{ "type": "Feature", "properties": { "DEPTO": "(BOYACÁ)", "MUNICIPIO": "PUERTO BOYACÁ", "VEREDA": "CALDERON", "GASODUCTO": "CENTRO - ORIENTE", "TRAMO": "La Belleza - Vasconia", "TP_DUCTO": "Troncal", "DISTRITO": "1", "PK_PAT": "310950", "TP_EVENTO": "CARCAVAS", "PRIORIDAD": "Alto", "AMENAZA": "Alto", "FX2": "20241001_FX2_C03_COR_BELL-VASC_PK310+950_VA.xlsx", "LATITUD": 6.0283230000000572, "LONGITUD": -74.52579 }, "geometry": { "type": "Point", "coordinates": [ -74.52579, 6.028323, 0.0 ] } },
{ "type": "Feature", "properties": { "DEPTO": "(CUNDINAMARCA)", "MUNICIPIO": "CUCUNUBÁ", "VEREDA": "LA FLORIDA", "GASODUCTO": "CENTRO - ORIENTE", "TRAMO": "Cucunuba", "TP_DUCTO": "Ramal", "DISTRITO": "3", "PK_PAT": "190", "TP_EVENTO": "OTRO", "PRIORIDAD": "Medio", "AMENAZA": "Medio", "FX2": "20241002_FX2_C03_COR_R-CUCUNUBA_PK000+190_VA.xlsx", "LATITUD": 5.2595000000000596, "LONGITUD": -73.784715 }, "geometry": { "type": "Point", "coordinates": [ -73.784715, 5.2595, 0.0 ] } },
{ "type": "Feature", "properties": { "DEPTO": "(CUNDINAMARCA)", "MUNICIPIO": "SUTATAUSA", "VEREDA": "OJO DE AGUA", "GASODUCTO": "CENTRO - ORIENTE", "TRAMO": "Sutatausa", "TP_DUCTO": "Ramal", "DISTRITO": "3", "PK_PAT": "8842", "TP_EVENTO": "SOCAVACIÓN DE FONDO", "PRIORIDAD": "Medio", "AMENAZA": "Medio", "FX2": "20241002_FX2_C03_COR_R-SUTATAUSA_PK008+842_VA.xlsx", "LATITUD": 5.2529680000000667, "LONGITUD": -73.85245 }, "geometry": { "type": "Point", "coordinates": [ -73.85245, 5.252968, 0.0 ] } },
{ "type": "Feature", "properties": { "DEPTO": "(RISARALDA)", "MUNICIPIO": "BALBOA", "VEREDA": "PURACÉ", "GASODUCTO": "MARIQUITA - CALI", "TRAMO": "La Celia", "TP_DUCTO": "Ramal", "DISTRITO": "7", "PK_PAT": "3180", "TP_EVENTO": "SOCAVACIÓN LATERAL", "PRIORIDAD": "Alto", "AMENAZA": "Alto", "FX2": "20230424_FX2_C07_MC_R-LA CELIA_PK003+180_VA", "LATITUD": 4.901450000000068, "LONGITUD": -75.93472 }, "geometry": { "type": "Point", "coordinates": [ -75.93472, 4.90145, 0.0 ] } },
{ "type": "Feature", "properties": { "DEPTO": "(CALDAS)", "MUNICIPIO": "MANIZALES", "VEREDA": "ÁREA URBANA", "GASODUCTO": "MARIQUITA - CALI", "TRAMO": "Letras - Marsella", "TP_DUCTO": "Troncal", "DISTRITO": "7", "PK_PAT": "79630", "TP_EVENTO": "DESLIZAMIENTO TRASLACIONAL", "PRIORIDAD": "Alto", "AMENAZA": "Alto", "FX2": "20230411_FX2_C07_MC_LET-MARS_PK079+630_VA", "LATITUD": 5.02955, "LONGITUD": -75.4281 }, "geometry": { "type": "Point", "coordinates": [ -75.4281, 5.02955, 0.0 ] } },
{ "type": "Feature", "properties": { "DEPTO": "(SANTANDER)", "MUNICIPIO": "SAN VICENTE DE CHUCURÍ", "VEREDA": "GUADUAL", "GASODUCTO": "SUR DE BOLIVAR", "TRAMO": "Playa Roja - San Vicente", "TP_DUCTO": "Aislado", "DISTRITO": "1", "PK_PAT": "14780", "TP_EVENTO": "DESLIZAMIENTO TRASLACIONAL", "PRIORIDAD": "Alto", "AMENAZA": "Extremo", "FX2": "20241010_FX2_C01_SBO_S VIC-PLAYA R_PK014+780_VA.xlsx", "LATITUD": 6.8874678, "LONGITUD": -73.4847398 }, "geometry": { "type": "Point", "coordinates": [ -73.484739799999943, 6.887467800000024, 0.0 ] } },
{ "type": "Feature", "properties": { "DEPTO": "(TOLIMA)", "MUNICIPIO": "COELLO", "VEREDA": "CHAGUALA  AFUERA", "GASODUCTO": "CENTRO - ORIENTE", "TRAMO": "Gualanday - Guasimal", "TP_DUCTO": "Troncal", "DISTRITO": "2", "PK_PAT": "420577", "TP_EVENTO": "SOCAVACIÓN DE FONDO", "PRIORIDAD": "Alto", "AMENAZA": "Extremo", "FX2": "20220616_FX2_C02_COR_GUAL-GUAS_PK420+362_VA", "LATITUD": 4.2455380000000673, "LONGITUD": -74.99092 }, "geometry": { "type": "Point", "coordinates": [ -74.99092, 4.245538, 0.0 ] } },
{ "type": "Feature", "properties": { "DEPTO": "(BOYACÁ)", "MUNICIPIO": "JENESANO", "VEREDA": "PULIDOS", "GASODUCTO": "PORVENIR - LA BELLEZA", "TRAMO": "Miraflores - Sutamarchan", "TP_DUCTO": "Troncal", "DISTRITO": "5", "PK_PAT": "89422", "TP_EVENTO": "FLUJOS", "PRIORIDAD": "Alto", "AMENAZA": "Alto", "FX2": " ", "LATITUD": 5.3820630000000733, "LONGITUD": -73.377631 }, "geometry": { "type": "Point", "coordinates": [ -73.377631, 5.382063, 0.0 ] } },
{ "type": "Feature", "properties": { "DEPTO": "(SANTANDER)", "MUNICIPIO": "PUENTE NACIONAL", "VEREDA": "URUMAL", "GASODUCTO": "PORVENIR - LA BELLEZA", "TRAMO": "Sutamarchan - La Belleza", "TP_DUCTO": "Troncal", "DISTRITO": "5", "PK_PAT": "148000", "TP_EVENTO": "CARCAVAS", "PRIORIDAD": "Alto", "AMENAZA": "Extremo", "FX2": " ", "LATITUD": 5.802509, "LONGITUD": -73.639685 }, "geometry": { "type": "Point", "coordinates": [ -73.639685, 5.802509, 0.0 ] } },
{ "type": "Feature", "properties": { "DEPTO": "(CALDAS)", "MUNICIPIO": "MANIZALES", "VEREDA": "LA ENEA PARTE", "GASODUCTO": "MARIQUITA - CALI", "TRAMO": "Letras - Marsella", "TP_DUCTO": "Troncal", "DISTRITO": "7", "PK_PAT": "78200", "TP_EVENTO": "DESLIZAMIENTO ROTACIONAL", "PRIORIDAD": "Alto", "AMENAZA": "Extremo", "FX2": " ", "LATITUD": 5.0370550000000662, "LONGITUD": -75.419014 }, "geometry": { "type": "Point", "coordinates": [ -75.419014, 5.037055, 0.0 ] } },
{ "type": "Feature", "properties": { "DEPTO": "(TOLIMA)", "MUNICIPIO": "HERVEO", "VEREDA": "DELGADITAS", "GASODUCTO": "MARIQUITA - CALI", "TRAMO": "Mariquita - Letras", "TP_DUCTO": "Troncal", "DISTRITO": "7", "PK_PAT": "51750", "TP_EVENTO": "FLUJOS", "PRIORIDAD": "Alto", "AMENAZA": "Alto", "FX2": " ", "LATITUD": 5.0931600000000685, "LONGITUD": -75.234279 }, "geometry": { "type": "Point", "coordinates": [ -75.234279, 5.09316, 0.0 ] } },
{ "type": "Feature", "properties": { "DEPTO": "(SANTANDER)", "MUNICIPIO": "SAN VICENTE DE CHUCURÍ", "VEREDA": "NUEVO MUNDO", "GASODUCTO": "SUR DE BOLIVAR", "TRAMO": "Playa Roja - San Vicente", "TP_DUCTO": "Aislado", "DISTRITO": "1", "PK_PAT": "10847", "TP_EVENTO": "OTRO", "PRIORIDAD": "Alto", "AMENAZA": "Extremo", "FX2": " ", "LATITUD": 6.877976, "LONGITUD": -73.514451 }, "geometry": { "type": "Point", "coordinates": [ -73.514451, 6.877976, 0.0 ] } },
{ "type": "Feature", "properties": { "DEPTO": "(SANTANDER)", "MUNICIPIO": "SAN VICENTE DE CHUCURÍ", "VEREDA": "NUEVO MUNDO", "GASODUCTO": "SUR DE BOLIVAR", "TRAMO": "Playa Roja - San Vicente", "TP_DUCTO": "Aislado", "DISTRITO": "1", "PK_PAT": "11006", "TP_EVENTO": "OTRO", "PRIORIDAD": "Alto", "AMENAZA": "Alto", "FX2": " ", "LATITUD": 6.8774750000000608, "LONGITUD": -73.513134 }, "geometry": { "type": "Point", "coordinates": [ -73.513134, 6.877475, 0.0 ] } },
{ "type": "Feature", "properties": { "DEPTO": "(SANTANDER)", "MUNICIPIO": "SAN VICENTE DE CHUCURÍ", "VEREDA": "NUEVO MUNDO", "GASODUCTO": "SUR DE BOLIVAR", "TRAMO": "Playa Roja - San Vicente", "TP_DUCTO": "Aislado", "DISTRITO": "1", "PK_PAT": "11206", "TP_EVENTO": "OTRO", "PRIORIDAD": "Alto", "AMENAZA": "Alto", "FX2": " ", "LATITUD": 6.877759, "LONGITUD": -73.511731 }, "geometry": { "type": "Point", "coordinates": [ -73.511731, 6.877759, 0.0 ] } },
{ "type": "Feature", "properties": { "DEPTO": "(SANTANDER)", "MUNICIPIO": "SAN VICENTE DE CHUCURÍ", "VEREDA": "NUEVO MUNDO", "GASODUCTO": "SUR DE BOLIVAR", "TRAMO": "Playa Roja - San Vicente", "TP_DUCTO": "Aislado", "DISTRITO": "1", "PK_PAT": "12193", "TP_EVENTO": "OTRO", "PRIORIDAD": "Alto", "AMENAZA": "Extremo", "FX2": " ", "LATITUD": 6.877351, "LONGITUD": -73.502611 }, "geometry": { "type": "Point", "coordinates": [ -73.502611, 6.877351, 0.0 ] } },
{ "type": "Feature", "properties": { "DEPTO": "(SANTANDER)", "MUNICIPIO": "FLORIÁN", "VEREDA": "LA VUELTIADA", "GASODUCTO": "CENTRO - ORIENTE", "TRAMO": "Florian", "TP_DUCTO": "Ramal", "DISTRITO": "3", "PK_PAT": "000+590", "TP_EVENTO": "REPTACION", "PRIORIDAD": "Medio", "AMENAZA": "Medio", "FX2": "20250122_FX2_C03_COR_R-FLORIAN_PK000+590_VA", "LATITUD": 5.7981550000000652, "LONGITUD": -73.976347 }, "geometry": { "type": "Point", "coordinates": [ -73.976347, 5.798155, 0.0 ] } },
{ "type": "Feature", "properties": { "DEPTO": "(RISARALDA)", "MUNICIPIO": "MARSELLA", "VEREDA": "LA MIRANDA", "GASODUCTO": "MARIQUITA - CALI", "TRAMO": "Letras - Marsella", "TP_DUCTO": "Troncal", "DISTRITO": "7", "PK_PAT": "131730", "TP_EVENTO": "DESLIZAMIENTO TRASLACIONAL", "PRIORIDAD": "Alto", "AMENAZA": "Medio", "FX2": "20250114_FX2_C07_MC_LET-MARS_PK131+730_VA_1", "LATITUD": 5.00604, "LONGITUD": -75.7684477 }, "geometry": { "type": "Point", "coordinates": [ -75.768447699999967, 5.00604, 0.0 ] } },
{ "type": "Feature", "properties": { "DEPTO": "(BOYACÁ)", "MUNICIPIO": "OTANCHE", "VEREDA": "CURUBITA", "GASODUCTO": "CENTRO - ORIENTE", "TRAMO": "La Belleza - Vasconia", "TP_DUCTO": "Troncal", "DISTRITO": "1", "PK_PAT": "256430", "TP_EVENTO": "DESLIZAMIENTO ROTACIONAL", "PRIORIDAD": "Alto", "AMENAZA": "Extremo", "FX2": "20250108_FX2_C03_COR_BELL-VASC_PK256+430 (PK34+000LOOP)_VA", "LATITUD": 5.821922, "LONGITUD": -74.194996 }, "geometry": { "type": "Point", "coordinates": [ -74.194996, 5.821922, 0.0 ] } },
{ "type": "Feature", "properties": { "DEPTO": "(BOLÍVAR)", "MUNICIPIO": "CANTAGALLO", "VEREDA": "SINZONA", "GASODUCTO": "SUR DE BOLIVAR", "TRAMO": "Cantagallo - San Pablo", "TP_DUCTO": "Aislado", "DISTRITO": "1", "PK_PAT": "6360", "TP_EVENTO": "OTRO", "PRIORIDAD": "Alto", "AMENAZA": "Medio", "FX2": "20250205_FX2_C01_SBO_R-CANTAGALLO_PK006+360_VA", "LATITUD": 7.4300000000000637, "LONGITUD": -73.9187 }, "geometry": { "type": "Point", "coordinates": [ -73.9187, 7.43, 0.0 ] } },
{ "type": "Feature", "properties": { "DEPTO": "(TOLIMA)", "MUNICIPIO": "HERVEO", "VEREDA": "PADUA", "GASODUCTO": "MARIQUITA - CALI", "TRAMO": "Mariquita - Letras", "TP_DUCTO": "Troncal", "DISTRITO": "7", "PK_PAT": "37200", "TP_EVENTO": "OTRO", "PRIORIDAD": "Alto", "AMENAZA": "Alto", "FX2": "20250204_FX2_C07_MC_MAR-LET_PK037+200_VA", "LATITUD": 5.1288200000000757, "LONGITUD": -75.14075 }, "geometry": { "type": "Point", "coordinates": [ -75.14075, 5.12882, 0.0 ] } },
{ "type": "Feature", "properties": { "DEPTO": "(SANTANDER)", "MUNICIPIO": "BARBOSA", "VEREDA": "SANTA ROSA", "GASODUCTO": "BOYACA - SANTANDER", "TRAMO": "Otero - Santana", "TP_DUCTO": "Troncal", "DISTRITO": "5", "PK_PAT": "26880", "TP_EVENTO": "REPTACION", "PRIORIDAD": "Alto", "AMENAZA": "Extremo", "FX2": "20250209_FX2_C05_GBS_OTERO-SANT_PK026+880_VA", "LATITUD": 5.9818010000000754, "LONGITUD": -73.592342 }, "geometry": { "type": "Point", "coordinates": [ -73.592342, 5.981801, 0.0 ] } },
{ "type": "Feature", "properties": { "DEPTO": "(TOLIMA)", "MUNICIPIO": "HONDA", "VEREDA": "PERICO", "GASODUCTO": "CENTRO - ORIENTE", "TRAMO": "Puerto Salgar - Mariquita", "TP_DUCTO": "Troncal", "DISTRITO": "2", "PK_PAT": "274400", "TP_EVENTO": "CARCAVAS", "PRIORIDAD": "Alto", "AMENAZA": "Alto", "FX2": "20250212_FX2_C01_COR_PTO SALG-MAR_PK274+400_VA", "LATITUD": 5.2863530000000765, "LONGITUD": -74.762177 }, "geometry": { "type": "Point", "coordinates": [ -74.762177, 5.286353, 0.0 ] } },
{ "type": "Feature", "properties": { "DEPTO": "(BOYACÁ)", "MUNICIPIO": "ZETAQUIRA", "VEREDA": "GUANATA", "GASODUCTO": "PORVENIR - LA BELLEZA", "TRAMO": "Miraflores - Puente Guillermo", "TP_DUCTO": "Loop", "DISTRITO": "5", "PK_PAT": "106970", "TP_EVENTO": "FLUJOS", "PRIORIDAD": "Medio", "AMENAZA": "Medio", "FX2": "20250211_FX2_C04_PB_MIRAF-PTEG_PK106+970_VA", "LATITUD": 5.2863160000000562, "LONGITUD": -73.278956 }, "geometry": { "type": "Point", "coordinates": [ -73.278956, 5.286316, 0.0 ] } },
{ "type": "Feature", "properties": { "DEPTO": "(TOLIMA)", "MUNICIPIO": "LÉRIDA", "VEREDA": "EL CENSO", "GASODUCTO": "CENTRO - ORIENTE", "TRAMO": "Ambalema", "TP_DUCTO": "Ramal", "DISTRITO": "2", "PK_PAT": "6697", "TP_EVENTO": "SOCAVACIÓN DE FONDO", "PRIORIDAD": "Alto", "AMENAZA": "Medio", "FX2": "20250130_FX2_C02_COR_R-AMBALEMA_PK006+697_VA", "LATITUD": 4.804, "LONGITUD": -74.8744 }, "geometry": { "type": "Point", "coordinates": [ -74.8744, 4.804, 0.0 ] } },
{ "type": "Feature", "properties": { "DEPTO": "(SANTANDER)", "MUNICIPIO": "FLORIÁN", "VEREDA": "OTRO MUNDO", "GASODUCTO": "CENTRO - ORIENTE", "TRAMO": "La Belleza - Vasconia", "TP_DUCTO": "Loop", "DISTRITO": "3", "PK_PAT": "10055", "TP_EVENTO": "FLUJOS", "PRIORIDAD": "Medio", "AMENAZA": "Medio", "FX2": "20250211_FX2_C03_COR_BELL-VASC_PK010+020_VA", "LATITUD": 5.839726, "LONGITUD": -74.038391 }, "geometry": { "type": "Point", "coordinates": [ -74.038391, 5.839726, 0.0 ] } },
{ "type": "Feature", "properties": { "DEPTO": "(BOYACÁ)", "MUNICIPIO": "BRICEÑO", "VEREDA": "TARPEYA", "GASODUCTO": "CENTRO - ORIENTE", "TRAMO": "PK17+500 - Sucre Oriental", "TP_DUCTO": "Troncal", "DISTRITO": "3", "PK_PAT": "21720", "TP_EVENTO": "CARCAVAS", "PRIORIDAD": "Alto", "AMENAZA": "Bajo", "FX2": "20250214_FX2_C04_COR_17+500-SUCREO_PK021+710_VA", "LATITUD": 5.6913660000000732, "LONGITUD": -73.928093 }, "geometry": { "type": "Point", "coordinates": [ -73.928093, 5.691366, 0.0 ] } },
{ "type": "Feature", "properties": { "DEPTO": "(BOYACÁ)", "MUNICIPIO": "TUNUNGUÁ", "VEREDA": "EL PALMAR", "GASODUCTO": "CENTRO - ORIENTE", "TRAMO": "PK7+200 - PK17+500", "TP_DUCTO": "Troncal", "DISTRITO": "3", "PK_PAT": "16695", "TP_EVENTO": "SOCAVACIÓN LATERAL", "PRIORIDAD": "Medio", "AMENAZA": "Medio", "FX2": "20250213_FX2_C03_COR_7+200-17+500_PK016+695_VA", "LATITUD": 5.723689, "LONGITUD": -73.941137 }, "geometry": { "type": "Point", "coordinates": [ -73.941137, 5.723689, 0.0 ] } },
{ "type": "Feature", "properties": { "DEPTO": "(SANTANDER)", "MUNICIPIO": "SIMACOTA", "VEREDA": "PULPAPEL", "GASODUCTO": "CENTRO - ORIENTE", "TRAMO": "Barrancabermeja - Sebastopol", "TP_DUCTO": "Troncal", "DISTRITO": "1", "PK_PAT": "46110", "TP_EVENTO": "SOCAVACIÓN LATERAL", "PRIORIDAD": "Alto", "AMENAZA": "Alto", "FX2": "20230710_FX2_C01_COR_BARRANC-SEB_PK046+110_VA", "LATITUD": 6.772071, "LONGITUD": -73.928527 }, "geometry": { "type": "Point", "coordinates": [ -73.928527, 6.772071, 0.0 ] } },
{ "type": "Feature", "properties": { "DEPTO": "(TOLIMA)", "MUNICIPIO": "HERVEO", "VEREDA": "LA CRISTALINA", "GASODUCTO": "MARIQUITA - CALI", "TRAMO": "Herveo", "TP_DUCTO": "Ramal", "DISTRITO": "7", "PK_PAT": "8570", "TP_EVENTO": "DESLIZAMIENTO TRASLACIONAL", "PRIORIDAD": "Alto", "AMENAZA": "Alto", "FX2": "20250227_FX2_C07_MC_R-HERVEO_PK008+570_VA", "LATITUD": 5.06458, "LONGITUD": -75.20517 }, "geometry": { "type": "Point", "coordinates": [ -75.20517, 5.06458, 0.0 ] } },
{ "type": "Feature", "properties": { "DEPTO": "(CALDAS)", "MUNICIPIO": "LA DORADA", "VEREDA": "PURNIO", "GASODUCTO": "CENTRO - ORIENTE", "TRAMO": "Termodorada", "TP_DUCTO": "Ramal", "DISTRITO": "2", "PK_PAT": "9905", "TP_EVENTO": "SOCAVACIÓN DE FONDO", "PRIORIDAD": "Alto", "AMENAZA": "Alto", "FX2": "20250226_FX2_C01_COR_R-TERMOD_PK009+905_VA", "LATITUD": 5.443244, "LONGITUD": -74.68107 }, "geometry": { "type": "Point", "coordinates": [ -74.68107, 5.443244, 0.0 ] } },
{ "type": "Feature", "properties": { "DEPTO": "(BOYACÁ)", "MUNICIPIO": "PUERTO BOYACÁ", "VEREDA": "LAS QUINCHAS", "GASODUCTO": "CENTRO - ORIENTE", "TRAMO": "La Belleza - Vasconia", "TP_DUCTO": "Loop", "DISTRITO": "1", "PK_PAT": "44280", "TP_EVENTO": "FLUJOS", "PRIORIDAD": "Alto", "AMENAZA": "Medio", "FX2": "20250328_FX2_C03_C0R_BELL-VASC_PK044+280_VA", "LATITUD": 5.8201617, "LONGITUD": -74.263195 }, "geometry": { "type": "Point", "coordinates": [ -74.263195, 5.820161700000028, 0.0 ] } },
{ "type": "Feature", "properties": { "DEPTO": "(SANTANDER)", "MUNICIPIO": "VÉLEZ", "VEREDA": "LOS EJIDOS", "GASODUCTO": "BOYACA - SANTANDER", "TRAMO": "Guavata", "TP_DUCTO": "Ramal", "DISTRITO": "5", "PK_PAT": "15", "TP_EVENTO": "OTRO", "PRIORIDAD": "Alto", "AMENAZA": "Medio", "FX2": "20250327_FX2_C05_GBS_R-GUAVATA_PK000+015_VA", "LATITUD": 6.0099720000000616, "LONGITUD": -73.654649 }, "geometry": { "type": "Point", "coordinates": [ -73.654649, 6.009972, 0.0 ] } },
{ "type": "Feature", "properties": { "DEPTO": "(BOYACÁ)", "MUNICIPIO": "RAMIRIQUÍ", "VEREDA": "CHUSCAL", "GASODUCTO": "PORVENIR - LA BELLEZA", "TRAMO": "MIRAFLORES - PUENTE GUILLERMO", "TP_DUCTO": "Loop", "DISTRITO": "5", "PK_PAT": "108410", "TP_EVENTO": "SOCAVACIÓN LATERAL", "PRIORIDAD": "Medio", "AMENAZA": "Bajo", "FX2": "20250303_FX2_C04_PB_MIRAF-PTEG_PK108+410_VA", "LATITUD": 5.2977, "LONGITUD": -73.2922 }, "geometry": { "type": "Point", "coordinates": [ -73.2922, 5.2977, 0.0 ] } },
{ "type": "Feature", "properties": { "DEPTO": "(TOLIMA)", "MUNICIPIO": "COELLO", "VEREDA": "GUALANDAY", "GASODUCTO": "CENTRO - ORIENTE", "TRAMO": "Mariquita - Gualanday", "TP_DUCTO": "Troncal", "DISTRITO": "2", "PK_PAT": "412838", "TP_EVENTO": "CARCAVAS", "PRIORIDAD": "Alto", "AMENAZA": "Medio", "FX2": "20250410_FX2_C02_COR_MAR-GUAL_PK412+838_VA", "LATITUD": 4.291048, "LONGITUD": -75.031988 }, "geometry": { "type": "Point", "coordinates": [ -75.031988, 4.291048, 0.0 ] } },
{ "type": "Feature", "properties": { "DEPTO": "(BOYACÁ)", "MUNICIPIO": "ZETAQUIRA", "VEREDA": "GUANATA", "GASODUCTO": "PORVENIR - LA BELLEZA", "TRAMO": "MIRAFLORES - PUENTE GUILLERMO", "TP_DUCTO": "Loop", "DISTRITO": "5", "PK_PAT": "69852", "TP_EVENTO": "REPTACION", "PRIORIDAD": "Medio", "AMENAZA": "Alto", "FX2": "20250303_FX2_C04_PB_MIRAF-PTEG_PK69+852_VA", "LATITUD": 5.2715928700000632, "LONGITUD": -73.259614579999948 }, "geometry": { "type": "Point", "coordinates": [ -73.259614579999948, 5.271592870000063, 0.0 ] } },
{ "type": "Feature", "properties": { "DEPTO": "(TOLIMA)", "MUNICIPIO": "FRESNO", "VEREDA": "EL GUAYABO", "GASODUCTO": "MARIQUITA - CALI", "TRAMO": "Manzanares", "TP_DUCTO": "Ramal", "DISTRITO": "7", "PK_PAT": "2000", "TP_EVENTO": "OTRO", "PRIORIDAD": " ", "AMENAZA": "Medio", "FX2": "20250411_FX2_C07_MC_R-MANZAN_PK0002+000_VA", "LATITUD": 5.1854000000000724, "LONGITUD": -75.0639 }, "geometry": { "type": "Point", "coordinates": [ -75.0639, 5.1854, 0.0 ] } },
{ "type": "Feature", "properties": { "DEPTO": "(BOYACÁ)", "MUNICIPIO": "CALDAS", "VEREDA": "VUELTAS", "GASODUCTO": "CENTRO - ORIENTE", "TRAMO": "PK17+500 - Sucre Oriental", "TP_DUCTO": "Troncal", "DISTRITO": "3", "PK_PAT": "31310", "TP_EVENTO": "REPTACION", "PRIORIDAD": "Alto", "AMENAZA": "Extremo", "FX2": "20250405_FX2_C03_COR_17+500-SUCREO_PK031+310_VA", "LATITUD": 5.6239800000000741, "LONGITUD": -73.883008 }, "geometry": { "type": "Point", "coordinates": [ -73.883008, 5.62398, 0.0 ] } },
{ "type": "Feature", "properties": { "DEPTO": "(VALLE DEL CAUCA)", "MUNICIPIO": "ZARZAL", "VEREDA": "GUASIMAL", "GASODUCTO": "MARIQUITA - CALI", "TRAMO": "Obando - Tulua", "TP_DUCTO": "Troncal", "DISTRITO": "8", "PK_PAT": "215335", "TP_EVENTO": "OTRO", "PRIORIDAD": "Alto", "AMENAZA": "Bajo", "FX2": "20250409_FX2_C08_MC_OBAND-TUL_PK215+335_VA", "LATITUD": 4.4344800000000646, "LONGITUD": -76.05955 }, "geometry": { "type": "Point", "coordinates": [ -76.05955, 4.43448, 0.0 ] } },
{ "type": "Feature", "properties": { "DEPTO": "(SANTANDER)", "MUNICIPIO": "PUENTE NACIONAL", "VEREDA": "ALTO SAN DIMAS", "GASODUCTO": "CENTRO - ORIENTE", "TRAMO": "Puente Guillermo - Sucre Oriental", "TP_DUCTO": "Troncal", "DISTRITO": "3", "PK_PAT": "5817", "TP_EVENTO": "REPTACION", "PRIORIDAD": "Alto", "AMENAZA": "Extremo", "FX2": "20250327_FX2_C03_COR_PTE GUI-SUCREO_PK005+817_VA", "LATITUD": 5.7833240000000501, "LONGITUD": -73.719759 }, "geometry": { "type": "Point", "coordinates": [ -73.719759, 5.783324, 0.0 ] } },
{ "type": "Feature", "properties": { "DEPTO": "(BOYACÁ)", "MUNICIPIO": "SABOYÁ", "VEREDA": "LAJITA", "GASODUCTO": "CENTRO - ORIENTE", "TRAMO": "Puente Guillermo - Sucre Oriental", "TP_DUCTO": "Troncal", "DISTRITO": "3", "PK_PAT": "10344", "TP_EVENTO": "REPTACION", "PRIORIDAD": "Alto", "AMENAZA": "Extremo", "FX2": "20250327_FX2_C03_COR_PTE GUI-SUCREO_PK010+344_VA", "LATITUD": 5.755341, "LONGITUD": -73.742654 }, "geometry": { "type": "Point", "coordinates": [ -73.742654, 5.755341, 0.0 ] } },
{ "type": "Feature", "properties": { "DEPTO": "(BOYACÁ)", "MUNICIPIO": "PÁEZ", "VEREDA": "CENTRO", "GASODUCTO": "PORVENIR - LA BELLEZA", "TRAMO": "Cusiana - Miraflores", "TP_DUCTO": "Troncal", "DISTRITO": "5", "PK_PAT": "36000", "TP_EVENTO": "REPTACION", "PRIORIDAD": "Alto", "AMENAZA": "Alto", "FX2": "20250403_FX2_C04_PB_CUS-MIRAF_PK036+000(PK68+529) VA", "LATITUD": 5.1065917, "LONGITUD": -73.053306 }, "geometry": { "type": "Point", "coordinates": [ -73.053306, 5.106591700000024, 0.0 ] } },
{ "type": "Feature", "properties": { "DEPTO": "(BOYACÁ)", "MUNICIPIO": "MIRAFLORES", "VEREDA": "ARRAYAN", "GASODUCTO": "PORVENIR - LA BELLEZA", "TRAMO": "Cusiana - Miraflores", "TP_DUCTO": "Troncal", "DISTRITO": "5", "PK_PAT": "81825", "TP_EVENTO": "OTRO", "PRIORIDAD": "Bajo", "AMENAZA": "Bajo", "FX2": "20250304_FX2_C04_PB_CUS-MIRAF_PK081+925_VA", "LATITUD": 5.1736530000000585, "LONGITUD": -73.125275 }, "geometry": { "type": "Point", "coordinates": [ -73.125275, 5.173653, 0.0 ] } },
{ "type": "Feature", "properties": { "DEPTO": "(TOLIMA)", "MUNICIPIO": "SAN SEBASTIÁN DE MARIQUITA", "VEREDA": "EL CAUCHO", "GASODUCTO": "CENTRO - ORIENTE", "TRAMO": "Mariquita - Gualanday", "TP_DUCTO": "Troncal", "DISTRITO": "2", "PK_PAT": "296025", "TP_EVENTO": "OTRO", "PRIORIDAD": "Alto", "AMENAZA": "Bajo", "FX2": "20250425_FX2_C02_COR_MAR-GUAL_PK296+025_VA", "LATITUD": 5.2114120000000526, "LONGITUD": -74.871003 }, "geometry": { "type": "Point", "coordinates": [ -74.871003, 5.211412, 0.0 ] } },
{ "type": "Feature", "properties": { "DEPTO": "(META)", "MUNICIPIO": "BARRANCA DE UPÍA", "VEREDA": "CARUTAL", "GASODUCTO": "CUSIANA - APIAY - USME", "TRAMO": "Cusiana - PK65", "TP_DUCTO": "Troncal", "DISTRITO": "4", "PK_PAT": "59474", "TP_EVENTO": "OTRO", "PRIORIDAD": "Bajo", "AMENAZA": "Bajo", "FX2": "20250506_FX2_C06_CAU_CUS-PK65_PK059+474_VA", "LATITUD": 4.6696840000000748, "LONGITUD": -73.051953 }, "geometry": { "type": "Point", "coordinates": [ -73.051953, 4.669684, 0.0 ] } },
{ "type": "Feature", "properties": { "DEPTO": "(BOYACÁ)", "MUNICIPIO": "TUNJA", "VEREDA": "TRAS DEL ALTO", "GASODUCTO": "BOYACA - SANTANDER", "TRAMO": "Teatinos - Belencito", "TP_DUCTO": "Troncal", "DISTRITO": "5", "PK_PAT": "10375", "TP_EVENTO": "OTRO", "PRIORIDAD": " ", "AMENAZA": "( )", "FX2": "20250117_FX2_C05_GBS_TEAT-BELENC_PK010+375_VA.xlsx", "LATITUD": 5.549563, "LONGITUD": -73.401307 }, "geometry": { "type": "Point", "coordinates": [ -73.401307, 5.549563, 0.0 ] } },
{ "type": "Feature", "properties": { "DEPTO": "(SANTANDER)", "MUNICIPIO": "FLORIÁN", "VEREDA": "LA VUELTIADA", "GASODUCTO": "CENTRO - ORIENTE", "TRAMO": "LA BELLEZA - Pk 7+200", "TP_DUCTO": "Troncal", "DISTRITO": "3", "PK_PAT": "4905", "TP_EVENTO": "REPTACION", "PRIORIDAD": " ", "AMENAZA": "( )", "FX2": "20210520_FX2_C03_COR_BELL-7+200_PK004+095_VA", "LATITUD": 5.806544, "LONGITUD": -73.983872 }, "geometry": { "type": "Point", "coordinates": [ -73.983872, 5.806544, 0.0 ] } },
{ "type": "Feature", "properties": { "DEPTO": "(BOYACÁ)", "MUNICIPIO": "OTANCHE", "VEREDA": "CURUBITA", "GASODUCTO": "CENTRO - ORIENTE", "TRAMO": "La Belleza - Vasconia", "TP_DUCTO": "Troncal", "DISTRITO": "1", "PK_PAT": "255615", "TP_EVENTO": "REPTACION", "PRIORIDAD": "Alto", "AMENAZA": "Alto", "FX2": "Copia de 20250510_FX2_C03_C0R_BELL-VASC_PK255+615_VA", "LATITUD": 5.817128, "LONGITUD": -74.189878 }, "geometry": { "type": "Point", "coordinates": [ -74.189878, 5.817128, 0.0 ] } },
{ "type": "Feature", "properties": { "DEPTO": "(CASANARE)", "MUNICIPIO": "MONTERREY", "VEREDA": "TIGRANA", "GASODUCTO": "PORVENIR - LA BELLEZA", "TRAMO": "Cusiana - Miraflores", "TP_DUCTO": "Loop", "DISTRITO": "4", "PK_PAT": "30549", "TP_EVENTO": "OTRO", "PRIORIDAD": "Bajo", "AMENAZA": "Medio", "FX2": "20250507_FX2_C04_CP_CUS-MIRAF_PK030+549_VA", "LATITUD": 4.9164230000000657, "LONGITUD": -72.908221 }, "geometry": { "type": "Point", "coordinates": [ -72.908221, 4.916423, 0.0 ] } },
{ "type": "Feature", "properties": { "DEPTO": "(CESAR)", "MUNICIPIO": "LA GLORIA", "VEREDA": "CAÑO ALONSO", "GASODUCTO": "BALLENA - BARRANCABERMEJA", "TRAMO": "Curumani - Norean", "TP_DUCTO": "Troncal", "DISTRITO": "6", "PK_PAT": "390504", "TP_EVENTO": "OTRO", "PRIORIDAD": "Alto", "AMENAZA": "Bajo", "FX2": "20250430_FX2_PM1_BB_CURUM-NOREAN_PK390+504_VA", "LATITUD": 8.605644, "LONGITUD": -73.676596 }, "geometry": { "type": "Point", "coordinates": [ -73.676596, 8.605644, 0.0 ] } },
{ "type": "Feature", "properties": { "DEPTO": "(CASANARE)", "MUNICIPIO": "MONTERREY", "VEREDA": "TIGRANA", "GASODUCTO": "PORVENIR - LA BELLEZA", "TRAMO": "Cusiana - Miraflores", "TP_DUCTO": "Troncal", "DISTRITO": "4", "PK_PAT": "29603", "TP_EVENTO": "OTRO", "PRIORIDAD": "Bajo", "AMENAZA": "Medio", "FX2": "20250507_FX2_C04_CP_CUS-MIRAF_PK029+603_VA", "LATITUD": 4.91779, "LONGITUD": -72.910111 }, "geometry": { "type": "Point", "coordinates": [ -72.910111, 4.91779, 0.0 ] } },
{ "type": "Feature", "properties": { "DEPTO": "(BOYACÁ)", "MUNICIPIO": "OICATÁ", "VEREDA": "PORAVITA", "GASODUCTO": "BOYACA - SANTANDER", "TRAMO": "Teatinos - Belencito", "TP_DUCTO": "Troncal", "DISTRITO": "5", "PK_PAT": "25180", "TP_EVENTO": "REPTACION", "PRIORIDAD": "Alto", "AMENAZA": "Alto", "FX2": "20250527_FX2_C05_GBS_TEAT-BELENC_PK025+180_VA", "LATITUD": 5.6234460000000581, "LONGITUD": -73.306933 }, "geometry": { "type": "Point", "coordinates": [ -73.306933, 5.623446, 0.0 ] } },
{ "type": "Feature", "properties": { "DEPTO": "(CALDAS)", "MUNICIPIO": "VILLAMARÍA", "VEREDA": "LLANITOS", "GASODUCTO": "MARIQUITA - CALI", "TRAMO": "Letras - Marsella", "TP_DUCTO": "Troncal", "DISTRITO": "7", "PK_PAT": "95310", "TP_EVENTO": "DESLIZAMIENTO ROTACIONAL", "PRIORIDAD": " ", "AMENAZA": "( )", "FX2": " ", "LATITUD": 4.9973033000001, "LONGITUD": -75.5364917 }, "geometry": { "type": "Point", "coordinates": [ -75.536491699999942, 4.997303300000056, 0.0 ] } },
{ "type": "Feature", "properties": { "DEPTO": "(CALDAS)", "MUNICIPIO": "MANIZALES", "VEREDA": "HOYO FRIO", "GASODUCTO": "MARIQUITA - CALI", "TRAMO": "Letras - Marsella", "TP_DUCTO": "Troncal", "DISTRITO": "7", "PK_PAT": "100+900", "TP_EVENTO": "( )", "PRIORIDAD": " ", "AMENAZA": "( )", "FX2": " ", "LATITUD": 4.9971533300000601, "LONGITUD": -75.57647 }, "geometry": { "type": "Point", "coordinates": [ -75.57647, 4.99715333000006, 0.0 ] } },
{ "type": "Feature", "properties": { "DEPTO": "(SANTANDER)", "MUNICIPIO": "JESÚS MARÍA", "VEREDA": "CRISTALES", "GASODUCTO": "BOYACA - SANTANDER", "TRAMO": "Bolivar", "TP_DUCTO": "Ramal", "DISTRITO": "5", "PK_PAT": "772", "TP_EVENTO": "DESLIZAMIENTO ROTACIONAL", "PRIORIDAD": " ", "AMENAZA": "Medio", "FX2": "20250516_FX2_C05_GBS_R-BOLIVAR_PK000+772_VA", "LATITUD": 5.8366140000000541, "LONGITUD": -73.808185 }, "geometry": { "type": "Point", "coordinates": [ -73.808185, 5.836614, 0.0 ] } },
{ "type": "Feature", "properties": { "DEPTO": "(SANTANDER)", "MUNICIPIO": "JESÚS MARÍA", "VEREDA": "CRISTALES", "GASODUCTO": "BOYACA - SANTANDER", "TRAMO": "Bolivar", "TP_DUCTO": "Ramal", "DISTRITO": "5", "PK_PAT": "715", "TP_EVENTO": "DESLIZAMIENTO ROTACIONAL", "PRIORIDAD": " ", "AMENAZA": "Medio", "FX2": "20250516_FX2_C05_GBS_R-BOLIVAR_PK000+715_VA", "LATITUD": 5.8360890000000722, "LONGITUD": -73.808442 }, "geometry": { "type": "Point", "coordinates": [ -73.808442, 5.836089, 0.0 ] } },
{ "type": "Feature", "properties": { "DEPTO": "(SANTANDER)", "MUNICIPIO": "JESÚS MARÍA", "VEREDA": "CRISTALES", "GASODUCTO": "BOYACA - SANTANDER", "TRAMO": "Bolivar", "TP_DUCTO": "Ramal", "DISTRITO": "5", "PK_PAT": "828", "TP_EVENTO": "DESLIZAMIENTO ROTACIONAL", "PRIORIDAD": " ", "AMENAZA": "Medio", "FX2": "20250516_FX2_C05_GBS_R-BOLIVAR_PK000+828_VA", "LATITUD": 5.8368130000000633, "LONGITUD": -73.808075 }, "geometry": { "type": "Point", "coordinates": [ -73.808075, 5.836813, 0.0 ] } },
{ "type": "Feature", "properties": { "DEPTO": "(CALDAS)", "MUNICIPIO": "LA DORADA", "VEREDA": "PURNIO", "GASODUCTO": "CENTRO - ORIENTE", "TRAMO": "Termodorada", "TP_DUCTO": "Ramal", "DISTRITO": "2", "PK_PAT": "6777", "TP_EVENTO": "SOCAVACIÓN DE FONDO", "PRIORIDAD": " ", "AMENAZA": "Medio", "FX2": "20250521_FX2_C01_COR_R-TERMOD_PK006+777_VA", "LATITUD": 5.42252, "LONGITUD": -74.686326 }, "geometry": { "type": "Point", "coordinates": [ -74.686326, 5.42252, 0.0 ] } },
{ "type": "Feature", "properties": { "DEPTO": "(SANTANDER)", "MUNICIPIO": "JESÚS MARÍA", "VEREDA": "CRISTALES", "GASODUCTO": "BOYACA - SANTANDER", "TRAMO": "Bolivar", "TP_DUCTO": "Ramal", "DISTRITO": "5", "PK_PAT": "1335", "TP_EVENTO": "DESLIZAMIENTO ROTACIONAL", "PRIORIDAD": " ", "AMENAZA": "Alto", "FX2": "20250516_FX2_C05_GBS_R-BOLIVAR_PK001+335_VA", "LATITUD": 5.8401680000000624, "LONGITUD": -73.805955 }, "geometry": { "type": "Point", "coordinates": [ -73.805955, 5.840168, 0.0 ] } },
{ "type": "Feature", "properties": { "DEPTO": "(SANTANDER)", "MUNICIPIO": "JESÚS MARÍA", "VEREDA": "CRISTALES", "GASODUCTO": "BOYACA - SANTANDER", "TRAMO": "Bolivar", "TP_DUCTO": "Ramal", "DISTRITO": "5", "PK_PAT": "1935", "TP_EVENTO": "DESLIZAMIENTO ROTACIONAL", "PRIORIDAD": " ", "AMENAZA": "Alto", "FX2": "20250516_FX2_C05_GBS_R-BOLIVAR_PK001+935_VA", "LATITUD": 5.844932, "LONGITUD": -73.80425 }, "geometry": { "type": "Point", "coordinates": [ -73.80425, 5.844932, 0.0 ] } },
{ "type": "Feature", "properties": { "DEPTO": "(SANTANDER)", "MUNICIPIO": "JESÚS MARÍA", "VEREDA": "CRISTALES", "GASODUCTO": "BOYACA - SANTANDER", "TRAMO": "Bolivar", "TP_DUCTO": "Ramal", "DISTRITO": "5", "PK_PAT": "1135", "TP_EVENTO": "DESLIZAMIENTO ROTACIONAL", "PRIORIDAD": " ", "AMENAZA": "Alto", "FX2": "20250516_FX2_C05_GBS_R-BOLIVAR_PK001+135_VA", "LATITUD": 5.838574000000051, "LONGITUD": -73.806281 }, "geometry": { "type": "Point", "coordinates": [ -73.806281, 5.838574, 0.0 ] } },
{ "type": "Feature", "properties": { "DEPTO": "(SANTANDER)", "MUNICIPIO": "LA BELLEZA", "VEREDA": "SAN CAYETANO", "GASODUCTO": "CENTRO - ORIENTE", "TRAMO": "La Belleza - Vasconia", "TP_DUCTO": "Troncal", "DISTRITO": "3", "PK_PAT": "5231", "TP_EVENTO": "( )", "PRIORIDAD": " ", "AMENAZA": "( )", "FX2": " ", "LATITUD": 5.83477, "LONGITUD": -74.002088 }, "geometry": { "type": "Point", "coordinates": [ -74.002088, 5.83477, 0.0 ] } },
{ "type": "Feature", "properties": { "DEPTO": "(TOLIMA)", "MUNICIPIO": "NATAGAIMA", "VEREDA": "GUASIMAL MESAS", "GASODUCTO": "CENTRO - ORIENTE", "TRAMO": "Gualanday - Guasimal", "TP_DUCTO": "Troncal", "DISTRITO": "2", "PK_PAT": "502+900", "TP_EVENTO": "( )", "PRIORIDAD": " ", "AMENAZA": "( )", "FX2": " ", "LATITUD": 3.5701, "LONGITUD": -75.1234 }, "geometry": { "type": "Point", "coordinates": [ -75.1234, 3.5701, 0.0 ] } },
{ "type": "Feature", "properties": { "DEPTO": "(CUNDINAMARCA)", "MUNICIPIO": "SUSA", "VEREDA": "LLANO GRANDE", "GASODUCTO": "CENTRO - ORIENTE", "TRAMO": "Susa", "TP_DUCTO": "Ramal", "DISTRITO": "3", "PK_PAT": "3600", "TP_EVENTO": "SOCAVACIÓN DE FONDO", "PRIORIDAD": " ", "AMENAZA": "Bajo", "FX2": "20250428_FX2_C03_COR_R-SUSA_PK003+600_VA", "LATITUD": 5.457348, "LONGITUD": -73.807863 }, "geometry": { "type": "Point", "coordinates": [ -73.807863, 5.457348, 0.0 ] } },
{ "type": "Feature", "properties": { "DEPTO": "(VALLE DEL CAUCA)", "MUNICIPIO": "ZARZAL", "VEREDA": "QUEBRADA NUEVA", "GASODUCTO": "MARIQUITA - CALI", "TRAMO": "Loop - Ramal Armenia", "TP_DUCTO": "Loop", "DISTRITO": "8", "PK_PAT": "18440", "TP_EVENTO": "DESLIZAMIENTO ROTACIONAL", "PRIORIDAD": " ", "AMENAZA": "Extremo", "FX2": "20250611_FX2_C08_MC_R-ARMENIA(L)_PK018+440_VA", "LATITUD": 4.405603, "LONGITUD": -75.914644 }, "geometry": { "type": "Point", "coordinates": [ -75.914644, 4.405603, 0.0 ] } },
{ "type": "Feature", "properties": { "DEPTO": "(META)", "MUNICIPIO": "GRANADA", "VEREDA": "EL IRACA", "GASODUCTO": "GASODUCTO DEL ARIARI", "TRAMO": "Gasoducto del Ariari", "TP_DUCTO": "Troncal", "DISTRITO": "4", "PK_PAT": "49661", "TP_EVENTO": "OTRO", "PRIORIDAD": " ", "AMENAZA": "Bajo", "FX2": "20250414_FX2_C06_AA_ARIARI_PK049+661_VA", "LATITUD": 3.619285, "LONGITUD": -73.708085 }, "geometry": { "type": "Point", "coordinates": [ -73.708085, 3.619285, 0.0 ] } },
{ "type": "Feature", "properties": { "DEPTO": "(CUNDINAMARCA)", "MUNICIPIO": "PUERTO SALGAR", "VEREDA": "YERBABUENA", "GASODUCTO": "CENTRO - ORIENTE", "TRAMO": "Vasconia - Puerto Salgar", "TP_DUCTO": "Troncal", "DISTRITO": "1", "PK_PAT": "237+463", "TP_EVENTO": "( )", "PRIORIDAD": " ", "AMENAZA": "( )", "FX2": " ", "LATITUD": 5.53759, "LONGITUD": -74.62537 }, "geometry": { "type": "Point", "coordinates": [ -74.62537, 5.53759, 0.0 ] } },
{ "type": "Feature", "properties": { "DEPTO": "(VALLE DEL CAUCA)", "MUNICIPIO": "LA VICTORIA", "VEREDA": "DAVILA", "GASODUCTO": "MARIQUITA - CALI", "TRAMO": "Armenia", "TP_DUCTO": "Ramal", "DISTRITO": "7", "PK_PAT": "016+180", "TP_EVENTO": "( )", "PRIORIDAD": " ", "AMENAZA": "( )", "FX2": " ", "LATITUD": 4.4027080000000751, "LONGITUD": -75.932355 }, "geometry": { "type": "Point", "coordinates": [ -75.932355, 4.402708, 0.0 ] } },
{ "type": "Feature", "properties": { "DEPTO": "(VALLE DEL CAUCA)", "MUNICIPIO": "LA VICTORIA", "VEREDA": "DAVILA", "GASODUCTO": "MARIQUITA - CALI", "TRAMO": "Armenia", "TP_DUCTO": "Ramal", "DISTRITO": "7", "PK_PAT": "016+260", "TP_EVENTO": "( )", "PRIORIDAD": " ", "AMENAZA": "( )", "FX2": " ", "LATITUD": 4.403038, "LONGITUD": -75.93178 }, "geometry": { "type": "Point", "coordinates": [ -75.93178, 4.403038, 0.0 ] } },
{ "type": "Feature", "properties": { "DEPTO": "(CESAR)", "MUNICIPIO": "LA GLORIA", "VEREDA": "CAÑO ALONSO", "GASODUCTO": "BALLENA - BARRANCABERMEJA", "TRAMO": "Curumaní - Norean", "TP_DUCTO": "Troncal", "DISTRITO": "6", "PK_PAT": "386817", "TP_EVENTO": "OTRO", "PRIORIDAD": " ", "AMENAZA": "Bajo", "FX2": "20250423_FX2_PM1_BB_CURUM-NOREAN_PK386+817_VA", "LATITUD": 8.638611, "LONGITUD": -73.67742 }, "geometry": { "type": "Point", "coordinates": [ -73.67742, 8.638611, 0.0 ] } },
{ "type": "Feature", "properties": { "DEPTO": "(SANTANDER)", "MUNICIPIO": "PUENTE NACIONAL", "VEREDA": "BAJO GUAMITO", "GASODUCTO": "BOYACA - SANTANDER", "TRAMO": "Otero - Santana", "TP_DUCTO": "Ramal", "DISTRITO": "5", "PK_PAT": "14800", "TP_EVENTO": "DESLIZAMIENTO TRASLACIONAL", "PRIORIDAD": " ", "AMENAZA": "Medio", "FX2": "20250617_FX2_C05_GBS_OTERO-SANT_PK014+800_VA", "LATITUD": 5.904926, "LONGITUD": -73.633762 }, "geometry": { "type": "Point", "coordinates": [ -73.633762, 5.904926, 0.0 ] } },
{ "type": "Feature", "properties": { "DEPTO": "(LA GUAJIRA)", "MUNICIPIO": "VILLANUEVA", "VEREDA": "REGION LAS FLORES", "GASODUCTO": "BALLENA - BARRANCABERMEJA", "TRAMO": "Villanueva", "TP_DUCTO": "Ramal", "DISTRITO": "6", "PK_PAT": "1867", "TP_EVENTO": "OTRO", "PRIORIDAD": " ", "AMENAZA": "Bajo", "FX2": "20250515_FX2_C09_BB_R-VILLANUEVA_PK001+867_VA", "LATITUD": 10.618142, "LONGITUD": -73.009312 }, "geometry": { "type": "Point", "coordinates": [ -73.009312, 10.618142, 0.0 ] } },
{ "type": "Feature", "properties": { "DEPTO": "(BOYACÁ)", "MUNICIPIO": "MIRAFLORES", "VEREDA": "RUSITA", "GASODUCTO": "PORVENIR - LA BELLEZA", "TRAMO": "Miraflores - Sutamarchan", "TP_DUCTO": "Troncal", "DISTRITO": "5", "PK_PAT": "91203", "TP_EVENTO": "FLUJOS", "PRIORIDAD": " ", "AMENAZA": "Alto", "FX2": "20250513_FX2_C04_PB_MIRAF-SUT_PK091+203_VA", "LATITUD": 5.198060000000055, "LONGITUD": -73.198307 }, "geometry": { "type": "Point", "coordinates": [ -73.198307, 5.19806, 0.0 ] } }
]
}
