{
"type": "FeatureCollection",
"name": "PROCESO_MENOR",
"crs": { "type": "name", "properties": { "name": "urn:ogc:def:crs:OGC:1.3:CRS84" } },
"features": [
{ "type": "Feature", "properties": { "DEPTO": "TOLIMA", "MUNICIPIO": "FRESNO", "VEREDA": "CERRO AZUL", "GASODUCTO": "7", "TRAMO": "Mariquita - Letras", "DISTRITO": "7", "PK_PAT": "20130", "TP_EVENTO": "OTRO", "PRIORIDAD": "Bajo", "AMENAZA": "Bajo", "FX2": " ", "LATITUD": 5.186726, "LONGITUD": -75.040537 }, "geometry": { "type": "Point", "coordinates": [ -75.040537, 5.186726, 0.0 ] } },
{ "type": "Feature", "properties": { "DEPTO": "TOLIMA", "MUNICIPIO": "FRESNO", "VEREDA": "DOS QUEBRADAS", "GASODUCTO": "7", "TRAMO": "Mariquita - Letras", "DISTRITO": "7", "PK_PAT": "25182", "TP_EVENTO": "OTRO", "PRIORIDAD": "Medio", "AMENAZA": "Medio", "FX2": " ", "LATITUD": 5.169719, "LONGITUD": -75.067202 }, "geometry": { "type": "Point", "coordinates": [ -75.067202, 5.169719, 0.0 ] } },
{ "type": "Feature", "properties": { "DEPTO": "TOLIMA", "MUNICIPIO": "HERVEO", "VEREDA": "PADUA", "GASODUCTO": "7", "TRAMO": "Mariquita - Letras", "DISTRITO": "7", "PK_PAT": "36600", "TP_EVENTO": "OTRO", "PRIORIDAD": "Bajo", "AMENAZA": "Bajo", "FX2": " ", "LATITUD": 5.1303080000000705, "LONGITUD": -75.13679 }, "geometry": { "type": "Point", "coordinates": [ -75.13679, 5.130308, 0.0 ] } },
{ "type": "Feature", "properties": { "DEPTO": "VALLE DEL CAUCA", "MUNICIPIO": "ZARZAL", "VEREDA": "QUEBRADA NUEVA", "GASODUCTO": "7", "TRAMO": "Caicedonia", "DISTRITO": "8", "PK_PAT": "931", "TP_EVENTO": "OTRO", "PRIORIDAD": "Bajo", "AMENAZA": "Bajo", "FX2": " ", "LATITUD": 4.407479, "LONGITUD": -75.898096 }, "geometry": { "type": "Point", "coordinates": [ -75.898096, 4.407479, 0.0 ] } },
{ "type": "Feature", "properties": { "DEPTO": "VALLE DEL CAUCA", "MUNICIPIO": "SEVILLA", "VEREDA": "BUENOS AIRES", "GASODUCTO": "7", "TRAMO": "Caicedonia", "DISTRITO": "8", "PK_PAT": "1310", "TP_EVENTO": "OTRO", "PRIORIDAD": "Bajo", "AMENAZA": "Bajo", "FX2": " ", "LATITUD": 4.405022, "LONGITUD": -75.89695 }, "geometry": { "type": "Point", "coordinates": [ -75.89695, 4.405022, 0.0 ] } },
{ "type": "Feature", "properties": { "DEPTO": "VALLE DEL CAUCA", "MUNICIPIO": "SEVILLA", "VEREDA": "BUENOS AIRES", "GASODUCTO": "7", "TRAMO": "Caicedonia", "DISTRITO": "8", "PK_PAT": "1500", "TP_EVENTO": "OTRO", "PRIORIDAD": "Bajo", "AMENAZA": "Bajo", "FX2": " ", "LATITUD": 4.403603, "LONGITUD": -75.894592 }, "geometry": { "type": "Point", "coordinates": [ -75.894592, 4.403603, 0.0 ] } },
{ "type": "Feature", "properties": { "DEPTO": "BOYACÁ", "MUNICIPIO": "PÁEZ", "VEREDA": "AGUA BLANCA", "GASODUCTO": "5", "TRAMO": "Cusiana - Miraflores", "DISTRITO": "5", "PK_PAT": "59180", "TP_EVENTO": "DESLIZAMIENTO TRASLACIONAL", "PRIORIDAD": " ", "AMENAZA": "( )", "FX2": " ", "LATITUD": 5.0689313890000562, "LONGITUD": -73.003875 }, "geometry": { "type": "Point", "coordinates": [ -73.003875, 5.068931389000056, 0.0 ] } },
{ "type": "Feature", "properties": { "DEPTO": "VALLE DEL CAUCA", "MUNICIPIO": "LA VICTORIA", "VEREDA": "SAN JOSÉ", "GASODUCTO": "7", "TRAMO": "Obando - Tulua", "DISTRITO": "8", "PK_PAT": "210372", "TP_EVENTO": "OTRO", "PRIORIDAD": "Bajo", "AMENAZA": "Bajo", "FX2": " ", "LATITUD": 4.47196, "LONGITUD": -76.038424 }, "geometry": { "type": "Point", "coordinates": [ -76.038424, 4.47196, 0.0 ] } },
{ "type": "Feature", "properties": { "DEPTO": "CASANARE", "MUNICIPIO": "TAURAMENA", "VEREDA": "CHAPARRAL", "GASODUCTO": "5", "TRAMO": "Cusiana - Miraflores", "DISTRITO": "4", "PK_PAT": "5341", "TP_EVENTO": "OTRO", "PRIORIDAD": "Bajo", "AMENAZA": "Bajo", "FX2": " ", "LATITUD": 4.973211, "LONGITUD": -72.739351 }, "geometry": { "type": "Point", "coordinates": [ -72.739351, 4.973211, 0.0 ] } },
{ "type": "Feature", "properties": { "DEPTO": "CASANARE", "MUNICIPIO": "TAURAMENA", "VEREDA": "AGUABLANCA", "GASODUCTO": "5", "TRAMO": "Cusiana - Miraflores", "DISTRITO": "4", "PK_PAT": "8859", "TP_EVENTO": "OTRO", "PRIORIDAD": "Medio", "AMENAZA": "Medio", "FX2": " ", "LATITUD": 4.96227, "LONGITUD": -72.760363 }, "geometry": { "type": "Point", "coordinates": [ -72.760363, 4.96227, 0.0 ] } },
{ "type": "Feature", "properties": { "DEPTO": "CASANARE", "MUNICIPIO": "MONTERREY", "VEREDA": "PORVENIR", "GASODUCTO": "5", "TRAMO": "Cusiana - Miraflores", "DISTRITO": "4", "PK_PAT": "30096", "TP_EVENTO": "OTRO", "PRIORIDAD": "Medio", "AMENAZA": "Medio", "FX2": " ", "LATITUD": 4.9204090000000633, "LONGITUD": -72.914243 }, "geometry": { "type": "Point", "coordinates": [ -72.914243, 4.920409, 0.0 ] } },
{ "type": "Feature", "properties": { "DEPTO": "SANTANDER", "MUNICIPIO": "BARRANCABERMEJA", "VEREDA": "CAMPO GALA", "GASODUCTO": "3", "TRAMO": "Barrancabermeja - Sebastopol", "DISTRITO": "1", "PK_PAT": "1156", "TP_EVENTO": "OTRO", "PRIORIDAD": "Bajo", "AMENAZA": "Bajo", "FX2": " ", "LATITUD": 7.088647, "LONGITUD": -73.851764 }, "geometry": { "type": "Point", "coordinates": [ -73.851764, 7.088647, 0.0 ] } },
{ "type": "Feature", "properties": { "DEPTO": "SANTANDER", "MUNICIPIO": "BARRANCABERMEJA", "VEREDA": "AREA DE EXPANSIÓN", "GASODUCTO": "3", "TRAMO": "Barrancabermeja - Sebastopol", "DISTRITO": "1", "PK_PAT": "9607", "TP_EVENTO": "OTRO", "PRIORIDAD": "Bajo", "AMENAZA": "Bajo", "FX2": " ", "LATITUD": 7.052609000000075, "LONGITUD": -73.802053 }, "geometry": { "type": "Point", "coordinates": [ -73.802053, 7.052609, 0.0 ] } },
{ "type": "Feature", "properties": { "DEPTO": "SANTANDER", "MUNICIPIO": "BARRANCABERMEJA", "VEREDA": "CAMPO 45", "GASODUCTO": "3", "TRAMO": "Barrancabermeja - Sebastopol", "DISTRITO": "1", "PK_PAT": "12861", "TP_EVENTO": "OTRO", "PRIORIDAD": "Bajo", "AMENAZA": "Bajo", "FX2": " ", "LATITUD": 7.034573, "LONGITUD": -73.817415 }, "geometry": { "type": "Point", "coordinates": [ -73.817415, 7.034573, 0.0 ] } },
{ "type": "Feature", "properties": { "DEPTO": "SANTANDER", "MUNICIPIO": "BARRANCABERMEJA", "VEREDA": "CUATRO BOCAS", "GASODUCTO": "3", "TRAMO": "Barrancabermeja - Sebastopol", "DISTRITO": "1", "PK_PAT": "16480", "TP_EVENTO": "OTRO", "PRIORIDAD": "Bajo", "AMENAZA": "Bajo", "FX2": " ", "LATITUD": 7.003654, "LONGITUD": -73.823415 }, "geometry": { "type": "Point", "coordinates": [ -73.823415, 7.003654, 0.0 ] } },
{ "type": "Feature", "properties": { "DEPTO": "SANTANDER", "MUNICIPIO": "BARRANCABERMEJA", "VEREDA": "TENERIFE", "GASODUCTO": "3", "TRAMO": "Barrancabermeja - Sebastopol", "DISTRITO": "1", "PK_PAT": "22425", "TP_EVENTO": "OTRO", "PRIORIDAD": "Bajo", "AMENAZA": "Bajo", "FX2": " ", "LATITUD": 6.951712, "LONGITUD": -73.832237 }, "geometry": { "type": "Point", "coordinates": [ -73.832237, 6.951712, 0.0 ] } },
{ "type": "Feature", "properties": { "DEPTO": "SANTANDER", "MUNICIPIO": "BARRANCABERMEJA", "VEREDA": "TENERIFE", "GASODUCTO": "3", "TRAMO": "Barrancabermeja - Sebastopol", "DISTRITO": "1", "PK_PAT": "26265", "TP_EVENTO": "OTRO", "PRIORIDAD": "Bajo", "AMENAZA": "Bajo", "FX2": " ", "LATITUD": 6.9198420000000738, "LONGITUD": -73.841745 }, "geometry": { "type": "Point", "coordinates": [ -73.841745, 6.919842, 0.0 ] } },
{ "type": "Feature", "properties": { "DEPTO": "SANTANDER", "MUNICIPIO": "SIMACOTA", "VEREDA": "VIZCAINA BAJA", "GASODUCTO": "3", "TRAMO": "Barrancabermeja - Sebastopol", "DISTRITO": "1", "PK_PAT": "38170", "TP_EVENTO": "OTRO", "PRIORIDAD": "Bajo", "AMENAZA": "Bajo", "FX2": " ", "LATITUD": 6.832535000000064, "LONGITUD": -73.893896 }, "geometry": { "type": "Point", "coordinates": [ -73.893896, 6.832535, 0.0 ] } },
{ "type": "Feature", "properties": { "DEPTO": "BOYACÁ", "MUNICIPIO": "PÁEZ", "VEREDA": "PARAISO", "GASODUCTO": "5", "TRAMO": "Cusiana - Miraflores", "DISTRITO": "5", "PK_PAT": "17834", "TP_EVENTO": "OTRO", "PRIORIDAD": "Bajo", "AMENAZA": "Bajo", "FX2": " ", "LATITUD": 5.0169470000000729, "LONGITUD": -72.985577 }, "geometry": { "type": "Point", "coordinates": [ -72.985577, 5.016947, 0.0 ] } },
{ "type": "Feature", "properties": { "DEPTO": "BOYACÁ", "MUNICIPIO": "PÁEZ", "VEREDA": "AGUA BLANCA", "GASODUCTO": "5", "TRAMO": "Cusiana - Miraflores", "DISTRITO": "5", "PK_PAT": "60105", "TP_EVENTO": "OTRO", "PRIORIDAD": " ", "AMENAZA": "( )", "FX2": " ", "LATITUD": 5.076055560000043, "LONGITUD": -73.00326666999996 }, "geometry": { "type": "Point", "coordinates": [ -73.00326666999996, 5.076055560000043, 0.0 ] } },
{ "type": "Feature", "properties": { "DEPTO": "BOYACÁ", "MUNICIPIO": "PÁEZ", "VEREDA": "CALIFORNIA", "GASODUCTO": "5", "TRAMO": "Cusiana - Miraflores", "DISTRITO": "5", "PK_PAT": "31053", "TP_EVENTO": "OTRO", "PRIORIDAD": "Bajo", "AMENAZA": "Bajo", "FX2": " ", "LATITUD": 5.0924420000000623, "LONGITUD": -73.025584 }, "geometry": { "type": "Point", "coordinates": [ -73.025584, 5.092442, 0.0 ] } },
{ "type": "Feature", "properties": { "DEPTO": "BOYACÁ", "MUNICIPIO": "PÁEZ", "VEREDA": "CALIFORNIA", "GASODUCTO": "5", "TRAMO": "Cusiana - Miraflores", "DISTRITO": "5", "PK_PAT": "63170", "TP_EVENTO": "OTRO", "PRIORIDAD": "Bajo", "AMENAZA": "Bajo", "FX2": " ", "LATITUD": 5.0903260000000614, "LONGITUD": -73.022642 }, "geometry": { "type": "Point", "coordinates": [ -73.022642, 5.090326, 0.0 ] } },
{ "type": "Feature", "properties": { "DEPTO": "BOYACÁ", "MUNICIPIO": "PÁEZ", "VEREDA": "YAMUNTA", "GASODUCTO": "5", "TRAMO": "Cusiana - Miraflores", "DISTRITO": "5", "PK_PAT": "74180", "TP_EVENTO": "REPTACION", "PRIORIDAD": " ", "AMENAZA": "( )", "FX2": " ", "LATITUD": 5.126783, "LONGITUD": -73.09424 }, "geometry": { "type": "Point", "coordinates": [ -73.09424, 5.126783, 0.0 ] } },
{ "type": "Feature", "properties": { "DEPTO": "CASANARE", "MUNICIPIO": "SABANALARGA", "VEREDA": "PALMICHAL", "GASODUCTO": "9", "TRAMO": "Cusiana - Miraflores", "DISTRITO": "5", "PK_PAT": "48157", "TP_EVENTO": "OTRO", "PRIORIDAD": "Bajo", "AMENAZA": "Bajo", "FX2": " ", "LATITUD": 4.9894820000000664, "LONGITUD": -72.999613 }, "geometry": { "type": "Point", "coordinates": [ -72.999613, 4.989482, 0.0 ] } },
{ "type": "Feature", "properties": { "DEPTO": "BOYACÁ", "MUNICIPIO": "PÁEZ", "VEREDA": "CANALES", "GASODUCTO": "9", "TRAMO": "Cusiana - Miraflores", "DISTRITO": "5", "PK_PAT": "49685", "TP_EVENTO": "OTRO", "PRIORIDAD": "Alto", "AMENAZA": "Alto", "FX2": " ", "LATITUD": 5.010435, "LONGITUD": -72.986486 }, "geometry": { "type": "Point", "coordinates": [ -72.986486, 5.010435, 0.0 ] } },
{ "type": "Feature", "properties": { "DEPTO": "LA GUAJIRA", "MUNICIPIO": "MANAURE", "VEREDA": "SHICHEPEHO", "GASODUCTO": "1", "TRAMO": "Ballenas - Hato Nuevo", "DISTRITO": "6", "PK_PAT": "5072", "TP_EVENTO": "OTRO", "PRIORIDAD": "Bajo", "AMENAZA": "Bajo", "FX2": " ", "LATITUD": 11.652934, "LONGITUD": -72.705448 }, "geometry": { "type": "Point", "coordinates": [ -72.705448, 11.652934, 0.0 ] } },
{ "type": "Feature", "properties": { "DEPTO": "LA GUAJIRA", "MUNICIPIO": "MANAURE", "VEREDA": "PARNA", "GASODUCTO": "1", "TRAMO": "Ballenas - Hato Nuevo", "DISTRITO": "6", "PK_PAT": "14559", "TP_EVENTO": "OTRO", "PRIORIDAD": "Bajo", "AMENAZA": "Bajo", "FX2": " ", "LATITUD": 11.571602, "LONGITUD": -72.678441 }, "geometry": { "type": "Point", "coordinates": [ -72.678441, 11.571602, 0.0 ] } },
{ "type": "Feature", "properties": { "DEPTO": "LA GUAJIRA", "MUNICIPIO": "MANAURE", "VEREDA": "PARNA", "GASODUCTO": "1", "TRAMO": "Ballenas - Hato Nuevo", "DISTRITO": "6", "PK_PAT": "15681", "TP_EVENTO": "OTRO", "PRIORIDAD": "Bajo", "AMENAZA": "Bajo", "FX2": " ", "LATITUD": 11.561994, "LONGITUD": -72.675253 }, "geometry": { "type": "Point", "coordinates": [ -72.675253, 11.561994, 0.0 ] } },
{ "type": "Feature", "properties": { "DEPTO": "LA GUAJIRA", "MUNICIPIO": "MANAURE", "VEREDA": "PARNA", "GASODUCTO": "1", "TRAMO": "Ballenas - Hato Nuevo", "DISTRITO": "6", "PK_PAT": "15810", "TP_EVENTO": "OTRO", "PRIORIDAD": "Bajo", "AMENAZA": "Bajo", "FX2": " ", "LATITUD": 11.560886, "LONGITUD": -72.674898 }, "geometry": { "type": "Point", "coordinates": [ -72.674898, 11.560886, 0.0 ] } },
{ "type": "Feature", "properties": { "DEPTO": "LA GUAJIRA", "MUNICIPIO": "MANAURE", "VEREDA": "PARNA", "GASODUCTO": "1", "TRAMO": "Ballenas - Hato Nuevo", "DISTRITO": "6", "PK_PAT": "17674", "TP_EVENTO": "OTRO", "PRIORIDAD": "Bajo", "AMENAZA": "Bajo", "FX2": " ", "LATITUD": 11.544898, "LONGITUD": -72.669626 }, "geometry": { "type": "Point", "coordinates": [ -72.669626, 11.544898, 0.0 ] } },
{ "type": "Feature", "properties": { "DEPTO": "LA GUAJIRA", "MUNICIPIO": "MANAURE", "VEREDA": "SIN INFORMACION", "GASODUCTO": "1", "TRAMO": "Ballenas - Hato Nuevo", "DISTRITO": "6", "PK_PAT": "18395", "TP_EVENTO": "OTRO", "PRIORIDAD": "Bajo", "AMENAZA": "Bajo", "FX2": " ", "LATITUD": 11.538671, "LONGITUD": -72.667569 }, "geometry": { "type": "Point", "coordinates": [ -72.667569, 11.538671, 0.0 ] } },
{ "type": "Feature", "properties": { "DEPTO": "LA GUAJIRA", "MUNICIPIO": "MANAURE", "VEREDA": "SIN INFORMACION", "GASODUCTO": "1", "TRAMO": "Ballenas - Hato Nuevo", "DISTRITO": "6", "PK_PAT": "18761", "TP_EVENTO": "OTRO", "PRIORIDAD": "Bajo", "AMENAZA": "Bajo", "FX2": " ", "LATITUD": 11.535518, "LONGITUD": -72.666511 }, "geometry": { "type": "Point", "coordinates": [ -72.666511, 11.535518, 0.0 ] } },
{ "type": "Feature", "properties": { "DEPTO": "LA GUAJIRA", "MUNICIPIO": "MANAURE", "VEREDA": "SIN INFORMACION", "GASODUCTO": "1", "TRAMO": "Ballenas - Hato Nuevo", "DISTRITO": "6", "PK_PAT": "30209", "TP_EVENTO": "OTRO", "PRIORIDAD": "Bajo", "AMENAZA": "Bajo", "FX2": " ", "LATITUD": 11.435559, "LONGITUD": -72.642553 }, "geometry": { "type": "Point", "coordinates": [ -72.642553, 11.435559, 0.0 ] } },
{ "type": "Feature", "properties": { "DEPTO": "LA GUAJIRA", "MUNICIPIO": "MAICAO", "VEREDA": "CUATRO VIAS", "GASODUCTO": "1", "TRAMO": "Ballenas - Hato Nuevo", "DISTRITO": "6", "PK_PAT": "31332", "TP_EVENTO": "OTRO", "PRIORIDAD": "Bajo", "AMENAZA": "Bajo", "FX2": " ", "LATITUD": 11.425401, "LONGITUD": -72.642054 }, "geometry": { "type": "Point", "coordinates": [ -72.642054, 11.425401, 0.0 ] } },
{ "type": "Feature", "properties": { "DEPTO": "LA GUAJIRA", "MUNICIPIO": "RIOHACHA", "VEREDA": "RESGUARDO INDÍGENA WAYUU", "GASODUCTO": "1", "TRAMO": "Ballenas - Hato Nuevo", "DISTRITO": "6", "PK_PAT": "42942", "TP_EVENTO": "OTRO", "PRIORIDAD": "Bajo", "AMENAZA": "Bajo", "FX2": " ", "LATITUD": 11.322048, "LONGITUD": -72.637546 }, "geometry": { "type": "Point", "coordinates": [ -72.637546, 11.322048, 0.0 ] } },
{ "type": "Feature", "properties": { "DEPTO": "LA GUAJIRA", "MUNICIPIO": "RIOHACHA", "VEREDA": "VILLA MARTÍN", "GASODUCTO": "1", "TRAMO": "Ballenas - Hato Nuevo", "DISTRITO": "6", "PK_PAT": "49453", "TP_EVENTO": "OTRO", "PRIORIDAD": "Bajo", "AMENAZA": "Bajo", "FX2": " ", "LATITUD": 11.266608, "LONGITUD": -72.620993 }, "geometry": { "type": "Point", "coordinates": [ -72.620993, 11.266608, 0.0 ] } },
{ "type": "Feature", "properties": { "DEPTO": "LA GUAJIRA", "MUNICIPIO": "RIOHACHA", "VEREDA": "VILLA MARTÍN", "GASODUCTO": "1", "TRAMO": "Ballenas - Hato Nuevo", "DISTRITO": "6", "PK_PAT": "50598", "TP_EVENTO": "OTRO", "PRIORIDAD": "Bajo", "AMENAZA": "Bajo", "FX2": " ", "LATITUD": 11.256536, "LONGITUD": -72.618379 }, "geometry": { "type": "Point", "coordinates": [ -72.618379, 11.256536, 0.0 ] } },
{ "type": "Feature", "properties": { "DEPTO": "BOYACÁ", "MUNICIPIO": "MOTAVITA", "VEREDA": "RISTA", "GASODUCTO": "2", "TRAMO": "Teatinos - Belencito", "DISTRITO": "5", "PK_PAT": "12637", "TP_EVENTO": "OTRO", "PRIORIDAD": "Bajo", "AMENAZA": "Bajo", "FX2": " ", "LATITUD": 5.5656920000000696, "LONGITUD": -73.389741 }, "geometry": { "type": "Point", "coordinates": [ -73.389741, 5.565692, 0.0 ] } },
{ "type": "Feature", "properties": { "DEPTO": "BOYACÁ", "MUNICIPIO": "OICATÁ", "VEREDA": "PORAVITA", "GASODUCTO": "2", "TRAMO": "Teatinos - Belencito", "DISTRITO": "5", "PK_PAT": "28870", "TP_EVENTO": "OTRO", "PRIORIDAD": "Medio", "AMENAZA": "Medio", "FX2": " ", "LATITUD": 5.642907, "LONGITUD": -73.284256 }, "geometry": { "type": "Point", "coordinates": [ -73.284256, 5.642907, 0.0 ] } },
{ "type": "Feature", "properties": { "DEPTO": "BOYACÁ", "MUNICIPIO": "TUTA", "VEREDA": "DE RESGUARDO", "GASODUCTO": "2", "TRAMO": "Teatinos - Belencito", "DISTRITO": "5", "PK_PAT": "39103", "TP_EVENTO": "OTRO", "PRIORIDAD": "Bajo", "AMENAZA": "Bajo", "FX2": " ", "LATITUD": 5.704286, "LONGITUD": -73.225428 }, "geometry": { "type": "Point", "coordinates": [ -73.225428, 5.704286, 0.0 ] } },
{ "type": "Feature", "properties": { "DEPTO": "VALLE DEL CAUCA", "MUNICIPIO": "TULUÁ", "VEREDA": "AGUA CLARA", "GASODUCTO": "7", "TRAMO": "Obando - Tulua", "DISTRITO": "8", "PK_PAT": "255955", "TP_EVENTO": "OTRO", "PRIORIDAD": "Bajo", "AMENAZA": "Bajo", "FX2": " ", "LATITUD": 4.1321170000000507, "LONGITUD": -76.18932 }, "geometry": { "type": "Point", "coordinates": [ -76.18932, 4.132117, 0.0 ] } },
{ "type": "Feature", "properties": { "DEPTO": "CALDAS", "MUNICIPIO": "MANIZALES", "VEREDA": "LA ENEA PARTE", "GASODUCTO": "7", "TRAMO": "Letras - Marsella", "DISTRITO": "7", "PK_PAT": "75900", "TP_EVENTO": "OTRO", "PRIORIDAD": "Alto", "AMENAZA": "Alto", "FX2": " ", "LATITUD": 5.0476150000000644, "LONGITUD": -75.404415 }, "geometry": { "type": "Point", "coordinates": [ -75.404415, 5.047615, 0.0 ] } },
{ "type": "Feature", "properties": { "DEPTO": "CALDAS", "MUNICIPIO": "MANIZALES", "VEREDA": "LA ENEA PARTE", "GASODUCTO": "7", "TRAMO": "Letras - Marsella", "DISTRITO": "7", "PK_PAT": "77865", "TP_EVENTO": "DESLIZAMIENTO ROTACIONAL", "PRIORIDAD": "Alto", "AMENAZA": "Alto", "FX2": "20220526_FX2_C07_MC_LET-MARS_PK077+865_VA", "LATITUD": 5.037917, "LONGITUD": -75.416797 }, "geometry": { "type": "Point", "coordinates": [ -75.416797, 5.037917, 0.0 ] } },
{ "type": "Feature", "properties": { "DEPTO": "CALDAS", "MUNICIPIO": "MANIZALES", "VEREDA": "ÁREA URBANA", "GASODUCTO": "7", "TRAMO": "Letras - Marsella", "DISTRITO": "7", "PK_PAT": "79174", "TP_EVENTO": "OTRO", "PRIORIDAD": "Bajo", "AMENAZA": "Bajo", "FX2": " ", "LATITUD": 5.0328460000000632, "LONGITUD": -75.426127 }, "geometry": { "type": "Point", "coordinates": [ -75.426127, 5.032846, 0.0 ] } },
{ "type": "Feature", "properties": { "DEPTO": "CALDAS", "MUNICIPIO": "VILLAMARÍA", "VEREDA": "LA FLORIDA", "GASODUCTO": "7", "TRAMO": "Letras - Marsella", "DISTRITO": "7", "PK_PAT": "83968", "TP_EVENTO": "OTRO", "PRIORIDAD": "Bajo", "AMENAZA": "Bajo", "FX2": " ", "LATITUD": 5.0175180000000523, "LONGITUD": -75.460476 }, "geometry": { "type": "Point", "coordinates": [ -75.460476, 5.017518, 0.0 ] } },
{ "type": "Feature", "properties": { "DEPTO": "CALDAS", "MUNICIPIO": "VILLAMARÍA", "VEREDA": "ALTO CASTILLO", "GASODUCTO": "7", "TRAMO": "Letras - Marsella", "DISTRITO": "7", "PK_PAT": "93424", "TP_EVENTO": "OTRO", "PRIORIDAD": "Bajo", "AMENAZA": "Bajo", "FX2": " ", "LATITUD": 4.9993010000000595, "LONGITUD": -75.523097 }, "geometry": { "type": "Point", "coordinates": [ -75.523097, 4.999301, 0.0 ] } },
{ "type": "Feature", "properties": { "DEPTO": "CALDAS", "MUNICIPIO": "CHINCHINÁ", "VEREDA": "LA FLORESTA", "GASODUCTO": "7", "TRAMO": "Letras - Marsella", "DISTRITO": "7", "PK_PAT": "112970", "TP_EVENTO": "OTRO", "PRIORIDAD": "Bajo", "AMENAZA": "Bajo", "FX2": " ", "LATITUD": 4.9884520000000521, "LONGITUD": -75.66957 }, "geometry": { "type": "Point", "coordinates": [ -75.66957, 4.988452, 0.0 ] } },
{ "type": "Feature", "properties": { "DEPTO": "CALDAS", "MUNICIPIO": "MANIZALES", "VEREDA": "ÁREA URBANA", "GASODUCTO": "7", "TRAMO": "Neira", "DISTRITO": "7", "PK_PAT": "298", "TP_EVENTO": "OTRO", "PRIORIDAD": "Bajo", "AMENAZA": "Bajo", "FX2": " ", "LATITUD": 5.0395990000000666, "LONGITUD": -75.44829 }, "geometry": { "type": "Point", "coordinates": [ -75.44829, 5.039599, 0.0 ] } },
{ "type": "Feature", "properties": { "DEPTO": "TOLIMA", "MUNICIPIO": "HERVEO", "VEREDA": "LETRAS", "GASODUCTO": "7", "TRAMO": "Mariquita - Letras", "DISTRITO": "7", "PK_PAT": "65000", "TP_EVENTO": "OTRO", "PRIORIDAD": "Bajo", "AMENAZA": "Bajo", "FX2": " ", "LATITUD": 5.0600000000000591, "LONGITUD": -75.316056 }, "geometry": { "type": "Point", "coordinates": [ -75.316056, 5.06, 0.0 ] } },
{ "type": "Feature", "properties": { "DEPTO": "CALDAS", "MUNICIPIO": "MANIZALES", "VEREDA": "LA ENEA PARTE", "GASODUCTO": "7", "TRAMO": "Letras - Marsella", "DISTRITO": "7", "PK_PAT": "80469", "TP_EVENTO": "OTRO", "PRIORIDAD": "Medio", "AMENAZA": "Medio", "FX2": " ", "LATITUD": 5.026148, "LONGITUD": -75.433752 }, "geometry": { "type": "Point", "coordinates": [ -75.433752, 5.026148, 0.0 ] } },
{ "type": "Feature", "properties": { "DEPTO": "CASANARE", "MUNICIPIO": "TAURAMENA", "VEREDA": "PALMAR", "GASODUCTO": "4", "TRAMO": "Cusiana - Pk65", "DISTRITO": "4", "PK_PAT": "9966", "TP_EVENTO": "OTRO", "PRIORIDAD": "Bajo", "AMENAZA": "Bajo", "FX2": " ", "LATITUD": 4.9565010000000598, "LONGITUD": -72.766972 }, "geometry": { "type": "Point", "coordinates": [ -72.766972, 4.956501, 0.0 ] } },
{ "type": "Feature", "properties": { "DEPTO": "META", "MUNICIPIO": "BARRANCA DE UPÍA", "VEREDA": "CARUTAL", "GASODUCTO": "4", "TRAMO": "Cusiana - Pk65", "DISTRITO": "4", "PK_PAT": "59284", "TP_EVENTO": "OTRO", "PRIORIDAD": "Bajo", "AMENAZA": "Bajo", "FX2": " ", "LATITUD": 4.669721, "LONGITUD": -73.051953 }, "geometry": { "type": "Point", "coordinates": [ -73.051953, 4.669721, 0.0 ] } },
{ "type": "Feature", "properties": { "DEPTO": "CASANARE", "MUNICIPIO": "TAURAMENA", "VEREDA": "CHAPARRAL", "GASODUCTO": "4", "TRAMO": "Tauramena", "DISTRITO": "4", "PK_PAT": "1590", "TP_EVENTO": "OTRO", "PRIORIDAD": "Bajo", "AMENAZA": "Bajo", "FX2": " ", "LATITUD": 4.9862370000000737, "LONGITUD": -72.731646 }, "geometry": { "type": "Point", "coordinates": [ -72.731646, 4.986237, 0.0 ] } },
{ "type": "Feature", "properties": { "DEPTO": "CASANARE", "MUNICIPIO": "SABANALARGA", "VEREDA": "NUEVA ZELANDIA", "GASODUCTO": "4", "TRAMO": "Villanueva", "DISTRITO": "4", "PK_PAT": "2314", "TP_EVENTO": "OTRO", "PRIORIDAD": "Bajo", "AMENAZA": "Bajo", "FX2": " ", "LATITUD": 4.6883260000000746, "LONGITUD": -73.010776 }, "geometry": { "type": "Point", "coordinates": [ -73.010776, 4.688326, 0.0 ] } },
{ "type": "Feature", "properties": { "DEPTO": "CUNDINAMARCA", "MUNICIPIO": "SIMIJACA", "VEREDA": "EL FICAL", "GASODUCTO": "3", "TRAMO": "Sucre Oriental - Cogua", "DISTRITO": "3", "PK_PAT": "44029", "TP_EVENTO": "OTRO", "PRIORIDAD": " ", "AMENAZA": "( )", "FX2": " ", "LATITUD": 5.5492780000000721, "LONGITUD": -73.814392 }, "geometry": { "type": "Point", "coordinates": [ -73.814392, 5.549278, 0.0 ] } },
{ "type": "Feature", "properties": { "DEPTO": "BOYACÁ", "MUNICIPIO": "MIRAFLORES", "VEREDA": "LADERAS", "GASODUCTO": "5", "TRAMO": "Cusiana - Miraflores", "DISTRITO": "5", "PK_PAT": "81675", "TP_EVENTO": "OTRO", "PRIORIDAD": "Medio", "AMENAZA": "Medio", "FX2": " ", "LATITUD": 5.172943, "LONGITUD": -73.124176 }, "geometry": { "type": "Point", "coordinates": [ -73.124176, 5.172943, 0.0 ] } },
{ "type": "Feature", "properties": { "DEPTO": "BOYACÁ", "MUNICIPIO": "MIRAFLORES", "VEREDA": "ARRAYAN", "GASODUCTO": "5", "TRAMO": "Cusiana - Miraflores", "DISTRITO": "5", "PK_PAT": "81930", "TP_EVENTO": "OTRO", "PRIORIDAD": "Medio", "AMENAZA": "Medio", "FX2": " ", "LATITUD": 5.174117, "LONGITUD": -73.126142 }, "geometry": { "type": "Point", "coordinates": [ -73.126142, 5.174117, 0.0 ] } },
{ "type": "Feature", "properties": { "DEPTO": "BOYACÁ", "MUNICIPIO": "RAMIRIQUÍ", "VEREDA": "CHUSCAL", "GASODUCTO": "9", "TRAMO": "Miraflores - Sutamarchan", "DISTRITO": "5", "PK_PAT": "73868", "TP_EVENTO": "OTRO", "PRIORIDAD": "Medio", "AMENAZA": "Medio", "FX2": " ", "LATITUD": 5.294285000000059, "LONGITUD": -73.281416 }, "geometry": { "type": "Point", "coordinates": [ -73.281416, 5.294285, 0.0 ] } },
{ "type": "Feature", "properties": { "DEPTO": "BOYACÁ", "MUNICIPIO": "MIRAFLORES", "VEREDA": "ARRAYAN", "GASODUCTO": "5", "TRAMO": "Cusiana - Miraflores", "DISTRITO": "5", "PK_PAT": "82465", "TP_EVENTO": "OTRO", "PRIORIDAD": " ", "AMENAZA": "( )", "FX2": " ", "LATITUD": 5.176, "LONGITUD": -73.130583329999979 }, "geometry": { "type": "Point", "coordinates": [ -73.130583329999979, 5.176, 0.0 ] } },
{ "type": "Feature", "properties": { "DEPTO": "SANTANDER", "MUNICIPIO": "PUERTO PARRA", "VEREDA": "CARRILERA", "GASODUCTO": "3", "TRAMO": "Barrancabermeja - Sebastopol", "DISTRITO": "1", "PK_PAT": "62299", "TP_EVENTO": "OTRO", "PRIORIDAD": "Bajo", "AMENAZA": "Bajo", "FX2": " ", "LATITUD": 6.6735190000000557, "LONGITUD": -74.028988 }, "geometry": { "type": "Point", "coordinates": [ -74.028988, 6.673519, 0.0 ] } },
{ "type": "Feature", "properties": { "DEPTO": "SANTANDER", "MUNICIPIO": "PUERTO PARRA", "VEREDA": "CARRILERA", "GASODUCTO": "3", "TRAMO": "Barrancabermeja - Sebastopol", "DISTRITO": "1", "PK_PAT": "63472", "TP_EVENTO": "OTRO", "PRIORIDAD": "Bajo", "AMENAZA": "Bajo", "FX2": " ", "LATITUD": 6.6679050000000757, "LONGITUD": -74.03776 }, "geometry": { "type": "Point", "coordinates": [ -74.03776, 6.667905, 0.0 ] } },
{ "type": "Feature", "properties": { "DEPTO": "SANTANDER", "MUNICIPIO": "CIMITARRA", "VEREDA": "RIVERAS DEL SAN JUAN", "GASODUCTO": "3", "TRAMO": "Barrancabermeja - Sebastopol", "DISTRITO": "1", "PK_PAT": "83620", "TP_EVENTO": "OTRO", "PRIORIDAD": "Bajo", "AMENAZA": "Bajo", "FX2": " ", "LATITUD": 6.567727, "LONGITUD": -74.178088 }, "geometry": { "type": "Point", "coordinates": [ -74.178088, 6.567727, 0.0 ] } },
{ "type": "Feature", "properties": { "DEPTO": "SANTANDER", "MUNICIPIO": "CIMITARRA", "VEREDA": "PUERTO OLAYA", "GASODUCTO": "3", "TRAMO": "Sebastopol - Vasconia", "DISTRITO": "1", "PK_PAT": "118189", "TP_EVENTO": "OTRO", "PRIORIDAD": "Bajo", "AMENAZA": "Bajo", "FX2": " ", "LATITUD": 6.418211, "LONGITUD": -74.360706 }, "geometry": { "type": "Point", "coordinates": [ -74.360706, 6.418211, 0.0 ] } },
{ "type": "Feature", "properties": { "DEPTO": "CESAR", "MUNICIPIO": "TAMALAMEQUE", "VEREDA": "SAN FRANCISCO", "GASODUCTO": "1", "TRAMO": "Tamalameque", "DISTRITO": "6", "PK_PAT": "9277", "TP_EVENTO": "OTRO", "PRIORIDAD": "Bajo", "AMENAZA": "Medio", "FX2": " ", "LATITUD": 8.877308, "LONGITUD": -73.74846 }, "geometry": { "type": "Point", "coordinates": [ -73.74846, 8.877308, 0.0 ] } },
{ "type": "Feature", "properties": { "DEPTO": "CUNDINAMARCA", "MUNICIPIO": "PARATEBUENO", "VEREDA": "MACAPAY ALTO", "GASODUCTO": "4", "TRAMO": "PK65 - APIAY", "DISTRITO": "4", "PK_PAT": "93785", "TP_EVENTO": "OTRO", "PRIORIDAD": "Bajo", "AMENAZA": "Bajo", "FX2": " ", "LATITUD": 4.4277910000000702, "LONGITUD": -73.198581 }, "geometry": { "type": "Point", "coordinates": [ -73.198581, 4.427791, 0.0 ] } },
{ "type": "Feature", "properties": { "DEPTO": "SANTANDER", "MUNICIPIO": "PUENTE NACIONAL", "VEREDA": "MONTES", "GASODUCTO": "2", "TRAMO": "Otero - Santana", "DISTRITO": "5", "PK_PAT": "152", "TP_EVENTO": "OTRO", "PRIORIDAD": "Bajo", "AMENAZA": "Bajo", "FX2": " ", "LATITUD": 5.8118940000000521, "LONGITUD": -73.693762 }, "geometry": { "type": "Point", "coordinates": [ -73.693762, 5.811894, 0.0 ] } },
{ "type": "Feature", "properties": { "DEPTO": "SANTANDER", "MUNICIPIO": "PUENTE NACIONAL", "VEREDA": "BAJO GUAMITO", "GASODUCTO": "2", "TRAMO": "Otero - Santana", "DISTRITO": "5", "PK_PAT": "12572", "TP_EVENTO": "OTRO", "PRIORIDAD": "Bajo", "AMENAZA": "Bajo", "FX2": " ", "LATITUD": 5.888945, "LONGITUD": -73.642854 }, "geometry": { "type": "Point", "coordinates": [ -73.642854, 5.888945, 0.0 ] } },
{ "type": "Feature", "properties": { "DEPTO": "SANTANDER", "MUNICIPIO": "PUENTE NACIONAL", "VEREDA": "BAJO GUAMITO", "GASODUCTO": "2", "TRAMO": "Otero - Santana", "DISTRITO": "5", "PK_PAT": "13120", "TP_EVENTO": "OTRO", "PRIORIDAD": "Bajo", "AMENAZA": "Bajo", "FX2": " ", "LATITUD": 5.8929690000000505, "LONGITUD": -73.639943 }, "geometry": { "type": "Point", "coordinates": [ -73.639943, 5.892969, 0.0 ] } },
{ "type": "Feature", "properties": { "DEPTO": "SANTANDER", "MUNICIPIO": "PUENTE NACIONAL", "VEREDA": "BAJO GUAMITO", "GASODUCTO": "2", "TRAMO": "Otero - Santana", "DISTRITO": "5", "PK_PAT": "13695", "TP_EVENTO": "OTRO", "PRIORIDAD": "Bajo", "AMENAZA": "Bajo", "FX2": " ", "LATITUD": 5.8969030000000657, "LONGITUD": -73.637801 }, "geometry": { "type": "Point", "coordinates": [ -73.637801, 5.896903, 0.0 ] } },
{ "type": "Feature", "properties": { "DEPTO": "BOYACÁ", "MUNICIPIO": "MONIQUIRÁ", "VEREDA": "MACIEGAL", "GASODUCTO": "2", "TRAMO": "Otero - Santana", "DISTRITO": "5", "PK_PAT": "16345", "TP_EVENTO": "OTRO", "PRIORIDAD": "Bajo", "AMENAZA": "Bajo", "FX2": " ", "LATITUD": 5.910849, "LONGITUD": -73.623033 }, "geometry": { "type": "Point", "coordinates": [ -73.623033, 5.910849, 0.0 ] } },
{ "type": "Feature", "properties": { "DEPTO": "SANTANDER", "MUNICIPIO": "BARBOSA", "VEREDA": "SANTA ROSA", "GASODUCTO": "2", "TRAMO": "Otero - Santana", "DISTRITO": "5", "PK_PAT": "25886", "TP_EVENTO": "OTRO", "PRIORIDAD": "Medio", "AMENAZA": "Medio", "FX2": " ", "LATITUD": 5.9745340000000624, "LONGITUD": -73.592618 }, "geometry": { "type": "Point", "coordinates": [ -73.592618, 5.974534, 0.0 ] } },
{ "type": "Feature", "properties": { "DEPTO": "SANTANDER", "MUNICIPIO": "GÜEPSA", "VEREDA": "SANTA ROSA", "GASODUCTO": "2", "TRAMO": "Otero - Santana", "DISTRITO": "5", "PK_PAT": "28849", "TP_EVENTO": "OTRO", "PRIORIDAD": "Medio", "AMENAZA": "Medio", "FX2": " ", "LATITUD": 5.99895, "LONGITUD": -73.590075 }, "geometry": { "type": "Point", "coordinates": [ -73.590075, 5.99895, 0.0 ] } },
{ "type": "Feature", "properties": { "DEPTO": "BOYACÁ", "MUNICIPIO": "SAN JOSÉ DE PARE", "VEREDA": "SAN ISIDRO", "GASODUCTO": "2", "TRAMO": "Otero - Santana", "DISTRITO": "5", "PK_PAT": "37582", "TP_EVENTO": "OTRO", "PRIORIDAD": "Bajo", "AMENAZA": "Bajo", "FX2": " ", "LATITUD": 6.029954, "LONGITUD": -73.542743 }, "geometry": { "type": "Point", "coordinates": [ -73.542743, 6.029954, 0.0 ] } },
{ "type": "Feature", "properties": { "DEPTO": "VALLE DEL CAUCA", "MUNICIPIO": "PRADERA", "VEREDA": "LA FLORESTA", "GASODUCTO": "7", "TRAMO": "Florida", "DISTRITO": "8", "PK_PAT": "2462", "TP_EVENTO": "OTRO", "PRIORIDAD": "Bajo", "AMENAZA": "Bajo", "FX2": " ", "LATITUD": 3.3980120000000511, "LONGITUD": -76.250741 }, "geometry": { "type": "Point", "coordinates": [ -76.250741, 3.398012, 0.0 ] } },
{ "type": "Feature", "properties": { "DEPTO": "VALLE DEL CAUCA", "MUNICIPIO": "CANDELARIA", "VEREDA": "EL TIPLE", "GASODUCTO": "7", "TRAMO": "Jamundi", "DISTRITO": "8", "PK_PAT": "28000", "TP_EVENTO": "OTRO", "PRIORIDAD": "Bajo", "AMENAZA": "Bajo", "FX2": " ", "LATITUD": 3.3397420000000579, "LONGITUD": -76.444862 }, "geometry": { "type": "Point", "coordinates": [ -76.444862, 3.339742, 0.0 ] } },
{ "type": "Feature", "properties": { "DEPTO": "VALLE DEL CAUCA", "MUNICIPIO": "TULUÁ", "VEREDA": "LA IBERIA", "GASODUCTO": "7", "TRAMO": "Obando - Tulua", "DISTRITO": "8", "PK_PAT": "260050", "TP_EVENTO": "OTRO", "PRIORIDAD": "Bajo", "AMENAZA": "Bajo", "FX2": " ", "LATITUD": 4.1053450000000566, "LONGITUD": -76.172161 }, "geometry": { "type": "Point", "coordinates": [ -76.172161, 4.105345, 0.0 ] } },
{ "type": "Feature", "properties": { "DEPTO": "BOYACÁ", "MUNICIPIO": "PUERTO BOYACÁ", "VEREDA": "ERMITANO", "GASODUCTO": "3", "TRAMO": "Sebastopol - Vasconia", "DISTRITO": "1", "PK_PAT": "161436", "TP_EVENTO": "OTRO", "PRIORIDAD": "Bajo", "AMENAZA": "Bajo", "FX2": " ", "LATITUD": 6.141871, "LONGITUD": -74.56548 }, "geometry": { "type": "Point", "coordinates": [ -74.56548, 6.141871, 0.0 ] } },
{ "type": "Feature", "properties": { "DEPTO": "BOYACÁ", "MUNICIPIO": "PUERTO BOYACÁ", "VEREDA": "PALAGUA", "GASODUCTO": "3", "TRAMO": "Sebastopol - Vasconia", "DISTRITO": "1", "PK_PAT": "163978", "TP_EVENTO": "OTRO", "PRIORIDAD": "Alto", "AMENAZA": "Alto", "FX2": " ", "LATITUD": 6.120599, "LONGITUD": -74.558032 }, "geometry": { "type": "Point", "coordinates": [ -74.558032, 6.120599, 0.0 ] } },
{ "type": "Feature", "properties": { "DEPTO": "BOYACÁ", "MUNICIPIO": "PUERTO BOYACÁ", "VEREDA": "MARANAL", "GASODUCTO": "3", "TRAMO": "Vasconia - Puerto Salgar", "DISTRITO": "1", "PK_PAT": "203191", "TP_EVENTO": "OTRO", "PRIORIDAD": "Bajo", "AMENAZA": "Bajo", "FX2": " ", "LATITUD": 5.833555, "LONGITUD": -74.632664 }, "geometry": { "type": "Point", "coordinates": [ -74.632664, 5.833555, 0.0 ] } },
{ "type": "Feature", "properties": { "DEPTO": "BOYACÁ", "MUNICIPIO": "MIRAFLORES", "VEREDA": "HATO", "GASODUCTO": "9", "TRAMO": "Miraflores - Sutamarchan", "DISTRITO": "5", "PK_PAT": "88390", "TP_EVENTO": "SOCAVACIÓN DE FONDO", "PRIORIDAD": " ", "AMENAZA": "( )", "FX2": " ", "LATITUD": 5.1910360000000537, "LONGITUD": -73.1775592 }, "geometry": { "type": "Point", "coordinates": [ -73.177559199999962, 5.191036, 0.0 ] } },
{ "type": "Feature", "properties": { "DEPTO": "BOYACÁ", "MUNICIPIO": "SANTA SOFÍA", "VEREDA": "HORNILLAS", "GASODUCTO": "9", "TRAMO": "Sutamarchan - La Belleza", "DISTRITO": "5", "PK_PAT": "163615", "TP_EVENTO": "OTRO", "PRIORIDAD": "Bajo", "AMENAZA": "Bajo", "FX2": " ", "LATITUD": 5.676364, "LONGITUD": -73.579643 }, "geometry": { "type": "Point", "coordinates": [ -73.579643, 5.676364, 0.0 ] } },
{ "type": "Feature", "properties": { "DEPTO": "SANTANDER", "MUNICIPIO": "PUENTE NACIONAL", "VEREDA": "BAJO SAN DIMAS", "GASODUCTO": "9", "TRAMO": "Sutamarchan - La Belleza", "DISTRITO": "5", "PK_PAT": "156515", "TP_EVENTO": "OTRO", "PRIORIDAD": "Bajo", "AMENAZA": "Bajo", "FX2": " ", "LATITUD": 5.8109210000000644, "LONGITUD": -73.712498 }, "geometry": { "type": "Point", "coordinates": [ -73.712498, 5.810921, 0.0 ] } },
{ "type": "Feature", "properties": { "DEPTO": "SANTANDER", "MUNICIPIO": "ALBANIA", "VEREDA": "GUAYABAL", "GASODUCTO": "9", "TRAMO": "Sutamarchan - La Belleza", "DISTRITO": "5", "PK_PAT": "167390", "TP_EVENTO": "FLUJOS", "PRIORIDAD": "Medio", "AMENAZA": "Medio", "FX2": " ", "LATITUD": 5.8280790000000593, "LONGITUD": -73.800071 }, "geometry": { "type": "Point", "coordinates": [ -73.800071, 5.828079, 0.0 ] } },
{ "type": "Feature", "properties": { "DEPTO": "SANTANDER", "MUNICIPIO": "JESÚS MARÍA", "VEREDA": "LADERAS", "GASODUCTO": "9", "TRAMO": "Sutamarchan - La Belleza", "DISTRITO": "5", "PK_PAT": "168163", "TP_EVENTO": "OTRO", "PRIORIDAD": "Bajo", "AMENAZA": "Bajo", "FX2": " ", "LATITUD": 5.829552, "LONGITUD": -73.806455 }, "geometry": { "type": "Point", "coordinates": [ -73.806455, 5.829552, 0.0 ] } },
{ "type": "Feature", "properties": { "DEPTO": "VALLE DEL CAUCA", "MUNICIPIO": "ANSERMANUEVO", "VEREDA": "LA PUERTA", "GASODUCTO": "7", "TRAMO": "Ansermanuevo", "DISTRITO": "8", "PK_PAT": "13764", "TP_EVENTO": "OTRO", "PRIORIDAD": "Bajo", "AMENAZA": "Bajo", "FX2": " ", "LATITUD": 4.8047570000000519, "LONGITUD": -75.984682 }, "geometry": { "type": "Point", "coordinates": [ -75.984682, 4.804757, 0.0 ] } },
{ "type": "Feature", "properties": { "DEPTO": "VALLE DEL CAUCA", "MUNICIPIO": "CARTAGO", "VEREDA": "PIEDRA DE MOLER", "GASODUCTO": "7", "TRAMO": "Marsella - Obando", "DISTRITO": "7", "PK_PAT": "174284", "TP_EVENTO": "OTRO", "PRIORIDAD": "Bajo", "AMENAZA": "Bajo", "FX2": " ", "LATITUD": 4.728032, "LONGITUD": -75.88117 }, "geometry": { "type": "Point", "coordinates": [ -75.88117, 4.728032, 0.0 ] } },
{ "type": "Feature", "properties": { "DEPTO": "CESAR", "MUNICIPIO": "SAN DIEGO", "VEREDA": "LOS TUPES", "GASODUCTO": "1", "TRAMO": "Jagua del Pilar - Casacara", "DISTRITO": "6", "PK_PAT": "177830", "TP_EVENTO": "OTRO", "PRIORIDAD": "Bajo", "AMENAZA": "Bajo", "FX2": " ", "LATITUD": 10.347432, "LONGITUD": -73.209968 }, "geometry": { "type": "Point", "coordinates": [ -73.209968, 10.347432, 0.0 ] } },
{ "type": "Feature", "properties": { "DEPTO": "CESAR", "MUNICIPIO": "SAN DIEGO", "VEREDA": "LOS TUPES", "GASODUCTO": "1", "TRAMO": "Jagua del Pilar - Casacara", "DISTRITO": "6", "PK_PAT": "178846", "TP_EVENTO": "OTRO", "PRIORIDAD": "Bajo", "AMENAZA": "Bajo", "FX2": " ", "LATITUD": 10.340376, "LONGITUD": -73.213051 }, "geometry": { "type": "Point", "coordinates": [ -73.213051, 10.340376, 0.0 ] } },
{ "type": "Feature", "properties": { "DEPTO": "CESAR", "MUNICIPIO": "SAN DIEGO", "VEREDA": "LOS BRASILES", "GASODUCTO": "1", "TRAMO": "Jagua del Pilar - Casacara", "DISTRITO": "6", "PK_PAT": "192917", "TP_EVENTO": "OTRO", "PRIORIDAD": "Bajo", "AMENAZA": "Bajo", "FX2": " ", "LATITUD": 10.226797, "LONGITUD": -73.26604 }, "geometry": { "type": "Point", "coordinates": [ -73.26604, 10.226797, 0.0 ] } },
{ "type": "Feature", "properties": { "DEPTO": "CESAR", "MUNICIPIO": "AGUSTÍN CODAZZI", "VEREDA": "PUNTA ARRECHA", "GASODUCTO": "1", "TRAMO": "Jagua del Pilar - Casacara", "DISTRITO": "6", "PK_PAT": "223494", "TP_EVENTO": "OTRO", "PRIORIDAD": "Bajo", "AMENAZA": "Bajo", "FX2": " ", "LATITUD": 9.9621920000000728, "LONGITUD": -73.284967 }, "geometry": { "type": "Point", "coordinates": [ -73.284967, 9.962192, 0.0 ] } },
{ "type": "Feature", "properties": { "DEPTO": "META", "MUNICIPIO": "ACACÍAS", "VEREDA": "ÁREA URBANA", "GASODUCTO": "6", "TRAMO": "Gasoducto del Ariari", "DISTRITO": "4", "PK_PAT": "2792", "TP_EVENTO": "SOCAVACIÓN LATERAL", "PRIORIDAD": "Bajo", "AMENAZA": "Bajo", "FX2": "20231005_FX2_C06_AA_ARIARI_PK002+792_VB", "LATITUD": 3.987178, "LONGITUD": -73.752149 }, "geometry": { "type": "Point", "coordinates": [ -73.752149, 3.987178, 0.0 ] } },
{ "type": "Feature", "properties": { "DEPTO": "META", "MUNICIPIO": "GUAMAL", "VEREDA": "BRISAS DE OROTOY", "GASODUCTO": "6", "TRAMO": "Gasoducto del Ariari", "DISTRITO": "4", "PK_PAT": "10225", "TP_EVENTO": "OTRO", "PRIORIDAD": "Bajo", "AMENAZA": "Bajo", "FX2": " ", "LATITUD": 3.9301570000000652, "LONGITUD": -73.767236 }, "geometry": { "type": "Point", "coordinates": [ -73.767236, 3.930157, 0.0 ] } },
{ "type": "Feature", "properties": { "DEPTO": "META", "MUNICIPIO": "GRANADA", "VEREDA": "SIN INFORMACION", "GASODUCTO": "GASODUCTO DEL ARIARI", "TRAMO": "Gasoducto del Ariari", "DISTRITO": "4", "PK_PAT": "55871", "TP_EVENTO": "OTRO", "PRIORIDAD": "Medio", "AMENAZA": "(Medio)", "FX2": " ", "LATITUD": 3.565443000000073, "LONGITUD": -73.719906 }, "geometry": { "type": "Point", "coordinates": [ -73.719906, 3.565443, 0.0 ] } },
{ "type": "Feature", "properties": { "DEPTO": "CUNDINAMARCA", "MUNICIPIO": "PARATEBUENO", "VEREDA": "BRASILIA", "GASODUCTO": "CUSIANA - APIAY - USME", "TRAMO": "Paratebueno", "DISTRITO": "4", "PK_PAT": "1958", "TP_EVENTO": "OTRO", "PRIORIDAD": "Bajo", "AMENAZA": "(Bajo)", "FX2": " ", "LATITUD": 4.385091, "LONGITUD": -73.23179 }, "geometry": { "type": "Point", "coordinates": [ -73.23179, 4.385091, 0.0 ] } },
{ "type": "Feature", "properties": { "DEPTO": "META", "MUNICIPIO": "RESTREPO", "VEREDA": "CANEY BAJO", "GASODUCTO": "CUSIANA - APIAY - USME", "TRAMO": "Restrepo", "DISTRITO": "4", "PK_PAT": "16655", "TP_EVENTO": "OTRO", "PRIORIDAD": "Bajo", "AMENAZA": "(Bajo)", "FX2": " ", "LATITUD": 4.262463, "LONGITUD": -73.542079 }, "geometry": { "type": "Point", "coordinates": [ -73.542079, 4.262463, 0.0 ] } },
{ "type": "Feature", "properties": { "DEPTO": "CUNDINAMARCA", "MUNICIPIO": "PARATEBUENO", "VEREDA": "LA EUROPA", "GASODUCTO": "CUSIANA - APIAY - USME", "TRAMO": "PK65 - APIAY", "DISTRITO": "4", "PK_PAT": "104800", "TP_EVENTO": "OTRO", "PRIORIDAD": "Bajo", "AMENAZA": "(Bajo)", "FX2": " ", "LATITUD": 4.3895820000000754, "LONGITUD": -73.283731 }, "geometry": { "type": "Point", "coordinates": [ -73.283731, 4.389582, 0.0 ] } },
{ "type": "Feature", "properties": { "DEPTO": "CUNDINAMARCA", "MUNICIPIO": "PARATEBUENO", "VEREDA": "JAPON", "GASODUCTO": "CUSIANA - APIAY - USME", "TRAMO": "PK65 - APIAY", "DISTRITO": "4", "PK_PAT": "108725", "TP_EVENTO": "OTRO", "PRIORIDAD": "Bajo", "AMENAZA": "(Bajo)", "FX2": " ", "LATITUD": 4.367581, "LONGITUD": -73.303348 }, "geometry": { "type": "Point", "coordinates": [ -73.303348, 4.367581, 0.0 ] } },
{ "type": "Feature", "properties": { "DEPTO": "META", "MUNICIPIO": "CUMARAL", "VEREDA": "INSPECCION SAN NICOLAS", "GASODUCTO": "CUSIANA - APIAY - USME", "TRAMO": "PK65 - APIAY", "DISTRITO": "4", "PK_PAT": "138947", "TP_EVENTO": "OTRO", "PRIORIDAD": "Bajo", "AMENAZA": "(Bajo)", "FX2": " ", "LATITUD": 4.1757880000000682, "LONGITUD": -73.391236 }, "geometry": { "type": "Point", "coordinates": [ -73.391236, 4.175788, 0.0 ] } },
{ "type": "Feature", "properties": { "DEPTO": "BOYACÁ", "MUNICIPIO": "CÓMBITA", "VEREDA": "LA CONCEPCION", "GASODUCTO": "BOYACA - SANTANDER", "TRAMO": "Arcabuco", "DISTRITO": "5", "PK_PAT": "3014", "TP_EVENTO": "OTRO", "PRIORIDAD": "Bajo", "AMENAZA": "(Bajo)", "FX2": " ", "LATITUD": 5.6212130000000684, "LONGITUD": -73.349759 }, "geometry": { "type": "Point", "coordinates": [ -73.349759, 5.621213, 0.0 ] } },
{ "type": "Feature", "properties": { "DEPTO": "BOYACÁ", "MUNICIPIO": "SANTA ROSA DE VITERBO", "VEREDA": "SALITRE", "GASODUCTO": "BOYACA - SANTANDER", "TRAMO": "Belen", "DISTRITO": "5", "PK_PAT": "5610", "TP_EVENTO": "FLUJOS", "PRIORIDAD": "Bajo", "AMENAZA": "(Bajo)", "FX2": " ", "LATITUD": 5.808728, "LONGITUD": -72.99067 }, "geometry": { "type": "Point", "coordinates": [ -72.99067, 5.808728, 0.0 ] } },
{ "type": "Feature", "properties": { "DEPTO": "BOYACÁ", "MUNICIPIO": "DUITAMA", "VEREDA": "SAN LORENZO DE ABAJO", "GASODUCTO": "BOYACA - SANTANDER", "TRAMO": "Teatinos - Belencito", "DISTRITO": "5", "PK_PAT": "62906", "TP_EVENTO": "OTRO", "PRIORIDAD": "Medio", "AMENAZA": "(Medio)", "FX2": " ", "LATITUD": 5.780674, "LONGITUD": -73.062143 }, "geometry": { "type": "Point", "coordinates": [ -73.062143, 5.780674, 0.0 ] } },
{ "type": "Feature", "properties": { "DEPTO": "BOYACÁ", "MUNICIPIO": "DUITAMA", "VEREDA": "SAN LORENZO DE ABAJO", "GASODUCTO": "BOYACA - SANTANDER", "TRAMO": "Teatinos - Belencito", "DISTRITO": "5", "PK_PAT": "63173", "TP_EVENTO": "OTRO", "PRIORIDAD": "Bajo", "AMENAZA": "(Bajo)", "FX2": " ", "LATITUD": 5.782165, "LONGITUD": -73.060168 }, "geometry": { "type": "Point", "coordinates": [ -73.060168, 5.782165, 0.0 ] } },
{ "type": "Feature", "properties": { "DEPTO": "SANTANDER", "MUNICIPIO": "JESÚS MARÍA", "VEREDA": "CRISTALES", "GASODUCTO": "BOYACA - SANTANDER", "TRAMO": "Bolivar", "DISTRITO": "5", "PK_PAT": "2728", "TP_EVENTO": "OTRO", "PRIORIDAD": "Medio", "AMENAZA": "(Medio)", "FX2": " ", "LATITUD": 5.8515390000000593, "LONGITUD": -73.801859 }, "geometry": { "type": "Point", "coordinates": [ -73.801859, 5.851539, 0.0 ] } },
{ "type": "Feature", "properties": { "DEPTO": "SANTANDER", "MUNICIPIO": "JESÚS MARÍA", "VEREDA": "ARCINIEGAS", "GASODUCTO": "BOYACA - SANTANDER", "TRAMO": "Bolivar", "DISTRITO": "5", "PK_PAT": "5718", "TP_EVENTO": "OTRO", "PRIORIDAD": "Bajo", "AMENAZA": "(Bajo)", "FX2": " ", "LATITUD": 5.8685180000000514, "LONGITUD": -73.787022 }, "geometry": { "type": "Point", "coordinates": [ -73.787022, 5.868518, 0.0 ] } },
{ "type": "Feature", "properties": { "DEPTO": "SANTANDER", "MUNICIPIO": "JESÚS MARÍA", "VEREDA": "SANTA ROSA BUENOS AIRES", "GASODUCTO": "BOYACA - SANTANDER", "TRAMO": "Bolivar", "DISTRITO": "5", "PK_PAT": "11076", "TP_EVENTO": "OTRO", "PRIORIDAD": "Bajo", "AMENAZA": "(Bajo)", "FX2": " ", "LATITUD": 5.9099360000000729, "LONGITUD": -73.782936 }, "geometry": { "type": "Point", "coordinates": [ -73.782936, 5.909936, 0.0 ] } },
{ "type": "Feature", "properties": { "DEPTO": "SANTANDER", "MUNICIPIO": "SUCRE", "VEREDA": "CLAVELLINOS", "GASODUCTO": "BOYACA - SANTANDER", "TRAMO": "Bolivar", "DISTRITO": "5", "PK_PAT": "14089", "TP_EVENTO": "OTRO", "PRIORIDAD": "Medio", "AMENAZA": "(Medio)", "FX2": " ", "LATITUD": 5.931771, "LONGITUD": -73.787677 }, "geometry": { "type": "Point", "coordinates": [ -73.787677, 5.931771, 0.0 ] } },
{ "type": "Feature", "properties": { "DEPTO": "SANTANDER", "MUNICIPIO": "BOLÍVAR", "VEREDA": "LA PEÑA", "GASODUCTO": "BOYACA - SANTANDER", "TRAMO": "Bolivar", "DISTRITO": "5", "PK_PAT": "15252", "TP_EVENTO": "OTRO", "PRIORIDAD": "Medio", "AMENAZA": "(Medio)", "FX2": " ", "LATITUD": 5.9404010000000653, "LONGITUD": -73.783293 }, "geometry": { "type": "Point", "coordinates": [ -73.783293, 5.940401, 0.0 ] } },
{ "type": "Feature", "properties": { "DEPTO": "SANTANDER", "MUNICIPIO": "BOLÍVAR", "VEREDA": "SAN ANTONIO", "GASODUCTO": "BOYACA - SANTANDER", "TRAMO": "Bolivar", "DISTRITO": "5", "PK_PAT": "19055", "TP_EVENTO": "FLUJOS", "PRIORIDAD": "Medio", "AMENAZA": "(Medio)", "FX2": " ", "LATITUD": 5.969846000000075, "LONGITUD": -73.776434 }, "geometry": { "type": "Point", "coordinates": [ -73.776434, 5.969846, 0.0 ] } },
{ "type": "Feature", "properties": { "DEPTO": "SANTANDER", "MUNICIPIO": "BOLÍVAR", "VEREDA": "GUAMAL", "GASODUCTO": "BOYACA - SANTANDER", "TRAMO": "Bolivar", "DISTRITO": "5", "PK_PAT": "20710", "TP_EVENTO": "OTRO", "PRIORIDAD": "Medio", "AMENAZA": "(Medio)", "FX2": " ", "LATITUD": 5.981729, "LONGITUD": -73.773653 }, "geometry": { "type": "Point", "coordinates": [ -73.773653, 5.981729, 0.0 ] } },
{ "type": "Feature", "properties": { "DEPTO": "BOYACÁ", "MUNICIPIO": "MONIQUIRÁ", "VEREDA": "NOVILLERO", "GASODUCTO": "BOYACA - SANTANDER", "TRAMO": "Togui", "DISTRITO": "5", "PK_PAT": "5417", "TP_EVENTO": "OTRO", "PRIORIDAD": "Bajo", "AMENAZA": "(Bajo)", "FX2": " ", "LATITUD": 5.899096, "LONGITUD": -73.574927 }, "geometry": { "type": "Point", "coordinates": [ -73.574927, 5.899096, 0.0 ] } },
{ "type": "Feature", "properties": { "DEPTO": "BOYACÁ", "MUNICIPIO": "MONIQUIRÁ", "VEREDA": "TIERRA DE CASTRO", "GASODUCTO": "BOYACA - SANTANDER", "TRAMO": "Togui", "DISTRITO": "5", "PK_PAT": "10082", "TP_EVENTO": "OTRO", "PRIORIDAD": "Medio", "AMENAZA": "(Medio)", "FX2": " ", "LATITUD": 5.8963140000000749, "LONGITUD": -73.548436 }, "geometry": { "type": "Point", "coordinates": [ -73.548436, 5.896314, 0.0 ] } },
{ "type": "Feature", "properties": { "DEPTO": "SANTANDER", "MUNICIPIO": "VÉLEZ", "VEREDA": "ROPERO", "GASODUCTO": "BOYACA - SANTANDER", "TRAMO": "Velez", "DISTRITO": "5", "PK_PAT": "2585", "TP_EVENTO": "OTRO", "PRIORIDAD": "Medio", "AMENAZA": "(Medio)", "FX2": " ", "LATITUD": 6.0123100000000704, "LONGITUD": -73.604814 }, "geometry": { "type": "Point", "coordinates": [ -73.604814, 6.01231, 0.0 ] } },
{ "type": "Feature", "properties": { "DEPTO": "BOYACÁ", "MUNICIPIO": "PUERTO BOYACÁ", "VEREDA": "LAS QUINCHAS", "GASODUCTO": "CENTRO - ORIENTE", "TRAMO": "La Belleza - Vasconia", "DISTRITO": "1", "PK_PAT": "277985", "TP_EVENTO": "SOCAVACIÓN LATERAL", "PRIORIDAD": "Medio", "AMENAZA": "(Medio)", "FX2": "20210915_FX2_C03_COR_BELL-VASC_241+189_VB", "LATITUD": 5.8334410000000503, "LONGITUD": -74.31934 }, "geometry": { "type": "Point", "coordinates": [ -74.31934, 5.833441, 0.0 ] } },
{ "type": "Feature", "properties": { "DEPTO": "BOYACÁ", "MUNICIPIO": "PUERTO BOYACÁ", "VEREDA": "LAS QUINCHAS", "GASODUCTO": "CENTRO - ORIENTE", "TRAMO": "La Belleza - Vasconia", "DISTRITO": "1", "PK_PAT": "278265", "TP_EVENTO": "SOCAVACIÓN LATERAL", "PRIORIDAD": "Medio", "AMENAZA": "(Medio)", "FX2": "20210915_FX2_C03_COR_BELL-VASC_241+555_VA", "LATITUD": 5.835363, "LONGITUD": -74.320661 }, "geometry": { "type": "Point", "coordinates": [ -74.320661, 5.835363, 0.0 ] } },
{ "type": "Feature", "properties": { "DEPTO": "BOYACÁ", "MUNICIPIO": "PUERTO BOYACÁ", "VEREDA": "LAS QUINCHAS", "GASODUCTO": "CENTRO - ORIENTE", "TRAMO": "La Belleza - Vasconia", "DISTRITO": "1", "PK_PAT": "56230", "TP_EVENTO": "OTRO", "PRIORIDAD": "Medio", "AMENAZA": "(Medio)", "FX2": " ", "LATITUD": 5.838516, "LONGITUD": -74.322921 }, "geometry": { "type": "Point", "coordinates": [ -74.322921, 5.838516, 0.0 ] } },
{ "type": "Feature", "properties": { "DEPTO": "BOYACÁ", "MUNICIPIO": "PUERTO BOYACÁ", "VEREDA": "LAS QUINCHAS", "GASODUCTO": "CENTRO - ORIENTE", "TRAMO": "La Belleza - Vasconia", "DISTRITO": "1", "PK_PAT": "279095", "TP_EVENTO": "SOCAVACIÓN LATERAL", "PRIORIDAD": "Alto", "AMENAZA": "(Alto)", "FX2": "20220223_FX2_C03_COR_BELL-VASC_PK242+416_VB", "LATITUD": 5.8405060000000617, "LONGITUD": -74.325056 }, "geometry": { "type": "Point", "coordinates": [ -74.325056, 5.840506, 0.0 ] } },
{ "type": "Feature", "properties": { "DEPTO": "BOYACÁ", "MUNICIPIO": "PUERTO BOYACÁ", "VEREDA": "LAS PAVAS", "GASODUCTO": "CENTRO - ORIENTE", "TRAMO": "La Belleza - Vasconia", "DISTRITO": "1", "PK_PAT": "281230", "TP_EVENTO": "SOCAVACIÓN LATERAL", "PRIORIDAD": "Medio", "AMENAZA": "(Medio)", "FX2": "20220520_FX2_C03_C0R_BELL-VASC_PK244+473_VB", "LATITUD": 5.849926, "LONGITUD": -74.338138 }, "geometry": { "type": "Point", "coordinates": [ -74.338138, 5.849926, 0.0 ] } },
{ "type": "Feature", "properties": { "DEPTO": "BOYACÁ", "MUNICIPIO": "MIRAFLORES", "VEREDA": "RUSITA", "GASODUCTO": "PORVENIR - LA BELLEZA", "TRAMO": "Miraflores - Sutamarchan", "DISTRITO": "5", "PK_PAT": "91203", "TP_EVENTO": "DESLIZAMIENTO TRASLACIONAL", "PRIORIDAD": " ", "AMENAZA": "( )", "FX2": " ", "LATITUD": 5.1990880000000743, "LONGITUD": -73.200088 }, "geometry": { "type": "Point", "coordinates": [ -73.200088, 5.199088, 0.0 ] } },
{ "type": "Feature", "properties": { "DEPTO": "CUNDINAMARCA", "MUNICIPIO": "PUERTO SALGAR", "VEREDA": "BRISAS", "GASODUCTO": "CENTRO - ORIENTE", "TRAMO": "Puerto Salgar - Mariquita", "DISTRITO": "2", "PK_PAT": "249882", "TP_EVENTO": "OTRO", "PRIORIDAD": "Bajo", "AMENAZA": "(Bajo)", "FX2": " ", "LATITUD": 5.4344400000000519, "LONGITUD": -74.642488 }, "geometry": { "type": "Point", "coordinates": [ -74.642488, 5.43444, 0.0 ] } },
{ "type": "Feature", "properties": { "DEPTO": "CUNDINAMARCA", "MUNICIPIO": "GUADUAS", "VEREDA": "CEDRALES", "GASODUCTO": "CENTRO - ORIENTE", "TRAMO": "Puerto Salgar - Mariquita", "DISTRITO": "2", "PK_PAT": "250547", "TP_EVENTO": "OTRO", "PRIORIDAD": "Bajo", "AMENAZA": "(Bajo)", "FX2": " ", "LATITUD": 5.429177, "LONGITUD": -74.645181 }, "geometry": { "type": "Point", "coordinates": [ -74.645181, 5.429177, 0.0 ] } },
{ "type": "Feature", "properties": { "DEPTO": "CUNDINAMARCA", "MUNICIPIO": "GUADUAS", "VEREDA": "CEDRALES", "GASODUCTO": "CENTRO - ORIENTE", "TRAMO": "Puerto Salgar - Mariquita", "DISTRITO": "2", "PK_PAT": "252318", "TP_EVENTO": "OTRO", "PRIORIDAD": "Bajo", "AMENAZA": "(Bajo)", "FX2": " ", "LATITUD": 5.4162180000000717, "LONGITUD": -74.654176 }, "geometry": { "type": "Point", "coordinates": [ -74.654176, 5.416218, 0.0 ] } },
{ "type": "Feature", "properties": { "DEPTO": "CUNDINAMARCA", "MUNICIPIO": "GUADUAS", "VEREDA": "CEDRALES", "GASODUCTO": "CENTRO - ORIENTE", "TRAMO": "Puerto Salgar - Mariquita", "DISTRITO": "2", "PK_PAT": "253261", "TP_EVENTO": "OTRO", "PRIORIDAD": "Bajo", "AMENAZA": "(Bajo)", "FX2": " ", "LATITUD": 5.409799, "LONGITUD": -74.659493 }, "geometry": { "type": "Point", "coordinates": [ -74.659493, 5.409799, 0.0 ] } },
{ "type": "Feature", "properties": { "DEPTO": "CUNDINAMARCA", "MUNICIPIO": "GUADUAS", "VEREDA": "CEDRALES", "GASODUCTO": "CENTRO - ORIENTE", "TRAMO": "Puerto Salgar - Mariquita", "DISTRITO": "2", "PK_PAT": "254680", "TP_EVENTO": "OTRO", "PRIORIDAD": "Bajo", "AMENAZA": "(Bajo)", "FX2": " ", "LATITUD": 5.3978740000000585, "LONGITUD": -74.662976 }, "geometry": { "type": "Point", "coordinates": [ -74.662976, 5.397874, 0.0 ] } },
{ "type": "Feature", "properties": { "DEPTO": "CUNDINAMARCA", "MUNICIPIO": "PUERTO SALGAR", "VEREDA": "YERBABUENA", "GASODUCTO": "CENTRO - ORIENTE", "TRAMO": "Vasconia - Puerto Salgar", "DISTRITO": "1", "PK_PAT": "237484", "TP_EVENTO": "OTRO", "PRIORIDAD": "Bajo", "AMENAZA": "(Bajo)", "FX2": " ", "LATITUD": 5.537403, "LONGITUD": -74.625376 }, "geometry": { "type": "Point", "coordinates": [ -74.625376, 5.537403, 0.0 ] } },
{ "type": "Feature", "properties": { "DEPTO": "CESAR", "MUNICIPIO": "AGUACHICA", "VEREDA": "GALLINAZO", "GASODUCTO": "BALLENA - BARRANCABERMEJA", "TRAMO": "Norean - San Alberto", "DISTRITO": "1", "PK_PAT": "431429", "TP_EVENTO": "OTRO", "PRIORIDAD": "Bajo", "AMENAZA": "(Bajo)", "FX2": " ", "LATITUD": 8.261336, "LONGITUD": -73.628892 }, "geometry": { "type": "Point", "coordinates": [ -73.628892, 8.261336, 0.0 ] } },
{ "type": "Feature", "properties": { "DEPTO": "CESAR", "MUNICIPIO": "SAN MARTÍN", "VEREDA": "EL BEJUCO", "GASODUCTO": "BALLENA - BARRANCABERMEJA", "TRAMO": "Norean - San Alberto", "DISTRITO": "1", "PK_PAT": "463611", "TP_EVENTO": "OTRO", "PRIORIDAD": "Bajo", "AMENAZA": "(Bajo)", "FX2": " ", "LATITUD": 7.981279, "LONGITUD": -73.577418 }, "geometry": { "type": "Point", "coordinates": [ -73.577418, 7.981279, 0.0 ] } },
{ "type": "Feature", "properties": { "DEPTO": "CESAR", "MUNICIPIO": "SAN MARTÍN", "VEREDA": "EL BEJUCO", "GASODUCTO": "BALLENA - BARRANCABERMEJA", "TRAMO": "Norean - San Alberto", "DISTRITO": "1", "PK_PAT": "468403", "TP_EVENTO": "OTRO", "PRIORIDAD": "Bajo", "AMENAZA": "(Bajo)", "FX2": " ", "LATITUD": 7.938478, "LONGITUD": -73.572122 }, "geometry": { "type": "Point", "coordinates": [ -73.572122, 7.938478, 0.0 ] } },
{ "type": "Feature", "properties": { "DEPTO": "CESAR", "MUNICIPIO": "SAN ALBERTO", "VEREDA": "LA PAZ", "GASODUCTO": "BALLENA - BARRANCABERMEJA", "TRAMO": "San Alberto - Barrancabermeja", "DISTRITO": "1", "PK_PAT": "496561", "TP_EVENTO": "OTRO", "PRIORIDAD": "Bajo", "AMENAZA": "(Bajo)", "FX2": " ", "LATITUD": 7.7014770000000681, "LONGITUD": -73.511572 }, "geometry": { "type": "Point", "coordinates": [ -73.511572, 7.701477, 0.0 ] } },
{ "type": "Feature", "properties": { "DEPTO": "BOYACÁ", "MUNICIPIO": "SABOYÁ", "VEREDA": "ESCOBAL", "GASODUCTO": "CENTRO - ORIENTE", "TRAMO": "Puente Guillermo - Sucre Oriental", "DISTRITO": "3", "PK_PAT": "14795", "TP_EVENTO": "REPTACION", "PRIORIDAD": "Bajo", "AMENAZA": "(Bajo)", "FX2": " ", "LATITUD": 5.720065, "LONGITUD": -73.742605 }, "geometry": { "type": "Point", "coordinates": [ -73.742605, 5.720065, 0.0 ] } },
{ "type": "Feature", "properties": { "DEPTO": "BOYACÁ", "MUNICIPIO": "BRICEÑO", "VEREDA": "EL DIAMANTE", "GASODUCTO": "CENTRO - ORIENTE", "TRAMO": "PK17+500 - Sucre Oriental", "DISTRITO": "3", "PK_PAT": "26939", "TP_EVENTO": "OTRO", "PRIORIDAD": "Bajo", "AMENAZA": "(Bajo)", "FX2": " ", "LATITUD": 5.654523, "LONGITUD": -73.904207 }, "geometry": { "type": "Point", "coordinates": [ -73.904207, 5.654523, 0.0 ] } },
{ "type": "Feature", "properties": { "DEPTO": "BOYACÁ", "MUNICIPIO": "BRICEÑO", "VEREDA": "EL DIAMANTE", "GASODUCTO": "CENTRO - ORIENTE", "TRAMO": "PK17+500 - Sucre Oriental", "DISTRITO": "3", "PK_PAT": "27691", "TP_EVENTO": "DESLIZAMIENTO TRASLACIONAL", "PRIORIDAD": "Alto", "AMENAZA": "(Extremo)", "FX2": "20210618_FX2_C03_COR_17+500-SUCREO_PK027+691_VB", "LATITUD": 5.6498130000000515, "LONGITUD": -73.900668 }, "geometry": { "type": "Point", "coordinates": [ -73.900668, 5.649813, 0.0 ] } },
{ "type": "Feature", "properties": { "DEPTO": "BOYACÁ", "MUNICIPIO": "BRICEÑO", "VEREDA": "EL DIAMANTE", "GASODUCTO": "CENTRO - ORIENTE", "TRAMO": "PK17+500 - Sucre Oriental", "DISTRITO": "3", "PK_PAT": "27829", "TP_EVENTO": "SURCOS", "PRIORIDAD": "Alto", "AMENAZA": "(Extremo)", "FX2": "20210618_FX2_C03_COR_17+500-SUCREO_PK027+829_VB", "LATITUD": 5.6488900000000513, "LONGITUD": -73.900116 }, "geometry": { "type": "Point", "coordinates": [ -73.900116, 5.64889, 0.0 ] } },
{ "type": "Feature", "properties": { "DEPTO": "BOYACÁ", "MUNICIPIO": "BRICEÑO", "VEREDA": "EL DIAMANTE", "GASODUCTO": "CENTRO - ORIENTE", "TRAMO": "PK17+500 - Sucre Oriental", "DISTRITO": "3", "PK_PAT": "30277", "TP_EVENTO": "REPTACION", "PRIORIDAD": "Alto", "AMENAZA": "(Extremo)", "FX2": "20210618_FX2_C03_COR_PTE GUI-SUCREO_PK030+277_VB", "LATITUD": 5.631181, "LONGITUD": -73.888929 }, "geometry": { "type": "Point", "coordinates": [ -73.888929, 5.631181, 0.0 ] } },
{ "type": "Feature", "properties": { "DEPTO": "BOYACÁ", "MUNICIPIO": "BRICEÑO", "VEREDA": "EL DIAMANTE", "GASODUCTO": "CENTRO - ORIENTE", "TRAMO": "PK17+500 - Sucre Oriental", "DISTRITO": "3", "PK_PAT": "30569", "TP_EVENTO": "OTRO", "PRIORIDAD": "Bajo", "AMENAZA": "(Bajo)", "FX2": " ", "LATITUD": 5.629241, "LONGITUD": -73.887386 }, "geometry": { "type": "Point", "coordinates": [ -73.887386, 5.629241, 0.0 ] } },
{ "type": "Feature", "properties": { "DEPTO": "TOLIMA", "MUNICIPIO": "HONDA", "VEREDA": "PERICO", "GASODUCTO": "CENTRO - ORIENTE", "TRAMO": "Puerto Salgar - Mariquita", "DISTRITO": "2", "PK_PAT": "280680", "TP_EVENTO": "OTRO", "PRIORIDAD": "Bajo", "AMENAZA": "(Bajo)", "FX2": " ", "LATITUD": 5.30882, "LONGITUD": -74.819422 }, "geometry": { "type": "Point", "coordinates": [ -74.819422, 5.30882, 0.0 ] } },
{ "type": "Feature", "properties": { "DEPTO": "TOLIMA", "MUNICIPIO": "SAN SEBASTIÁN DE MARIQUITA", "VEREDA": "EL RANO", "GASODUCTO": "CENTRO - ORIENTE", "TRAMO": "Puerto Salgar - Mariquita", "DISTRITO": "2", "PK_PAT": "286214", "TP_EVENTO": "OTRO", "PRIORIDAD": "Medio", "AMENAZA": "(Medio)", "FX2": " ", "LATITUD": 5.289031, "LONGITUD": -74.842578 }, "geometry": { "type": "Point", "coordinates": [ -74.842578, 5.289031, 0.0 ] } },
{ "type": "Feature", "properties": { "DEPTO": "META", "MUNICIPIO": "VILLAVICENCIO", "VEREDA": "SAMARÍA", "GASODUCTO": "CUSIANA - APIAY - USME", "TRAMO": "Villavicencio - Usme", "DISTRITO": "4", "PK_PAT": "42054", "TP_EVENTO": "OTRO", "PRIORIDAD": "Alto", "AMENAZA": "(Alto)", "FX2": " ", "LATITUD": 4.138475, "LONGITUD": -73.70658 }, "geometry": { "type": "Point", "coordinates": [ -73.70658, 4.138475, 0.0 ] } },
{ "type": "Feature", "properties": { "DEPTO": "META", "MUNICIPIO": "ACACÍAS", "VEREDA": "LABERINTO", "GASODUCTO": "CUSIANA - APIAY - USME", "TRAMO": "Villavicencio - Usme", "DISTRITO": "4", "PK_PAT": "44269", "TP_EVENTO": "OTRO", "PRIORIDAD": "Alto", "AMENAZA": "(Extremo)", "FX2": " ", "LATITUD": 4.153784, "LONGITUD": -73.715759 }, "geometry": { "type": "Point", "coordinates": [ -73.715759, 4.153784, 0.0 ] } },
{ "type": "Feature", "properties": { "DEPTO": "META", "MUNICIPIO": "ACACÍAS", "VEREDA": "LABERINTO", "GASODUCTO": "CUSIANA - APIAY - USME", "TRAMO": "Villavicencio - Usme", "DISTRITO": "4", "PK_PAT": "45242", "TP_EVENTO": "OTRO", "PRIORIDAD": "Alto", "AMENAZA": "(Extremo)", "FX2": " ", "LATITUD": 4.161276, "LONGITUD": -73.716478 }, "geometry": { "type": "Point", "coordinates": [ -73.716478, 4.161276, 0.0 ] } },
{ "type": "Feature", "properties": { "DEPTO": "META", "MUNICIPIO": "ACACÍAS", "VEREDA": "LABERINTO", "GASODUCTO": "CUSIANA - APIAY - USME", "TRAMO": "Villavicencio - Usme", "DISTRITO": "4", "PK_PAT": "45511", "TP_EVENTO": "OTRO", "PRIORIDAD": "Alto", "AMENAZA": "(Alto)", "FX2": " ", "LATITUD": 4.1632250000000681, "LONGITUD": -73.718318 }, "geometry": { "type": "Point", "coordinates": [ -73.718318, 4.163225, 0.0 ] } },
{ "type": "Feature", "properties": { "DEPTO": "META", "MUNICIPIO": "ACACÍAS", "VEREDA": "LABERINTO", "GASODUCTO": "CUSIANA - APIAY - USME", "TRAMO": "Villavicencio - Usme", "DISTRITO": "4", "PK_PAT": "47026", "TP_EVENTO": "OTRO", "PRIORIDAD": "Alto", "AMENAZA": "(Extremo)", "FX2": " ", "LATITUD": 4.169793, "LONGITUD": -73.726955 }, "geometry": { "type": "Point", "coordinates": [ -73.726955, 4.169793, 0.0 ] } },
{ "type": "Feature", "properties": { "DEPTO": "CUNDINAMARCA", "MUNICIPIO": "QUETAME", "VEREDA": "ESTAQUECA BAJO", "GASODUCTO": "CUSIANA - APIAY - USME", "TRAMO": "Villavicencio - Usme", "DISTRITO": "4", "PK_PAT": "74344", "TP_EVENTO": "OTRO", "PRIORIDAD": "Bajo", "AMENAZA": "(Bajo)", "FX2": " ", "LATITUD": 4.286507, "LONGITUD": -73.864655 }, "geometry": { "type": "Point", "coordinates": [ -73.864655, 4.286507, 0.0 ] } },
{ "type": "Feature", "properties": { "DEPTO": "CUNDINAMARCA", "MUNICIPIO": "QUETAME", "VEREDA": "ESTAQUECA BAJO", "GASODUCTO": "CUSIANA - APIAY - USME", "TRAMO": "Villavicencio - Usme", "DISTRITO": "4", "PK_PAT": "75795", "TP_EVENTO": "FLUJOS", "PRIORIDAD": "Medio", "AMENAZA": "(Medio)", "FX2": " ", "LATITUD": 4.297785, "LONGITUD": -73.867063 }, "geometry": { "type": "Point", "coordinates": [ -73.867063, 4.297785, 0.0 ] } },
{ "type": "Feature", "properties": { "DEPTO": "CUNDINAMARCA", "MUNICIPIO": "FOSCA", "VEREDA": "NOVILLEROS", "GASODUCTO": "CUSIANA - APIAY - USME", "TRAMO": "Villavicencio - Usme", "DISTRITO": "4", "PK_PAT": "88443", "TP_EVENTO": "OTRO", "PRIORIDAD": "Bajo", "AMENAZA": "(Bajo)", "FX2": " ", "LATITUD": 4.359038000000055, "LONGITUD": -73.921511 }, "geometry": { "type": "Point", "coordinates": [ -73.921511, 4.359038, 0.0 ] } },
{ "type": "Feature", "properties": { "DEPTO": "CUNDINAMARCA", "MUNICIPIO": "UNE", "VEREDA": "SAN ISIDRO", "GASODUCTO": "CUSIANA - APIAY - USME", "TRAMO": "Villavicencio - Usme", "DISTRITO": "4", "PK_PAT": "104596", "TP_EVENTO": "OTRO", "PRIORIDAD": "Medio", "AMENAZA": "(Medio)", "FX2": " ", "LATITUD": 4.39836, "LONGITUD": -74.021094 }, "geometry": { "type": "Point", "coordinates": [ -74.021094, 4.39836, 0.0 ] } },
{ "type": "Feature", "properties": { "DEPTO": "SANTANDER", "MUNICIPIO": "SAN VICENTE DE CHUCURÍ", "VEREDA": "NUEVO MUNDO", "GASODUCTO": "SUR DE BOLIVAR", "TRAMO": "Playa Roja - San Vicente", "DISTRITO": "1", "PK_PAT": "6631", "TP_EVENTO": "OTRO", "PRIORIDAD": "Bajo", "AMENAZA": "(Bajo)", "FX2": " ", "LATITUD": 6.8896340000000578, "LONGITUD": -73.547386 }, "geometry": { "type": "Point", "coordinates": [ -73.547386, 6.889634, 0.0 ] } },
{ "type": "Feature", "properties": { "DEPTO": "TOLIMA", "MUNICIPIO": "NATAGAIMA", "VEREDA": "LA MOLANA", "GASODUCTO": "CENTRO - ORIENTE", "TRAMO": "Guasimal - Dina", "DISTRITO": "2", "PK_PAT": "509444", "TP_EVENTO": "OTRO", "PRIORIDAD": "Bajo", "AMENAZA": "(Bajo)", "FX2": " ", "LATITUD": 3.513114, "LONGITUD": -75.128081 }, "geometry": { "type": "Point", "coordinates": [ -75.128081, 3.513114, 0.0 ] } },
{ "type": "Feature", "properties": { "DEPTO": "TOLIMA", "MUNICIPIO": "NATAGAIMA", "VEREDA": "YACO", "GASODUCTO": "CENTRO - ORIENTE", "TRAMO": "Guasimal - Dina", "DISTRITO": "2", "PK_PAT": "513912", "TP_EVENTO": "OTRO", "PRIORIDAD": "Alto", "AMENAZA": "(Alto)", "FX2": " ", "LATITUD": 3.4795120000000566, "LONGITUD": -75.14897 }, "geometry": { "type": "Point", "coordinates": [ -75.14897, 3.479512, 0.0 ] } },
{ "type": "Feature", "properties": { "DEPTO": "TOLIMA", "MUNICIPIO": "NATAGAIMA", "VEREDA": "LA PALMITA", "GASODUCTO": "CENTRO - ORIENTE", "TRAMO": "Guasimal - Dina", "DISTRITO": "2", "PK_PAT": "522981", "TP_EVENTO": "OTRO", "PRIORIDAD": "Medio", "AMENAZA": "(Medio)", "FX2": " ", "LATITUD": 3.414998, "LONGITUD": -75.193202 }, "geometry": { "type": "Point", "coordinates": [ -75.193202, 3.414998, 0.0 ] } },
{ "type": "Feature", "properties": { "DEPTO": "HUILA", "MUNICIPIO": "AIPE", "VEREDA": "PATA", "GASODUCTO": "CENTRO - ORIENTE", "TRAMO": "Guasimal - Dina", "DISTRITO": "2", "PK_PAT": "530235", "TP_EVENTO": "OTRO", "PRIORIDAD": "Medio", "AMENAZA": "(Medio)", "FX2": " ", "LATITUD": 3.3571200000000658, "LONGITUD": -75.214947 }, "geometry": { "type": "Point", "coordinates": [ -75.214947, 3.35712, 0.0 ] } },
{ "type": "Feature", "properties": { "DEPTO": "HUILA", "MUNICIPIO": "AIPE", "VEREDA": "PATA", "GASODUCTO": "CENTRO - ORIENTE", "TRAMO": "Guasimal - Dina", "DISTRITO": "2", "PK_PAT": "530920", "TP_EVENTO": "OTRO", "PRIORIDAD": "Medio", "AMENAZA": "(Medio)", "FX2": " ", "LATITUD": 3.354095, "LONGITUD": -75.21958 }, "geometry": { "type": "Point", "coordinates": [ -75.21958, 3.354095, 0.0 ] } },
{ "type": "Feature", "properties": { "DEPTO": "HUILA", "MUNICIPIO": "AIPE", "VEREDA": "DINDAL", "GASODUCTO": "CENTRO - ORIENTE", "TRAMO": "Guasimal - Dina", "DISTRITO": "2", "PK_PAT": "560650", "TP_EVENTO": "OTRO", "PRIORIDAD": "Alto", "AMENAZA": "(Alto)", "FX2": " ", "LATITUD": 3.1095970000000648, "LONGITUD": -75.285704 }, "geometry": { "type": "Point", "coordinates": [ -75.285704, 3.109597, 0.0 ] } },
{ "type": "Feature", "properties": { "DEPTO": "TOLIMA", "MUNICIPIO": "GUAMO", "VEREDA": "PRINGAMOSAL CENTRO", "GASODUCTO": "CENTRO - ORIENTE", "TRAMO": "Gualanday - Guasimal", "DISTRITO": "2", "PK_PAT": "446350", "TP_EVENTO": "OTRO", "PRIORIDAD": "Bajo", "AMENAZA": "(Bajo)", "FX2": " ", "LATITUD": 4.0271030000000678, "LONGITUD": -74.98129 }, "geometry": { "type": "Point", "coordinates": [ -74.98129, 4.027103, 0.0 ] } },
{ "type": "Feature", "properties": { "DEPTO": "TOLIMA", "MUNICIPIO": "SAN LUIS", "VEREDA": "LA CAÑADA", "GASODUCTO": "CENTRO - ORIENTE", "TRAMO": "Montañuelo - Gualanday", "DISTRITO": "2", "PK_PAT": "675", "TP_EVENTO": "OTRO", "PRIORIDAD": "Medio", "AMENAZA": "(Medio)", "FX2": " ", "LATITUD": 4.059222, "LONGITUD": -75.154049 }, "geometry": { "type": "Point", "coordinates": [ -75.154049, 4.059222, 0.0 ] } },
{ "type": "Feature", "properties": { "DEPTO": "TOLIMA", "MUNICIPIO": "SAN LUIS", "VEREDA": "CAMPOALEGRE", "GASODUCTO": "CENTRO - ORIENTE", "TRAMO": "Montañuelo - Gualanday", "DISTRITO": "2", "PK_PAT": "5830", "TP_EVENTO": "OTRO", "PRIORIDAD": "Bajo", "AMENAZA": "(Bajo)", "FX2": " ", "LATITUD": 4.0754870000000665, "LONGITUD": -75.121899 }, "geometry": { "type": "Point", "coordinates": [ -75.121899, 4.075487, 0.0 ] } },
{ "type": "Feature", "properties": { "DEPTO": "TOLIMA", "MUNICIPIO": "SAN LUIS", "VEREDA": "CAMPOALEGRE", "GASODUCTO": "CENTRO - ORIENTE", "TRAMO": "Montañuelo - Gualanday", "DISTRITO": "2", "PK_PAT": "6228", "TP_EVENTO": "OTRO", "PRIORIDAD": "Medio", "AMENAZA": "(Medio)", "FX2": " ", "LATITUD": 4.078894, "LONGITUD": -75.120865 }, "geometry": { "type": "Point", "coordinates": [ -75.120865, 4.078894, 0.0 ] } },
{ "type": "Feature", "properties": { "DEPTO": "TOLIMA", "MUNICIPIO": "GUAMO", "VEREDA": "CERRO GORDO", "GASODUCTO": "CENTRO - ORIENTE", "TRAMO": "Montañuelo - Gualanday", "DISTRITO": "2", "PK_PAT": "20115", "TP_EVENTO": "OTRO", "PRIORIDAD": "Bajo", "AMENAZA": "(Bajo)", "FX2": " ", "LATITUD": 4.1710410000000593, "LONGITUD": -75.043763 }, "geometry": { "type": "Point", "coordinates": [ -75.043763, 4.171041, 0.0 ] } },
{ "type": "Feature", "properties": { "DEPTO": "META", "MUNICIPIO": "VILLAVICENCIO", "VEREDA": "ÁREA URBANA", "GASODUCTO": "CUSIANA - APIAY - USME", "TRAMO": "Apiay - Villavicencio", "DISTRITO": "4", "PK_PAT": "28461", "TP_EVENTO": "OTRO", "PRIORIDAD": "Bajo", "AMENAZA": "(Bajo)", "FX2": " ", "LATITUD": 4.096914, "LONGITUD": -73.623635 }, "geometry": { "type": "Point", "coordinates": [ -73.623635, 4.096914, 0.0 ] } },
{ "type": "Feature", "properties": { "DEPTO": "META", "MUNICIPIO": "VILLAVICENCIO", "VEREDA": "ÁREA URBANA", "GASODUCTO": "CUSIANA - APIAY - USME", "TRAMO": "Apiay - Villavicencio", "DISTRITO": "4", "PK_PAT": "30241", "TP_EVENTO": "OTRO", "PRIORIDAD": "Bajo", "AMENAZA": "(Bajo)", "FX2": " ", "LATITUD": 4.106412, "LONGITUD": -73.634092 }, "geometry": { "type": "Point", "coordinates": [ -73.634092, 4.106412, 0.0 ] } },
{ "type": "Feature", "properties": { "DEPTO": "TOLIMA", "MUNICIPIO": "HERVEO", "VEREDA": "LETRAS", "GASODUCTO": "MARIQUITA - CALI", "TRAMO": "Mariquita - Letras", "DISTRITO": "7", "PK_PAT": "60800", "TP_EVENTO": "OTRO", "PRIORIDAD": "Medio", "AMENAZA": "(Medio)", "FX2": " ", "LATITUD": 5.0711666670000568, "LONGITUD": -75.289861110999936 }, "geometry": { "type": "Point", "coordinates": [ -75.289861110999936, 5.071166667000057, 0.0 ] } },
{ "type": "Feature", "properties": { "DEPTO": "TOLIMA", "MUNICIPIO": "FRESNO", "VEREDA": "AGUASAL LA PLAYA", "GASODUCTO": "MARIQUITA - CALI", "TRAMO": "Mariquita - Letras", "DISTRITO": "7", "PK_PAT": "11971", "TP_EVENTO": "OTRO", "PRIORIDAD": "Medio", "AMENAZA": "(Medio)", "FX2": " ", "LATITUD": 5.2049638890000551, "LONGITUD": -74.981805555999983 }, "geometry": { "type": "Point", "coordinates": [ -74.981805555999983, 5.204963889000055, 0.0 ] } },
{ "type": "Feature", "properties": { "DEPTO": "CALDAS", "MUNICIPIO": "MARULANDA", "VEREDA": "EL ZANCUDO", "GASODUCTO": "MARIQUITA - CALI", "TRAMO": "Letras - Marsella", "DISTRITO": "7", "PK_PAT": "68900", "TP_EVENTO": "OTRO", "PRIORIDAD": "Bajo", "AMENAZA": "(Bajo)", "FX2": " ", "LATITUD": 5.061, "LONGITUD": -75.352055555999982 }, "geometry": { "type": "Point", "coordinates": [ -75.352055555999982, 5.061, 0.0 ] } },
{ "type": "Feature", "properties": { "DEPTO": "QUINDIO", "MUNICIPIO": "MONTENEGRO", "VEREDA": "SAN JOSÉ", "GASODUCTO": "MARIQUITA - CALI", "TRAMO": "Loop - Ramal Armenia", "DISTRITO": "7", "PK_PAT": "29980", "TP_EVENTO": "SOCAVACIÓN LATERAL", "PRIORIDAD": "Alto", "AMENAZA": "(Alto)", "FX2": " ", "LATITUD": 4.454389, "LONGITUD": -75.846028 }, "geometry": { "type": "Point", "coordinates": [ -75.846028, 4.454389, 0.0 ] } },
{ "type": "Feature", "properties": { "DEPTO": "VALLE DEL CAUCA", "MUNICIPIO": "BUGALAGRANDE", "VEREDA": "EL OVERO", "GASODUCTO": "MARIQUITA - CALI", "TRAMO": "Obando - Tulua", "DISTRITO": "8", "PK_PAT": "240800", "TP_EVENTO": "SOCAVACIÓN DE FONDO", "PRIORIDAD": "Alto", "AMENAZA": "(Alto)", "FX2": "20210408_FX2_C08_MC_OBAND-TUL_PK240+800_VB", "LATITUD": 4.2485, "LONGITUD": -76.13461111099997 }, "geometry": { "type": "Point", "coordinates": [ -76.13461111099997, 4.2485, 0.0 ] } },
{ "type": "Feature", "properties": { "DEPTO": "QUINDIO", "MUNICIPIO": "LA TEBAIDA", "VEREDA": "ALAMBRADO", "GASODUCTO": "MARIQUITA - CALI", "TRAMO": "Armenia", "DISTRITO": "7", "PK_PAT": "25190", "TP_EVENTO": "OTRO", "PRIORIDAD": "Alto", "AMENAZA": "(Alto)", "FX2": " ", "LATITUD": 4.4372777780000661, "LONGITUD": -75.877666666999971 }, "geometry": { "type": "Point", "coordinates": [ -75.877666666999971, 4.437277778000066, 0.0 ] } },
{ "type": "Feature", "properties": { "DEPTO": "BOYACÁ", "MUNICIPIO": "ZETAQUIRA", "VEREDA": "GUANATA", "GASODUCTO": "PORVENIR - LA BELLEZA", "TRAMO": "Miraflores - Sutamarchan", "DISTRITO": "5", "PK_PAT": "95220", "TP_EVENTO": "SOCAVACIÓN DE FONDO", "PRIORIDAD": " ", "AMENAZA": "( )", "FX2": " ", "LATITUD": 5.2230235000001, "LONGITUD": -73.2181401 }, "geometry": { "type": "Point", "coordinates": [ -73.218140099999971, 5.223023500000068, 0.0 ] } },
{ "type": "Feature", "properties": { "DEPTO": "VALLE DEL CAUCA", "MUNICIPIO": "EL CERRITO", "VEREDA": "SAN ANTONIO", "GASODUCTO": "MARIQUITA - CALI", "TRAMO": "Pradera", "DISTRITO": "8", "PK_PAT": "300", "TP_EVENTO": "OTRO", "PRIORIDAD": "Alto", "AMENAZA": "(Alto)", "FX2": " ", "LATITUD": 3.6870555560000753, "LONGITUD": -76.332611110999949 }, "geometry": { "type": "Point", "coordinates": [ -76.332611110999949, 3.687055556000075, 0.0 ] } },
{ "type": "Feature", "properties": { "DEPTO": "VALLE DEL CAUCA", "MUNICIPIO": "PALMIRA", "VEREDA": "GUAYABAL", "GASODUCTO": "MARIQUITA - CALI", "TRAMO": "Pradera", "DISTRITO": "8", "PK_PAT": "27690", "TP_EVENTO": "OTRO", "PRIORIDAD": "Medio", "AMENAZA": "(Medio)", "FX2": " ", "LATITUD": 3.4887222220000353, "LONGITUD": -76.28988888899994 }, "geometry": { "type": "Point", "coordinates": [ -76.28988888899994, 3.488722222000035, 0.0 ] } },
{ "type": "Feature", "properties": { "DEPTO": "VALLE DEL CAUCA", "MUNICIPIO": "CANDELARIA", "VEREDA": "BUCHITOLO", "GASODUCTO": "MARIQUITA - CALI", "TRAMO": "Jamundi", "DISTRITO": "8", "PK_PAT": "18050", "TP_EVENTO": "OTRO", "PRIORIDAD": "Medio", "AMENAZA": "(Medio)", "FX2": " ", "LATITUD": 3.356778, "LONGITUD": -76.372833 }, "geometry": { "type": "Point", "coordinates": [ -76.372833, 3.356778, 0.0 ] } },
{ "type": "Feature", "properties": { "DEPTO": "VALLE DEL CAUCA", "MUNICIPIO": "GINEBRA", "VEREDA": "ZABALETAS", "GASODUCTO": "MARIQUITA - CALI", "TRAMO": "Ginebra", "DISTRITO": "8", "PK_PAT": "5400", "TP_EVENTO": "OTRO", "PRIORIDAD": "Medio", "AMENAZA": "(Medio)", "FX2": " ", "LATITUD": 3.702000000000055, "LONGITUD": -76.295139 }, "geometry": { "type": "Point", "coordinates": [ -76.295139, 3.702, 0.0 ] } },
{ "type": "Feature", "properties": { "DEPTO": "BOYACÁ", "MUNICIPIO": "ZETAQUIRA", "VEREDA": "GUANATA", "GASODUCTO": "PORVENIR - LA BELLEZA", "TRAMO": "Miraflores - Sutamarchan", "DISTRITO": "5", "PK_PAT": "97425", "TP_EVENTO": "SOCAVACIÓN DE FONDO", "PRIORIDAD": " ", "AMENAZA": "( )", "FX2": " ", "LATITUD": 5.23762, "LONGITUD": -73.2289533 }, "geometry": { "type": "Point", "coordinates": [ -73.228953299999944, 5.23762, 0.0 ] } },
{ "type": "Feature", "properties": { "DEPTO": "VALLE DEL CAUCA", "MUNICIPIO": "ZARZAL", "VEREDA": "QUEBRADA NUEVA", "GASODUCTO": "MARIQUITA - CALI", "TRAMO": "Armenia", "DISTRITO": "7", "PK_PAT": "15350", "TP_EVENTO": "REPTACION", "PRIORIDAD": "Medio", "AMENAZA": "(Medio)", "FX2": " ", "LATITUD": 4.4013888890000317, "LONGITUD": -75.938944443999958 }, "geometry": { "type": "Point", "coordinates": [ -75.938944443999958, 4.401388889000032, 0.0 ] } },
{ "type": "Feature", "properties": { "DEPTO": "QUINDIO", "MUNICIPIO": "LA TEBAIDA", "VEREDA": "ALAMBRADO", "GASODUCTO": "MARIQUITA - CALI", "TRAMO": "Armenia", "DISTRITO": "7", "PK_PAT": "24800", "TP_EVENTO": "OTRO", "PRIORIDAD": "Medio", "AMENAZA": "(Medio)", "FX2": " ", "LATITUD": 4.4366388890000508, "LONGITUD": -75.880833332999941 }, "geometry": { "type": "Point", "coordinates": [ -75.880833332999941, 4.436638889000051, 0.0 ] } },
{ "type": "Feature", "properties": { "DEPTO": "CASANARE", "MUNICIPIO": "SABANALARGA", "VEREDA": "PALMICHAL", "GASODUCTO": "CUSIANA - PORVENIR", "TRAMO": "Cusiana - Miraflores", "DISTRITO": "5", "PK_PAT": "45270", "TP_EVENTO": "OTRO", "PRIORIDAD": "Medio", "AMENAZA": "(Medio)", "FX2": " ", "LATITUD": 4.977206, "LONGITUD": -72.999474 }, "geometry": { "type": "Point", "coordinates": [ -72.999474, 4.977206, 0.0 ] } },
{ "type": "Feature", "properties": { "DEPTO": "CUNDINAMARCA", "MUNICIPIO": "FOSCA", "VEREDA": "GRANADILLO", "GASODUCTO": "CUSIANA - APIAY - USME", "TRAMO": "Villavicencio - Usme", "DISTRITO": "4", "PK_PAT": "85242", "TP_EVENTO": "OTRO", "PRIORIDAD": "Medio", "AMENAZA": "(Medio)", "FX2": " ", "LATITUD": 4.336801, "LONGITUD": -73.911905 }, "geometry": { "type": "Point", "coordinates": [ -73.911905, 4.336801, 0.0 ] } },
{ "type": "Feature", "properties": { "DEPTO": "SANTANDER", "MUNICIPIO": "VÉLEZ", "VEREDA": "LAGUNETAS BAJO", "GASODUCTO": "BOYACA - SANTANDER", "TRAMO": "Guavata", "DISTRITO": "5", "PK_PAT": "6451", "TP_EVENTO": "OTRO", "PRIORIDAD": "Bajo", "AMENAZA": "(Bajo)", "FX2": " ", "LATITUD": 5.9751220000000558, "LONGITUD": -73.688093 }, "geometry": { "type": "Point", "coordinates": [ -73.688093, 5.975122, 0.0 ] } },
{ "type": "Feature", "properties": { "DEPTO": "BOYACÁ", "MUNICIPIO": "SANTANA", "VEREDA": "SANTA BARBARA", "GASODUCTO": "BOYACA - SANTANDER", "TRAMO": "Otero - Santana", "DISTRITO": "5", "PK_PAT": "44379", "TP_EVENTO": "OTRO", "PRIORIDAD": "Bajo", "AMENAZA": "(Bajo)", "FX2": " ", "LATITUD": 6.0491470000000618, "LONGITUD": -73.500505 }, "geometry": { "type": "Point", "coordinates": [ -73.500505, 6.049147, 0.0 ] } },
{ "type": "Feature", "properties": { "DEPTO": "BOYACÁ", "MUNICIPIO": "MONIQUIRÁ", "VEREDA": "NEVAL Y CRUCES", "GASODUCTO": "BOYACA - SANTANDER", "TRAMO": "Togui", "DISTRITO": "5", "PK_PAT": "11556", "TP_EVENTO": "OTRO", "PRIORIDAD": "Bajo", "AMENAZA": "(Bajo)", "FX2": " ", "LATITUD": 5.904619, "LONGITUD": -73.541006 }, "geometry": { "type": "Point", "coordinates": [ -73.541006, 5.904619, 0.0 ] } },
{ "type": "Feature", "properties": { "DEPTO": "SANTANDER", "MUNICIPIO": "VÉLEZ", "VEREDA": "ROPERO", "GASODUCTO": "BOYACA - SANTANDER", "TRAMO": "Velez", "DISTRITO": "5", "PK_PAT": "4715", "TP_EVENTO": "OTRO", "PRIORIDAD": "Medio", "AMENAZA": "(Medio)", "FX2": " ", "LATITUD": 6.0161600000000703, "LONGITUD": -73.618024 }, "geometry": { "type": "Point", "coordinates": [ -73.618024, 6.01616, 0.0 ] } },
{ "type": "Feature", "properties": { "DEPTO": "SANTANDER", "MUNICIPIO": "VÉLEZ", "VEREDA": "GUAYABAL", "GASODUCTO": "BOYACA - SANTANDER", "TRAMO": "Velez", "DISTRITO": "5", "PK_PAT": "6279", "TP_EVENTO": "OTRO", "PRIORIDAD": "Bajo", "AMENAZA": "(Bajo)", "FX2": " ", "LATITUD": 6.015476, "LONGITUD": -73.62831 }, "geometry": { "type": "Point", "coordinates": [ -73.62831, 6.015476, 0.0 ] } },
{ "type": "Feature", "properties": { "DEPTO": "SANTANDER", "MUNICIPIO": "VÉLEZ", "VEREDA": "GUAYABAL", "GASODUCTO": "BOYACA - SANTANDER", "TRAMO": "Velez", "DISTRITO": "5", "PK_PAT": "7198", "TP_EVENTO": "OTRO", "PRIORIDAD": "Medio", "AMENAZA": "(Medio)", "FX2": " ", "LATITUD": 6.0108040000000642, "LONGITUD": -73.635018 }, "geometry": { "type": "Point", "coordinates": [ -73.635018, 6.010804, 0.0 ] } },
{ "type": "Feature", "properties": { "DEPTO": "SANTANDER", "MUNICIPIO": "ALBANIA", "VEREDA": "GUAYABAL", "GASODUCTO": "PORVENIR - LA BELLEZA", "TRAMO": "Sutamarchan - La Belleza", "DISTRITO": "5", "PK_PAT": "166810", "TP_EVENTO": "OTRO", "PRIORIDAD": "Bajo", "AMENAZA": "(Bajo)", "FX2": " ", "LATITUD": 5.8250880000000507, "LONGITUD": -73.796123 }, "geometry": { "type": "Point", "coordinates": [ -73.796123, 5.825088, 0.0 ] } },
{ "type": "Feature", "properties": { "DEPTO": "CASANARE", "MUNICIPIO": "MONTERREY", "VEREDA": "GARRABAL", "GASODUCTO": "CUSIANA - PORVENIR", "TRAMO": "Cusiana - Miraflores", "DISTRITO": "4", "PK_PAT": "20594", "TP_EVENTO": "OTRO", "PRIORIDAD": "Medio", "AMENAZA": "(Medio)", "FX2": " ", "LATITUD": 4.929857, "LONGITUD": -72.847308 }, "geometry": { "type": "Point", "coordinates": [ -72.847308, 4.929857, 0.0 ] } },
{ "type": "Feature", "properties": { "DEPTO": "BOYACÁ", "MUNICIPIO": "PÁEZ", "VEREDA": "SANTA RITA", "GASODUCTO": "CUSIANA - PORVENIR", "TRAMO": "Cusiana - Miraflores", "DISTRITO": "5", "PK_PAT": "21490", "TP_EVENTO": "OTRO", "PRIORIDAD": "Bajo", "AMENAZA": "(Bajo)", "FX2": " ", "LATITUD": 5.0366970000000606, "LONGITUD": -72.985989 }, "geometry": { "type": "Point", "coordinates": [ -72.985989, 5.036697, 0.0 ] } },
{ "type": "Feature", "properties": { "DEPTO": "BOYACÁ", "MUNICIPIO": "PÁEZ", "VEREDA": "CENTRO", "GASODUCTO": "CUSIANA - PORVENIR", "TRAMO": "Cusiana - Miraflores", "DISTRITO": "5", "PK_PAT": "36020", "TP_EVENTO": "REPTACION", "PRIORIDAD": "Alto", "AMENAZA": "(Alto)", "FX2": " ", "LATITUD": 5.105919, "LONGITUD": -73.054774 }, "geometry": { "type": "Point", "coordinates": [ -73.054774, 5.105919, 0.0 ] } },
{ "type": "Feature", "properties": { "DEPTO": "BOYACÁ", "MUNICIPIO": "MIRAFLORES", "VEREDA": "CHAPASIA", "GASODUCTO": "CUSIANA - PORVENIR", "TRAMO": "Cusiana - Miraflores", "DISTRITO": "5", "PK_PAT": "48170", "TP_EVENTO": "OTRO", "PRIORIDAD": "Medio", "AMENAZA": "(Medio)", "FX2": " ", "LATITUD": 5.1719370000000708, "LONGITUD": -73.121712 }, "geometry": { "type": "Point", "coordinates": [ -73.121712, 5.171937, 0.0 ] } },
{ "type": "Feature", "properties": { "DEPTO": "SANTANDER", "MUNICIPIO": "PUENTE NACIONAL", "VEREDA": "URUMAL", "GASODUCTO": "PORVENIR - LA BELLEZA", "TRAMO": "Sutamarchan - La Belleza", "DISTRITO": "5", "PK_PAT": "147907", "TP_EVENTO": "OTRO", "PRIORIDAD": "Alto", "AMENAZA": "(Extremo)", "FX2": " ", "LATITUD": 5.802509, "LONGITUD": -73.639685 }, "geometry": { "type": "Point", "coordinates": [ -73.639685, 5.802509, 0.0 ] } },
{ "type": "Feature", "properties": { "DEPTO": "SANTANDER", "MUNICIPIO": "PUENTE NACIONAL", "VEREDA": "EL PARAMO", "GASODUCTO": "PORVENIR - LA BELLEZA", "TRAMO": "Sutamarchan - La Belleza", "DISTRITO": "5", "PK_PAT": "149345", "TP_EVENTO": "OTRO", "PRIORIDAD": "Bajo", "AMENAZA": "(Bajo)", "FX2": " ", "LATITUD": 5.803723, "LONGITUD": -73.651571 }, "geometry": { "type": "Point", "coordinates": [ -73.651571, 5.803723, 0.0 ] } },
{ "type": "Feature", "properties": { "DEPTO": "META", "MUNICIPIO": "ACACÍAS", "VEREDA": "SARDINATA", "GASODUCTO": "CUSIANA - APIAY - USME", "TRAMO": "Acacias", "DISTRITO": "4", "PK_PAT": "11038", "TP_EVENTO": "OTRO", "PRIORIDAD": "Medio", "AMENAZA": "(Medio)", "FX2": " ", "LATITUD": 4.0165490000000545, "LONGITUD": -73.744122 }, "geometry": { "type": "Point", "coordinates": [ -73.744122, 4.016549, 0.0 ] } },
{ "type": "Feature", "properties": { "DEPTO": "META", "MUNICIPIO": "VILLAVICENCIO", "VEREDA": "LAS MERCEDES", "GASODUCTO": "CUSIANA - APIAY - USME", "TRAMO": "Apiay - Termocoa", "DISTRITO": "4", "PK_PAT": "35510", "TP_EVENTO": "OTRO", "PRIORIDAD": "Medio", "AMENAZA": "(Medio)", "FX2": " ", "LATITUD": 4.074083, "LONGITUD": -73.678454 }, "geometry": { "type": "Point", "coordinates": [ -73.678454, 4.074083, 0.0 ] } },
{ "type": "Feature", "properties": { "DEPTO": "CUNDINAMARCA", "MUNICIPIO": "PARATEBUENO", "VEREDA": "PALOMAS MARARABE", "GASODUCTO": "CUSIANA - APIAY - USME", "TRAMO": "PK65 - APIAY", "DISTRITO": "4", "PK_PAT": "96991", "TP_EVENTO": "OTRO", "PRIORIDAD": "Medio", "AMENAZA": "(Medio)", "FX2": " ", "LATITUD": 4.413148, "LONGITUD": -73.22123 }, "geometry": { "type": "Point", "coordinates": [ -73.22123, 4.413148, 0.0 ] } },
{ "type": "Feature", "properties": { "DEPTO": "CUNDINAMARCA", "MUNICIPIO": "PARATEBUENO", "VEREDA": "BRASILIA", "GASODUCTO": "CUSIANA - APIAY - USME", "TRAMO": "PK65 - APIAY", "DISTRITO": "4", "PK_PAT": "100113", "TP_EVENTO": "OTRO", "PRIORIDAD": "Medio", "AMENAZA": "(Medio)", "FX2": " ", "LATITUD": 4.3983200000000693, "LONGITUD": -73.244329 }, "geometry": { "type": "Point", "coordinates": [ -73.244329, 4.39832, 0.0 ] } },
{ "type": "Feature", "properties": { "DEPTO": "CUNDINAMARCA", "MUNICIPIO": "PARATEBUENO", "VEREDA": "SANTA CECILIA", "GASODUCTO": "CUSIANA - APIAY - USME", "TRAMO": "PK65 - APIAY", "DISTRITO": "4", "PK_PAT": "111608", "TP_EVENTO": "OTRO", "PRIORIDAD": "Medio", "AMENAZA": "(Medio)", "FX2": " ", "LATITUD": 4.345091, "LONGITUD": -73.313377 }, "geometry": { "type": "Point", "coordinates": [ -73.313377, 4.345091, 0.0 ] } },
{ "type": "Feature", "properties": { "DEPTO": "CUNDINAMARCA", "MUNICIPIO": "PARATEBUENO", "VEREDA": "BOQUERON", "GASODUCTO": "CUSIANA - APIAY - USME", "TRAMO": "PK65 - APIAY", "DISTRITO": "4", "PK_PAT": "122593", "TP_EVENTO": "OTRO", "PRIORIDAD": "Medio", "AMENAZA": "(Medio)", "FX2": " ", "LATITUD": 4.3182610000000636, "LONGITUD": -73.406367 }, "geometry": { "type": "Point", "coordinates": [ -73.406367, 4.318261, 0.0 ] } },
{ "type": "Feature", "properties": { "DEPTO": "META", "MUNICIPIO": "CUMARAL", "VEREDA": "INSPECCION SAN NICOLAS", "GASODUCTO": "CUSIANA - APIAY - USME", "TRAMO": "PK65 - APIAY", "DISTRITO": "4", "PK_PAT": "139312", "TP_EVENTO": "OTRO", "PRIORIDAD": "Bajo", "AMENAZA": "(Bajo)", "FX2": " ", "LATITUD": 4.1724630000000502, "LONGITUD": -73.390735 }, "geometry": { "type": "Point", "coordinates": [ -73.390735, 4.172463, 0.0 ] } },
{ "type": "Feature", "properties": { "DEPTO": "META", "MUNICIPIO": "ACACÍAS", "VEREDA": "LA CECILITA", "GASODUCTO": "GASODUCTO DEL ARIARI", "TRAMO": "Gasoducto del Ariari", "DISTRITO": "4", "PK_PAT": "7396", "TP_EVENTO": "OTRO", "PRIORIDAD": "Medio", "AMENAZA": "(Medio)", "FX2": " ", "LATITUD": 3.954714, "LONGITUD": -73.768054 }, "geometry": { "type": "Point", "coordinates": [ -73.768054, 3.954714, 0.0 ] } },
{ "type": "Feature", "properties": { "DEPTO": "META", "MUNICIPIO": "ACACÍAS", "VEREDA": "LA CECILITA", "GASODUCTO": "GASODUCTO DEL ARIARI", "TRAMO": "Gasoducto del Ariari", "DISTRITO": "4", "PK_PAT": "8468", "TP_EVENTO": "OTRO", "PRIORIDAD": "Medio", "AMENAZA": "(Medio)", "FX2": " ", "LATITUD": 3.9450660000000539, "LONGITUD": -73.76849 }, "geometry": { "type": "Point", "coordinates": [ -73.76849, 3.945066, 0.0 ] } },
{ "type": "Feature", "properties": { "DEPTO": "META", "MUNICIPIO": "GUAMAL", "VEREDA": "BRISAS DE OROTOY", "GASODUCTO": "GASODUCTO DEL ARIARI", "TRAMO": "Gasoducto del Ariari", "DISTRITO": "4", "PK_PAT": "12186", "TP_EVENTO": "OTRO", "PRIORIDAD": "Medio", "AMENAZA": "(Medio)", "FX2": " ", "LATITUD": 3.9132750000000556, "LONGITUD": -73.770229 }, "geometry": { "type": "Point", "coordinates": [ -73.770229, 3.913275, 0.0 ] } },
{ "type": "Feature", "properties": { "DEPTO": "META", "MUNICIPIO": "GUAMAL", "VEREDA": "BRISAS DE OROTOY", "GASODUCTO": "GASODUCTO DEL ARIARI", "TRAMO": "Gasoducto del Ariari", "DISTRITO": "4", "PK_PAT": "12931", "TP_EVENTO": "OTRO", "PRIORIDAD": "Medio", "AMENAZA": "(Medio)", "FX2": " ", "LATITUD": 3.906551, "LONGITUD": -73.770564 }, "geometry": { "type": "Point", "coordinates": [ -73.770564, 3.906551, 0.0 ] } },
{ "type": "Feature", "properties": { "DEPTO": "META", "MUNICIPIO": "GUAMAL", "VEREDA": "SANTA BARBARA", "GASODUCTO": "GASODUCTO DEL ARIARI", "TRAMO": "Gasoducto del Ariari", "DISTRITO": "4", "PK_PAT": "13891", "TP_EVENTO": "OTRO", "PRIORIDAD": "Medio", "AMENAZA": "(Medio)", "FX2": " ", "LATITUD": 3.899731, "LONGITUD": -73.766392 }, "geometry": { "type": "Point", "coordinates": [ -73.766392, 3.899731, 0.0 ] } },
{ "type": "Feature", "properties": { "DEPTO": "META", "MUNICIPIO": "CUBARRAL", "VEREDA": "MARAYAL", "GASODUCTO": "GASODUCTO DEL ARIARI", "TRAMO": "Gasoducto del Ariari", "DISTRITO": "4", "PK_PAT": "32197", "TP_EVENTO": "OTRO", "PRIORIDAD": "Medio", "AMENAZA": "(Medio)", "FX2": " ", "LATITUD": 3.765408, "LONGITUD": -73.728015 }, "geometry": { "type": "Point", "coordinates": [ -73.728015, 3.765408, 0.0 ] } },
{ "type": "Feature", "properties": { "DEPTO": "META", "MUNICIPIO": "SAN MARTÍN", "VEREDA": "SAN ISIDRO", "GASODUCTO": "GASODUCTO DEL ARIARI", "TRAMO": "Gasoducto del Ariari", "DISTRITO": "4", "PK_PAT": "38255", "TP_EVENTO": "OTRO", "PRIORIDAD": "Bajo", "AMENAZA": "(Bajo)", "FX2": " ", "LATITUD": 3.717066, "LONGITUD": -73.708636 }, "geometry": { "type": "Point", "coordinates": [ -73.708636, 3.717066, 0.0 ] } },
{ "type": "Feature", "properties": { "DEPTO": "META", "MUNICIPIO": "SAN MARTÍN", "VEREDA": "SAN ISIDRO", "GASODUCTO": "GASODUCTO DEL ARIARI", "TRAMO": "Gasoducto del Ariari", "DISTRITO": "4", "PK_PAT": "40879", "TP_EVENTO": "OTRO", "PRIORIDAD": "Medio", "AMENAZA": "(Medio)", "FX2": " ", "LATITUD": 3.694239, "LONGITUD": -73.707437 }, "geometry": { "type": "Point", "coordinates": [ -73.707437, 3.694239, 0.0 ] } },
{ "type": "Feature", "properties": { "DEPTO": "META", "MUNICIPIO": "SAN MARTÍN", "VEREDA": "SAN ISIDRO", "GASODUCTO": "GASODUCTO DEL ARIARI", "TRAMO": "Gasoducto del Ariari", "DISTRITO": "4", "PK_PAT": "41069", "TP_EVENTO": "OTRO", "PRIORIDAD": "Bajo", "AMENAZA": "(Bajo)", "FX2": " ", "LATITUD": 3.692504, "LONGITUD": -73.707217 }, "geometry": { "type": "Point", "coordinates": [ -73.707217, 3.692504, 0.0 ] } },
{ "type": "Feature", "properties": { "DEPTO": "SANTANDER", "MUNICIPIO": "FLORIÁN", "VEREDA": "MOPORA", "GASODUCTO": "CENTRO - ORIENTE", "TRAMO": "PK7+200 - PK17+500", "DISTRITO": "3", "PK_PAT": "11606", "TP_EVENTO": "FLUJOS", "PRIORIDAD": "Bajo", "AMENAZA": "(Bajo)", "FX2": " ", "LATITUD": 5.750117, "LONGITUD": -73.964667 }, "geometry": { "type": "Point", "coordinates": [ -73.964667, 5.750117, 0.0 ] } },
{ "type": "Feature", "properties": { "DEPTO": "BOYACÁ", "MUNICIPIO": "TUNJA", "VEREDA": "TRAS DEL ALTO", "GASODUCTO": "BOYACA - SANTANDER", "TRAMO": "Teatinos - Belencito", "DISTRITO": "5", "PK_PAT": "11342", "TP_EVENTO": "OTRO", "PRIORIDAD": "Medio", "AMENAZA": "(Medio)", "FX2": " ", "LATITUD": 5.556809, "LONGITUD": -73.39674 }, "geometry": { "type": "Point", "coordinates": [ -73.39674, 5.556809, 0.0 ] } },
{ "type": "Feature", "properties": { "DEPTO": "BOYACÁ", "MUNICIPIO": "PAIPA", "VEREDA": "LA ESPERANZA", "GASODUCTO": "BOYACA - SANTANDER", "TRAMO": "Teatinos - Belencito", "DISTRITO": "5", "PK_PAT": "55771", "TP_EVENTO": "OTRO", "PRIORIDAD": "Bajo", "AMENAZA": "(Bajo)", "FX2": " ", "LATITUD": 5.7459030000000553, "LONGITUD": -73.106406 }, "geometry": { "type": "Point", "coordinates": [ -73.106406, 5.745903, 0.0 ] } },
{ "type": "Feature", "properties": { "DEPTO": "BOYACÁ", "MUNICIPIO": "PAIPA", "VEREDA": "CAÑOS", "GASODUCTO": "BOYACA - SANTANDER", "TRAMO": "Teatinos - Belencito", "DISTRITO": "5", "PK_PAT": "61486", "TP_EVENTO": "OTRO", "PRIORIDAD": "Bajo", "AMENAZA": "(Bajo)", "FX2": " ", "LATITUD": 5.772968, "LONGITUD": -73.071081 }, "geometry": { "type": "Point", "coordinates": [ -73.071081, 5.772968, 0.0 ] } },
{ "type": "Feature", "properties": { "DEPTO": "SANTANDER", "MUNICIPIO": "BARRANCABERMEJA", "VEREDA": "CUATRO BOCAS", "GASODUCTO": "CENTRO - ORIENTE", "TRAMO": "Barrancabermeja - Sebastopol", "DISTRITO": "1", "PK_PAT": "21566", "TP_EVENTO": "OTRO", "PRIORIDAD": "Bajo", "AMENAZA": "(Bajo)", "FX2": " ", "LATITUD": 6.959222000000068, "LONGITUD": -73.830738 }, "geometry": { "type": "Point", "coordinates": [ -73.830738, 6.959222, 0.0 ] } },
{ "type": "Feature", "properties": { "DEPTO": "SANTANDER", "MUNICIPIO": "CIMITARRA", "VEREDA": "PUERTO OLAYA", "GASODUCTO": "CENTRO - ORIENTE", "TRAMO": "Barrancabermeja - Sebastopol", "DISTRITO": "1", "PK_PAT": "106220", "TP_EVENTO": "OTRO", "PRIORIDAD": "Bajo", "AMENAZA": "(Bajo)", "FX2": " ", "LATITUD": 6.494826, "LONGITUD": -74.359459 }, "geometry": { "type": "Point", "coordinates": [ -74.359459, 6.494826, 0.0 ] } },
{ "type": "Feature", "properties": { "DEPTO": "BOYACÁ", "MUNICIPIO": "ZETAQUIRA", "VEREDA": "GUANATA", "GASODUCTO": "PORVENIR - LA BELLEZA", "TRAMO": "Miraflores - Sutamarchan", "DISTRITO": "5", "PK_PAT": "98025", "TP_EVENTO": "OTRO", "PRIORIDAD": "Bajo", "AMENAZA": "(Bajo)", "FX2": " ", "LATITUD": 5.241906, "LONGITUD": -73.231914 }, "geometry": { "type": "Point", "coordinates": [ -73.231914, 5.241906, 0.0 ] } },
{ "type": "Feature", "properties": { "DEPTO": "BOYACÁ", "MUNICIPIO": "ZETAQUIRA", "VEREDA": "GUANATA", "GASODUCTO": "PORVENIR - LA BELLEZA", "TRAMO": "Miraflores - Sutamarchan", "DISTRITO": "5", "PK_PAT": "98195", "TP_EVENTO": "SOCAVACIÓN DE FONDO", "PRIORIDAD": " ", "AMENAZA": "( )", "FX2": " ", "LATITUD": 5.243323, "LONGITUD": -73.232273 }, "geometry": { "type": "Point", "coordinates": [ -73.232273, 5.243323, 0.0 ] } },
{ "type": "Feature", "properties": { "DEPTO": "CESAR", "MUNICIPIO": "PAILITAS", "VEREDA": "EL DIVISO", "GASODUCTO": "BALLENA - BARRANCABERMEJA", "TRAMO": "Curumani - Norean", "DISTRITO": "6", "PK_PAT": "347400", "TP_EVENTO": "SOCAVACIÓN LATERAL", "PRIORIDAD": " ", "AMENAZA": "( )", "FX2": " ", "LATITUD": 8.9864000000000601, "LONGITUD": -73.663 }, "geometry": { "type": "Point", "coordinates": [ -73.663, 8.9864, 0.0 ] } },
{ "type": "Feature", "properties": { "DEPTO": "BOYACÁ", "MUNICIPIO": "PUERTO BOYACÁ", "VEREDA": "PUERTO NINO", "GASODUCTO": "CENTRO - ORIENTE", "TRAMO": "Vasconia - Puerto Salgar", "DISTRITO": "1", "PK_PAT": "185082", "TP_EVENTO": "OTRO", "PRIORIDAD": "Bajo", "AMENAZA": "(Bajo)", "FX2": " ", "LATITUD": 5.949828, "LONGITUD": -74.564807 }, "geometry": { "type": "Point", "coordinates": [ -74.564807, 5.949828, 0.0 ] } },
{ "type": "Feature", "properties": { "DEPTO": "BOYACÁ", "MUNICIPIO": "PUERTO BOYACÁ", "VEREDA": "LAS QUINCHAS", "GASODUCTO": "CENTRO - ORIENTE", "TRAMO": "La Belleza - Vasconia", "DISTRITO": "1", "PK_PAT": "53645", "TP_EVENTO": "OTRO", "PRIORIDAD": "Medio", "AMENAZA": "(Medio)", "FX2": " ", "LATITUD": 5.82064, "LONGITUD": -74.313986 }, "geometry": { "type": "Point", "coordinates": [ -74.313986, 5.82064, 0.0 ] } },
{ "type": "Feature", "properties": { "DEPTO": "BOYACÁ", "MUNICIPIO": "PUERTO BOYACÁ", "VEREDA": "LAS QUINCHAS", "GASODUCTO": "CENTRO - ORIENTE", "TRAMO": "La Belleza - Vasconia", "DISTRITO": "1", "PK_PAT": "238623", "TP_EVENTO": "OTRO", "PRIORIDAD": "Medio", "AMENAZA": "(Medio)", "FX2": " ", "LATITUD": 5.817601, "LONGITUD": -74.307419 }, "geometry": { "type": "Point", "coordinates": [ -74.307419, 5.817601, 0.0 ] } },
{ "type": "Feature", "properties": { "DEPTO": "SANTANDER", "MUNICIPIO": "PUERTO WILCHES", "VEREDA": "CAYUMBA", "GASODUCTO": "BALLENA - BARRANCABERMEJA", "TRAMO": "San Alberto - Barrancabermeja", "DISTRITO": "1", "PK_PAT": "545122", "TP_EVENTO": "OTRO", "PRIORIDAD": "Bajo", "AMENAZA": "(Bajo)", "FX2": " ", "LATITUD": 7.338429000000076, "LONGITUD": -73.721516 }, "geometry": { "type": "Point", "coordinates": [ -73.721516, 7.338429, 0.0 ] } },
{ "type": "Feature", "properties": { "DEPTO": "QUINDIO", "MUNICIPIO": "ARMENIA", "VEREDA": "MURILLO", "GASODUCTO": "MARIQUITA - CALI", "TRAMO": "Montenegro", "DISTRITO": "7", "PK_PAT": "1050", "TP_EVENTO": "OTRO", "PRIORIDAD": "Medio", "AMENAZA": "(Medio)", "FX2": " ", "LATITUD": 4.498278, "LONGITUD": -75.742889 }, "geometry": { "type": "Point", "coordinates": [ -75.742889, 4.498278, 0.0 ] } },
{ "type": "Feature", "properties": { "DEPTO": "RISARALDA", "MUNICIPIO": "PEREIRA", "VEREDA": "PUERTO CALDAS", "GASODUCTO": "MARIQUITA - CALI", "TRAMO": "Marsella - Obando", "DISTRITO": "7", "PK_PAT": "169270", "TP_EVENTO": "REPTACION", "PRIORIDAD": "Medio", "AMENAZA": "(Medio)", "FX2": " ", "LATITUD": 4.7597500000000537, "LONGITUD": -75.889833 }, "geometry": { "type": "Point", "coordinates": [ -75.889833, 4.75975, 0.0 ] } },
{ "type": "Feature", "properties": { "DEPTO": "VALLE DEL CAUCA", "MUNICIPIO": "PALMIRA", "VEREDA": "PALMASECA", "GASODUCTO": "MARIQUITA - CALI", "TRAMO": "Pradera", "DISTRITO": "8", "PK_PAT": "21217", "TP_EVENTO": "OTRO", "PRIORIDAD": "Medio", "AMENAZA": "(Medio)", "FX2": " ", "LATITUD": 3.515833, "LONGITUD": -76.333222 }, "geometry": { "type": "Point", "coordinates": [ -76.333222, 3.515833, 0.0 ] } },
{ "type": "Feature", "properties": { "DEPTO": "SANTANDER", "MUNICIPIO": "BARRANCABERMEJA", "VEREDA": "LLANITO ALTO", "GASODUCTO": "BALLENA - BARRANCABERMEJA", "TRAMO": "San Alberto - Barrancabermeja", "DISTRITO": "1", "PK_PAT": "564260", "TP_EVENTO": "OTRO", "PRIORIDAD": " ", "AMENAZA": "( )", "FX2": " ", "LATITUD": 7.177608330000055, "LONGITUD": -73.812825 }, "geometry": { "type": "Point", "coordinates": [ -73.812825, 7.177608330000055, 0.0 ] } },
{ "type": "Feature", "properties": { "DEPTO": "BOYACÁ", "MUNICIPIO": "OTANCHE", "VEREDA": "S JOSÉ NAZARETH", "GASODUCTO": "CENTRO - ORIENTE", "TRAMO": "La Belleza - Vasconia", "DISTRITO": "1", "PK_PAT": "23080", "TP_EVENTO": "OTRO", "PRIORIDAD": " ", "AMENAZA": "( )", "FX2": " ", "LATITUD": 5.8097638900000561, "LONGITUD": -74.118113889999961 }, "geometry": { "type": "Point", "coordinates": [ -74.118113889999961, 5.809763890000056, 0.0 ] } },
{ "type": "Feature", "properties": { "DEPTO": "HUILA", "MUNICIPIO": "NEIVA", "VEREDA": "VENADITO", "GASODUCTO": "CENTRO - ORIENTE", "TRAMO": "Dina - Tello", "DISTRITO": "2", "PK_PAT": "15596", "TP_EVENTO": "OTRO", "PRIORIDAD": " ", "AMENAZA": "( )", "FX2": " ", "LATITUD": 2.9681055600000263, "LONGITUD": -75.254744439999968 }, "geometry": { "type": "Point", "coordinates": [ -75.254744439999968, 2.968105560000026, 0.0 ] } },
{ "type": "Feature", "properties": { "DEPTO": "TOLIMA", "MUNICIPIO": "ARMERO", "VEREDA": "SAN JOSÉ", "GASODUCTO": "CENTRO - ORIENTE", "TRAMO": "Mariquita - Gualanday", "DISTRITO": "2", "PK_PAT": "326969", "TP_EVENTO": "OTRO", "PRIORIDAD": " ", "AMENAZA": "( )", "FX2": " ", "LATITUD": 4.961512, "LONGITUD": -74.91531 }, "geometry": { "type": "Point", "coordinates": [ -74.91531, 4.961512, 0.0 ] } },
{ "type": "Feature", "properties": { "DEPTO": "BOYACÁ", "MUNICIPIO": "ZETAQUIRA", "VEREDA": "GUANATA", "GASODUCTO": "PORVENIR - LA BELLEZA", "TRAMO": "Miraflores - Sutamarchan", "DISTRITO": "5", "PK_PAT": "104250", "TP_EVENTO": "OTRO", "PRIORIDAD": "Bajo", "AMENAZA": "(Bajo)", "FX2": " ", "LATITUD": 5.278404, "LONGITUD": -73.266793 }, "geometry": { "type": "Point", "coordinates": [ -73.266793, 5.278404, 0.0 ] } },
{ "type": "Feature", "properties": { "DEPTO": "SANTANDER", "MUNICIPIO": "ALBANIA", "VEREDA": "EL HATILLO", "GASODUCTO": "PORVENIR - LA BELLEZA", "TRAMO": "Sutamarchan - La Belleza", "DISTRITO": "5", "PK_PAT": "163500", "TP_EVENTO": "OTRO", "PRIORIDAD": " ", "AMENAZA": "( )", "FX2": " ", "LATITUD": 5.8123611100000403, "LONGITUD": -73.77302777999995 }, "geometry": { "type": "Point", "coordinates": [ -73.77302777999995, 5.81236111000004, 0.0 ] } },
{ "type": "Feature", "properties": { "DEPTO": "BOYACÁ", "MUNICIPIO": "ZETAQUIRA", "VEREDA": "GUANATA", "GASODUCTO": "PORVENIR - LA BELLEZA", "TRAMO": "Miraflores - Sutamarchan", "DISTRITO": "5", "PK_PAT": "105010", "TP_EVENTO": "OTRO", "PRIORIDAD": "Bajo", "AMENAZA": "(Bajo)", "FX2": " ", "LATITUD": 5.281285, "LONGITUD": -73.272523 }, "geometry": { "type": "Point", "coordinates": [ -73.272523, 5.281285, 0.0 ] } },
{ "type": "Feature", "properties": { "DEPTO": "SANTANDER", "MUNICIPIO": "PUENTE NACIONAL", "VEREDA": "BAJO SAN DIMAS", "GASODUCTO": "PORVENIR - LA BELLEZA", "TRAMO": "Sutamarchan - La Belleza", "DISTRITO": "5", "PK_PAT": "157830", "TP_EVENTO": "OTRO", "PRIORIDAD": " ", "AMENAZA": "( )", "FX2": " ", "LATITUD": 5.8105833300000427, "LONGITUD": -73.724222219999945 }, "geometry": { "type": "Point", "coordinates": [ -73.724222219999945, 5.810583330000043, 0.0 ] } },
{ "type": "Feature", "properties": { "DEPTO": "BOYACÁ", "MUNICIPIO": "ZETAQUIRA", "VEREDA": "GUANATA", "GASODUCTO": "PORVENIR - LA BELLEZA", "TRAMO": "Miraflores - Sutamarchan", "DISTRITO": "5", "PK_PAT": "106505", "TP_EVENTO": "DESLIZAMIENTO TRASLACIONAL", "PRIORIDAD": " ", "AMENAZA": "( )", "FX2": " ", "LATITUD": 5.290357, "LONGITUD": -73.280236 }, "geometry": { "type": "Point", "coordinates": [ -73.280236, 5.290357, 0.0 ] } },
{ "type": "Feature", "properties": { "DEPTO": "BOYACÁ", "MUNICIPIO": "SAN JOSÉ DE PARE", "VEREDA": "BALSA Y RESGUARDO", "GASODUCTO": "BOYACA - SANTANDER", "TRAMO": "Otero - Santana", "DISTRITO": "5", "PK_PAT": "38850", "TP_EVENTO": "OTRO", "PRIORIDAD": " ", "AMENAZA": "( )", "FX2": " ", "LATITUD": 6.033104, "LONGITUD": -73.53683 }, "geometry": { "type": "Point", "coordinates": [ -73.53683, 6.033104, 0.0 ] } },
{ "type": "Feature", "properties": { "DEPTO": "CALDAS", "MUNICIPIO": "MANZANARES", "VEREDA": "SANTODOMINGO", "GASODUCTO": "MARIQUITA - CALI", "TRAMO": "Manzanares", "DISTRITO": "7", "PK_PAT": "14610", "TP_EVENTO": "OTRO", "PRIORIDAD": " ", "AMENAZA": "( )", "FX2": " ", "LATITUD": 5.2308611100000348, "LONGITUD": -75.116388889999939 }, "geometry": { "type": "Point", "coordinates": [ -75.116388889999939, 5.230861110000035, 0.0 ] } },
{ "type": "Feature", "properties": { "DEPTO": "TOLIMA", "MUNICIPIO": "FRESNO", "VEREDA": "CAUCASIA", "GASODUCTO": "MARIQUITA - CALI", "TRAMO": "Mariquita - Letras", "DISTRITO": "7", "PK_PAT": "35200", "TP_EVENTO": "OTRO", "PRIORIDAD": " ", "AMENAZA": "( )", "FX2": " ", "LATITUD": 5.1371, "LONGITUD": -75.127402779999954 }, "geometry": { "type": "Point", "coordinates": [ -75.127402779999954, 5.1371, 0.0 ] } },
{ "type": "Feature", "properties": { "DEPTO": "VALLE DEL CAUCA", "MUNICIPIO": "ZARZAL", "VEREDA": "QUEBRADA NUEVA", "GASODUCTO": "MARIQUITA - CALI", "TRAMO": "Armenia", "DISTRITO": "7", "PK_PAT": "16700", "TP_EVENTO": "OTRO", "PRIORIDAD": " ", "AMENAZA": "( )", "FX2": " ", "LATITUD": 4.4038888900000757, "LONGITUD": -75.928055559999962 }, "geometry": { "type": "Point", "coordinates": [ -75.928055559999962, 4.403888890000076, 0.0 ] } },
{ "type": "Feature", "properties": { "DEPTO": "VALLE DEL CAUCA", "MUNICIPIO": "ZARZAL", "VEREDA": "QUEBRADA NUEVA", "GASODUCTO": "MARIQUITA - CALI", "TRAMO": "Armenia", "DISTRITO": "7", "PK_PAT": "14300", "TP_EVENTO": "OTRO", "PRIORIDAD": " ", "AMENAZA": "( )", "FX2": " ", "LATITUD": 4.397278, "LONGITUD": -75.945528 }, "geometry": { "type": "Point", "coordinates": [ -75.945528, 4.397278, 0.0 ] } },
{ "type": "Feature", "properties": { "DEPTO": "VALLE DEL CAUCA", "MUNICIPIO": "ZARZAL", "VEREDA": "QUEBRADA NUEVA", "GASODUCTO": "MARIQUITA - CALI", "TRAMO": "Armenia", "DISTRITO": "7", "PK_PAT": "14100", "TP_EVENTO": "REPTACION", "PRIORIDAD": " ", "AMENAZA": "( )", "FX2": " ", "LATITUD": 4.396306, "LONGITUD": -75.946611 }, "geometry": { "type": "Point", "coordinates": [ -75.946611, 4.396306, 0.0 ] } },
{ "type": "Feature", "properties": { "DEPTO": "VALLE DEL CAUCA", "MUNICIPIO": "ZARZAL", "VEREDA": "QUEBRADA NUEVA", "GASODUCTO": "MARIQUITA - CALI", "TRAMO": "Armenia", "DISTRITO": "7", "PK_PAT": "13400", "TP_EVENTO": "OTRO", "PRIORIDAD": " ", "AMENAZA": "( )", "FX2": " ", "LATITUD": 4.3939444400000411, "LONGITUD": -75.951666669999952 }, "geometry": { "type": "Point", "coordinates": [ -75.951666669999952, 4.393944440000041, 0.0 ] } },
{ "type": "Feature", "properties": { "DEPTO": "VALLE DEL CAUCA", "MUNICIPIO": "ZARZAL", "VEREDA": "QUEBRADA NUEVA", "GASODUCTO": "MARIQUITA - CALI", "TRAMO": "Armenia", "DISTRITO": "7", "PK_PAT": "18500", "TP_EVENTO": "OTRO", "PRIORIDAD": " ", "AMENAZA": "( )", "FX2": " ", "LATITUD": 4.4046944400000712, "LONGITUD": -75.914197219999949 }, "geometry": { "type": "Point", "coordinates": [ -75.914197219999949, 4.404694440000071, 0.0 ] } },
{ "type": "Feature", "properties": { "DEPTO": "VALLE DEL CAUCA", "MUNICIPIO": "ZARZAL", "VEREDA": "QUEBRADA NUEVA", "GASODUCTO": "MARIQUITA - CALI", "TRAMO": "Armenia", "DISTRITO": "7", "PK_PAT": "13600", "TP_EVENTO": "OTRO", "PRIORIDAD": " ", "AMENAZA": "( )", "FX2": " ", "LATITUD": 4.3939444400000411, "LONGITUD": -75.949611109999978 }, "geometry": { "type": "Point", "coordinates": [ -75.949611109999978, 4.393944440000041, 0.0 ] } },
{ "type": "Feature", "properties": { "DEPTO": "VALLE DEL CAUCA", "MUNICIPIO": "CAICEDONIA", "VEREDA": "LIMONES", "GASODUCTO": "MARIQUITA - CALI", "TRAMO": "Sevilla", "DISTRITO": "8", "PK_PAT": "5900", "TP_EVENTO": "OTRO", "PRIORIDAD": " ", "AMENAZA": "( )", "FX2": " ", "LATITUD": 4.3152591100000564, "LONGITUD": -75.880378019999966 }, "geometry": { "type": "Point", "coordinates": [ -75.880378019999966, 4.315259110000056, 0.0 ] } },
{ "type": "Feature", "properties": { "DEPTO": "VALLE DEL CAUCA", "MUNICIPIO": "ZARZAL", "VEREDA": "QUEBRADA NUEVA", "GASODUCTO": "MARIQUITA - CALI", "TRAMO": "Armenia", "DISTRITO": "7", "PK_PAT": "17200", "TP_EVENTO": "OTRO", "PRIORIDAD": " ", "AMENAZA": "( )", "FX2": " ", "LATITUD": 4.4043055600000685, "LONGITUD": -75.924388889999989 }, "geometry": { "type": "Point", "coordinates": [ -75.924388889999989, 4.404305560000068, 0.0 ] } },
{ "type": "Feature", "properties": { "DEPTO": "VALLE DEL CAUCA", "MUNICIPIO": "ZARZAL", "VEREDA": "QUEBRADA NUEVA", "GASODUCTO": "MARIQUITA - CALI", "TRAMO": "Armenia", "DISTRITO": "7", "PK_PAT": "16700", "TP_EVENTO": "OTRO", "PRIORIDAD": " ", "AMENAZA": "( )", "FX2": " ", "LATITUD": 4.4038888900000757, "LONGITUD": -75.928055559999962 }, "geometry": { "type": "Point", "coordinates": [ -75.928055559999962, 4.403888890000076, 0.0 ] } },
{ "type": "Feature", "properties": { "DEPTO": "VALLE DEL CAUCA", "MUNICIPIO": "SEVILLA", "VEREDA": "BUENOS AIRES", "GASODUCTO": "MARIQUITA - CALI", "TRAMO": "Caicedonia", "DISTRITO": "8", "PK_PAT": "2390", "TP_EVENTO": "OTRO", "PRIORIDAD": " ", "AMENAZA": "( )", "FX2": " ", "LATITUD": 4.4019444400000225, "LONGITUD": -75.889166669999952 }, "geometry": { "type": "Point", "coordinates": [ -75.889166669999952, 4.401944440000022, 0.0 ] } },
{ "type": "Feature", "properties": { "DEPTO": "VALLE DEL CAUCA", "MUNICIPIO": "OBANDO", "VEREDA": "GACHIMBAL", "GASODUCTO": "MARIQUITA - CALI", "TRAMO": "Obando - Tulua", "DISTRITO": "8", "PK_PAT": "198368", "TP_EVENTO": "OTRO", "PRIORIDAD": " ", "AMENAZA": "( )", "FX2": " ", "LATITUD": 4.5646833300000367, "LONGITUD": -75.989547219999963 }, "geometry": { "type": "Point", "coordinates": [ -75.989547219999963, 4.564683330000037, 0.0 ] } },
{ "type": "Feature", "properties": { "DEPTO": "VALLE DEL CAUCA", "MUNICIPIO": "BUGALAGRANDE", "VEREDA": "MESTIZAL", "GASODUCTO": "MARIQUITA - CALI", "TRAMO": "Obando - Tulua", "DISTRITO": "8", "PK_PAT": "245000", "TP_EVENTO": "OTRO", "PRIORIDAD": " ", "AMENAZA": "( )", "FX2": " ", "LATITUD": 4.2206055600000241, "LONGITUD": -76.157513889999962 }, "geometry": { "type": "Point", "coordinates": [ -76.157513889999962, 4.220605560000024, 0.0 ] } },
{ "type": "Feature", "properties": { "DEPTO": "BOYACÁ", "MUNICIPIO": "BRICEÑO", "VEREDA": "PALO BLANCO", "GASODUCTO": "CENTRO - ORIENTE", "TRAMO": "PK17+500 - Sucre Oriental", "DISTRITO": "3", "PK_PAT": "26850", "TP_EVENTO": "DESLIZAMIENTO TRASLACIONAL", "PRIORIDAD": "Alto", "AMENAZA": "(Alto)", "FX2": "20221012_FX2_C03_COR_17+500-SUCREO_PK026+850_VC", "LATITUD": 5.654920000000061, "LONGITUD": -73.9050133 }, "geometry": { "type": "Point", "coordinates": [ -73.905013299999951, 5.65492, 0.0 ] } },
{ "type": "Feature", "properties": { "DEPTO": "SANTANDER", "MUNICIPIO": "GÜEPSA", "VEREDA": "CENTRO", "GASODUCTO": "BOYACA - SANTANDER", "TRAMO": "Otero - Santana", "DISTRITO": "5", "PK_PAT": "34250", "TP_EVENTO": "OTRO", "PRIORIDAD": "Alto", "AMENAZA": "(Extremo)", "FX2": "20210603_FX2_C05_GBS_OTERO-SANT_PK034+250_VE", "LATITUD": 6.0275980500000514, "LONGITUD": -73.562511379999989 }, "geometry": { "type": "Point", "coordinates": [ -73.562511379999989, 6.027598050000051, 0.0 ] } },
{ "type": "Feature", "properties": { "DEPTO": "TOLIMA", "MUNICIPIO": "HERVEO", "VEREDA": "LA CRISTALINA", "GASODUCTO": "MARIQUITA - CALI", "TRAMO": "Herveo", "DISTRITO": "7", "PK_PAT": "5540", "TP_EVENTO": "DESLIZAMIENTO TRASLACIONAL", "PRIORIDAD": "Alto", "AMENAZA": "(Extremo)", "FX2": "20220520_FX2_C07_MC_R-HERVEO_PK005+540_VA", "LATITUD": 5.0766, "LONGITUD": -75.20855 }, "geometry": { "type": "Point", "coordinates": [ -75.20855, 5.0766, 0.0 ] } },
{ "type": "Feature", "properties": { "DEPTO": "CALDAS", "MUNICIPIO": "MANIZALES", "VEREDA": "LA ENEA PARTE", "GASODUCTO": "MARIQUITA - CALI", "TRAMO": "Letras - Marsella", "DISTRITO": "7", "PK_PAT": "77650", "TP_EVENTO": "REPTACION", "PRIORIDAD": "Medio", "AMENAZA": "( )", "FX2": " ", "LATITUD": 5.0385620000000699, "LONGITUD": -75.416055 }, "geometry": { "type": "Point", "coordinates": [ -75.416055, 5.038562, 0.0 ] } },
{ "type": "Feature", "properties": { "DEPTO": "BOYACÁ", "MUNICIPIO": "OTANCHE", "VEREDA": "S JOSÉ NAZARETH", "GASODUCTO": "CENTRO - ORIENTE", "TRAMO": "La Belleza - Vasconia", "DISTRITO": "1", "PK_PAT": "244764", "TP_EVENTO": "FLUJOS", "PRIORIDAD": "Alto", "AMENAZA": "(Extremo)", "FX2": "20220519_FX2_C03_C0R_BELL-VASC_PK210+300_VC", "LATITUD": 5.805851389000054, "LONGITUD": -74.118998329999954 }, "geometry": { "type": "Point", "coordinates": [ -74.118998329999954, 5.805851389000054, 0.0 ] } },
{ "type": "Feature", "properties": { "DEPTO": "BOYACÁ", "MUNICIPIO": "OTANCHE", "VEREDA": "S JOSÉ NAZARETH", "GASODUCTO": "CENTRO - ORIENTE", "TRAMO": "La Belleza - Vasconia", "DISTRITO": "1", "PK_PAT": "246061", "TP_EVENTO": "DESLIZAMIENTO ROTACIONAL", "PRIORIDAD": "Alto", "AMENAZA": "(Alto)", "FX2": "20220519_FX2_C03_C0R_BELL-VASC_PK211+281_VB", "LATITUD": 5.8142009400000347, "LONGITUD": -74.120253119999973 }, "geometry": { "type": "Point", "coordinates": [ -74.120253119999973, 5.814200940000035, 0.0 ] } },
{ "type": "Feature", "properties": { "DEPTO": "RISARALDA", "MUNICIPIO": "BALBOA", "VEREDA": "PURACÉ", "GASODUCTO": "MARIQUITA - CALI", "TRAMO": "La Celia", "DISTRITO": "7", "PK_PAT": "3180", "TP_EVENTO": "SOCAVACIÓN LATERAL", "PRIORIDAD": "Alto", "AMENAZA": "(Alto)", "FX2": "20230424_FX2_C07_MC_R-LA CELIA_PK003+180_VA", "LATITUD": 4.901450000000068, "LONGITUD": -75.93472 }, "geometry": { "type": "Point", "coordinates": [ -75.93472, 4.90145, 0.0 ] } },
{ "type": "Feature", "properties": { "DEPTO": "CALDAS", "MUNICIPIO": "MANIZALES", "VEREDA": "ÁREA URBANA", "GASODUCTO": "MARIQUITA - CALI", "TRAMO": "Letras - Marsella", "DISTRITO": "7", "PK_PAT": "79630", "TP_EVENTO": "DESLIZAMIENTO TRASLACIONAL", "PRIORIDAD": "Alto", "AMENAZA": "(Alto)", "FX2": "20230411_FX2_C07_MC_LET-MARS_PK079+630_VA", "LATITUD": 5.02955, "LONGITUD": -75.4281 }, "geometry": { "type": "Point", "coordinates": [ -75.4281, 5.02955, 0.0 ] } },
{ "type": "Feature", "properties": { "DEPTO": "RISARALDA", "MUNICIPIO": "SANTA ROSA DE CABAL", "VEREDA": "ÁREA URBANA", "GASODUCTO": "MARIQUITA - CALI", "TRAMO": "Dos Quebradas", "DISTRITO": "7", "PK_PAT": "50", "TP_EVENTO": "SURCOS", "PRIORIDAD": " ", "AMENAZA": "( )", "FX2": " ", "LATITUD": 4.895833, "LONGITUD": -75.628083 }, "geometry": { "type": "Point", "coordinates": [ -75.628083, 4.895833, 0.0 ] } },
{ "type": "Feature", "properties": { "DEPTO": "CESAR", "MUNICIPIO": "AGUSTÍN CODAZZI", "VEREDA": "PUNTA ARRECHA", "GASODUCTO": "BALLENA - BARRANCABERMEJA", "TRAMO": "Agustin Codazzi", "DISTRITO": "6", "PK_PAT": "190", "TP_EVENTO": "SURCOS", "PRIORIDAD": " ", "AMENAZA": "( )", "FX2": " ", "LATITUD": 10.0368, "LONGITUD": -73.2867 }, "geometry": { "type": "Point", "coordinates": [ -73.2867, 10.0368, 0.0 ] } },
{ "type": "Feature", "properties": { "DEPTO": "TOLIMA", "MUNICIPIO": "FRESNO", "VEREDA": "CERRO AZUL", "GASODUCTO": "MARIQUITA - CALI", "TRAMO": "Fresno", "DISTRITO": "7", "PK_PAT": "600", "TP_EVENTO": "DESLIZAMIENTO TRASLACIONAL", "PRIORIDAD": " ", "AMENAZA": "( )", "FX2": " ", "LATITUD": 5.1863933330000691, "LONGITUD": -75.036911669999938 }, "geometry": { "type": "Point", "coordinates": [ -75.036911669999938, 5.186393333000069, 0.0 ] } },
{ "type": "Feature", "properties": { "DEPTO": "SANTANDER", "MUNICIPIO": "JESÚS MARÍA", "VEREDA": "CRISTALES", "GASODUCTO": "BOYACA - SANTANDER", "TRAMO": "Bolivar", "DISTRITO": "5", "PK_PAT": "620", "TP_EVENTO": "DESLIZAMIENTO TRASLACIONAL", "PRIORIDAD": " ", "AMENAZA": "( )", "FX2": " ", "LATITUD": 5.8353000000000748, "LONGITUD": -73.80876 }, "geometry": { "type": "Point", "coordinates": [ -73.80876, 5.8353, 0.0 ] } },
{ "type": "Feature", "properties": { "DEPTO": "CASANARE", "MUNICIPIO": "MONTERREY", "VEREDA": "GARRABAL", "GASODUCTO": "CUSIANA - APIAY - USME", "TRAMO": "Monterrey", "DISTRITO": "4", "PK_PAT": "625", "TP_EVENTO": "SOCAVACIÓN DE FONDO", "PRIORIDAD": " ", "AMENAZA": "( )", "FX2": " ", "LATITUD": 4.8984308, "LONGITUD": -72.890688 }, "geometry": { "type": "Point", "coordinates": [ -72.890688, 4.898430800000028, 0.0 ] } },
{ "type": "Feature", "properties": { "DEPTO": "CESAR", "MUNICIPIO": "LA PAZ", "VEREDA": "VARASBLANCAS", "GASODUCTO": "BALLENA - BARRANCABERMEJA", "TRAMO": "La Paz", "DISTRITO": "6", "PK_PAT": "630", "TP_EVENTO": "OTRO", "PRIORIDAD": " ", "AMENAZA": "( )", "FX2": " ", "LATITUD": 10.399423333000072, "LONGITUD": -73.172816388999934 }, "geometry": { "type": "Point", "coordinates": [ -73.172816388999934, 10.399423333000072, 0.0 ] } },
{ "type": "Feature", "properties": { "DEPTO": "BOYACÁ", "MUNICIPIO": "SAMACÁ", "VEREDA": "TIBAQUIRA", "GASODUCTO": "PORVENIR - LA BELLEZA", "TRAMO": "Samaca", "DISTRITO": "5", "PK_PAT": "650", "TP_EVENTO": "OTRO", "PRIORIDAD": " ", "AMENAZA": "( )", "FX2": " ", "LATITUD": 5.5000317, "LONGITUD": -73.4825833 }, "geometry": { "type": "Point", "coordinates": [ -73.482583299999988, 5.500031700000022, 0.0 ] } },
{ "type": "Feature", "properties": { "DEPTO": "CESAR", "MUNICIPIO": "LA PAZ", "VEREDA": "VARASBLANCAS", "GASODUCTO": "BALLENA - BARRANCABERMEJA", "TRAMO": "Valledupar", "DISTRITO": "6", "PK_PAT": "900", "TP_EVENTO": "SURCOS", "PRIORIDAD": " ", "AMENAZA": "( )", "FX2": " ", "LATITUD": 10.40608, "LONGITUD": -73.1808233 }, "geometry": { "type": "Point", "coordinates": [ -73.180823299999986, 10.40608, 0.0 ] } },
{ "type": "Feature", "properties": { "DEPTO": "CASANARE", "MUNICIPIO": "MONTERREY", "VEREDA": "PORVENIR", "GASODUCTO": "CUSIANA - PORVENIR", "TRAMO": "Cusiana - Miraflores", "DISTRITO": "5", "PK_PAT": "902", "TP_EVENTO": "SOCAVACIÓN DE FONDO", "PRIORIDAD": " ", "AMENAZA": "( )", "FX2": " ", "LATITUD": 4.9257328, "LONGITUD": -72.9408197 }, "geometry": { "type": "Point", "coordinates": [ -72.940819699999963, 4.925732800000048, 0.0 ] } },
{ "type": "Feature", "properties": { "DEPTO": "CUNDINAMARCA", "MUNICIPIO": "FOSCA", "VEREDA": "SAN MANUEL", "GASODUCTO": "CUSIANA - APIAY - USME", "TRAMO": "Fosca", "DISTRITO": "4", "PK_PAT": "1051", "TP_EVENTO": "SOCAVACIÓN DE FONDO", "PRIORIDAD": " ", "AMENAZA": "( )", "FX2": " ", "LATITUD": 4.3563, "LONGITUD": -73.9432 }, "geometry": { "type": "Point", "coordinates": [ -73.9432, 4.3563, 0.0 ] } },
{ "type": "Feature", "properties": { "DEPTO": "CESAR", "MUNICIPIO": "LA PAZ", "VEREDA": "VARASBLANCAS", "GASODUCTO": "BALLENA - BARRANCABERMEJA", "TRAMO": "La Paz", "DISTRITO": "6", "PK_PAT": "1090", "TP_EVENTO": "OTRO", "PRIORIDAD": " ", "AMENAZA": "( )", "FX2": " ", "LATITUD": 10.39525, "LONGITUD": -73.172973059999947 }, "geometry": { "type": "Point", "coordinates": [ -73.172973059999947, 10.39525, 0.0 ] } },
{ "type": "Feature", "properties": { "DEPTO": "SANTANDER", "MUNICIPIO": "SIMACOTA", "VEREDA": "VIZCAINA BAJA", "GASODUCTO": "CENTRO - ORIENTE", "TRAMO": "Barrancabermeja - Sebastopol", "DISTRITO": "1", "PK_PAT": "36650", "TP_EVENTO": "CARCAVAS", "PRIORIDAD": " ", "AMENAZA": "( )", "FX2": " ", "LATITUD": 6.840137, "LONGITUD": -73.882574 }, "geometry": { "type": "Point", "coordinates": [ -73.882574, 6.840137, 0.0 ] } },
{ "type": "Feature", "properties": { "DEPTO": "SANTANDER", "MUNICIPIO": "CHIPATÁ", "VEREDA": "TOROBA", "GASODUCTO": "BOYACA - SANTANDER", "TRAMO": "Chipata", "DISTRITO": "5", "PK_PAT": "1320", "TP_EVENTO": "CARCAVAS", "PRIORIDAD": " ", "AMENAZA": "( )", "FX2": " ", "LATITUD": 6.024949, "LONGITUD": -73.624802 }, "geometry": { "type": "Point", "coordinates": [ -73.624802, 6.024949, 0.0 ] } },
{ "type": "Feature", "properties": { "DEPTO": "CESAR", "MUNICIPIO": "AGUSTÍN CODAZZI", "VEREDA": "PUNTA ARRECHA", "GASODUCTO": "BALLENA - BARRANCABERMEJA", "TRAMO": "Agustin Codazzi", "DISTRITO": "6", "PK_PAT": "1570", "TP_EVENTO": "SURCOS", "PRIORIDAD": " ", "AMENAZA": "( )", "FX2": " ", "LATITUD": 10.0382, "LONGITUD": -73.2751 }, "geometry": { "type": "Point", "coordinates": [ -73.2751, 10.0382, 0.0 ] } },
{ "type": "Feature", "properties": { "DEPTO": "CESAR", "MUNICIPIO": "LA JAGUA DE IBIRICO", "VEREDA": "BOQUERON", "GASODUCTO": "BALLENA - BARRANCABERMEJA", "TRAMO": "La Jagua de Ibirico", "DISTRITO": "6", "PK_PAT": "1765", "TP_EVENTO": "SURCOS", "PRIORIDAD": " ", "AMENAZA": "( )", "FX2": " ", "LATITUD": 9.6129300000000626, "LONGITUD": -73.404356666999945 }, "geometry": { "type": "Point", "coordinates": [ -73.404356666999945, 9.61293, 0.0 ] } },
{ "type": "Feature", "properties": { "DEPTO": "CASANARE", "MUNICIPIO": "TAURAMENA", "VEREDA": "PASO CUSIANA", "GASODUCTO": "CUSIANA - APIAY - USME", "TRAMO": "Aguazul", "DISTRITO": "4", "PK_PAT": "1790", "TP_EVENTO": "SURCOS", "PRIORIDAD": " ", "AMENAZA": "( )", "FX2": " ", "LATITUD": 5.00346200000007, "LONGITUD": -72.6932243 }, "geometry": { "type": "Point", "coordinates": [ -72.69322429999994, 5.003462, 0.0 ] } },
{ "type": "Feature", "properties": { "DEPTO": "CESAR", "MUNICIPIO": "LA PAZ", "VEREDA": "VARASBLANCAS", "GASODUCTO": "BALLENA - BARRANCABERMEJA", "TRAMO": "Valledupar", "DISTRITO": "6", "PK_PAT": "1880", "TP_EVENTO": "SOCAVACIÓN DE FONDO", "PRIORIDAD": " ", "AMENAZA": "( )", "FX2": " ", "LATITUD": 10.4069266000001, "LONGITUD": -73.1898 }, "geometry": { "type": "Point", "coordinates": [ -73.1898, 10.406926600000077, 0.0 ] } },
{ "type": "Feature", "properties": { "DEPTO": "CASANARE", "MUNICIPIO": "MONTERREY", "VEREDA": "PORVENIR", "GASODUCTO": "CUSIANA - PORVENIR", "TRAMO": "Cusiana - Miraflores", "DISTRITO": "5", "PK_PAT": "1888", "TP_EVENTO": "DESLIZAMIENTO TRASLACIONAL", "PRIORIDAD": " ", "AMENAZA": "( )", "FX2": " ", "LATITUD": 4.9273180000000707, "LONGITUD": -72.948835 }, "geometry": { "type": "Point", "coordinates": [ -72.948835, 4.927318, 0.0 ] } },
{ "type": "Feature", "properties": { "DEPTO": "SANTANDER", "MUNICIPIO": "CHIPATÁ", "VEREDA": "TOROBA", "GASODUCTO": "BOYACA - SANTANDER", "TRAMO": "Chipata", "DISTRITO": "5", "PK_PAT": "1963", "TP_EVENTO": "SURCOS", "PRIORIDAD": " ", "AMENAZA": "( )", "FX2": " ", "LATITUD": 6.0297627500000317, "LONGITUD": -73.621708829999989 }, "geometry": { "type": "Point", "coordinates": [ -73.621708829999989, 6.029762750000032, 0.0 ] } },
{ "type": "Feature", "properties": { "DEPTO": "SANTANDER", "MUNICIPIO": "SIMACOTA", "VEREDA": "VIZCAINA ALTA", "GASODUCTO": "CENTRO - ORIENTE", "TRAMO": "Barrancabermeja - Sebastopol", "DISTRITO": "1", "PK_PAT": "38562", "TP_EVENTO": "CARCAVAS", "PRIORIDAD": " ", "AMENAZA": "( )", "FX2": " ", "LATITUD": 6.830025, "LONGITUD": -73.895894 }, "geometry": { "type": "Point", "coordinates": [ -73.895894, 6.830025, 0.0 ] } },
{ "type": "Feature", "properties": { "DEPTO": "SANTANDER", "MUNICIPIO": "SAN VICENTE DE CHUCURÍ", "VEREDA": "LLANA CALIENTE", "GASODUCTO": "SUR DE BOLIVAR", "TRAMO": "Playa Roja - San Vicente", "DISTRITO": "1", "PK_PAT": "2268", "TP_EVENTO": "SOCAVACIÓN LATERAL", "PRIORIDAD": " ", "AMENAZA": "( )", "FX2": " ", "LATITUD": 6.8903, "LONGITUD": -73.5802 }, "geometry": { "type": "Point", "coordinates": [ -73.5802, 6.8903, 0.0 ] } },
{ "type": "Feature", "properties": { "DEPTO": "LA GUAJIRA", "MUNICIPIO": "MANAURE", "VEREDA": "SHICHEPEHO", "GASODUCTO": "BALLENA - BARRANCABERMEJA", "TRAMO": "Ballenas - Hato Nuevo", "DISTRITO": "6", "PK_PAT": "3054", "TP_EVENTO": "SURCOS", "PRIORIDAD": " ", "AMENAZA": "( )", "FX2": " ", "LATITUD": 11.6707976000001, "LONGITUD": -72.7113632 }, "geometry": { "type": "Point", "coordinates": [ -72.711363199999937, 11.670797600000071, 0.0 ] } },
{ "type": "Feature", "properties": { "DEPTO": "SANTANDER", "MUNICIPIO": "JESÚS MARÍA", "VEREDA": "CRISTALES", "GASODUCTO": "BOYACA - SANTANDER", "TRAMO": "Bolivar", "DISTRITO": "5", "PK_PAT": "3250", "TP_EVENTO": "DESLIZAMIENTO TRASLACIONAL", "PRIORIDAD": " ", "AMENAZA": "( )", "FX2": " ", "LATITUD": 5.8539500000000544, "LONGITUD": -73.7984 }, "geometry": { "type": "Point", "coordinates": [ -73.7984, 5.85395, 0.0 ] } },
{ "type": "Feature", "properties": { "DEPTO": "VALLE DEL CAUCA", "MUNICIPIO": "ANSERMANUEVO", "VEREDA": "CALABAZAS", "GASODUCTO": "MARIQUITA - CALI", "TRAMO": "Ansermanuevo", "DISTRITO": "8", "PK_PAT": "3400", "TP_EVENTO": "OTRO", "PRIORIDAD": " ", "AMENAZA": "( )", "FX2": " ", "LATITUD": 4.8582920000000627, "LONGITUD": -75.926866 }, "geometry": { "type": "Point", "coordinates": [ -75.926866, 4.858292, 0.0 ] } },
{ "type": "Feature", "properties": { "DEPTO": "BOYACÁ", "MUNICIPIO": "MONIQUIRÁ", "VEREDA": "TAPIAS Y SAN ANTONIO", "GASODUCTO": "BOYACA - SANTANDER", "TRAMO": "Togui", "DISTRITO": "5", "PK_PAT": "3577", "TP_EVENTO": "SOCAVACIÓN DE FONDO", "PRIORIDAD": " ", "AMENAZA": "( )", "FX2": " ", "LATITUD": 5.912, "LONGITUD": -73.5809 }, "geometry": { "type": "Point", "coordinates": [ -73.5809, 5.912, 0.0 ] } },
{ "type": "Feature", "properties": { "DEPTO": "SANTANDER", "MUNICIPIO": "VÉLEZ", "VEREDA": "ROPERO", "GASODUCTO": "BOYACA - SANTANDER", "TRAMO": "Velez", "DISTRITO": "5", "PK_PAT": "3699", "TP_EVENTO": "SOCAVACIÓN LATERAL", "PRIORIDAD": " ", "AMENAZA": "( )", "FX2": " ", "LATITUD": 6.0163420000000656, "LONGITUD": -73.61127 }, "geometry": { "type": "Point", "coordinates": [ -73.61127, 6.016342, 0.0 ] } },
{ "type": "Feature", "properties": { "DEPTO": "SANTANDER", "MUNICIPIO": "CHIPATÁ", "VEREDA": "HATILLO", "GASODUCTO": "BOYACA - SANTANDER", "TRAMO": "Chipata", "DISTRITO": "5", "PK_PAT": "3725", "TP_EVENTO": "SOCAVACIÓN LATERAL", "PRIORIDAD": " ", "AMENAZA": "( )", "FX2": " ", "LATITUD": 6.04346, "LONGITUD": -73.62133 }, "geometry": { "type": "Point", "coordinates": [ -73.62133, 6.04346, 0.0 ] } },
{ "type": "Feature", "properties": { "DEPTO": "TOLIMA", "MUNICIPIO": "LÉRIDA", "VEREDA": "ALTO DEL SOL", "GASODUCTO": "CENTRO - ORIENTE", "TRAMO": "Libano", "DISTRITO": "2", "PK_PAT": "3750", "TP_EVENTO": "SURCOS", "PRIORIDAD": " ", "AMENAZA": "( )", "FX2": " ", "LATITUD": 4.8381493000001, "LONGITUD": -74.9466132 }, "geometry": { "type": "Point", "coordinates": [ -74.946613199999945, 4.838149300000055, 0.0 ] } },
{ "type": "Feature", "properties": { "DEPTO": "BOYACÁ", "MUNICIPIO": "FLORESTA", "VEREDA": "TOBASIA", "GASODUCTO": "BOYACA - SANTANDER", "TRAMO": "Floresta", "DISTRITO": "5", "PK_PAT": "3814", "TP_EVENTO": "SOCAVACIÓN LATERAL", "PRIORIDAD": " ", "AMENAZA": "( )", "FX2": " ", "LATITUD": 5.852649, "LONGITUD": -72.940599 }, "geometry": { "type": "Point", "coordinates": [ -72.940599, 5.852649, 0.0 ] } },
{ "type": "Feature", "properties": { "DEPTO": "BOYACÁ", "MUNICIPIO": "MONIQUIRÁ", "VEREDA": "NOVILLERO", "GASODUCTO": "BOYACA - SANTANDER", "TRAMO": "Togui", "DISTRITO": "5", "PK_PAT": "4183", "TP_EVENTO": "SOCAVACIÓN DE FONDO", "PRIORIDAD": " ", "AMENAZA": "( )", "FX2": " ", "LATITUD": 5.907742, "LONGITUD": -73.5784 }, "geometry": { "type": "Point", "coordinates": [ -73.5784, 5.907742, 0.0 ] } },
{ "type": "Feature", "properties": { "DEPTO": "CASANARE", "MUNICIPIO": "AGUAZUL", "VEREDA": "PUENTE CUSIANA", "GASODUCTO": "CUSIANA - APIAY - USME", "TRAMO": "Aguazul", "DISTRITO": "4", "PK_PAT": "4530", "TP_EVENTO": "OTRO", "PRIORIDAD": " ", "AMENAZA": "( )", "FX2": " ", "LATITUD": 5.0135950000000662, "LONGITUD": -72.678748 }, "geometry": { "type": "Point", "coordinates": [ -72.678748, 5.013595, 0.0 ] } },
{ "type": "Feature", "properties": { "DEPTO": "LA GUAJIRA", "MUNICIPIO": "SAN JUAN DEL CESAR", "VEREDA": "ÁREA URBANA", "GASODUCTO": "BALLENA - BARRANCABERMEJA", "TRAMO": "San Juan", "DISTRITO": "6", "PK_PAT": "4860", "TP_EVENTO": "CARCAVAS", "PRIORIDAD": " ", "AMENAZA": "( )", "FX2": " ", "LATITUD": 10.760466, "LONGITUD": -72.995991 }, "geometry": { "type": "Point", "coordinates": [ -72.995991, 10.760466, 0.0 ] } },
{ "type": "Feature", "properties": { "DEPTO": "SANTANDER", "MUNICIPIO": "JESÚS MARÍA", "VEREDA": "CRISTALES", "GASODUCTO": "BOYACA - SANTANDER", "TRAMO": "Bolivar", "DISTRITO": "5", "PK_PAT": "5125", "TP_EVENTO": "SURCOS", "PRIORIDAD": " ", "AMENAZA": "( )", "FX2": " ", "LATITUD": 5.8637326, "LONGITUD": -73.7874499 }, "geometry": { "type": "Point", "coordinates": [ -73.787449899999956, 5.863732600000048, 0.0 ] } },
{ "type": "Feature", "properties": { "DEPTO": "TOLIMA", "MUNICIPIO": "LÉRIDA", "VEREDA": "ALTO DEL SOL", "GASODUCTO": "CENTRO - ORIENTE", "TRAMO": "Libano", "DISTRITO": "2", "PK_PAT": "5370", "TP_EVENTO": "SURCOS", "PRIORIDAD": " ", "AMENAZA": "( )", "FX2": " ", "LATITUD": 4.8451930000000516, "LONGITUD": -74.959194 }, "geometry": { "type": "Point", "coordinates": [ -74.959194, 4.845193, 0.0 ] } },
{ "type": "Feature", "properties": { "DEPTO": "CASANARE", "MUNICIPIO": "SABANALARGA", "VEREDA": "NUEVA ZELANDIA", "GASODUCTO": "CUSIANA - APIAY - USME", "TRAMO": "Villanueva", "DISTRITO": "4", "PK_PAT": "5612", "TP_EVENTO": "SOCAVACIÓN LATERAL", "PRIORIDAD": " ", "AMENAZA": "( )", "FX2": " ", "LATITUD": 4.669203, "LONGITUD": -72.988875 }, "geometry": { "type": "Point", "coordinates": [ -72.988875, 4.669203, 0.0 ] } },
{ "type": "Feature", "properties": { "DEPTO": "CESAR", "MUNICIPIO": "LA JAGUA DE IBIRICO", "VEREDA": "MECHOACAN", "GASODUCTO": "BALLENA - BARRANCABERMEJA", "TRAMO": "La Palmita", "DISTRITO": "6", "PK_PAT": "5640", "TP_EVENTO": "SURCOS", "PRIORIDAD": " ", "AMENAZA": "( )", "FX2": " ", "LATITUD": 9.500971, "LONGITUD": -73.413862 }, "geometry": { "type": "Point", "coordinates": [ -73.413862, 9.500971, 0.0 ] } },
{ "type": "Feature", "properties": { "DEPTO": "BOYACÁ", "MUNICIPIO": "MONIQUIRÁ", "VEREDA": "NOVILLERO", "GASODUCTO": "BOYACA - SANTANDER", "TRAMO": "Togui", "DISTRITO": "5", "PK_PAT": "5930", "TP_EVENTO": "SURCOS", "PRIORIDAD": " ", "AMENAZA": "( )", "FX2": " ", "LATITUD": 5.8971500000000674, "LONGITUD": -73.5716 }, "geometry": { "type": "Point", "coordinates": [ -73.5716, 5.89715, 0.0 ] } },
{ "type": "Feature", "properties": { "DEPTO": "CASANARE", "MUNICIPIO": "SABANALARGA", "VEREDA": "NUEVA ZELANDIA", "GASODUCTO": "CUSIANA - APIAY - USME", "TRAMO": "Villanueva", "DISTRITO": "4", "PK_PAT": "6072", "TP_EVENTO": "SOCAVACIÓN LATERAL", "PRIORIDAD": " ", "AMENAZA": "( )", "FX2": " ", "LATITUD": 4.6654754580000599, "LONGITUD": -72.987000061999936 }, "geometry": { "type": "Point", "coordinates": [ -72.987000061999936, 4.66547545800006, 0.0 ] } },
{ "type": "Feature", "properties": { "DEPTO": "BOYACÁ", "MUNICIPIO": "MONIQUIRÁ", "VEREDA": "NOVILLERO", "GASODUCTO": "BOYACA - SANTANDER", "TRAMO": "Togui", "DISTRITO": "5", "PK_PAT": "6141", "TP_EVENTO": "SOCAVACIÓN DE FONDO", "PRIORIDAD": " ", "AMENAZA": "( )", "FX2": " ", "LATITUD": 5.89712, "LONGITUD": -73.56995 }, "geometry": { "type": "Point", "coordinates": [ -73.56995, 5.89712, 0.0 ] } },
{ "type": "Feature", "properties": { "DEPTO": "CASANARE", "MUNICIPIO": "SABANALARGA", "VEREDA": "CAÑO BLANCO", "GASODUCTO": "CUSIANA - PORVENIR", "TRAMO": "Cusiana - Miraflores", "DISTRITO": "5", "PK_PAT": "6286", "TP_EVENTO": "SOCAVACIÓN DE FONDO", "PRIORIDAD": " ", "AMENAZA": "( )", "FX2": " ", "LATITUD": 4.9303150000000642, "LONGITUD": -72.983804 }, "geometry": { "type": "Point", "coordinates": [ -72.983804, 4.930315, 0.0 ] } },
{ "type": "Feature", "properties": { "DEPTO": "BOYACÁ", "MUNICIPIO": "MONIQUIRÁ", "VEREDA": "NEVAL Y CRUCES", "GASODUCTO": "BOYACA - SANTANDER", "TRAMO": "Togui", "DISTRITO": "5", "PK_PAT": "6447", "TP_EVENTO": "SOCAVACIÓN DE FONDO", "PRIORIDAD": " ", "AMENAZA": "( )", "FX2": " ", "LATITUD": 5.8949267, "LONGITUD": -73.5693166 }, "geometry": { "type": "Point", "coordinates": [ -73.569316599999979, 5.894926700000042, 0.0 ] } },
{ "type": "Feature", "properties": { "DEPTO": "RISARALDA", "MUNICIPIO": "BALBOA", "VEREDA": "LA CANCHA ALTA", "GASODUCTO": "MARIQUITA - CALI", "TRAMO": "La Celia", "DISTRITO": "7", "PK_PAT": "6750", "TP_EVENTO": "DESLIZAMIENTO TRASLACIONAL", "PRIORIDAD": " ", "AMENAZA": "( )", "FX2": " ", "LATITUD": 4.9206316600000264, "LONGITUD": -75.9528613 }, "geometry": { "type": "Point", "coordinates": [ -75.952861299999938, 4.920631660000026, 0.0 ] } },
{ "type": "Feature", "properties": { "DEPTO": "CASANARE", "MUNICIPIO": "AGUAZUL", "VEREDA": "TURUA", "GASODUCTO": "CUSIANA - APIAY - USME", "TRAMO": "Aguazul", "DISTRITO": "4", "PK_PAT": "6800", "TP_EVENTO": "SOCAVACIÓN DE FONDO", "PRIORIDAD": " ", "AMENAZA": "( )", "FX2": " ", "LATITUD": 5.0202597220000484, "LONGITUD": -72.661719721999987 }, "geometry": { "type": "Point", "coordinates": [ -72.661719721999987, 5.020259722000048, 0.0 ] } },
{ "type": "Feature", "properties": { "DEPTO": "LA GUAJIRA", "MUNICIPIO": "EL MOLINO", "VEREDA": "ILUSIONES", "GASODUCTO": "BALLENA - BARRANCABERMEJA", "TRAMO": "El Molino", "DISTRITO": "6", "PK_PAT": "6825", "TP_EVENTO": "SURCOS", "PRIORIDAD": " ", "AMENAZA": "( )", "FX2": " ", "LATITUD": 10.6591367, "LONGITUD": -72.9370883 }, "geometry": { "type": "Point", "coordinates": [ -72.937088299999971, 10.659136700000033, 0.0 ] } },
{ "type": "Feature", "properties": { "DEPTO": "TOLIMA", "MUNICIPIO": "SAN SEBASTIÁN DE MARIQUITA", "VEREDA": "SAN ANDRÉS", "GASODUCTO": "MARIQUITA - CALI", "TRAMO": "Mariquita - Letras", "DISTRITO": "7", "PK_PAT": "7226", "TP_EVENTO": "SOCAVACIÓN LATERAL", "PRIORIDAD": " ", "AMENAZA": "( )", "FX2": " ", "LATITUD": 5.2192460000000551, "LONGITUD": -74.947316 }, "geometry": { "type": "Point", "coordinates": [ -74.947316, 5.219246, 0.0 ] } },
{ "type": "Feature", "properties": { "DEPTO": "RISARALDA", "MUNICIPIO": "BALBOA", "VEREDA": "SAN ANTONIO", "GASODUCTO": "MARIQUITA - CALI", "TRAMO": "La Celia", "DISTRITO": "7", "PK_PAT": "7450", "TP_EVENTO": "SURCOS", "PRIORIDAD": " ", "AMENAZA": "( )", "FX2": " ", "LATITUD": 4.923759000000075, "LONGITUD": -75.956765 }, "geometry": { "type": "Point", "coordinates": [ -75.956765, 4.923759, 0.0 ] } },
{ "type": "Feature", "properties": { "DEPTO": "CASANARE", "MUNICIPIO": "AGUAZUL", "VEREDA": "TURUA", "GASODUCTO": "CUSIANA - APIAY - USME", "TRAMO": "Aguazul", "DISTRITO": "4", "PK_PAT": "7490", "TP_EVENTO": "SURCOS", "PRIORIDAD": " ", "AMENAZA": "( )", "FX2": " ", "LATITUD": 5.0230313890000389, "LONGITUD": -72.655984721999971 }, "geometry": { "type": "Point", "coordinates": [ -72.655984721999971, 5.023031389000039, 0.0 ] } },
{ "type": "Feature", "properties": { "DEPTO": "CASANARE", "MUNICIPIO": "TAURAMENA", "VEREDA": "AGUABLANCA", "GASODUCTO": "CUSIANA - APIAY - USME", "TRAMO": "Cusiana - PK65", "DISTRITO": "4", "PK_PAT": "8744", "TP_EVENTO": "SOCAVACIÓN LATERAL", "PRIORIDAD": " ", "AMENAZA": "( )", "FX2": " ", "LATITUD": 4.9623720000000731, "LONGITUD": -72.758611 }, "geometry": { "type": "Point", "coordinates": [ -72.758611, 4.962372, 0.0 ] } },
{ "type": "Feature", "properties": { "DEPTO": "TOLIMA", "MUNICIPIO": "FRESNO", "VEREDA": "SAN BERNARDO", "GASODUCTO": "MARIQUITA - CALI", "TRAMO": "Manzanares", "DISTRITO": "7", "PK_PAT": "8834", "TP_EVENTO": "SOCAVACIÓN LATERAL", "PRIORIDAD": " ", "AMENAZA": "( )", "FX2": " ", "LATITUD": 5.23243, "LONGITUD": -75.0794417 }, "geometry": { "type": "Point", "coordinates": [ -75.079441699999961, 5.23243, 0.0 ] } },
{ "type": "Feature", "properties": { "DEPTO": "SANTANDER", "MUNICIPIO": "JESÚS MARÍA", "VEREDA": "SANTA ROSA BUENOS AIRES", "GASODUCTO": "BOYACA - SANTANDER", "TRAMO": "Bolivar", "DISTRITO": "5", "PK_PAT": "9530", "TP_EVENTO": "SOCAVACIÓN LATERAL", "PRIORIDAD": " ", "AMENAZA": "( )", "FX2": " ", "LATITUD": 5.8989, "LONGITUD": -73.78384 }, "geometry": { "type": "Point", "coordinates": [ -73.78384, 5.8989, 0.0 ] } },
{ "type": "Feature", "properties": { "DEPTO": "BOYACÁ", "MUNICIPIO": "MONIQUIRÁ", "VEREDA": "TIERRA DE CASTRO", "GASODUCTO": "BOYACA - SANTANDER", "TRAMO": "Togui", "DISTRITO": "5", "PK_PAT": "11240", "TP_EVENTO": "DESLIZAMIENTO TRASLACIONAL", "PRIORIDAD": " ", "AMENAZA": "( )", "FX2": " ", "LATITUD": 5.9035250000000588, "LONGITUD": -73.5426285 }, "geometry": { "type": "Point", "coordinates": [ -73.542628499999978, 5.903525, 0.0 ] } },
{ "type": "Feature", "properties": { "DEPTO": "CASANARE", "MUNICIPIO": "TAURAMENA", "VEREDA": "PALMAR", "GASODUCTO": "PORVENIR - LA BELLEZA", "TRAMO": "Cusiana - Miraflores", "DISTRITO": "4", "PK_PAT": "11720", "TP_EVENTO": "CARCAVAS", "PRIORIDAD": " ", "AMENAZA": "( )", "FX2": " ", "LATITUD": 4.9525863890000323, "LONGITUD": -72.770979719999957 }, "geometry": { "type": "Point", "coordinates": [ -72.770979719999957, 4.952586389000032, 0.0 ] } },
{ "type": "Feature", "properties": { "DEPTO": "CASANARE", "MUNICIPIO": "AGUAZUL", "VEREDA": "TURUA", "GASODUCTO": "CUSIANA - APIAY - USME", "TRAMO": "Aguazul", "DISTRITO": "4", "PK_PAT": "11820", "TP_EVENTO": "SOCAVACIÓN LATERAL", "PRIORIDAD": " ", "AMENAZA": "( )", "FX2": " ", "LATITUD": 5.04977, "LONGITUD": -72.63237 }, "geometry": { "type": "Point", "coordinates": [ -72.63237, 5.04977, 0.0 ] } },
{ "type": "Feature", "properties": { "DEPTO": "CASANARE", "MUNICIPIO": "TAURAMENA", "VEREDA": "GUICHIRE", "GASODUCTO": "CUSIANA - PORVENIR", "TRAMO": "Cusiana - Miraflores", "DISTRITO": "4", "PK_PAT": "12890", "TP_EVENTO": "DESLIZAMIENTO TRASLACIONAL", "PRIORIDAD": " ", "AMENAZA": "( )", "FX2": " ", "LATITUD": 4.94026, "LONGITUD": -72.78417 }, "geometry": { "type": "Point", "coordinates": [ -72.78417, 4.94026, 0.0 ] } },
{ "type": "Feature", "properties": { "DEPTO": "CASANARE", "MUNICIPIO": "SABANALARGA", "VEREDA": "PALMICHAL", "GASODUCTO": "CUSIANA - PORVENIR", "TRAMO": "Cusiana - Miraflores", "DISTRITO": "5", "PK_PAT": "13850", "TP_EVENTO": "SOCAVACIÓN LATERAL", "PRIORIDAD": " ", "AMENAZA": "( )", "FX2": " ", "LATITUD": 4.988051, "LONGITUD": -73.000116 }, "geometry": { "type": "Point", "coordinates": [ -73.000116, 4.988051, 0.0 ] } },
{ "type": "Feature", "properties": { "DEPTO": "RISARALDA", "MUNICIPIO": "BALBOA", "VEREDA": "LA BODEGA", "GASODUCTO": "MARIQUITA - CALI", "TRAMO": "La Virginia", "DISTRITO": "7", "PK_PAT": "13881", "TP_EVENTO": "SOCAVACIÓN LATERAL", "PRIORIDAD": " ", "AMENAZA": "( )", "FX2": " ", "LATITUD": 4.8836913890000346, "LONGITUD": -75.914171669999973 }, "geometry": { "type": "Point", "coordinates": [ -75.914171669999973, 4.883691389000035, 0.0 ] } },
{ "type": "Feature", "properties": { "DEPTO": "META", "MUNICIPIO": "VILLAVICENCIO", "VEREDA": "LA LLANERITA", "GASODUCTO": "CUSIANA - APIAY - USME", "TRAMO": "Apiay - Villavicencio", "DISTRITO": "4", "PK_PAT": "13887", "TP_EVENTO": "SOCAVACIÓN DE FONDO", "PRIORIDAD": " ", "AMENAZA": "( )", "FX2": " ", "LATITUD": 4.0913, "LONGITUD": -73.5012 }, "geometry": { "type": "Point", "coordinates": [ -73.5012, 4.0913, 0.0 ] } },
{ "type": "Feature", "properties": { "DEPTO": "CASANARE", "MUNICIPIO": "AGUAZUL", "VEREDA": "RIO CHIQUITO", "GASODUCTO": "CUSIANA - APIAY - USME", "TRAMO": "Aguazul", "DISTRITO": "4", "PK_PAT": "14470", "TP_EVENTO": "SOCAVACIÓN LATERAL", "PRIORIDAD": " ", "AMENAZA": "( )", "FX2": " ", "LATITUD": 5.0688487, "LONGITUD": -72.6233082 }, "geometry": { "type": "Point", "coordinates": [ -72.62330819999994, 5.068848700000046, 0.0 ] } },
{ "type": "Feature", "properties": { "DEPTO": "BOYACÁ", "MUNICIPIO": "SABOYÁ", "VEREDA": "ESCOBAL", "GASODUCTO": "CENTRO - ORIENTE", "TRAMO": "Puente Guillermo - Sucre Oriental", "DISTRITO": "3", "PK_PAT": "14759", "TP_EVENTO": "SURCOS", "PRIORIDAD": " ", "AMENAZA": "( )", "FX2": "20210908_INF INSP TEC_C03_COR_PTE GUI-SUCREO_PK014+759_VA", "LATITUD": 5.72027, "LONGITUD": -73.742822 }, "geometry": { "type": "Point", "coordinates": [ -73.742822, 5.72027, 0.0 ] } },
{ "type": "Feature", "properties": { "DEPTO": "META", "MUNICIPIO": "VILLAVICENCIO", "VEREDA": "LA LLANERITA", "GASODUCTO": "CUSIANA - APIAY - USME", "TRAMO": "Apiay - Villavicencio", "DISTRITO": "4", "PK_PAT": "15031", "TP_EVENTO": "SOCAVACIÓN DE FONDO", "PRIORIDAD": " ", "AMENAZA": "( )", "FX2": " ", "LATITUD": 4.0892000000000621, "LONGITUD": -73.5091 }, "geometry": { "type": "Point", "coordinates": [ -73.5091, 4.0892, 0.0 ] } },
{ "type": "Feature", "properties": { "DEPTO": "BOYACÁ", "MUNICIPIO": "SANTA ROSA DE VITERBO", "VEREDA": "EGIPTO", "GASODUCTO": "BOYACA - SANTANDER", "TRAMO": "Belen", "DISTRITO": "5", "PK_PAT": "15430", "TP_EVENTO": "SURCOS", "PRIORIDAD": " ", "AMENAZA": "( )", "FX2": " ", "LATITUD": 5.8745870000000764, "LONGITUD": -72.963075 }, "geometry": { "type": "Point", "coordinates": [ -72.963075, 5.874587, 0.0 ] } },
{ "type": "Feature", "properties": { "DEPTO": "HUILA", "MUNICIPIO": "AIPE", "VEREDA": "LA MANGA", "GASODUCTO": "CENTRO - ORIENTE", "TRAMO": "Guasimal - Dina", "DISTRITO": "2", "PK_PAT": "547213", "TP_EVENTO": "CARCAVAS", "PRIORIDAD": " ", "AMENAZA": "( )", "FX2": " ", "LATITUD": 3.2232960000000617, "LONGITUD": -75.255612 }, "geometry": { "type": "Point", "coordinates": [ -75.255612, 3.223296, 0.0 ] } },
{ "type": "Feature", "properties": { "DEPTO": "BOYACÁ", "MUNICIPIO": "SANTA ROSA DE VITERBO", "VEREDA": "EGIPTO", "GASODUCTO": "BOYACA - SANTANDER", "TRAMO": "Belen", "DISTRITO": "5", "PK_PAT": "16920", "TP_EVENTO": "SURCOS", "PRIORIDAD": " ", "AMENAZA": "( )", "FX2": " ", "LATITUD": 5.8852000000000544, "LONGITUD": -72.9576 }, "geometry": { "type": "Point", "coordinates": [ -72.9576, 5.8852, 0.0 ] } },
{ "type": "Feature", "properties": { "DEPTO": "META", "MUNICIPIO": "VILLAVICENCIO", "VEREDA": "LA LLANERITA", "GASODUCTO": "CUSIANA - APIAY - USME", "TRAMO": "Apiay - Villavicencio", "DISTRITO": "4", "PK_PAT": "17343", "TP_EVENTO": "SOCAVACIÓN DE FONDO", "PRIORIDAD": " ", "AMENAZA": "( )", "FX2": " ", "LATITUD": 4.0857805560000315, "LONGITUD": -73.531147779999969 }, "geometry": { "type": "Point", "coordinates": [ -73.531147779999969, 4.085780556000032, 0.0 ] } },
{ "type": "Feature", "properties": { "DEPTO": "TOLIMA", "MUNICIPIO": "GUAMO", "VEREDA": "CERRO GORDO", "GASODUCTO": "CENTRO - ORIENTE", "TRAMO": "Montañuelo - Gualanday", "DISTRITO": "2", "PK_PAT": "17650", "TP_EVENTO": "SURCOS", "PRIORIDAD": " ", "AMENAZA": "( )", "FX2": " ", "LATITUD": 4.154708, "LONGITUD": -75.0575249 }, "geometry": { "type": "Point", "coordinates": [ -75.057524899999976, 4.154708, 0.0 ] } },
{ "type": "Feature", "properties": { "DEPTO": "SANTANDER", "MUNICIPIO": "BARRANCABERMEJA", "VEREDA": "CUATRO BOCAS", "GASODUCTO": "CENTRO - ORIENTE", "TRAMO": "Barrancabermeja - Sebastopol", "DISTRITO": "1", "PK_PAT": "17700", "TP_EVENTO": "SOCAVACIÓN DE FONDO", "PRIORIDAD": " ", "AMENAZA": "( )", "FX2": " ", "LATITUD": 6.9929760000000556, "LONGITUD": -73.824803 }, "geometry": { "type": "Point", "coordinates": [ -73.824803, 6.992976, 0.0 ] } },
{ "type": "Feature", "properties": { "DEPTO": "CASANARE", "MUNICIPIO": "AGUAZUL", "VEREDA": "RIO CHIQUITO", "GASODUCTO": "CUSIANA - APIAY - USME", "TRAMO": "Aguazul", "DISTRITO": "4", "PK_PAT": "18596", "TP_EVENTO": "SOCAVACIÓN DE FONDO", "PRIORIDAD": " ", "AMENAZA": "( )", "FX2": " ", "LATITUD": 5.1014405, "LONGITUD": -72.6068456 }, "geometry": { "type": "Point", "coordinates": [ -72.606845599999986, 5.101440500000024, 0.0 ] } },
{ "type": "Feature", "properties": { "DEPTO": "SANTANDER", "MUNICIPIO": "BARBOSA", "VEREDA": "EL CENTRO", "GASODUCTO": "BOYACA - SANTANDER", "TRAMO": "Otero - Santana", "DISTRITO": "5", "PK_PAT": "23103", "TP_EVENTO": "SOCAVACIÓN DE FONDO", "PRIORIDAD": " ", "AMENAZA": "( )", "FX2": " ", "LATITUD": 5.9525521670000217, "LONGITUD": -73.596994249999966 }, "geometry": { "type": "Point", "coordinates": [ -73.596994249999966, 5.952552167000022, 0.0 ] } },
{ "type": "Feature", "properties": { "DEPTO": "BOYACÁ", "MUNICIPIO": "CERINZA", "VEREDA": "NOVARE", "GASODUCTO": "BOYACA - SANTANDER", "TRAMO": "Belen", "DISTRITO": "5", "PK_PAT": "23982", "TP_EVENTO": "SOCAVACIÓN DE FONDO", "PRIORIDAD": " ", "AMENAZA": "( )", "FX2": " ", "LATITUD": 5.9447451670000646, "LONGITUD": -72.944427169999983 }, "geometry": { "type": "Point", "coordinates": [ -72.944427169999983, 5.944745167000065, 0.0 ] } },
{ "type": "Feature", "properties": { "DEPTO": "CASANARE", "MUNICIPIO": "MONTERREY", "VEREDA": "GARRABAL", "GASODUCTO": "CUSIANA - APIAY - USME", "TRAMO": "Cusiana - PK65", "DISTRITO": "4", "PK_PAT": "25636", "TP_EVENTO": "SOCAVACIÓN DE FONDO", "PRIORIDAD": " ", "AMENAZA": "( )", "FX2": " ", "LATITUD": 4.903, "LONGITUD": -72.884 }, "geometry": { "type": "Point", "coordinates": [ -72.884, 4.903, 0.0 ] } },
{ "type": "Feature", "properties": { "DEPTO": "META", "MUNICIPIO": "VILLAVICENCIO", "VEREDA": "BARCELONA", "GASODUCTO": "CUSIANA - APIAY - USME", "TRAMO": "Apiay - Termocoa", "DISTRITO": "4", "PK_PAT": "25720", "TP_EVENTO": "SOCAVACIÓN DE FONDO", "PRIORIDAD": " ", "AMENAZA": "( )", "FX2": " ", "LATITUD": 4.0897000000000503, "LONGITUD": -73.6036 }, "geometry": { "type": "Point", "coordinates": [ -73.6036, 4.0897, 0.0 ] } },
{ "type": "Feature", "properties": { "DEPTO": "SANTANDER", "MUNICIPIO": "BARRANCABERMEJA", "VEREDA": "TENERIFE", "GASODUCTO": "CENTRO - ORIENTE", "TRAMO": "Barrancabermeja - Sebastopol", "DISTRITO": "1", "PK_PAT": "26294", "TP_EVENTO": "SOCAVACIÓN DE FONDO", "PRIORIDAD": " ", "AMENAZA": "( )", "FX2": " ", "LATITUD": 6.919584, "LONGITUD": -73.841912 }, "geometry": { "type": "Point", "coordinates": [ -73.841912, 6.919584, 0.0 ] } },
{ "type": "Feature", "properties": { "DEPTO": "SANTANDER", "MUNICIPIO": "BARRANCABERMEJA", "VEREDA": "TENERIFE", "GASODUCTO": "CENTRO - ORIENTE", "TRAMO": "Barrancabermeja - Sebastopol", "DISTRITO": "1", "PK_PAT": "26560", "TP_EVENTO": "SOCAVACIÓN DE FONDO", "PRIORIDAD": " ", "AMENAZA": "( )", "FX2": " ", "LATITUD": 6.917605, "LONGITUD": -73.84316 }, "geometry": { "type": "Point", "coordinates": [ -73.84316, 6.917605, 0.0 ] } },
{ "type": "Feature", "properties": { "DEPTO": "BOYACÁ", "MUNICIPIO": "TIBASOSA", "VEREDA": "PATROCINIO", "GASODUCTO": "BOYACA - SANTANDER", "TRAMO": "Teatinos - Belencito", "DISTRITO": "5", "PK_PAT": "80000", "TP_EVENTO": "OTRO", "PRIORIDAD": " ", "AMENAZA": "( )", "FX2": " ", "LATITUD": 5.7448190000000636, "LONGITUD": -72.944707 }, "geometry": { "type": "Point", "coordinates": [ -72.944707, 5.744819, 0.0 ] } },
{ "type": "Feature", "properties": { "DEPTO": "QUINDIO", "MUNICIPIO": "LA TEBAIDA", "VEREDA": "ALAMBRADO", "GASODUCTO": "MARIQUITA - CALI", "TRAMO": "Loop - Ramal Armenia", "DISTRITO": "7", "PK_PAT": "26600", "TP_EVENTO": "DESLIZAMIENTO TRASLACIONAL", "PRIORIDAD": " ", "AMENAZA": "( )", "FX2": " ", "LATITUD": 4.438850000000059, "LONGITUD": -75.8685 }, "geometry": { "type": "Point", "coordinates": [ -75.8685, 4.43885, 0.0 ] } },
{ "type": "Feature", "properties": { "DEPTO": "BOYACÁ", "MUNICIPIO": "BRICEÑO", "VEREDA": "PALO BLANCO", "GASODUCTO": "CENTRO - ORIENTE", "TRAMO": "PK17+500 - Sucre Oriental", "DISTRITO": "3", "PK_PAT": "26707", "TP_EVENTO": "SURCOS", "PRIORIDAD": " ", "AMENAZA": "( )", "FX2": " ", "LATITUD": 5.6563185000001, "LONGITUD": -73.9063834 }, "geometry": { "type": "Point", "coordinates": [ -73.906383399999982, 5.656318500000054, 0.0 ] } },
{ "type": "Feature", "properties": { "DEPTO": "BOYACÁ", "MUNICIPIO": "BELÉN", "VEREDA": "DONACION", "GASODUCTO": "BOYACA - SANTANDER", "TRAMO": "Belen", "DISTRITO": "5", "PK_PAT": "27569", "TP_EVENTO": "SOCAVACIÓN DE FONDO", "PRIORIDAD": " ", "AMENAZA": "( )", "FX2": " ", "LATITUD": 5.971815, "LONGITUD": -72.927821 }, "geometry": { "type": "Point", "coordinates": [ -72.927821, 5.971815, 0.0 ] } },
{ "type": "Feature", "properties": { "DEPTO": "CASANARE", "MUNICIPIO": "AGUAZUL", "VEREDA": "EL SALITRE", "GASODUCTO": "CUSIANA - APIAY - USME", "TRAMO": "Aguazul", "DISTRITO": "4", "PK_PAT": "27625", "TP_EVENTO": "SOCAVACIÓN LATERAL", "PRIORIDAD": " ", "AMENAZA": "( )", "FX2": " ", "LATITUD": 5.1682011, "LONGITUD": -72.5690212 }, "geometry": { "type": "Point", "coordinates": [ -72.569021199999952, 5.168201100000033, 0.0 ] } },
{ "type": "Feature", "properties": { "DEPTO": "CASANARE", "MUNICIPIO": "AGUAZUL", "VEREDA": "EL SALITRE", "GASODUCTO": "CUSIANA - APIAY - USME", "TRAMO": "Aguazul", "DISTRITO": "4", "PK_PAT": "27945", "TP_EVENTO": "SOCAVACIÓN LATERAL", "PRIORIDAD": " ", "AMENAZA": "( )", "FX2": " ", "LATITUD": 5.171045, "LONGITUD": -72.56825 }, "geometry": { "type": "Point", "coordinates": [ -72.56825, 5.171045, 0.0 ] } },
{ "type": "Feature", "properties": { "DEPTO": "BOYACÁ", "MUNICIPIO": "BRICEÑO", "VEREDA": "EL DIAMANTE", "GASODUCTO": "CENTRO - ORIENTE", "TRAMO": "PK17+500 - Sucre Oriental", "DISTRITO": "3", "PK_PAT": "28175", "TP_EVENTO": "DESLIZAMIENTO TRASLACIONAL", "PRIORIDAD": " ", "AMENAZA": "( )", "FX2": " ", "LATITUD": 5.6467000000000667, "LONGITUD": -73.89828 }, "geometry": { "type": "Point", "coordinates": [ -73.89828, 5.6467, 0.0 ] } },
{ "type": "Feature", "properties": { "DEPTO": "CASANARE", "MUNICIPIO": "AGUAZUL", "VEREDA": "EL SALITRE", "GASODUCTO": "CUSIANA - APIAY - USME", "TRAMO": "Aguazul", "DISTRITO": "4", "PK_PAT": "28725", "TP_EVENTO": "OTRO", "PRIORIDAD": " ", "AMENAZA": "( )", "FX2": " ", "LATITUD": 5.1776433000001, "LONGITUD": -72.567103 }, "geometry": { "type": "Point", "coordinates": [ -72.567103, 5.177643300000057, 0.0 ] } },
{ "type": "Feature", "properties": { "DEPTO": "META", "MUNICIPIO": "VILLAVICENCIO", "VEREDA": "ÁREA URBANA", "GASODUCTO": "CUSIANA - APIAY - USME", "TRAMO": "Apiay - Villavicencio", "DISTRITO": "4", "PK_PAT": "29217", "TP_EVENTO": "SOCAVACIÓN DE FONDO", "PRIORIDAD": " ", "AMENAZA": "( )", "FX2": " ", "LATITUD": 4.1022, "LONGITUD": -73.6281 }, "geometry": { "type": "Point", "coordinates": [ -73.6281, 4.1022, 0.0 ] } },
{ "type": "Feature", "properties": { "DEPTO": "CASANARE", "MUNICIPIO": "MONTERREY", "VEREDA": "TIERRA GRATA", "GASODUCTO": "CUSIANA - APIAY - USME", "TRAMO": "Cusiana - PK65", "DISTRITO": "4", "PK_PAT": "30060", "TP_EVENTO": "CARCAVAS", "PRIORIDAD": " ", "AMENAZA": "( )", "FX2": " ", "LATITUD": 4.879015, "LONGITUD": -72.909611 }, "geometry": { "type": "Point", "coordinates": [ -72.909611, 4.879015, 0.0 ] } },
{ "type": "Feature", "properties": { "DEPTO": "CASANARE", "MUNICIPIO": "MONTERREY", "VEREDA": "PORVENIR", "GASODUCTO": "CUSIANA - PORVENIR", "TRAMO": "Cusiana - Miraflores", "DISTRITO": "4", "PK_PAT": "31900", "TP_EVENTO": "SURCOS", "PRIORIDAD": " ", "AMENAZA": "( )", "FX2": " ", "LATITUD": 4.9255660000000603, "LONGITUD": -72.926626 }, "geometry": { "type": "Point", "coordinates": [ -72.926626, 4.925566, 0.0 ] } },
{ "type": "Feature", "properties": { "DEPTO": "SANTANDER", "MUNICIPIO": "GÜEPSA", "VEREDA": "CENTRO", "GASODUCTO": "BOYACA - SANTANDER", "TRAMO": "Otero - Santana", "DISTRITO": "5", "PK_PAT": "34475", "TP_EVENTO": "DESLIZAMIENTO TRASLACIONAL", "PRIORIDAD": " ", "AMENAZA": "( )", "FX2": " ", "LATITUD": 6.0294940000000565, "LONGITUD": -73.562398 }, "geometry": { "type": "Point", "coordinates": [ -73.562398, 6.029494, 0.0 ] } },
{ "type": "Feature", "properties": { "DEPTO": "SANTANDER", "MUNICIPIO": "GÜEPSA", "VEREDA": "CENTRO", "GASODUCTO": "BOYACA - SANTANDER", "TRAMO": "Otero - Santana", "DISTRITO": "5", "PK_PAT": "35050", "TP_EVENTO": "SURCOS", "PRIORIDAD": " ", "AMENAZA": "( )", "FX2": " ", "LATITUD": 6.0327, "LONGITUD": -73.5598 }, "geometry": { "type": "Point", "coordinates": [ -73.5598, 6.0327, 0.0 ] } },
{ "type": "Feature", "properties": { "DEPTO": "SANTANDER", "MUNICIPIO": "SIMACOTA", "VEREDA": "VIZCAINA BAJA", "GASODUCTO": "CENTRO - ORIENTE", "TRAMO": "Barrancabermeja - Sebastopol", "DISTRITO": "1", "PK_PAT": "38460", "TP_EVENTO": "SURCOS", "PRIORIDAD": " ", "AMENAZA": "( )", "FX2": " ", "LATITUD": 6.8307530000000725, "LONGITUD": -73.895407 }, "geometry": { "type": "Point", "coordinates": [ -73.895407, 6.830753, 0.0 ] } },
{ "type": "Feature", "properties": { "DEPTO": "SANTANDER", "MUNICIPIO": "SIMACOTA", "VEREDA": "VIZCAINA ALTA", "GASODUCTO": "CENTRO - ORIENTE", "TRAMO": "Barrancabermeja - Sebastopol", "DISTRITO": "1", "PK_PAT": "39085", "TP_EVENTO": "SURCOS", "PRIORIDAD": " ", "AMENAZA": "( )", "FX2": " ", "LATITUD": 6.826629, "LONGITUD": -73.899067 }, "geometry": { "type": "Point", "coordinates": [ -73.899067, 6.826629, 0.0 ] } },
{ "type": "Feature", "properties": { "DEPTO": "BOYACÁ", "MUNICIPIO": "SAN JOSÉ DE PARE", "VEREDA": "BALSA Y RESGUARDO", "GASODUCTO": "BOYACA - SANTANDER", "TRAMO": "Otero - Santana", "DISTRITO": "5", "PK_PAT": "39140", "TP_EVENTO": "SURCOS", "PRIORIDAD": " ", "AMENAZA": "( )", "FX2": " ", "LATITUD": 6.0345, "LONGITUD": -73.535 }, "geometry": { "type": "Point", "coordinates": [ -73.535, 6.0345, 0.0 ] } },
{ "type": "Feature", "properties": { "DEPTO": "BOYACÁ", "MUNICIPIO": "SAN JOSÉ DE PARE", "VEREDA": "BALSA Y RESGUARDO", "GASODUCTO": "BOYACA - SANTANDER", "TRAMO": "Otero - Santana", "DISTRITO": "5", "PK_PAT": "39243", "TP_EVENTO": "OTRO", "PRIORIDAD": " ", "AMENAZA": "( )", "FX2": " ", "LATITUD": 6.0348597200000427, "LONGITUD": -73.534101379999981 }, "geometry": { "type": "Point", "coordinates": [ -73.534101379999981, 6.034859720000043, 0.0 ] } },
{ "type": "Feature", "properties": { "DEPTO": "SANTANDER", "MUNICIPIO": "SIMACOTA", "VEREDA": "VIZCAINA ALTA", "GASODUCTO": "CENTRO - ORIENTE", "TRAMO": "Barrancabermeja - Sebastopol", "DISTRITO": "1", "PK_PAT": "39518", "TP_EVENTO": "SURCOS", "PRIORIDAD": " ", "AMENAZA": "( )", "FX2": " ", "LATITUD": 6.8236630000000673, "LONGITUD": -73.901669 }, "geometry": { "type": "Point", "coordinates": [ -73.901669, 6.823663, 0.0 ] } },
{ "type": "Feature", "properties": { "DEPTO": "TOLIMA", "MUNICIPIO": "HERVEO", "VEREDA": "PADUA", "GASODUCTO": "MARIQUITA - CALI", "TRAMO": "Mariquita - Letras", "DISTRITO": "7", "PK_PAT": "40000", "TP_EVENTO": "DESLIZAMIENTO TRASLACIONAL", "PRIORIDAD": " ", "AMENAZA": "( )", "FX2": " ", "LATITUD": 5.1356717, "LONGITUD": -75.161855 }, "geometry": { "type": "Point", "coordinates": [ -75.161855, 5.135671700000046, 0.0 ] } },
{ "type": "Feature", "properties": { "DEPTO": "BOYACÁ", "MUNICIPIO": "VENTAQUEMADA", "VEREDA": "PUENTE POYACA", "GASODUCTO": "PORVENIR - LA BELLEZA", "TRAMO": "Miraflores - Sutamarchan", "DISTRITO": "5", "PK_PAT": "133649", "TP_EVENTO": "OTRO", "PRIORIDAD": "Bajo", "AMENAZA": "(Bajo)", "FX2": " ", "LATITUD": 5.4443450000000553, "LONGITUD": -73.433653 }, "geometry": { "type": "Point", "coordinates": [ -73.433653, 5.444345, 0.0 ] } },
{ "type": "Feature", "properties": { "DEPTO": "CASANARE", "MUNICIPIO": "SABANALARGA", "VEREDA": "BOTIJERA ALTA", "GASODUCTO": "CUSIANA - APIAY - USME", "TRAMO": "Cusiana - PK65", "DISTRITO": "4", "PK_PAT": "43020", "TP_EVENTO": "SOCAVACIÓN DE FONDO", "PRIORIDAD": " ", "AMENAZA": "( )", "FX2": " ", "LATITUD": 4.7921463890000382, "LONGITUD": -72.983783332999963 }, "geometry": { "type": "Point", "coordinates": [ -72.983783332999963, 4.792146389000038, 0.0 ] } },
{ "type": "Feature", "properties": { "DEPTO": "BOYACÁ", "MUNICIPIO": "TUNUNGUÁ", "VEREDA": "VIJAGUAL", "GASODUCTO": "CENTRO - ORIENTE", "TRAMO": "Albania", "DISTRITO": "3", "PK_PAT": "560", "TP_EVENTO": "SURCOS", "PRIORIDAD": " ", "AMENAZA": "( )", "FX2": " ", "LATITUD": 5.7335409, "LONGITUD": -73.9260774 }, "geometry": { "type": "Point", "coordinates": [ -73.92607739999994, 5.733540900000037, 0.0 ] } },
{ "type": "Feature", "properties": { "DEPTO": "CASANARE", "MUNICIPIO": "SABANALARGA", "VEREDA": "BOTIJERA ALTA", "GASODUCTO": "CUSIANA - APIAY - USME", "TRAMO": "Cusiana - PK65", "DISTRITO": "4", "PK_PAT": "45012", "TP_EVENTO": "SOCAVACIÓN DE FONDO", "PRIORIDAD": " ", "AMENAZA": "( )", "FX2": " ", "LATITUD": 4.7790183000001, "LONGITUD": -72.9955883 }, "geometry": { "type": "Point", "coordinates": [ -72.995588299999952, 4.779018300000075, 0.0 ] } },
{ "type": "Feature", "properties": { "DEPTO": "CASANARE", "MUNICIPIO": "SABANALARGA", "VEREDA": "BOTIJERA ALTA", "GASODUCTO": "CUSIANA - APIAY - USME", "TRAMO": "Cusiana - PK65", "DISTRITO": "4", "PK_PAT": "45625", "TP_EVENTO": "SOCAVACIÓN DE FONDO", "PRIORIDAD": " ", "AMENAZA": "( )", "FX2": " ", "LATITUD": 4.774400000000071, "LONGITUD": -72.9983 }, "geometry": { "type": "Point", "coordinates": [ -72.9983, 4.7744, 0.0 ] } },
{ "type": "Feature", "properties": { "DEPTO": "CASANARE", "MUNICIPIO": "SABANALARGA", "VEREDA": "BOTIJERA ALTA", "GASODUCTO": "CUSIANA - APIAY - USME", "TRAMO": "Cusiana - PK65", "DISTRITO": "4", "PK_PAT": "46622", "TP_EVENTO": "SOCAVACIÓN DE FONDO", "PRIORIDAD": " ", "AMENAZA": "( )", "FX2": " ", "LATITUD": 4.7677, "LONGITUD": -73.0032 }, "geometry": { "type": "Point", "coordinates": [ -73.0032, 4.7677, 0.0 ] } },
{ "type": "Feature", "properties": { "DEPTO": "LA GUAJIRA", "MUNICIPIO": "RIOHACHA", "VEREDA": "RESGUARDO INDÍGENA EL SOLDAO PARATE BIEN", "GASODUCTO": "BALLENA - BARRANCABERMEJA", "TRAMO": "Ballenas - Hato Nuevo", "DISTRITO": "6", "PK_PAT": "46600", "TP_EVENTO": "SURCOS", "PRIORIDAD": " ", "AMENAZA": "( )", "FX2": " ", "LATITUD": 11.291741, "LONGITUD": -72.63207 }, "geometry": { "type": "Point", "coordinates": [ -72.63207, 11.291741, 0.0 ] } },
{ "type": "Feature", "properties": { "DEPTO": "BOYACÁ", "MUNICIPIO": "SOTAQUIRÁ", "VEREDA": "SOCONSUCA DE BLANCOS", "GASODUCTO": "BOYACA - SANTANDER", "TRAMO": "Teatinos - Belencito", "DISTRITO": "5", "PK_PAT": "48115", "TP_EVENTO": "SURCOS", "PRIORIDAD": " ", "AMENAZA": "( )", "FX2": " ", "LATITUD": 5.7389000000000578, "LONGITUD": -73.1641 }, "geometry": { "type": "Point", "coordinates": [ -73.1641, 5.7389, 0.0 ] } },
{ "type": "Feature", "properties": { "DEPTO": "BOYACÁ", "MUNICIPIO": "MIRAFLORES", "VEREDA": "ARRAYAN", "GASODUCTO": "CUSIANA - PORVENIR", "TRAMO": "Cusiana - Miraflores", "DISTRITO": "5", "PK_PAT": "49600", "TP_EVENTO": "DESLIZAMIENTO TRASLACIONAL", "PRIORIDAD": " ", "AMENAZA": "( )", "FX2": " ", "LATITUD": 5.1776610000000574, "LONGITUD": -73.1331 }, "geometry": { "type": "Point", "coordinates": [ -73.1331, 5.177661, 0.0 ] } },
{ "type": "Feature", "properties": { "DEPTO": "CASANARE", "MUNICIPIO": "SABANALARGA", "VEREDA": "NUEVA ZELANDIA", "GASODUCTO": "CUSIANA - APIAY - USME", "TRAMO": "Cusiana - PK65", "DISTRITO": "4", "PK_PAT": "50220", "TP_EVENTO": "SOCAVACIÓN DE FONDO", "PRIORIDAD": " ", "AMENAZA": "( )", "FX2": " ", "LATITUD": 4.736794, "LONGITUD": -73.007042 }, "geometry": { "type": "Point", "coordinates": [ -73.007042, 4.736794, 0.0 ] } },
{ "type": "Feature", "properties": { "DEPTO": "TOLIMA", "MUNICIPIO": "HERVEO", "VEREDA": "DELGADITAS", "GASODUCTO": "MARIQUITA - CALI", "TRAMO": "Mariquita - Letras", "DISTRITO": "7", "PK_PAT": "51750", "TP_EVENTO": "REPTACION", "PRIORIDAD": " ", "AMENAZA": "( )", "FX2": " ", "LATITUD": 5.092875, "LONGITUD": -75.234705 }, "geometry": { "type": "Point", "coordinates": [ -75.234705, 5.092875, 0.0 ] } },
{ "type": "Feature", "properties": { "DEPTO": "BOYACÁ", "MUNICIPIO": "SAMACÁ", "VEREDA": "GUANTOQUE", "GASODUCTO": "PORVENIR - LA BELLEZA", "TRAMO": "Miraflores - Sutamarchan", "DISTRITO": "5", "PK_PAT": "136265", "TP_EVENTO": "OTRO", "PRIORIDAD": " ", "AMENAZA": "( )", "FX2": " ", "LATITUD": 5.4690440000000535, "LONGITUD": -73.452556 }, "geometry": { "type": "Point", "coordinates": [ -73.452556, 5.469044, 0.0 ] } },
{ "type": "Feature", "properties": { "DEPTO": "META", "MUNICIPIO": "BARRANCA DE UPÍA", "VEREDA": "CARUTAL", "GASODUCTO": "CUSIANA - APIAY - USME", "TRAMO": "Cusiana - PK65", "DISTRITO": "4", "PK_PAT": "58875", "TP_EVENTO": "SOCAVACIÓN DE FONDO", "PRIORIDAD": " ", "AMENAZA": "( )", "FX2": " ", "LATITUD": 4.6733419, "LONGITUD": -73.0509553 }, "geometry": { "type": "Point", "coordinates": [ -73.050955299999941, 4.673341900000025, 0.0 ] } },
{ "type": "Feature", "properties": { "DEPTO": "SANTANDER", "MUNICIPIO": "PUERTO PARRA", "VEREDA": "PATIO BONITO", "GASODUCTO": "CENTRO - ORIENTE", "TRAMO": "Barrancabermeja - Sebastopol", "DISTRITO": "1", "PK_PAT": "59575", "TP_EVENTO": "SOCAVACIÓN LATERAL", "PRIORIDAD": " ", "AMENAZA": "( )", "FX2": " ", "LATITUD": 6.687057, "LONGITUD": -74.008825 }, "geometry": { "type": "Point", "coordinates": [ -74.008825, 6.687057, 0.0 ] } },
{ "type": "Feature", "properties": { "DEPTO": "LA GUAJIRA", "MUNICIPIO": "ALBANIA", "VEREDA": "ÁREA URBANA", "GASODUCTO": "BALLENA - BARRANCABERMEJA", "TRAMO": "Hato Nuevo - Jagua del Pilar", "DISTRITO": "6", "PK_PAT": "59608", "TP_EVENTO": "SURCOS", "PRIORIDAD": " ", "AMENAZA": "( )", "FX2": " ", "LATITUD": 11.179414, "LONGITUD": -72.598995 }, "geometry": { "type": "Point", "coordinates": [ -72.598995, 11.179414, 0.0 ] } },
{ "type": "Feature", "properties": { "DEPTO": "META", "MUNICIPIO": "BARRANCA DE UPÍA", "VEREDA": "CARUTAL", "GASODUCTO": "CUSIANA - APIAY - USME", "TRAMO": "Cusiana - PK65", "DISTRITO": "4", "PK_PAT": "60900", "TP_EVENTO": "DESLIZAMIENTO TRASLACIONAL", "PRIORIDAD": " ", "AMENAZA": "( )", "FX2": " ", "LATITUD": 4.658394, "LONGITUD": -73.052882 }, "geometry": { "type": "Point", "coordinates": [ -73.052882, 4.658394, 0.0 ] } },
{ "type": "Feature", "properties": { "DEPTO": "META", "MUNICIPIO": "BARRANCA DE UPÍA", "VEREDA": "ALIANZA", "GASODUCTO": "CUSIANA - APIAY - USME", "TRAMO": "Cusiana - PK65", "DISTRITO": "4", "PK_PAT": "61905", "TP_EVENTO": "SOCAVACIÓN LATERAL", "PRIORIDAD": " ", "AMENAZA": "( )", "FX2": " ", "LATITUD": 4.6501099000001, "LONGITUD": -73.0491426 }, "geometry": { "type": "Point", "coordinates": [ -73.049142599999982, 4.650109900000075, 0.0 ] } },
{ "type": "Feature", "properties": { "DEPTO": "SANTANDER", "MUNICIPIO": "PUERTO PARRA", "VEREDA": "PATIO BONITO", "GASODUCTO": "CENTRO - ORIENTE", "TRAMO": "Barrancabermeja - Sebastopol", "DISTRITO": "1", "PK_PAT": "61979", "TP_EVENTO": "SOCAVACIÓN LATERAL", "PRIORIDAD": " ", "AMENAZA": "( )", "FX2": " ", "LATITUD": 6.6749322000001, "LONGITUD": -74.0264706 }, "geometry": { "type": "Point", "coordinates": [ -74.026470599999982, 6.674932200000057, 0.0 ] } },
{ "type": "Feature", "properties": { "DEPTO": "BOYACÁ", "MUNICIPIO": "SÁCHICA", "VEREDA": "ARRAYAN", "GASODUCTO": "PORVENIR - LA BELLEZA", "TRAMO": "Miraflores - Sutamarchan", "DISTRITO": "5", "PK_PAT": "148211", "TP_EVENTO": "SURCOS", "PRIORIDAD": " ", "AMENAZA": "( )", "FX2": " ", "LATITUD": 5.5578180000000543, "LONGITUD": -73.5158 }, "geometry": { "type": "Point", "coordinates": [ -73.5158, 5.557818, 0.0 ] } },
{ "type": "Feature", "properties": { "DEPTO": "TOLIMA", "MUNICIPIO": "HERVEO", "VEREDA": "LETRAS", "GASODUCTO": "MARIQUITA - CALI", "TRAMO": "Mariquita - Letras", "DISTRITO": "7", "PK_PAT": "62160", "TP_EVENTO": "DESLIZAMIENTO TRASLACIONAL", "PRIORIDAD": " ", "AMENAZA": "( )", "FX2": " ", "LATITUD": 5.066530000000057, "LONGITUD": -75.298089 }, "geometry": { "type": "Point", "coordinates": [ -75.298089, 5.06653, 0.0 ] } },
{ "type": "Feature", "properties": { "DEPTO": "BOYACÁ", "MUNICIPIO": "ZETAQUIRA", "VEREDA": "GUANATA", "GASODUCTO": "PORVENIR - LA BELLEZA", "TRAMO": "Miraflores - Sutamarchan", "DISTRITO": "5", "PK_PAT": "62180", "TP_EVENTO": "DESLIZAMIENTO TRASLACIONAL", "PRIORIDAD": " ", "AMENAZA": "( )", "FX2": " ", "LATITUD": 5.223829, "LONGITUD": -73.218628 }, "geometry": { "type": "Point", "coordinates": [ -73.218628, 5.223829, 0.0 ] } },
{ "type": "Feature", "properties": { "DEPTO": "BOYACÁ", "MUNICIPIO": "ZETAQUIRA", "VEREDA": "GUANATA", "GASODUCTO": "PORVENIR - LA BELLEZA", "TRAMO": "Miraflores - Sutamarchan", "DISTRITO": "5", "PK_PAT": "62700", "TP_EVENTO": "SOCAVACIÓN DE FONDO", "PRIORIDAD": " ", "AMENAZA": "( )", "FX2": " ", "LATITUD": 5.227405, "LONGITUD": -73.220995 }, "geometry": { "type": "Point", "coordinates": [ -73.220995, 5.227405, 0.0 ] } },
{ "type": "Feature", "properties": { "DEPTO": "SANTANDER", "MUNICIPIO": "PUERTO PARRA", "VEREDA": "CARRILERA", "GASODUCTO": "CENTRO - ORIENTE", "TRAMO": "Barrancabermeja - Sebastopol", "DISTRITO": "1", "PK_PAT": "63954", "TP_EVENTO": "SOCAVACIÓN LATERAL", "PRIORIDAD": " ", "AMENAZA": "( )", "FX2": " ", "LATITUD": 6.6655206, "LONGITUD": -74.0412112 }, "geometry": { "type": "Point", "coordinates": [ -74.041211199999964, 6.665520600000036, 0.0 ] } },
{ "type": "Feature", "properties": { "DEPTO": "BOYACÁ", "MUNICIPIO": "SÁCHICA", "VEREDA": "ARRAYAN", "GASODUCTO": "PORVENIR - LA BELLEZA", "TRAMO": "Miraflores - Sutamarchan", "DISTRITO": "5", "PK_PAT": "150121", "TP_EVENTO": "OTRO", "PRIORIDAD": "Bajo", "AMENAZA": "(Bajo)", "FX2": " ", "LATITUD": 5.569418, "LONGITUD": -73.526645 }, "geometry": { "type": "Point", "coordinates": [ -73.526645, 5.569418, 0.0 ] } },
{ "type": "Feature", "properties": { "DEPTO": "LA GUAJIRA", "MUNICIPIO": "ALBANIA", "VEREDA": "CABECERA MUNICIPAL DE ALBANIA", "GASODUCTO": "BALLENA - BARRANCABERMEJA", "TRAMO": "Ballenas - Hato Nuevo", "DISTRITO": "6", "PK_PAT": "66860", "TP_EVENTO": "SURCOS", "PRIORIDAD": " ", "AMENAZA": "( )", "FX2": " ", "LATITUD": 11.1491354, "LONGITUD": -72.6537963 }, "geometry": { "type": "Point", "coordinates": [ -72.653796299999954, 11.149135400000034, 0.0 ] } },
{ "type": "Feature", "properties": { "DEPTO": "CUNDINAMARCA", "MUNICIPIO": "QUETAME", "VEREDA": "ESTAQUECA BAJO", "GASODUCTO": "CUSIANA - APIAY - USME", "TRAMO": "Villavicencio - Usme", "DISTRITO": "4", "PK_PAT": "73120", "TP_EVENTO": "SOCAVACIÓN DE FONDO", "PRIORIDAD": " ", "AMENAZA": "( )", "FX2": " ", "LATITUD": 4.2785873, "LONGITUD": -73.8661873 }, "geometry": { "type": "Point", "coordinates": [ -73.866187299999979, 4.278587300000027, 0.0 ] } },
{ "type": "Feature", "properties": { "DEPTO": "BOYACÁ", "MUNICIPIO": "SÁCHICA", "VEREDA": "ARRAYAN", "GASODUCTO": "PORVENIR - LA BELLEZA", "TRAMO": "Miraflores - Sutamarchan", "DISTRITO": "5", "PK_PAT": "152467", "TP_EVENTO": "SOCAVACIÓN DE FONDO", "PRIORIDAD": " ", "AMENAZA": "( )", "FX2": " ", "LATITUD": 5.5878000000000725, "LONGITUD": -73.5359 }, "geometry": { "type": "Point", "coordinates": [ -73.5359, 5.5878, 0.0 ] } },
{ "type": "Feature", "properties": { "DEPTO": "LA GUAJIRA", "MUNICIPIO": "HATONUEVO", "VEREDA": "HATO NUEVO", "GASODUCTO": "BALLENA - BARRANCABERMEJA", "TRAMO": "Ballenas - Hato Nuevo", "DISTRITO": "6", "PK_PAT": "78577", "TP_EVENTO": "SURCOS", "PRIORIDAD": " ", "AMENAZA": "( )", "FX2": " ", "LATITUD": 11.0869956, "LONGITUD": -72.7402686 }, "geometry": { "type": "Point", "coordinates": [ -72.740268599999979, 11.086995600000023, 0.0 ] } },
{ "type": "Feature", "properties": { "DEPTO": "LA GUAJIRA", "MUNICIPIO": "HATONUEVO", "VEREDA": "HATO NUEVO", "GASODUCTO": "BALLENA - BARRANCABERMEJA", "TRAMO": "Hato Nuevo - Jagua del Pilar", "DISTRITO": "6", "PK_PAT": "79230", "TP_EVENTO": "SOCAVACIÓN DE FONDO", "PRIORIDAD": " ", "AMENAZA": "( )", "FX2": " ", "LATITUD": 11.08369, "LONGITUD": -72.745053 }, "geometry": { "type": "Point", "coordinates": [ -72.745053, 11.08369, 0.0 ] } },
{ "type": "Feature", "properties": { "DEPTO": "BOYACÁ", "MUNICIPIO": "MIRAFLORES", "VEREDA": "CHAPASIA", "GASODUCTO": "PORVENIR - LA BELLEZA", "TRAMO": "Cusiana - Miraflores", "DISTRITO": "5", "PK_PAT": "81025", "TP_EVENTO": "SOCAVACIÓN LATERAL", "PRIORIDAD": " ", "AMENAZA": "( )", "FX2": " ", "LATITUD": 5.171278, "LONGITUD": -73.120723 }, "geometry": { "type": "Point", "coordinates": [ -73.120723, 5.171278, 0.0 ] } },
{ "type": "Feature", "properties": { "DEPTO": "CALDAS", "MUNICIPIO": "MANIZALES", "VEREDA": "LA ENEA PARTE", "GASODUCTO": "MARIQUITA - CALI", "TRAMO": "Letras - Marsella", "DISTRITO": "7", "PK_PAT": "81300", "TP_EVENTO": "DESLIZAMIENTO TRASLACIONAL", "PRIORIDAD": " ", "AMENAZA": "( )", "FX2": " ", "LATITUD": 5.0228705580000224, "LONGITUD": -75.4393185 }, "geometry": { "type": "Point", "coordinates": [ -75.439318499999956, 5.022870558000022, 0.0 ] } },
{ "type": "Feature", "properties": { "DEPTO": "LA GUAJIRA", "MUNICIPIO": "HATONUEVO", "VEREDA": "HATO NUEVO", "GASODUCTO": "BALLENA - BARRANCABERMEJA", "TRAMO": "Hato Nuevo - Jagua del Pilar", "DISTRITO": "6", "PK_PAT": "81081", "TP_EVENTO": "SURCOS", "PRIORIDAD": " ", "AMENAZA": "( )", "FX2": " ", "LATITUD": 11.0707, "LONGITUD": -72.7511 }, "geometry": { "type": "Point", "coordinates": [ -72.7511, 11.0707, 0.0 ] } },
{ "type": "Feature", "properties": { "DEPTO": "BOYACÁ", "MUNICIPIO": "JENESANO", "VEREDA": "NONCETA", "GASODUCTO": "PORVENIR - LA BELLEZA", "TRAMO": "Miraflores - Sutamarchan", "DISTRITO": "5", "PK_PAT": "85835", "TP_EVENTO": "SOCAVACIÓN DE FONDO", "PRIORIDAD": " ", "AMENAZA": "( )", "FX2": " ", "LATITUD": 5.3598833, "LONGITUD": -73.3562436 }, "geometry": { "type": "Point", "coordinates": [ -73.356243599999971, 5.359883300000035, 0.0 ] } },
{ "type": "Feature", "properties": { "DEPTO": "CUNDINAMARCA", "MUNICIPIO": "PARATEBUENO", "VEREDA": "MACAPAY ALTO", "GASODUCTO": "CUSIANA - APIAY - USME", "TRAMO": "PK65 - APIAY", "DISTRITO": "4", "PK_PAT": "88130", "TP_EVENTO": "SURCOS", "PRIORIDAD": " ", "AMENAZA": "( )", "FX2": " ", "LATITUD": 4.453858, "LONGITUD": -73.155093 }, "geometry": { "type": "Point", "coordinates": [ -73.155093, 4.453858, 0.0 ] } },
{ "type": "Feature", "properties": { "DEPTO": "CUNDINAMARCA", "MUNICIPIO": "CÁQUEZA", "VEREDA": "JABONERA", "GASODUCTO": "CUSIANA - APIAY - USME", "TRAMO": "Villavicencio - Usme", "DISTRITO": "4", "PK_PAT": "97181", "TP_EVENTO": "SOCAVACIÓN DE FONDO", "PRIORIDAD": " ", "AMENAZA": "( )", "FX2": " ", "LATITUD": 4.3812, "LONGITUD": -73.9712 }, "geometry": { "type": "Point", "coordinates": [ -73.9712, 4.3812, 0.0 ] } },
{ "type": "Feature", "properties": { "DEPTO": "CUNDINAMARCA", "MUNICIPIO": "CÁQUEZA", "VEREDA": "MERCADILLO", "GASODUCTO": "CUSIANA - APIAY - USME", "TRAMO": "Villavicencio - Usme", "DISTRITO": "4", "PK_PAT": "101416", "TP_EVENTO": "SOCAVACIÓN DE FONDO", "PRIORIDAD": " ", "AMENAZA": "( )", "FX2": " ", "LATITUD": 4.4040000000000532, "LONGITUD": -73.999999999999943 }, "geometry": { "type": "Point", "coordinates": [ -74.0, 4.404, 0.0 ] } },
{ "type": "Feature", "properties": { "DEPTO": "CUNDINAMARCA", "MUNICIPIO": "CÁQUEZA", "VEREDA": "MERCADILLO", "GASODUCTO": "CUSIANA - APIAY - USME", "TRAMO": "Villavicencio - Usme", "DISTRITO": "4", "PK_PAT": "101564", "TP_EVENTO": "SOCAVACIÓN DE FONDO", "PRIORIDAD": " ", "AMENAZA": "( )", "FX2": " ", "LATITUD": 4.405, "LONGITUD": -74.0012 }, "geometry": { "type": "Point", "coordinates": [ -74.0012, 4.405, 0.0 ] } },
{ "type": "Feature", "properties": { "DEPTO": "BOYACÁ", "MUNICIPIO": "VILLA DE LEYVA", "VEREDA": "MONIQUIRÁ", "GASODUCTO": "PORVENIR - LA BELLEZA", "TRAMO": "Miraflores - Sutamarchan", "DISTRITO": "5", "PK_PAT": "160111", "TP_EVENTO": "OTRO", "PRIORIDAD": "Bajo", "AMENAZA": "(Bajo)", "FX2": " ", "LATITUD": 5.647978, "LONGITUD": -73.56598 }, "geometry": { "type": "Point", "coordinates": [ -73.56598, 5.647978, 0.0 ] } },
{ "type": "Feature", "properties": { "DEPTO": "LA GUAJIRA", "MUNICIPIO": "FONSECA", "VEREDA": "AREA CABECERA MUNICIPIAL", "GASODUCTO": "BALLENA - BARRANCABERMEJA", "TRAMO": "Hato Nuevo - Jagua del Pilar", "DISTRITO": "6", "PK_PAT": "106371", "TP_EVENTO": "SOCAVACIÓN LATERAL", "PRIORIDAD": " ", "AMENAZA": "( )", "FX2": " ", "LATITUD": 10.8855848000001, "LONGITUD": -72.8688027 }, "geometry": { "type": "Point", "coordinates": [ -72.868802699999947, 10.885584800000061, 0.0 ] } },
{ "type": "Feature", "properties": { "DEPTO": "CUNDINAMARCA", "MUNICIPIO": "UNE", "VEREDA": "QUECA", "GASODUCTO": "CUSIANA - APIAY - USME", "TRAMO": "Villavicencio - Usme", "DISTRITO": "4", "PK_PAT": "109254", "TP_EVENTO": "SOCAVACIÓN LATERAL", "PRIORIDAD": " ", "AMENAZA": "( )", "FX2": " ", "LATITUD": 4.4198000000000661, "LONGITUD": -74.0458 }, "geometry": { "type": "Point", "coordinates": [ -74.0458, 4.4198, 0.0 ] } },
{ "type": "Feature", "properties": { "DEPTO": "CUNDINAMARCA", "MUNICIPIO": "PARATEBUENO", "VEREDA": "SANTA CECILIA", "GASODUCTO": "CUSIANA - APIAY - USME", "TRAMO": "PK65 - APIAY", "DISTRITO": "4", "PK_PAT": "112100", "TP_EVENTO": "SOCAVACIÓN DE FONDO", "PRIORIDAD": " ", "AMENAZA": "( )", "FX2": " ", "LATITUD": 4.3434, "LONGITUD": -73.3174 }, "geometry": { "type": "Point", "coordinates": [ -73.3174, 4.3434, 0.0 ] } },
{ "type": "Feature", "properties": { "DEPTO": "CUNDINAMARCA", "MUNICIPIO": "CHIPAQUE", "VEREDA": "CALDERA", "GASODUCTO": "CUSIANA - APIAY - USME", "TRAMO": "Villavicencio - Usme", "DISTRITO": "4", "PK_PAT": "114476", "TP_EVENTO": "SOCAVACIÓN LATERAL", "PRIORIDAD": " ", "AMENAZA": "( )", "FX2": " ", "LATITUD": 4.430753, "LONGITUD": -74.0744157 }, "geometry": { "type": "Point", "coordinates": [ -74.074415699999975, 4.430753, 0.0 ] } },
{ "type": "Feature", "properties": { "DEPTO": "META", "MUNICIPIO": "RESTREPO", "VEREDA": "VEGA GRANDE", "GASODUCTO": "CUSIANA - APIAY - USME", "TRAMO": "PK65 - APIAY", "DISTRITO": "4", "PK_PAT": "143243", "TP_EVENTO": "SOCAVACIÓN LATERAL", "PRIORIDAD": " ", "AMENAZA": "( )", "FX2": " ", "LATITUD": 4.1389, "LONGITUD": -73.3835 }, "geometry": { "type": "Point", "coordinates": [ -73.3835, 4.1389, 0.0 ] } },
{ "type": "Feature", "properties": { "DEPTO": "SANTANDER", "MUNICIPIO": "CIMITARRA", "VEREDA": "PUERTO OLAYA", "GASODUCTO": "CENTRO - ORIENTE", "TRAMO": "Sebastopol - Vasconia", "DISTRITO": "1", "PK_PAT": "117300", "TP_EVENTO": "SOCAVACIÓN DE FONDO", "PRIORIDAD": " ", "AMENAZA": "( )", "FX2": " ", "LATITUD": 6.425982, "LONGITUD": -74.362273 }, "geometry": { "type": "Point", "coordinates": [ -74.362273, 6.425982, 0.0 ] } },
{ "type": "Feature", "properties": { "DEPTO": "VALLE DEL CAUCA", "MUNICIPIO": "LA VICTORIA", "VEREDA": "HOLGHUIN", "GASODUCTO": "MARIQUITA - CALI", "TRAMO": "Obando - Tulua", "DISTRITO": "8", "PK_PAT": "205680", "TP_EVENTO": "REPTACION", "PRIORIDAD": "Bajo", "AMENAZA": "(Bajo)", "FX2": " ", "LATITUD": 4.506898, "LONGITUD": -76.0163 }, "geometry": { "type": "Point", "coordinates": [ -76.0163, 4.506898, 0.0 ] } },
{ "type": "Feature", "properties": { "DEPTO": "CALDAS", "MUNICIPIO": "CHINCHINÁ", "VEREDA": "LA ESMERALDA", "GASODUCTO": "MARIQUITA - CALI", "TRAMO": "Letras - Marsella", "DISTRITO": "7", "PK_PAT": "120930", "TP_EVENTO": "OTRO", "PRIORIDAD": " ", "AMENAZA": "( )", "FX2": " ", "LATITUD": 5.0162500000000705, "LONGITUD": -75.7275 }, "geometry": { "type": "Point", "coordinates": [ -75.7275, 5.01625, 0.0 ] } },
{ "type": "Feature", "properties": { "DEPTO": "SANTANDER", "MUNICIPIO": "CIMITARRA", "VEREDA": "TIERRADENTRO", "GASODUCTO": "CENTRO - ORIENTE", "TRAMO": "Sebastopol - Vasconia", "DISTRITO": "1", "PK_PAT": "128518", "TP_EVENTO": "SOCAVACIÓN LATERAL", "PRIORIDAD": " ", "AMENAZA": "( )", "FX2": " ", "LATITUD": 6.3664000000000556, "LONGITUD": -74.419 }, "geometry": { "type": "Point", "coordinates": [ -74.419, 6.3664, 0.0 ] } },
{ "type": "Feature", "properties": { "DEPTO": "BOYACÁ", "MUNICIPIO": "SANTA SOFÍA", "VEREDA": "HORNILLAS", "GASODUCTO": "PORVENIR - LA BELLEZA", "TRAMO": "Sutamarchan - La Belleza", "DISTRITO": "5", "PK_PAT": "164375", "TP_EVENTO": "SOCAVACIÓN LATERAL", "PRIORIDAD": " ", "AMENAZA": "( )", "FX2": " ", "LATITUD": 5.6821, "LONGITUD": -73.5832 }, "geometry": { "type": "Point", "coordinates": [ -73.5832, 5.6821, 0.0 ] } },
{ "type": "Feature", "properties": { "DEPTO": "RISARALDA", "MUNICIPIO": "MARSELLA", "VEREDA": "BELTRAN", "GASODUCTO": "MARIQUITA - CALI", "TRAMO": "Letras - Marsella", "DISTRITO": "7", "PK_PAT": "135010", "TP_EVENTO": "SURCOS", "PRIORIDAD": " ", "AMENAZA": "( )", "FX2": " ", "LATITUD": 4.9829338000001, "LONGITUD": -75.775474 }, "geometry": { "type": "Point", "coordinates": [ -75.775474, 4.982933800000069, 0.0 ] } },
{ "type": "Feature", "properties": { "DEPTO": "BOYACÁ", "MUNICIPIO": "SANTA SOFÍA", "VEREDA": "GUATOQUE", "GASODUCTO": "PORVENIR - LA BELLEZA", "TRAMO": "Sutamarchan - La Belleza", "DISTRITO": "5", "PK_PAT": "140939", "TP_EVENTO": "SOCAVACIÓN LATERAL", "PRIORIDAD": " ", "AMENAZA": "( )", "FX2": " ", "LATITUD": 5.760121, "LONGITUD": -73.599231 }, "geometry": { "type": "Point", "coordinates": [ -73.599231, 5.760121, 0.0 ] } },
{ "type": "Feature", "properties": { "DEPTO": "BOYACÁ", "MUNICIPIO": "SANTA SOFÍA", "VEREDA": "PANTANILLO", "GASODUCTO": "PORVENIR - LA BELLEZA", "TRAMO": "Sutamarchan - La Belleza", "DISTRITO": "5", "PK_PAT": "143098", "TP_EVENTO": "SOCAVACIÓN LATERAL", "PRIORIDAD": " ", "AMENAZA": "( )", "FX2": " ", "LATITUD": 5.7764967500000353, "LONGITUD": -73.607880419999958 }, "geometry": { "type": "Point", "coordinates": [ -73.607880419999958, 5.776496750000035, 0.0 ] } },
{ "type": "Feature", "properties": { "DEPTO": "CESAR", "MUNICIPIO": "BECERRIL", "VEREDA": "REMOLINOS", "GASODUCTO": "BALLENA - BARRANCABERMEJA", "TRAMO": "Casacara - Curumani", "DISTRITO": "6", "PK_PAT": "257640", "TP_EVENTO": "OTRO", "PRIORIDAD": " ", "AMENAZA": "( )", "FX2": " ", "LATITUD": 9.6857010000000514, "LONGITUD": -73.374012 }, "geometry": { "type": "Point", "coordinates": [ -73.374012, 9.685701, 0.0 ] } },
{ "type": "Feature", "properties": { "DEPTO": "SANTANDER", "MUNICIPIO": "PUENTE NACIONAL", "VEREDA": "EL PARAMO", "GASODUCTO": "PORVENIR - LA BELLEZA", "TRAMO": "Sutamarchan - La Belleza", "DISTRITO": "5", "PK_PAT": "149980", "TP_EVENTO": "SOCAVACIÓN DE FONDO", "PRIORIDAD": " ", "AMENAZA": "( )", "FX2": " ", "LATITUD": 5.8047635, "LONGITUD": -73.656732829999953 }, "geometry": { "type": "Point", "coordinates": [ -73.656732829999953, 5.804763500000035, 0.0 ] } },
{ "type": "Feature", "properties": { "DEPTO": "SANTANDER", "MUNICIPIO": "PUENTE NACIONAL", "VEREDA": "BAJO SAN DIMAS", "GASODUCTO": "PORVENIR - LA BELLEZA", "TRAMO": "Sutamarchan - La Belleza", "DISTRITO": "5", "PK_PAT": "157424", "TP_EVENTO": "SOCAVACIÓN DE FONDO", "PRIORIDAD": " ", "AMENAZA": "( )", "FX2": " ", "LATITUD": 5.810963000000072, "LONGITUD": -73.720603829999959 }, "geometry": { "type": "Point", "coordinates": [ -73.720603829999959, 5.810963, 0.0 ] } },
{ "type": "Feature", "properties": { "DEPTO": "SANTANDER", "MUNICIPIO": "PUENTE NACIONAL", "VEREDA": "MEDIOS", "GASODUCTO": "PORVENIR - LA BELLEZA", "TRAMO": "Sutamarchan - La Belleza", "DISTRITO": "5", "PK_PAT": "158712", "TP_EVENTO": "SOCAVACIÓN LATERAL", "PRIORIDAD": " ", "AMENAZA": "( )", "FX2": " ", "LATITUD": 5.8103758650000259, "LONGITUD": -73.73198943999995 }, "geometry": { "type": "Point", "coordinates": [ -73.73198943999995, 5.810375865000026, 0.0 ] } },
{ "type": "Feature", "properties": { "DEPTO": "SANTANDER", "MUNICIPIO": "PUENTE NACIONAL", "VEREDA": "MEDIOS", "GASODUCTO": "PORVENIR - LA BELLEZA", "TRAMO": "Sutamarchan - La Belleza", "DISTRITO": "5", "PK_PAT": "161300", "TP_EVENTO": "SURCOS", "PRIORIDAD": " ", "AMENAZA": "( )", "FX2": " ", "LATITUD": 5.8082000000000562, "LONGITUD": -73.7544 }, "geometry": { "type": "Point", "coordinates": [ -73.7544, 5.8082, 0.0 ] } },
{ "type": "Feature", "properties": { "DEPTO": "SANTANDER", "MUNICIPIO": "ALBANIA", "VEREDA": "EL HATILLO", "GASODUCTO": "PORVENIR - LA BELLEZA", "TRAMO": "Sutamarchan - La Belleza", "DISTRITO": "5", "PK_PAT": "161380", "TP_EVENTO": "SURCOS", "PRIORIDAD": " ", "AMENAZA": "( )", "FX2": " ", "LATITUD": 5.8082000000000562, "LONGITUD": -73.75516 }, "geometry": { "type": "Point", "coordinates": [ -73.75516, 5.8082, 0.0 ] } },
{ "type": "Feature", "properties": { "DEPTO": "SANTANDER", "MUNICIPIO": "ALBANIA", "VEREDA": "EL HATILLO", "GASODUCTO": "PORVENIR - LA BELLEZA", "TRAMO": "Sutamarchan - La Belleza", "DISTRITO": "5", "PK_PAT": "161700", "TP_EVENTO": "SURCOS", "PRIORIDAD": " ", "AMENAZA": "( )", "FX2": " ", "LATITUD": 5.8087, "LONGITUD": -73.758 }, "geometry": { "type": "Point", "coordinates": [ -73.758, 5.8087, 0.0 ] } },
{ "type": "Feature", "properties": { "DEPTO": "CESAR", "MUNICIPIO": "LA PAZ", "VEREDA": "VARASBLANCAS", "GASODUCTO": "BALLENA - BARRANCABERMEJA", "TRAMO": "Jagua del Pilar - Casacara", "DISTRITO": "6", "PK_PAT": "167265", "TP_EVENTO": "SOCAVACIÓN DE FONDO", "PRIORIDAD": " ", "AMENAZA": "( )", "FX2": " ", "LATITUD": 10.427067, "LONGITUD": -73.158477 }, "geometry": { "type": "Point", "coordinates": [ -73.158477, 10.427067, 0.0 ] } },
{ "type": "Feature", "properties": { "DEPTO": "CESAR", "MUNICIPIO": "LA PAZ", "VEREDA": "VARASBLANCAS", "GASODUCTO": "BALLENA - BARRANCABERMEJA", "TRAMO": "Jagua del Pilar - Casacara", "DISTRITO": "6", "PK_PAT": "168332", "TP_EVENTO": "SOCAVACIÓN DE FONDO", "PRIORIDAD": " ", "AMENAZA": "( )", "FX2": " ", "LATITUD": 10.41899, "LONGITUD": -73.16369 }, "geometry": { "type": "Point", "coordinates": [ -73.16369, 10.41899, 0.0 ] } },
{ "type": "Feature", "properties": { "DEPTO": "CESAR", "MUNICIPIO": "LA PAZ", "VEREDA": "VARASBLANCAS", "GASODUCTO": "BALLENA - BARRANCABERMEJA", "TRAMO": "Jagua del Pilar - Casacara", "DISTRITO": "6", "PK_PAT": "170351", "TP_EVENTO": "SURCOS", "PRIORIDAD": " ", "AMENAZA": "( )", "FX2": " ", "LATITUD": 10.4037, "LONGITUD": -73.1735 }, "geometry": { "type": "Point", "coordinates": [ -73.1735, 10.4037, 0.0 ] } },
{ "type": "Feature", "properties": { "DEPTO": "BOYACÁ", "MUNICIPIO": "SANTA SOFÍA", "VEREDA": "HORNILLAS", "GASODUCTO": "PORVENIR - LA BELLEZA", "TRAMO": "Miraflores - Puente Guillermo", "DISTRITO": "5", "PK_PAT": "170844", "TP_EVENTO": "SOCAVACIÓN LATERAL", "PRIORIDAD": " ", "AMENAZA": "( )", "FX2": " ", "LATITUD": 5.724337, "LONGITUD": -73.589511 }, "geometry": { "type": "Point", "coordinates": [ -73.589511, 5.724337, 0.0 ] } },
{ "type": "Feature", "properties": { "DEPTO": "CESAR", "MUNICIPIO": "LA PAZ", "VEREDA": "VARASBLANCAS", "GASODUCTO": "BALLENA - BARRANCABERMEJA", "TRAMO": "Jagua del Pilar - Casacara", "DISTRITO": "6", "PK_PAT": "174130", "TP_EVENTO": "SURCOS", "PRIORIDAD": " ", "AMENAZA": "( )", "FX2": " ", "LATITUD": 10.3765, "LONGITUD": -73.1909 }, "geometry": { "type": "Point", "coordinates": [ -73.1909, 10.3765, 0.0 ] } },
{ "type": "Feature", "properties": { "DEPTO": "CESAR", "MUNICIPIO": "SAN DIEGO", "VEREDA": "LOS TUPES", "GASODUCTO": "BALLENA - BARRANCABERMEJA", "TRAMO": "Jagua del Pilar - Casacara", "DISTRITO": "6", "PK_PAT": "178522", "TP_EVENTO": "SURCOS", "PRIORIDAD": " ", "AMENAZA": "( )", "FX2": " ", "LATITUD": 10.3418, "LONGITUD": -73.2125 }, "geometry": { "type": "Point", "coordinates": [ -73.2125, 10.3418, 0.0 ] } },
{ "type": "Feature", "properties": { "DEPTO": "CESAR", "MUNICIPIO": "SAN DIEGO", "VEREDA": "LOS TUPES", "GASODUCTO": "BALLENA - BARRANCABERMEJA", "TRAMO": "Jagua del Pilar - Casacara", "DISTRITO": "6", "PK_PAT": "178576", "TP_EVENTO": "SURCOS", "PRIORIDAD": " ", "AMENAZA": "( )", "FX2": " ", "LATITUD": 10.3413, "LONGITUD": -73.2127 }, "geometry": { "type": "Point", "coordinates": [ -73.2127, 10.3413, 0.0 ] } },
{ "type": "Feature", "properties": { "DEPTO": "SANTANDER", "MUNICIPIO": "FLORIÁN", "VEREDA": "LA VENTA", "GASODUCTO": "PORVENIR - LA BELLEZA", "TRAMO": "Sutamarchan - La Belleza", "DISTRITO": "5", "PK_PAT": "179551", "TP_EVENTO": "SOCAVACIÓN LATERAL", "PRIORIDAD": " ", "AMENAZA": "( )", "FX2": " ", "LATITUD": 5.804139833000022, "LONGITUD": -73.893568329999937 }, "geometry": { "type": "Point", "coordinates": [ -73.893568329999937, 5.804139833000022, 0.0 ] } },
{ "type": "Feature", "properties": { "DEPTO": "CESAR", "MUNICIPIO": "SAN DIEGO", "VEREDA": "LOS TUPES", "GASODUCTO": "BALLENA - BARRANCABERMEJA", "TRAMO": "Jagua del Pilar - Casacara", "DISTRITO": "6", "PK_PAT": "179980", "TP_EVENTO": "SURCOS", "PRIORIDAD": " ", "AMENAZA": "( )", "FX2": " ", "LATITUD": 10.3325, "LONGITUD": -73.2195 }, "geometry": { "type": "Point", "coordinates": [ -73.2195, 10.3325, 0.0 ] } },
{ "type": "Feature", "properties": { "DEPTO": "CESAR", "MUNICIPIO": "AGUSTÍN CODAZZI", "VEREDA": "PUNTA ARRECHA", "GASODUCTO": "BALLENA - BARRANCABERMEJA", "TRAMO": "Jagua del Pilar - Casacara", "DISTRITO": "6", "PK_PAT": "229678", "TP_EVENTO": "SOCAVACIÓN LATERAL", "PRIORIDAD": " ", "AMENAZA": "( )", "FX2": " ", "LATITUD": 9.91, "LONGITUD": -73.2962 }, "geometry": { "type": "Point", "coordinates": [ -73.2962, 9.91, 0.0 ] } },
{ "type": "Feature", "properties": { "DEPTO": "CESAR", "MUNICIPIO": "AGUSTÍN CODAZZI", "VEREDA": "LOS MANANTIALES", "GASODUCTO": "BALLENA - BARRANCABERMEJA", "TRAMO": "Casacara - Curumani", "DISTRITO": "6", "PK_PAT": "245759", "TP_EVENTO": "SOCAVACIÓN LATERAL", "PRIORIDAD": " ", "AMENAZA": "( )", "FX2": " ", "LATITUD": 9.782916000000057, "LONGITUD": -73.36226 }, "geometry": { "type": "Point", "coordinates": [ -73.36226, 9.782916, 0.0 ] } },
{ "type": "Feature", "properties": { "DEPTO": "BOYACÁ", "MUNICIPIO": "PUERTO BOYACÁ", "VEREDA": "LAS PAVAS", "GASODUCTO": "CENTRO - ORIENTE", "TRAMO": "La Belleza - Vasconia", "DISTRITO": "1", "PK_PAT": "287390", "TP_EVENTO": "SURCOS", "PRIORIDAD": " ", "AMENAZA": "( )", "FX2": " ", "LATITUD": 5.8839816670000573, "LONGITUD": -74.379271666999955 }, "geometry": { "type": "Point", "coordinates": [ -74.379271666999955, 5.883981667000057, 0.0 ] } },
{ "type": "Feature", "properties": { "DEPTO": "CUNDINAMARCA", "MUNICIPIO": "GUADUAS", "VEREDA": "CEDRALES", "GASODUCTO": "CENTRO - ORIENTE", "TRAMO": "Puerto Salgar - Mariquita", "DISTRITO": "2", "PK_PAT": "251515", "TP_EVENTO": "CARCAVAS", "PRIORIDAD": " ", "AMENAZA": "( )", "FX2": " ", "LATITUD": 5.4220790000000534, "LONGITUD": -74.650049 }, "geometry": { "type": "Point", "coordinates": [ -74.650049, 5.422079, 0.0 ] } },
{ "type": "Feature", "properties": { "DEPTO": "CUNDINAMARCA", "MUNICIPIO": "GUADUAS", "VEREDA": "CEDRALES", "GASODUCTO": "CENTRO - ORIENTE", "TRAMO": "Puerto Salgar - Mariquita", "DISTRITO": "2", "PK_PAT": "256929", "TP_EVENTO": "CARCAVAS", "PRIORIDAD": " ", "AMENAZA": "( )", "FX2": " ", "LATITUD": 5.385745, "LONGITUD": -74.676215 }, "geometry": { "type": "Point", "coordinates": [ -74.676215, 5.385745, 0.0 ] } },
{ "type": "Feature", "properties": { "DEPTO": "BOYACÁ", "MUNICIPIO": "PUERTO BOYACÁ", "VEREDA": "CALDERON", "GASODUCTO": "CENTRO - ORIENTE", "TRAMO": "La Belleza - Vasconia", "DISTRITO": "1", "PK_PAT": "313805", "TP_EVENTO": "CARCAVAS", "PRIORIDAD": " ", "AMENAZA": "( )", "FX2": " ", "LATITUD": 6.0424, "LONGITUD": -74.5449 }, "geometry": { "type": "Point", "coordinates": [ -74.5449, 6.0424, 0.0 ] } },
{ "type": "Feature", "properties": { "DEPTO": "TOLIMA", "MUNICIPIO": "HONDA", "VEREDA": "PERICO", "GASODUCTO": "CENTRO - ORIENTE", "TRAMO": "Puerto Salgar - Mariquita", "DISTRITO": "2", "PK_PAT": "284554", "TP_EVENTO": "CARCAVAS", "PRIORIDAD": " ", "AMENAZA": "( )", "FX2": " ", "LATITUD": 5.3026620000000548, "LONGITUD": -74.843782 }, "geometry": { "type": "Point", "coordinates": [ -74.843782, 5.302662, 0.0 ] } },
{ "type": "Feature", "properties": { "DEPTO": "TOLIMA", "MUNICIPIO": "SAN SEBASTIÁN DE MARIQUITA", "VEREDA": "SAN ANTONIO", "GASODUCTO": "CENTRO - ORIENTE", "TRAMO": "Puerto Salgar - Mariquita", "DISTRITO": "2", "PK_PAT": "288800", "TP_EVENTO": "SOCAVACIÓN DE FONDO", "PRIORIDAD": " ", "AMENAZA": "( )", "FX2": " ", "LATITUD": 5.2674202500000433, "LONGITUD": -74.8507417 }, "geometry": { "type": "Point", "coordinates": [ -74.850741699999958, 5.267420250000043, 0.0 ] } },
{ "type": "Feature", "properties": { "DEPTO": "CESAR", "MUNICIPIO": "CHIRIGUANÁ", "VEREDA": "SIN INFORMACION", "GASODUCTO": "BALLENA - BARRANCABERMEJA", "TRAMO": "Casacara - Curumani", "DISTRITO": "6", "PK_PAT": "292053", "TP_EVENTO": "SOCAVACIÓN LATERAL", "PRIORIDAD": " ", "AMENAZA": "( )", "FX2": " ", "LATITUD": 9.409121, "LONGITUD": -73.48979 }, "geometry": { "type": "Point", "coordinates": [ -73.48979, 9.409121, 0.0 ] } },
{ "type": "Feature", "properties": { "DEPTO": "TOLIMA", "MUNICIPIO": "VENADILLO", "VEREDA": "LA CUBANA", "GASODUCTO": "CENTRO - ORIENTE", "TRAMO": "Mariquita - Gualanday", "DISTRITO": "2", "PK_PAT": "359318", "TP_EVENTO": "SOCAVACIÓN LATERAL", "PRIORIDAD": " ", "AMENAZA": "( )", "FX2": " ", "LATITUD": 4.6954000000000633, "LONGITUD": -74.9362 }, "geometry": { "type": "Point", "coordinates": [ -74.9362, 4.6954, 0.0 ] } },
{ "type": "Feature", "properties": { "DEPTO": "TOLIMA", "MUNICIPIO": "NATAGAIMA", "VEREDA": "VELU", "GASODUCTO": "CENTRO - ORIENTE", "TRAMO": "Guasimal - Dina", "DISTRITO": "2", "PK_PAT": "508320", "TP_EVENTO": "CARCAVAS", "PRIORIDAD": " ", "AMENAZA": "( )", "FX2": " ", "LATITUD": 3.5228617, "LONGITUD": -75.1259883 }, "geometry": { "type": "Point", "coordinates": [ -75.12598829999996, 3.522861700000021, 0.0 ] } },
{ "type": "Feature", "properties": { "DEPTO": "SANTANDER", "MUNICIPIO": "PUENTE NACIONAL", "VEREDA": "PEÑITAS", "GASODUCTO": "BOYACA - SANTANDER", "TRAMO": "Otero - Santana", "DISTRITO": "5", "PK_PAT": "5000", "TP_EVENTO": "SURCOS", "PRIORIDAD": " ", "AMENAZA": "( )", "FX2": " ", "LATITUD": 5.8517000000000507, "LONGITUD": -73.6869 }, "geometry": { "type": "Point", "coordinates": [ -73.6869, 5.8517, 0.0 ] } },
{ "type": "Feature", "properties": { "DEPTO": "SANTANDER", "MUNICIPIO": "PUENTE NACIONAL", "VEREDA": "PEÑITAS", "GASODUCTO": "BOYACA - SANTANDER", "TRAMO": "Otero - Santana", "DISTRITO": "5", "PK_PAT": "6480", "TP_EVENTO": "SURCOS", "PRIORIDAD": " ", "AMENAZA": "( )", "FX2": " ", "LATITUD": 5.8623000000000616, "LONGITUD": -73.6813 }, "geometry": { "type": "Point", "coordinates": [ -73.6813, 5.8623, 0.0 ] } },
{ "type": "Feature", "properties": { "DEPTO": "CASANARE", "MUNICIPIO": "TAURAMENA", "VEREDA": "PASO CUSIANA", "GASODUCTO": "CUSIANA - APIAY - USME", "TRAMO": "Aguazul", "DISTRITO": "4", "PK_PAT": "2160", "TP_EVENTO": "SOCAVACIÓN DE FONDO", "PRIORIDAD": " ", "AMENAZA": "( )", "FX2": " ", "LATITUD": 5.005997, "LONGITUD": -72.691227 }, "geometry": { "type": "Point", "coordinates": [ -72.691227, 5.005997, 0.0 ] } },
{ "type": "Feature", "properties": { "DEPTO": "META", "MUNICIPIO": "BARRANCA DE UPÍA", "VEREDA": "CARUTAL", "GASODUCTO": "CUSIANA - APIAY - USME", "TRAMO": "Cusiana - PK65", "DISTRITO": "4", "PK_PAT": "59045", "TP_EVENTO": "SOCAVACIÓN DE FONDO", "PRIORIDAD": " ", "AMENAZA": "( )", "FX2": " ", "LATITUD": 4.6718280000000618, "LONGITUD": -73.051448 }, "geometry": { "type": "Point", "coordinates": [ -73.051448, 4.671828, 0.0 ] } },
{ "type": "Feature", "properties": { "DEPTO": "CALDAS", "MUNICIPIO": "LA DORADA", "VEREDA": "LA PETROLEA", "GASODUCTO": "CENTRO - ORIENTE", "TRAMO": "Puerto Salgar - Mariquita", "DISTRITO": "2", "PK_PAT": "258760", "TP_EVENTO": "CARCAVAS", "PRIORIDAD": " ", "AMENAZA": "( )", "FX2": " ", "LATITUD": 5.3825824, "LONGITUD": -74.6908727 }, "geometry": { "type": "Point", "coordinates": [ -74.690872699999943, 5.382582400000047, 0.0 ] } },
{ "type": "Feature", "properties": { "DEPTO": "CALDAS", "MUNICIPIO": "LA DORADA", "VEREDA": "LAS CAMELIAS", "GASODUCTO": "CENTRO - ORIENTE", "TRAMO": "Puerto Salgar - Mariquita", "DISTRITO": "2", "PK_PAT": "270029", "TP_EVENTO": "CARCAVAS", "PRIORIDAD": " ", "AMENAZA": "( )", "FX2": " ", "LATITUD": 5.3116083, "LONGITUD": -74.7421854 }, "geometry": { "type": "Point", "coordinates": [ -74.742185399999983, 5.311608300000046, 0.0 ] } },
{ "type": "Feature", "properties": { "DEPTO": "CALDAS", "MUNICIPIO": "LA DORADA", "VEREDA": "LA PETROLEA", "GASODUCTO": "CENTRO - ORIENTE", "TRAMO": "Termodorada", "DISTRITO": "2", "PK_PAT": "815", "TP_EVENTO": "SOCAVACIÓN DE FONDO", "PRIORIDAD": " ", "AMENAZA": "( )", "FX2": " ", "LATITUD": 5.3801981, "LONGITUD": -74.7133607 }, "geometry": { "type": "Point", "coordinates": [ -74.713360699999953, 5.38019810000003, 0.0 ] } },
{ "type": "Feature", "properties": { "DEPTO": "CALDAS", "MUNICIPIO": "LA DORADA", "VEREDA": "PURNIO", "GASODUCTO": "CENTRO - ORIENTE", "TRAMO": "Termodorada", "DISTRITO": "2", "PK_PAT": "4962", "TP_EVENTO": "SOCAVACIÓN DE FONDO", "PRIORIDAD": " ", "AMENAZA": "( )", "FX2": " ", "LATITUD": 5.4109028, "LONGITUD": -74.6932222 }, "geometry": { "type": "Point", "coordinates": [ -74.69322219999998, 5.410902800000031, 0.0 ] } },
{ "type": "Feature", "properties": { "DEPTO": "SANTANDER", "MUNICIPIO": "BARRANCABERMEJA", "VEREDA": "CUATRO BOCAS", "GASODUCTO": "CENTRO - ORIENTE", "TRAMO": "Barrancabermeja - Sebastopol", "DISTRITO": "1", "PK_PAT": "23620", "TP_EVENTO": "CARCAVAS", "PRIORIDAD": " ", "AMENAZA": "( )", "FX2": " ", "LATITUD": 6.94107, "LONGITUD": -73.8326 }, "geometry": { "type": "Point", "coordinates": [ -73.8326, 6.94107, 0.0 ] } },
{ "type": "Feature", "properties": { "DEPTO": "SANTANDER", "MUNICIPIO": "PUERTO PARRA", "VEREDA": "CARRILERA", "GASODUCTO": "CENTRO - ORIENTE", "TRAMO": "Barrancabermeja - Sebastopol", "DISTRITO": "1", "PK_PAT": "63066", "TP_EVENTO": "SOCAVACIÓN DE FONDO", "PRIORIDAD": " ", "AMENAZA": "( )", "FX2": " ", "LATITUD": 6.66995, "LONGITUD": -74.0347 }, "geometry": { "type": "Point", "coordinates": [ -74.0347, 6.66995, 0.0 ] } },
{ "type": "Feature", "properties": { "DEPTO": "SANTANDER", "MUNICIPIO": "CIMITARRA", "VEREDA": "LOS MORROS", "GASODUCTO": "CENTRO - ORIENTE", "TRAMO": "Barrancabermeja - Sebastopol", "DISTRITO": "1", "PK_PAT": "95740", "TP_EVENTO": "SURCOS", "PRIORIDAD": " ", "AMENAZA": "( )", "FX2": " ", "LATITUD": 6.5338736, "LONGITUD": -74.2770024 }, "geometry": { "type": "Point", "coordinates": [ -74.277002399999958, 6.533873600000049, 0.0 ] } },
{ "type": "Feature", "properties": { "DEPTO": "BOYACÁ", "MUNICIPIO": "PUERTO BOYACÁ", "VEREDA": "ERMITANO", "GASODUCTO": "CENTRO - ORIENTE", "TRAMO": "Sebastopol - Vasconia", "DISTRITO": "1", "PK_PAT": "146743", "TP_EVENTO": "SOCAVACIÓN LATERAL", "PRIORIDAD": " ", "AMENAZA": "( )", "FX2": " ", "LATITUD": 6.257613, "LONGITUD": -74.523821 }, "geometry": { "type": "Point", "coordinates": [ -74.523821, 6.257613, 0.0 ] } },
{ "type": "Feature", "properties": { "DEPTO": "RISARALDA", "MUNICIPIO": "MARSELLA", "VEREDA": "ESTACIÓN PEREIRA", "GASODUCTO": "MARIQUITA - CALI", "TRAMO": "Marsella - Obando", "DISTRITO": "7", "PK_PAT": "145150", "TP_EVENTO": "DESLIZAMIENTO TRASLACIONAL", "PRIORIDAD": " ", "AMENAZA": "( )", "FX2": " ", "LATITUD": 4.910418, "LONGITUD": -75.800968 }, "geometry": { "type": "Point", "coordinates": [ -75.800968, 4.910418, 0.0 ] } },
{ "type": "Feature", "properties": { "DEPTO": "BOYACÁ", "MUNICIPIO": "PUERTO BOYACÁ", "VEREDA": "VELASQUEZ", "GASODUCTO": "CENTRO - ORIENTE", "TRAMO": "La Belleza - Vasconia", "DISTRITO": "1", "PK_PAT": "297890", "TP_EVENTO": "CARCAVAS", "PRIORIDAD": " ", "AMENAZA": "( )", "FX2": " ", "LATITUD": 5.9457, "LONGITUD": -74.4454 }, "geometry": { "type": "Point", "coordinates": [ -74.4454, 5.9457, 0.0 ] } },
{ "type": "Feature", "properties": { "DEPTO": "BOYACÁ", "MUNICIPIO": "PUERTO BOYACÁ", "VEREDA": "VELASQUEZ", "GASODUCTO": "CENTRO - ORIENTE", "TRAMO": "La Belleza - Vasconia", "DISTRITO": "1", "PK_PAT": "298450", "TP_EVENTO": "CARCAVAS", "PRIORIDAD": " ", "AMENAZA": "( )", "FX2": " ", "LATITUD": 5.9501, "LONGITUD": -74.4491 }, "geometry": { "type": "Point", "coordinates": [ -74.4491, 5.9501, 0.0 ] } },
{ "type": "Feature", "properties": { "DEPTO": "BOYACÁ", "MUNICIPIO": "PUERTO BOYACÁ", "VEREDA": "VELASQUEZ", "GASODUCTO": "CENTRO - ORIENTE", "TRAMO": "La Belleza - Vasconia", "DISTRITO": "1", "PK_PAT": "298691", "TP_EVENTO": "OTRO", "PRIORIDAD": " ", "AMENAZA": "( )", "FX2": " ", "LATITUD": 5.951, "LONGITUD": -74.4498 }, "geometry": { "type": "Point", "coordinates": [ -74.4498, 5.951, 0.0 ] } },
{ "type": "Feature", "properties": { "DEPTO": "BOYACÁ", "MUNICIPIO": "PUERTO BOYACÁ", "VEREDA": "MARANAL", "GASODUCTO": "CENTRO - ORIENTE", "TRAMO": "Vasconia - Puerto Salgar", "DISTRITO": "1", "PK_PAT": "201025", "TP_EVENTO": "CARCAVAS", "PRIORIDAD": " ", "AMENAZA": "( )", "FX2": " ", "LATITUD": 5.84702, "LONGITUD": -74.63272 }, "geometry": { "type": "Point", "coordinates": [ -74.63272, 5.84702, 0.0 ] } },
{ "type": "Feature", "properties": { "DEPTO": "BOYACÁ", "MUNICIPIO": "PUERTO BOYACÁ", "VEREDA": "MARANAL", "GASODUCTO": "CENTRO - ORIENTE", "TRAMO": "Vasconia - Puerto Salgar", "DISTRITO": "1", "PK_PAT": "201080", "TP_EVENTO": "DESLIZAMIENTO ROTACIONAL", "PRIORIDAD": " ", "AMENAZA": "( )", "FX2": " ", "LATITUD": 5.8468100000000618, "LONGITUD": -74.63301 }, "geometry": { "type": "Point", "coordinates": [ -74.63301, 5.84681, 0.0 ] } },
{ "type": "Feature", "properties": { "DEPTO": "CASANARE", "MUNICIPIO": "SABANALARGA", "VEREDA": "SAN PEDRO", "GASODUCTO": "CUSIANA - APIAY - USME", "TRAMO": "Cusiana - Pk65", "DISTRITO": "4", "PK_PAT": "41160", "TP_EVENTO": "SOCAVACIÓN DE FONDO", "PRIORIDAD": " ", "AMENAZA": "( )", "FX2": " ", "LATITUD": 4.799788, "LONGITUD": -72.969138 }, "geometry": { "type": "Point", "coordinates": [ -72.969138, 4.799788, 0.0 ] } },
{ "type": "Feature", "properties": { "DEPTO": "TOLIMA", "MUNICIPIO": "HERVEO", "VEREDA": "MESONES", "GASODUCTO": "MARIQUITA - CALI", "TRAMO": "Mariquita - Letras", "DISTRITO": "7", "PK_PAT": "44200", "TP_EVENTO": "DESLIZAMIENTO TRASLACIONAL", "PRIORIDAD": " ", "AMENAZA": "( )", "FX2": " ", "LATITUD": 5.1207000000000562, "LONGITUD": -75.1899 }, "geometry": { "type": "Point", "coordinates": [ -75.1899, 5.1207, 0.0 ] } },
{ "type": "Feature", "properties": { "DEPTO": "ANTIOQUIA", "MUNICIPIO": "YONDÓ", "VEREDA": "EL CONDOR", "GASODUCTO": "SUR DE BOLIVAR", "TRAMO": "Galan - Yondo", "DISTRITO": "1", "PK_PAT": "10415", "TP_EVENTO": "SURCOS", "PRIORIDAD": " ", "AMENAZA": "( )", "FX2": " ", "LATITUD": 7.0204400000000646, "LONGITUD": -73.93055 }, "geometry": { "type": "Point", "coordinates": [ -73.93055, 7.02044, 0.0 ] } },
{ "type": "Feature", "properties": { "DEPTO": "TOLIMA", "MUNICIPIO": "HERVEO", "VEREDA": "DELGADITAS", "GASODUCTO": "MARIQUITA - CALI", "TRAMO": "Mariquita - Letras", "DISTRITO": "7", "PK_PAT": "51530", "TP_EVENTO": "OTRO", "PRIORIDAD": " ", "AMENAZA": "( )", "FX2": " ", "LATITUD": 5.0933000000000561, "LONGITUD": -75.2336 }, "geometry": { "type": "Point", "coordinates": [ -75.2336, 5.0933, 0.0 ] } },
{ "type": "Feature", "properties": { "DEPTO": "VALLE DEL CAUCA", "MUNICIPIO": "GUACARÍ", "VEREDA": "GUABAS", "GASODUCTO": "MARIQUITA - CALI", "TRAMO": "Tulua - Cali", "DISTRITO": "8", "PK_PAT": "308849", "TP_EVENTO": "OTRO", "PRIORIDAD": "Alto", "AMENAZA": "(Alto)", "FX2": " ", "LATITUD": 3.7471666670000445, "LONGITUD": -76.347666666999942 }, "geometry": { "type": "Point", "coordinates": [ -76.347666666999942, 3.747166667000045, 0.0 ] } },
{ "type": "Feature", "properties": { "DEPTO": "TOLIMA", "MUNICIPIO": "HERVEO", "VEREDA": "LETRAS", "GASODUCTO": "MARIQUITA - CALI", "TRAMO": "Mariquita - Letras", "DISTRITO": "7", "PK_PAT": "62000", "TP_EVENTO": "DESLIZAMIENTO TRASLACIONAL", "PRIORIDAD": " ", "AMENAZA": "( )", "FX2": " ", "LATITUD": 5.0661633, "LONGITUD": -75.2969417 }, "geometry": { "type": "Point", "coordinates": [ -75.296941699999934, 5.066163300000028, 0.0 ] } },
{ "type": "Feature", "properties": { "DEPTO": "TOLIMA", "MUNICIPIO": "HERVEO", "VEREDA": "LETRAS", "GASODUCTO": "MARIQUITA - CALI", "TRAMO": "Letras - Marsella", "DISTRITO": "7", "PK_PAT": "65790", "TP_EVENTO": "DESLIZAMIENTO TRASLACIONAL", "PRIORIDAD": " ", "AMENAZA": "( )", "FX2": " ", "LATITUD": 5.060819, "LONGITUD": -75.3224 }, "geometry": { "type": "Point", "coordinates": [ -75.3224, 5.060819, 0.0 ] } },
{ "type": "Feature", "properties": { "DEPTO": "SANTANDER", "MUNICIPIO": "BARRANCABERMEJA", "VEREDA": "SAN SILVESTRE", "GASODUCTO": "CENTRO - ORIENTE", "TRAMO": "Barrancabermeja - Sebastopol", "DISTRITO": "1", "PK_PAT": "4895", "TP_EVENTO": "CARCAVAS", "PRIORIDAD": " ", "AMENAZA": "( )", "FX2": " ", "LATITUD": 7.0862950000000637, "LONGITUD": -73.82028 }, "geometry": { "type": "Point", "coordinates": [ -73.82028, 7.086295, 0.0 ] } },
{ "type": "Feature", "properties": { "DEPTO": "TOLIMA", "MUNICIPIO": "LÉRIDA", "VEREDA": "COLOYA", "GASODUCTO": "CENTRO - ORIENTE", "TRAMO": "Mariquita - Gualanday", "DISTRITO": "2", "PK_PAT": "336177", "TP_EVENTO": "SOCAVACIÓN LATERAL", "PRIORIDAD": " ", "AMENAZA": "( )", "FX2": " ", "LATITUD": 4.8876841000001, "LONGITUD": -74.8997182 }, "geometry": { "type": "Point", "coordinates": [ -74.899718199999938, 4.887684100000058, 0.0 ] } },
{ "type": "Feature", "properties": { "DEPTO": "BOYACÁ", "MUNICIPIO": "CALDAS", "VEREDA": "EL ALIZAL", "GASODUCTO": "CENTRO - ORIENTE", "TRAMO": "Caldas", "DISTRITO": "3", "PK_PAT": "3220", "TP_EVENTO": "CARCAVAS", "PRIORIDAD": " ", "AMENAZA": "( )", "FX2": " ", "LATITUD": 5.5476, "LONGITUD": -73.8504 }, "geometry": { "type": "Point", "coordinates": [ -73.8504, 5.5476, 0.0 ] } },
{ "type": "Feature", "properties": { "DEPTO": "SANTANDER", "MUNICIPIO": "SIMACOTA", "VEREDA": "VIZCAINA BAJA", "GASODUCTO": "CENTRO - ORIENTE", "TRAMO": "Barrancabermeja - Sebastopol", "DISTRITO": "1", "PK_PAT": "36160", "TP_EVENTO": "CARCAVAS", "PRIORIDAD": " ", "AMENAZA": "( )", "FX2": " ", "LATITUD": 6.84254, "LONGITUD": -73.879316 }, "geometry": { "type": "Point", "coordinates": [ -73.879316, 6.84254, 0.0 ] } },
{ "type": "Feature", "properties": { "DEPTO": "SANTANDER", "MUNICIPIO": "SIMACOTA", "VEREDA": "PULPAPEL", "GASODUCTO": "CENTRO - ORIENTE", "TRAMO": "Barrancabermeja - Sebastopol", "DISTRITO": "1", "PK_PAT": "45564", "TP_EVENTO": "SOCAVACIÓN LATERAL", "PRIORIDAD": " ", "AMENAZA": "( )", "FX2": " ", "LATITUD": 6.77579, "LONGITUD": -73.92536 }, "geometry": { "type": "Point", "coordinates": [ -73.92536, 6.77579, 0.0 ] } },
{ "type": "Feature", "properties": { "DEPTO": "BOYACÁ", "MUNICIPIO": "BRICEÑO", "VEREDA": "PALO BLANCO", "GASODUCTO": "CENTRO - ORIENTE", "TRAMO": "PK17+500 - Sucre Oriental", "DISTRITO": "3", "PK_PAT": "26740", "TP_EVENTO": "DESLIZAMIENTO TRASLACIONAL", "PRIORIDAD": " ", "AMENAZA": "( )", "FX2": " ", "LATITUD": 5.6561, "LONGITUD": -73.9062 }, "geometry": { "type": "Point", "coordinates": [ -73.9062, 5.6561, 0.0 ] } },
{ "type": "Feature", "properties": { "DEPTO": "CALDAS", "MUNICIPIO": "VILLAMARÍA", "VEREDA": "ALTO ARROYO", "GASODUCTO": "MARIQUITA - CALI", "TRAMO": "Letras - Marsella", "DISTRITO": "7", "PK_PAT": "90540", "TP_EVENTO": "DESLIZAMIENTO TRASLACIONAL", "PRIORIDAD": " ", "AMENAZA": "( )", "FX2": " ", "LATITUD": 5.0009000000000583, "LONGITUD": -75.50215 }, "geometry": { "type": "Point", "coordinates": [ -75.50215, 5.0009, 0.0 ] } },
{ "type": "Feature", "properties": { "DEPTO": "LA GUAJIRA", "MUNICIPIO": "EL MOLINO", "VEREDA": "ILUSIONES", "GASODUCTO": "BALLENA - BARRANCABERMEJA", "TRAMO": "El Molino", "DISTRITO": "6", "PK_PAT": "6730", "TP_EVENTO": "CARCAVAS", "PRIORIDAD": " ", "AMENAZA": "( )", "FX2": " ", "LATITUD": 10.66, "LONGITUD": -72.938 }, "geometry": { "type": "Point", "coordinates": [ -72.938, 10.66, 0.0 ] } },
{ "type": "Feature", "properties": { "DEPTO": "BOYACÁ", "MUNICIPIO": "TUNUNGUÁ", "VEREDA": "VIJAGUAL", "GASODUCTO": "CENTRO - ORIENTE", "TRAMO": "Tunungua", "DISTRITO": "3", "PK_PAT": "1395", "TP_EVENTO": "CARCAVAS", "PRIORIDAD": " ", "AMENAZA": "( )", "FX2": " ", "LATITUD": 5.728873, "LONGITUD": -73.930535 }, "geometry": { "type": "Point", "coordinates": [ -73.930535, 5.728873, 0.0 ] } },
{ "type": "Feature", "properties": { "DEPTO": "SANTANDER", "MUNICIPIO": "CIMITARRA", "VEREDA": "CAÑO BAÚL", "GASODUCTO": "CENTRO - ORIENTE", "TRAMO": "Sebastopol - Vasconia", "DISTRITO": "1", "PK_PAT": "137802", "TP_EVENTO": "SOCAVACIÓN LATERAL", "PRIORIDAD": " ", "AMENAZA": "( )", "FX2": " ", "LATITUD": 6.3011240000000726, "LONGITUD": -74.462123 }, "geometry": { "type": "Point", "coordinates": [ -74.462123, 6.301124, 0.0 ] } },
{ "type": "Feature", "properties": { "DEPTO": "VALLE DEL CAUCA", "MUNICIPIO": "ZARZAL", "VEREDA": "LIMONES", "GASODUCTO": "MARIQUITA - CALI", "TRAMO": "Loop - Ramal Armenia", "DISTRITO": "7", "PK_PAT": "800", "TP_EVENTO": "OTRO", "PRIORIDAD": " ", "AMENAZA": "( )", "FX2": " ", "LATITUD": 4.40101, "LONGITUD": -76.05169 }, "geometry": { "type": "Point", "coordinates": [ -76.05169, 4.40101, 0.0 ] } },
{ "type": "Feature", "properties": { "DEPTO": "BOYACÁ", "MUNICIPIO": "PUERTO BOYACÁ", "VEREDA": "PALAGUA", "GASODUCTO": "CENTRO - ORIENTE", "TRAMO": "Sebastopol - Vasconia", "DISTRITO": "1", "PK_PAT": "166342", "TP_EVENTO": "REPTACION", "PRIORIDAD": " ", "AMENAZA": "( )", "FX2": " ", "LATITUD": 6.1011760000000663, "LONGITUD": -74.551839 }, "geometry": { "type": "Point", "coordinates": [ -74.551839, 6.101176, 0.0 ] } },
{ "type": "Feature", "properties": { "DEPTO": "BOYACÁ", "MUNICIPIO": "PUERTO BOYACÁ", "VEREDA": "CALDERON", "GASODUCTO": "CENTRO - ORIENTE", "TRAMO": "Puerto Romero - Vasconia", "DISTRITO": "1", "PK_PAT": "7530", "TP_EVENTO": "CARCAVAS", "PRIORIDAD": " ", "AMENAZA": "( )", "FX2": " ", "LATITUD": 5.9704, "LONGITUD": -74.4668 }, "geometry": { "type": "Point", "coordinates": [ -74.4668, 5.9704, 0.0 ] } },
{ "type": "Feature", "properties": { "DEPTO": "BOYACÁ", "MUNICIPIO": "SANTANA", "VEREDA": "SANTA BARBARA", "GASODUCTO": "BOYACA - SANTANDER", "TRAMO": "Otero - Santana", "DISTRITO": "5", "PK_PAT": "44429", "TP_EVENTO": "SOCAVACIÓN LATERAL", "PRIORIDAD": " ", "AMENAZA": "( )", "FX2": " ", "LATITUD": 6.04916, "LONGITUD": -73.5001 }, "geometry": { "type": "Point", "coordinates": [ -73.5001, 6.04916, 0.0 ] } },
{ "type": "Feature", "properties": { "DEPTO": "CUNDINAMARCA", "MUNICIPIO": "PUERTO SALGAR", "VEREDA": "TRES Y MEDIO", "GASODUCTO": "CENTRO - ORIENTE", "TRAMO": "Vasconia - Puerto Salgar", "DISTRITO": "1", "PK_PAT": "242179", "TP_EVENTO": "SOCAVACIÓN LATERAL", "PRIORIDAD": " ", "AMENAZA": "( )", "FX2": " ", "LATITUD": 5.4988000000000739, "LONGITUD": -74.6299 }, "geometry": { "type": "Point", "coordinates": [ -74.6299, 5.4988, 0.0 ] } },
{ "type": "Feature", "properties": { "DEPTO": "CUNDINAMARCA", "MUNICIPIO": "PUERTO SALGAR", "VEREDA": "BRISAS", "GASODUCTO": "CENTRO - ORIENTE", "TRAMO": "Puerto Salgar - Mariquita", "DISTRITO": "2", "PK_PAT": "249897", "TP_EVENTO": "CARCAVAS", "PRIORIDAD": " ", "AMENAZA": "( )", "FX2": " ", "LATITUD": 5.4342691700000501, "LONGITUD": -74.642538229999957 }, "geometry": { "type": "Point", "coordinates": [ -74.642538229999957, 5.43426917000005, 0.0 ] } },
{ "type": "Feature", "properties": { "DEPTO": "CUNDINAMARCA", "MUNICIPIO": "PUERTO SALGAR", "VEREDA": "BRISAS", "GASODUCTO": "CENTRO - ORIENTE", "TRAMO": "Puerto Salgar - Mariquita", "DISTRITO": "2", "PK_PAT": "250432", "TP_EVENTO": "CARCAVAS", "PRIORIDAD": " ", "AMENAZA": "( )", "FX2": " ", "LATITUD": 5.4299556, "LONGITUD": -74.6445117 }, "geometry": { "type": "Point", "coordinates": [ -74.644511699999953, 5.429955600000028, 0.0 ] } },
{ "type": "Feature", "properties": { "DEPTO": "BOYACÁ", "MUNICIPIO": "PUERTO BOYACÁ", "VEREDA": "VELASQUEZ", "GASODUCTO": "CENTRO - ORIENTE", "TRAMO": "La Belleza - Vasconia", "DISTRITO": "1", "PK_PAT": "298325", "TP_EVENTO": "CARCAVAS", "PRIORIDAD": " ", "AMENAZA": "( )", "FX2": " ", "LATITUD": 5.9486000000000558, "LONGITUD": -74.4479 }, "geometry": { "type": "Point", "coordinates": [ -74.4479, 5.9486, 0.0 ] } },
{ "type": "Feature", "properties": { "DEPTO": "BOYACÁ", "MUNICIPIO": "PUERTO BOYACÁ", "VEREDA": "LA PIZARRA", "GASODUCTO": "CENTRO - ORIENTE", "TRAMO": "La Belleza - Vasconia", "DISTRITO": "1", "PK_PAT": "297325", "TP_EVENTO": "SOCAVACIÓN DE FONDO", "PRIORIDAD": " ", "AMENAZA": "( )", "FX2": " ", "LATITUD": 5.9416000000000508, "LONGITUD": -74.4418 }, "geometry": { "type": "Point", "coordinates": [ -74.4418, 5.9416, 0.0 ] } },
{ "type": "Feature", "properties": { "DEPTO": "BOYACÁ", "MUNICIPIO": "PUERTO BOYACÁ", "VEREDA": "VELASQUEZ", "GASODUCTO": "CENTRO - ORIENTE", "TRAMO": "Puerto Romero - Vasconia", "DISTRITO": "1", "PK_PAT": "4750", "TP_EVENTO": "CARCAVAS", "PRIORIDAD": " ", "AMENAZA": "( )", "FX2": " ", "LATITUD": 5.9522000000000617, "LONGITUD": -74.4513 }, "geometry": { "type": "Point", "coordinates": [ -74.4513, 5.9522, 0.0 ] } },
{ "type": "Feature", "properties": { "DEPTO": "BOYACÁ", "MUNICIPIO": "PUERTO BOYACÁ", "VEREDA": "VELASQUEZ", "GASODUCTO": "CENTRO - ORIENTE", "TRAMO": "Puerto Romero - Vasconia", "DISTRITO": "1", "PK_PAT": "5490", "TP_EVENTO": "CARCAVAS", "PRIORIDAD": " ", "AMENAZA": "( )", "FX2": " ", "LATITUD": 5.9573, "LONGITUD": -74.4549 }, "geometry": { "type": "Point", "coordinates": [ -74.4549, 5.9573, 0.0 ] } },
{ "type": "Feature", "properties": { "DEPTO": "META", "MUNICIPIO": "VILLAVICENCIO", "VEREDA": "SAN LUIS DE OCOA", "GASODUCTO": "CUSIANA - APIAY - USME", "TRAMO": "Apiay - Termocoa", "DISTRITO": "4", "PK_PAT": "36630", "TP_EVENTO": "SOCAVACIÓN LATERAL", "PRIORIDAD": " ", "AMENAZA": "( )", "FX2": " ", "LATITUD": 4.0773349200000553, "LONGITUD": -73.685796039999957 }, "geometry": { "type": "Point", "coordinates": [ -73.685796039999957, 4.077334920000055, 0.0 ] } },
{ "type": "Feature", "properties": { "DEPTO": "CESAR", "MUNICIPIO": "CHIRIGUANÁ", "VEREDA": "SIN INFORMACION", "GASODUCTO": "BALLENA - BARRANCABERMEJA", "TRAMO": "Casacara - Curumani", "DISTRITO": "6", "PK_PAT": "288671", "TP_EVENTO": "CARCAVAS", "PRIORIDAD": " ", "AMENAZA": "( )", "FX2": " ", "LATITUD": 9.4370000000000687, "LONGITUD": -73.4813 }, "geometry": { "type": "Point", "coordinates": [ -73.4813, 9.437, 0.0 ] } },
{ "type": "Feature", "properties": { "DEPTO": "META", "MUNICIPIO": "GUAMAL", "VEREDA": "BRISAS DE OROTOY", "GASODUCTO": "GASODUCTO DEL ARIARI", "TRAMO": "Gasoducto del Ariari", "DISTRITO": "4", "PK_PAT": "12550", "TP_EVENTO": "SOCAVACIÓN LATERAL", "PRIORIDAD": " ", "AMENAZA": "( )", "FX2": " ", "LATITUD": 3.910030000000063, "LONGITUD": -73.77036 }, "geometry": { "type": "Point", "coordinates": [ -73.77036, 3.91003, 0.0 ] } },
{ "type": "Feature", "properties": { "DEPTO": "META", "MUNICIPIO": "VILLAVICENCIO", "VEREDA": "SAMARÍA", "GASODUCTO": "CUSIANA - APIAY - USME", "TRAMO": "Villavicencio - Usme", "DISTRITO": "4", "PK_PAT": "40555", "TP_EVENTO": "OTRO", "PRIORIDAD": " ", "AMENAZA": "( )", "FX2": " ", "LATITUD": 4.1291422220000413, "LONGITUD": -73.699834719999956 }, "geometry": { "type": "Point", "coordinates": [ -73.699834719999956, 4.129142222000041, 0.0 ] } },
{ "type": "Feature", "properties": { "DEPTO": "SANTANDER", "MUNICIPIO": "FLORIÁN", "VEREDA": "LA VENTA", "GASODUCTO": "PORVENIR - LA BELLEZA", "TRAMO": "Puente Guillermo - La Belleza", "DISTRITO": "5", "PK_PAT": "9140", "TP_EVENTO": "SOCAVACIÓN DE FONDO", "PRIORIDAD": " ", "AMENAZA": "( )", "FX2": " ", "LATITUD": 5.8063, "LONGITUD": -73.885 }, "geometry": { "type": "Point", "coordinates": [ -73.885, 5.8063, 0.0 ] } },
{ "type": "Feature", "properties": { "DEPTO": "CALDAS", "MUNICIPIO": "MANIZALES", "VEREDA": "LA ENEA PARTE", "GASODUCTO": "MARIQUITA - CALI", "TRAMO": "Letras - Marsella", "DISTRITO": "7", "PK_PAT": "80700", "TP_EVENTO": "DESLIZAMIENTO TRASLACIONAL", "PRIORIDAD": " ", "AMENAZA": "( )", "FX2": " ", "LATITUD": 5.0253782, "LONGITUD": -75.4355801 }, "geometry": { "type": "Point", "coordinates": [ -75.435580099999981, 5.025378200000034, 0.0 ] } },
{ "type": "Feature", "properties": { "DEPTO": "BOYACÁ", "MUNICIPIO": "SANTA SOFÍA", "VEREDA": "SALITRILLO", "GASODUCTO": "PORVENIR - LA BELLEZA", "TRAMO": "Sutamarchan - La Belleza", "DISTRITO": "5", "PK_PAT": "138637", "TP_EVENTO": "SOCAVACIÓN LATERAL", "PRIORIDAD": " ", "AMENAZA": "( )", "FX2": " ", "LATITUD": 5.7399667500000646, "LONGITUD": -73.594273329999965 }, "geometry": { "type": "Point", "coordinates": [ -73.594273329999965, 5.739966750000065, 0.0 ] } },
{ "type": "Feature", "properties": { "DEPTO": "SANTANDER", "MUNICIPIO": "CIMITARRA", "VEREDA": "PUERTO OLAYA", "GASODUCTO": "CENTRO - ORIENTE", "TRAMO": "Barrancabermeja - Sebastopol", "DISTRITO": "1", "PK_PAT": "106323", "TP_EVENTO": "SOCAVACIÓN LATERAL", "PRIORIDAD": " ", "AMENAZA": "( )", "FX2": " ", "LATITUD": 6.4943000000000666, "LONGITUD": -74.3602 }, "geometry": { "type": "Point", "coordinates": [ -74.3602, 6.4943, 0.0 ] } },
{ "type": "Feature", "properties": { "DEPTO": "BOYACÁ", "MUNICIPIO": "BRICEÑO", "VEREDA": "PALO BLANCO", "GASODUCTO": "CENTRO - ORIENTE", "TRAMO": "PK17+500 - Sucre Oriental", "DISTRITO": "3", "PK_PAT": "23810", "TP_EVENTO": "SOCAVACIÓN LATERAL", "PRIORIDAD": " ", "AMENAZA": "( )", "FX2": " ", "LATITUD": 5.6748533000001, "LONGITUD": -73.9218217 }, "geometry": { "type": "Point", "coordinates": [ -73.921821699999953, 5.674853300000052, 0.0 ] } },
{ "type": "Feature", "properties": { "DEPTO": "META", "MUNICIPIO": "BARRANCA DE UPÍA", "VEREDA": "ALIANZA", "GASODUCTO": "CUSIANA - APIAY - USME", "TRAMO": "Cusiana - PK65", "DISTRITO": "4", "PK_PAT": "61440", "TP_EVENTO": "OTRO", "PRIORIDAD": " ", "AMENAZA": "( )", "FX2": " ", "LATITUD": 4.6541520000000673, "LONGITUD": -73.049121 }, "geometry": { "type": "Point", "coordinates": [ -73.049121, 4.654152, 0.0 ] } },
{ "type": "Feature", "properties": { "DEPTO": "SANTANDER", "MUNICIPIO": "PUENTE NACIONAL", "VEREDA": "MONTES", "GASODUCTO": "CENTRO - ORIENTE", "TRAMO": "Puente Guillermo - Sucre Oriental", "DISTRITO": "3", "PK_PAT": "490", "TP_EVENTO": "CARCAVAS", "PRIORIDAD": " ", "AMENAZA": "( )", "FX2": " ", "LATITUD": 5.8124283, "LONGITUD": -73.6937633 }, "geometry": { "type": "Point", "coordinates": [ -73.693763299999944, 5.812428300000022, 0.0 ] } },
{ "type": "Feature", "properties": { "DEPTO": "BOYACÁ", "MUNICIPIO": "TOGÜÍ", "VEREDA": "EL TABLON", "GASODUCTO": "BOYACA - SANTANDER", "TRAMO": "Togui", "DISTRITO": "5", "PK_PAT": "15050", "TP_EVENTO": "OTRO", "PRIORIDAD": " ", "AMENAZA": "( )", "FX2": " ", "LATITUD": 5.9265, "LONGITUD": -73.5247 }, "geometry": { "type": "Point", "coordinates": [ -73.5247, 5.9265, 0.0 ] } },
{ "type": "Feature", "properties": { "DEPTO": "CASANARE", "MUNICIPIO": "TAURAMENA", "VEREDA": "ACEITE ALTO", "GASODUCTO": "CUSIANA - APIAY - USME", "TRAMO": "Cusiana - Pk65", "DISTRITO": "4", "PK_PAT": "977", "TP_EVENTO": "SOCAVACIÓN DE FONDO", "PRIORIDAD": " ", "AMENAZA": "( )", "FX2": " ", "LATITUD": 4.992680000000064, "LONGITUD": -72.708725 }, "geometry": { "type": "Point", "coordinates": [ -72.708725, 4.99268, 0.0 ] } },
{ "type": "Feature", "properties": { "DEPTO": "CUNDINAMARCA", "MUNICIPIO": "PARATEBUENO", "VEREDA": "PALOMAS MARARABE", "GASODUCTO": "CUSIANA - APIAY - USME", "TRAMO": "PK65 - APIAY", "DISTRITO": "4", "PK_PAT": "95249", "TP_EVENTO": "OTRO", "PRIORIDAD": " ", "AMENAZA": "( )", "FX2": " ", "LATITUD": 4.421902, "LONGITUD": -73.2094192 }, "geometry": { "type": "Point", "coordinates": [ -73.209419199999957, 4.421902, 0.0 ] } },
{ "type": "Feature", "properties": { "DEPTO": "CALDAS", "MUNICIPIO": "VILLAMARÍA", "VEREDA": "LA FLORIDA", "GASODUCTO": "MARIQUITA - CALI", "TRAMO": "Letras - Marsella", "DISTRITO": "7", "PK_PAT": "82630", "TP_EVENTO": "DESLIZAMIENTO TRASLACIONAL", "PRIORIDAD": " ", "AMENAZA": "( )", "FX2": " ", "LATITUD": 5.020926, "LONGITUD": -75.44992 }, "geometry": { "type": "Point", "coordinates": [ -75.44992, 5.020926, 0.0 ] } },
{ "type": "Feature", "properties": { "DEPTO": "CALDAS", "MUNICIPIO": "VILLAMARÍA", "VEREDA": "LA FLORIDA", "GASODUCTO": "MARIQUITA - CALI", "TRAMO": "Letras - Marsella", "DISTRITO": "7", "PK_PAT": "82890", "TP_EVENTO": "SOCAVACIÓN LATERAL", "PRIORIDAD": " ", "AMENAZA": "( )", "FX2": " ", "LATITUD": 5.0199480000000563, "LONGITUD": -75.45196 }, "geometry": { "type": "Point", "coordinates": [ -75.45196, 5.019948, 0.0 ] } },
{ "type": "Feature", "properties": { "DEPTO": "BOYACÁ", "MUNICIPIO": "MONIQUIRÁ", "VEREDA": "SAN VICENTE", "GASODUCTO": "BOYACA - SANTANDER", "TRAMO": "Otero - Santana", "DISTRITO": "5", "PK_PAT": "19550", "TP_EVENTO": "DESLIZAMIENTO TRASLACIONAL", "PRIORIDAD": " ", "AMENAZA": "( )", "FX2": " ", "LATITUD": 5.9281512780000298, "LONGITUD": -73.6063115 }, "geometry": { "type": "Point", "coordinates": [ -73.606311499999947, 5.92815127800003, 0.0 ] } },
{ "type": "Feature", "properties": { "DEPTO": "VALLE DEL CAUCA", "MUNICIPIO": "ZARZAL", "VEREDA": "QUEBRADA NUEVA", "GASODUCTO": "MARIQUITA - CALI", "TRAMO": "Armenia", "DISTRITO": "7", "PK_PAT": "18650", "TP_EVENTO": "OTRO", "PRIORIDAD": " ", "AMENAZA": "( )", "FX2": " ", "LATITUD": 4.405128, "LONGITUD": -75.913145 }, "geometry": { "type": "Point", "coordinates": [ -75.913145, 4.405128, 0.0 ] } },
{ "type": "Feature", "properties": { "DEPTO": "SANTANDER", "MUNICIPIO": "BARRANCABERMEJA", "VEREDA": "CAMPO 45", "GASODUCTO": "CENTRO - ORIENTE", "TRAMO": "Barrancabermeja - Sebastopol", "DISTRITO": "1", "PK_PAT": "12916", "TP_EVENTO": "OTRO", "PRIORIDAD": " ", "AMENAZA": "( )", "FX2": " ", "LATITUD": 7.034007, "LONGITUD": -73.817242 }, "geometry": { "type": "Point", "coordinates": [ -73.817242, 7.034007, 0.0 ] } },
{ "type": "Feature", "properties": { "DEPTO": "SANTANDER", "MUNICIPIO": "BARRANCABERMEJA", "VEREDA": "CAMPO GALA", "GASODUCTO": "CENTRO - ORIENTE", "TRAMO": "Barrancabermeja - Sebastopol", "DISTRITO": "1", "PK_PAT": "1033", "TP_EVENTO": "OTRO", "PRIORIDAD": " ", "AMENAZA": "( )", "FX2": " ", "LATITUD": 7.0883900000000608, "LONGITUD": -73.85292 }, "geometry": { "type": "Point", "coordinates": [ -73.85292, 7.08839, 0.0 ] } },
{ "type": "Feature", "properties": { "DEPTO": "SANTANDER", "MUNICIPIO": "BARRANCABERMEJA", "VEREDA": "CUATRO BOCAS", "GASODUCTO": "CENTRO - ORIENTE", "TRAMO": "Barrancabermeja - Sebastopol", "DISTRITO": "1", "PK_PAT": "14646", "TP_EVENTO": "CARCAVAS", "PRIORIDAD": " ", "AMENAZA": "( )", "FX2": " ", "LATITUD": 7.01955, "LONGITUD": -73.8212333 }, "geometry": { "type": "Point", "coordinates": [ -73.82123329999996, 7.01955, 0.0 ] } },
{ "type": "Feature", "properties": { "DEPTO": "SANTANDER", "MUNICIPIO": "BARRANCABERMEJA", "VEREDA": "CUATRO BOCAS", "GASODUCTO": "CENTRO - ORIENTE", "TRAMO": "Barrancabermeja - Sebastopol", "DISTRITO": "1", "PK_PAT": "16796", "TP_EVENTO": "OTRO", "PRIORIDAD": " ", "AMENAZA": "( )", "FX2": " ", "LATITUD": 7.0008955000001, "LONGITUD": -73.8241829 }, "geometry": { "type": "Point", "coordinates": [ -73.824182899999983, 7.00089550000007, 0.0 ] } },
{ "type": "Feature", "properties": { "DEPTO": "SANTANDER", "MUNICIPIO": "CIMITARRA", "VEREDA": "RIVERAS DEL SAN JUAN", "GASODUCTO": "CENTRO - ORIENTE", "TRAMO": "Barrancabermeja - Sebastopol", "DISTRITO": "1", "PK_PAT": "84835", "TP_EVENTO": "SOCAVACIÓN LATERAL", "PRIORIDAD": " ", "AMENAZA": "( )", "FX2": " ", "LATITUD": 6.5633033, "LONGITUD": -74.1879367 }, "geometry": { "type": "Point", "coordinates": [ -74.187936699999966, 6.56330330000003, 0.0 ] } },
{ "type": "Feature", "properties": { "DEPTO": "SANTANDER", "MUNICIPIO": "SIMACOTA", "VEREDA": "PULPAPEL", "GASODUCTO": "CENTRO - ORIENTE", "TRAMO": "Barrancabermeja - Sebastopol", "DISTRITO": "1", "PK_PAT": "46110", "TP_EVENTO": "SOCAVACIÓN LATERAL", "PRIORIDAD": " ", "AMENAZA": "( )", "FX2": " ", "LATITUD": 6.77216, "LONGITUD": -73.92847 }, "geometry": { "type": "Point", "coordinates": [ -73.92847, 6.77216, 0.0 ] } },
{ "type": "Feature", "properties": { "DEPTO": "SANTANDER", "MUNICIPIO": "CIMITARRA", "VEREDA": "PUERTO OLAYA", "GASODUCTO": "CENTRO - ORIENTE", "TRAMO": "Barrancabermeja - Sebastopol", "DISTRITO": "1", "PK_PAT": "102406", "TP_EVENTO": "OTRO", "PRIORIDAD": " ", "AMENAZA": "( )", "FX2": " ", "LATITUD": 6.511065, "LONGITUD": -74.330335 }, "geometry": { "type": "Point", "coordinates": [ -74.330335, 6.511065, 0.0 ] } },
{ "type": "Feature", "properties": { "DEPTO": "SANTANDER", "MUNICIPIO": "CIMITARRA", "VEREDA": "PUERTO OLAYA", "GASODUCTO": "CENTRO - ORIENTE", "TRAMO": "Barrancabermeja - Sebastopol", "DISTRITO": "1", "PK_PAT": "103509", "TP_EVENTO": "SURCOS", "PRIORIDAD": " ", "AMENAZA": "( )", "FX2": " ", "LATITUD": 6.5054472, "LONGITUD": -74.33832 }, "geometry": { "type": "Point", "coordinates": [ -74.33832, 6.505447200000049, 0.0 ] } },
{ "type": "Feature", "properties": { "DEPTO": "CUNDINAMARCA", "MUNICIPIO": "CUCUNUBÁ", "VEREDA": "LA FLORIDA", "GASODUCTO": "CENTRO - ORIENTE", "TRAMO": "Cucunuba", "DISTRITO": "3", "PK_PAT": "404", "TP_EVENTO": "CARCAVAS", "PRIORIDAD": " ", "AMENAZA": "( )", "FX2": " ", "LATITUD": 5.25904, "LONGITUD": -73.7827433 }, "geometry": { "type": "Point", "coordinates": [ -73.782743299999936, 5.25904, 0.0 ] } },
{ "type": "Feature", "properties": { "DEPTO": "CASANARE", "MUNICIPIO": "SABANALARGA", "VEREDA": "SAN PEDRO", "GASODUCTO": "CUSIANA - APIAY - USME", "TRAMO": "Cusiana - PK65", "DISTRITO": "4", "PK_PAT": "39910", "TP_EVENTO": "SOCAVACIÓN LATERAL", "PRIORIDAD": " ", "AMENAZA": "( )", "FX2": " ", "LATITUD": 4.8072133000001, "LONGITUD": -72.9609617 }, "geometry": { "type": "Point", "coordinates": [ -72.960961699999984, 4.807213300000058, 0.0 ] } },
{ "type": "Feature", "properties": { "DEPTO": "SANTANDER", "MUNICIPIO": "CIMITARRA", "VEREDA": "TIERRADENTRO", "GASODUCTO": "CENTRO - ORIENTE", "TRAMO": "Sebastopol - Vasconia", "DISTRITO": "1", "PK_PAT": "127240", "TP_EVENTO": "OTRO", "PRIORIDAD": " ", "AMENAZA": "( )", "FX2": " ", "LATITUD": 6.3737, "LONGITUD": -74.4107 }, "geometry": { "type": "Point", "coordinates": [ -74.4107, 6.3737, 0.0 ] } },
{ "type": "Feature", "properties": { "DEPTO": "CALDAS", "MUNICIPIO": "MANIZALES", "VEREDA": "LA ENEA PARTE", "GASODUCTO": "MARIQUITA - CALI", "TRAMO": "Letras - Marsella", "DISTRITO": "7", "PK_PAT": "75270", "TP_EVENTO": "DESLIZAMIENTO TRASLACIONAL", "PRIORIDAD": " ", "AMENAZA": "( )", "FX2": " ", "LATITUD": 5.050508, "LONGITUD": -75.401058 }, "geometry": { "type": "Point", "coordinates": [ -75.401058, 5.050508, 0.0 ] } },
{ "type": "Feature", "properties": { "DEPTO": "VALLE DEL CAUCA", "MUNICIPIO": "ZARZAL", "VEREDA": "QUEBRADA NUEVA", "GASODUCTO": "MARIQUITA - CALI", "TRAMO": "Loop - Ramal Armenia", "DISTRITO": "7", "PK_PAT": "11257", "TP_EVENTO": "SOCAVACIÓN LATERAL", "PRIORIDAD": " ", "AMENAZA": "( )", "FX2": " ", "LATITUD": 4.3915000000000646, "LONGITUD": -75.9688 }, "geometry": { "type": "Point", "coordinates": [ -75.9688, 4.3915, 0.0 ] } },
{ "type": "Feature", "properties": { "DEPTO": "TOLIMA", "MUNICIPIO": "HERVEO", "VEREDA": "DELGADITAS", "GASODUCTO": "MARIQUITA - CALI", "TRAMO": "Mariquita - Letras", "DISTRITO": "7", "PK_PAT": "52070", "TP_EVENTO": "DESLIZAMIENTO TRASLACIONAL", "PRIORIDAD": " ", "AMENAZA": "( )", "FX2": " ", "LATITUD": 5.09238, "LONGITUD": -75.23753 }, "geometry": { "type": "Point", "coordinates": [ -75.23753, 5.09238, 0.0 ] } },
{ "type": "Feature", "properties": { "DEPTO": "TOLIMA", "MUNICIPIO": "HERVEO", "VEREDA": "TORRE VEINTE", "GASODUCTO": "MARIQUITA - CALI", "TRAMO": "Mariquita - Letras", "DISTRITO": "7", "PK_PAT": "57800", "TP_EVENTO": "OTRO", "PRIORIDAD": " ", "AMENAZA": "( )", "FX2": " ", "LATITUD": 5.0847600000000739, "LONGITUD": -75.28068 }, "geometry": { "type": "Point", "coordinates": [ -75.28068, 5.08476, 0.0 ] } },
{ "type": "Feature", "properties": { "DEPTO": "QUINDIO", "MUNICIPIO": "FILANDIA", "VEREDA": "LA CAUCHERA", "GASODUCTO": "MARIQUITA - CALI", "TRAMO": "Salento", "DISTRITO": "7", "PK_PAT": "599", "TP_EVENTO": "SOCAVACIÓN DE FONDO", "PRIORIDAD": " ", "AMENAZA": "( )", "FX2": " ", "LATITUD": 4.624, "LONGITUD": -75.6839 }, "geometry": { "type": "Point", "coordinates": [ -75.6839, 4.624, 0.0 ] } },
{ "type": "Feature", "properties": { "DEPTO": "CUNDINAMARCA", "MUNICIPIO": "QUETAME", "VEREDA": "HOYA ALTA", "GASODUCTO": "CUSIANA - APIAY - USME", "TRAMO": "Villavicencio - Usme", "DISTRITO": "4", "PK_PAT": "80970", "TP_EVENTO": "OTRO", "PRIORIDAD": " ", "AMENAZA": "( )", "FX2": " ", "LATITUD": 4.315915000000075, "LONGITUD": -73.8940433 }, "geometry": { "type": "Point", "coordinates": [ -73.894043299999964, 4.315915, 0.0 ] } },
{ "type": "Feature", "properties": { "DEPTO": "VALLE DEL CAUCA", "MUNICIPIO": "GUACARÍ", "VEREDA": "EL TRIUNFO", "GASODUCTO": "MARIQUITA - CALI", "TRAMO": "Tulua - Cali", "DISTRITO": "8", "PK_PAT": "311379", "TP_EVENTO": "OTRO", "PRIORIDAD": "Medio", "AMENAZA": "(Medio)", "FX2": " ", "LATITUD": 3.7265555560000507, "LONGITUD": -76.354916666999941 }, "geometry": { "type": "Point", "coordinates": [ -76.354916666999941, 3.726555556000051, 0.0 ] } },
{ "type": "Feature", "properties": { "DEPTO": "CUNDINAMARCA", "MUNICIPIO": "FÚQUENE", "VEREDA": "TARABITA", "GASODUCTO": "CENTRO - ORIENTE", "TRAMO": "Sucre Oriental - Cogua", "DISTRITO": "3", "PK_PAT": "60503", "TP_EVENTO": "SURCOS", "PRIORIDAD": " ", "AMENAZA": "( )", "FX2": " ", "LATITUD": 5.4139336000001, "LONGITUD": -73.7682906 }, "geometry": { "type": "Point", "coordinates": [ -73.768290599999943, 5.413933600000064, 0.0 ] } },
{ "type": "Feature", "properties": { "DEPTO": "TOLIMA", "MUNICIPIO": "LÉRIDA", "VEREDA": "EL CENSO", "GASODUCTO": "CENTRO - ORIENTE", "TRAMO": "Ambalema", "DISTRITO": "2", "PK_PAT": "6697", "TP_EVENTO": "SOCAVACIÓN DE FONDO", "PRIORIDAD": " ", "AMENAZA": "( )", "FX2": " ", "LATITUD": 4.804, "LONGITUD": -74.8744 }, "geometry": { "type": "Point", "coordinates": [ -74.8744, 4.804, 0.0 ] } },
{ "type": "Feature", "properties": { "DEPTO": "BOYACÁ", "MUNICIPIO": "TIBASOSA", "VEREDA": "PATROCINIO", "GASODUCTO": "BOYACA - SANTANDER", "TRAMO": "Teatinos - Belencito", "DISTRITO": "5", "PK_PAT": "79900", "TP_EVENTO": "OTRO", "PRIORIDAD": " ", "AMENAZA": "( )", "FX2": " ", "LATITUD": 5.7446, "LONGITUD": -72.9452 }, "geometry": { "type": "Point", "coordinates": [ -72.9452, 5.7446, 0.0 ] } },
{ "type": "Feature", "properties": { "DEPTO": "CUNDINAMARCA", "MUNICIPIO": "VILLA DE SAN DIEGO DE UBATÉ", "VEREDA": "LA PATERA", "GASODUCTO": "CENTRO - ORIENTE", "TRAMO": "Ubate", "DISTRITO": "3", "PK_PAT": "9", "TP_EVENTO": "OTRO", "PRIORIDAD": " ", "AMENAZA": "( )", "FX2": " ", "LATITUD": 5.3162170000000515, "LONGITUD": -73.768475 }, "geometry": { "type": "Point", "coordinates": [ -73.768475, 5.316217, 0.0 ] } },
{ "type": "Feature", "properties": { "DEPTO": "CUNDINAMARCA", "MUNICIPIO": "PUERTO SALGAR", "VEREDA": "YERBABUENA", "GASODUCTO": "CENTRO - ORIENTE", "TRAMO": "Vasconia - Puerto Salgar", "DISTRITO": "1", "PK_PAT": "235925", "TP_EVENTO": "SOCAVACIÓN DE FONDO", "PRIORIDAD": " ", "AMENAZA": "( )", "FX2": " ", "LATITUD": 5.5513, "LONGITUD": -74.6242 }, "geometry": { "type": "Point", "coordinates": [ -74.6242, 5.5513, 0.0 ] } },
{ "type": "Feature", "properties": { "DEPTO": "CUNDINAMARCA", "MUNICIPIO": "UNE", "VEREDA": "SAN LUIS", "GASODUCTO": "CUSIANA - APIAY - USME", "TRAMO": "Villavicencio - Usme", "DISTRITO": "4", "PK_PAT": "102687", "TP_EVENTO": "DESLIZAMIENTO TRASLACIONAL", "PRIORIDAD": " ", "AMENAZA": "( )", "FX2": " ", "LATITUD": 4.402069, "LONGITUD": -74.008572 }, "geometry": { "type": "Point", "coordinates": [ -74.008572, 4.402069, 0.0 ] } },
{ "type": "Feature", "properties": { "DEPTO": "CALDAS", "MUNICIPIO": "VICTORIA", "VEREDA": "EL AGUACATE", "GASODUCTO": "CENTRO - ORIENTE", "TRAMO": "La Victoria", "DISTRITO": "2", "PK_PAT": "6700", "TP_EVENTO": "OTRO", "PRIORIDAD": " ", "AMENAZA": "( )", "FX2": " ", "LATITUD": 5.3134880000000635, "LONGITUD": -74.887825 }, "geometry": { "type": "Point", "coordinates": [ -74.887825, 5.313488, 0.0 ] } },
{ "type": "Feature", "properties": { "DEPTO": "BOYACÁ", "MUNICIPIO": "TUNUNGUÁ", "VEREDA": "EL PALMAR", "GASODUCTO": "CENTRO - ORIENTE", "TRAMO": "PK17+500 - Sucre Oriental", "DISTRITO": "3", "PK_PAT": "17630", "TP_EVENTO": "SOCAVACIÓN DE FONDO", "PRIORIDAD": " ", "AMENAZA": "( )", "FX2": " ", "LATITUD": 5.7193980000000693, "LONGITUD": -73.935297 }, "geometry": { "type": "Point", "coordinates": [ -73.935297, 5.719398, 0.0 ] } },
{ "type": "Feature", "properties": { "DEPTO": "SANTANDER", "MUNICIPIO": "ALBANIA", "VEREDA": "EL HATILLO", "GASODUCTO": "PORVENIR - LA BELLEZA", "TRAMO": "Sutamarchan - La Belleza", "DISTRITO": "5", "PK_PAT": "196004", "TP_EVENTO": "SOCAVACIÓN LATERAL", "PRIORIDAD": " ", "AMENAZA": "( )", "FX2": " ", "LATITUD": 5.8122939390000283, "LONGITUD": -73.774293370999942 }, "geometry": { "type": "Point", "coordinates": [ -73.774293370999942, 5.812293939000028, 0.0 ] } },
{ "type": "Feature", "properties": { "DEPTO": "BOYACÁ", "MUNICIPIO": "OTANCHE", "VEREDA": "S JOSÉ NAZARETH", "GASODUCTO": "CENTRO - ORIENTE", "TRAMO": "La Belleza - Vasconia", "DISTRITO": "1", "PK_PAT": "246709", "TP_EVENTO": "FLUJOS", "PRIORIDAD": " ", "AMENAZA": "( )", "FX2": " ", "LATITUD": 5.816874, "LONGITUD": -74.1232322 }, "geometry": { "type": "Point", "coordinates": [ -74.123232199999961, 5.816874, 0.0 ] } },
{ "type": "Feature", "properties": { "DEPTO": "CASANARE", "MUNICIPIO": "MONTERREY", "VEREDA": "TIGRANA", "GASODUCTO": "CUSIANA - PORVENIR", "TRAMO": "Cusiana - Miraflores", "DISTRITO": "4", "PK_PAT": "29100", "TP_EVENTO": "DESLIZAMIENTO ROTACIONAL", "PRIORIDAD": " ", "AMENAZA": "( )", "FX2": "20231011_INF INSP TEC_C04_CP_CUS-MIRAF_PK029+100_VA", "LATITUD": 4.9159483330000739, "LONGITUD": -72.907138059999966 }, "geometry": { "type": "Point", "coordinates": [ -72.907138059999966, 4.915948333000074, 0.0 ] } },
{ "type": "Feature", "properties": { "DEPTO": "BOYACÁ", "MUNICIPIO": "PUERTO BOYACÁ", "VEREDA": "LAS PAVAS", "GASODUCTO": "CENTRO - ORIENTE", "TRAMO": "La Belleza - Vasconia", "DISTRITO": "1", "PK_PAT": "287870", "TP_EVENTO": "SOCAVACIÓN DE FONDO", "PRIORIDAD": " ", "AMENAZA": "( )", "FX2": " ", "LATITUD": 5.8870483000001, "LONGITUD": -74.3818683 }, "geometry": { "type": "Point", "coordinates": [ -74.381868299999951, 5.88704830000006, 0.0 ] } },
{ "type": "Feature", "properties": { "DEPTO": "BOYACÁ", "MUNICIPIO": "PUERTO BOYACÁ", "VEREDA": "LAS PAVAS", "GASODUCTO": "CENTRO - ORIENTE", "TRAMO": "La Belleza - Vasconia", "DISTRITO": "1", "PK_PAT": "288340", "TP_EVENTO": "SOCAVACIÓN LATERAL", "PRIORIDAD": " ", "AMENAZA": "( )", "FX2": " ", "LATITUD": 5.8905483, "LONGITUD": -74.3841517 }, "geometry": { "type": "Point", "coordinates": [ -74.384151699999961, 5.890548300000034, 0.0 ] } },
{ "type": "Feature", "properties": { "DEPTO": "BOYACÁ", "MUNICIPIO": "PUERTO BOYACÁ", "VEREDA": "LAS PAVAS", "GASODUCTO": "CENTRO - ORIENTE", "TRAMO": "La Belleza - Vasconia", "DISTRITO": "1", "PK_PAT": "289250", "TP_EVENTO": "SOCAVACIÓN LATERAL", "PRIORIDAD": " ", "AMENAZA": "( )", "FX2": " ", "LATITUD": 5.896705000000054, "LONGITUD": -74.386905 }, "geometry": { "type": "Point", "coordinates": [ -74.386905, 5.896705, 0.0 ] } },
{ "type": "Feature", "properties": { "DEPTO": "BOYACÁ", "MUNICIPIO": "PUERTO BOYACÁ", "VEREDA": "LAS PAVAS", "GASODUCTO": "CENTRO - ORIENTE", "TRAMO": "La Belleza - Vasconia", "DISTRITO": "1", "PK_PAT": "58940", "TP_EVENTO": "SOCAVACIÓN LATERAL", "PRIORIDAD": " ", "AMENAZA": "( )", "FX2": " ", "LATITUD": 5.8514000000000692, "LONGITUD": -74.339698 }, "geometry": { "type": "Point", "coordinates": [ -74.339698, 5.8514, 0.0 ] } },
{ "type": "Feature", "properties": { "DEPTO": "BOYACÁ", "MUNICIPIO": "PUERTO BOYACÁ", "VEREDA": "LA PIZARRA", "GASODUCTO": "CENTRO - ORIENTE", "TRAMO": "La Belleza - Vasconia", "DISTRITO": "1", "PK_PAT": "290626", "TP_EVENTO": "OTRO", "PRIORIDAD": " ", "AMENAZA": "( )", "FX2": " ", "LATITUD": 5.9039717000001, "LONGITUD": -74.39616 }, "geometry": { "type": "Point", "coordinates": [ -74.39616, 5.903971700000056, 0.0 ] } },
{ "type": "Feature", "properties": { "DEPTO": "TOLIMA", "MUNICIPIO": "LÍBANO", "VEREDA": "LA FLORIDA", "GASODUCTO": "CENTRO - ORIENTE", "TRAMO": "Tierradentro", "DISTRITO": "2", "PK_PAT": "125", "TP_EVENTO": "SOCAVACIÓN DE FONDO", "PRIORIDAD": " ", "AMENAZA": "( )", "FX2": " ", "LATITUD": 4.869582, "LONGITUD": -75.006198 }, "geometry": { "type": "Point", "coordinates": [ -75.006198, 4.869582, 0.0 ] } },
{ "type": "Feature", "properties": { "DEPTO": "BOYACÁ", "MUNICIPIO": "PUERTO BOYACÁ", "VEREDA": "CALDERON", "GASODUCTO": "CENTRO - ORIENTE", "TRAMO": "Puerto Romero - Vasconia", "DISTRITO": "1", "PK_PAT": "5990", "TP_EVENTO": "OTRO", "PRIORIDAD": " ", "AMENAZA": "( )", "FX2": " ", "LATITUD": 5.960995, "LONGITUD": -74.45785 }, "geometry": { "type": "Point", "coordinates": [ -74.45785, 5.960995, 0.0 ] } },
{ "type": "Feature", "properties": { "DEPTO": "BOYACÁ", "MUNICIPIO": "PUERTO BOYACÁ", "VEREDA": "VELASQUEZ", "GASODUCTO": "CENTRO - ORIENTE", "TRAMO": "Puerto Romero - Vasconia", "DISTRITO": "1", "PK_PAT": "4665", "TP_EVENTO": "OTRO", "PRIORIDAD": " ", "AMENAZA": "( )", "FX2": " ", "LATITUD": 5.9515618, "LONGITUD": -74.45087 }, "geometry": { "type": "Point", "coordinates": [ -74.45087, 5.951561800000036, 0.0 ] } },
{ "type": "Feature", "properties": { "DEPTO": "BOYACÁ", "MUNICIPIO": "PUERTO BOYACÁ", "VEREDA": "VELASQUEZ", "GASODUCTO": "CENTRO - ORIENTE", "TRAMO": "Puerto Romero - Vasconia", "DISTRITO": "1", "PK_PAT": "5591", "TP_EVENTO": "OTRO", "PRIORIDAD": " ", "AMENAZA": "( )", "FX2": " ", "LATITUD": 5.9579302, "LONGITUD": -74.4553229 }, "geometry": { "type": "Point", "coordinates": [ -74.455322899999942, 5.957930200000021, 0.0 ] } },
{ "type": "Feature", "properties": { "DEPTO": "BOYACÁ", "MUNICIPIO": "PUERTO BOYACÁ", "VEREDA": "VELASQUEZ", "GASODUCTO": "CENTRO - ORIENTE", "TRAMO": "Puerto Romero - Vasconia", "DISTRITO": "1", "PK_PAT": "5665", "TP_EVENTO": "OTRO", "PRIORIDAD": " ", "AMENAZA": "( )", "FX2": " ", "LATITUD": 5.95847, "LONGITUD": -74.4558306 }, "geometry": { "type": "Point", "coordinates": [ -74.455830599999956, 5.95847, 0.0 ] } },
{ "type": "Feature", "properties": { "DEPTO": "CESAR", "MUNICIPIO": "CURUMANÍ", "VEREDA": "UNIÓN ANIMITO", "GASODUCTO": "BALLENA - BARRANCABERMEJA", "TRAMO": "Curumani", "DISTRITO": "6", "PK_PAT": "6445", "TP_EVENTO": "SOCAVACIÓN LATERAL", "PRIORIDAD": " ", "AMENAZA": "( )", "FX2": " ", "LATITUD": 9.1939, "LONGITUD": -73.5767 }, "geometry": { "type": "Point", "coordinates": [ -73.5767, 9.1939, 0.0 ] } },
{ "type": "Feature", "properties": { "DEPTO": "CESAR", "MUNICIPIO": "AGUACHICA", "VEREDA": "SABANAS DE LÁZARO", "GASODUCTO": "BALLENA - BARRANCABERMEJA", "TRAMO": "Norean - San Alberto", "DISTRITO": "1", "PK_PAT": "426991", "TP_EVENTO": "SOCAVACIÓN LATERAL", "PRIORIDAD": " ", "AMENAZA": "( )", "FX2": " ", "LATITUD": 8.3001, "LONGITUD": -73.6386 }, "geometry": { "type": "Point", "coordinates": [ -73.6386, 8.3001, 0.0 ] } },
{ "type": "Feature", "properties": { "DEPTO": "CESAR", "MUNICIPIO": "AGUACHICA", "VEREDA": "CABEZAS", "GASODUCTO": "BALLENA - BARRANCABERMEJA", "TRAMO": "Norean - San Alberto", "DISTRITO": "1", "PK_PAT": "442360", "TP_EVENTO": "SOCAVACIÓN LATERAL", "PRIORIDAD": " ", "AMENAZA": "( )", "FX2": " ", "LATITUD": 8.1669000000000551, "LONGITUD": -73.6079 }, "geometry": { "type": "Point", "coordinates": [ -73.6079, 8.1669, 0.0 ] } },
{ "type": "Feature", "properties": { "DEPTO": "CESAR", "MUNICIPIO": "AGUACHICA", "VEREDA": "CABEZAS", "GASODUCTO": "BALLENA - BARRANCABERMEJA", "TRAMO": "Norean - San Alberto", "DISTRITO": "1", "PK_PAT": "443412", "TP_EVENTO": "SOCAVACIÓN LATERAL", "PRIORIDAD": " ", "AMENAZA": "( )", "FX2": " ", "LATITUD": 8.1578000000000657, "LONGITUD": -73.6058 }, "geometry": { "type": "Point", "coordinates": [ -73.6058, 8.1578, 0.0 ] } },
{ "type": "Feature", "properties": { "DEPTO": "CESAR", "MUNICIPIO": "SAN MARTÍN", "VEREDA": "MINAS", "GASODUCTO": "BALLENA - BARRANCABERMEJA", "TRAMO": "Norean - San Alberto", "DISTRITO": "1", "PK_PAT": "472170", "TP_EVENTO": "SOCAVACIÓN LATERAL", "PRIORIDAD": " ", "AMENAZA": "( )", "FX2": " ", "LATITUD": 7.9057, "LONGITUD": -73.5667 }, "geometry": { "type": "Point", "coordinates": [ -73.5667, 7.9057, 0.0 ] } },
{ "type": "Feature", "properties": { "DEPTO": "META", "MUNICIPIO": "BARRANCA DE UPÍA", "VEREDA": "ALIANZA", "GASODUCTO": "CUSIANA - APIAY - USME", "TRAMO": "Cusiana - PK65", "DISTRITO": "4", "PK_PAT": "62822", "TP_EVENTO": "SOCAVACIÓN LATERAL", "PRIORIDAD": " ", "AMENAZA": "( )", "FX2": " ", "LATITUD": 4.6422000000000594, "LONGITUD": -73.0463 }, "geometry": { "type": "Point", "coordinates": [ -73.0463, 4.6422, 0.0 ] } },
{ "type": "Feature", "properties": { "DEPTO": "CALDAS", "MUNICIPIO": "VILLAMARÍA", "VEREDA": "ALTO CASTILLO", "GASODUCTO": "MARIQUITA - CALI", "TRAMO": "Letras - Marsella", "DISTRITO": "7", "PK_PAT": "91470", "TP_EVENTO": "OTRO", "PRIORIDAD": " ", "AMENAZA": "( )", "FX2": "20231114_INF INSP TEC_C07_MC_LET-MARS_PK091+470_VA", "LATITUD": 5.00165, "LONGITUD": -75.50859 }, "geometry": { "type": "Point", "coordinates": [ -75.50859, 5.00165, 0.0 ] } },
{ "type": "Feature", "properties": { "DEPTO": "SANTANDER", "MUNICIPIO": "CIMITARRA", "VEREDA": "CARARE", "GASODUCTO": "CENTRO - ORIENTE", "TRAMO": "Barrancabermeja - Sebastopol", "DISTRITO": "1", "PK_PAT": "69838", "TP_EVENTO": "SOCAVACIÓN DE FONDO", "PRIORIDAD": " ", "AMENAZA": "( )", "FX2": " ", "LATITUD": 6.6349000000000729, "LONGITUD": -74.0814 }, "geometry": { "type": "Point", "coordinates": [ -74.0814, 6.6349, 0.0 ] } },
{ "type": "Feature", "properties": { "DEPTO": "SANTANDER", "MUNICIPIO": "SIMACOTA", "VEREDA": "PULPAPEL", "GASODUCTO": "CENTRO - ORIENTE", "TRAMO": "Barrancabermeja - Sebastopol", "DISTRITO": "1", "PK_PAT": "45660", "TP_EVENTO": "OTRO", "PRIORIDAD": " ", "AMENAZA": "( )", "FX2": " ", "LATITUD": 6.7751652000001, "LONGITUD": -73.9258932 }, "geometry": { "type": "Point", "coordinates": [ -73.925893199999962, 6.77516520000006, 0.0 ] } },
{ "type": "Feature", "properties": { "DEPTO": "SANTANDER", "MUNICIPIO": "CIMITARRA", "VEREDA": "SAN JUAN", "GASODUCTO": "CENTRO - ORIENTE", "TRAMO": "Barrancabermeja - Sebastopol", "DISTRITO": "1", "PK_PAT": "85855", "TP_EVENTO": "OTRO", "PRIORIDAD": " ", "AMENAZA": "( )", "FX2": " ", "LATITUD": 6.5623000000000502, "LONGITUD": -74.1969 }, "geometry": { "type": "Point", "coordinates": [ -74.1969, 6.5623, 0.0 ] } },
{ "type": "Feature", "properties": { "DEPTO": "CUNDINAMARCA", "MUNICIPIO": "CUCUNUBÁ", "VEREDA": "PUEBLO VIEJO", "GASODUCTO": "CENTRO - ORIENTE", "TRAMO": "Sucre Oriental - Cogua", "DISTRITO": "3", "PK_PAT": "81350", "TP_EVENTO": "OTRO", "PRIORIDAD": " ", "AMENAZA": "( )", "FX2": " ", "LATITUD": 5.2527900000000614, "LONGITUD": -73.78797 }, "geometry": { "type": "Point", "coordinates": [ -73.78797, 5.25279, 0.0 ] } },
{ "type": "Feature", "properties": { "DEPTO": "BOYACÁ", "MUNICIPIO": "PUERTO BOYACÁ", "VEREDA": "PALAGUA", "GASODUCTO": "CENTRO - ORIENTE", "TRAMO": "Sebastopol - Vasconia", "DISTRITO": "1", "PK_PAT": "168116", "TP_EVENTO": "OTRO", "PRIORIDAD": " ", "AMENAZA": "( )", "FX2": " ", "LATITUD": 6.0854661000001, "LONGITUD": -74.5519636 }, "geometry": { "type": "Point", "coordinates": [ -74.551963599999965, 6.085466100000076, 0.0 ] } },
{ "type": "Feature", "properties": { "DEPTO": "BOYACÁ", "MUNICIPIO": "VILLA DE LEYVA", "VEREDA": "SOPOTÁ", "GASODUCTO": "PORVENIR - LA BELLEZA", "TRAMO": "Miraflores - Puente Guillermo", "DISTRITO": "5", "PK_PAT": "158490", "TP_EVENTO": "OTRO", "PRIORIDAD": " ", "AMENAZA": "( )", "FX2": " ", "LATITUD": 5.6263300000000527, "LONGITUD": -73.55569 }, "geometry": { "type": "Point", "coordinates": [ -73.55569, 5.62633, 0.0 ] } },
{ "type": "Feature", "properties": { "DEPTO": "BOYACÁ", "MUNICIPIO": "SANTA SOFÍA", "VEREDA": "HORNILLAS", "GASODUCTO": "PORVENIR - LA BELLEZA", "TRAMO": "Sutamarchan - La Belleza", "DISTRITO": "5", "PK_PAT": "167040", "TP_EVENTO": "SOCAVACIÓN DE FONDO", "PRIORIDAD": " ", "AMENAZA": "( )", "FX2": " ", "LATITUD": 5.70547, "LONGITUD": -73.58702 }, "geometry": { "type": "Point", "coordinates": [ -73.58702, 5.70547, 0.0 ] } },
{ "type": "Feature", "properties": { "DEPTO": "BOYACÁ", "MUNICIPIO": "BRICEÑO", "VEREDA": "TARPEYA", "GASODUCTO": "CENTRO - ORIENTE", "TRAMO": "PK17+500 - Sucre Oriental", "DISTRITO": "3", "PK_PAT": "20635", "TP_EVENTO": "FLUJOS", "PRIORIDAD": " ", "AMENAZA": "( )", "FX2": " ", "LATITUD": 5.7004210000000626, "LONGITUD": -73.926701 }, "geometry": { "type": "Point", "coordinates": [ -73.926701, 5.700421, 0.0 ] } },
{ "type": "Feature", "properties": { "DEPTO": "BOYACÁ", "MUNICIPIO": "BRICEÑO", "VEREDA": "TARPEYA", "GASODUCTO": "CENTRO - ORIENTE", "TRAMO": "PK17+500 - Sucre Oriental", "DISTRITO": "3", "PK_PAT": "20835", "TP_EVENTO": "FLUJOS", "PRIORIDAD": " ", "AMENAZA": "( )", "FX2": " ", "LATITUD": 5.6986680000000547, "LONGITUD": -73.926498 }, "geometry": { "type": "Point", "coordinates": [ -73.926498, 5.698668, 0.0 ] } },
{ "type": "Feature", "properties": { "DEPTO": "BOYACÁ", "MUNICIPIO": "BRICEÑO", "VEREDA": "TARPEYA", "GASODUCTO": "CENTRO - ORIENTE", "TRAMO": "PK17+500 - Sucre Oriental", "DISTRITO": "3", "PK_PAT": "21000", "TP_EVENTO": "OTRO", "PRIORIDAD": " ", "AMENAZA": "( )", "FX2": " ", "LATITUD": 5.6972270000000549, "LONGITUD": -73.926635 }, "geometry": { "type": "Point", "coordinates": [ -73.926635, 5.697227, 0.0 ] } },
{ "type": "Feature", "properties": { "DEPTO": "BOYACÁ", "MUNICIPIO": "BRICEÑO", "VEREDA": "TARPEYA", "GASODUCTO": "CENTRO - ORIENTE", "TRAMO": "PK17+500 - Sucre Oriental", "DISTRITO": "3", "PK_PAT": "19925", "TP_EVENTO": "OTRO", "PRIORIDAD": " ", "AMENAZA": "( )", "FX2": " ", "LATITUD": 5.706597, "LONGITUD": -73.92695 }, "geometry": { "type": "Point", "coordinates": [ -73.92695, 5.706597, 0.0 ] } },
{ "type": "Feature", "properties": { "DEPTO": "SANTANDER", "MUNICIPIO": "BARRANCABERMEJA", "VEREDA": "TENERIFE", "GASODUCTO": "CENTRO - ORIENTE", "TRAMO": "Barrancabermeja - Sebastopol", "DISTRITO": "1", "PK_PAT": "25029", "TP_EVENTO": "OTRO", "PRIORIDAD": " ", "AMENAZA": "( )", "FX2": " ", "LATITUD": 6.9292540000000713, "LONGITUD": -73.836793 }, "geometry": { "type": "Point", "coordinates": [ -73.836793, 6.929254, 0.0 ] } },
{ "type": "Feature", "properties": { "DEPTO": "SANTANDER", "MUNICIPIO": "BARRANCABERMEJA", "VEREDA": "TENERIFE", "GASODUCTO": "CENTRO - ORIENTE", "TRAMO": "Barrancabermeja - Sebastopol", "DISTRITO": "1", "PK_PAT": "25369", "TP_EVENTO": "OTRO", "PRIORIDAD": " ", "AMENAZA": "( )", "FX2": " ", "LATITUD": 6.926383, "LONGITUD": -73.8378 }, "geometry": { "type": "Point", "coordinates": [ -73.8378, 6.926383, 0.0 ] } },
{ "type": "Feature", "properties": { "DEPTO": "SANTANDER", "MUNICIPIO": "BARRANCABERMEJA", "VEREDA": "CIENAGA DEL OPON", "GASODUCTO": "CENTRO - ORIENTE", "TRAMO": "Barrancabermeja - Sebastopol", "DISTRITO": "1", "PK_PAT": "27771", "TP_EVENTO": "OTRO", "PRIORIDAD": " ", "AMENAZA": "( )", "FX2": " ", "LATITUD": 6.9089720000000625, "LONGITUD": -73.849953 }, "geometry": { "type": "Point", "coordinates": [ -73.849953, 6.908972, 0.0 ] } },
{ "type": "Feature", "properties": { "DEPTO": "SANTANDER", "MUNICIPIO": "BARRANCABERMEJA", "VEREDA": "CIENAGA DEL OPON", "GASODUCTO": "CENTRO - ORIENTE", "TRAMO": "Barrancabermeja - Sebastopol", "DISTRITO": "1", "PK_PAT": "27961", "TP_EVENTO": "OTRO", "PRIORIDAD": " ", "AMENAZA": "( )", "FX2": " ", "LATITUD": 6.907703, "LONGITUD": -73.851026 }, "geometry": { "type": "Point", "coordinates": [ -73.851026, 6.907703, 0.0 ] } },
{ "type": "Feature", "properties": { "DEPTO": "SANTANDER", "MUNICIPIO": "BARRANCABERMEJA", "VEREDA": "CIENAGA DEL OPON", "GASODUCTO": "CENTRO - ORIENTE", "TRAMO": "Barrancabermeja - Sebastopol", "DISTRITO": "1", "PK_PAT": "31030", "TP_EVENTO": "OTRO", "PRIORIDAD": " ", "AMENAZA": "( )", "FX2": " ", "LATITUD": 6.8822030000000609, "LONGITUD": -73.859113 }, "geometry": { "type": "Point", "coordinates": [ -73.859113, 6.882203, 0.0 ] } },
{ "type": "Feature", "properties": { "DEPTO": "SANTANDER", "MUNICIPIO": "BARRANCABERMEJA", "VEREDA": "CAMPO 45", "GASODUCTO": "CENTRO - ORIENTE", "TRAMO": "Barrancabermeja - Sebastopol", "DISTRITO": "1", "PK_PAT": "10747", "TP_EVENTO": "SOCAVACIÓN DE FONDO", "PRIORIDAD": " ", "AMENAZA": "( )", "FX2": " ", "LATITUD": 7.045603, "LONGITUD": -73.806775 }, "geometry": { "type": "Point", "coordinates": [ -73.806775, 7.045603, 0.0 ] } },
{ "type": "Feature", "properties": { "DEPTO": "CESAR", "MUNICIPIO": "SAN MARTÍN", "VEREDA": "CAIMAN", "GASODUCTO": "BALLENA - BARRANCABERMEJA", "TRAMO": "Norean - San Alberto", "DISTRITO": "1", "PK_PAT": "454571", "TP_EVENTO": "OTRO", "PRIORIDAD": " ", "AMENAZA": "( )", "FX2": " ", "LATITUD": 8.0582460000000538, "LONGITUD": -73.592612 }, "geometry": { "type": "Point", "coordinates": [ -73.592612, 8.058246, 0.0 ] } },
{ "type": "Feature", "properties": { "DEPTO": "CESAR", "MUNICIPIO": "LA JAGUA DE IBIRICO", "VEREDA": "BOQUERON", "GASODUCTO": "BALLENA - BARRANCABERMEJA", "TRAMO": "Casacara - Curumani", "DISTRITO": "6", "PK_PAT": "274366", "TP_EVENTO": "OTRO", "PRIORIDAD": " ", "AMENAZA": "( )", "FX2": " ", "LATITUD": 9.554248, "LONGITUD": -73.439967 }, "geometry": { "type": "Point", "coordinates": [ -73.439967, 9.554248, 0.0 ] } },
{ "type": "Feature", "properties": { "DEPTO": "CESAR", "MUNICIPIO": "CHIMICHAGUA", "VEREDA": "SABANA DE LOS ENTIERROS", "GASODUCTO": "BALLENA - BARRANCABERMEJA", "TRAMO": "Curumani - Norean", "DISTRITO": "6", "PK_PAT": "342326", "TP_EVENTO": "OTRO", "PRIORIDAD": "Medio", "AMENAZA": "(Alto)", "FX2": " ", "LATITUD": 9.0318280000000755, "LONGITUD": -73.659922 }, "geometry": { "type": "Point", "coordinates": [ -73.659922, 9.031828, 0.0 ] } },
{ "type": "Feature", "properties": { "DEPTO": "LA GUAJIRA", "MUNICIPIO": "HATONUEVO", "VEREDA": "HATO NUEVO", "GASODUCTO": "BALLENA - BARRANCABERMEJA", "TRAMO": "Hato Nuevo - Jagua del Pilar", "DISTRITO": "6", "PK_PAT": "83014", "TP_EVENTO": "OTRO", "PRIORIDAD": " ", "AMENAZA": "( )", "FX2": " ", "LATITUD": 11.055844, "LONGITUD": -72.749649 }, "geometry": { "type": "Point", "coordinates": [ -72.749649, 11.055844, 0.0 ] } },
{ "type": "Feature", "properties": { "DEPTO": "LA GUAJIRA", "MUNICIPIO": "RIOHACHA", "VEREDA": "RESGUARDO INDÍGENA WAYUU", "GASODUCTO": "BALLENA - BARRANCABERMEJA", "TRAMO": "Ballenas - Hato Nuevo", "DISTRITO": "6", "PK_PAT": "45156", "TP_EVENTO": "OTRO", "PRIORIDAD": " ", "AMENAZA": "( )", "FX2": " ", "LATITUD": 11.302074, "LONGITUD": -72.635541 }, "geometry": { "type": "Point", "coordinates": [ -72.635541, 11.302074, 0.0 ] } },
{ "type": "Feature", "properties": { "DEPTO": "SANTANDER", "MUNICIPIO": "FLORIÁN", "VEREDA": "OTRO MUNDO", "GASODUCTO": "CENTRO - ORIENTE", "TRAMO": "La Belleza - Vasconia", "DISTRITO": "3", "PK_PAT": "11677", "TP_EVENTO": "FLUJOS", "PRIORIDAD": " ", "AMENAZA": "( )", "FX2": " ", "LATITUD": 5.839005, "LONGITUD": -74.050376 }, "geometry": { "type": "Point", "coordinates": [ -74.050376, 5.839005, 0.0 ] } },
{ "type": "Feature", "properties": { "DEPTO": "CUNDINAMARCA", "MUNICIPIO": "VILLA DE SAN DIEGO DE UBATÉ", "VEREDA": "TAUSAVITA", "GASODUCTO": "CENTRO - ORIENTE", "TRAMO": "Sutatausa", "DISTRITO": "3", "PK_PAT": "5265", "TP_EVENTO": "OTRO", "PRIORIDAD": " ", "AMENAZA": "( )", "FX2": " ", "LATITUD": 5.2699400000000765, "LONGITUD": -73.82777 }, "geometry": { "type": "Point", "coordinates": [ -73.82777, 5.26994, 0.0 ] } },
{ "type": "Feature", "properties": { "DEPTO": "CUNDINAMARCA", "MUNICIPIO": "VILLA DE SAN DIEGO DE UBATÉ", "VEREDA": "TAUSAVITA", "GASODUCTO": "CENTRO - ORIENTE", "TRAMO": "Sutatausa", "DISTRITO": "3", "PK_PAT": "5465", "TP_EVENTO": "OTRO", "PRIORIDAD": " ", "AMENAZA": "( )", "FX2": " ", "LATITUD": 5.26937, "LONGITUD": -73.82934 }, "geometry": { "type": "Point", "coordinates": [ -73.82934, 5.26937, 0.0 ] } },
{ "type": "Feature", "properties": { "DEPTO": "CUNDINAMARCA", "MUNICIPIO": "TAUSA", "VEREDA": "LA FLORIDA", "GASODUCTO": "CENTRO - ORIENTE", "TRAMO": "Tausa", "DISTRITO": "3", "PK_PAT": "2225", "TP_EVENTO": "FLUJOS", "PRIORIDAD": " ", "AMENAZA": "( )", "FX2": " ", "LATITUD": 5.191338, "LONGITUD": -73.897498 }, "geometry": { "type": "Point", "coordinates": [ -73.897498, 5.191338, 0.0 ] } },
{ "type": "Feature", "properties": { "DEPTO": "SANTANDER", "MUNICIPIO": "FLORIÁN", "VEREDA": "GUALILO", "GASODUCTO": "CENTRO - ORIENTE", "TRAMO": "La Belleza - PK7+200", "DISTRITO": "3", "PK_PAT": "1895", "TP_EVENTO": "SOCAVACIÓN DE FONDO", "PRIORIDAD": " ", "AMENAZA": "( )", "FX2": " ", "LATITUD": 5.82552, "LONGITUD": -73.975557 }, "geometry": { "type": "Point", "coordinates": [ -73.975557, 5.82552, 0.0 ] } },
{ "type": "Feature", "properties": { "DEPTO": "SANTANDER", "MUNICIPIO": "FLORIÁN", "VEREDA": "MOPORA", "GASODUCTO": "CENTRO - ORIENTE", "TRAMO": "PK7+200 - PK17+500", "DISTRITO": "3", "PK_PAT": "11800", "TP_EVENTO": "OTRO", "PRIORIDAD": " ", "AMENAZA": "( )", "FX2": " ", "LATITUD": 5.7483080000000655, "LONGITUD": -73.96456 }, "geometry": { "type": "Point", "coordinates": [ -73.96456, 5.748308, 0.0 ] } },
{ "type": "Feature", "properties": { "DEPTO": "SANTANDER", "MUNICIPIO": "FLORIÁN", "VEREDA": "OTRO MUNDO", "GASODUCTO": "CENTRO - ORIENTE", "TRAMO": "La Belleza - Vasconia", "DISTRITO": "3", "PK_PAT": "231154", "TP_EVENTO": "OTRO", "PRIORIDAD": " ", "AMENAZA": "( )", "FX2": " ", "LATITUD": 5.8386400000000549, "LONGITUD": -74.0283683 }, "geometry": { "type": "Point", "coordinates": [ -74.028368299999954, 5.83864, 0.0 ] } },
{ "type": "Feature", "properties": { "DEPTO": "SANTANDER", "MUNICIPIO": "FLORIÁN", "VEREDA": "OTRO MUNDO", "GASODUCTO": "CENTRO - ORIENTE", "TRAMO": "La Belleza - Vasconia", "DISTRITO": "3", "PK_PAT": "232675", "TP_EVENTO": "FLUJOS", "PRIORIDAD": " ", "AMENAZA": "( )", "FX2": " ", "LATITUD": 5.8400550000000635, "LONGITUD": -74.0402033 }, "geometry": { "type": "Point", "coordinates": [ -74.040203299999973, 5.840055, 0.0 ] } },
{ "type": "Feature", "properties": { "DEPTO": "SANTANDER", "MUNICIPIO": "FLORIÁN", "VEREDA": "BUENA VISTA ALTA", "GASODUCTO": "CENTRO - ORIENTE", "TRAMO": "La Belleza - Vasconia", "DISTRITO": "3", "PK_PAT": "223440", "TP_EVENTO": "OTRO", "PRIORIDAD": " ", "AMENAZA": "( )", "FX2": " ", "LATITUD": 5.83919, "LONGITUD": -73.9732517 }, "geometry": { "type": "Point", "coordinates": [ -73.973251699999935, 5.83919, 0.0 ] } },
{ "type": "Feature", "properties": { "DEPTO": "SANTANDER", "MUNICIPIO": "FLORIÁN", "VEREDA": "SANTA ROSA", "GASODUCTO": "PORVENIR - LA BELLEZA", "TRAMO": "Sutamarchan - La Belleza", "DISTRITO": "5", "PK_PAT": "183323", "TP_EVENTO": "OTRO", "PRIORIDAD": " ", "AMENAZA": "( )", "FX2": " ", "LATITUD": 5.8226434000001, "LONGITUD": -73.9150165 }, "geometry": { "type": "Point", "coordinates": [ -73.915016499999979, 5.822643400000061, 0.0 ] } },
{ "type": "Feature", "properties": { "DEPTO": "BOYACÁ", "MUNICIPIO": "CHIQUINQUIRÁ", "VEREDA": "RESGUARDO", "GASODUCTO": "CENTRO - ORIENTE", "TRAMO": "Chiquinquira", "DISTRITO": "3", "PK_PAT": "9", "TP_EVENTO": "OTRO", "PRIORIDAD": " ", "AMENAZA": "( )", "FX2": " ", "LATITUD": 5.603982, "LONGITUD": -73.852013 }, "geometry": { "type": "Point", "coordinates": [ -73.852013, 5.603982, 0.0 ] } },
{ "type": "Feature", "properties": { "DEPTO": "BOYACÁ", "MUNICIPIO": "CHIQUINQUIRÁ", "VEREDA": "RESGUARDO", "GASODUCTO": "CENTRO - ORIENTE", "TRAMO": "Chiquinquira", "DISTRITO": "3", "PK_PAT": "1860", "TP_EVENTO": "OTRO", "PRIORIDAD": " ", "AMENAZA": "( )", "FX2": " ", "LATITUD": 5.6095500000000698, "LONGITUD": -73.836742 }, "geometry": { "type": "Point", "coordinates": [ -73.836742, 5.60955, 0.0 ] } },
{ "type": "Feature", "properties": { "DEPTO": "BOYACÁ", "MUNICIPIO": "TUNUNGUÁ", "VEREDA": "EL PALMAR", "GASODUCTO": "CENTRO - ORIENTE", "TRAMO": "PK17+500 - Sucre Oriental", "DISTRITO": "3", "PK_PAT": "18400", "TP_EVENTO": "OTRO", "PRIORIDAD": " ", "AMENAZA": "( )", "FX2": " ", "LATITUD": 5.7172886000001, "LONGITUD": -73.9298067 }, "geometry": { "type": "Point", "coordinates": [ -73.929806699999972, 5.717288600000074, 0.0 ] } },
{ "type": "Feature", "properties": { "DEPTO": "BOYACÁ", "MUNICIPIO": "TUNUNGUÁ", "VEREDA": "CALICHAL", "GASODUCTO": "CENTRO - ORIENTE", "TRAMO": "Tunungua", "DISTRITO": "3", "PK_PAT": "1180", "TP_EVENTO": "SOCAVACIÓN DE FONDO", "PRIORIDAD": " ", "AMENAZA": "( )", "FX2": " ", "LATITUD": 5.7270130000000563, "LONGITUD": -73.930922 }, "geometry": { "type": "Point", "coordinates": [ -73.930922, 5.727013, 0.0 ] } },
{ "type": "Feature", "properties": { "DEPTO": "BOYACÁ", "MUNICIPIO": "PUERTO BOYACÁ", "VEREDA": "CALDERON", "GASODUCTO": "CENTRO - ORIENTE", "TRAMO": "La Belleza - Vasconia", "DISTRITO": "1", "PK_PAT": "302305", "TP_EVENTO": "SOCAVACIÓN DE FONDO", "PRIORIDAD": " ", "AMENAZA": "( )", "FX2": " ", "LATITUD": 5.9754303, "LONGITUD": -74.4706751 }, "geometry": { "type": "Point", "coordinates": [ -74.470675099999937, 5.975430300000028, 0.0 ] } },
{ "type": "Feature", "properties": { "DEPTO": "BOYACÁ", "MUNICIPIO": "PUERTO BOYACÁ", "VEREDA": "CALDERON", "GASODUCTO": "CENTRO - ORIENTE", "TRAMO": "La Belleza - Vasconia", "DISTRITO": "1", "PK_PAT": "302770", "TP_EVENTO": "OTRO", "PRIORIDAD": " ", "AMENAZA": "( )", "FX2": " ", "LATITUD": 5.9781617, "LONGITUD": -74.4737433 }, "geometry": { "type": "Point", "coordinates": [ -74.473743299999967, 5.978161700000044, 0.0 ] } },
{ "type": "Feature", "properties": { "DEPTO": "SANTANDER", "MUNICIPIO": "JESÚS MARÍA", "VEREDA": "AGUA FRIA", "GASODUCTO": "PORVENIR - LA BELLEZA", "TRAMO": "Puente Guillermo - La Belleza", "DISTRITO": "5", "PK_PAT": "3606", "TP_EVENTO": "OTRO", "PRIORIDAD": " ", "AMENAZA": "( )", "FX2": " ", "LATITUD": 5.8325, "LONGITUD": -73.8446 }, "geometry": { "type": "Point", "coordinates": [ -73.8446, 5.8325, 0.0 ] } },
{ "type": "Feature", "properties": { "DEPTO": "SANTANDER", "MUNICIPIO": "FLORIÁN", "VEREDA": "OTRO MUNDO", "GASODUCTO": "CENTRO - ORIENTE", "TRAMO": "La Belleza - Vasconia", "DISTRITO": "3", "PK_PAT": "234470", "TP_EVENTO": "OTRO", "PRIORIDAD": " ", "AMENAZA": "( )", "FX2": " ", "LATITUD": 5.8364349, "LONGITUD": -74.053303 }, "geometry": { "type": "Point", "coordinates": [ -74.053303, 5.836434900000029, 0.0 ] } },
{ "type": "Feature", "properties": { "DEPTO": "CESAR", "MUNICIPIO": "PAILITAS", "VEREDA": "LA PAZ", "GASODUCTO": "BALLENA - BARRANCABERMEJA", "TRAMO": "Curumani - Norean", "DISTRITO": "6", "PK_PAT": "342460", "TP_EVENTO": "OTRO", "PRIORIDAD": "Bajo", "AMENAZA": "(Medio)", "FX2": " ", "LATITUD": 9.0307310000000598, "LONGITUD": -73.660045 }, "geometry": { "type": "Point", "coordinates": [ -73.660045, 9.030731, 0.0 ] } },
{ "type": "Feature", "properties": { "DEPTO": "CUNDINAMARCA", "MUNICIPIO": "PARATEBUENO", "VEREDA": "CABUYARITO", "GASODUCTO": "CUSIANA - APIAY - USME", "TRAMO": "PK65 - APIAY", "DISTRITO": "4", "PK_PAT": "79340", "TP_EVENTO": "OTRO", "PRIORIDAD": " ", "AMENAZA": "( )", "FX2": " ", "LATITUD": 4.5058550000000537, "LONGITUD": -73.098565 }, "geometry": { "type": "Point", "coordinates": [ -73.098565, 4.505855, 0.0 ] } },
{ "type": "Feature", "properties": { "DEPTO": "VALLE DEL CAUCA", "MUNICIPIO": "CAICEDONIA", "VEREDA": "LIMONES", "GASODUCTO": "MARIQUITA - CALI", "TRAMO": "Sevilla", "DISTRITO": "8", "PK_PAT": "960", "TP_EVENTO": "OTRO", "PRIORIDAD": " ", "AMENAZA": "( )", "FX2": " ", "LATITUD": 4.351937, "LONGITUD": -75.858151 }, "geometry": { "type": "Point", "coordinates": [ -75.858151, 4.351937, 0.0 ] } },
{ "type": "Feature", "properties": { "DEPTO": "HUILA", "MUNICIPIO": "NEIVA", "VEREDA": "LA MATA", "GASODUCTO": "CENTRO - ORIENTE", "TRAMO": "Dina - Tello", "DISTRITO": "2", "PK_PAT": "8295", "TP_EVENTO": "OTRO", "PRIORIDAD": " ", "AMENAZA": "( )", "FX2": " ", "LATITUD": 3.024169, "LONGITUD": -75.261495 }, "geometry": { "type": "Point", "coordinates": [ -75.261495, 3.024169, 0.0 ] } },
{ "type": "Feature", "properties": { "DEPTO": "BOYACÁ", "MUNICIPIO": "SABOYÁ", "VEREDA": "LAJITA", "GASODUCTO": "CENTRO - ORIENTE", "TRAMO": "Puente Guillermo - Sucre Oriental", "DISTRITO": "3", "PK_PAT": "9054", "TP_EVENTO": "OTRO", "PRIORIDAD": " ", "AMENAZA": "( )", "FX2": " ", "LATITUD": 5.766103, "LONGITUD": -73.739951 }, "geometry": { "type": "Point", "coordinates": [ -73.739951, 5.766103, 0.0 ] } },
{ "type": "Feature", "properties": { "DEPTO": "SANTANDER", "MUNICIPIO": "FLORIÁN", "VEREDA": "OTRO MUNDO", "GASODUCTO": "CENTRO - ORIENTE", "TRAMO": "La Belleza - Vasconia", "DISTRITO": "3", "PK_PAT": "236838", "TP_EVENTO": "OTRO", "PRIORIDAD": " ", "AMENAZA": "( )", "FX2": " ", "LATITUD": 5.8252535, "LONGITUD": -74.0693865 }, "geometry": { "type": "Point", "coordinates": [ -74.069386499999951, 5.825253500000031, 0.0 ] } },
{ "type": "Feature", "properties": { "DEPTO": "BOYACÁ", "MUNICIPIO": "OTANCHE", "VEREDA": "CARTAGENA", "GASODUCTO": "CENTRO - ORIENTE", "TRAMO": "La Belleza - Vasconia", "DISTRITO": "1", "PK_PAT": "16205", "TP_EVENTO": "OTRO", "PRIORIDAD": " ", "AMENAZA": "( )", "FX2": " ", "LATITUD": 5.8174198, "LONGITUD": -74.0811851 }, "geometry": { "type": "Point", "coordinates": [ -74.081185099999971, 5.817419800000039, 0.0 ] } },
{ "type": "Feature", "properties": { "DEPTO": "BOYACÁ", "MUNICIPIO": "OTANCHE", "VEREDA": "CARTAGENA", "GASODUCTO": "CENTRO - ORIENTE", "TRAMO": "La Belleza - Vasconia", "DISTRITO": "1", "PK_PAT": "16620", "TP_EVENTO": "DESLIZAMIENTO TRASLACIONAL", "PRIORIDAD": " ", "AMENAZA": "( )", "FX2": " ", "LATITUD": 5.8145650000000728, "LONGITUD": -74.083333 }, "geometry": { "type": "Point", "coordinates": [ -74.083333, 5.814565, 0.0 ] } },
{ "type": "Feature", "properties": { "DEPTO": "BOYACÁ", "MUNICIPIO": "OTANCHE", "VEREDA": "CARTAGENA", "GASODUCTO": "CENTRO - ORIENTE", "TRAMO": "La Belleza - Vasconia", "DISTRITO": "1", "PK_PAT": "17540", "TP_EVENTO": "DESLIZAMIENTO TRASLACIONAL", "PRIORIDAD": " ", "AMENAZA": "( )", "FX2": " ", "LATITUD": 5.8094800000000646, "LONGITUD": -74.08859 }, "geometry": { "type": "Point", "coordinates": [ -74.08859, 5.80948, 0.0 ] } },
{ "type": "Feature", "properties": { "DEPTO": "BOYACÁ", "MUNICIPIO": "OTANCHE", "VEREDA": "ALTAZOR", "GASODUCTO": "CENTRO - ORIENTE", "TRAMO": "La Belleza - Vasconia", "DISTRITO": "1", "PK_PAT": "247940", "TP_EVENTO": "FLUJOS", "PRIORIDAD": " ", "AMENAZA": "( )", "FX2": " ", "LATITUD": 5.8191200000000549, "LONGITUD": -74.131913 }, "geometry": { "type": "Point", "coordinates": [ -74.131913, 5.81912, 0.0 ] } },
{ "type": "Feature", "properties": { "DEPTO": "BOYACÁ", "MUNICIPIO": "OTANCHE", "VEREDA": "CURUBITA", "GASODUCTO": "CENTRO - ORIENTE", "TRAMO": "La Belleza - Vasconia", "DISTRITO": "1", "PK_PAT": "256343", "TP_EVENTO": "REPTACION", "PRIORIDAD": " ", "AMENAZA": "( )", "FX2": " ", "LATITUD": 5.822003000000052, "LONGITUD": -74.194105 }, "geometry": { "type": "Point", "coordinates": [ -74.194105, 5.822003, 0.0 ] } },
{ "type": "Feature", "properties": { "DEPTO": "BOYACÁ", "MUNICIPIO": "OTANCHE", "VEREDA": "CURUBITA", "GASODUCTO": "CENTRO - ORIENTE", "TRAMO": "La Belleza - Vasconia", "DISTRITO": "1", "PK_PAT": "33970", "TP_EVENTO": "FLUJOS", "PRIORIDAD": " ", "AMENAZA": "( )", "FX2": " ", "LATITUD": 5.8219719000001, "LONGITUD": -74.1943349 }, "geometry": { "type": "Point", "coordinates": [ -74.194334899999944, 5.821971900000051, 0.0 ] } },
{ "type": "Feature", "properties": { "DEPTO": "BOYACÁ", "MUNICIPIO": "OTANCHE", "VEREDA": "CHAQUIPAY", "GASODUCTO": "CENTRO - ORIENTE", "TRAMO": "La Belleza - Vasconia", "DISTRITO": "1", "PK_PAT": "29287", "TP_EVENTO": "DESLIZAMIENTO TRASLACIONAL", "PRIORIDAD": " ", "AMENAZA": "( )", "FX2": " ", "LATITUD": 5.817885, "LONGITUD": -74.160046 }, "geometry": { "type": "Point", "coordinates": [ -74.160046, 5.817885, 0.0 ] } },
{ "type": "Feature", "properties": { "DEPTO": "BOYACÁ", "MUNICIPIO": "OTANCHE", "VEREDA": "CURUBITA", "GASODUCTO": "CENTRO - ORIENTE", "TRAMO": "La Belleza - Vasconia", "DISTRITO": "1", "PK_PAT": "30840", "TP_EVENTO": "OTRO", "PRIORIDAD": " ", "AMENAZA": "( )", "FX2": " ", "LATITUD": 5.8173120000000722, "LONGITUD": -74.171325 }, "geometry": { "type": "Point", "coordinates": [ -74.171325, 5.817312, 0.0 ] } },
{ "type": "Feature", "properties": { "DEPTO": "BOYACÁ", "MUNICIPIO": "OTANCHE", "VEREDA": "CURUBITA", "GASODUCTO": "CENTRO - ORIENTE", "TRAMO": "La Belleza - Vasconia", "DISTRITO": "1", "PK_PAT": "30940", "TP_EVENTO": "OTRO", "PRIORIDAD": " ", "AMENAZA": "( )", "FX2": " ", "LATITUD": 5.8178080000000705, "LONGITUD": -74.172098 }, "geometry": { "type": "Point", "coordinates": [ -74.172098, 5.817808, 0.0 ] } },
{ "type": "Feature", "properties": { "DEPTO": "BOYACÁ", "MUNICIPIO": "OTANCHE", "VEREDA": "CAMILO", "GASODUCTO": "CENTRO - ORIENTE", "TRAMO": "La Belleza - Vasconia", "DISTRITO": "1", "PK_PAT": "36765", "TP_EVENTO": "SOCAVACIÓN DE FONDO", "PRIORIDAD": " ", "AMENAZA": "( )", "FX2": " ", "LATITUD": 5.8232550000000742, "LONGITUD": -74.215265 }, "geometry": { "type": "Point", "coordinates": [ -74.215265, 5.823255, 0.0 ] } },
{ "type": "Feature", "properties": { "DEPTO": "BOYACÁ", "MUNICIPIO": "OTANCHE", "VEREDA": "CAMILO", "GASODUCTO": "CENTRO - ORIENTE", "TRAMO": "La Belleza - Vasconia", "DISTRITO": "1", "PK_PAT": "36895", "TP_EVENTO": "CARCAVAS", "PRIORIDAD": " ", "AMENAZA": "( )", "FX2": " ", "LATITUD": 5.822712, "LONGITUD": -74.216253 }, "geometry": { "type": "Point", "coordinates": [ -74.216253, 5.822712, 0.0 ] } },
{ "type": "Feature", "properties": { "DEPTO": "BOYACÁ", "MUNICIPIO": "PUERTO BOYACÁ", "VEREDA": "LAS QUINCHAS", "GASODUCTO": "CENTRO - ORIENTE", "TRAMO": "La Belleza - Vasconia", "DISTRITO": "1", "PK_PAT": "267415", "TP_EVENTO": "OTRO", "PRIORIDAD": " ", "AMENAZA": "( )", "FX2": " ", "LATITUD": 5.8151139, "LONGITUD": -74.2627491 }, "geometry": { "type": "Point", "coordinates": [ -74.262749099999951, 5.815113900000028, 0.0 ] } },
{ "type": "Feature", "properties": { "DEPTO": "SANTANDER", "MUNICIPIO": "PUENTE NACIONAL", "VEREDA": "MEDIOS", "GASODUCTO": "PORVENIR - LA BELLEZA", "TRAMO": "Sutamarchan - La Belleza", "DISTRITO": "5", "PK_PAT": "160950", "TP_EVENTO": "CARCAVAS", "PRIORIDAD": " ", "AMENAZA": "( )", "FX2": " ", "LATITUD": 5.8084000000000628, "LONGITUD": -73.751 }, "geometry": { "type": "Point", "coordinates": [ -73.751, 5.8084, 0.0 ] } },
{ "type": "Feature", "properties": { "DEPTO": "BOYACÁ", "MUNICIPIO": "BRICEÑO", "VEREDA": "TARPEYA", "GASODUCTO": "CENTRO - ORIENTE", "TRAMO": "PK17+500 - Sucre Oriental", "DISTRITO": "3", "PK_PAT": "20603", "TP_EVENTO": "REPTACION", "PRIORIDAD": " ", "AMENAZA": "( )", "FX2": " ", "LATITUD": 5.701084, "LONGITUD": -73.926914 }, "geometry": { "type": "Point", "coordinates": [ -73.926914, 5.701084, 0.0 ] } },
{ "type": "Feature", "properties": { "DEPTO": "BOYACÁ", "MUNICIPIO": "BRICEÑO", "VEREDA": "TARPEYA", "GASODUCTO": "CENTRO - ORIENTE", "TRAMO": "PK17+500 - Sucre Oriental", "DISTRITO": "3", "PK_PAT": "20186", "TP_EVENTO": "REPTACION", "PRIORIDAD": " ", "AMENAZA": "( )", "FX2": " ", "LATITUD": 5.7045160000000692, "LONGITUD": -73.926659 }, "geometry": { "type": "Point", "coordinates": [ -73.926659, 5.704516, 0.0 ] } },
{ "type": "Feature", "properties": { "DEPTO": "BOYACÁ", "MUNICIPIO": "BRICEÑO", "VEREDA": "TARPEYA", "GASODUCTO": "CENTRO - ORIENTE", "TRAMO": "PK17+500 - Sucre Oriental", "DISTRITO": "3", "PK_PAT": "20990", "TP_EVENTO": "DESLIZAMIENTO ROTACIONAL", "PRIORIDAD": " ", "AMENAZA": "( )", "FX2": " ", "LATITUD": 5.6975790000000757, "LONGITUD": -73.926941 }, "geometry": { "type": "Point", "coordinates": [ -73.926941, 5.697579, 0.0 ] } },
{ "type": "Feature", "properties": { "DEPTO": "BOYACÁ", "MUNICIPIO": "PUERTO BOYACÁ", "VEREDA": "LA PIZARRA", "GASODUCTO": "CENTRO - ORIENTE", "TRAMO": "La Belleza - Vasconia", "DISTRITO": "1", "PK_PAT": "293985", "TP_EVENTO": "SOCAVACIÓN DE FONDO", "PRIORIDAD": " ", "AMENAZA": "( )", "FX2": " ", "LATITUD": 5.9221133, "LONGITUD": -74.4195299 }, "geometry": { "type": "Point", "coordinates": [ -74.419529899999986, 5.922113300000035, 0.0 ] } },
{ "type": "Feature", "properties": { "DEPTO": "CESAR", "MUNICIPIO": "PAILITAS", "VEREDA": "SAN JOSÉ DE TAGUAJE", "GASODUCTO": "BALLENA - BARRANCABERMEJA", "TRAMO": "Curumani - Norean", "DISTRITO": "6", "PK_PAT": "350997", "TP_EVENTO": "OTRO", "PRIORIDAD": " ", "AMENAZA": "( )", "FX2": " ", "LATITUD": 8.95455, "LONGITUD": -73.664304 }, "geometry": { "type": "Point", "coordinates": [ -73.664304, 8.95455, 0.0 ] } },
{ "type": "Feature", "properties": { "DEPTO": "CESAR", "MUNICIPIO": "PAILITAS", "VEREDA": "SAN JOSÉ DE TAGUAJE", "GASODUCTO": "BALLENA - BARRANCABERMEJA", "TRAMO": "Curumani - Norean", "DISTRITO": "6", "PK_PAT": "351320", "TP_EVENTO": "OTRO", "PRIORIDAD": " ", "AMENAZA": "( )", "FX2": " ", "LATITUD": 8.9516, "LONGITUD": -73.6644 }, "geometry": { "type": "Point", "coordinates": [ -73.6644, 8.9516, 0.0 ] } },
{ "type": "Feature", "properties": { "DEPTO": "CASANARE", "MUNICIPIO": "SABANALARGA", "VEREDA": "CAÑO BLANCO", "GASODUCTO": "CUSIANA - PORVENIR", "TRAMO": "Cusiana - Miraflores", "DISTRITO": "5", "PK_PAT": "5770", "TP_EVENTO": "DESLIZAMIENTO TRASLACIONAL", "PRIORIDAD": " ", "AMENAZA": "( )", "FX2": " ", "LATITUD": 4.9302950000000578, "LONGITUD": -72.979467 }, "geometry": { "type": "Point", "coordinates": [ -72.979467, 4.930295, 0.0 ] } },
{ "type": "Feature", "properties": { "DEPTO": "BOYACÁ", "MUNICIPIO": "PUERTO BOYACÁ", "VEREDA": "CALDERON", "GASODUCTO": "CENTRO - ORIENTE", "TRAMO": "La Belleza - Vasconia", "DISTRITO": "1", "PK_PAT": "305195", "TP_EVENTO": "CARCAVAS", "PRIORIDAD": " ", "AMENAZA": "( )", "FX2": " ", "LATITUD": 5.9919078, "LONGITUD": -74.49009 }, "geometry": { "type": "Point", "coordinates": [ -74.49009, 5.991907800000035, 0.0 ] } },
{ "type": "Feature", "properties": { "DEPTO": "BOYACÁ", "MUNICIPIO": "PUERTO BOYACÁ", "VEREDA": "CALDERON", "GASODUCTO": "CENTRO - ORIENTE", "TRAMO": "La Belleza - Vasconia", "DISTRITO": "1", "PK_PAT": "309550", "TP_EVENTO": "OTRO", "PRIORIDAD": " ", "AMENAZA": "( )", "FX2": " ", "LATITUD": 6.0184783, "LONGITUD": -74.5174608 }, "geometry": { "type": "Point", "coordinates": [ -74.517460799999981, 6.018478300000027, 0.0 ] } },
{ "type": "Feature", "properties": { "DEPTO": "BOYACÁ", "MUNICIPIO": "PUERTO BOYACÁ", "VEREDA": "CALDERON", "GASODUCTO": "CENTRO - ORIENTE", "TRAMO": "Puerto Romero - Vasconia", "DISTRITO": "1", "PK_PAT": "15315", "TP_EVENTO": "OTRO", "PRIORIDAD": " ", "AMENAZA": "( )", "FX2": " ", "LATITUD": 6.0167699, "LONGITUD": -74.5166682 }, "geometry": { "type": "Point", "coordinates": [ -74.51666819999997, 6.016769900000043, 0.0 ] } },
{ "type": "Feature", "properties": { "DEPTO": "BOYACÁ", "MUNICIPIO": "PUERTO BOYACÁ", "VEREDA": "CALDERON", "GASODUCTO": "CENTRO - ORIENTE", "TRAMO": "Puerto Romero - Vasconia", "DISTRITO": "1", "PK_PAT": "15435", "TP_EVENTO": "OTRO", "PRIORIDAD": " ", "AMENAZA": "( )", "FX2": " ", "LATITUD": 6.0176333000001, "LONGITUD": -74.5173249 }, "geometry": { "type": "Point", "coordinates": [ -74.517324899999949, 6.017633300000057, 0.0 ] } },
{ "type": "Feature", "properties": { "DEPTO": "BOYACÁ", "MUNICIPIO": "PUERTO BOYACÁ", "VEREDA": "CALDERON", "GASODUCTO": "CENTRO - ORIENTE", "TRAMO": "Puerto Romero - Vasconia", "DISTRITO": "1", "PK_PAT": "16103", "TP_EVENTO": "OTRO", "PRIORIDAD": " ", "AMENAZA": "( )", "FX2": " ", "LATITUD": 6.022048, "LONGITUD": -74.5213223 }, "geometry": { "type": "Point", "coordinates": [ -74.521322299999952, 6.022048, 0.0 ] } },
{ "type": "Feature", "properties": { "DEPTO": "BOYACÁ", "MUNICIPIO": "PUERTO BOYACÁ", "VEREDA": "CALDERON", "GASODUCTO": "CENTRO - ORIENTE", "TRAMO": "Puerto Romero - Vasconia", "DISTRITO": "1", "PK_PAT": "16840", "TP_EVENTO": "OTRO", "PRIORIDAD": " ", "AMENAZA": "( )", "FX2": " ", "LATITUD": 6.0273033, "LONGITUD": -74.525383 }, "geometry": { "type": "Point", "coordinates": [ -74.525383, 6.027303300000028, 0.0 ] } },
{ "type": "Feature", "properties": { "DEPTO": "BOYACÁ", "MUNICIPIO": "PUERTO BOYACÁ", "VEREDA": "VELASQUEZ", "GASODUCTO": "CENTRO - ORIENTE", "TRAMO": "La Belleza - Vasconia", "DISTRITO": "1", "PK_PAT": "76990", "TP_EVENTO": "OTRO", "PRIORIDAD": " ", "AMENAZA": "( )", "FX2": " ", "LATITUD": 5.9573598000001, "LONGITUD": -74.4543748 }, "geometry": { "type": "Point", "coordinates": [ -74.454374799999982, 5.957359800000063, 0.0 ] } },
{ "type": "Feature", "properties": { "DEPTO": "BOYACÁ", "MUNICIPIO": "PUERTO BOYACÁ", "VEREDA": "CALDERON", "GASODUCTO": "CENTRO - ORIENTE", "TRAMO": "La Belleza - Vasconia", "DISTRITO": "1", "PK_PAT": "82630", "TP_EVENTO": "OTRO", "PRIORIDAD": " ", "AMENAZA": "( )", "FX2": " ", "LATITUD": 5.9916650000000686, "LONGITUD": -74.490202 }, "geometry": { "type": "Point", "coordinates": [ -74.490202, 5.991665, 0.0 ] } },
{ "type": "Feature", "properties": { "DEPTO": "BOYACÁ", "MUNICIPIO": "PUERTO BOYACÁ", "VEREDA": "CALDERON", "GASODUCTO": "CENTRO - ORIENTE", "TRAMO": "Puerto Romero - Vasconia", "DISTRITO": "1", "PK_PAT": "11535", "TP_EVENTO": "OTRO", "PRIORIDAD": " ", "AMENAZA": "( )", "FX2": " ", "LATITUD": 5.9941650000000664, "LONGITUD": -74.49218 }, "geometry": { "type": "Point", "coordinates": [ -74.49218, 5.994165, 0.0 ] } },
{ "type": "Feature", "properties": { "DEPTO": "BOYACÁ", "MUNICIPIO": "PUERTO BOYACÁ", "VEREDA": "CALDERON", "GASODUCTO": "CENTRO - ORIENTE", "TRAMO": "Puerto Romero - Vasconia", "DISTRITO": "1", "PK_PAT": "12882", "TP_EVENTO": "OTRO", "PRIORIDAD": " ", "AMENAZA": "( )", "FX2": " ", "LATITUD": 6.000815, "LONGITUD": -74.5021 }, "geometry": { "type": "Point", "coordinates": [ -74.5021, 6.000815, 0.0 ] } },
{ "type": "Feature", "properties": { "DEPTO": "BOYACÁ", "MUNICIPIO": "PUERTO BOYACÁ", "VEREDA": "CALDERON", "GASODUCTO": "CENTRO - ORIENTE", "TRAMO": "Puerto Romero - Vasconia", "DISTRITO": "1", "PK_PAT": "13800", "TP_EVENTO": "OTRO", "PRIORIDAD": " ", "AMENAZA": "( )", "FX2": " ", "LATITUD": 6.0067867, "LONGITUD": -74.5077518 }, "geometry": { "type": "Point", "coordinates": [ -74.507751799999937, 6.006786700000021, 0.0 ] } },
{ "type": "Feature", "properties": { "DEPTO": "BOYACÁ", "MUNICIPIO": "PUERTO BOYACÁ", "VEREDA": "CALDERON", "GASODUCTO": "CENTRO - ORIENTE", "TRAMO": "Puerto Romero - Vasconia", "DISTRITO": "1", "PK_PAT": "14810", "TP_EVENTO": "OTRO", "PRIORIDAD": " ", "AMENAZA": "( )", "FX2": " ", "LATITUD": 6.0130780000000641, "LONGITUD": -74.514127 }, "geometry": { "type": "Point", "coordinates": [ -74.514127, 6.013078, 0.0 ] } },
{ "type": "Feature", "properties": { "DEPTO": "TOLIMA", "MUNICIPIO": "SAN LUIS", "VEREDA": "MALNOMBRE", "GASODUCTO": "CENTRO - ORIENTE", "TRAMO": "Gualanday - Guasimal", "DISTRITO": "2", "PK_PAT": "460335", "TP_EVENTO": "OTRO", "PRIORIDAD": " ", "AMENAZA": "( )", "FX2": " ", "LATITUD": 3.9329111100000205, "LONGITUD": -75.039486109999984 }, "geometry": { "type": "Point", "coordinates": [ -75.039486109999984, 3.93291111000002, 0.0 ] } },
{ "type": "Feature", "properties": { "DEPTO": "SANTANDER", "MUNICIPIO": "FLORIÁN", "VEREDA": "LA VUELTIADA", "GASODUCTO": "CENTRO - ORIENTE", "TRAMO": "Florian", "DISTRITO": "3", "PK_PAT": "9", "TP_EVENTO": "OTRO", "PRIORIDAD": " ", "AMENAZA": "( )", "FX2": " ", "LATITUD": 5.7952300000000605, "LONGITUD": -73.980654 }, "geometry": { "type": "Point", "coordinates": [ -73.980654, 5.79523, 0.0 ] } },
{ "type": "Feature", "properties": { "DEPTO": "SANTANDER", "MUNICIPIO": "FLORIÁN", "VEREDA": "LA VUELTIADA", "GASODUCTO": "CENTRO - ORIENTE", "TRAMO": "Florian", "DISTRITO": "3", "PK_PAT": "590", "TP_EVENTO": "REPTACION", "PRIORIDAD": " ", "AMENAZA": "( )", "FX2": " ", "LATITUD": 5.7981550000000652, "LONGITUD": -73.976347 }, "geometry": { "type": "Point", "coordinates": [ -73.976347, 5.798155, 0.0 ] } },
{ "type": "Feature", "properties": { "DEPTO": "CASANARE", "MUNICIPIO": "TAURAMENA", "VEREDA": "PALMAR", "GASODUCTO": "CUSIANA - PORVENIR", "TRAMO": "Cusiana - Miraflores", "DISTRITO": "4", "PK_PAT": "10763", "TP_EVENTO": "CARCAVAS", "PRIORIDAD": " ", "AMENAZA": "( )", "FX2": " ", "LATITUD": 4.9527390000000651, "LONGITUD": -72.771495 }, "geometry": { "type": "Point", "coordinates": [ -72.771495, 4.952739, 0.0 ] } },
{ "type": "Feature", "properties": { "DEPTO": "BOYACÁ", "MUNICIPIO": "PUERTO BOYACÁ", "VEREDA": "CALDERON", "GASODUCTO": "CENTRO - ORIENTE", "TRAMO": "La Belleza - Vasconia", "DISTRITO": "1", "PK_PAT": "313045", "TP_EVENTO": "OTRO", "PRIORIDAD": " ", "AMENAZA": "( )", "FX2": " ", "LATITUD": 6.0380000000000678, "LONGITUD": -74.540485 }, "geometry": { "type": "Point", "coordinates": [ -74.540485, 6.038, 0.0 ] } },
{ "type": "Feature", "properties": { "DEPTO": "BOYACÁ", "MUNICIPIO": "PUERTO BOYACÁ", "VEREDA": "CALDERON", "GASODUCTO": "CENTRO - ORIENTE", "TRAMO": "La Belleza - Vasconia", "DISTRITO": "1", "PK_PAT": "313997", "TP_EVENTO": "OTRO", "PRIORIDAD": " ", "AMENAZA": "( )", "FX2": " ", "LATITUD": 6.0434728000001, "LONGITUD": -74.54627 }, "geometry": { "type": "Point", "coordinates": [ -74.54627, 6.043472800000075, 0.0 ] } },
{ "type": "Feature", "properties": { "DEPTO": "BOYACÁ", "MUNICIPIO": "PUERTO BOYACÁ", "VEREDA": "CALDERON", "GASODUCTO": "CENTRO - ORIENTE", "TRAMO": "La Belleza - Vasconia", "DISTRITO": "1", "PK_PAT": "88490", "TP_EVENTO": "OTRO", "PRIORIDAD": " ", "AMENAZA": "( )", "FX2": " ", "LATITUD": 6.026815000000056, "LONGITUD": -74.524567 }, "geometry": { "type": "Point", "coordinates": [ -74.524567, 6.026815, 0.0 ] } },
{ "type": "Feature", "properties": { "DEPTO": "BOYACÁ", "MUNICIPIO": "PUERTO BOYACÁ", "VEREDA": "CALDERON", "GASODUCTO": "CENTRO - ORIENTE", "TRAMO": "La Belleza - Vasconia", "DISTRITO": "1", "PK_PAT": "88570", "TP_EVENTO": "OTRO", "PRIORIDAD": " ", "AMENAZA": "( )", "FX2": " ", "LATITUD": 6.0292020000000548, "LONGITUD": -74.52677 }, "geometry": { "type": "Point", "coordinates": [ -74.52677, 6.029202, 0.0 ] } },
{ "type": "Feature", "properties": { "DEPTO": "BOYACÁ", "MUNICIPIO": "PUERTO BOYACÁ", "VEREDA": "CALDERON", "GASODUCTO": "CENTRO - ORIENTE", "TRAMO": "La Belleza - Vasconia", "DISTRITO": "1", "PK_PAT": "90074", "TP_EVENTO": "OTRO", "PRIORIDAD": " ", "AMENAZA": "( )", "FX2": " ", "LATITUD": 6.0355004, "LONGITUD": -74.5378013 }, "geometry": { "type": "Point", "coordinates": [ -74.537801299999956, 6.035500400000046, 0.0 ] } },
{ "type": "Feature", "properties": { "DEPTO": "CUNDINAMARCA", "MUNICIPIO": "CUCUNUBÁ", "VEREDA": "LA FLORIDA", "GASODUCTO": "CENTRO - ORIENTE", "TRAMO": "Cucunuba", "DISTRITO": "3", "PK_PAT": "594", "TP_EVENTO": "OTRO", "PRIORIDAD": " ", "AMENAZA": "( )", "FX2": " ", "LATITUD": 5.258187, "LONGITUD": -73.780747 }, "geometry": { "type": "Point", "coordinates": [ -73.780747, 5.258187, 0.0 ] } },
{ "type": "Feature", "properties": { "DEPTO": "CUNDINAMARCA", "MUNICIPIO": "VILLA DE SAN DIEGO DE UBATÉ", "VEREDA": "TAUSAVITA", "GASODUCTO": "CENTRO - ORIENTE", "TRAMO": "Sutatausa", "DISTRITO": "3", "PK_PAT": "2920", "TP_EVENTO": "OTRO", "PRIORIDAD": " ", "AMENAZA": "( )", "FX2": " ", "LATITUD": 5.288145, "LONGITUD": -73.817703 }, "geometry": { "type": "Point", "coordinates": [ -73.817703, 5.288145, 0.0 ] } },
{ "type": "Feature", "properties": { "DEPTO": "CUNDINAMARCA", "MUNICIPIO": "VILLA DE SAN DIEGO DE UBATÉ", "VEREDA": "TAUSAVITA", "GASODUCTO": "CENTRO - ORIENTE", "TRAMO": "Sutatausa", "DISTRITO": "3", "PK_PAT": "4488", "TP_EVENTO": "SOCAVACIÓN DE FONDO", "PRIORIDAD": " ", "AMENAZA": "( )", "FX2": " ", "LATITUD": 5.274275, "LONGITUD": -73.823717 }, "geometry": { "type": "Point", "coordinates": [ -73.823717, 5.274275, 0.0 ] } },
{ "type": "Feature", "properties": { "DEPTO": "CUNDINAMARCA", "MUNICIPIO": "TAUSA", "VEREDA": "LA FLORIDA", "GASODUCTO": "CENTRO - ORIENTE", "TRAMO": "Tausa", "DISTRITO": "3", "PK_PAT": "1560", "TP_EVENTO": "OTRO", "PRIORIDAD": " ", "AMENAZA": "( )", "FX2": " ", "LATITUD": 5.18791, "LONGITUD": -73.898132 }, "geometry": { "type": "Point", "coordinates": [ -73.898132, 5.18791, 0.0 ] } },
{ "type": "Feature", "properties": { "DEPTO": "CUNDINAMARCA", "MUNICIPIO": "NEMOCÓN", "VEREDA": "CASA BLANCA", "GASODUCTO": "CENTRO - ORIENTE", "TRAMO": "Nemocon", "DISTRITO": "3", "PK_PAT": "4060", "TP_EVENTO": "SOCAVACIÓN DE FONDO", "PRIORIDAD": " ", "AMENAZA": "( )", "FX2": " ", "LATITUD": 5.0726530000000594, "LONGITUD": -73.88854 }, "geometry": { "type": "Point", "coordinates": [ -73.88854, 5.072653, 0.0 ] } },
{ "type": "Feature", "properties": { "DEPTO": "CESAR", "MUNICIPIO": "PAILITAS", "VEREDA": "BUBETA", "GASODUCTO": "BALLENA - BARRANCABERMEJA", "TRAMO": "Curumani - Norean", "DISTRITO": "6", "PK_PAT": "353165", "TP_EVENTO": "OTRO", "PRIORIDAD": "Bajo", "AMENAZA": "(Bajo)", "FX2": " ", "LATITUD": 8.935079, "LONGITUD": -73.665295 }, "geometry": { "type": "Point", "coordinates": [ -73.665295, 8.935079, 0.0 ] } },
{ "type": "Feature", "properties": { "DEPTO": "CESAR", "MUNICIPIO": "LA JAGUA DE IBIRICO", "VEREDA": "MECHOACAN", "GASODUCTO": "BALLENA - BARRANCABERMEJA", "TRAMO": "La Palmita", "DISTRITO": "6", "PK_PAT": "5270", "TP_EVENTO": "SURCOS", "PRIORIDAD": " ", "AMENAZA": "( )", "FX2": " ", "LATITUD": 9.500257, "LONGITUD": -73.417196 }, "geometry": { "type": "Point", "coordinates": [ -73.417196, 9.500257, 0.0 ] } },
{ "type": "Feature", "properties": { "DEPTO": "SANTANDER", "MUNICIPIO": "SAN VICENTE DE CHUCURÍ", "VEREDA": "GUADUAL", "GASODUCTO": "SUR DE BOLIVAR", "TRAMO": "Playa Roja - San Vicente", "DISTRITO": "1", "PK_PAT": "15391", "TP_EVENTO": "SOCAVACIÓN DE FONDO", "PRIORIDAD": " ", "AMENAZA": "( )", "FX2": " ", "LATITUD": 6.888881, "LONGITUD": -73.479528 }, "geometry": { "type": "Point", "coordinates": [ -73.479528, 6.888881, 0.0 ] } },
{ "type": "Feature", "properties": { "DEPTO": "SANTANDER", "MUNICIPIO": "SAN VICENTE DE CHUCURÍ", "VEREDA": "GUADUAL", "GASODUCTO": "SUR DE BOLIVAR", "TRAMO": "Playa Roja - San Vicente", "DISTRITO": "1", "PK_PAT": "15450", "TP_EVENTO": "SOCAVACIÓN DE FONDO", "PRIORIDAD": " ", "AMENAZA": "( )", "FX2": " ", "LATITUD": 6.888945, "LONGITUD": -73.479137 }, "geometry": { "type": "Point", "coordinates": [ -73.479137, 6.888945, 0.0 ] } },
{ "type": "Feature", "properties": { "DEPTO": "SANTANDER", "MUNICIPIO": "SAN VICENTE DE CHUCURÍ", "VEREDA": "GUADUAL", "GASODUCTO": "SUR DE BOLIVAR", "TRAMO": "Playa Roja - San Vicente", "DISTRITO": "1", "PK_PAT": "15498", "TP_EVENTO": "SOCAVACIÓN DE FONDO", "PRIORIDAD": " ", "AMENAZA": "( )", "FX2": " ", "LATITUD": 6.88874, "LONGITUD": -73.47881 }, "geometry": { "type": "Point", "coordinates": [ -73.47881, 6.88874, 0.0 ] } },
{ "type": "Feature", "properties": { "DEPTO": "BOYACÁ", "MUNICIPIO": "TUNUNGUÁ", "VEREDA": "EL PALMAR", "GASODUCTO": "CENTRO - ORIENTE", "TRAMO": "Tunungua", "DISTRITO": "3", "PK_PAT": "65", "TP_EVENTO": "SOCAVACIÓN DE FONDO", "PRIORIDAD": " ", "AMENAZA": "( )", "FX2": " ", "LATITUD": 5.7210833, "LONGITUD": -73.93728 }, "geometry": { "type": "Point", "coordinates": [ -73.93728, 5.721083300000032, 0.0 ] } },
{ "type": "Feature", "properties": { "DEPTO": "SANTANDER", "MUNICIPIO": "SAN VICENTE DE CHUCURÍ", "VEREDA": "GUADUAL", "GASODUCTO": "SUR DE BOLIVAR", "TRAMO": "Playa Roja - San Vicente", "DISTRITO": "1", "PK_PAT": "15420", "TP_EVENTO": "SURCOS", "PRIORIDAD": " ", "AMENAZA": "( )", "FX2": " ", "LATITUD": 6.8889, "LONGITUD": -73.4793 }, "geometry": { "type": "Point", "coordinates": [ -73.4793, 6.8889, 0.0 ] } },
{ "type": "Feature", "properties": { "DEPTO": "SANTANDER", "MUNICIPIO": "SAN VICENTE DE CHUCURÍ", "VEREDA": "GUADUAL", "GASODUCTO": "SUR DE BOLIVAR", "TRAMO": "Playa Roja - San Vicente", "DISTRITO": "1", "PK_PAT": "15436", "TP_EVENTO": "SOCAVACIÓN DE FONDO", "PRIORIDAD": " ", "AMENAZA": "( )", "FX2": " ", "LATITUD": 6.8889, "LONGITUD": -73.4792 }, "geometry": { "type": "Point", "coordinates": [ -73.4792, 6.8889, 0.0 ] } },
{ "type": "Feature", "properties": { "DEPTO": "SANTANDER", "MUNICIPIO": "SAN VICENTE DE CHUCURÍ", "VEREDA": "NUEVO MUNDO", "GASODUCTO": "SUR DE BOLIVAR", "TRAMO": "Playa Roja - San Vicente", "DISTRITO": "1", "PK_PAT": "10152", "TP_EVENTO": "OTRO", "PRIORIDAD": " ", "AMENAZA": "( )", "FX2": " ", "LATITUD": 6.882782, "LONGITUD": -73.51924 }, "geometry": { "type": "Point", "coordinates": [ -73.51924, 6.882782, 0.0 ] } },
{ "type": "Feature", "properties": { "DEPTO": "SANTANDER", "MUNICIPIO": "BARRANCABERMEJA", "VEREDA": "SAN SILVESTRE", "GASODUCTO": "BALLENA - BARRANCABERMEJA", "TRAMO": "San Alberto - Barrancabermeja", "DISTRITO": "1", "PK_PAT": "571398", "TP_EVENTO": "SURCOS", "PRIORIDAD": " ", "AMENAZA": "( )", "FX2": " ", "LATITUD": 7.13525, "LONGITUD": -73.83036 }, "geometry": { "type": "Point", "coordinates": [ -73.83036, 7.13525, 0.0 ] } },
{ "type": "Feature", "properties": { "DEPTO": "BOYACÁ", "MUNICIPIO": "BRICEÑO", "VEREDA": "CENTRO", "GASODUCTO": "CENTRO - ORIENTE", "TRAMO": "PK17+500 - Sucre Oriental", "DISTRITO": "3", "PK_PAT": "21955", "TP_EVENTO": "DESLIZAMIENTO ROTACIONAL", "PRIORIDAD": " ", "AMENAZA": "( )", "FX2": " ", "LATITUD": 5.689293, "LONGITUD": -73.928163 }, "geometry": { "type": "Point", "coordinates": [ -73.928163, 5.689293, 0.0 ] } },
{ "type": "Feature", "properties": { "DEPTO": "SANTANDER", "MUNICIPIO": "BARRANCABERMEJA", "VEREDA": "CAMPO GALA", "GASODUCTO": "CENTRO - ORIENTE", "TRAMO": "Barrancabermeja - Sebastopol", "DISTRITO": "1", "PK_PAT": "1285", "TP_EVENTO": "CARCAVAS", "PRIORIDAD": " ", "AMENAZA": "( )", "FX2": " ", "LATITUD": 7.0888, "LONGITUD": -73.8508 }, "geometry": { "type": "Point", "coordinates": [ -73.8508, 7.0888, 0.0 ] } },
{ "type": "Feature", "properties": { "DEPTO": "SANTANDER", "MUNICIPIO": "FLORIÁN", "VEREDA": "OTRO MUNDO", "GASODUCTO": "CENTRO - ORIENTE", "TRAMO": "La Belleza - Vasconia", "DISTRITO": "1", "PK_PAT": "237921", "TP_EVENTO": "SOCAVACIÓN LATERAL", "PRIORIDAD": " ", "AMENAZA": "( )", "FX2": " ", "LATITUD": 5.8188700000000608, "LONGITUD": -74.075969 }, "geometry": { "type": "Point", "coordinates": [ -74.075969, 5.81887, 0.0 ] } },
{ "type": "Feature", "properties": { "DEPTO": "CUNDINAMARCA", "MUNICIPIO": "PARATEBUENO", "VEREDA": "BRISAS DE MACAPAY", "GASODUCTO": "CUSIANA - APIAY - USME", "TRAMO": "PK65 - APIAY", "DISTRITO": "4", "PK_PAT": "86747", "TP_EVENTO": "SOCAVACIÓN DE FONDO", "PRIORIDAD": " ", "AMENAZA": "( )", "FX2": " ", "LATITUD": 4.4640600000000745, "LONGITUD": -73.14645 }, "geometry": { "type": "Point", "coordinates": [ -73.14645, 4.46406, 0.0 ] } },
{ "type": "Feature", "properties": { "DEPTO": "CUNDINAMARCA", "MUNICIPIO": "PARATEBUENO", "VEREDA": "SANTA CECILIA", "GASODUCTO": "CUSIANA - APIAY - USME", "TRAMO": "PK65 - APIAY", "DISTRITO": "4", "PK_PAT": "114882", "TP_EVENTO": "OTRO", "PRIORIDAD": " ", "AMENAZA": "( )", "FX2": " ", "LATITUD": 4.340370000000064, "LONGITUD": -73.342152 }, "geometry": { "type": "Point", "coordinates": [ -73.342152, 4.34037, 0.0 ] } },
{ "type": "Feature", "properties": { "DEPTO": "CESAR", "MUNICIPIO": "CURUMANÍ", "VEREDA": "SIMITÍ", "GASODUCTO": "BALLENA - BARRANCABERMEJA", "TRAMO": "Casacara - Curumani", "DISTRITO": "6", "PK_PAT": "305+100", "TP_EVENTO": "SOCAVACIÓN DE FONDO", "PRIORIDAD": " ", "AMENAZA": "( )", "FX2": " ", "LATITUD": 9.30256, "LONGITUD": -73.5293 }, "geometry": { "type": "Point", "coordinates": [ -73.5293, 9.30256, 0.0 ] } },
{ "type": "Feature", "properties": { "DEPTO": "CESAR", "MUNICIPIO": "CURUMANÍ", "VEREDA": "SAN ROQUE", "GASODUCTO": "BALLENA - BARRANCABERMEJA", "TRAMO": "San Roque", "DISTRITO": "6", "PK_PAT": "1+020", "TP_EVENTO": "OTRO", "PRIORIDAD": " ", "AMENAZA": "( )", "FX2": " ", "LATITUD": 9.294833, "LONGITUD": -73.523401 }, "geometry": { "type": "Point", "coordinates": [ -73.523401, 9.294833, 0.0 ] } },
{ "type": "Feature", "properties": { "DEPTO": "CALDAS", "MUNICIPIO": "MANIZALES", "VEREDA": "LA ENEA PARTE", "GASODUCTO": "MARIQUITA - CALI", "TRAMO": "Letras - Marsella", "DISTRITO": "7", "PK_PAT": "078+900", "TP_EVENTO": "OTRO", "PRIORIDAD": " ", "AMENAZA": "( )", "FX2": " ", "LATITUD": 5.0349450000000502, "LONGITUD": -75.42502 }, "geometry": { "type": "Point", "coordinates": [ -75.42502, 5.034945, 0.0 ] } },
{ "type": "Feature", "properties": { "DEPTO": "TOLIMA", "MUNICIPIO": "AMBALEMA", "VEREDA": "TAJO MEDIO", "GASODUCTO": "CENTRO - ORIENTE", "TRAMO": "Ambalema", "DISTRITO": "2", "PK_PAT": "013+270", "TP_EVENTO": "OTRO", "PRIORIDAD": " ", "AMENAZA": "( )", "FX2": " ", "LATITUD": 4.794755000000066, "LONGITUD": -74.81911 }, "geometry": { "type": "Point", "coordinates": [ -74.81911, 4.794755, 0.0 ] } },
{ "type": "Feature", "properties": { "DEPTO": "TOLIMA", "MUNICIPIO": "AMBALEMA", "VEREDA": "TAJO MEDIO", "GASODUCTO": "CENTRO - ORIENTE", "TRAMO": "Ambalema", "DISTRITO": "2", "PK_PAT": "015+705", "TP_EVENTO": "OTRO", "PRIORIDAD": " ", "AMENAZA": "( )", "FX2": " ", "LATITUD": 4.780315, "LONGITUD": -74.804485 }, "geometry": { "type": "Point", "coordinates": [ -74.804485, 4.780315, 0.0 ] } },
{ "type": "Feature", "properties": { "DEPTO": "TOLIMA", "MUNICIPIO": "FRESNO", "VEREDA": "CERRO AZUL", "GASODUCTO": "MARIQUITA - CALI", "TRAMO": "Fresno", "DISTRITO": "7", "PK_PAT": "001+790", "TP_EVENTO": "OTRO", "PRIORIDAD": " ", "AMENAZA": "( )", "FX2": " ", "LATITUD": 5.1808316, "LONGITUD": -75.0343166 }, "geometry": { "type": "Point", "coordinates": [ -75.034316599999954, 5.180831600000033, 0.0 ] } },
{ "type": "Feature", "properties": { "DEPTO": "CESAR", "MUNICIPIO": "BECERRIL", "VEREDA": "EL HATILLO", "GASODUCTO": "BALLENA - BARRANCABERMEJA", "TRAMO": "Becerril", "DISTRITO": "6", "PK_PAT": "002+545", "TP_EVENTO": "SURCOS", "PRIORIDAD": " ", "AMENAZA": "( )", "FX2": " ", "LATITUD": 9.7673100000000659, "LONGITUD": -73.344152 }, "geometry": { "type": "Point", "coordinates": [ -73.344152, 9.76731, 0.0 ] } },
{ "type": "Feature", "properties": { "DEPTO": "CESAR", "MUNICIPIO": "LA JAGUA DE IBIRICO", "VEREDA": "BOQUERON", "GASODUCTO": "BALLENA - BARRANCABERMEJA", "TRAMO": "La Jagua de Ibirico", "DISTRITO": "6", "PK_PAT": "000+058", "TP_EVENTO": "SURCOS", "PRIORIDAD": " ", "AMENAZA": "( )", "FX2": " ", "LATITUD": 9.6253413000001, "LONGITUD": -73.41275 }, "geometry": { "type": "Point", "coordinates": [ -73.41275, 9.625341300000059, 0.0 ] } },
{ "type": "Feature", "properties": { "DEPTO": "CESAR", "MUNICIPIO": "CHIMICHAGUA", "VEREDA": "SABANA DE LOS ENTIERROS", "GASODUCTO": "BALLENA - BARRANCABERMEJA", "TRAMO": "Curumani - Norean", "DISTRITO": "6", "PK_PAT": "338+780", "TP_EVENTO": "OTRO", "PRIORIDAD": " ", "AMENAZA": "( )", "FX2": " ", "LATITUD": 9.063, "LONGITUD": -73.657652 }, "geometry": { "type": "Point", "coordinates": [ -73.657652, 9.063, 0.0 ] } },
{ "type": "Feature", "properties": { "DEPTO": "SANTANDER", "MUNICIPIO": "CIMITARRA", "VEREDA": "PUERTO OLAYA", "GASODUCTO": "CENTRO - ORIENTE", "TRAMO": "Sebastopol - Vasconia", "DISTRITO": "1", "PK_PAT": "114+960", "TP_EVENTO": "SURCOS", "PRIORIDAD": " ", "AMENAZA": "( )", "FX2": " ", "LATITUD": 6.4415970000000584, "LONGITUD": -74.374087 }, "geometry": { "type": "Point", "coordinates": [ -74.374087, 6.441597, 0.0 ] } },
{ "type": "Feature", "properties": { "DEPTO": "SANTANDER", "MUNICIPIO": "CIMITARRA", "VEREDA": "TIERRADENTRO", "GASODUCTO": "CENTRO - ORIENTE", "TRAMO": "Sebastopol - Vasconia", "DISTRITO": "1", "PK_PAT": "129+463", "TP_EVENTO": "SURCOS", "PRIORIDAD": " ", "AMENAZA": "( )", "FX2": " ", "LATITUD": 6.3621000000000549, "LONGITUD": -74.42613 }, "geometry": { "type": "Point", "coordinates": [ -74.42613, 6.3621, 0.0 ] } },
{ "type": "Feature", "properties": { "DEPTO": "SANTANDER", "MUNICIPIO": "SAN VICENTE DE CHUCURÍ", "VEREDA": "GUADUAL", "GASODUCTO": "SUR DE BOLIVAR", "TRAMO": "Playa Roja - San Vicente", "DISTRITO": "1", "PK_PAT": "012+928", "TP_EVENTO": "OTRO", "PRIORIDAD": " ", "AMENAZA": "( )", "FX2": " ", "LATITUD": 6.878400000000056, "LONGITUD": -73.49799 }, "geometry": { "type": "Point", "coordinates": [ -73.49799, 6.8784, 0.0 ] } },
{ "type": "Feature", "properties": { "DEPTO": "CALDAS", "MUNICIPIO": "VILLAMARÍA", "VEREDA": "ALTO CASTILLO", "GASODUCTO": "MARIQUITA - CALI", "TRAMO": "Letras - Marsella", "DISTRITO": "7", "PK_PAT": "091+000", "TP_EVENTO": "DESLIZAMIENTO TRASLACIONAL", "PRIORIDAD": " ", "AMENAZA": "( )", "FX2": " ", "LATITUD": 5.00352, "LONGITUD": -75.50568 }, "geometry": { "type": "Point", "coordinates": [ -75.50568, 5.00352, 0.0 ] } },
{ "type": "Feature", "properties": { "DEPTO": "CESAR", "MUNICIPIO": "LA GLORIA", "VEREDA": "TORCOROMA", "GASODUCTO": "BALLENA - BARRANCABERMEJA", "TRAMO": "Curumani - Norean", "DISTRITO": "6", "PK_PAT": "394+679", "TP_EVENTO": "OTRO", "PRIORIDAD": " ", "AMENAZA": "( )", "FX2": " ", "LATITUD": 8.5690000000000737, "LONGITUD": -73.684 }, "geometry": { "type": "Point", "coordinates": [ -73.684, 8.569, 0.0 ] } },
{ "type": "Feature", "properties": { "DEPTO": "CUNDINAMARCA", "MUNICIPIO": "VILLA DE SAN DIEGO DE UBATÉ", "VEREDA": "TAUSAVITA", "GASODUCTO": "CENTRO - ORIENTE", "TRAMO": "Sutatausa", "DISTRITO": " ", "PK_PAT": "4+655", "TP_EVENTO": "SOCAVACIÓN DE FONDO", "PRIORIDAD": " ", "AMENAZA": "( )", "FX2": " ", "LATITUD": 5.272715000000062, "LONGITUD": -73.823705 }, "geometry": { "type": "Point", "coordinates": [ -73.823705, 5.272715, 0.0 ] } },
{ "type": "Feature", "properties": { "DEPTO": "SANTANDER", "MUNICIPIO": "LA BELLEZA", "VEREDA": "LA PLAYA", "GASODUCTO": "CENTRO - ORIENTE", "TRAMO": "La Belleza - Vasconia", "DISTRITO": " ", "PK_PAT": "226+890", "TP_EVENTO": "( )", "PRIORIDAD": " ", "AMENAZA": "( )", "FX2": " ", "LATITUD": 5.8403572, "LONGITUD": -73.9981235 }, "geometry": { "type": "Point", "coordinates": [ -73.998123499999963, 5.840357200000028, 0.0 ] } },
{ "type": "Feature", "properties": { "DEPTO": "SANTANDER", "MUNICIPIO": "SIMACOTA", "VEREDA": "PULPAPEL", "GASODUCTO": "CENTRO - ORIENTE", "TRAMO": "Barrancabermeja - Sebastopol", "DISTRITO": " ", "PK_PAT": "045+800", "TP_EVENTO": "( )", "PRIORIDAD": " ", "AMENAZA": "( )", "FX2": " ", "LATITUD": 6.7742030000000568, "LONGITUD": -73.926721 }, "geometry": { "type": "Point", "coordinates": [ -73.926721, 6.774203, 0.0 ] } },
{ "type": "Feature", "properties": { "DEPTO": "SANTANDER", "MUNICIPIO": "FLORIÁN", "VEREDA": "LA VUELTIADA", "GASODUCTO": "CENTRO - ORIENTE", "TRAMO": "La Belleza - PK7+200", "DISTRITO": " ", "PK_PAT": "003+940", "TP_EVENTO": "( )", "PRIORIDAD": " ", "AMENAZA": "( )", "FX2": " ", "LATITUD": 5.807638000000054, "LONGITUD": -73.984183 }, "geometry": { "type": "Point", "coordinates": [ -73.984183, 5.807638, 0.0 ] } },
{ "type": "Feature", "properties": { "DEPTO": "SANTANDER", "MUNICIPIO": "FLORIÁN", "VEREDA": "LA VUELTIADA", "GASODUCTO": "CENTRO - ORIENTE", "TRAMO": "La Belleza - PK7+200", "DISTRITO": " ", "PK_PAT": "004+355", "TP_EVENTO": "( )", "PRIORIDAD": " ", "AMENAZA": "( )", "FX2": " ", "LATITUD": 5.804225, "LONGITUD": -73.98284 }, "geometry": { "type": "Point", "coordinates": [ -73.98284, 5.804225, 0.0 ] } },
{ "type": "Feature", "properties": { "DEPTO": "SANTANDER", "MUNICIPIO": "FLORIÁN", "VEREDA": "LA VUELTIADA", "GASODUCTO": "CENTRO - ORIENTE", "TRAMO": "La Belleza - PK7+200", "DISTRITO": " ", "PK_PAT": "004+930", "TP_EVENTO": "( )", "PRIORIDAD": " ", "AMENAZA": "( )", "FX2": " ", "LATITUD": 5.799440000000061, "LONGITUD": -73.983098 }, "geometry": { "type": "Point", "coordinates": [ -73.983098, 5.79944, 0.0 ] } },
{ "type": "Feature", "properties": { "DEPTO": "HUILA", "MUNICIPIO": "NEIVA", "VEREDA": "VENADITO", "GASODUCTO": "CENTRO - ORIENTE", "TRAMO": "Tello - Los Pinos", "DISTRITO": " ", "PK_PAT": "015+956", "TP_EVENTO": "( )", "PRIORIDAD": " ", "AMENAZA": "( )", "FX2": " ", "LATITUD": 2.965137, "LONGITUD": -75.254108 }, "geometry": { "type": "Point", "coordinates": [ -75.254108, 2.965137, 0.0 ] } }
]
}
